<?xml version='1.0' encoding='UTF-8' standalone='yes' ?>
<gpx version="1.1" creator="OsmAnd" xmlns="http://www.topografix.com/GPX/1/1" xmlns:xsi="http://www.w3.org/2001/XMLSchema-instance" xsi:schemaLocation="http://www.topografix.com/GPX/1/1 http://www.topografix.com/GPX/1/1/gpx.xsd">
  <metadata>
    <name>2019-02-25_11-51_Mon</name>
  </metadata>
  <trk>
    <trkseg>
      <trkpt lat="41.5917365" lon="1.8323172">
        <ele>825</ele>
        <time>2019-02-25T10:51:02Z</time>
        <hdop>54.612</hdop>
      </trkpt>
      <trkpt lat="41.5917365" lon="1.8323172">
        <ele>825</ele>
        <time>2019-02-25T10:51:08Z</time>
        <hdop>51.578</hdop>
      </trkpt>
      <trkpt lat="41.591732" lon="1.8323159">
        <ele>827</ele>
        <time>2019-02-25T10:51:13Z</time>
        <hdop>33.374</hdop>
        <extensions>
          <speed>0.46</speed>
        </extensions>
      </trkpt>
      <trkpt lat="41.59166" lon="1.83231">
        <ele>832</ele>
        <time>2019-02-25T10:51:19Z</time>
        <hdop>19.721</hdop>
        <extensions>
          <speed>1.18</speed>
        </extensions>
      </trkpt>
      <trkpt lat="41.5915946" lon="1.8322942">
        <ele>837</ele>
        <time>2019-02-25T10:51:25Z</time>
        <hdop>18.204</hdop>
        <extensions>
          <speed>0.6</speed>
        </extensions>
      </trkpt>
      <trkpt lat="41.5915517" lon="1.8323077">
        <ele>838</ele>
        <time>2019-02-25T10:51:31Z</time>
        <hdop>16.687</hdop>
        <extensions>
          <speed>1.12</speed>
        </extensions>
      </trkpt>
      <trkpt lat="41.5915539" lon="1.8322591">
        <ele>840</ele>
        <time>2019-02-25T10:51:37Z</time>
        <hdop>18.204</hdop>
        <extensions>
          <speed>1.1</speed>
        </extensions>
      </trkpt>
      <trkpt lat="41.5915762" lon="1.8322214">
        <ele>842</ele>
        <time>2019-02-25T10:51:43Z</time>
        <hdop>31.857</hdop>
        <extensions>
          <speed>1.6</speed>
        </extensions>
      </trkpt>
      <trkpt lat="41.5915687" lon="1.8322512">
        <ele>843</ele>
        <time>2019-02-25T10:51:48Z</time>
        <hdop>28.823</hdop>
      </trkpt>
      <trkpt lat="41.5915277" lon="1.8322315">
        <ele>845</ele>
        <time>2019-02-25T10:51:54Z</time>
        <hdop>27.306</hdop>
        <extensions>
          <speed>1.41</speed>
        </extensions>
      </trkpt>
      <trkpt lat="41.5914523" lon="1.8321944">
        <ele>845</ele>
        <time>2019-02-25T10:51:59Z</time>
        <hdop>24.272</hdop>
        <extensions>
          <speed>1.31</speed>
        </extensions>
      </trkpt>
      <trkpt lat="41.5913111" lon="1.8321766">
        <ele>843</ele>
        <time>2019-02-25T10:52:05Z</time>
        <hdop>25.789</hdop>
        <extensions>
          <speed>1.92</speed>
        </extensions>
      </trkpt>
      <trkpt lat="41.5912228" lon="1.8321648">
        <ele>847</ele>
        <time>2019-02-25T10:52:10Z</time>
        <hdop>25.789</hdop>
        <extensions>
          <speed>0.51</speed>
        </extensions>
      </trkpt>
      <trkpt lat="41.5912756" lon="1.8321706">
        <ele>850</ele>
        <time>2019-02-25T10:52:16Z</time>
        <hdop>19.721</hdop>
      </trkpt>
      <trkpt lat="41.5913002" lon="1.8321685">
        <ele>851</ele>
        <time>2019-02-25T10:52:21Z</time>
        <hdop>19.721</hdop>
      </trkpt>
      <trkpt lat="41.5912759" lon="1.8321264">
        <ele>854</ele>
        <time>2019-02-25T10:52:26Z</time>
        <hdop>34.891</hdop>
      </trkpt>
      <trkpt lat="41.591187" lon="1.8320918">
        <ele>858</ele>
        <time>2019-02-25T10:52:32Z</time>
        <hdop>33.374</hdop>
        <extensions>
          <speed>2.38</speed>
        </extensions>
      </trkpt>
      <trkpt lat="41.5910621" lon="1.8320222">
        <ele>863</ele>
        <time>2019-02-25T10:52:37Z</time>
        <hdop>45.51</hdop>
      </trkpt>
      <trkpt lat="41.5910228" lon="1.8320298">
        <ele>866</ele>
        <time>2019-02-25T10:52:42Z</time>
        <hdop>57.646</hdop>
      </trkpt>
      <trkpt lat="41.5910282" lon="1.8320308">
        <ele>867</ele>
        <time>2019-02-25T10:52:48Z</time>
        <hdop>69.782</hdop>
      </trkpt>
      <trkpt lat="41.5910199" lon="1.8320359">
        <ele>866</ele>
        <time>2019-02-25T10:52:53Z</time>
        <hdop>36.408</hdop>
        <extensions>
          <speed>0.8</speed>
        </extensions>
      </trkpt>
      <trkpt lat="41.5910868" lon="1.8321118">
        <ele>872</ele>
        <time>2019-02-25T10:52:59Z</time>
        <hdop>19.721</hdop>
        <extensions>
          <speed>1.59</speed>
        </extensions>
      </trkpt>
      <trkpt lat="41.5910992" lon="1.8321565">
        <ele>875</ele>
        <time>2019-02-25T10:53:05Z</time>
        <hdop>16.687</hdop>
        <extensions>
          <speed>0.34</speed>
        </extensions>
      </trkpt>
      <trkpt lat="41.5911294" lon="1.8321852">
        <ele>877</ele>
        <time>2019-02-25T10:53:11Z</time>
        <hdop>16.687</hdop>
        <extensions>
          <speed>0.32</speed>
        </extensions>
      </trkpt>
      <trkpt lat="41.5911616" lon="1.8321872">
        <ele>878</ele>
        <time>2019-02-25T10:53:17Z</time>
        <hdop>19.721</hdop>
      </trkpt>
      <trkpt lat="41.5911493" lon="1.8321963">
        <ele>881</ele>
        <time>2019-02-25T10:53:23Z</time>
        <hdop>19.721</hdop>
        <extensions>
          <speed>0.36</speed>
        </extensions>
      </trkpt>
      <trkpt lat="41.5911348" lon="1.8322085">
        <ele>881</ele>
        <time>2019-02-25T10:53:29Z</time>
        <hdop>37.925</hdop>
      </trkpt>
      <trkpt lat="41.5911154" lon="1.8322808">
        <ele>882</ele>
        <time>2019-02-25T10:53:34Z</time>
        <hdop>39.442</hdop>
        <extensions>
          <speed>2.07</speed>
        </extensions>
      </trkpt>
      <trkpt lat="41.5911504" lon="1.8323398">
        <ele>887</ele>
        <time>2019-02-25T10:53:39Z</time>
        <hdop>27.306</hdop>
        <extensions>
          <speed>0.41</speed>
        </extensions>
      </trkpt>
      <trkpt lat="41.5911795" lon="1.8323986">
        <ele>888</ele>
        <time>2019-02-25T10:53:45Z</time>
        <hdop>18.204</hdop>
        <extensions>
          <speed>1.33</speed>
        </extensions>
      </trkpt>
      <trkpt lat="41.591289" lon="1.8323321">
        <ele>880</ele>
        <time>2019-02-25T10:53:50Z</time>
        <hdop>18.204</hdop>
        <extensions>
          <speed>0.61</speed>
        </extensions>
      </trkpt>
      <trkpt lat="41.5913931" lon="1.8321873">
        <ele>877</ele>
        <time>2019-02-25T10:53:56Z</time>
        <hdop>16.687</hdop>
        <extensions>
          <speed>0.98</speed>
        </extensions>
      </trkpt>
      <trkpt lat="41.591427" lon="1.8321692">
        <ele>877</ele>
        <time>2019-02-25T10:54:01Z</time>
        <hdop>18.204</hdop>
        <extensions>
          <speed>0.56</speed>
        </extensions>
      </trkpt>
      <trkpt lat="41.5914378" lon="1.8321589">
        <ele>877</ele>
        <time>2019-02-25T10:54:06Z</time>
        <hdop>21.238</hdop>
      </trkpt>
      <trkpt lat="41.5914439" lon="1.8321592">
        <ele>878</ele>
        <time>2019-02-25T10:54:12Z</time>
        <hdop>22.755</hdop>
      </trkpt>
      <trkpt lat="41.5914465" lon="1.8321593">
        <ele>878</ele>
        <time>2019-02-25T10:54:18Z</time>
        <hdop>51.578</hdop>
      </trkpt>
      <trkpt lat="41.5914761" lon="1.832135">
        <ele>880</ele>
        <time>2019-02-25T10:54:23Z</time>
        <hdop>30.34</hdop>
        <extensions>
          <speed>1.03</speed>
        </extensions>
      </trkpt>
      <trkpt lat="41.5915218" lon="1.8320793">
        <ele>880</ele>
        <time>2019-02-25T10:54:28Z</time>
        <hdop>36.408</hdop>
        <extensions>
          <speed>0.71</speed>
        </extensions>
      </trkpt>
      <trkpt lat="41.5914406" lon="1.8319278">
        <ele>879</ele>
        <time>2019-02-25T10:54:38Z</time>
        <hdop>54.612</hdop>
        <extensions>
          <speed>1.06</speed>
        </extensions>
      </trkpt>
      <trkpt lat="41.5914764" lon="1.8319198">
        <ele>880</ele>
        <time>2019-02-25T10:54:44Z</time>
        <hdop>25.789</hdop>
        <extensions>
          <speed>0.77</speed>
        </extensions>
      </trkpt>
      <trkpt lat="41.5914785" lon="1.8319301">
        <ele>880</ele>
        <time>2019-02-25T10:54:50Z</time>
        <hdop>21.238</hdop>
      </trkpt>
      <trkpt lat="41.5914883" lon="1.8319181">
        <ele>880</ele>
        <time>2019-02-25T10:54:55Z</time>
        <hdop>18.204</hdop>
      </trkpt>
      <trkpt lat="41.5914878" lon="1.8319066">
        <ele>879</ele>
        <time>2019-02-25T10:55:00Z</time>
        <hdop>18.204</hdop>
      </trkpt>
      <trkpt lat="41.5914455" lon="1.8318552">
        <ele>883</ele>
        <time>2019-02-25T10:55:05Z</time>
        <hdop>18.204</hdop>
        <extensions>
          <speed>1.18</speed>
        </extensions>
      </trkpt>
      <trkpt lat="41.5914448" lon="1.8317823">
        <ele>883</ele>
        <time>2019-02-25T10:55:11Z</time>
        <hdop>19.721</hdop>
        <extensions>
          <speed>0.97</speed>
        </extensions>
      </trkpt>
      <trkpt lat="41.5914044" lon="1.8317123">
        <ele>882</ele>
        <time>2019-02-25T10:55:16Z</time>
        <hdop>24.272</hdop>
        <extensions>
          <speed>0.99</speed>
        </extensions>
      </trkpt>
      <trkpt lat="41.5914094" lon="1.8316768">
        <ele>883</ele>
        <time>2019-02-25T10:55:22Z</time>
        <hdop>22.755</hdop>
        <extensions>
          <speed>0.95</speed>
        </extensions>
      </trkpt>
      <trkpt lat="41.5914118" lon="1.8316183">
        <ele>883</ele>
        <time>2019-02-25T10:55:28Z</time>
        <hdop>31.857</hdop>
        <extensions>
          <speed>1.03</speed>
        </extensions>
      </trkpt>
      <trkpt lat="41.5913718" lon="1.8316234">
        <ele>882</ele>
        <time>2019-02-25T10:55:34Z</time>
        <hdop>25.789</hdop>
        <extensions>
          <speed>0.59</speed>
        </extensions>
      </trkpt>
      <trkpt lat="41.5913814" lon="1.8316158">
        <ele>882</ele>
        <time>2019-02-25T10:55:39Z</time>
        <hdop>36.408</hdop>
        <extensions>
          <speed>0.41</speed>
        </extensions>
      </trkpt>
      <trkpt lat="41.5913286" lon="1.8316206">
        <ele>887</ele>
        <time>2019-02-25T10:55:45Z</time>
        <hdop>45.51</hdop>
      </trkpt>
      <trkpt lat="41.5913496" lon="1.8315989">
        <ele>884</ele>
        <time>2019-02-25T10:55:50Z</time>
        <hdop>57.646</hdop>
      </trkpt>
      <trkpt lat="41.5913627" lon="1.8315884">
        <ele>884</ele>
        <time>2019-02-25T10:55:56Z</time>
        <hdop>56.129</hdop>
      </trkpt>
      <trkpt lat="41.5913635" lon="1.8315888">
        <ele>884</ele>
        <time>2019-02-25T10:56:09Z</time>
        <hdop>74.333</hdop>
      </trkpt>
      <trkpt lat="41.5914342" lon="1.8315709">
        <ele>892</ele>
        <time>2019-02-25T10:56:24Z</time>
        <hdop>28.823</hdop>
      </trkpt>
      <trkpt lat="41.5914811" lon="1.8316007">
        <ele>896</ele>
        <time>2019-02-25T10:56:30Z</time>
        <hdop>27.306</hdop>
      </trkpt>
      <trkpt lat="41.591483" lon="1.8316006">
        <ele>897</ele>
        <time>2019-02-25T10:56:35Z</time>
        <hdop>66.748</hdop>
      </trkpt>
      <trkpt lat="41.5914841" lon="1.8316009">
        <ele>897</ele>
        <time>2019-02-25T10:56:41Z</time>
        <hdop>71.299</hdop>
      </trkpt>
      <trkpt lat="41.5914781" lon="1.8316001">
        <ele>896</ele>
        <time>2019-02-25T10:56:46Z</time>
        <hdop>39.442</hdop>
      </trkpt>
      <trkpt lat="41.5914772" lon="1.8316001">
        <ele>896</ele>
        <time>2019-02-25T10:56:52Z</time>
        <hdop>60.68</hdop>
      </trkpt>
      <trkpt lat="41.5914763" lon="1.8316001">
        <ele>896</ele>
        <time>2019-02-25T10:56:58Z</time>
        <hdop>62.197</hdop>
      </trkpt>
      <trkpt lat="41.5914889" lon="1.8315968">
        <ele>897</ele>
        <time>2019-02-25T10:57:04Z</time>
        <hdop>60.68</hdop>
        <extensions>
          <speed>0.48</speed>
        </extensions>
      </trkpt>
      <trkpt lat="41.5915082" lon="1.8316055">
        <ele>897</ele>
        <time>2019-02-25T10:57:10Z</time>
        <hdop>59.163</hdop>
      </trkpt>
      <trkpt lat="41.5915048" lon="1.8316001">
        <ele>897</ele>
        <time>2019-02-25T10:57:15Z</time>
        <hdop>36.408</hdop>
      </trkpt>
      <trkpt lat="41.591465" lon="1.8315928">
        <ele>897</ele>
        <time>2019-02-25T10:57:21Z</time>
        <hdop>34.891</hdop>
        <extensions>
          <speed>0.39</speed>
        </extensions>
      </trkpt>
      <trkpt lat="41.5914842" lon="1.8316126">
        <ele>895</ele>
        <time>2019-02-25T10:57:27Z</time>
        <hdop>19.721</hdop>
      </trkpt>
      <trkpt lat="41.5914982" lon="1.8316236">
        <ele>895</ele>
        <time>2019-02-25T10:57:33Z</time>
        <hdop>21.238</hdop>
        <extensions>
          <speed>0.71</speed>
        </extensions>
      </trkpt>
      <trkpt lat="41.5915141" lon="1.8316184">
        <ele>897</ele>
        <time>2019-02-25T10:57:38Z</time>
        <hdop>19.721</hdop>
        <extensions>
          <speed>0.2</speed>
        </extensions>
      </trkpt>
      <trkpt lat="41.5915788" lon="1.8316284">
        <ele>904</ele>
        <time>2019-02-25T10:57:44Z</time>
        <hdop>18.204</hdop>
      </trkpt>
      <trkpt lat="41.5915493" lon="1.8316309">
        <ele>902</ele>
        <time>2019-02-25T10:57:50Z</time>
        <hdop>16.687</hdop>
      </trkpt>
      <trkpt lat="41.5915058" lon="1.8316202">
        <ele>900</ele>
        <time>2019-02-25T10:57:56Z</time>
        <hdop>18.204</hdop>
        <extensions>
          <speed>0.83</speed>
        </extensions>
      </trkpt>
      <trkpt lat="41.5914577" lon="1.8315891">
        <ele>900</ele>
        <time>2019-02-25T10:58:02Z</time>
        <hdop>22.755</hdop>
        <extensions>
          <speed>0.42</speed>
        </extensions>
      </trkpt>
      <trkpt lat="41.5915009" lon="1.8315736">
        <ele>901</ele>
        <time>2019-02-25T10:58:07Z</time>
        <hdop>28.823</hdop>
        <extensions>
          <speed>0.59</speed>
        </extensions>
      </trkpt>
      <trkpt lat="41.5915318" lon="1.8315582">
        <ele>902</ele>
        <time>2019-02-25T10:58:13Z</time>
        <hdop>50.061</hdop>
        <extensions>
          <speed>0.62</speed>
        </extensions>
      </trkpt>
      <trkpt lat="41.5913154" lon="1.8315766">
        <ele>896</ele>
        <time>2019-02-25T10:58:19Z</time>
        <hdop>37.925</hdop>
        <extensions>
          <speed>1.22</speed>
        </extensions>
      </trkpt>
      <trkpt lat="41.5912818" lon="1.8315284">
        <ele>895</ele>
        <time>2019-02-25T10:58:25Z</time>
        <hdop>19.721</hdop>
      </trkpt>
      <trkpt lat="41.5912572" lon="1.8314431">
        <ele>897</ele>
        <time>2019-02-25T10:58:31Z</time>
        <hdop>18.204</hdop>
      </trkpt>
      <trkpt lat="41.591226" lon="1.8314445">
        <ele>896</ele>
        <time>2019-02-25T10:58:36Z</time>
        <hdop>19.721</hdop>
        <extensions>
          <speed>0.19</speed>
        </extensions>
      </trkpt>
      <trkpt lat="41.5912182" lon="1.8314778">
        <ele>899</ele>
        <time>2019-02-25T10:58:42Z</time>
        <hdop>19.721</hdop>
      </trkpt>
      <trkpt lat="41.5912204" lon="1.8314746">
        <ele>903</ele>
        <time>2019-02-25T10:58:47Z</time>
        <hdop>18.204</hdop>
      </trkpt>
      <trkpt lat="41.5912186" lon="1.831467">
        <ele>904</ele>
        <time>2019-02-25T10:58:52Z</time>
        <hdop>16.687</hdop>
        <extensions>
          <speed>0.37</speed>
        </extensions>
      </trkpt>
      <trkpt lat="41.5912121" lon="1.8314949">
        <ele>900</ele>
        <time>2019-02-25T10:58:57Z</time>
        <hdop>15.17</hdop>
      </trkpt>
      <trkpt lat="41.5911947" lon="1.8314846">
        <ele>905</ele>
        <time>2019-02-25T10:59:02Z</time>
        <hdop>21.238</hdop>
      </trkpt>
      <trkpt lat="41.5911883" lon="1.8314836">
        <ele>906</ele>
        <time>2019-02-25T10:59:08Z</time>
        <hdop>19.721</hdop>
      </trkpt>
      <trkpt lat="41.5911891" lon="1.8314927">
        <ele>906</ele>
        <time>2019-02-25T10:59:14Z</time>
        <hdop>16.687</hdop>
        <extensions>
          <speed>0.43</speed>
        </extensions>
      </trkpt>
      <trkpt lat="41.591207" lon="1.8314779">
        <ele>903</ele>
        <time>2019-02-25T10:59:20Z</time>
        <hdop>16.687</hdop>
      </trkpt>
      <trkpt lat="41.5911674" lon="1.8315203">
        <ele>906</ele>
        <time>2019-02-25T10:59:25Z</time>
        <hdop>15.17</hdop>
        <extensions>
          <speed>1.58</speed>
        </extensions>
      </trkpt>
      <trkpt lat="41.5911483" lon="1.8315503">
        <ele>904</ele>
        <time>2019-02-25T10:59:31Z</time>
        <hdop>15.17</hdop>
        <extensions>
          <speed>0.31</speed>
        </extensions>
      </trkpt>
      <trkpt lat="41.5911478" lon="1.8315524">
        <ele>905</ele>
        <time>2019-02-25T10:59:37Z</time>
        <hdop>13.653</hdop>
        <extensions>
          <speed>0.34</speed>
        </extensions>
      </trkpt>
      <trkpt lat="41.5911497" lon="1.8315696">
        <ele>905</ele>
        <time>2019-02-25T10:59:42Z</time>
        <hdop>18.204</hdop>
        <extensions>
          <speed>0.98</speed>
        </extensions>
      </trkpt>
      <trkpt lat="41.5911463" lon="1.8315635">
        <ele>905</ele>
        <time>2019-02-25T10:59:48Z</time>
        <hdop>7.585</hdop>
      </trkpt>
      <trkpt lat="41.5911615" lon="1.8315324">
        <ele>905</ele>
        <time>2019-02-25T10:59:54Z</time>
        <hdop>7.585</hdop>
      </trkpt>
      <trkpt lat="41.591163" lon="1.8315209">
        <ele>907</ele>
        <time>2019-02-25T11:00:00Z</time>
        <hdop>7.585</hdop>
      </trkpt>
      <trkpt lat="41.5911623" lon="1.8315208">
        <ele>907</ele>
        <time>2019-02-25T11:00:06Z</time>
        <hdop>10.619</hdop>
      </trkpt>
      <trkpt lat="41.5911705" lon="1.8315404">
        <ele>905</ele>
        <time>2019-02-25T11:00:12Z</time>
        <hdop>6.068</hdop>
        <extensions>
          <speed>0.23</speed>
        </extensions>
      </trkpt>
      <trkpt lat="41.5911509" lon="1.8315533">
        <ele>905</ele>
        <time>2019-02-25T11:00:18Z</time>
        <hdop>7.585</hdop>
      </trkpt>
      <trkpt lat="41.5911461" lon="1.8315513">
        <ele>905</ele>
        <time>2019-02-25T11:00:24Z</time>
        <hdop>6.068</hdop>
      </trkpt>
      <trkpt lat="41.5911412" lon="1.8315499">
        <ele>903</ele>
        <time>2019-02-25T11:00:29Z</time>
        <hdop>4.551</hdop>
      </trkpt>
      <trkpt lat="41.591148" lon="1.8315386">
        <ele>901</ele>
        <time>2019-02-25T11:00:34Z</time>
        <hdop>6.068</hdop>
        <extensions>
          <speed>0.35</speed>
        </extensions>
      </trkpt>
      <trkpt lat="41.5911646" lon="1.8315599">
        <ele>901</ele>
        <time>2019-02-25T11:00:39Z</time>
        <hdop>7.585</hdop>
      </trkpt>
      <trkpt lat="41.5911764" lon="1.8315682">
        <ele>901</ele>
        <time>2019-02-25T11:00:45Z</time>
        <hdop>9.102</hdop>
      </trkpt>
      <trkpt lat="41.5911799" lon="1.8315556">
        <ele>899</ele>
        <time>2019-02-25T11:00:51Z</time>
        <hdop>9.102</hdop>
      </trkpt>
      <trkpt lat="41.5911852" lon="1.8315576">
        <ele>898</ele>
        <time>2019-02-25T11:00:56Z</time>
        <hdop>7.585</hdop>
        <extensions>
          <speed>0.35</speed>
        </extensions>
      </trkpt>
      <trkpt lat="41.5911834" lon="1.831552">
        <ele>899</ele>
        <time>2019-02-25T11:01:02Z</time>
        <hdop>6.068</hdop>
      </trkpt>
      <trkpt lat="41.5912005" lon="1.831535">
        <ele>900</ele>
        <time>2019-02-25T11:01:08Z</time>
        <hdop>6.068</hdop>
        <extensions>
          <speed>0.18</speed>
        </extensions>
      </trkpt>
      <trkpt lat="41.591192" lon="1.8315423">
        <ele>901</ele>
        <time>2019-02-25T11:01:14Z</time>
        <hdop>9.102</hdop>
        <extensions>
          <speed>0.64</speed>
        </extensions>
      </trkpt>
      <trkpt lat="41.5912158" lon="1.8315364">
        <ele>900</ele>
        <time>2019-02-25T11:01:20Z</time>
        <hdop>12.136</hdop>
      </trkpt>
      <trkpt lat="41.5912168" lon="1.8315368">
        <ele>901</ele>
        <time>2019-02-25T11:01:25Z</time>
        <hdop>24.272</hdop>
      </trkpt>
      <trkpt lat="41.5912048" lon="1.831511">
        <ele>902</ele>
        <time>2019-02-25T11:01:30Z</time>
        <hdop>18.204</hdop>
        <extensions>
          <speed>1.03</speed>
        </extensions>
      </trkpt>
      <trkpt lat="41.5911885" lon="1.831508">
        <ele>903</ele>
        <time>2019-02-25T11:01:36Z</time>
        <hdop>16.687</hdop>
      </trkpt>
      <trkpt lat="41.5911746" lon="1.8315031">
        <ele>904</ele>
        <time>2019-02-25T11:01:42Z</time>
        <hdop>18.204</hdop>
      </trkpt>
      <trkpt lat="41.5911721" lon="1.8314841">
        <ele>906</ele>
        <time>2019-02-25T11:01:48Z</time>
        <hdop>18.204</hdop>
      </trkpt>
      <trkpt lat="41.5911716" lon="1.8314832">
        <ele>906</ele>
        <time>2019-02-25T11:01:54Z</time>
        <hdop>27.306</hdop>
      </trkpt>
      <trkpt lat="41.591171" lon="1.8314812">
        <ele>906</ele>
        <time>2019-02-25T11:01:59Z</time>
        <hdop>39.442</hdop>
      </trkpt>
      <trkpt lat="41.5911719" lon="1.8314831">
        <ele>906</ele>
        <time>2019-02-25T11:02:04Z</time>
        <hdop>28.823</hdop>
      </trkpt>
      <trkpt lat="41.5911711" lon="1.831479">
        <ele>906</ele>
        <time>2019-02-25T11:02:10Z</time>
        <hdop>13.653</hdop>
      </trkpt>
      <trkpt lat="41.5912133" lon="1.8313678">
        <ele>906</ele>
        <time>2019-02-25T11:02:16Z</time>
        <hdop>15.17</hdop>
        <extensions>
          <speed>1.05</speed>
        </extensions>
      </trkpt>
      <trkpt lat="41.5912449" lon="1.8313112">
        <ele>904</ele>
        <time>2019-02-25T11:02:22Z</time>
        <hdop>16.687</hdop>
        <extensions>
          <speed>0.83</speed>
        </extensions>
      </trkpt>
      <trkpt lat="41.5912908" lon="1.8312711">
        <ele>901</ele>
        <time>2019-02-25T11:02:28Z</time>
        <hdop>16.687</hdop>
        <extensions>
          <speed>0.64</speed>
        </extensions>
      </trkpt>
      <trkpt lat="41.5913062" lon="1.8312501">
        <ele>901</ele>
        <time>2019-02-25T11:02:33Z</time>
        <hdop>16.687</hdop>
      </trkpt>
      <trkpt lat="41.5913144" lon="1.8312027">
        <ele>899</ele>
        <time>2019-02-25T11:02:38Z</time>
        <hdop>18.204</hdop>
        <extensions>
          <speed>0.56</speed>
        </extensions>
      </trkpt>
      <trkpt lat="41.5913929" lon="1.8311177">
        <ele>903</ele>
        <time>2019-02-25T11:02:44Z</time>
        <hdop>22.755</hdop>
        <extensions>
          <speed>2.06</speed>
        </extensions>
      </trkpt>
      <trkpt lat="41.5914387" lon="1.8311096">
        <ele>903</ele>
        <time>2019-02-25T11:02:49Z</time>
        <hdop>22.755</hdop>
        <extensions>
          <speed>0.68</speed>
        </extensions>
      </trkpt>
      <trkpt lat="41.5914928" lon="1.8310947">
        <ele>900</ele>
        <time>2019-02-25T11:02:54Z</time>
        <hdop>39.442</hdop>
        <extensions>
          <speed>0.84</speed>
        </extensions>
      </trkpt>
      <trkpt lat="41.5915148" lon="1.8310508">
        <ele>904</ele>
        <time>2019-02-25T11:02:59Z</time>
        <hdop>24.272</hdop>
        <extensions>
          <speed>0.67</speed>
        </extensions>
      </trkpt>
      <trkpt lat="41.5915081" lon="1.8309795">
        <ele>909</ele>
        <time>2019-02-25T11:03:04Z</time>
        <hdop>18.204</hdop>
        <extensions>
          <speed>0.8</speed>
        </extensions>
      </trkpt>
      <trkpt lat="41.5915185" lon="1.8309188">
        <ele>906</ele>
        <time>2019-02-25T11:03:10Z</time>
        <hdop>15.17</hdop>
        <extensions>
          <speed>1.44</speed>
        </extensions>
      </trkpt>
      <trkpt lat="41.5915138" lon="1.8308537">
        <ele>903</ele>
        <time>2019-02-25T11:03:16Z</time>
        <hdop>16.687</hdop>
        <extensions>
          <speed>1.19</speed>
        </extensions>
      </trkpt>
      <trkpt lat="41.5915307" lon="1.8308633">
        <ele>903</ele>
        <time>2019-02-25T11:03:22Z</time>
        <hdop>13.653</hdop>
      </trkpt>
      <trkpt lat="41.591544" lon="1.8308697">
        <ele>907</ele>
        <time>2019-02-25T11:03:27Z</time>
        <hdop>13.653</hdop>
      </trkpt>
      <trkpt lat="41.5915467" lon="1.8308648">
        <ele>907</ele>
        <time>2019-02-25T11:03:33Z</time>
        <hdop>13.653</hdop>
        <extensions>
          <speed>0.56</speed>
        </extensions>
      </trkpt>
      <trkpt lat="41.5915645" lon="1.8308219">
        <ele>907</ele>
        <time>2019-02-25T11:03:39Z</time>
        <hdop>13.653</hdop>
        <extensions>
          <speed>0.48</speed>
        </extensions>
      </trkpt>
      <trkpt lat="41.5915782" lon="1.8307953">
        <ele>908</ele>
        <time>2019-02-25T11:03:44Z</time>
        <hdop>13.653</hdop>
        <extensions>
          <speed>0.22</speed>
        </extensions>
      </trkpt>
      <trkpt lat="41.5915926" lon="1.8308091">
        <ele>913</ele>
        <time>2019-02-25T11:03:50Z</time>
        <hdop>16.687</hdop>
        <extensions>
          <speed>0.58</speed>
        </extensions>
      </trkpt>
      <trkpt lat="41.5916123" lon="1.8308043">
        <ele>917</ele>
        <time>2019-02-25T11:03:55Z</time>
        <hdop>27.306</hdop>
        <extensions>
          <speed>1.01</speed>
        </extensions>
      </trkpt>
      <trkpt lat="41.5915892" lon="1.8309994">
        <ele>920</ele>
        <time>2019-02-25T11:04:01Z</time>
        <hdop>22.755</hdop>
        <extensions>
          <speed>1.63</speed>
        </extensions>
      </trkpt>
      <trkpt lat="41.5916402" lon="1.8309661">
        <ele>917</ele>
        <time>2019-02-25T11:04:06Z</time>
        <hdop>15.17</hdop>
      </trkpt>
      <trkpt lat="41.591658" lon="1.8309269">
        <ele>919</ele>
        <time>2019-02-25T11:04:11Z</time>
        <hdop>15.17</hdop>
        <extensions>
          <speed>0.52</speed>
        </extensions>
      </trkpt>
      <trkpt lat="41.5916769" lon="1.8308688">
        <ele>918</ele>
        <time>2019-02-25T11:04:17Z</time>
        <hdop>16.687</hdop>
        <extensions>
          <speed>0.78</speed>
        </extensions>
      </trkpt>
      <trkpt lat="41.5917239" lon="1.830817">
        <ele>920</ele>
        <time>2019-02-25T11:04:23Z</time>
        <hdop>13.653</hdop>
        <extensions>
          <speed>0.65</speed>
        </extensions>
      </trkpt>
      <trkpt lat="41.5917658" lon="1.8308109">
        <ele>915</ele>
        <time>2019-02-25T11:04:28Z</time>
        <hdop>13.653</hdop>
        <extensions>
          <speed>1.17</speed>
        </extensions>
      </trkpt>
      <trkpt lat="41.5918341" lon="1.8307825">
        <ele>913</ele>
        <time>2019-02-25T11:04:34Z</time>
        <hdop>13.653</hdop>
        <extensions>
          <speed>1.38</speed>
        </extensions>
      </trkpt>
      <trkpt lat="41.5918973" lon="1.8307508">
        <ele>911</ele>
        <time>2019-02-25T11:04:39Z</time>
        <hdop>15.17</hdop>
        <extensions>
          <speed>1.04</speed>
        </extensions>
      </trkpt>
      <trkpt lat="41.5918761" lon="1.8306685">
        <ele>914</ele>
        <time>2019-02-25T11:04:45Z</time>
        <hdop>15.17</hdop>
        <extensions>
          <speed>1.25</speed>
        </extensions>
      </trkpt>
      <trkpt lat="41.591848" lon="1.8305853">
        <ele>914</ele>
        <time>2019-02-25T11:04:51Z</time>
        <hdop>15.17</hdop>
        <extensions>
          <speed>1</speed>
        </extensions>
      </trkpt>
      <trkpt lat="41.5918621" lon="1.8305591">
        <ele>916</ele>
        <time>2019-02-25T11:04:56Z</time>
        <hdop>15.17</hdop>
        <extensions>
          <speed>0.78</speed>
        </extensions>
      </trkpt>
      <trkpt lat="41.5918868" lon="1.8305243">
        <ele>919</ele>
        <time>2019-02-25T11:05:01Z</time>
        <hdop>6.068</hdop>
        <extensions>
          <speed>0.81</speed>
        </extensions>
      </trkpt>
      <trkpt lat="41.5919218" lon="1.8304606">
        <ele>922</ele>
        <time>2019-02-25T11:05:07Z</time>
        <hdop>6.068</hdop>
        <extensions>
          <speed>0.9</speed>
        </extensions>
      </trkpt>
      <trkpt lat="41.5919247" lon="1.8304199">
        <ele>928</ele>
        <time>2019-02-25T11:05:13Z</time>
        <hdop>6.068</hdop>
        <extensions>
          <speed>0.95</speed>
        </extensions>
      </trkpt>
      <trkpt lat="41.5919006" lon="1.8303749">
        <ele>934</ele>
        <time>2019-02-25T11:05:19Z</time>
        <hdop>6.068</hdop>
        <extensions>
          <speed>0.64</speed>
        </extensions>
      </trkpt>
      <trkpt lat="41.5919139" lon="1.8303358">
        <ele>932</ele>
        <time>2019-02-25T11:05:24Z</time>
        <hdop>6.068</hdop>
        <extensions>
          <speed>0.75</speed>
        </extensions>
      </trkpt>
      <trkpt lat="41.5919428" lon="1.8303162">
        <ele>934</ele>
        <time>2019-02-25T11:05:30Z</time>
        <hdop>4.551</hdop>
        <extensions>
          <speed>0.32</speed>
        </extensions>
      </trkpt>
      <trkpt lat="41.5920105" lon="1.8303049">
        <ele>936</ele>
        <time>2019-02-25T11:05:36Z</time>
        <hdop>4.551</hdop>
        <extensions>
          <speed>1.19</speed>
        </extensions>
      </trkpt>
      <trkpt lat="41.592028" lon="1.8302908">
        <ele>934</ele>
        <time>2019-02-25T11:05:41Z</time>
        <hdop>4.551</hdop>
      </trkpt>
      <trkpt lat="41.5920324" lon="1.8302736">
        <ele>937</ele>
        <time>2019-02-25T11:05:47Z</time>
        <hdop>4.551</hdop>
        <extensions>
          <speed>0.88</speed>
        </extensions>
      </trkpt>
      <trkpt lat="41.5920718" lon="1.8302595">
        <ele>939</ele>
        <time>2019-02-25T11:05:52Z</time>
        <hdop>4.551</hdop>
        <extensions>
          <speed>0.42</speed>
        </extensions>
      </trkpt>
      <trkpt lat="41.5920633" lon="1.8302588">
        <ele>938</ele>
        <time>2019-02-25T11:05:58Z</time>
        <hdop>4.551</hdop>
        <extensions>
          <speed>0.7</speed>
        </extensions>
      </trkpt>
      <trkpt lat="41.5920455" lon="1.8302777">
        <ele>939</ele>
        <time>2019-02-25T11:06:04Z</time>
        <hdop>4.551</hdop>
        <extensions>
          <speed>0.45</speed>
        </extensions>
      </trkpt>
      <trkpt lat="41.5920483" lon="1.8302864">
        <ele>939</ele>
        <time>2019-02-25T11:06:09Z</time>
        <hdop>4.551</hdop>
        <extensions>
          <speed>0.18</speed>
        </extensions>
      </trkpt>
      <trkpt lat="41.5920503" lon="1.830286">
        <ele>940</ele>
        <time>2019-02-25T11:06:14Z</time>
        <hdop>4.551</hdop>
      </trkpt>
      <trkpt lat="41.5920512" lon="1.8302722">
        <ele>942</ele>
        <time>2019-02-25T11:06:20Z</time>
        <hdop>4.551</hdop>
        <extensions>
          <speed>0.55</speed>
        </extensions>
      </trkpt>
      <trkpt lat="41.5920656" lon="1.8302607">
        <ele>941</ele>
        <time>2019-02-25T11:06:26Z</time>
        <hdop>4.551</hdop>
        <extensions>
          <speed>0.53</speed>
        </extensions>
      </trkpt>
      <trkpt lat="41.5920994" lon="1.8302392">
        <ele>941</ele>
        <time>2019-02-25T11:06:31Z</time>
        <hdop>4.551</hdop>
        <extensions>
          <speed>0.88</speed>
        </extensions>
      </trkpt>
      <trkpt lat="41.5921276" lon="1.8301986">
        <ele>940</ele>
        <time>2019-02-25T11:06:37Z</time>
        <hdop>9.102</hdop>
        <extensions>
          <speed>1.29</speed>
        </extensions>
      </trkpt>
      <trkpt lat="41.5921595" lon="1.8301429">
        <ele>937</ele>
        <time>2019-02-25T11:06:42Z</time>
        <hdop>7.585</hdop>
        <extensions>
          <speed>1.03</speed>
        </extensions>
      </trkpt>
      <trkpt lat="41.5921829" lon="1.8300955">
        <ele>934</ele>
        <time>2019-02-25T11:06:48Z</time>
        <hdop>9.102</hdop>
      </trkpt>
      <trkpt lat="41.5921865" lon="1.8300883">
        <ele>933</ele>
        <time>2019-02-25T11:06:53Z</time>
        <hdop>7.585</hdop>
        <extensions>
          <speed>0.88</speed>
        </extensions>
      </trkpt>
      <trkpt lat="41.5922124" lon="1.8300467">
        <ele>937</ele>
        <time>2019-02-25T11:06:58Z</time>
        <hdop>9.102</hdop>
        <extensions>
          <speed>0.69</speed>
        </extensions>
      </trkpt>
      <trkpt lat="41.5921661" lon="1.8300114">
        <ele>938</ele>
        <time>2019-02-25T11:07:04Z</time>
        <hdop>7.585</hdop>
        <extensions>
          <speed>1.5</speed>
        </extensions>
      </trkpt>
      <trkpt lat="41.5921632" lon="1.8299548">
        <ele>936</ele>
        <time>2019-02-25T11:07:09Z</time>
        <hdop>6.068</hdop>
        <extensions>
          <speed>1.23</speed>
        </extensions>
      </trkpt>
      <trkpt lat="41.5921513" lon="1.8298574">
        <ele>937</ele>
        <time>2019-02-25T11:07:14Z</time>
        <hdop>6.068</hdop>
        <extensions>
          <speed>1.76</speed>
        </extensions>
      </trkpt>
      <trkpt lat="41.592142" lon="1.8297868">
        <ele>936</ele>
        <time>2019-02-25T11:07:19Z</time>
        <hdop>4.551</hdop>
        <extensions>
          <speed>1.25</speed>
        </extensions>
      </trkpt>
      <trkpt lat="41.5921199" lon="1.829707">
        <ele>935</ele>
        <time>2019-02-25T11:07:25Z</time>
        <hdop>13.653</hdop>
        <extensions>
          <speed>0.98</speed>
        </extensions>
      </trkpt>
      <trkpt lat="41.5920975" lon="1.8296795">
        <ele>936</ele>
        <time>2019-02-25T11:07:31Z</time>
        <hdop>13.653</hdop>
      </trkpt>
      <trkpt lat="41.5920952" lon="1.8296825">
        <ele>935</ele>
        <time>2019-02-25T11:07:36Z</time>
        <hdop>6.068</hdop>
        <extensions>
          <speed>0.18</speed>
        </extensions>
      </trkpt>
      <trkpt lat="41.5921044" lon="1.8296819">
        <ele>935</ele>
        <time>2019-02-25T11:07:41Z</time>
        <hdop>4.551</hdop>
        <extensions>
          <speed>0.68</speed>
        </extensions>
      </trkpt>
      <trkpt lat="41.5920995" lon="1.8296767">
        <ele>937</ele>
        <time>2019-02-25T11:07:47Z</time>
        <hdop>6.068</hdop>
        <extensions>
          <speed>0.36</speed>
        </extensions>
      </trkpt>
      <trkpt lat="41.5920937" lon="1.8296781">
        <ele>935</ele>
        <time>2019-02-25T11:07:53Z</time>
        <hdop>6.068</hdop>
        <extensions>
          <speed>0.27</speed>
        </extensions>
      </trkpt>
      <trkpt lat="41.5920993" lon="1.8296949">
        <ele>936</ele>
        <time>2019-02-25T11:07:58Z</time>
        <hdop>6.068</hdop>
      </trkpt>
      <trkpt lat="41.5920902" lon="1.8296958">
        <ele>937</ele>
        <time>2019-02-25T11:08:04Z</time>
        <hdop>6.068</hdop>
      </trkpt>
      <trkpt lat="41.5920848" lon="1.8296921">
        <ele>938</ele>
        <time>2019-02-25T11:08:09Z</time>
        <hdop>6.068</hdop>
      </trkpt>
      <trkpt lat="41.5920836" lon="1.8296895">
        <ele>938</ele>
        <time>2019-02-25T11:08:15Z</time>
        <hdop>4.551</hdop>
        <extensions>
          <speed>0.42</speed>
        </extensions>
      </trkpt>
      <trkpt lat="41.5920708" lon="1.8296955">
        <ele>939</ele>
        <time>2019-02-25T11:08:21Z</time>
        <hdop>6.068</hdop>
      </trkpt>
      <trkpt lat="41.5920635" lon="1.829701">
        <ele>940</ele>
        <time>2019-02-25T11:08:26Z</time>
        <hdop>10.619</hdop>
      </trkpt>
      <trkpt lat="41.5920755" lon="1.8297015">
        <ele>941</ele>
        <time>2019-02-25T11:08:32Z</time>
        <hdop>10.619</hdop>
      </trkpt>
      <trkpt lat="41.5921342" lon="1.8296795">
        <ele>943</ele>
        <time>2019-02-25T11:08:38Z</time>
        <hdop>10.619</hdop>
      </trkpt>
      <trkpt lat="41.5921236" lon="1.8296751">
        <ele>943</ele>
        <time>2019-02-25T11:08:43Z</time>
        <hdop>9.102</hdop>
      </trkpt>
      <trkpt lat="41.5921234" lon="1.8297013">
        <ele>940</ele>
        <time>2019-02-25T11:08:49Z</time>
        <hdop>6.068</hdop>
        <extensions>
          <speed>0.58</speed>
        </extensions>
      </trkpt>
      <trkpt lat="41.5921412" lon="1.8297689">
        <ele>936</ele>
        <time>2019-02-25T11:08:55Z</time>
        <hdop>13.653</hdop>
        <extensions>
          <speed>1.03</speed>
        </extensions>
      </trkpt>
      <trkpt lat="41.5921657" lon="1.829829">
        <ele>932</ele>
        <time>2019-02-25T11:09:01Z</time>
        <hdop>15.17</hdop>
        <extensions>
          <speed>0.71</speed>
        </extensions>
      </trkpt>
      <trkpt lat="41.5921696" lon="1.8298934">
        <ele>934</ele>
        <time>2019-02-25T11:09:06Z</time>
        <hdop>15.17</hdop>
        <extensions>
          <speed>1.19</speed>
        </extensions>
      </trkpt>
      <trkpt lat="41.5921632" lon="1.8299653">
        <ele>936</ele>
        <time>2019-02-25T11:09:12Z</time>
        <hdop>15.17</hdop>
        <extensions>
          <speed>0.82</speed>
        </extensions>
      </trkpt>
      <trkpt lat="41.592166" lon="1.830027">
        <ele>938</ele>
        <time>2019-02-25T11:09:17Z</time>
        <hdop>6.068</hdop>
        <extensions>
          <speed>1</speed>
        </extensions>
      </trkpt>
      <trkpt lat="41.5922065" lon="1.8300204">
        <ele>941</ele>
        <time>2019-02-25T11:09:23Z</time>
        <hdop>4.551</hdop>
        <extensions>
          <speed>0.83</speed>
        </extensions>
      </trkpt>
      <trkpt lat="41.5922085" lon="1.829961">
        <ele>941</ele>
        <time>2019-02-25T11:09:29Z</time>
        <hdop>6.068</hdop>
        <extensions>
          <speed>0.41</speed>
        </extensions>
      </trkpt>
      <trkpt lat="41.5922269" lon="1.8299029">
        <ele>945</ele>
        <time>2019-02-25T11:09:35Z</time>
        <hdop>6.068</hdop>
        <extensions>
          <speed>0.64</speed>
        </extensions>
      </trkpt>
      <trkpt lat="41.5922572" lon="1.8298688">
        <ele>944</ele>
        <time>2019-02-25T11:09:40Z</time>
        <hdop>6.068</hdop>
        <extensions>
          <speed>0.6</speed>
        </extensions>
      </trkpt>
      <trkpt lat="41.5922556" lon="1.8298093">
        <ele>947</ele>
        <time>2019-02-25T11:09:46Z</time>
        <hdop>6.068</hdop>
        <extensions>
          <speed>0.91</speed>
        </extensions>
      </trkpt>
      <trkpt lat="41.5922631" lon="1.8297854">
        <ele>946</ele>
        <time>2019-02-25T11:09:51Z</time>
        <hdop>6.068</hdop>
        <extensions>
          <speed>0.8</speed>
        </extensions>
      </trkpt>
      <trkpt lat="41.5922837" lon="1.8297361">
        <ele>946</ele>
        <time>2019-02-25T11:09:57Z</time>
        <hdop>4.551</hdop>
        <extensions>
          <speed>0.83</speed>
        </extensions>
      </trkpt>
      <trkpt lat="41.5922903" lon="1.8297047">
        <ele>948</ele>
        <time>2019-02-25T11:10:03Z</time>
        <hdop>6.068</hdop>
      </trkpt>
      <trkpt lat="41.5922957" lon="1.829705">
        <ele>949</ele>
        <time>2019-02-25T11:10:08Z</time>
        <hdop>6.068</hdop>
      </trkpt>
      <trkpt lat="41.5922719" lon="1.8297065">
        <ele>949</ele>
        <time>2019-02-25T11:10:13Z</time>
        <hdop>6.068</hdop>
      </trkpt>
      <trkpt lat="41.5922624" lon="1.829714">
        <ele>950</ele>
        <time>2019-02-25T11:10:19Z</time>
        <hdop>4.551</hdop>
        <extensions>
          <speed>0.65</speed>
        </extensions>
      </trkpt>
      <trkpt lat="41.592292" lon="1.8297126">
        <ele>954</ele>
        <time>2019-02-25T11:10:25Z</time>
        <hdop>4.551</hdop>
        <extensions>
          <speed>1</speed>
        </extensions>
      </trkpt>
      <trkpt lat="41.5923346" lon="1.8297057">
        <ele>954</ele>
        <time>2019-02-25T11:10:30Z</time>
        <hdop>4.551</hdop>
        <extensions>
          <speed>1.06</speed>
        </extensions>
      </trkpt>
      <trkpt lat="41.5923579" lon="1.8296442">
        <ele>955</ele>
        <time>2019-02-25T11:10:35Z</time>
        <hdop>4.551</hdop>
        <extensions>
          <speed>0.93</speed>
        </extensions>
      </trkpt>
      <trkpt lat="41.5924015" lon="1.8296249">
        <ele>955</ele>
        <time>2019-02-25T11:10:40Z</time>
        <hdop>4.551</hdop>
        <extensions>
          <speed>2</speed>
        </extensions>
      </trkpt>
      <trkpt lat="41.592466" lon="1.8295997">
        <ele>954</ele>
        <time>2019-02-25T11:10:46Z</time>
        <hdop>7.585</hdop>
        <extensions>
          <speed>1.01</speed>
        </extensions>
      </trkpt>
      <trkpt lat="41.5925187" lon="1.829569">
        <ele>955</ele>
        <time>2019-02-25T11:10:52Z</time>
        <hdop>12.136</hdop>
        <extensions>
          <speed>1.1</speed>
        </extensions>
      </trkpt>
      <trkpt lat="41.5925912" lon="1.8295417">
        <ele>956</ele>
        <time>2019-02-25T11:10:57Z</time>
        <hdop>10.619</hdop>
        <extensions>
          <speed>1.37</speed>
        </extensions>
      </trkpt>
      <trkpt lat="41.5926447" lon="1.829488">
        <ele>957</ele>
        <time>2019-02-25T11:11:03Z</time>
        <hdop>9.102</hdop>
        <extensions>
          <speed>0.62</speed>
        </extensions>
      </trkpt>
      <trkpt lat="41.5926826" lon="1.8294846">
        <ele>958</ele>
        <time>2019-02-25T11:11:08Z</time>
        <hdop>7.585</hdop>
        <extensions>
          <speed>0.94</speed>
        </extensions>
      </trkpt>
      <trkpt lat="41.5927142" lon="1.8294874">
        <ele>958</ele>
        <time>2019-02-25T11:11:14Z</time>
        <hdop>7.585</hdop>
        <extensions>
          <speed>1.11</speed>
        </extensions>
      </trkpt>
      <trkpt lat="41.5927729" lon="1.829429">
        <ele>960</ele>
        <time>2019-02-25T11:11:20Z</time>
        <hdop>7.585</hdop>
        <extensions>
          <speed>1.05</speed>
        </extensions>
      </trkpt>
      <trkpt lat="41.5927911" lon="1.8293423">
        <ele>962</ele>
        <time>2019-02-25T11:11:26Z</time>
        <hdop>7.585</hdop>
        <extensions>
          <speed>1.53</speed>
        </extensions>
      </trkpt>
      <trkpt lat="41.5927673" lon="1.829282">
        <ele>963</ele>
        <time>2019-02-25T11:11:31Z</time>
        <hdop>13.653</hdop>
        <extensions>
          <speed>0.77</speed>
        </extensions>
      </trkpt>
      <trkpt lat="41.5927385" lon="1.8292229">
        <ele>961</ele>
        <time>2019-02-25T11:11:36Z</time>
        <hdop>13.653</hdop>
        <extensions>
          <speed>0.81</speed>
        </extensions>
      </trkpt>
      <trkpt lat="41.5926943" lon="1.8291595">
        <ele>965</ele>
        <time>2019-02-25T11:11:42Z</time>
        <hdop>6.068</hdop>
        <extensions>
          <speed>1.35</speed>
        </extensions>
      </trkpt>
      <trkpt lat="41.5926858" lon="1.8290807">
        <ele>968</ele>
        <time>2019-02-25T11:11:47Z</time>
        <hdop>6.068</hdop>
        <extensions>
          <speed>1.02</speed>
        </extensions>
      </trkpt>
      <trkpt lat="41.5926846" lon="1.8290176">
        <ele>969</ele>
        <time>2019-02-25T11:11:52Z</time>
        <hdop>4.551</hdop>
        <extensions>
          <speed>0.94</speed>
        </extensions>
      </trkpt>
      <trkpt lat="41.5926921" lon="1.8289214">
        <ele>967</ele>
        <time>2019-02-25T11:11:58Z</time>
        <hdop>4.551</hdop>
        <extensions>
          <speed>1.2</speed>
        </extensions>
      </trkpt>
      <trkpt lat="41.5926858" lon="1.828824">
        <ele>966</ele>
        <time>2019-02-25T11:12:04Z</time>
        <hdop>4.551</hdop>
        <extensions>
          <speed>1.37</speed>
        </extensions>
      </trkpt>
      <trkpt lat="41.5926934" lon="1.8287613">
        <ele>964</ele>
        <time>2019-02-25T11:12:09Z</time>
        <hdop>4.551</hdop>
        <extensions>
          <speed>1.17</speed>
        </extensions>
      </trkpt>
      <trkpt lat="41.5927446" lon="1.8286966">
        <ele>966</ele>
        <time>2019-02-25T11:12:15Z</time>
        <hdop>4.551</hdop>
        <extensions>
          <speed>1.08</speed>
        </extensions>
      </trkpt>
      <trkpt lat="41.5927869" lon="1.8286358">
        <ele>968</ele>
        <time>2019-02-25T11:12:20Z</time>
        <hdop>4.551</hdop>
        <extensions>
          <speed>1.43</speed>
        </extensions>
      </trkpt>
      <trkpt lat="41.5928271" lon="1.8285628">
        <ele>969</ele>
        <time>2019-02-25T11:12:26Z</time>
        <hdop>4.551</hdop>
        <extensions>
          <speed>1.19</speed>
        </extensions>
      </trkpt>
      <trkpt lat="41.5928532" lon="1.8284858">
        <ele>968</ele>
        <time>2019-02-25T11:12:33Z</time>
        <hdop>6.068</hdop>
        <extensions>
          <speed>1.07</speed>
        </extensions>
      </trkpt>
      <trkpt lat="41.5928712" lon="1.8284086">
        <ele>966</ele>
        <time>2019-02-25T11:12:38Z</time>
        <hdop>7.585</hdop>
        <extensions>
          <speed>1.52</speed>
        </extensions>
      </trkpt>
      <trkpt lat="41.5928861" lon="1.8283532">
        <ele>967</ele>
        <time>2019-02-25T11:12:43Z</time>
        <hdop>6.068</hdop>
        <extensions>
          <speed>1.4</speed>
        </extensions>
      </trkpt>
      <trkpt lat="41.5929048" lon="1.8282824">
        <ele>967</ele>
        <time>2019-02-25T11:12:48Z</time>
        <hdop>7.585</hdop>
        <extensions>
          <speed>0.82</speed>
        </extensions>
      </trkpt>
      <trkpt lat="41.5929108" lon="1.8282029">
        <ele>967</ele>
        <time>2019-02-25T11:12:53Z</time>
        <hdop>9.102</hdop>
        <extensions>
          <speed>1.09</speed>
        </extensions>
      </trkpt>
      <trkpt lat="41.5928694" lon="1.8281247">
        <ele>967</ele>
        <time>2019-02-25T11:12:58Z</time>
        <hdop>7.585</hdop>
        <extensions>
          <speed>1.42</speed>
        </extensions>
      </trkpt>
      <trkpt lat="41.5928118" lon="1.8280603">
        <ele>968</ele>
        <time>2019-02-25T11:13:04Z</time>
        <hdop>12.136</hdop>
        <extensions>
          <speed>0.93</speed>
        </extensions>
      </trkpt>
      <trkpt lat="41.592818" lon="1.8280038">
        <ele>969</ele>
        <time>2019-02-25T11:13:10Z</time>
        <hdop>10.619</hdop>
        <extensions>
          <speed>0.68</speed>
        </extensions>
      </trkpt>
      <trkpt lat="41.5927982" lon="1.8279541">
        <ele>971</ele>
        <time>2019-02-25T11:13:16Z</time>
        <hdop>10.619</hdop>
        <extensions>
          <speed>1.23</speed>
        </extensions>
      </trkpt>
      <trkpt lat="41.5927835" lon="1.8278907">
        <ele>973</ele>
        <time>2019-02-25T11:13:21Z</time>
        <hdop>9.102</hdop>
        <extensions>
          <speed>0.73</speed>
        </extensions>
      </trkpt>
      <trkpt lat="41.5927559" lon="1.8278436">
        <ele>978</ele>
        <time>2019-02-25T11:13:27Z</time>
        <hdop>7.585</hdop>
        <extensions>
          <speed>1.03</speed>
        </extensions>
      </trkpt>
      <trkpt lat="41.5927379" lon="1.8277929">
        <ele>979</ele>
        <time>2019-02-25T11:13:33Z</time>
        <hdop>6.068</hdop>
        <extensions>
          <speed>1.47</speed>
        </extensions>
      </trkpt>
      <trkpt lat="41.5927532" lon="1.8277577">
        <ele>975</ele>
        <time>2019-02-25T11:13:38Z</time>
        <hdop>6.068</hdop>
      </trkpt>
      <trkpt lat="41.5927461" lon="1.827757">
        <ele>973</ele>
        <time>2019-02-25T11:13:44Z</time>
        <hdop>10.619</hdop>
      </trkpt>
      <trkpt lat="41.5927291" lon="1.8277501">
        <ele>973</ele>
        <time>2019-02-25T11:13:49Z</time>
        <hdop>10.619</hdop>
      </trkpt>
      <trkpt lat="41.592746" lon="1.8277613">
        <ele>975</ele>
        <time>2019-02-25T11:13:55Z</time>
        <hdop>6.068</hdop>
      </trkpt>
      <trkpt lat="41.592769" lon="1.8277716">
        <ele>979</ele>
        <time>2019-02-25T11:14:00Z</time>
        <hdop>6.068</hdop>
        <extensions>
          <speed>0.32</speed>
        </extensions>
      </trkpt>
      <trkpt lat="41.5927872" lon="1.8277411">
        <ele>980</ele>
        <time>2019-02-25T11:14:06Z</time>
        <hdop>4.551</hdop>
        <extensions>
          <speed>0.97</speed>
        </extensions>
      </trkpt>
      <trkpt lat="41.5927862" lon="1.827645">
        <ele>981</ele>
        <time>2019-02-25T11:14:12Z</time>
        <hdop>4.551</hdop>
        <extensions>
          <speed>1.02</speed>
        </extensions>
      </trkpt>
      <trkpt lat="41.5928022" lon="1.8275841">
        <ele>980</ele>
        <time>2019-02-25T11:14:18Z</time>
        <hdop>4.551</hdop>
        <extensions>
          <speed>0.94</speed>
        </extensions>
      </trkpt>
      <trkpt lat="41.5928468" lon="1.8275294">
        <ele>982</ele>
        <time>2019-02-25T11:14:24Z</time>
        <hdop>4.551</hdop>
        <extensions>
          <speed>1.12</speed>
        </extensions>
      </trkpt>
      <trkpt lat="41.5928925" lon="1.8274909">
        <ele>984</ele>
        <time>2019-02-25T11:14:29Z</time>
        <hdop>4.551</hdop>
        <extensions>
          <speed>1.38</speed>
        </extensions>
      </trkpt>
      <trkpt lat="41.5929084" lon="1.8274374">
        <ele>983</ele>
        <time>2019-02-25T11:14:35Z</time>
        <hdop>4.551</hdop>
        <extensions>
          <speed>0.55</speed>
        </extensions>
      </trkpt>
      <trkpt lat="41.5929177" lon="1.8274112">
        <ele>986</ele>
        <time>2019-02-25T11:14:41Z</time>
        <hdop>4.551</hdop>
        <extensions>
          <speed>0.81</speed>
        </extensions>
      </trkpt>
      <trkpt lat="41.5929143" lon="1.8273304">
        <ele>986</ele>
        <time>2019-02-25T11:14:47Z</time>
        <hdop>6.068</hdop>
        <extensions>
          <speed>0.54</speed>
        </extensions>
      </trkpt>
      <trkpt lat="41.592918" lon="1.8272748">
        <ele>987</ele>
        <time>2019-02-25T11:14:52Z</time>
        <hdop>6.068</hdop>
        <extensions>
          <speed>0.37</speed>
        </extensions>
      </trkpt>
      <trkpt lat="41.5929097" lon="1.827186">
        <ele>986</ele>
        <time>2019-02-25T11:14:58Z</time>
        <hdop>6.068</hdop>
        <extensions>
          <speed>1.07</speed>
        </extensions>
      </trkpt>
      <trkpt lat="41.5929071" lon="1.8270928">
        <ele>986</ele>
        <time>2019-02-25T11:15:03Z</time>
        <hdop>7.585</hdop>
        <extensions>
          <speed>0.95</speed>
        </extensions>
      </trkpt>
      <trkpt lat="41.592889" lon="1.8270592">
        <ele>992</ele>
        <time>2019-02-25T11:15:08Z</time>
        <hdop>6.068</hdop>
        <extensions>
          <speed>0.91</speed>
        </extensions>
      </trkpt>
      <trkpt lat="41.5928744" lon="1.8270158">
        <ele>991</ele>
        <time>2019-02-25T11:15:13Z</time>
        <hdop>6.068</hdop>
        <extensions>
          <speed>0.74</speed>
        </extensions>
      </trkpt>
      <trkpt lat="41.5928822" lon="1.8270044">
        <ele>989</ele>
        <time>2019-02-25T11:15:19Z</time>
        <hdop>6.068</hdop>
      </trkpt>
      <trkpt lat="41.5928979" lon="1.8269294">
        <ele>992</ele>
        <time>2019-02-25T11:15:25Z</time>
        <hdop>7.585</hdop>
        <extensions>
          <speed>0.71</speed>
        </extensions>
      </trkpt>
      <trkpt lat="41.5928988" lon="1.8268552">
        <ele>991</ele>
        <time>2019-02-25T11:15:30Z</time>
        <hdop>10.619</hdop>
        <extensions>
          <speed>1.54</speed>
        </extensions>
      </trkpt>
      <trkpt lat="41.5929225" lon="1.8268283">
        <ele>991</ele>
        <time>2019-02-25T11:15:36Z</time>
        <hdop>25.789</hdop>
      </trkpt>
      <trkpt lat="41.5929283" lon="1.8267769">
        <ele>992</ele>
        <time>2019-02-25T11:15:41Z</time>
        <hdop>27.306</hdop>
        <extensions>
          <speed>0.72</speed>
        </extensions>
      </trkpt>
      <trkpt lat="41.5929643" lon="1.8267554">
        <ele>997</ele>
        <time>2019-02-25T11:15:47Z</time>
        <hdop>28.823</hdop>
      </trkpt>
      <trkpt lat="41.5929738" lon="1.8267361">
        <ele>998</ele>
        <time>2019-02-25T11:15:53Z</time>
        <hdop>22.755</hdop>
      </trkpt>
      <trkpt lat="41.5929609" lon="1.8266803">
        <ele>993</ele>
        <time>2019-02-25T11:15:58Z</time>
        <hdop>27.306</hdop>
        <extensions>
          <speed>0.74</speed>
        </extensions>
      </trkpt>
      <trkpt lat="41.5929417" lon="1.826638">
        <ele>993</ele>
        <time>2019-02-25T11:16:03Z</time>
        <hdop>33.374</hdop>
        <extensions>
          <speed>0.79</speed>
        </extensions>
      </trkpt>
      <trkpt lat="41.5929311" lon="1.8265444">
        <ele>993</ele>
        <time>2019-02-25T11:16:09Z</time>
        <hdop>25.789</hdop>
        <extensions>
          <speed>1.19</speed>
        </extensions>
      </trkpt>
      <trkpt lat="41.5929636" lon="1.8264757">
        <ele>991</ele>
        <time>2019-02-25T11:16:15Z</time>
        <hdop>54.612</hdop>
        <extensions>
          <speed>1.08</speed>
        </extensions>
      </trkpt>
      <trkpt lat="41.5930172" lon="1.8264282">
        <ele>990</ele>
        <time>2019-02-25T11:16:20Z</time>
        <hdop>62.197</hdop>
        <extensions>
          <speed>1.31</speed>
        </extensions>
      </trkpt>
      <trkpt lat="41.5931051" lon="1.8263954">
        <ele>990</ele>
        <time>2019-02-25T11:16:32Z</time>
        <hdop>72.816</hdop>
        <extensions>
          <speed>0.99</speed>
        </extensions>
      </trkpt>
      <trkpt lat="41.593092" lon="1.8263504">
        <ele>990</ele>
        <time>2019-02-25T11:16:38Z</time>
        <hdop>72.816</hdop>
        <extensions>
          <speed>0.51</speed>
        </extensions>
      </trkpt>
      <trkpt lat="41.5930546" lon="1.826272">
        <ele>990</ele>
        <time>2019-02-25T11:16:44Z</time>
        <hdop>59.163</hdop>
        <extensions>
          <speed>1.61</speed>
        </extensions>
      </trkpt>
      <trkpt lat="41.5930726" lon="1.8261717">
        <ele>987</ele>
        <time>2019-02-25T11:16:49Z</time>
        <hdop>36.408</hdop>
        <extensions>
          <speed>0.9</speed>
        </extensions>
      </trkpt>
      <trkpt lat="41.5930716" lon="1.8261042">
        <ele>985</ele>
        <time>2019-02-25T11:16:54Z</time>
        <hdop>37.925</hdop>
        <extensions>
          <speed>1.74</speed>
        </extensions>
      </trkpt>
      <trkpt lat="41.5930969" lon="1.8260316">
        <ele>986</ele>
        <time>2019-02-25T11:17:00Z</time>
        <hdop>18.204</hdop>
        <extensions>
          <speed>0.81</speed>
        </extensions>
      </trkpt>
      <trkpt lat="41.5931039" lon="1.8259543">
        <ele>986</ele>
        <time>2019-02-25T11:17:06Z</time>
        <hdop>16.687</hdop>
        <extensions>
          <speed>1.37</speed>
        </extensions>
      </trkpt>
      <trkpt lat="41.5931098" lon="1.825828">
        <ele>988</ele>
        <time>2019-02-25T11:17:11Z</time>
        <hdop>16.687</hdop>
        <extensions>
          <speed>0.72</speed>
        </extensions>
      </trkpt>
      <trkpt lat="41.5931385" lon="1.8257812">
        <ele>986</ele>
        <time>2019-02-25T11:17:16Z</time>
        <hdop>16.687</hdop>
        <extensions>
          <speed>0.95</speed>
        </extensions>
      </trkpt>
      <trkpt lat="41.5931383" lon="1.8257424">
        <ele>988</ele>
        <time>2019-02-25T11:17:21Z</time>
        <hdop>13.653</hdop>
        <extensions>
          <speed>1.17</speed>
        </extensions>
      </trkpt>
      <trkpt lat="41.5931502" lon="1.8256948">
        <ele>989</ele>
        <time>2019-02-25T11:17:27Z</time>
        <hdop>13.653</hdop>
        <extensions>
          <speed>0.94</speed>
        </extensions>
      </trkpt>
      <trkpt lat="41.593185" lon="1.8256587">
        <ele>988</ele>
        <time>2019-02-25T11:17:32Z</time>
        <hdop>13.653</hdop>
        <extensions>
          <speed>1.2</speed>
        </extensions>
      </trkpt>
      <trkpt lat="41.5932243" lon="1.8255885">
        <ele>985</ele>
        <time>2019-02-25T11:17:37Z</time>
        <hdop>13.653</hdop>
        <extensions>
          <speed>1.22</speed>
        </extensions>
      </trkpt>
      <trkpt lat="41.5932884" lon="1.8255127">
        <ele>981</ele>
        <time>2019-02-25T11:17:43Z</time>
        <hdop>15.17</hdop>
        <extensions>
          <speed>1.02</speed>
        </extensions>
      </trkpt>
      <trkpt lat="41.5933173" lon="1.8254665">
        <ele>984</ele>
        <time>2019-02-25T11:17:48Z</time>
        <hdop>15.17</hdop>
        <extensions>
          <speed>1.03</speed>
        </extensions>
      </trkpt>
      <trkpt lat="41.5933702" lon="1.8254145">
        <ele>983</ele>
        <time>2019-02-25T11:17:53Z</time>
        <hdop>15.17</hdop>
        <extensions>
          <speed>1.4</speed>
        </extensions>
      </trkpt>
      <trkpt lat="41.593387" lon="1.8253837">
        <ele>982</ele>
        <time>2019-02-25T11:17:59Z</time>
        <hdop>16.687</hdop>
        <extensions>
          <speed>0.37</speed>
        </extensions>
      </trkpt>
      <trkpt lat="41.5933946" lon="1.8253076">
        <ele>980</ele>
        <time>2019-02-25T11:18:04Z</time>
        <hdop>16.687</hdop>
        <extensions>
          <speed>0.87</speed>
        </extensions>
      </trkpt>
      <trkpt lat="41.5934549" lon="1.8252363">
        <ele>978</ele>
        <time>2019-02-25T11:18:10Z</time>
        <hdop>16.687</hdop>
        <extensions>
          <speed>0.39</speed>
        </extensions>
      </trkpt>
      <trkpt lat="41.5934754" lon="1.8252221">
        <ele>979</ele>
        <time>2019-02-25T11:18:16Z</time>
        <hdop>15.17</hdop>
      </trkpt>
      <trkpt lat="41.5934891" lon="1.825148">
        <ele>980</ele>
        <time>2019-02-25T11:18:22Z</time>
        <hdop>15.17</hdop>
        <extensions>
          <speed>1.21</speed>
        </extensions>
      </trkpt>
      <trkpt lat="41.593506" lon="1.825134">
        <ele>980</ele>
        <time>2019-02-25T11:18:28Z</time>
        <hdop>16.687</hdop>
      </trkpt>
      <trkpt lat="41.5935048" lon="1.8251142">
        <ele>979</ele>
        <time>2019-02-25T11:18:34Z</time>
        <hdop>16.687</hdop>
        <extensions>
          <speed>0.56</speed>
        </extensions>
      </trkpt>
      <trkpt lat="41.593516" lon="1.8250944">
        <ele>982</ele>
        <time>2019-02-25T11:18:39Z</time>
        <hdop>18.204</hdop>
        <extensions>
          <speed>0.21</speed>
        </extensions>
      </trkpt>
      <trkpt lat="41.593536" lon="1.8250744">
        <ele>981</ele>
        <time>2019-02-25T11:18:45Z</time>
        <hdop>19.721</hdop>
        <extensions>
          <speed>1.2</speed>
        </extensions>
      </trkpt>
      <trkpt lat="41.5935761" lon="1.8250703">
        <ele>984</ele>
        <time>2019-02-25T11:18:50Z</time>
        <hdop>19.721</hdop>
        <extensions>
          <speed>1.8</speed>
        </extensions>
      </trkpt>
      <trkpt lat="41.593667" lon="1.825058">
        <ele>984</ele>
        <time>2019-02-25T11:18:56Z</time>
        <hdop>22.755</hdop>
        <extensions>
          <speed>1.92</speed>
        </extensions>
      </trkpt>
      <trkpt lat="41.593696" lon="1.8250018">
        <ele>986</ele>
        <time>2019-02-25T11:19:02Z</time>
        <hdop>21.238</hdop>
        <extensions>
          <speed>0.17</speed>
        </extensions>
      </trkpt>
      <trkpt lat="41.5936914" lon="1.8249737">
        <ele>988</ele>
        <time>2019-02-25T11:19:08Z</time>
        <hdop>18.204</hdop>
      </trkpt>
      <trkpt lat="41.5937454" lon="1.8249468">
        <ele>987</ele>
        <time>2019-02-25T11:19:14Z</time>
        <hdop>15.17</hdop>
        <extensions>
          <speed>0.86</speed>
        </extensions>
      </trkpt>
      <trkpt lat="41.5937943" lon="1.8249062">
        <ele>989</ele>
        <time>2019-02-25T11:19:19Z</time>
        <hdop>15.17</hdop>
        <extensions>
          <speed>0.77</speed>
        </extensions>
      </trkpt>
      <trkpt lat="41.5938537" lon="1.8248486">
        <ele>993</ele>
        <time>2019-02-25T11:19:25Z</time>
        <hdop>18.204</hdop>
        <extensions>
          <speed>1.59</speed>
        </extensions>
      </trkpt>
      <trkpt lat="41.59388" lon="1.8247995">
        <ele>995</ele>
        <time>2019-02-25T11:19:30Z</time>
        <hdop>16.687</hdop>
        <extensions>
          <speed>0.55</speed>
        </extensions>
      </trkpt>
      <trkpt lat="41.5939026" lon="1.8247961">
        <ele>998</ele>
        <time>2019-02-25T11:19:36Z</time>
        <hdop>18.204</hdop>
        <extensions>
          <speed>0.86</speed>
        </extensions>
      </trkpt>
      <trkpt lat="41.5939262" lon="1.8247883">
        <ele>997</ele>
        <time>2019-02-25T11:19:41Z</time>
        <hdop>16.687</hdop>
        <extensions>
          <speed>1.05</speed>
        </extensions>
      </trkpt>
      <trkpt lat="41.5939754" lon="1.8247927">
        <ele>998</ele>
        <time>2019-02-25T11:19:47Z</time>
        <hdop>16.687</hdop>
        <extensions>
          <speed>0.87</speed>
        </extensions>
      </trkpt>
      <trkpt lat="41.5940236" lon="1.8247739">
        <ele>997</ele>
        <time>2019-02-25T11:19:53Z</time>
        <hdop>16.687</hdop>
        <extensions>
          <speed>0.4</speed>
        </extensions>
      </trkpt>
      <trkpt lat="41.5940579" lon="1.8247789">
        <ele>999</ele>
        <time>2019-02-25T11:19:59Z</time>
        <hdop>18.204</hdop>
        <extensions>
          <speed>1.06</speed>
        </extensions>
      </trkpt>
      <trkpt lat="41.5942075" lon="1.8247215">
        <ele>999</ele>
        <time>2019-02-25T11:20:05Z</time>
        <hdop>16.687</hdop>
        <extensions>
          <speed>2.42</speed>
        </extensions>
      </trkpt>
      <trkpt lat="41.5942386" lon="1.8247003">
        <ele>1002</ele>
        <time>2019-02-25T11:20:11Z</time>
        <hdop>16.687</hdop>
        <extensions>
          <speed>0.27</speed>
        </extensions>
      </trkpt>
      <trkpt lat="41.5942796" lon="1.8246905">
        <ele>1000</ele>
        <time>2019-02-25T11:20:16Z</time>
        <hdop>15.17</hdop>
        <extensions>
          <speed>0.99</speed>
        </extensions>
      </trkpt>
      <trkpt lat="41.5943195" lon="1.8246546">
        <ele>1003</ele>
        <time>2019-02-25T11:20:22Z</time>
        <hdop>16.687</hdop>
        <extensions>
          <speed>0.72</speed>
        </extensions>
      </trkpt>
      <trkpt lat="41.5943664" lon="1.8246316">
        <ele>1002</ele>
        <time>2019-02-25T11:20:27Z</time>
        <hdop>18.204</hdop>
        <extensions>
          <speed>0.95</speed>
        </extensions>
      </trkpt>
      <trkpt lat="41.5943923" lon="1.8246625">
        <ele>1001</ele>
        <time>2019-02-25T11:20:33Z</time>
        <hdop>16.687</hdop>
      </trkpt>
      <trkpt lat="41.5944136" lon="1.8246301">
        <ele>1000</ele>
        <time>2019-02-25T11:20:38Z</time>
        <hdop>18.204</hdop>
        <extensions>
          <speed>1.58</speed>
        </extensions>
      </trkpt>
      <trkpt lat="41.5945276" lon="1.8244984">
        <ele>996</ele>
        <time>2019-02-25T11:20:44Z</time>
        <hdop>19.721</hdop>
        <extensions>
          <speed>1.04</speed>
        </extensions>
      </trkpt>
      <trkpt lat="41.5945432" lon="1.8244139">
        <ele>996</ele>
        <time>2019-02-25T11:20:49Z</time>
        <hdop>18.204</hdop>
      </trkpt>
      <trkpt lat="41.5946223" lon="1.8243866">
        <ele>997</ele>
        <time>2019-02-25T11:20:54Z</time>
        <hdop>19.721</hdop>
        <extensions>
          <speed>1.42</speed>
        </extensions>
      </trkpt>
      <trkpt lat="41.5946907" lon="1.8243715">
        <ele>995</ele>
        <time>2019-02-25T11:21:01Z</time>
        <hdop>19.721</hdop>
        <extensions>
          <speed>0.23</speed>
        </extensions>
      </trkpt>
      <trkpt lat="41.5946784" lon="1.824313">
        <ele>1002</ele>
        <time>2019-02-25T11:21:06Z</time>
        <hdop>16.687</hdop>
        <extensions>
          <speed>0.68</speed>
        </extensions>
      </trkpt>
      <trkpt lat="41.594641" lon="1.8242355">
        <ele>999</ele>
        <time>2019-02-25T11:21:12Z</time>
        <hdop>18.204</hdop>
        <extensions>
          <speed>0.76</speed>
        </extensions>
      </trkpt>
      <trkpt lat="41.5946686" lon="1.824207">
        <ele>996</ele>
        <time>2019-02-25T11:21:18Z</time>
        <hdop>15.17</hdop>
        <extensions>
          <speed>0.73</speed>
        </extensions>
      </trkpt>
      <trkpt lat="41.5947093" lon="1.8242102">
        <ele>996</ele>
        <time>2019-02-25T11:21:23Z</time>
        <hdop>15.17</hdop>
        <extensions>
          <speed>1.39</speed>
        </extensions>
      </trkpt>
      <trkpt lat="41.5947547" lon="1.8241964">
        <ele>997</ele>
        <time>2019-02-25T11:21:28Z</time>
        <hdop>13.653</hdop>
        <extensions>
          <speed>0.73</speed>
        </extensions>
      </trkpt>
      <trkpt lat="41.5948012" lon="1.8242031">
        <ele>1001</ele>
        <time>2019-02-25T11:21:34Z</time>
        <hdop>13.653</hdop>
        <extensions>
          <speed>1.08</speed>
        </extensions>
      </trkpt>
      <trkpt lat="41.5948427" lon="1.8241877">
        <ele>1001</ele>
        <time>2019-02-25T11:21:40Z</time>
        <hdop>15.17</hdop>
        <extensions>
          <speed>1.34</speed>
        </extensions>
      </trkpt>
      <trkpt lat="41.594899" lon="1.8241691">
        <ele>1002</ele>
        <time>2019-02-25T11:21:46Z</time>
        <hdop>15.17</hdop>
        <extensions>
          <speed>1.29</speed>
        </extensions>
      </trkpt>
      <trkpt lat="41.5949554" lon="1.8241537">
        <ele>1002</ele>
        <time>2019-02-25T11:21:51Z</time>
        <hdop>15.17</hdop>
        <extensions>
          <speed>1.73</speed>
        </extensions>
      </trkpt>
      <trkpt lat="41.5950023" lon="1.8241467">
        <ele>999</ele>
        <time>2019-02-25T11:21:57Z</time>
        <hdop>6.068</hdop>
        <extensions>
          <speed>0.39</speed>
        </extensions>
      </trkpt>
      <trkpt lat="41.5950178" lon="1.8241234">
        <ele>1006</ele>
        <time>2019-02-25T11:22:03Z</time>
        <hdop>6.068</hdop>
        <extensions>
          <speed>0.89</speed>
        </extensions>
      </trkpt>
      <trkpt lat="41.5950563" lon="1.8240825">
        <ele>1007</ele>
        <time>2019-02-25T11:22:09Z</time>
        <hdop>4.551</hdop>
        <extensions>
          <speed>1.14</speed>
        </extensions>
      </trkpt>
      <trkpt lat="41.5950928" lon="1.8240758">
        <ele>1006</ele>
        <time>2019-02-25T11:22:15Z</time>
        <hdop>4.551</hdop>
      </trkpt>
      <trkpt lat="41.5951151" lon="1.824043">
        <ele>1005</ele>
        <time>2019-02-25T11:22:21Z</time>
        <hdop>6.068</hdop>
        <extensions>
          <speed>0.18</speed>
        </extensions>
      </trkpt>
      <trkpt lat="41.5951158" lon="1.824047">
        <ele>1006</ele>
        <time>2019-02-25T11:22:26Z</time>
        <hdop>7.585</hdop>
      </trkpt>
      <trkpt lat="41.5951234" lon="1.8240487">
        <ele>1005</ele>
        <time>2019-02-25T11:22:32Z</time>
        <hdop>12.136</hdop>
      </trkpt>
      <trkpt lat="41.5951363" lon="1.824037">
        <ele>1004</ele>
        <time>2019-02-25T11:22:37Z</time>
        <hdop>16.687</hdop>
        <extensions>
          <speed>1.5</speed>
        </extensions>
      </trkpt>
      <trkpt lat="41.5951917" lon="1.8240386">
        <ele>1005</ele>
        <time>2019-02-25T11:22:43Z</time>
        <hdop>9.102</hdop>
        <extensions>
          <speed>0.56</speed>
        </extensions>
      </trkpt>
      <trkpt lat="41.595228" lon="1.8240587">
        <ele>1004</ele>
        <time>2019-02-25T11:22:48Z</time>
        <hdop>6.068</hdop>
        <extensions>
          <speed>0.59</speed>
        </extensions>
      </trkpt>
      <trkpt lat="41.5952826" lon="1.8240879">
        <ele>1006</ele>
        <time>2019-02-25T11:22:53Z</time>
        <hdop>7.585</hdop>
        <extensions>
          <speed>0.48</speed>
        </extensions>
      </trkpt>
      <trkpt lat="41.5953338" lon="1.8240629">
        <ele>1005</ele>
        <time>2019-02-25T11:22:58Z</time>
        <hdop>6.068</hdop>
        <extensions>
          <speed>0.66</speed>
        </extensions>
      </trkpt>
      <trkpt lat="41.5954008" lon="1.8240198">
        <ele>1002</ele>
        <time>2019-02-25T11:23:04Z</time>
        <hdop>15.17</hdop>
        <extensions>
          <speed>1.14</speed>
        </extensions>
      </trkpt>
      <trkpt lat="41.5954755" lon="1.824012">
        <ele>1002</ele>
        <time>2019-02-25T11:23:10Z</time>
        <hdop>16.687</hdop>
        <extensions>
          <speed>1.29</speed>
        </extensions>
      </trkpt>
      <trkpt lat="41.5955335" lon="1.8240518">
        <ele>1005</ele>
        <time>2019-02-25T11:23:15Z</time>
        <hdop>19.721</hdop>
        <extensions>
          <speed>1.13</speed>
        </extensions>
      </trkpt>
      <trkpt lat="41.5955888" lon="1.8240259">
        <ele>1004</ele>
        <time>2019-02-25T11:23:21Z</time>
        <hdop>16.687</hdop>
        <extensions>
          <speed>1.62</speed>
        </extensions>
      </trkpt>
      <trkpt lat="41.5956542" lon="1.8240428">
        <ele>1006</ele>
        <time>2019-02-25T11:23:27Z</time>
        <hdop>16.687</hdop>
        <extensions>
          <speed>0.94</speed>
        </extensions>
      </trkpt>
      <trkpt lat="41.5957109" lon="1.8240473">
        <ele>1007</ele>
        <time>2019-02-25T11:23:32Z</time>
        <hdop>19.721</hdop>
        <extensions>
          <speed>1.46</speed>
        </extensions>
      </trkpt>
      <trkpt lat="41.5957773" lon="1.8240449">
        <ele>1007</ele>
        <time>2019-02-25T11:23:38Z</time>
        <hdop>19.721</hdop>
        <extensions>
          <speed>1.33</speed>
        </extensions>
      </trkpt>
      <trkpt lat="41.5958296" lon="1.824032">
        <ele>1007</ele>
        <time>2019-02-25T11:23:43Z</time>
        <hdop>19.721</hdop>
        <extensions>
          <speed>1.12</speed>
        </extensions>
      </trkpt>
      <trkpt lat="41.5959303" lon="1.8240467">
        <ele>1004</ele>
        <time>2019-02-25T11:23:49Z</time>
        <hdop>18.204</hdop>
        <extensions>
          <speed>1.65</speed>
        </extensions>
      </trkpt>
      <trkpt lat="41.5959799" lon="1.8240021">
        <ele>1005</ele>
        <time>2019-02-25T11:23:54Z</time>
        <hdop>16.687</hdop>
        <extensions>
          <speed>0.24</speed>
        </extensions>
      </trkpt>
      <trkpt lat="41.5959666" lon="1.8239804">
        <ele>1004</ele>
        <time>2019-02-25T11:24:00Z</time>
        <hdop>18.204</hdop>
        <extensions>
          <speed>0.89</speed>
        </extensions>
      </trkpt>
      <trkpt lat="41.5959634" lon="1.8239097">
        <ele>1009</ele>
        <time>2019-02-25T11:24:05Z</time>
        <hdop>18.204</hdop>
        <extensions>
          <speed>1.19</speed>
        </extensions>
      </trkpt>
      <trkpt lat="41.5959671" lon="1.8238124">
        <ele>1008</ele>
        <time>2019-02-25T11:24:11Z</time>
        <hdop>18.204</hdop>
        <extensions>
          <speed>1.29</speed>
        </extensions>
      </trkpt>
      <trkpt lat="41.595942" lon="1.8237787">
        <ele>1008</ele>
        <time>2019-02-25T11:24:16Z</time>
        <hdop>18.204</hdop>
        <extensions>
          <speed>0.75</speed>
        </extensions>
      </trkpt>
      <trkpt lat="41.595914" lon="1.8237367">
        <ele>1011</ele>
        <time>2019-02-25T11:24:21Z</time>
        <hdop>18.204</hdop>
        <extensions>
          <speed>0.51</speed>
        </extensions>
      </trkpt>
      <trkpt lat="41.595883" lon="1.8236551">
        <ele>1009</ele>
        <time>2019-02-25T11:24:27Z</time>
        <hdop>16.687</hdop>
        <extensions>
          <speed>0.81</speed>
        </extensions>
      </trkpt>
      <trkpt lat="41.5958179" lon="1.8236126">
        <ele>1007</ele>
        <time>2019-02-25T11:24:33Z</time>
        <hdop>18.204</hdop>
        <extensions>
          <speed>1.09</speed>
        </extensions>
      </trkpt>
      <trkpt lat="41.5958084" lon="1.8235393">
        <ele>1008</ele>
        <time>2019-02-25T11:24:39Z</time>
        <hdop>15.17</hdop>
        <extensions>
          <speed>1.11</speed>
        </extensions>
      </trkpt>
      <trkpt lat="41.5958199" lon="1.8234386">
        <ele>1010</ele>
        <time>2019-02-25T11:24:45Z</time>
        <hdop>15.17</hdop>
        <extensions>
          <speed>1.06</speed>
        </extensions>
      </trkpt>
      <trkpt lat="41.5958629" lon="1.8233832">
        <ele>1010</ele>
        <time>2019-02-25T11:24:50Z</time>
        <hdop>13.653</hdop>
        <extensions>
          <speed>1.07</speed>
        </extensions>
      </trkpt>
      <trkpt lat="41.5959348" lon="1.8233501">
        <ele>1010</ele>
        <time>2019-02-25T11:24:56Z</time>
        <hdop>13.653</hdop>
        <extensions>
          <speed>1.41</speed>
        </extensions>
      </trkpt>
      <trkpt lat="41.5959489" lon="1.8232794">
        <ele>1012</ele>
        <time>2019-02-25T11:25:02Z</time>
        <hdop>13.653</hdop>
        <extensions>
          <speed>0.6</speed>
        </extensions>
      </trkpt>
      <trkpt lat="41.5959955" lon="1.8232613">
        <ele>1018</ele>
        <time>2019-02-25T11:25:08Z</time>
        <hdop>13.653</hdop>
        <extensions>
          <speed>0.65</speed>
        </extensions>
      </trkpt>
      <trkpt lat="41.596045" lon="1.8231813">
        <ele>1017</ele>
        <time>2019-02-25T11:25:14Z</time>
        <hdop>15.17</hdop>
        <extensions>
          <speed>0.96</speed>
        </extensions>
      </trkpt>
      <trkpt lat="41.5960752" lon="1.8230997">
        <ele>1018</ele>
        <time>2019-02-25T11:25:20Z</time>
        <hdop>13.653</hdop>
        <extensions>
          <speed>0.84</speed>
        </extensions>
      </trkpt>
      <trkpt lat="41.5961279" lon="1.8230069">
        <ele>1016</ele>
        <time>2019-02-25T11:25:26Z</time>
        <hdop>13.653</hdop>
        <extensions>
          <speed>1.51</speed>
        </extensions>
      </trkpt>
      <trkpt lat="41.5961603" lon="1.8229481">
        <ele>1014</ele>
        <time>2019-02-25T11:25:31Z</time>
        <hdop>15.17</hdop>
        <extensions>
          <speed>0.33</speed>
        </extensions>
      </trkpt>
      <trkpt lat="41.5961949" lon="1.8228852">
        <ele>1013</ele>
        <time>2019-02-25T11:25:37Z</time>
        <hdop>15.17</hdop>
        <extensions>
          <speed>1.15</speed>
        </extensions>
      </trkpt>
      <trkpt lat="41.5962391" lon="1.8228491">
        <ele>1016</ele>
        <time>2019-02-25T11:25:43Z</time>
        <hdop>15.17</hdop>
        <extensions>
          <speed>0.9</speed>
        </extensions>
      </trkpt>
      <trkpt lat="41.596307" lon="1.8228543">
        <ele>1017</ele>
        <time>2019-02-25T11:25:48Z</time>
        <hdop>15.17</hdop>
        <extensions>
          <speed>1.12</speed>
        </extensions>
      </trkpt>
      <trkpt lat="41.5963535" lon="1.8228576">
        <ele>1022</ele>
        <time>2019-02-25T11:25:54Z</time>
        <hdop>13.653</hdop>
        <extensions>
          <speed>0.5</speed>
        </extensions>
      </trkpt>
      <trkpt lat="41.5963754" lon="1.8227273">
        <ele>1019</ele>
        <time>2019-02-25T11:26:00Z</time>
        <hdop>13.653</hdop>
        <extensions>
          <speed>0.67</speed>
        </extensions>
      </trkpt>
      <trkpt lat="41.5963888" lon="1.8226638">
        <ele>1021</ele>
        <time>2019-02-25T11:26:05Z</time>
        <hdop>13.653</hdop>
        <extensions>
          <speed>0.52</speed>
        </extensions>
      </trkpt>
      <trkpt lat="41.5964223" lon="1.8226034">
        <ele>1021</ele>
        <time>2019-02-25T11:26:11Z</time>
        <hdop>13.653</hdop>
        <extensions>
          <speed>1</speed>
        </extensions>
      </trkpt>
      <trkpt lat="41.5964708" lon="1.8225582">
        <ele>1021</ele>
        <time>2019-02-25T11:26:17Z</time>
        <hdop>13.653</hdop>
      </trkpt>
      <trkpt lat="41.5964898" lon="1.8225537">
        <ele>1022</ele>
        <time>2019-02-25T11:26:22Z</time>
        <hdop>13.653</hdop>
        <extensions>
          <speed>1.5</speed>
        </extensions>
      </trkpt>
      <trkpt lat="41.5965712" lon="1.8225418">
        <ele>1024</ele>
        <time>2019-02-25T11:26:28Z</time>
        <hdop>13.653</hdop>
        <extensions>
          <speed>0.78</speed>
        </extensions>
      </trkpt>
      <trkpt lat="41.5966369" lon="1.8225134">
        <ele>1024</ele>
        <time>2019-02-25T11:26:34Z</time>
        <hdop>15.17</hdop>
        <extensions>
          <speed>0.99</speed>
        </extensions>
      </trkpt>
      <trkpt lat="41.5967805" lon="1.8224459">
        <ele>1024</ele>
        <time>2019-02-25T11:26:40Z</time>
        <hdop>15.17</hdop>
        <extensions>
          <speed>1.74</speed>
        </extensions>
      </trkpt>
      <trkpt lat="41.5968251" lon="1.8223551">
        <ele>1023</ele>
        <time>2019-02-25T11:26:45Z</time>
        <hdop>15.17</hdop>
        <extensions>
          <speed>0.6</speed>
        </extensions>
      </trkpt>
      <trkpt lat="41.5968818" lon="1.8222879">
        <ele>1021</ele>
        <time>2019-02-25T11:26:51Z</time>
        <hdop>15.17</hdop>
        <extensions>
          <speed>1.95</speed>
        </extensions>
      </trkpt>
      <trkpt lat="41.5970163" lon="1.8223005">
        <ele>1020</ele>
        <time>2019-02-25T11:26:57Z</time>
        <hdop>16.687</hdop>
        <extensions>
          <speed>1.87</speed>
        </extensions>
      </trkpt>
      <trkpt lat="41.5970217" lon="1.8222583">
        <ele>1019</ele>
        <time>2019-02-25T11:27:03Z</time>
        <hdop>16.687</hdop>
        <extensions>
          <speed>1</speed>
        </extensions>
      </trkpt>
      <trkpt lat="41.5970202" lon="1.8222956">
        <ele>1018</ele>
        <time>2019-02-25T11:27:08Z</time>
        <hdop>15.17</hdop>
        <extensions>
          <speed>1.09</speed>
        </extensions>
      </trkpt>
      <trkpt lat="41.5970557" lon="1.8223424">
        <ele>1019</ele>
        <time>2019-02-25T11:27:14Z</time>
        <hdop>13.653</hdop>
        <extensions>
          <speed>1.43</speed>
        </extensions>
      </trkpt>
      <trkpt lat="41.5970972" lon="1.8223593">
        <ele>1018</ele>
        <time>2019-02-25T11:27:19Z</time>
        <hdop>15.17</hdop>
        <extensions>
          <speed>1.6</speed>
        </extensions>
      </trkpt>
      <trkpt lat="41.5971358" lon="1.8224032">
        <ele>1018</ele>
        <time>2019-02-25T11:27:25Z</time>
        <hdop>15.17</hdop>
        <extensions>
          <speed>1.08</speed>
        </extensions>
      </trkpt>
      <trkpt lat="41.5971407" lon="1.8224129">
        <ele>1017</ele>
        <time>2019-02-25T11:27:31Z</time>
        <hdop>15.17</hdop>
      </trkpt>
      <trkpt lat="41.5971866" lon="1.8224011">
        <ele>1022</ele>
        <time>2019-02-25T11:27:36Z</time>
        <hdop>15.17</hdop>
        <extensions>
          <speed>1.02</speed>
        </extensions>
      </trkpt>
      <trkpt lat="41.5972584" lon="1.8223527">
        <ele>1026</ele>
        <time>2019-02-25T11:27:42Z</time>
        <hdop>15.17</hdop>
        <extensions>
          <speed>1.09</speed>
        </extensions>
      </trkpt>
      <trkpt lat="41.5973447" lon="1.8223358">
        <ele>1025</ele>
        <time>2019-02-25T11:27:48Z</time>
        <hdop>15.17</hdop>
        <extensions>
          <speed>1.47</speed>
        </extensions>
      </trkpt>
      <trkpt lat="41.5973835" lon="1.8223248">
        <ele>1024</ele>
        <time>2019-02-25T11:27:53Z</time>
        <hdop>15.17</hdop>
        <extensions>
          <speed>0.45</speed>
        </extensions>
      </trkpt>
      <trkpt lat="41.5974682" lon="1.8223188">
        <ele>1024</ele>
        <time>2019-02-25T11:27:59Z</time>
        <hdop>16.687</hdop>
        <extensions>
          <speed>1.04</speed>
        </extensions>
      </trkpt>
      <trkpt lat="41.597566" lon="1.8223428">
        <ele>1022</ele>
        <time>2019-02-25T11:28:05Z</time>
        <hdop>16.687</hdop>
        <extensions>
          <speed>1.05</speed>
        </extensions>
      </trkpt>
      <trkpt lat="41.5976063" lon="1.8223563">
        <ele>1023</ele>
        <time>2019-02-25T11:28:10Z</time>
        <hdop>18.204</hdop>
        <extensions>
          <speed>0.75</speed>
        </extensions>
      </trkpt>
      <trkpt lat="41.5976313" lon="1.8223649">
        <ele>1025</ele>
        <time>2019-02-25T11:28:16Z</time>
        <hdop>16.687</hdop>
        <extensions>
          <speed>0.55</speed>
        </extensions>
      </trkpt>
      <trkpt lat="41.5976996" lon="1.8223061">
        <ele>1024</ele>
        <time>2019-02-25T11:28:22Z</time>
        <hdop>22.755</hdop>
        <extensions>
          <speed>1.77</speed>
        </extensions>
      </trkpt>
      <trkpt lat="41.5977997" lon="1.8222904">
        <ele>1025</ele>
        <time>2019-02-25T11:28:28Z</time>
        <hdop>22.755</hdop>
        <extensions>
          <speed>1.09</speed>
        </extensions>
      </trkpt>
      <trkpt lat="41.5978003" lon="1.8222383">
        <ele>1025</ele>
        <time>2019-02-25T11:28:33Z</time>
        <hdop>21.238</hdop>
        <extensions>
          <speed>0.94</speed>
        </extensions>
      </trkpt>
      <trkpt lat="41.5978086" lon="1.822202">
        <ele>1025</ele>
        <time>2019-02-25T11:28:38Z</time>
        <hdop>22.755</hdop>
        <extensions>
          <speed>0.88</speed>
        </extensions>
      </trkpt>
      <trkpt lat="41.5978169" lon="1.8221451">
        <ele>1025</ele>
        <time>2019-02-25T11:28:44Z</time>
        <hdop>30.34</hdop>
        <extensions>
          <speed>0.19</speed>
        </extensions>
      </trkpt>
      <trkpt lat="41.5978058" lon="1.8221159">
        <ele>1024</ele>
        <time>2019-02-25T11:28:50Z</time>
        <hdop>21.238</hdop>
        <extensions>
          <speed>0.73</speed>
        </extensions>
      </trkpt>
      <trkpt lat="41.5978801" lon="1.8220855">
        <ele>1023</ele>
        <time>2019-02-25T11:28:55Z</time>
        <hdop>19.721</hdop>
        <extensions>
          <speed>0.62</speed>
        </extensions>
      </trkpt>
      <trkpt lat="41.5979169" lon="1.8220608">
        <ele>1025</ele>
        <time>2019-02-25T11:29:01Z</time>
        <hdop>18.204</hdop>
        <extensions>
          <speed>0.7</speed>
        </extensions>
      </trkpt>
      <trkpt lat="41.5979674" lon="1.8219945">
        <ele>1029</ele>
        <time>2019-02-25T11:29:06Z</time>
        <hdop>16.687</hdop>
        <extensions>
          <speed>1.1</speed>
        </extensions>
      </trkpt>
      <trkpt lat="41.597941" lon="1.8219734">
        <ele>1029</ele>
        <time>2019-02-25T11:29:11Z</time>
        <hdop>15.17</hdop>
        <extensions>
          <speed>1.1</speed>
        </extensions>
      </trkpt>
      <trkpt lat="41.597951" lon="1.8218774">
        <ele>1030</ele>
        <time>2019-02-25T11:29:17Z</time>
        <hdop>15.17</hdop>
        <extensions>
          <speed>1.28</speed>
        </extensions>
      </trkpt>
      <trkpt lat="41.5979939" lon="1.8218052">
        <ele>1030</ele>
        <time>2019-02-25T11:29:22Z</time>
        <hdop>15.17</hdop>
        <extensions>
          <speed>1.17</speed>
        </extensions>
      </trkpt>
      <trkpt lat="41.5980092" lon="1.8217443">
        <ele>1033</ele>
        <time>2019-02-25T11:29:27Z</time>
        <hdop>15.17</hdop>
        <extensions>
          <speed>0.32</speed>
        </extensions>
      </trkpt>
      <trkpt lat="41.5980458" lon="1.8217265">
        <ele>1033</ele>
        <time>2019-02-25T11:29:33Z</time>
        <hdop>15.17</hdop>
        <extensions>
          <speed>1.34</speed>
        </extensions>
      </trkpt>
      <trkpt lat="41.5980626" lon="1.8216321">
        <ele>1034</ele>
        <time>2019-02-25T11:29:39Z</time>
        <hdop>15.17</hdop>
        <extensions>
          <speed>1.04</speed>
        </extensions>
      </trkpt>
      <trkpt lat="41.5981439" lon="1.8215965">
        <ele>1034</ele>
        <time>2019-02-25T11:29:45Z</time>
        <hdop>18.204</hdop>
        <extensions>
          <speed>1.27</speed>
        </extensions>
      </trkpt>
      <trkpt lat="41.5982112" lon="1.8215558">
        <ele>1034</ele>
        <time>2019-02-25T11:29:51Z</time>
        <hdop>16.687</hdop>
        <extensions>
          <speed>1.24</speed>
        </extensions>
      </trkpt>
      <trkpt lat="41.5983036" lon="1.8215076">
        <ele>1033</ele>
        <time>2019-02-25T11:29:57Z</time>
        <hdop>16.687</hdop>
        <extensions>
          <speed>0.72</speed>
        </extensions>
      </trkpt>
      <trkpt lat="41.5983365" lon="1.8214864">
        <ele>1035</ele>
        <time>2019-02-25T11:30:03Z</time>
        <hdop>16.687</hdop>
      </trkpt>
      <trkpt lat="41.5983276" lon="1.8214789">
        <ele>1034</ele>
        <time>2019-02-25T11:30:09Z</time>
        <hdop>16.687</hdop>
      </trkpt>
      <trkpt lat="41.5983179" lon="1.8214762">
        <ele>1034</ele>
        <time>2019-02-25T11:30:14Z</time>
        <hdop>16.687</hdop>
      </trkpt>
      <trkpt lat="41.598317" lon="1.8214756">
        <ele>1034</ele>
        <time>2019-02-25T11:30:20Z</time>
        <hdop>18.204</hdop>
      </trkpt>
      <trkpt lat="41.598317" lon="1.8214756">
        <ele>1034</ele>
        <time>2019-02-25T11:30:26Z</time>
        <hdop>27.306</hdop>
      </trkpt>
      <trkpt lat="41.5983058" lon="1.8214612">
        <ele>1036</ele>
        <time>2019-02-25T11:30:31Z</time>
        <hdop>18.204</hdop>
      </trkpt>
      <trkpt lat="41.598327" lon="1.8214551">
        <ele>1038</ele>
        <time>2019-02-25T11:30:37Z</time>
        <hdop>15.17</hdop>
      </trkpt>
      <trkpt lat="41.598379" lon="1.8213966">
        <ele>1039</ele>
        <time>2019-02-25T11:30:43Z</time>
        <hdop>13.653</hdop>
        <extensions>
          <speed>1.95</speed>
        </extensions>
      </trkpt>
      <trkpt lat="41.5984613" lon="1.8213295">
        <ele>1036</ele>
        <time>2019-02-25T11:30:48Z</time>
        <hdop>13.653</hdop>
        <extensions>
          <speed>0.97</speed>
        </extensions>
      </trkpt>
      <trkpt lat="41.598525" lon="1.8212868">
        <ele>1035</ele>
        <time>2019-02-25T11:30:54Z</time>
        <hdop>15.17</hdop>
        <extensions>
          <speed>2.21</speed>
        </extensions>
      </trkpt>
      <trkpt lat="41.5986357" lon="1.8212403">
        <ele>1033</ele>
        <time>2019-02-25T11:31:00Z</time>
        <hdop>13.653</hdop>
        <extensions>
          <speed>2.04</speed>
        </extensions>
      </trkpt>
      <trkpt lat="41.5987118" lon="1.8212171">
        <ele>1035</ele>
        <time>2019-02-25T11:31:06Z</time>
        <hdop>16.687</hdop>
        <extensions>
          <speed>1.66</speed>
        </extensions>
      </trkpt>
      <trkpt lat="41.598735" lon="1.8212365">
        <ele>1040</ele>
        <time>2019-02-25T11:31:11Z</time>
        <hdop>13.653</hdop>
        <extensions>
          <speed>0.64</speed>
        </extensions>
      </trkpt>
      <trkpt lat="41.5987471" lon="1.821249">
        <ele>1040</ele>
        <time>2019-02-25T11:31:17Z</time>
        <hdop>15.17</hdop>
        <extensions>
          <speed>0.34</speed>
        </extensions>
      </trkpt>
      <trkpt lat="41.598735" lon="1.8212411">
        <ele>1041</ele>
        <time>2019-02-25T11:31:22Z</time>
        <hdop>15.17</hdop>
      </trkpt>
      <trkpt lat="41.5987444" lon="1.8212321">
        <ele>1040</ele>
        <time>2019-02-25T11:31:28Z</time>
        <hdop>16.687</hdop>
      </trkpt>
      <trkpt lat="41.5987458" lon="1.8212311">
        <ele>1040</ele>
        <time>2019-02-25T11:31:33Z</time>
        <hdop>21.238</hdop>
      </trkpt>
      <trkpt lat="41.598746" lon="1.8212309">
        <ele>1040</ele>
        <time>2019-02-25T11:31:39Z</time>
        <hdop>21.238</hdop>
      </trkpt>
      <trkpt lat="41.5987462" lon="1.8212308">
        <ele>1040</ele>
        <time>2019-02-25T11:31:44Z</time>
        <hdop>18.204</hdop>
      </trkpt>
      <trkpt lat="41.5987984" lon="1.8211224">
        <ele>1040</ele>
        <time>2019-02-25T11:31:50Z</time>
        <hdop>19.721</hdop>
        <extensions>
          <speed>0.51</speed>
        </extensions>
      </trkpt>
      <trkpt lat="41.5988681" lon="1.8209995">
        <ele>1037</ele>
        <time>2019-02-25T11:31:56Z</time>
        <hdop>18.204</hdop>
        <extensions>
          <speed>0.81</speed>
        </extensions>
      </trkpt>
      <trkpt lat="41.5989586" lon="1.8208814">
        <ele>1036</ele>
        <time>2019-02-25T11:32:01Z</time>
        <hdop>24.272</hdop>
        <extensions>
          <speed>2.01</speed>
        </extensions>
      </trkpt>
      <trkpt lat="41.5991028" lon="1.8207896">
        <ele>1038</ele>
        <time>2019-02-25T11:32:06Z</time>
        <hdop>24.272</hdop>
        <extensions>
          <speed>1.22</speed>
        </extensions>
      </trkpt>
      <trkpt lat="41.5991345" lon="1.8207324">
        <ele>1044</ele>
        <time>2019-02-25T11:32:11Z</time>
        <hdop>16.687</hdop>
        <extensions>
          <speed>1.24</speed>
        </extensions>
      </trkpt>
      <trkpt lat="41.599156" lon="1.8206832">
        <ele>1046</ele>
        <time>2019-02-25T11:32:17Z</time>
        <hdop>15.17</hdop>
        <extensions>
          <speed>1.07</speed>
        </extensions>
      </trkpt>
      <trkpt lat="41.5991696" lon="1.8206402">
        <ele>1045</ele>
        <time>2019-02-25T11:32:23Z</time>
        <hdop>15.17</hdop>
        <extensions>
          <speed>0.56</speed>
        </extensions>
      </trkpt>
      <trkpt lat="41.5991884" lon="1.8206164">
        <ele>1047</ele>
        <time>2019-02-25T11:32:29Z</time>
        <hdop>13.653</hdop>
      </trkpt>
      <trkpt lat="41.599191" lon="1.820606">
        <ele>1046</ele>
        <time>2019-02-25T11:32:35Z</time>
        <hdop>13.653</hdop>
      </trkpt>
      <trkpt lat="41.5991593" lon="1.8205485">
        <ele>1043</ele>
        <time>2019-02-25T11:32:40Z</time>
        <hdop>13.653</hdop>
        <extensions>
          <speed>0.76</speed>
        </extensions>
      </trkpt>
      <trkpt lat="41.5991636" lon="1.8204562">
        <ele>1044</ele>
        <time>2019-02-25T11:32:46Z</time>
        <hdop>13.653</hdop>
        <extensions>
          <speed>1.06</speed>
        </extensions>
      </trkpt>
      <trkpt lat="41.5991886" lon="1.8203692">
        <ele>1044</ele>
        <time>2019-02-25T11:32:52Z</time>
        <hdop>13.653</hdop>
        <extensions>
          <speed>0.47</speed>
        </extensions>
      </trkpt>
      <trkpt lat="41.5992158" lon="1.8203024">
        <ele>1045</ele>
        <time>2019-02-25T11:32:58Z</time>
        <hdop>15.17</hdop>
        <extensions>
          <speed>1.12</speed>
        </extensions>
      </trkpt>
      <trkpt lat="41.5992647" lon="1.8202516">
        <ele>1045</ele>
        <time>2019-02-25T11:33:03Z</time>
        <hdop>13.653</hdop>
        <extensions>
          <speed>1.18</speed>
        </extensions>
      </trkpt>
      <trkpt lat="41.5993223" lon="1.8202009">
        <ele>1047</ele>
        <time>2019-02-25T11:33:09Z</time>
        <hdop>4.551</hdop>
        <extensions>
          <speed>0.83</speed>
        </extensions>
      </trkpt>
      <trkpt lat="41.5993078" lon="1.820159">
        <ele>1051</ele>
        <time>2019-02-25T11:33:15Z</time>
        <hdop>4.551</hdop>
        <extensions>
          <speed>1.04</speed>
        </extensions>
      </trkpt>
      <trkpt lat="41.5992836" lon="1.8200933">
        <ele>1052</ele>
        <time>2019-02-25T11:33:21Z</time>
        <hdop>4.551</hdop>
        <extensions>
          <speed>0.82</speed>
        </extensions>
      </trkpt>
      <trkpt lat="41.5992754" lon="1.8200388">
        <ele>1053</ele>
        <time>2019-02-25T11:33:27Z</time>
        <hdop>4.551</hdop>
        <extensions>
          <speed>0.65</speed>
        </extensions>
      </trkpt>
      <trkpt lat="41.5992937" lon="1.8199622">
        <ele>1052</ele>
        <time>2019-02-25T11:33:33Z</time>
        <hdop>4.551</hdop>
        <extensions>
          <speed>0.41</speed>
        </extensions>
      </trkpt>
      <trkpt lat="41.5992935" lon="1.8199128">
        <ele>1053</ele>
        <time>2019-02-25T11:33:38Z</time>
        <hdop>4.551</hdop>
        <extensions>
          <speed>0.67</speed>
        </extensions>
      </trkpt>
      <trkpt lat="41.5992826" lon="1.8198687">
        <ele>1055</ele>
        <time>2019-02-25T11:33:44Z</time>
        <hdop>4.551</hdop>
        <extensions>
          <speed>1.08</speed>
        </extensions>
      </trkpt>
      <trkpt lat="41.5993194" lon="1.8197849">
        <ele>1056</ele>
        <time>2019-02-25T11:33:50Z</time>
        <hdop>4.551</hdop>
        <extensions>
          <speed>1.04</speed>
        </extensions>
      </trkpt>
      <trkpt lat="41.59933" lon="1.8197379">
        <ele>1058</ele>
        <time>2019-02-25T11:33:55Z</time>
        <hdop>4.551</hdop>
        <extensions>
          <speed>0.66</speed>
        </extensions>
      </trkpt>
      <trkpt lat="41.599327" lon="1.8196954">
        <ele>1057</ele>
        <time>2019-02-25T11:34:01Z</time>
        <hdop>4.551</hdop>
      </trkpt>
      <trkpt lat="41.5993145" lon="1.8196731">
        <ele>1055</ele>
        <time>2019-02-25T11:34:06Z</time>
        <hdop>4.551</hdop>
      </trkpt>
      <trkpt lat="41.599306" lon="1.8196645">
        <ele>1053</ele>
        <time>2019-02-25T11:34:12Z</time>
        <hdop>6.068</hdop>
      </trkpt>
      <trkpt lat="41.5992988" lon="1.8196569">
        <ele>1053</ele>
        <time>2019-02-25T11:34:18Z</time>
        <hdop>6.068</hdop>
      </trkpt>
      <trkpt lat="41.599314" lon="1.8196576">
        <ele>1054</ele>
        <time>2019-02-25T11:34:24Z</time>
        <hdop>10.619</hdop>
      </trkpt>
      <trkpt lat="41.5993164" lon="1.8196565">
        <ele>1054</ele>
        <time>2019-02-25T11:34:30Z</time>
        <hdop>9.102</hdop>
      </trkpt>
      <trkpt lat="41.5993164" lon="1.8196563">
        <ele>1054</ele>
        <time>2019-02-25T11:34:35Z</time>
        <hdop>10.619</hdop>
      </trkpt>
      <trkpt lat="41.5993165" lon="1.8196562">
        <ele>1054</ele>
        <time>2019-02-25T11:34:41Z</time>
        <hdop>15.17</hdop>
      </trkpt>
      <trkpt lat="41.5993164" lon="1.819591">
        <ele>1056</ele>
        <time>2019-02-25T11:34:47Z</time>
        <hdop>12.136</hdop>
        <extensions>
          <speed>1.4</speed>
        </extensions>
      </trkpt>
      <trkpt lat="41.5993806" lon="1.8195037">
        <ele>1056</ele>
        <time>2019-02-25T11:34:52Z</time>
        <hdop>12.136</hdop>
        <extensions>
          <speed>1.25</speed>
        </extensions>
      </trkpt>
      <trkpt lat="41.599372" lon="1.8194404">
        <ele>1055</ele>
        <time>2019-02-25T11:34:57Z</time>
        <hdop>10.619</hdop>
        <extensions>
          <speed>1.03</speed>
        </extensions>
      </trkpt>
      <trkpt lat="41.5993751" lon="1.819431">
        <ele>1056</ele>
        <time>2019-02-25T11:35:03Z</time>
        <hdop>7.585</hdop>
        <extensions>
          <speed>0.9</speed>
        </extensions>
      </trkpt>
      <trkpt lat="41.5993701" lon="1.8193411">
        <ele>1055</ele>
        <time>2019-02-25T11:35:09Z</time>
        <hdop>6.068</hdop>
        <extensions>
          <speed>0.77</speed>
        </extensions>
      </trkpt>
      <trkpt lat="41.5993555" lon="1.8192491">
        <ele>1056</ele>
        <time>2019-02-25T11:35:14Z</time>
        <hdop>6.068</hdop>
        <extensions>
          <speed>1.01</speed>
        </extensions>
      </trkpt>
      <trkpt lat="41.5993174" lon="1.8191965">
        <ele>1055</ele>
        <time>2019-02-25T11:35:19Z</time>
        <hdop>6.068</hdop>
        <extensions>
          <speed>1.38</speed>
        </extensions>
      </trkpt>
      <trkpt lat="41.5992945" lon="1.8191154">
        <ele>1057</ele>
        <time>2019-02-25T11:35:25Z</time>
        <hdop>7.585</hdop>
        <extensions>
          <speed>1.11</speed>
        </extensions>
      </trkpt>
      <trkpt lat="41.5992755" lon="1.8190718">
        <ele>1058</ele>
        <time>2019-02-25T11:35:30Z</time>
        <hdop>6.068</hdop>
        <extensions>
          <speed>1.89</speed>
        </extensions>
      </trkpt>
      <trkpt lat="41.5993169" lon="1.8189952">
        <ele>1059</ele>
        <time>2019-02-25T11:35:36Z</time>
        <hdop>6.068</hdop>
        <extensions>
          <speed>1.17</speed>
        </extensions>
      </trkpt>
      <trkpt lat="41.5993528" lon="1.8189575">
        <ele>1059</ele>
        <time>2019-02-25T11:35:41Z</time>
        <hdop>6.068</hdop>
        <extensions>
          <speed>0.65</speed>
        </extensions>
      </trkpt>
      <trkpt lat="41.5993693" lon="1.8189309">
        <ele>1060</ele>
        <time>2019-02-25T11:35:47Z</time>
        <hdop>9.102</hdop>
        <extensions>
          <speed>1.04</speed>
        </extensions>
      </trkpt>
      <trkpt lat="41.5994199" lon="1.8189092">
        <ele>1062</ele>
        <time>2019-02-25T11:35:53Z</time>
        <hdop>13.653</hdop>
        <extensions>
          <speed>0.86</speed>
        </extensions>
      </trkpt>
      <trkpt lat="41.5994553" lon="1.8188669">
        <ele>1067</ele>
        <time>2019-02-25T11:35:59Z</time>
        <hdop>10.619</hdop>
        <extensions>
          <speed>0.86</speed>
        </extensions>
      </trkpt>
      <trkpt lat="41.5994939" lon="1.8188408">
        <ele>1067</ele>
        <time>2019-02-25T11:36:05Z</time>
        <hdop>9.102</hdop>
        <extensions>
          <speed>0.76</speed>
        </extensions>
      </trkpt>
      <trkpt lat="41.5995573" lon="1.8188619">
        <ele>1068</ele>
        <time>2019-02-25T11:36:11Z</time>
        <hdop>6.068</hdop>
        <extensions>
          <speed>0.76</speed>
        </extensions>
      </trkpt>
      <trkpt lat="41.5996258" lon="1.818864">
        <ele>1069</ele>
        <time>2019-02-25T11:36:17Z</time>
        <hdop>4.551</hdop>
        <extensions>
          <speed>0.57</speed>
        </extensions>
      </trkpt>
      <trkpt lat="41.5996612" lon="1.8188368">
        <ele>1070</ele>
        <time>2019-02-25T11:36:23Z</time>
        <hdop>13.653</hdop>
        <extensions>
          <speed>0.44</speed>
        </extensions>
      </trkpt>
      <trkpt lat="41.5997154" lon="1.818798">
        <ele>1069</ele>
        <time>2019-02-25T11:36:29Z</time>
        <hdop>13.653</hdop>
        <extensions>
          <speed>1.12</speed>
        </extensions>
      </trkpt>
      <trkpt lat="41.5997524" lon="1.8187135">
        <ele>1069</ele>
        <time>2019-02-25T11:36:35Z</time>
        <hdop>13.653</hdop>
        <extensions>
          <speed>0.61</speed>
        </extensions>
      </trkpt>
      <trkpt lat="41.5997645" lon="1.8186306">
        <ele>1070</ele>
        <time>2019-02-25T11:36:40Z</time>
        <hdop>13.653</hdop>
        <extensions>
          <speed>1.17</speed>
        </extensions>
      </trkpt>
      <trkpt lat="41.599837" lon="1.8186035">
        <ele>1070</ele>
        <time>2019-02-25T11:36:46Z</time>
        <hdop>13.653</hdop>
        <extensions>
          <speed>1.54</speed>
        </extensions>
      </trkpt>
      <trkpt lat="41.5998971" lon="1.8185614">
        <ele>1072</ele>
        <time>2019-02-25T11:36:51Z</time>
        <hdop>15.17</hdop>
        <extensions>
          <speed>1.18</speed>
        </extensions>
      </trkpt>
      <trkpt lat="41.599953" lon="1.8185339">
        <ele>1074</ele>
        <time>2019-02-25T11:36:56Z</time>
        <hdop>15.17</hdop>
        <extensions>
          <speed>1.53</speed>
        </extensions>
      </trkpt>
      <trkpt lat="41.6000298" lon="1.818503">
        <ele>1073</ele>
        <time>2019-02-25T11:37:02Z</time>
        <hdop>15.17</hdop>
        <extensions>
          <speed>0.84</speed>
        </extensions>
      </trkpt>
      <trkpt lat="41.6000632" lon="1.8184766">
        <ele>1074</ele>
        <time>2019-02-25T11:37:07Z</time>
        <hdop>15.17</hdop>
        <extensions>
          <speed>1</speed>
        </extensions>
      </trkpt>
      <trkpt lat="41.6000873" lon="1.8184533">
        <ele>1073</ele>
        <time>2019-02-25T11:37:12Z</time>
        <hdop>13.653</hdop>
        <extensions>
          <speed>1.09</speed>
        </extensions>
      </trkpt>
      <trkpt lat="41.6001438" lon="1.8184038">
        <ele>1072</ele>
        <time>2019-02-25T11:37:18Z</time>
        <hdop>15.17</hdop>
        <extensions>
          <speed>1.27</speed>
        </extensions>
      </trkpt>
      <trkpt lat="41.6002099" lon="1.81838">
        <ele>1071</ele>
        <time>2019-02-25T11:37:23Z</time>
        <hdop>15.17</hdop>
        <extensions>
          <speed>1.5</speed>
        </extensions>
      </trkpt>
      <trkpt lat="41.6002486" lon="1.81834">
        <ele>1070</ele>
        <time>2019-02-25T11:37:29Z</time>
        <hdop>15.17</hdop>
        <extensions>
          <speed>1.1</speed>
        </extensions>
      </trkpt>
      <trkpt lat="41.60023" lon="1.8182432">
        <ele>1074</ele>
        <time>2019-02-25T11:37:35Z</time>
        <hdop>13.653</hdop>
        <extensions>
          <speed>1.69</speed>
        </extensions>
      </trkpt>
      <trkpt lat="41.600239" lon="1.8181589">
        <ele>1076</ele>
        <time>2019-02-25T11:37:40Z</time>
        <hdop>13.653</hdop>
        <extensions>
          <speed>0.8</speed>
        </extensions>
      </trkpt>
      <trkpt lat="41.6002319" lon="1.8181032">
        <ele>1076</ele>
        <time>2019-02-25T11:37:46Z</time>
        <hdop>13.653</hdop>
        <extensions>
          <speed>1.01</speed>
        </extensions>
      </trkpt>
      <trkpt lat="41.6002459" lon="1.8180625">
        <ele>1076</ele>
        <time>2019-02-25T11:37:51Z</time>
        <hdop>15.17</hdop>
        <extensions>
          <speed>1.16</speed>
        </extensions>
      </trkpt>
      <trkpt lat="41.6002672" lon="1.8180006">
        <ele>1076</ele>
        <time>2019-02-25T11:37:56Z</time>
        <hdop>13.653</hdop>
        <extensions>
          <speed>1</speed>
        </extensions>
      </trkpt>
      <trkpt lat="41.6002777" lon="1.8179534">
        <ele>1079</ele>
        <time>2019-02-25T11:38:02Z</time>
        <hdop>13.653</hdop>
        <extensions>
          <speed>1.39</speed>
        </extensions>
      </trkpt>
      <trkpt lat="41.6003258" lon="1.8179248">
        <ele>1081</ele>
        <time>2019-02-25T11:38:07Z</time>
        <hdop>13.653</hdop>
        <extensions>
          <speed>1</speed>
        </extensions>
      </trkpt>
      <trkpt lat="41.6003249" lon="1.8178373">
        <ele>1081</ele>
        <time>2019-02-25T11:38:13Z</time>
        <hdop>15.17</hdop>
        <extensions>
          <speed>0.73</speed>
        </extensions>
      </trkpt>
      <trkpt lat="41.6003662" lon="1.8177761">
        <ele>1080</ele>
        <time>2019-02-25T11:38:18Z</time>
        <hdop>15.17</hdop>
        <extensions>
          <speed>0.87</speed>
        </extensions>
      </trkpt>
      <trkpt lat="41.6003496" lon="1.8177087">
        <ele>1083</ele>
        <time>2019-02-25T11:38:24Z</time>
        <hdop>15.17</hdop>
        <extensions>
          <speed>0.77</speed>
        </extensions>
      </trkpt>
      <trkpt lat="41.6003637" lon="1.8176365">
        <ele>1086</ele>
        <time>2019-02-25T11:38:29Z</time>
        <hdop>15.17</hdop>
        <extensions>
          <speed>1.05</speed>
        </extensions>
      </trkpt>
      <trkpt lat="41.6003701" lon="1.8175623">
        <ele>1087</ele>
        <time>2019-02-25T11:38:35Z</time>
        <hdop>15.17</hdop>
        <extensions>
          <speed>1.12</speed>
        </extensions>
      </trkpt>
      <trkpt lat="41.6004146" lon="1.8175275">
        <ele>1088</ele>
        <time>2019-02-25T11:38:40Z</time>
        <hdop>16.687</hdop>
        <extensions>
          <speed>0.7</speed>
        </extensions>
      </trkpt>
      <trkpt lat="41.6004027" lon="1.8174472">
        <ele>1088</ele>
        <time>2019-02-25T11:38:45Z</time>
        <hdop>16.687</hdop>
        <extensions>
          <speed>1.03</speed>
        </extensions>
      </trkpt>
      <trkpt lat="41.60046" lon="1.8174274">
        <ele>1089</ele>
        <time>2019-02-25T11:38:51Z</time>
        <hdop>15.17</hdop>
        <extensions>
          <speed>0.66</speed>
        </extensions>
      </trkpt>
      <trkpt lat="41.6004968" lon="1.8174286">
        <ele>1089</ele>
        <time>2019-02-25T11:38:57Z</time>
        <hdop>16.687</hdop>
        <extensions>
          <speed>0.24</speed>
        </extensions>
      </trkpt>
      <trkpt lat="41.6005634" lon="1.8173515">
        <ele>1088</ele>
        <time>2019-02-25T11:39:03Z</time>
        <hdop>16.687</hdop>
        <extensions>
          <speed>1.14</speed>
        </extensions>
      </trkpt>
      <trkpt lat="41.6006241" lon="1.8172778">
        <ele>1090</ele>
        <time>2019-02-25T11:39:08Z</time>
        <hdop>16.687</hdop>
        <extensions>
          <speed>0.46</speed>
        </extensions>
      </trkpt>
      <trkpt lat="41.6006592" lon="1.8172695">
        <ele>1089</ele>
        <time>2019-02-25T11:39:14Z</time>
        <hdop>15.17</hdop>
        <extensions>
          <speed>1.03</speed>
        </extensions>
      </trkpt>
      <trkpt lat="41.6007272" lon="1.8172984">
        <ele>1089</ele>
        <time>2019-02-25T11:39:19Z</time>
        <hdop>15.17</hdop>
        <extensions>
          <speed>0.85</speed>
        </extensions>
      </trkpt>
      <trkpt lat="41.6007925" lon="1.8172819">
        <ele>1090</ele>
        <time>2019-02-25T11:39:25Z</time>
        <hdop>16.687</hdop>
        <extensions>
          <speed>1.1</speed>
        </extensions>
      </trkpt>
      <trkpt lat="41.6008478" lon="1.8172502">
        <ele>1091</ele>
        <time>2019-02-25T11:39:31Z</time>
        <hdop>13.653</hdop>
        <extensions>
          <speed>0.93</speed>
        </extensions>
      </trkpt>
      <trkpt lat="41.6008957" lon="1.8172691">
        <ele>1094</ele>
        <time>2019-02-25T11:39:36Z</time>
        <hdop>15.17</hdop>
        <extensions>
          <speed>1.12</speed>
        </extensions>
      </trkpt>
      <trkpt lat="41.6009107" lon="1.8172444">
        <ele>1094</ele>
        <time>2019-02-25T11:39:42Z</time>
        <hdop>16.687</hdop>
        <extensions>
          <speed>0.94</speed>
        </extensions>
      </trkpt>
      <trkpt lat="41.6009632" lon="1.8172647">
        <ele>1094</ele>
        <time>2019-02-25T11:39:48Z</time>
        <hdop>16.687</hdop>
        <extensions>
          <speed>0.96</speed>
        </extensions>
      </trkpt>
      <trkpt lat="41.6010176" lon="1.8173016">
        <ele>1093</ele>
        <time>2019-02-25T11:39:53Z</time>
        <hdop>16.687</hdop>
        <extensions>
          <speed>0.97</speed>
        </extensions>
      </trkpt>
      <trkpt lat="41.6010641" lon="1.8172864">
        <ele>1092</ele>
        <time>2019-02-25T11:39:59Z</time>
        <hdop>16.687</hdop>
        <extensions>
          <speed>0.3</speed>
        </extensions>
      </trkpt>
      <trkpt lat="41.6011008" lon="1.8173486">
        <ele>1090</ele>
        <time>2019-02-25T11:40:05Z</time>
        <hdop>18.204</hdop>
        <extensions>
          <speed>0.92</speed>
        </extensions>
      </trkpt>
      <trkpt lat="41.6011723" lon="1.8173948">
        <ele>1092</ele>
        <time>2019-02-25T11:40:11Z</time>
        <hdop>16.687</hdop>
        <extensions>
          <speed>1.11</speed>
        </extensions>
      </trkpt>
      <trkpt lat="41.6011813" lon="1.8173593">
        <ele>1095</ele>
        <time>2019-02-25T11:40:16Z</time>
        <hdop>19.721</hdop>
        <extensions>
          <speed>0.87</speed>
        </extensions>
      </trkpt>
      <trkpt lat="41.6011885" lon="1.8173314">
        <ele>1096</ele>
        <time>2019-02-25T11:40:22Z</time>
        <hdop>16.687</hdop>
      </trkpt>
      <trkpt lat="41.6011753" lon="1.8173044">
        <ele>1095</ele>
        <time>2019-02-25T11:40:27Z</time>
        <hdop>16.687</hdop>
      </trkpt>
      <trkpt lat="41.601152" lon="1.817294">
        <ele>1095</ele>
        <time>2019-02-25T11:40:33Z</time>
        <hdop>15.17</hdop>
      </trkpt>
      <trkpt lat="41.6011476" lon="1.8172895">
        <ele>1095</ele>
        <time>2019-02-25T11:40:38Z</time>
        <hdop>15.17</hdop>
      </trkpt>
      <trkpt lat="41.6011478" lon="1.817289">
        <ele>1096</ele>
        <time>2019-02-25T11:40:44Z</time>
        <hdop>15.17</hdop>
      </trkpt>
      <trkpt lat="41.6011499" lon="1.8172907">
        <ele>1095</ele>
        <time>2019-02-25T11:40:50Z</time>
        <hdop>15.17</hdop>
        <extensions>
          <speed>0.27</speed>
        </extensions>
      </trkpt>
      <trkpt lat="41.6011722" lon="1.8172831">
        <ele>1099</ele>
        <time>2019-02-25T11:40:56Z</time>
        <hdop>15.17</hdop>
      </trkpt>
      <trkpt lat="41.6012071" lon="1.817246">
        <ele>1102</ele>
        <time>2019-02-25T11:41:01Z</time>
        <hdop>15.17</hdop>
      </trkpt>
      <trkpt lat="41.6012088" lon="1.8172287">
        <ele>1101</ele>
        <time>2019-02-25T11:41:07Z</time>
        <hdop>15.17</hdop>
      </trkpt>
      <trkpt lat="41.6012303" lon="1.8171904">
        <ele>1104</ele>
        <time>2019-02-25T11:41:13Z</time>
        <hdop>15.17</hdop>
        <extensions>
          <speed>0.67</speed>
        </extensions>
      </trkpt>
      <trkpt lat="41.6012526" lon="1.8171066">
        <ele>1104</ele>
        <time>2019-02-25T11:41:19Z</time>
        <hdop>13.653</hdop>
        <extensions>
          <speed>1.29</speed>
        </extensions>
      </trkpt>
      <trkpt lat="41.6012433" lon="1.8170658">
        <ele>1107</ele>
        <time>2019-02-25T11:41:24Z</time>
        <hdop>15.17</hdop>
        <extensions>
          <speed>0.44</speed>
        </extensions>
      </trkpt>
      <trkpt lat="41.6012289" lon="1.8170318">
        <ele>1108</ele>
        <time>2019-02-25T11:41:30Z</time>
        <hdop>16.687</hdop>
        <extensions>
          <speed>0.5</speed>
        </extensions>
      </trkpt>
      <trkpt lat="41.6012442" lon="1.8169994">
        <ele>1105</ele>
        <time>2019-02-25T11:41:35Z</time>
        <hdop>16.687</hdop>
        <extensions>
          <speed>0.28</speed>
        </extensions>
      </trkpt>
      <trkpt lat="41.601248" lon="1.8169955">
        <ele>1104</ele>
        <time>2019-02-25T11:41:40Z</time>
        <hdop>15.17</hdop>
        <extensions>
          <speed>1.27</speed>
        </extensions>
      </trkpt>
      <trkpt lat="41.6012982" lon="1.8169993">
        <ele>1104</ele>
        <time>2019-02-25T11:41:46Z</time>
        <hdop>15.17</hdop>
        <extensions>
          <speed>0.8</speed>
        </extensions>
      </trkpt>
      <trkpt lat="41.6013446" lon="1.8170327">
        <ele>1106</ele>
        <time>2019-02-25T11:41:52Z</time>
        <hdop>13.653</hdop>
        <extensions>
          <speed>1.33</speed>
        </extensions>
      </trkpt>
      <trkpt lat="41.6014002" lon="1.817045">
        <ele>1105</ele>
        <time>2019-02-25T11:41:58Z</time>
        <hdop>4.551</hdop>
        <extensions>
          <speed>0.9</speed>
        </extensions>
      </trkpt>
      <trkpt lat="41.6014401" lon="1.8170728">
        <ele>1106</ele>
        <time>2019-02-25T11:42:03Z</time>
        <hdop>6.068</hdop>
        <extensions>
          <speed>1.1</speed>
        </extensions>
      </trkpt>
      <trkpt lat="41.6014713" lon="1.817086">
        <ele>1112</ele>
        <time>2019-02-25T11:42:09Z</time>
        <hdop>6.068</hdop>
        <extensions>
          <speed>0.65</speed>
        </extensions>
      </trkpt>
      <trkpt lat="41.6015152" lon="1.8171036">
        <ele>1114</ele>
        <time>2019-02-25T11:42:15Z</time>
        <hdop>6.068</hdop>
        <extensions>
          <speed>1.36</speed>
        </extensions>
      </trkpt>
      <trkpt lat="41.6015736" lon="1.8171325">
        <ele>1116</ele>
        <time>2019-02-25T11:42:21Z</time>
        <hdop>6.068</hdop>
        <extensions>
          <speed>1.32</speed>
        </extensions>
      </trkpt>
      <trkpt lat="41.6016153" lon="1.8171808">
        <ele>1117</ele>
        <time>2019-02-25T11:42:26Z</time>
        <hdop>6.068</hdop>
        <extensions>
          <speed>1.11</speed>
        </extensions>
      </trkpt>
      <trkpt lat="41.6016574" lon="1.8172217">
        <ele>1120</ele>
        <time>2019-02-25T11:42:32Z</time>
        <hdop>7.585</hdop>
        <extensions>
          <speed>0.8</speed>
        </extensions>
      </trkpt>
      <trkpt lat="41.601697" lon="1.8172437">
        <ele>1119</ele>
        <time>2019-02-25T11:42:38Z</time>
        <hdop>7.585</hdop>
        <extensions>
          <speed>1.18</speed>
        </extensions>
      </trkpt>
      <trkpt lat="41.6017054" lon="1.8171894">
        <ele>1120</ele>
        <time>2019-02-25T11:42:43Z</time>
        <hdop>9.102</hdop>
        <extensions>
          <speed>0.69</speed>
        </extensions>
      </trkpt>
      <trkpt lat="41.6016978" lon="1.8171486">
        <ele>1120</ele>
        <time>2019-02-25T11:42:48Z</time>
        <hdop>9.102</hdop>
        <extensions>
          <speed>1.02</speed>
        </extensions>
      </trkpt>
      <trkpt lat="41.6016768" lon="1.8170933">
        <ele>1121</ele>
        <time>2019-02-25T11:42:54Z</time>
        <hdop>6.068</hdop>
        <extensions>
          <speed>1.53</speed>
        </extensions>
      </trkpt>
      <trkpt lat="41.6016682" lon="1.8170147">
        <ele>1120</ele>
        <time>2019-02-25T11:42:59Z</time>
        <hdop>13.653</hdop>
        <extensions>
          <speed>1.23</speed>
        </extensions>
      </trkpt>
      <trkpt lat="41.6016706" lon="1.8169854">
        <ele>1120</ele>
        <time>2019-02-25T11:43:04Z</time>
        <hdop>13.653</hdop>
      </trkpt>
      <trkpt lat="41.6016591" lon="1.8169449">
        <ele>1122</ele>
        <time>2019-02-25T11:43:10Z</time>
        <hdop>15.17</hdop>
        <extensions>
          <speed>0.9</speed>
        </extensions>
      </trkpt>
      <trkpt lat="41.6016346" lon="1.8168824">
        <ele>1125</ele>
        <time>2019-02-25T11:43:16Z</time>
        <hdop>13.653</hdop>
        <extensions>
          <speed>1.17</speed>
        </extensions>
      </trkpt>
      <trkpt lat="41.601598" lon="1.8168254">
        <ele>1124</ele>
        <time>2019-02-25T11:43:21Z</time>
        <hdop>6.068</hdop>
        <extensions>
          <speed>2</speed>
        </extensions>
      </trkpt>
      <trkpt lat="41.6015647" lon="1.8167378">
        <ele>1125</ele>
        <time>2019-02-25T11:43:27Z</time>
        <hdop>4.551</hdop>
        <extensions>
          <speed>1.32</speed>
        </extensions>
      </trkpt>
      <trkpt lat="41.6015761" lon="1.8166706">
        <ele>1125</ele>
        <time>2019-02-25T11:43:33Z</time>
        <hdop>4.551</hdop>
        <extensions>
          <speed>0.84</speed>
        </extensions>
      </trkpt>
      <trkpt lat="41.6016187" lon="1.8166465">
        <ele>1126</ele>
        <time>2019-02-25T11:43:39Z</time>
        <hdop>7.585</hdop>
        <extensions>
          <speed>0.72</speed>
        </extensions>
      </trkpt>
      <trkpt lat="41.6016403" lon="1.8165582">
        <ele>1126</ele>
        <time>2019-02-25T11:43:44Z</time>
        <hdop>4.551</hdop>
        <extensions>
          <speed>0.98</speed>
        </extensions>
      </trkpt>
      <trkpt lat="41.6016546" lon="1.816499">
        <ele>1128</ele>
        <time>2019-02-25T11:43:49Z</time>
        <hdop>4.551</hdop>
        <extensions>
          <speed>0.84</speed>
        </extensions>
      </trkpt>
      <trkpt lat="41.6016934" lon="1.8164359">
        <ele>1128</ele>
        <time>2019-02-25T11:43:55Z</time>
        <hdop>4.551</hdop>
        <extensions>
          <speed>0.84</speed>
        </extensions>
      </trkpt>
      <trkpt lat="41.601708" lon="1.8163627">
        <ele>1129</ele>
        <time>2019-02-25T11:44:01Z</time>
        <hdop>4.551</hdop>
        <extensions>
          <speed>1.34</speed>
        </extensions>
      </trkpt>
      <trkpt lat="41.6017266" lon="1.8162881">
        <ele>1130</ele>
        <time>2019-02-25T11:44:07Z</time>
        <hdop>4.551</hdop>
        <extensions>
          <speed>1.09</speed>
        </extensions>
      </trkpt>
      <trkpt lat="41.6017419" lon="1.8162505">
        <ele>1132</ele>
        <time>2019-02-25T11:44:12Z</time>
        <hdop>4.551</hdop>
        <extensions>
          <speed>0.41</speed>
        </extensions>
      </trkpt>
      <trkpt lat="41.6017663" lon="1.8161887">
        <ele>1131</ele>
        <time>2019-02-25T11:44:18Z</time>
        <hdop>6.068</hdop>
        <extensions>
          <speed>1.17</speed>
        </extensions>
      </trkpt>
      <trkpt lat="41.6017968" lon="1.8161288">
        <ele>1132</ele>
        <time>2019-02-25T11:44:23Z</time>
        <hdop>4.551</hdop>
        <extensions>
          <speed>0.69</speed>
        </extensions>
      </trkpt>
      <trkpt lat="41.6018302" lon="1.8160666">
        <ele>1131</ele>
        <time>2019-02-25T11:44:29Z</time>
        <hdop>4.551</hdop>
        <extensions>
          <speed>0.87</speed>
        </extensions>
      </trkpt>
      <trkpt lat="41.601869" lon="1.8160306">
        <ele>1134</ele>
        <time>2019-02-25T11:44:34Z</time>
        <hdop>4.551</hdop>
        <extensions>
          <speed>1.29</speed>
        </extensions>
      </trkpt>
      <trkpt lat="41.6019" lon="1.816004">
        <ele>1137</ele>
        <time>2019-02-25T11:44:39Z</time>
        <hdop>6.068</hdop>
        <extensions>
          <speed>0.91</speed>
        </extensions>
      </trkpt>
      <trkpt lat="41.6019486" lon="1.8159834">
        <ele>1138</ele>
        <time>2019-02-25T11:44:45Z</time>
        <hdop>6.068</hdop>
        <extensions>
          <speed>0.73</speed>
        </extensions>
      </trkpt>
      <trkpt lat="41.6019938" lon="1.8159094">
        <ele>1140</ele>
        <time>2019-02-25T11:44:51Z</time>
        <hdop>7.585</hdop>
        <extensions>
          <speed>0.86</speed>
        </extensions>
      </trkpt>
      <trkpt lat="41.6020231" lon="1.8158561">
        <ele>1142</ele>
        <time>2019-02-25T11:44:56Z</time>
        <hdop>7.585</hdop>
        <extensions>
          <speed>0.59</speed>
        </extensions>
      </trkpt>
      <trkpt lat="41.6020536" lon="1.8158194">
        <ele>1145</ele>
        <time>2019-02-25T11:45:01Z</time>
        <hdop>9.102</hdop>
        <extensions>
          <speed>1.08</speed>
        </extensions>
      </trkpt>
      <trkpt lat="41.6021154" lon="1.8157542">
        <ele>1143</ele>
        <time>2019-02-25T11:45:07Z</time>
        <hdop>10.619</hdop>
        <extensions>
          <speed>1.23</speed>
        </extensions>
      </trkpt>
      <trkpt lat="41.6021836" lon="1.8157291">
        <ele>1142</ele>
        <time>2019-02-25T11:45:12Z</time>
        <hdop>10.619</hdop>
        <extensions>
          <speed>1.25</speed>
        </extensions>
      </trkpt>
      <trkpt lat="41.6022087" lon="1.8156703">
        <ele>1141</ele>
        <time>2019-02-25T11:45:18Z</time>
        <hdop>13.653</hdop>
        <extensions>
          <speed>1.4</speed>
        </extensions>
      </trkpt>
      <trkpt lat="41.6022303" lon="1.8156029">
        <ele>1141</ele>
        <time>2019-02-25T11:45:23Z</time>
        <hdop>13.653</hdop>
        <extensions>
          <speed>1.43</speed>
        </extensions>
      </trkpt>
      <trkpt lat="41.6022483" lon="1.815539">
        <ele>1140</ele>
        <time>2019-02-25T11:45:29Z</time>
        <hdop>9.102</hdop>
        <extensions>
          <speed>1.79</speed>
        </extensions>
      </trkpt>
      <trkpt lat="41.6022911" lon="1.8154309">
        <ele>1135</ele>
        <time>2019-02-25T11:45:35Z</time>
        <hdop>15.17</hdop>
        <extensions>
          <speed>1.22</speed>
        </extensions>
      </trkpt>
      <trkpt lat="41.602308" lon="1.8153583">
        <ele>1135</ele>
        <time>2019-02-25T11:45:40Z</time>
        <hdop>15.17</hdop>
        <extensions>
          <speed>0.78</speed>
        </extensions>
      </trkpt>
      <trkpt lat="41.6022917" lon="1.8153233">
        <ele>1138</ele>
        <time>2019-02-25T11:45:46Z</time>
        <hdop>19.721</hdop>
        <extensions>
          <speed>0.73</speed>
        </extensions>
      </trkpt>
      <trkpt lat="41.602278" lon="1.8152957">
        <ele>1136</ele>
        <time>2019-02-25T11:45:52Z</time>
        <hdop>18.204</hdop>
        <extensions>
          <speed>0.78</speed>
        </extensions>
      </trkpt>
      <trkpt lat="41.6022906" lon="1.8152612">
        <ele>1135</ele>
        <time>2019-02-25T11:45:58Z</time>
        <hdop>19.721</hdop>
        <extensions>
          <speed>0.79</speed>
        </extensions>
      </trkpt>
      <trkpt lat="41.6021946" lon="1.8152463">
        <ele>1136</ele>
        <time>2019-02-25T11:46:04Z</time>
        <hdop>18.204</hdop>
      </trkpt>
      <trkpt lat="41.6021941" lon="1.8152431">
        <ele>1136</ele>
        <time>2019-02-25T11:46:09Z</time>
        <hdop>18.204</hdop>
        <extensions>
          <speed>1.08</speed>
        </extensions>
      </trkpt>
      <trkpt lat="41.6021611" lon="1.8152008">
        <ele>1138</ele>
        <time>2019-02-25T11:46:15Z</time>
        <hdop>16.687</hdop>
      </trkpt>
      <trkpt lat="41.6021546" lon="1.8151964">
        <ele>1138</ele>
        <time>2019-02-25T11:46:20Z</time>
        <hdop>18.204</hdop>
      </trkpt>
      <trkpt lat="41.6021119" lon="1.8151436">
        <ele>1138</ele>
        <time>2019-02-25T11:46:25Z</time>
        <hdop>18.204</hdop>
        <extensions>
          <speed>1</speed>
        </extensions>
      </trkpt>
      <trkpt lat="41.6020583" lon="1.8150846">
        <ele>1140</ele>
        <time>2019-02-25T11:46:31Z</time>
        <hdop>18.204</hdop>
        <extensions>
          <speed>0.92</speed>
        </extensions>
      </trkpt>
      <trkpt lat="41.6020198" lon="1.8150053">
        <ele>1141</ele>
        <time>2019-02-25T11:46:37Z</time>
        <hdop>19.721</hdop>
        <extensions>
          <speed>0.57</speed>
        </extensions>
      </trkpt>
      <trkpt lat="41.60199" lon="1.8149756">
        <ele>1147</ele>
        <time>2019-02-25T11:46:43Z</time>
        <hdop>18.204</hdop>
        <extensions>
          <speed>1.24</speed>
        </extensions>
      </trkpt>
      <trkpt lat="41.6019332" lon="1.8150248">
        <ele>1154</ele>
        <time>2019-02-25T11:46:49Z</time>
        <hdop>19.721</hdop>
        <extensions>
          <speed>1</speed>
        </extensions>
      </trkpt>
      <trkpt lat="41.6019142" lon="1.8150042">
        <ele>1152</ele>
        <time>2019-02-25T11:46:55Z</time>
        <hdop>19.721</hdop>
        <extensions>
          <speed>0.9</speed>
        </extensions>
      </trkpt>
      <trkpt lat="41.601867" lon="1.8149744">
        <ele>1151</ele>
        <time>2019-02-25T11:47:01Z</time>
        <hdop>18.204</hdop>
        <extensions>
          <speed>0.22</speed>
        </extensions>
      </trkpt>
      <trkpt lat="41.6018413" lon="1.8149622">
        <ele>1149</ele>
        <time>2019-02-25T11:47:06Z</time>
        <hdop>21.238</hdop>
        <extensions>
          <speed>0.74</speed>
        </extensions>
      </trkpt>
      <trkpt lat="41.6018456" lon="1.8148763">
        <ele>1146</ele>
        <time>2019-02-25T11:47:12Z</time>
        <hdop>15.17</hdop>
        <extensions>
          <speed>1.43</speed>
        </extensions>
      </trkpt>
      <trkpt lat="41.6018774" lon="1.8148381">
        <ele>1146</ele>
        <time>2019-02-25T11:47:18Z</time>
        <hdop>13.653</hdop>
        <extensions>
          <speed>1.09</speed>
        </extensions>
      </trkpt>
      <trkpt lat="41.6018636" lon="1.8147816">
        <ele>1146</ele>
        <time>2019-02-25T11:47:23Z</time>
        <hdop>13.653</hdop>
        <extensions>
          <speed>1.26</speed>
        </extensions>
      </trkpt>
      <trkpt lat="41.6018661" lon="1.8147006">
        <ele>1145</ele>
        <time>2019-02-25T11:47:28Z</time>
        <hdop>13.653</hdop>
        <extensions>
          <speed>1.29</speed>
        </extensions>
      </trkpt>
      <trkpt lat="41.6018693" lon="1.8146322">
        <ele>1147</ele>
        <time>2019-02-25T11:47:33Z</time>
        <hdop>13.653</hdop>
        <extensions>
          <speed>0.87</speed>
        </extensions>
      </trkpt>
      <trkpt lat="41.6018673" lon="1.8145564">
        <ele>1148</ele>
        <time>2019-02-25T11:47:39Z</time>
        <hdop>13.653</hdop>
        <extensions>
          <speed>0.95</speed>
        </extensions>
      </trkpt>
      <trkpt lat="41.6018659" lon="1.8145131">
        <ele>1149</ele>
        <time>2019-02-25T11:47:44Z</time>
        <hdop>13.653</hdop>
        <extensions>
          <speed>0.34</speed>
        </extensions>
      </trkpt>
      <trkpt lat="41.6018719" lon="1.8144612">
        <ele>1153</ele>
        <time>2019-02-25T11:47:49Z</time>
        <hdop>13.653</hdop>
        <extensions>
          <speed>0.88</speed>
        </extensions>
      </trkpt>
      <trkpt lat="41.6019118" lon="1.8143936">
        <ele>1156</ele>
        <time>2019-02-25T11:47:55Z</time>
        <hdop>15.17</hdop>
        <extensions>
          <speed>1.53</speed>
        </extensions>
      </trkpt>
      <trkpt lat="41.6019673" lon="1.8143419">
        <ele>1156</ele>
        <time>2019-02-25T11:48:00Z</time>
        <hdop>16.687</hdop>
        <extensions>
          <speed>1.87</speed>
        </extensions>
      </trkpt>
      <trkpt lat="41.6019396" lon="1.814262">
        <ele>1157</ele>
        <time>2019-02-25T11:48:06Z</time>
        <hdop>15.17</hdop>
        <extensions>
          <speed>1.01</speed>
        </extensions>
      </trkpt>
      <trkpt lat="41.6019352" lon="1.8141961">
        <ele>1156</ele>
        <time>2019-02-25T11:48:11Z</time>
        <hdop>15.17</hdop>
        <extensions>
          <speed>1.03</speed>
        </extensions>
      </trkpt>
      <trkpt lat="41.6019644" lon="1.814145">
        <ele>1158</ele>
        <time>2019-02-25T11:48:17Z</time>
        <hdop>13.653</hdop>
        <extensions>
          <speed>0.69</speed>
        </extensions>
      </trkpt>
      <trkpt lat="41.6019864" lon="1.8140503">
        <ele>1156</ele>
        <time>2019-02-25T11:48:22Z</time>
        <hdop>13.653</hdop>
        <extensions>
          <speed>2.1</speed>
        </extensions>
      </trkpt>
      <trkpt lat="41.6020163" lon="1.813991">
        <ele>1157</ele>
        <time>2019-02-25T11:48:28Z</time>
        <hdop>13.653</hdop>
        <extensions>
          <speed>0.54</speed>
        </extensions>
      </trkpt>
      <trkpt lat="41.6020195" lon="1.8139216">
        <ele>1160</ele>
        <time>2019-02-25T11:48:34Z</time>
        <hdop>13.653</hdop>
        <extensions>
          <speed>0.71</speed>
        </extensions>
      </trkpt>
      <trkpt lat="41.6020581" lon="1.8138745">
        <ele>1162</ele>
        <time>2019-02-25T11:48:40Z</time>
        <hdop>13.653</hdop>
        <extensions>
          <speed>1.33</speed>
        </extensions>
      </trkpt>
      <trkpt lat="41.6021019" lon="1.8138364">
        <ele>1165</ele>
        <time>2019-02-25T11:48:46Z</time>
        <hdop>13.653</hdop>
        <extensions>
          <speed>1.34</speed>
        </extensions>
      </trkpt>
      <trkpt lat="41.6021247" lon="1.8137902">
        <ele>1167</ele>
        <time>2019-02-25T11:48:52Z</time>
        <hdop>4.551</hdop>
        <extensions>
          <speed>0.15</speed>
        </extensions>
      </trkpt>
      <trkpt lat="41.6021455" lon="1.8137177">
        <ele>1166</ele>
        <time>2019-02-25T11:48:58Z</time>
        <hdop>4.551</hdop>
        <extensions>
          <speed>0.85</speed>
        </extensions>
      </trkpt>
      <trkpt lat="41.6021796" lon="1.8136993">
        <ele>1169</ele>
        <time>2019-02-25T11:49:04Z</time>
        <hdop>4.551</hdop>
        <extensions>
          <speed>0.16</speed>
        </extensions>
      </trkpt>
      <trkpt lat="41.6022323" lon="1.8136126">
        <ele>1166</ele>
        <time>2019-02-25T11:49:10Z</time>
        <hdop>4.551</hdop>
        <extensions>
          <speed>1.05</speed>
        </extensions>
      </trkpt>
      <trkpt lat="41.6022603" lon="1.813546">
        <ele>1166</ele>
        <time>2019-02-25T11:49:15Z</time>
        <hdop>6.068</hdop>
        <extensions>
          <speed>0.91</speed>
        </extensions>
      </trkpt>
      <trkpt lat="41.6023014" lon="1.813487">
        <ele>1166</ele>
        <time>2019-02-25T11:49:21Z</time>
        <hdop>4.551</hdop>
        <extensions>
          <speed>0.95</speed>
        </extensions>
      </trkpt>
      <trkpt lat="41.6023339" lon="1.8134479">
        <ele>1166</ele>
        <time>2019-02-25T11:49:26Z</time>
        <hdop>6.068</hdop>
        <extensions>
          <speed>1.81</speed>
        </extensions>
      </trkpt>
      <trkpt lat="41.6023803" lon="1.813375">
        <ele>1169</ele>
        <time>2019-02-25T11:49:32Z</time>
        <hdop>6.068</hdop>
        <extensions>
          <speed>0.78</speed>
        </extensions>
      </trkpt>
      <trkpt lat="41.602409" lon="1.8133662">
        <ele>1169</ele>
        <time>2019-02-25T11:49:37Z</time>
        <hdop>4.551</hdop>
      </trkpt>
      <trkpt lat="41.6024241" lon="1.8133565">
        <ele>1168</ele>
        <time>2019-02-25T11:49:43Z</time>
        <hdop>6.068</hdop>
        <extensions>
          <speed>0.22</speed>
        </extensions>
      </trkpt>
      <trkpt lat="41.602449" lon="1.8133092">
        <ele>1167</ele>
        <time>2019-02-25T11:49:49Z</time>
        <hdop>4.551</hdop>
        <extensions>
          <speed>1.77</speed>
        </extensions>
      </trkpt>
      <trkpt lat="41.602507" lon="1.8132683">
        <ele>1169</ele>
        <time>2019-02-25T11:49:55Z</time>
        <hdop>6.068</hdop>
        <extensions>
          <speed>0.94</speed>
        </extensions>
      </trkpt>
      <trkpt lat="41.6025308" lon="1.8132608">
        <ele>1170</ele>
        <time>2019-02-25T11:50:00Z</time>
        <hdop>6.068</hdop>
      </trkpt>
      <trkpt lat="41.602527" lon="1.8132605">
        <ele>1171</ele>
        <time>2019-02-25T11:50:06Z</time>
        <hdop>7.585</hdop>
      </trkpt>
      <trkpt lat="41.602526" lon="1.8132622">
        <ele>1170</ele>
        <time>2019-02-25T11:50:11Z</time>
        <hdop>13.653</hdop>
      </trkpt>
      <trkpt lat="41.6025263" lon="1.8132626">
        <ele>1170</ele>
        <time>2019-02-25T11:50:17Z</time>
        <hdop>15.17</hdop>
      </trkpt>
      <trkpt lat="41.6025266" lon="1.8132626">
        <ele>1170</ele>
        <time>2019-02-25T11:50:23Z</time>
        <hdop>10.619</hdop>
      </trkpt>
      <trkpt lat="41.6025268" lon="1.8132626">
        <ele>1170</ele>
        <time>2019-02-25T11:50:28Z</time>
        <hdop>7.585</hdop>
      </trkpt>
      <trkpt lat="41.602529" lon="1.8132492">
        <ele>1169</ele>
        <time>2019-02-25T11:50:34Z</time>
        <hdop>7.585</hdop>
      </trkpt>
      <trkpt lat="41.6025407" lon="1.8132464">
        <ele>1171</ele>
        <time>2019-02-25T11:50:39Z</time>
        <hdop>7.585</hdop>
        <extensions>
          <speed>0.59</speed>
        </extensions>
      </trkpt>
      <trkpt lat="41.6025986" lon="1.8132296">
        <ele>1172</ele>
        <time>2019-02-25T11:50:45Z</time>
        <hdop>7.585</hdop>
        <extensions>
          <speed>0.85</speed>
        </extensions>
      </trkpt>
      <trkpt lat="41.6026662" lon="1.8132468">
        <ele>1173</ele>
        <time>2019-02-25T11:50:51Z</time>
        <hdop>6.068</hdop>
      </trkpt>
      <trkpt lat="41.6026889" lon="1.8132548">
        <ele>1173</ele>
        <time>2019-02-25T11:50:56Z</time>
        <hdop>4.551</hdop>
      </trkpt>
      <trkpt lat="41.6027567" lon="1.8132694">
        <ele>1174</ele>
        <time>2019-02-25T11:51:02Z</time>
        <hdop>6.068</hdop>
      </trkpt>
      <trkpt lat="41.6028043" lon="1.8132828">
        <ele>1180</ele>
        <time>2019-02-25T11:51:07Z</time>
        <hdop>6.068</hdop>
      </trkpt>
      <trkpt lat="41.6028721" lon="1.8133136">
        <ele>1179</ele>
        <time>2019-02-25T11:51:12Z</time>
        <hdop>6.068</hdop>
        <extensions>
          <speed>0.95</speed>
        </extensions>
      </trkpt>
      <trkpt lat="41.6029574" lon="1.8133733">
        <ele>1181</ele>
        <time>2019-02-25T11:51:18Z</time>
        <hdop>4.551</hdop>
        <extensions>
          <speed>1.22</speed>
        </extensions>
      </trkpt>
      <trkpt lat="41.603022" lon="1.8134279">
        <ele>1180</ele>
        <time>2019-02-25T11:51:24Z</time>
        <hdop>4.551</hdop>
        <extensions>
          <speed>0.84</speed>
        </extensions>
      </trkpt>
      <trkpt lat="41.6030611" lon="1.8134364">
        <ele>1182</ele>
        <time>2019-02-25T11:51:29Z</time>
        <hdop>4.551</hdop>
        <extensions>
          <speed>1</speed>
        </extensions>
      </trkpt>
      <trkpt lat="41.6031433" lon="1.81346">
        <ele>1179</ele>
        <time>2019-02-25T11:51:35Z</time>
        <hdop>4.551</hdop>
        <extensions>
          <speed>1.44</speed>
        </extensions>
      </trkpt>
      <trkpt lat="41.603196" lon="1.8134463">
        <ele>1180</ele>
        <time>2019-02-25T11:51:41Z</time>
        <hdop>4.551</hdop>
        <extensions>
          <speed>0.69</speed>
        </extensions>
      </trkpt>
      <trkpt lat="41.6032126" lon="1.8134789">
        <ele>1180</ele>
        <time>2019-02-25T11:51:47Z</time>
        <hdop>4.551</hdop>
      </trkpt>
      <trkpt lat="41.6032461" lon="1.8134742">
        <ele>1184</ele>
        <time>2019-02-25T11:51:52Z</time>
        <hdop>6.068</hdop>
        <extensions>
          <speed>0.57</speed>
        </extensions>
      </trkpt>
      <trkpt lat="41.6032863" lon="1.8134376">
        <ele>1182</ele>
        <time>2019-02-25T11:51:57Z</time>
        <hdop>6.068</hdop>
        <extensions>
          <speed>0.59</speed>
        </extensions>
      </trkpt>
      <trkpt lat="41.6033408" lon="1.8133785">
        <ele>1183</ele>
        <time>2019-02-25T11:52:03Z</time>
        <hdop>6.068</hdop>
        <extensions>
          <speed>0.91</speed>
        </extensions>
      </trkpt>
      <trkpt lat="41.6033812" lon="1.8133566">
        <ele>1183</ele>
        <time>2019-02-25T11:52:08Z</time>
        <hdop>7.585</hdop>
        <extensions>
          <speed>0.85</speed>
        </extensions>
      </trkpt>
      <trkpt lat="41.6034472" lon="1.8133763">
        <ele>1183</ele>
        <time>2019-02-25T11:52:14Z</time>
        <hdop>6.068</hdop>
        <extensions>
          <speed>0.88</speed>
        </extensions>
      </trkpt>
      <trkpt lat="41.6034909" lon="1.8133775">
        <ele>1186</ele>
        <time>2019-02-25T11:52:19Z</time>
        <hdop>6.068</hdop>
        <extensions>
          <speed>0.93</speed>
        </extensions>
      </trkpt>
      <trkpt lat="41.6035281" lon="1.8133813">
        <ele>1189</ele>
        <time>2019-02-25T11:52:24Z</time>
        <hdop>6.068</hdop>
        <extensions>
          <speed>0.83</speed>
        </extensions>
      </trkpt>
      <trkpt lat="41.6035777" lon="1.8133924">
        <ele>1187</ele>
        <time>2019-02-25T11:52:30Z</time>
        <hdop>6.068</hdop>
        <extensions>
          <speed>1.02</speed>
        </extensions>
      </trkpt>
      <trkpt lat="41.603631" lon="1.8134049">
        <ele>1187</ele>
        <time>2019-02-25T11:52:35Z</time>
        <hdop>6.068</hdop>
        <extensions>
          <speed>1.02</speed>
        </extensions>
      </trkpt>
      <trkpt lat="41.6036832" lon="1.8134388">
        <ele>1188</ele>
        <time>2019-02-25T11:52:41Z</time>
        <hdop>6.068</hdop>
        <extensions>
          <speed>0.52</speed>
        </extensions>
      </trkpt>
      <trkpt lat="41.6037078" lon="1.8134816">
        <ele>1192</ele>
        <time>2019-02-25T11:52:46Z</time>
        <hdop>6.068</hdop>
        <extensions>
          <speed>0.99</speed>
        </extensions>
      </trkpt>
      <trkpt lat="41.6037188" lon="1.8134837">
        <ele>1197</ele>
        <time>2019-02-25T11:52:51Z</time>
        <hdop>4.551</hdop>
        <extensions>
          <speed>0.78</speed>
        </extensions>
      </trkpt>
      <trkpt lat="41.6037645" lon="1.8135092">
        <ele>1198</ele>
        <time>2019-02-25T11:52:57Z</time>
        <hdop>4.551</hdop>
        <extensions>
          <speed>1.45</speed>
        </extensions>
      </trkpt>
      <trkpt lat="41.6037859" lon="1.8135262">
        <ele>1201</ele>
        <time>2019-02-25T11:53:02Z</time>
        <hdop>4.551</hdop>
        <extensions>
          <speed>0.54</speed>
        </extensions>
      </trkpt>
      <trkpt lat="41.6038387" lon="1.8135123">
        <ele>1198</ele>
        <time>2019-02-25T11:53:07Z</time>
        <hdop>4.551</hdop>
        <extensions>
          <speed>1.16</speed>
        </extensions>
      </trkpt>
      <trkpt lat="41.6038939" lon="1.813527">
        <ele>1200</ele>
        <time>2019-02-25T11:53:13Z</time>
        <hdop>6.068</hdop>
        <extensions>
          <speed>0.71</speed>
        </extensions>
      </trkpt>
      <trkpt lat="41.6039399" lon="1.8135183">
        <ele>1199</ele>
        <time>2019-02-25T11:53:19Z</time>
        <hdop>6.068</hdop>
        <extensions>
          <speed>1</speed>
        </extensions>
      </trkpt>
      <trkpt lat="41.6040019" lon="1.8135193">
        <ele>1197</ele>
        <time>2019-02-25T11:53:25Z</time>
        <hdop>6.068</hdop>
        <extensions>
          <speed>0.82</speed>
        </extensions>
      </trkpt>
      <trkpt lat="41.6040485" lon="1.8135162">
        <ele>1196</ele>
        <time>2019-02-25T11:53:30Z</time>
        <hdop>6.068</hdop>
        <extensions>
          <speed>0.72</speed>
        </extensions>
      </trkpt>
      <trkpt lat="41.6040838" lon="1.8135254">
        <ele>1197</ele>
        <time>2019-02-25T11:53:35Z</time>
        <hdop>6.068</hdop>
        <extensions>
          <speed>0.88</speed>
        </extensions>
      </trkpt>
      <trkpt lat="41.6041037" lon="1.8135268">
        <ele>1198</ele>
        <time>2019-02-25T11:53:40Z</time>
        <hdop>6.068</hdop>
        <extensions>
          <speed>0.5</speed>
        </extensions>
      </trkpt>
      <trkpt lat="41.6041382" lon="1.813537">
        <ele>1197</ele>
        <time>2019-02-25T11:53:46Z</time>
        <hdop>6.068</hdop>
        <extensions>
          <speed>1.19</speed>
        </extensions>
      </trkpt>
      <trkpt lat="41.6041841" lon="1.8135503">
        <ele>1196</ele>
        <time>2019-02-25T11:53:51Z</time>
        <hdop>4.551</hdop>
        <extensions>
          <speed>0.95</speed>
        </extensions>
      </trkpt>
      <trkpt lat="41.604253" lon="1.8135237">
        <ele>1195</ele>
        <time>2019-02-25T11:53:57Z</time>
        <hdop>6.068</hdop>
        <extensions>
          <speed>1.06</speed>
        </extensions>
      </trkpt>
      <trkpt lat="41.6042664" lon="1.8134572">
        <ele>1198</ele>
        <time>2019-02-25T11:54:03Z</time>
        <hdop>4.551</hdop>
        <extensions>
          <speed>0.64</speed>
        </extensions>
      </trkpt>
      <trkpt lat="41.6043077" lon="1.8135011">
        <ele>1199</ele>
        <time>2019-02-25T11:54:08Z</time>
        <hdop>6.068</hdop>
        <extensions>
          <speed>1.12</speed>
        </extensions>
      </trkpt>
      <trkpt lat="41.6043073" lon="1.8135004">
        <ele>1200</ele>
        <time>2019-02-25T11:54:14Z</time>
        <hdop>6.068</hdop>
      </trkpt>
      <trkpt lat="41.6043044" lon="1.8134919">
        <ele>1200</ele>
        <time>2019-02-25T11:54:20Z</time>
        <hdop>4.551</hdop>
      </trkpt>
      <trkpt lat="41.6043069" lon="1.8134831">
        <ele>1200</ele>
        <time>2019-02-25T11:54:25Z</time>
        <hdop>4.551</hdop>
        <extensions>
          <speed>0.91</speed>
        </extensions>
      </trkpt>
      <trkpt lat="41.6042894" lon="1.813425">
        <ele>1200</ele>
        <time>2019-02-25T11:54:30Z</time>
        <hdop>4.551</hdop>
        <extensions>
          <speed>0.9</speed>
        </extensions>
      </trkpt>
      <trkpt lat="41.6042623" lon="1.8133824">
        <ele>1200</ele>
        <time>2019-02-25T11:54:36Z</time>
        <hdop>4.551</hdop>
      </trkpt>
      <trkpt lat="41.6042601" lon="1.8134327">
        <ele>1200</ele>
        <time>2019-02-25T11:54:42Z</time>
        <hdop>4.551</hdop>
        <extensions>
          <speed>0.55</speed>
        </extensions>
      </trkpt>
      <trkpt lat="41.6042664" lon="1.8134291">
        <ele>1201</ele>
        <time>2019-02-25T11:54:48Z</time>
        <hdop>7.585</hdop>
        <extensions>
          <speed>0.43</speed>
        </extensions>
      </trkpt>
      <trkpt lat="41.6042998" lon="1.8134053">
        <ele>1198</ele>
        <time>2019-02-25T11:54:54Z</time>
        <hdop>6.068</hdop>
      </trkpt>
      <trkpt lat="41.6043114" lon="1.8134048">
        <ele>1198</ele>
        <time>2019-02-25T11:54:59Z</time>
        <hdop>6.068</hdop>
      </trkpt>
      <trkpt lat="41.6043123" lon="1.8134103">
        <ele>1198</ele>
        <time>2019-02-25T11:55:05Z</time>
        <hdop>4.551</hdop>
      </trkpt>
      <trkpt lat="41.604303" lon="1.8134089">
        <ele>1198</ele>
        <time>2019-02-25T11:55:11Z</time>
        <hdop>6.068</hdop>
      </trkpt>
      <trkpt lat="41.604302" lon="1.8134089">
        <ele>1198</ele>
        <time>2019-02-25T11:55:16Z</time>
        <hdop>6.068</hdop>
      </trkpt>
      <trkpt lat="41.604299" lon="1.8134084">
        <ele>1197</ele>
        <time>2019-02-25T11:55:21Z</time>
        <hdop>6.068</hdop>
        <extensions>
          <speed>0.2</speed>
        </extensions>
      </trkpt>
      <trkpt lat="41.6043038" lon="1.813411">
        <ele>1199</ele>
        <time>2019-02-25T11:55:27Z</time>
        <hdop>4.551</hdop>
      </trkpt>
      <trkpt lat="41.6043061" lon="1.8134157">
        <ele>1198</ele>
        <time>2019-02-25T11:55:33Z</time>
        <hdop>4.551</hdop>
      </trkpt>
      <trkpt lat="41.6043062" lon="1.8134158">
        <ele>1199</ele>
        <time>2019-02-25T11:55:39Z</time>
        <hdop>4.551</hdop>
      </trkpt>
      <trkpt lat="41.6043061" lon="1.8134159">
        <ele>1199</ele>
        <time>2019-02-25T11:55:44Z</time>
        <hdop>4.551</hdop>
      </trkpt>
      <trkpt lat="41.6043061" lon="1.8134161">
        <ele>1199</ele>
        <time>2019-02-25T11:55:50Z</time>
        <hdop>4.551</hdop>
      </trkpt>
      <trkpt lat="41.604306" lon="1.8134162">
        <ele>1199</ele>
        <time>2019-02-25T11:55:55Z</time>
        <hdop>4.551</hdop>
      </trkpt>
      <trkpt lat="41.6043059" lon="1.8134162">
        <ele>1199</ele>
        <time>2019-02-25T11:56:01Z</time>
        <hdop>6.068</hdop>
      </trkpt>
      <trkpt lat="41.604306" lon="1.8134164">
        <ele>1199</ele>
        <time>2019-02-25T11:56:06Z</time>
        <hdop>7.585</hdop>
      </trkpt>
      <trkpt lat="41.604306" lon="1.8134165">
        <ele>1198</ele>
        <time>2019-02-25T11:56:11Z</time>
        <hdop>6.068</hdop>
      </trkpt>
      <trkpt lat="41.6043062" lon="1.8134167">
        <ele>1198</ele>
        <time>2019-02-25T11:56:17Z</time>
        <hdop>6.068</hdop>
      </trkpt>
      <trkpt lat="41.6043062" lon="1.8134168">
        <ele>1198</ele>
        <time>2019-02-25T11:56:22Z</time>
        <hdop>4.551</hdop>
      </trkpt>
      <trkpt lat="41.6043059" lon="1.8134167">
        <ele>1198</ele>
        <time>2019-02-25T11:56:28Z</time>
        <hdop>6.068</hdop>
      </trkpt>
      <trkpt lat="41.6043007" lon="1.8134148">
        <ele>1200</ele>
        <time>2019-02-25T11:56:34Z</time>
        <hdop>4.551</hdop>
      </trkpt>
      <trkpt lat="41.6042893" lon="1.8134191">
        <ele>1202</ele>
        <time>2019-02-25T11:56:39Z</time>
        <hdop>6.068</hdop>
      </trkpt>
      <trkpt lat="41.6042789" lon="1.8134256">
        <ele>1204</ele>
        <time>2019-02-25T11:56:45Z</time>
        <hdop>4.551</hdop>
      </trkpt>
      <trkpt lat="41.6042681" lon="1.8134313">
        <ele>1202</ele>
        <time>2019-02-25T11:56:51Z</time>
        <hdop>4.551</hdop>
      </trkpt>
      <trkpt lat="41.6042622" lon="1.8134369">
        <ele>1202</ele>
        <time>2019-02-25T11:56:57Z</time>
        <hdop>4.551</hdop>
      </trkpt>
      <trkpt lat="41.6042526" lon="1.8134491">
        <ele>1202</ele>
        <time>2019-02-25T11:57:02Z</time>
        <hdop>4.551</hdop>
      </trkpt>
      <trkpt lat="41.6042437" lon="1.8134646">
        <ele>1203</ele>
        <time>2019-02-25T11:57:08Z</time>
        <hdop>4.551</hdop>
      </trkpt>
      <trkpt lat="41.6042474" lon="1.8134551">
        <ele>1201</ele>
        <time>2019-02-25T11:57:13Z</time>
        <hdop>4.551</hdop>
      </trkpt>
      <trkpt lat="41.604248" lon="1.8134538">
        <ele>1201</ele>
        <time>2019-02-25T11:57:19Z</time>
        <hdop>4.551</hdop>
      </trkpt>
      <trkpt lat="41.6042576" lon="1.8134525">
        <ele>1200</ele>
        <time>2019-02-25T11:57:25Z</time>
        <hdop>4.551</hdop>
      </trkpt>
      <trkpt lat="41.6042635" lon="1.8134537">
        <ele>1200</ele>
        <time>2019-02-25T11:57:30Z</time>
        <hdop>4.551</hdop>
      </trkpt>
      <trkpt lat="41.6042716" lon="1.813434">
        <ele>1199</ele>
        <time>2019-02-25T11:57:36Z</time>
        <hdop>7.585</hdop>
      </trkpt>
      <trkpt lat="41.6042843" lon="1.813414">
        <ele>1199</ele>
        <time>2019-02-25T11:57:41Z</time>
        <hdop>9.102</hdop>
      </trkpt>
      <trkpt lat="41.6042842" lon="1.8134087">
        <ele>1200</ele>
        <time>2019-02-25T11:57:47Z</time>
        <hdop>10.619</hdop>
      </trkpt>
      <trkpt lat="41.604284" lon="1.8134091">
        <ele>1200</ele>
        <time>2019-02-25T11:57:53Z</time>
        <hdop>7.585</hdop>
      </trkpt>
      <trkpt lat="41.6043012" lon="1.8134104">
        <ele>1200</ele>
        <time>2019-02-25T11:57:58Z</time>
        <hdop>4.551</hdop>
      </trkpt>
      <trkpt lat="41.6043154" lon="1.8134021">
        <ele>1198</ele>
        <time>2019-02-25T11:58:03Z</time>
        <hdop>7.585</hdop>
      </trkpt>
      <trkpt lat="41.6043123" lon="1.8133943">
        <ele>1197</ele>
        <time>2019-02-25T11:58:09Z</time>
        <hdop>7.585</hdop>
      </trkpt>
      <trkpt lat="41.604313" lon="1.8133933">
        <ele>1197</ele>
        <time>2019-02-25T11:58:14Z</time>
        <hdop>9.102</hdop>
      </trkpt>
      <trkpt lat="41.6043113" lon="1.8134003">
        <ele>1199</ele>
        <time>2019-02-25T11:58:19Z</time>
        <hdop>13.653</hdop>
        <extensions>
          <speed>0.35</speed>
        </extensions>
      </trkpt>
      <trkpt lat="41.604322" lon="1.8134234">
        <ele>1196</ele>
        <time>2019-02-25T11:58:25Z</time>
        <hdop>6.068</hdop>
      </trkpt>
      <trkpt lat="41.6042851" lon="1.8134212">
        <ele>1196</ele>
        <time>2019-02-25T11:58:30Z</time>
        <hdop>4.551</hdop>
      </trkpt>
      <trkpt lat="41.6042733" lon="1.8134207">
        <ele>1196</ele>
        <time>2019-02-25T11:58:36Z</time>
        <hdop>4.551</hdop>
      </trkpt>
      <trkpt lat="41.6042727" lon="1.8134206">
        <ele>1196</ele>
        <time>2019-02-25T11:58:41Z</time>
        <hdop>4.551</hdop>
      </trkpt>
      <trkpt lat="41.6042725" lon="1.8134206">
        <ele>1196</ele>
        <time>2019-02-25T11:58:47Z</time>
        <hdop>4.551</hdop>
      </trkpt>
      <trkpt lat="41.6042686" lon="1.8134206">
        <ele>1196</ele>
        <time>2019-02-25T11:58:53Z</time>
        <hdop>4.551</hdop>
      </trkpt>
      <trkpt lat="41.6042691" lon="1.8134206">
        <ele>1197</ele>
        <time>2019-02-25T11:58:58Z</time>
        <hdop>4.551</hdop>
      </trkpt>
      <trkpt lat="41.6042666" lon="1.8134174">
        <ele>1199</ele>
        <time>2019-02-25T11:59:04Z</time>
        <hdop>4.551</hdop>
      </trkpt>
      <trkpt lat="41.6042661" lon="1.8134168">
        <ele>1199</ele>
        <time>2019-02-25T11:59:10Z</time>
        <hdop>4.551</hdop>
      </trkpt>
      <trkpt lat="41.604266" lon="1.8134164">
        <ele>1199</ele>
        <time>2019-02-25T11:59:16Z</time>
        <hdop>4.551</hdop>
      </trkpt>
      <trkpt lat="41.6042658" lon="1.8134173">
        <ele>1199</ele>
        <time>2019-02-25T11:59:22Z</time>
        <hdop>4.551</hdop>
        <extensions>
          <speed>0.18</speed>
        </extensions>
      </trkpt>
      <trkpt lat="41.604259" lon="1.8134203">
        <ele>1199</ele>
        <time>2019-02-25T11:59:27Z</time>
        <hdop>6.068</hdop>
      </trkpt>
      <trkpt lat="41.6042521" lon="1.8134178">
        <ele>1200</ele>
        <time>2019-02-25T11:59:32Z</time>
        <hdop>9.102</hdop>
      </trkpt>
      <trkpt lat="41.604241" lon="1.813414">
        <ele>1201</ele>
        <time>2019-02-25T11:59:37Z</time>
        <hdop>6.068</hdop>
      </trkpt>
      <trkpt lat="41.6042424" lon="1.8134156">
        <ele>1200</ele>
        <time>2019-02-25T11:59:42Z</time>
        <hdop>6.068</hdop>
      </trkpt>
      <trkpt lat="41.6042407" lon="1.8134166">
        <ele>1201</ele>
        <time>2019-02-25T11:59:48Z</time>
        <hdop>6.068</hdop>
      </trkpt>
      <trkpt lat="41.6042328" lon="1.8134053">
        <ele>1199</ele>
        <time>2019-02-25T11:59:54Z</time>
        <hdop>4.551</hdop>
      </trkpt>
      <trkpt lat="41.6042335" lon="1.8134104">
        <ele>1198</ele>
        <time>2019-02-25T11:59:59Z</time>
        <hdop>4.551</hdop>
      </trkpt>
      <trkpt lat="41.604232" lon="1.8134082">
        <ele>1198</ele>
        <time>2019-02-25T12:00:05Z</time>
        <hdop>4.551</hdop>
      </trkpt>
      <trkpt lat="41.6042289" lon="1.8134064">
        <ele>1198</ele>
        <time>2019-02-25T12:00:10Z</time>
        <hdop>4.551</hdop>
      </trkpt>
      <trkpt lat="41.6042308" lon="1.8134057">
        <ele>1198</ele>
        <time>2019-02-25T12:00:15Z</time>
        <hdop>4.551</hdop>
        <extensions>
          <speed>0.31</speed>
        </extensions>
      </trkpt>
      <trkpt lat="41.6042377" lon="1.8134162">
        <ele>1198</ele>
        <time>2019-02-25T12:00:21Z</time>
        <hdop>4.551</hdop>
      </trkpt>
      <trkpt lat="41.6042401" lon="1.8134146">
        <ele>1198</ele>
        <time>2019-02-25T12:00:27Z</time>
        <hdop>4.551</hdop>
      </trkpt>
      <trkpt lat="41.6042436" lon="1.8134124">
        <ele>1197</ele>
        <time>2019-02-25T12:00:32Z</time>
        <hdop>4.551</hdop>
        <extensions>
          <speed>0.22</speed>
        </extensions>
      </trkpt>
      <trkpt lat="41.6042475" lon="1.8134125">
        <ele>1198</ele>
        <time>2019-02-25T12:00:38Z</time>
        <hdop>4.551</hdop>
      </trkpt>
      <trkpt lat="41.6042605" lon="1.813408">
        <ele>1198</ele>
        <time>2019-02-25T12:00:43Z</time>
        <hdop>4.551</hdop>
      </trkpt>
      <trkpt lat="41.6042536" lon="1.8133857">
        <ele>1197</ele>
        <time>2019-02-25T12:00:49Z</time>
        <hdop>4.551</hdop>
        <extensions>
          <speed>1.03</speed>
        </extensions>
      </trkpt>
      <trkpt lat="41.6042235" lon="1.8133392">
        <ele>1198</ele>
        <time>2019-02-25T12:00:54Z</time>
        <hdop>4.551</hdop>
        <extensions>
          <speed>0.68</speed>
        </extensions>
      </trkpt>
      <trkpt lat="41.6041876" lon="1.8132798">
        <ele>1199</ele>
        <time>2019-02-25T12:00:59Z</time>
        <hdop>4.551</hdop>
        <extensions>
          <speed>0.88</speed>
        </extensions>
      </trkpt>
      <trkpt lat="41.6041446" lon="1.8132418">
        <ele>1202</ele>
        <time>2019-02-25T12:01:05Z</time>
        <hdop>4.551</hdop>
        <extensions>
          <speed>1.22</speed>
        </extensions>
      </trkpt>
      <trkpt lat="41.6041238" lon="1.8131702">
        <ele>1202</ele>
        <time>2019-02-25T12:01:10Z</time>
        <hdop>4.551</hdop>
        <extensions>
          <speed>1.24</speed>
        </extensions>
      </trkpt>
      <trkpt lat="41.6040877" lon="1.8130962">
        <ele>1206</ele>
        <time>2019-02-25T12:01:16Z</time>
        <hdop>4.551</hdop>
        <extensions>
          <speed>0.73</speed>
        </extensions>
      </trkpt>
      <trkpt lat="41.6040725" lon="1.8130355">
        <ele>1205</ele>
        <time>2019-02-25T12:01:21Z</time>
        <hdop>4.551</hdop>
        <extensions>
          <speed>0.56</speed>
        </extensions>
      </trkpt>
      <trkpt lat="41.6040659" lon="1.8130144">
        <ele>1201</ele>
        <time>2019-02-25T12:01:27Z</time>
        <hdop>4.551</hdop>
      </trkpt>
      <trkpt lat="41.604066" lon="1.8129541">
        <ele>1200</ele>
        <time>2019-02-25T12:01:32Z</time>
        <hdop>4.551</hdop>
        <extensions>
          <speed>1.41</speed>
        </extensions>
      </trkpt>
      <trkpt lat="41.6040751" lon="1.8128543">
        <ele>1200</ele>
        <time>2019-02-25T12:01:37Z</time>
        <hdop>4.551</hdop>
        <extensions>
          <speed>1.67</speed>
        </extensions>
      </trkpt>
      <trkpt lat="41.6040363" lon="1.8127634">
        <ele>1202</ele>
        <time>2019-02-25T12:01:43Z</time>
        <hdop>4.551</hdop>
        <extensions>
          <speed>1.47</speed>
        </extensions>
      </trkpt>
      <trkpt lat="41.6039817" lon="1.8127186">
        <ele>1206</ele>
        <time>2019-02-25T12:01:49Z</time>
        <hdop>4.551</hdop>
        <extensions>
          <speed>0.97</speed>
        </extensions>
      </trkpt>
      <trkpt lat="41.6039391" lon="1.8126744">
        <ele>1208</ele>
        <time>2019-02-25T12:01:55Z</time>
        <hdop>6.068</hdop>
        <extensions>
          <speed>1.09</speed>
        </extensions>
      </trkpt>
      <trkpt lat="41.6038935" lon="1.812641">
        <ele>1211</ele>
        <time>2019-02-25T12:02:00Z</time>
        <hdop>6.068</hdop>
        <extensions>
          <speed>1.44</speed>
        </extensions>
      </trkpt>
      <trkpt lat="41.6038455" lon="1.8125985">
        <ele>1209</ele>
        <time>2019-02-25T12:02:06Z</time>
        <hdop>4.551</hdop>
        <extensions>
          <speed>1.53</speed>
        </extensions>
      </trkpt>
      <trkpt lat="41.6037673" lon="1.8125962">
        <ele>1211</ele>
        <time>2019-02-25T12:02:12Z</time>
        <hdop>6.068</hdop>
        <extensions>
          <speed>0.95</speed>
        </extensions>
      </trkpt>
      <trkpt lat="41.6037127" lon="1.8126032">
        <ele>1211</ele>
        <time>2019-02-25T12:02:18Z</time>
        <hdop>6.068</hdop>
        <extensions>
          <speed>1.2</speed>
        </extensions>
      </trkpt>
      <trkpt lat="41.6036758" lon="1.8125658">
        <ele>1212</ele>
        <time>2019-02-25T12:02:23Z</time>
        <hdop>6.068</hdop>
        <extensions>
          <speed>1.35</speed>
        </extensions>
      </trkpt>
      <trkpt lat="41.6036056" lon="1.8125451">
        <ele>1211</ele>
        <time>2019-02-25T12:02:29Z</time>
        <hdop>10.619</hdop>
        <extensions>
          <speed>1.15</speed>
        </extensions>
      </trkpt>
      <trkpt lat="41.6034854" lon="1.8125452">
        <ele>1213</ele>
        <time>2019-02-25T12:02:35Z</time>
        <hdop>9.102</hdop>
        <extensions>
          <speed>1.49</speed>
        </extensions>
      </trkpt>
      <trkpt lat="41.6034381" lon="1.8125284">
        <ele>1216</ele>
        <time>2019-02-25T12:02:41Z</time>
        <hdop>13.653</hdop>
        <extensions>
          <speed>0.3</speed>
        </extensions>
      </trkpt>
      <trkpt lat="41.6034185" lon="1.8125261">
        <ele>1215</ele>
        <time>2019-02-25T12:02:46Z</time>
        <hdop>13.653</hdop>
      </trkpt>
      <trkpt lat="41.6034005" lon="1.8125044">
        <ele>1216</ele>
        <time>2019-02-25T12:02:51Z</time>
        <hdop>13.653</hdop>
        <extensions>
          <speed>0.77</speed>
        </extensions>
      </trkpt>
      <trkpt lat="41.6033715" lon="1.8124852">
        <ele>1218</ele>
        <time>2019-02-25T12:02:56Z</time>
        <hdop>13.653</hdop>
        <extensions>
          <speed>1.1</speed>
        </extensions>
      </trkpt>
      <trkpt lat="41.6033127" lon="1.8124672">
        <ele>1217</ele>
        <time>2019-02-25T12:03:02Z</time>
        <hdop>13.653</hdop>
        <extensions>
          <speed>0.71</speed>
        </extensions>
      </trkpt>
      <trkpt lat="41.6032773" lon="1.8124386">
        <ele>1219</ele>
        <time>2019-02-25T12:03:07Z</time>
        <hdop>13.653</hdop>
        <extensions>
          <speed>1.29</speed>
        </extensions>
      </trkpt>
      <trkpt lat="41.6032715" lon="1.8124339">
        <ele>1220</ele>
        <time>2019-02-25T12:03:13Z</time>
        <hdop>13.653</hdop>
        <extensions>
          <speed>0.54</speed>
        </extensions>
      </trkpt>
      <trkpt lat="41.6032388" lon="1.8123644">
        <ele>1220</ele>
        <time>2019-02-25T12:03:19Z</time>
        <hdop>4.551</hdop>
        <extensions>
          <speed>0.58</speed>
        </extensions>
      </trkpt>
      <trkpt lat="41.6032329" lon="1.8123021">
        <ele>1223</ele>
        <time>2019-02-25T12:03:25Z</time>
        <hdop>4.551</hdop>
        <extensions>
          <speed>1.19</speed>
        </extensions>
      </trkpt>
      <trkpt lat="41.603213" lon="1.812228">
        <ele>1222</ele>
        <time>2019-02-25T12:03:30Z</time>
        <hdop>4.551</hdop>
        <extensions>
          <speed>1.12</speed>
        </extensions>
      </trkpt>
      <trkpt lat="41.6031725" lon="1.8121607">
        <ele>1220</ele>
        <time>2019-02-25T12:03:35Z</time>
        <hdop>4.551</hdop>
        <extensions>
          <speed>0.84</speed>
        </extensions>
      </trkpt>
      <trkpt lat="41.6031764" lon="1.8120969">
        <ele>1219</ele>
        <time>2019-02-25T12:03:40Z</time>
        <hdop>4.551</hdop>
        <extensions>
          <speed>1.11</speed>
        </extensions>
      </trkpt>
      <trkpt lat="41.6031763" lon="1.8120791">
        <ele>1221</ele>
        <time>2019-02-25T12:03:46Z</time>
        <hdop>4.551</hdop>
      </trkpt>
      <trkpt lat="41.6031761" lon="1.812079">
        <ele>1221</ele>
        <time>2019-02-25T12:03:51Z</time>
        <hdop>4.551</hdop>
      </trkpt>
      <trkpt lat="41.603168" lon="1.8120954">
        <ele>1221</ele>
        <time>2019-02-25T12:03:56Z</time>
        <hdop>4.551</hdop>
        <extensions>
          <speed>0.99</speed>
        </extensions>
      </trkpt>
      <trkpt lat="41.6031901" lon="1.8121268">
        <ele>1219</ele>
        <time>2019-02-25T12:04:02Z</time>
        <hdop>4.551</hdop>
        <extensions>
          <speed>1.2</speed>
        </extensions>
      </trkpt>
      <trkpt lat="41.6032349" lon="1.812133">
        <ele>1222</ele>
        <time>2019-02-25T12:04:08Z</time>
        <hdop>4.551</hdop>
        <extensions>
          <speed>1.14</speed>
        </extensions>
      </trkpt>
      <trkpt lat="41.6032835" lon="1.8121556">
        <ele>1223</ele>
        <time>2019-02-25T12:04:13Z</time>
        <hdop>4.551</hdop>
        <extensions>
          <speed>0.9</speed>
        </extensions>
      </trkpt>
      <trkpt lat="41.6033399" lon="1.8121737">
        <ele>1222</ele>
        <time>2019-02-25T12:04:18Z</time>
        <hdop>4.551</hdop>
        <extensions>
          <speed>1.09</speed>
        </extensions>
      </trkpt>
      <trkpt lat="41.6033753" lon="1.8121342">
        <ele>1223</ele>
        <time>2019-02-25T12:04:24Z</time>
        <hdop>4.551</hdop>
        <extensions>
          <speed>0.62</speed>
        </extensions>
      </trkpt>
      <trkpt lat="41.6033726" lon="1.8121178">
        <ele>1223</ele>
        <time>2019-02-25T12:04:30Z</time>
        <hdop>4.551</hdop>
        <extensions>
          <speed>0.59</speed>
        </extensions>
      </trkpt>
      <trkpt lat="41.6033366" lon="1.8121293">
        <ele>1223</ele>
        <time>2019-02-25T12:04:36Z</time>
        <hdop>4.551</hdop>
      </trkpt>
      <trkpt lat="41.6033304" lon="1.8121307">
        <ele>1223</ele>
        <time>2019-02-25T12:04:41Z</time>
        <hdop>4.551</hdop>
      </trkpt>
      <trkpt lat="41.603329" lon="1.8121208">
        <ele>1220</ele>
        <time>2019-02-25T12:04:46Z</time>
        <hdop>4.551</hdop>
        <extensions>
          <speed>0.5</speed>
        </extensions>
      </trkpt>
      <trkpt lat="41.6033371" lon="1.8121315">
        <ele>1222</ele>
        <time>2019-02-25T12:04:52Z</time>
        <hdop>4.551</hdop>
        <extensions>
          <speed>0.79</speed>
        </extensions>
      </trkpt>
      <trkpt lat="41.6033344" lon="1.8121247">
        <ele>1222</ele>
        <time>2019-02-25T12:04:57Z</time>
        <hdop>4.551</hdop>
        <extensions>
          <speed>0.72</speed>
        </extensions>
      </trkpt>
      <trkpt lat="41.603332" lon="1.812123">
        <ele>1222</ele>
        <time>2019-02-25T12:05:03Z</time>
        <hdop>4.551</hdop>
      </trkpt>
      <trkpt lat="41.6033363" lon="1.8121137">
        <ele>1222</ele>
        <time>2019-02-25T12:05:09Z</time>
        <hdop>4.551</hdop>
        <extensions>
          <speed>0.27</speed>
        </extensions>
      </trkpt>
      <trkpt lat="41.6033356" lon="1.8121288">
        <ele>1223</ele>
        <time>2019-02-25T12:05:15Z</time>
        <hdop>4.551</hdop>
      </trkpt>
      <trkpt lat="41.6033565" lon="1.8121287">
        <ele>1224</ele>
        <time>2019-02-25T12:05:21Z</time>
        <hdop>4.551</hdop>
        <extensions>
          <speed>1.11</speed>
        </extensions>
      </trkpt>
      <trkpt lat="41.6034078" lon="1.8121481">
        <ele>1224</ele>
        <time>2019-02-25T12:05:26Z</time>
        <hdop>4.551</hdop>
        <extensions>
          <speed>0.74</speed>
        </extensions>
      </trkpt>
      <trkpt lat="41.6034533" lon="1.8120988">
        <ele>1224</ele>
        <time>2019-02-25T12:05:32Z</time>
        <hdop>4.551</hdop>
        <extensions>
          <speed>1.11</speed>
        </extensions>
      </trkpt>
      <trkpt lat="41.6034972" lon="1.8120965">
        <ele>1225</ele>
        <time>2019-02-25T12:05:38Z</time>
        <hdop>4.551</hdop>
        <extensions>
          <speed>1.3</speed>
        </extensions>
      </trkpt>
      <trkpt lat="41.6035089" lon="1.8121017">
        <ele>1226</ele>
        <time>2019-02-25T12:05:43Z</time>
        <hdop>4.551</hdop>
        <extensions>
          <speed>0.37</speed>
        </extensions>
      </trkpt>
      <trkpt lat="41.6035283" lon="1.8121234">
        <ele>1226</ele>
        <time>2019-02-25T12:05:49Z</time>
        <hdop>4.551</hdop>
        <extensions>
          <speed>0.42</speed>
        </extensions>
      </trkpt>
      <trkpt lat="41.603508" lon="1.8121693">
        <ele>1228</ele>
        <time>2019-02-25T12:05:55Z</time>
        <hdop>4.551</hdop>
        <extensions>
          <speed>0.33</speed>
        </extensions>
      </trkpt>
      <trkpt lat="41.6034986" lon="1.8122086">
        <ele>1227</ele>
        <time>2019-02-25T12:06:01Z</time>
        <hdop>4.551</hdop>
      </trkpt>
      <trkpt lat="41.603488" lon="1.8122072">
        <ele>1227</ele>
        <time>2019-02-25T12:06:06Z</time>
        <hdop>4.551</hdop>
        <extensions>
          <speed>0.37</speed>
        </extensions>
      </trkpt>
      <trkpt lat="41.6034793" lon="1.8122166">
        <ele>1226</ele>
        <time>2019-02-25T12:06:11Z</time>
        <hdop>4.551</hdop>
        <extensions>
          <speed>0.62</speed>
        </extensions>
      </trkpt>
      <trkpt lat="41.6034706" lon="1.8122246">
        <ele>1226</ele>
        <time>2019-02-25T12:06:16Z</time>
        <hdop>4.551</hdop>
        <extensions>
          <speed>0.16</speed>
        </extensions>
      </trkpt>
      <trkpt lat="41.6034853" lon="1.8122205">
        <ele>1226</ele>
        <time>2019-02-25T12:06:22Z</time>
        <hdop>4.551</hdop>
        <extensions>
          <speed>0.76</speed>
        </extensions>
      </trkpt>
      <trkpt lat="41.6035043" lon="1.8121754">
        <ele>1226</ele>
        <time>2019-02-25T12:06:27Z</time>
        <hdop>4.551</hdop>
        <extensions>
          <speed>0.82</speed>
        </extensions>
      </trkpt>
      <trkpt lat="41.6035219" lon="1.8121258">
        <ele>1227</ele>
        <time>2019-02-25T12:06:32Z</time>
        <hdop>4.551</hdop>
        <extensions>
          <speed>1.06</speed>
        </extensions>
      </trkpt>
      <trkpt lat="41.603569" lon="1.8121458">
        <ele>1228</ele>
        <time>2019-02-25T12:06:38Z</time>
        <hdop>4.551</hdop>
        <extensions>
          <speed>0.75</speed>
        </extensions>
      </trkpt>
      <trkpt lat="41.6036076" lon="1.8121409">
        <ele>1230</ele>
        <time>2019-02-25T12:06:44Z</time>
        <hdop>4.551</hdop>
        <extensions>
          <speed>0.82</speed>
        </extensions>
      </trkpt>
      <trkpt lat="41.6036168" lon="1.8121416">
        <ele>1232</ele>
        <time>2019-02-25T12:06:49Z</time>
        <hdop>4.551</hdop>
      </trkpt>
      <trkpt lat="41.6036196" lon="1.8121445">
        <ele>1230</ele>
        <time>2019-02-25T12:06:55Z</time>
        <hdop>4.551</hdop>
      </trkpt>
      <trkpt lat="41.6036363" lon="1.8121611">
        <ele>1231</ele>
        <time>2019-02-25T12:07:01Z</time>
        <hdop>4.551</hdop>
        <extensions>
          <speed>0.54</speed>
        </extensions>
      </trkpt>
      <trkpt lat="41.6036625" lon="1.8121178">
        <ele>1233</ele>
        <time>2019-02-25T12:07:07Z</time>
        <hdop>4.551</hdop>
        <extensions>
          <speed>0.9</speed>
        </extensions>
      </trkpt>
      <trkpt lat="41.6036906" lon="1.8120964">
        <ele>1234</ele>
        <time>2019-02-25T12:07:12Z</time>
        <hdop>4.551</hdop>
        <extensions>
          <speed>0.44</speed>
        </extensions>
      </trkpt>
      <trkpt lat="41.6037031" lon="1.8120832">
        <ele>1233</ele>
        <time>2019-02-25T12:07:17Z</time>
        <hdop>4.551</hdop>
      </trkpt>
      <trkpt lat="41.6037396" lon="1.812068">
        <ele>1234</ele>
        <time>2019-02-25T12:07:23Z</time>
        <hdop>4.551</hdop>
        <extensions>
          <speed>0.91</speed>
        </extensions>
      </trkpt>
      <trkpt lat="41.6037703" lon="1.8120531">
        <ele>1235</ele>
        <time>2019-02-25T12:07:28Z</time>
        <hdop>4.551</hdop>
        <extensions>
          <speed>0.71</speed>
        </extensions>
      </trkpt>
      <trkpt lat="41.6037697" lon="1.8120449">
        <ele>1235</ele>
        <time>2019-02-25T12:07:34Z</time>
        <hdop>4.551</hdop>
      </trkpt>
      <trkpt lat="41.6037676" lon="1.8120481">
        <ele>1236</ele>
        <time>2019-02-25T12:07:39Z</time>
        <hdop>4.551</hdop>
        <extensions>
          <speed>0.19</speed>
        </extensions>
      </trkpt>
      <trkpt lat="41.6037378" lon="1.8120596">
        <ele>1236</ele>
        <time>2019-02-25T12:07:45Z</time>
        <hdop>4.551</hdop>
        <extensions>
          <speed>0.21</speed>
        </extensions>
      </trkpt>
      <trkpt lat="41.6037741" lon="1.8120497">
        <ele>1235</ele>
        <time>2019-02-25T12:07:50Z</time>
        <hdop>4.551</hdop>
        <extensions>
          <speed>1.5</speed>
        </extensions>
      </trkpt>
      <trkpt lat="41.6038395" lon="1.8120222">
        <ele>1235</ele>
        <time>2019-02-25T12:07:56Z</time>
        <hdop>4.551</hdop>
        <extensions>
          <speed>1.08</speed>
        </extensions>
      </trkpt>
      <trkpt lat="41.6038913" lon="1.8119923">
        <ele>1236</ele>
        <time>2019-02-25T12:08:02Z</time>
        <hdop>4.551</hdop>
        <extensions>
          <speed>0.97</speed>
        </extensions>
      </trkpt>
      <trkpt lat="41.6039435" lon="1.8119683">
        <ele>1236</ele>
        <time>2019-02-25T12:08:07Z</time>
        <hdop>4.551</hdop>
        <extensions>
          <speed>0.67</speed>
        </extensions>
      </trkpt>
      <trkpt lat="41.6039934" lon="1.8119433">
        <ele>1237</ele>
        <time>2019-02-25T12:08:13Z</time>
        <hdop>4.551</hdop>
        <extensions>
          <speed>0.44</speed>
        </extensions>
      </trkpt>
      <trkpt lat="41.6040355" lon="1.8119101">
        <ele>1239</ele>
        <time>2019-02-25T12:08:18Z</time>
        <hdop>4.551</hdop>
        <extensions>
          <speed>1.1</speed>
        </extensions>
      </trkpt>
      <trkpt lat="41.6040934" lon="1.8118781">
        <ele>1240</ele>
        <time>2019-02-25T12:08:24Z</time>
        <hdop>4.551</hdop>
        <extensions>
          <speed>1.24</speed>
        </extensions>
      </trkpt>
      <trkpt lat="41.6041217" lon="1.8118659">
        <ele>1242</ele>
        <time>2019-02-25T12:08:29Z</time>
        <hdop>4.551</hdop>
        <extensions>
          <speed>0.82</speed>
        </extensions>
      </trkpt>
      <trkpt lat="41.6041473" lon="1.8118485">
        <ele>1245</ele>
        <time>2019-02-25T12:08:34Z</time>
        <hdop>4.551</hdop>
        <extensions>
          <speed>0.93</speed>
        </extensions>
      </trkpt>
      <trkpt lat="41.6041565" lon="1.8118052">
        <ele>1244</ele>
        <time>2019-02-25T12:08:40Z</time>
        <hdop>4.551</hdop>
      </trkpt>
      <trkpt lat="41.604159" lon="1.8117931">
        <ele>1244</ele>
        <time>2019-02-25T12:08:46Z</time>
        <hdop>4.551</hdop>
        <extensions>
          <speed>0.61</speed>
        </extensions>
      </trkpt>
      <trkpt lat="41.6041792" lon="1.8118268">
        <ele>1242</ele>
        <time>2019-02-25T12:08:51Z</time>
        <hdop>4.551</hdop>
        <extensions>
          <speed>0.27</speed>
        </extensions>
      </trkpt>
      <trkpt lat="41.6041515" lon="1.8117759">
        <ele>1244</ele>
        <time>2019-02-25T12:08:57Z</time>
        <hdop>4.551</hdop>
        <extensions>
          <speed>1.38</speed>
        </extensions>
      </trkpt>
      <trkpt lat="41.6040969" lon="1.8117371">
        <ele>1244</ele>
        <time>2019-02-25T12:09:03Z</time>
        <hdop>4.551</hdop>
        <extensions>
          <speed>1.69</speed>
        </extensions>
      </trkpt>
      <trkpt lat="41.604042" lon="1.8117326">
        <ele>1244</ele>
        <time>2019-02-25T12:09:09Z</time>
        <hdop>4.551</hdop>
        <extensions>
          <speed>0.18</speed>
        </extensions>
      </trkpt>
      <trkpt lat="41.6040068" lon="1.8117391">
        <ele>1246</ele>
        <time>2019-02-25T12:09:15Z</time>
        <hdop>4.551</hdop>
        <extensions>
          <speed>1.37</speed>
        </extensions>
      </trkpt>
      <trkpt lat="41.6039776" lon="1.8117273">
        <ele>1248</ele>
        <time>2019-02-25T12:09:21Z</time>
        <hdop>4.551</hdop>
      </trkpt>
      <trkpt lat="41.6039586" lon="1.8117367">
        <ele>1248</ele>
        <time>2019-02-25T12:09:26Z</time>
        <hdop>4.551</hdop>
      </trkpt>
      <trkpt lat="41.6039684" lon="1.8117348">
        <ele>1249</ele>
        <time>2019-02-25T12:09:31Z</time>
        <hdop>4.551</hdop>
        <extensions>
          <speed>0.68</speed>
        </extensions>
      </trkpt>
      <trkpt lat="41.6039715" lon="1.8117318">
        <ele>1250</ele>
        <time>2019-02-25T12:09:37Z</time>
        <hdop>4.551</hdop>
      </trkpt>
      <trkpt lat="41.6039664" lon="1.8117308">
        <ele>1249</ele>
        <time>2019-02-25T12:09:43Z</time>
        <hdop>4.551</hdop>
        <extensions>
          <speed>0.28</speed>
        </extensions>
      </trkpt>
      <trkpt lat="41.6039665" lon="1.8117346">
        <ele>1250</ele>
        <time>2019-02-25T12:09:49Z</time>
        <hdop>4.551</hdop>
      </trkpt>
      <trkpt lat="41.6039594" lon="1.8117297">
        <ele>1249</ele>
        <time>2019-02-25T12:09:55Z</time>
        <hdop>4.551</hdop>
        <extensions>
          <speed>0.43</speed>
        </extensions>
      </trkpt>
      <trkpt lat="41.6039575" lon="1.8117375">
        <ele>1248</ele>
        <time>2019-02-25T12:10:00Z</time>
        <hdop>4.551</hdop>
        <extensions>
          <speed>0.52</speed>
        </extensions>
      </trkpt>
      <trkpt lat="41.6039492" lon="1.8117275">
        <ele>1248</ele>
        <time>2019-02-25T12:10:06Z</time>
        <hdop>4.551</hdop>
      </trkpt>
      <trkpt lat="41.6039386" lon="1.8117358">
        <ele>1248</ele>
        <time>2019-02-25T12:10:11Z</time>
        <hdop>4.551</hdop>
      </trkpt>
      <trkpt lat="41.603939" lon="1.8117263">
        <ele>1248</ele>
        <time>2019-02-25T12:10:17Z</time>
        <hdop>4.551</hdop>
      </trkpt>
      <trkpt lat="41.6039386" lon="1.8117272">
        <ele>1248</ele>
        <time>2019-02-25T12:10:22Z</time>
        <hdop>4.551</hdop>
      </trkpt>
      <trkpt lat="41.6039414" lon="1.8117248">
        <ele>1248</ele>
        <time>2019-02-25T12:10:28Z</time>
        <hdop>4.551</hdop>
      </trkpt>
      <trkpt lat="41.6039416" lon="1.8117205">
        <ele>1248</ele>
        <time>2019-02-25T12:10:34Z</time>
        <hdop>4.551</hdop>
      </trkpt>
      <trkpt lat="41.6039408" lon="1.8117185">
        <ele>1248</ele>
        <time>2019-02-25T12:10:39Z</time>
        <hdop>4.551</hdop>
      </trkpt>
      <trkpt lat="41.6039398" lon="1.8117174">
        <ele>1248</ele>
        <time>2019-02-25T12:10:45Z</time>
        <hdop>4.551</hdop>
      </trkpt>
      <trkpt lat="41.6039414" lon="1.8117187">
        <ele>1248</ele>
        <time>2019-02-25T12:10:50Z</time>
        <hdop>4.551</hdop>
      </trkpt>
      <trkpt lat="41.603941" lon="1.8117193">
        <ele>1249</ele>
        <time>2019-02-25T12:10:55Z</time>
        <hdop>4.551</hdop>
      </trkpt>
      <trkpt lat="41.60394" lon="1.8117187">
        <ele>1249</ele>
        <time>2019-02-25T12:11:01Z</time>
        <hdop>4.551</hdop>
      </trkpt>
      <trkpt lat="41.6039348" lon="1.8117174">
        <ele>1250</ele>
        <time>2019-02-25T12:11:07Z</time>
        <hdop>4.551</hdop>
      </trkpt>
      <trkpt lat="41.6039266" lon="1.8117207">
        <ele>1250</ele>
        <time>2019-02-25T12:11:13Z</time>
        <hdop>4.551</hdop>
      </trkpt>
      <trkpt lat="41.6039368" lon="1.811714">
        <ele>1250</ele>
        <time>2019-02-25T12:11:19Z</time>
        <hdop>4.551</hdop>
      </trkpt>
      <trkpt lat="41.6039395" lon="1.8117136">
        <ele>1250</ele>
        <time>2019-02-25T12:11:25Z</time>
        <hdop>4.551</hdop>
      </trkpt>
      <trkpt lat="41.6039348" lon="1.8117198">
        <ele>1249</ele>
        <time>2019-02-25T12:11:31Z</time>
        <hdop>4.551</hdop>
      </trkpt>
      <trkpt lat="41.6039303" lon="1.8117184">
        <ele>1248</ele>
        <time>2019-02-25T12:11:37Z</time>
        <hdop>4.551</hdop>
      </trkpt>
      <trkpt lat="41.6039318" lon="1.8117135">
        <ele>1248</ele>
        <time>2019-02-25T12:11:43Z</time>
        <hdop>4.551</hdop>
      </trkpt>
      <trkpt lat="41.6039319" lon="1.8117134">
        <ele>1248</ele>
        <time>2019-02-25T12:11:49Z</time>
        <hdop>6.068</hdop>
      </trkpt>
      <trkpt lat="41.6039318" lon="1.8117134">
        <ele>1248</ele>
        <time>2019-02-25T12:11:54Z</time>
        <hdop>4.551</hdop>
      </trkpt>
      <trkpt lat="41.6039297" lon="1.8117123">
        <ele>1247</ele>
        <time>2019-02-25T12:11:59Z</time>
        <hdop>4.551</hdop>
      </trkpt>
      <trkpt lat="41.6039339" lon="1.8117116">
        <ele>1247</ele>
        <time>2019-02-25T12:12:05Z</time>
        <hdop>4.551</hdop>
      </trkpt>
      <trkpt lat="41.603927" lon="1.8117072">
        <ele>1248</ele>
        <time>2019-02-25T12:12:10Z</time>
        <hdop>4.551</hdop>
      </trkpt>
      <trkpt lat="41.6039265" lon="1.8117122">
        <ele>1247</ele>
        <time>2019-02-25T12:12:16Z</time>
        <hdop>4.551</hdop>
      </trkpt>
      <trkpt lat="41.6039339" lon="1.811719">
        <ele>1246</ele>
        <time>2019-02-25T12:12:22Z</time>
        <hdop>4.551</hdop>
      </trkpt>
      <trkpt lat="41.6039319" lon="1.8117232">
        <ele>1246</ele>
        <time>2019-02-25T12:12:28Z</time>
        <hdop>4.551</hdop>
      </trkpt>
      <trkpt lat="41.6039318" lon="1.8117234">
        <ele>1246</ele>
        <time>2019-02-25T12:12:33Z</time>
        <hdop>4.551</hdop>
      </trkpt>
      <trkpt lat="41.6039318" lon="1.8117234">
        <ele>1246</ele>
        <time>2019-02-25T12:12:38Z</time>
        <hdop>4.551</hdop>
      </trkpt>
      <trkpt lat="41.6039355" lon="1.8117242">
        <ele>1247</ele>
        <time>2019-02-25T12:12:44Z</time>
        <hdop>6.068</hdop>
      </trkpt>
      <trkpt lat="41.6039384" lon="1.8117168">
        <ele>1249</ele>
        <time>2019-02-25T12:12:49Z</time>
        <hdop>7.585</hdop>
      </trkpt>
      <trkpt lat="41.6039404" lon="1.811714">
        <ele>1249</ele>
        <time>2019-02-25T12:12:54Z</time>
        <hdop>12.136</hdop>
      </trkpt>
      <trkpt lat="41.6039404" lon="1.8117139">
        <ele>1249</ele>
        <time>2019-02-25T12:12:59Z</time>
        <hdop>9.102</hdop>
      </trkpt>
      <trkpt lat="41.6039417" lon="1.8117376">
        <ele>1250</ele>
        <time>2019-02-25T12:13:05Z</time>
        <hdop>9.102</hdop>
      </trkpt>
      <trkpt lat="41.603934" lon="1.811743">
        <ele>1250</ele>
        <time>2019-02-25T12:13:10Z</time>
        <hdop>7.585</hdop>
      </trkpt>
      <trkpt lat="41.6039343" lon="1.8117408">
        <ele>1250</ele>
        <time>2019-02-25T12:13:16Z</time>
        <hdop>6.068</hdop>
      </trkpt>
      <trkpt lat="41.6039344" lon="1.8117408">
        <ele>1250</ele>
        <time>2019-02-25T12:13:21Z</time>
        <hdop>6.068</hdop>
      </trkpt>
      <trkpt lat="41.6039343" lon="1.8117408">
        <ele>1250</ele>
        <time>2019-02-25T12:13:27Z</time>
        <hdop>6.068</hdop>
      </trkpt>
      <trkpt lat="41.6039341" lon="1.8117408">
        <ele>1250</ele>
        <time>2019-02-25T12:13:33Z</time>
        <hdop>6.068</hdop>
      </trkpt>
      <trkpt lat="41.6039399" lon="1.8117462">
        <ele>1249</ele>
        <time>2019-02-25T12:13:38Z</time>
        <hdop>6.068</hdop>
      </trkpt>
      <trkpt lat="41.603935" lon="1.8117458">
        <ele>1250</ele>
        <time>2019-02-25T12:13:43Z</time>
        <hdop>6.068</hdop>
      </trkpt>
      <trkpt lat="41.6039279" lon="1.8117377">
        <ele>1250</ele>
        <time>2019-02-25T12:13:49Z</time>
        <hdop>4.551</hdop>
      </trkpt>
      <trkpt lat="41.6039316" lon="1.8117195">
        <ele>1248</ele>
        <time>2019-02-25T12:13:55Z</time>
        <hdop>4.551</hdop>
      </trkpt>
      <trkpt lat="41.6039295" lon="1.8117154">
        <ele>1248</ele>
        <time>2019-02-25T12:14:01Z</time>
        <hdop>4.551</hdop>
      </trkpt>
      <trkpt lat="41.6039329" lon="1.8117145">
        <ele>1247</ele>
        <time>2019-02-25T12:14:06Z</time>
        <hdop>4.551</hdop>
      </trkpt>
      <trkpt lat="41.603933" lon="1.8117143">
        <ele>1247</ele>
        <time>2019-02-25T12:14:11Z</time>
        <hdop>4.551</hdop>
      </trkpt>
      <trkpt lat="41.603933" lon="1.811714">
        <ele>1247</ele>
        <time>2019-02-25T12:14:17Z</time>
        <hdop>4.551</hdop>
      </trkpt>
      <trkpt lat="41.6039348" lon="1.8117052">
        <ele>1248</ele>
        <time>2019-02-25T12:14:23Z</time>
        <hdop>4.551</hdop>
      </trkpt>
      <trkpt lat="41.6039358" lon="1.811698">
        <ele>1248</ele>
        <time>2019-02-25T12:14:29Z</time>
        <hdop>4.551</hdop>
      </trkpt>
      <trkpt lat="41.6039321" lon="1.811696">
        <ele>1248</ele>
        <time>2019-02-25T12:14:34Z</time>
        <hdop>4.551</hdop>
      </trkpt>
      <trkpt lat="41.6039322" lon="1.8117018">
        <ele>1248</ele>
        <time>2019-02-25T12:14:39Z</time>
        <hdop>4.551</hdop>
      </trkpt>
      <trkpt lat="41.6039292" lon="1.8117054">
        <ele>1247</ele>
        <time>2019-02-25T12:14:45Z</time>
        <hdop>4.551</hdop>
      </trkpt>
      <trkpt lat="41.6039266" lon="1.8117016">
        <ele>1247</ele>
        <time>2019-02-25T12:14:50Z</time>
        <hdop>4.551</hdop>
      </trkpt>
      <trkpt lat="41.603934" lon="1.8117045">
        <ele>1246</ele>
        <time>2019-02-25T12:14:56Z</time>
        <hdop>4.551</hdop>
      </trkpt>
      <trkpt lat="41.60393" lon="1.811721">
        <ele>1247</ele>
        <time>2019-02-25T12:15:02Z</time>
        <hdop>4.551</hdop>
      </trkpt>
      <trkpt lat="41.6039305" lon="1.8117215">
        <ele>1247</ele>
        <time>2019-02-25T12:15:07Z</time>
        <hdop>4.551</hdop>
      </trkpt>
      <trkpt lat="41.6039301" lon="1.811722">
        <ele>1247</ele>
        <time>2019-02-25T12:15:13Z</time>
        <hdop>4.551</hdop>
      </trkpt>
      <trkpt lat="41.6039299" lon="1.8117221">
        <ele>1247</ele>
        <time>2019-02-25T12:15:18Z</time>
        <hdop>4.551</hdop>
      </trkpt>
      <trkpt lat="41.6039298" lon="1.8117222">
        <ele>1247</ele>
        <time>2019-02-25T12:15:23Z</time>
        <hdop>4.551</hdop>
      </trkpt>
      <trkpt lat="41.6039297" lon="1.8117223">
        <ele>1247</ele>
        <time>2019-02-25T12:15:29Z</time>
        <hdop>4.551</hdop>
      </trkpt>
      <trkpt lat="41.6039312" lon="1.8117216">
        <ele>1246</ele>
        <time>2019-02-25T12:15:35Z</time>
        <hdop>4.551</hdop>
        <extensions>
          <speed>0.19</speed>
        </extensions>
      </trkpt>
      <trkpt lat="41.603931" lon="1.8117311">
        <ele>1248</ele>
        <time>2019-02-25T12:15:40Z</time>
        <hdop>4.551</hdop>
      </trkpt>
      <trkpt lat="41.6039306" lon="1.8117261">
        <ele>1247</ele>
        <time>2019-02-25T12:15:46Z</time>
        <hdop>4.551</hdop>
      </trkpt>
      <trkpt lat="41.6039343" lon="1.8117196">
        <ele>1248</ele>
        <time>2019-02-25T12:15:51Z</time>
        <hdop>4.551</hdop>
      </trkpt>
      <trkpt lat="41.6039383" lon="1.8117162">
        <ele>1248</ele>
        <time>2019-02-25T12:15:56Z</time>
        <hdop>4.551</hdop>
      </trkpt>
      <trkpt lat="41.6039473" lon="1.8117174">
        <ele>1247</ele>
        <time>2019-02-25T12:16:02Z</time>
        <hdop>4.551</hdop>
      </trkpt>
      <trkpt lat="41.603938" lon="1.8117229">
        <ele>1249</ele>
        <time>2019-02-25T12:16:07Z</time>
        <hdop>4.551</hdop>
      </trkpt>
      <trkpt lat="41.603926" lon="1.8117199">
        <ele>1249</ele>
        <time>2019-02-25T12:16:13Z</time>
        <hdop>4.551</hdop>
      </trkpt>
      <trkpt lat="41.6039278" lon="1.8117221">
        <ele>1248</ele>
        <time>2019-02-25T12:16:18Z</time>
        <hdop>4.551</hdop>
      </trkpt>
      <trkpt lat="41.603928" lon="1.8117234">
        <ele>1248</ele>
        <time>2019-02-25T12:16:24Z</time>
        <hdop>4.551</hdop>
      </trkpt>
      <trkpt lat="41.6039279" lon="1.8117235">
        <ele>1248</ele>
        <time>2019-02-25T12:16:30Z</time>
        <hdop>4.551</hdop>
      </trkpt>
      <trkpt lat="41.603928" lon="1.8117236">
        <ele>1248</ele>
        <time>2019-02-25T12:16:35Z</time>
        <hdop>4.551</hdop>
      </trkpt>
      <trkpt lat="41.603928" lon="1.8117237">
        <ele>1248</ele>
        <time>2019-02-25T12:16:41Z</time>
        <hdop>4.551</hdop>
      </trkpt>
      <trkpt lat="41.6039279" lon="1.8117237">
        <ele>1248</ele>
        <time>2019-02-25T12:16:46Z</time>
        <hdop>4.551</hdop>
      </trkpt>
      <trkpt lat="41.603928" lon="1.8117234">
        <ele>1248</ele>
        <time>2019-02-25T12:16:52Z</time>
        <hdop>4.551</hdop>
      </trkpt>
      <trkpt lat="41.603928" lon="1.8117232">
        <ele>1248</ele>
        <time>2019-02-25T12:16:57Z</time>
        <hdop>4.551</hdop>
      </trkpt>
      <trkpt lat="41.603928" lon="1.8117231">
        <ele>1248</ele>
        <time>2019-02-25T12:17:03Z</time>
        <hdop>4.551</hdop>
      </trkpt>
      <trkpt lat="41.6039278" lon="1.8117231">
        <ele>1248</ele>
        <time>2019-02-25T12:17:08Z</time>
        <hdop>4.551</hdop>
      </trkpt>
      <trkpt lat="41.6039179" lon="1.8117173">
        <ele>1248</ele>
        <time>2019-02-25T12:17:13Z</time>
        <hdop>4.551</hdop>
      </trkpt>
      <trkpt lat="41.6039111" lon="1.8117172">
        <ele>1248</ele>
        <time>2019-02-25T12:17:19Z</time>
        <hdop>4.551</hdop>
      </trkpt>
      <trkpt lat="41.6039109" lon="1.8117164">
        <ele>1249</ele>
        <time>2019-02-25T12:17:25Z</time>
        <hdop>4.551</hdop>
      </trkpt>
      <trkpt lat="41.6039089" lon="1.811721">
        <ele>1251</ele>
        <time>2019-02-25T12:17:31Z</time>
        <hdop>4.551</hdop>
      </trkpt>
      <trkpt lat="41.6039127" lon="1.8117154">
        <ele>1249</ele>
        <time>2019-02-25T12:17:36Z</time>
        <hdop>4.551</hdop>
      </trkpt>
      <trkpt lat="41.6039149" lon="1.8117101">
        <ele>1250</ele>
        <time>2019-02-25T12:17:41Z</time>
        <hdop>4.551</hdop>
      </trkpt>
      <trkpt lat="41.6039151" lon="1.8117108">
        <ele>1250</ele>
        <time>2019-02-25T12:17:47Z</time>
        <hdop>6.068</hdop>
      </trkpt>
      <trkpt lat="41.6039152" lon="1.8117109">
        <ele>1250</ele>
        <time>2019-02-25T12:17:52Z</time>
        <hdop>4.551</hdop>
      </trkpt>
      <trkpt lat="41.6039154" lon="1.8117109">
        <ele>1250</ele>
        <time>2019-02-25T12:17:58Z</time>
        <hdop>4.551</hdop>
      </trkpt>
      <trkpt lat="41.6039107" lon="1.8117168">
        <ele>1250</ele>
        <time>2019-02-25T12:18:03Z</time>
        <hdop>4.551</hdop>
      </trkpt>
      <trkpt lat="41.6039045" lon="1.8117218">
        <ele>1250</ele>
        <time>2019-02-25T12:18:09Z</time>
        <hdop>4.551</hdop>
        <extensions>
          <speed>0.28</speed>
        </extensions>
      </trkpt>
      <trkpt lat="41.6039161" lon="1.8117111">
        <ele>1250</ele>
        <time>2019-02-25T12:18:14Z</time>
        <hdop>4.551</hdop>
      </trkpt>
      <trkpt lat="41.6039212" lon="1.8117195">
        <ele>1250</ele>
        <time>2019-02-25T12:18:20Z</time>
        <hdop>4.551</hdop>
      </trkpt>
      <trkpt lat="41.6039198" lon="1.8117166">
        <ele>1250</ele>
        <time>2019-02-25T12:18:25Z</time>
        <hdop>4.551</hdop>
      </trkpt>
      <trkpt lat="41.6039186" lon="1.8117191">
        <ele>1250</ele>
        <time>2019-02-25T12:18:31Z</time>
        <hdop>4.551</hdop>
      </trkpt>
      <trkpt lat="41.603921" lon="1.8117214">
        <ele>1249</ele>
        <time>2019-02-25T12:18:36Z</time>
        <hdop>4.551</hdop>
      </trkpt>
      <trkpt lat="41.6039196" lon="1.8117206">
        <ele>1249</ele>
        <time>2019-02-25T12:18:42Z</time>
        <hdop>4.551</hdop>
      </trkpt>
      <trkpt lat="41.6039179" lon="1.8117184">
        <ele>1249</ele>
        <time>2019-02-25T12:18:48Z</time>
        <hdop>4.551</hdop>
        <extensions>
          <speed>0.4</speed>
        </extensions>
      </trkpt>
      <trkpt lat="41.6039314" lon="1.8116838">
        <ele>1250</ele>
        <time>2019-02-25T12:18:54Z</time>
        <hdop>4.551</hdop>
        <extensions>
          <speed>0.15</speed>
        </extensions>
      </trkpt>
      <trkpt lat="41.6039416" lon="1.8116973">
        <ele>1249</ele>
        <time>2019-02-25T12:19:01Z</time>
        <hdop>4.551</hdop>
      </trkpt>
      <trkpt lat="41.603951" lon="1.8116881">
        <ele>1249</ele>
        <time>2019-02-25T12:19:06Z</time>
        <hdop>4.551</hdop>
      </trkpt>
      <trkpt lat="41.6039556" lon="1.8116866">
        <ele>1249</ele>
        <time>2019-02-25T12:19:11Z</time>
        <hdop>4.551</hdop>
        <extensions>
          <speed>0.21</speed>
        </extensions>
      </trkpt>
      <trkpt lat="41.6039497" lon="1.8116904">
        <ele>1250</ele>
        <time>2019-02-25T12:19:17Z</time>
        <hdop>4.551</hdop>
        <extensions>
          <speed>0.59</speed>
        </extensions>
      </trkpt>
      <trkpt lat="41.6039434" lon="1.8117089">
        <ele>1248</ele>
        <time>2019-02-25T12:19:23Z</time>
        <hdop>6.068</hdop>
      </trkpt>
      <trkpt lat="41.6039505" lon="1.8117225">
        <ele>1246</ele>
        <time>2019-02-25T12:19:28Z</time>
        <hdop>4.551</hdop>
      </trkpt>
      <trkpt lat="41.6039503" lon="1.8117236">
        <ele>1246</ele>
        <time>2019-02-25T12:19:34Z</time>
        <hdop>4.551</hdop>
      </trkpt>
      <trkpt lat="41.6039501" lon="1.8117166">
        <ele>1246</ele>
        <time>2019-02-25T12:19:39Z</time>
        <hdop>4.551</hdop>
      </trkpt>
      <trkpt lat="41.6039502" lon="1.8117165">
        <ele>1246</ele>
        <time>2019-02-25T12:19:45Z</time>
        <hdop>4.551</hdop>
      </trkpt>
      <trkpt lat="41.6039684" lon="1.8117158">
        <ele>1247</ele>
        <time>2019-02-25T12:19:51Z</time>
        <hdop>4.551</hdop>
        <extensions>
          <speed>0.86</speed>
        </extensions>
      </trkpt>
      <trkpt lat="41.6039865" lon="1.8117245">
        <ele>1247</ele>
        <time>2019-02-25T12:19:56Z</time>
        <hdop>4.551</hdop>
        <extensions>
          <speed>0.35</speed>
        </extensions>
      </trkpt>
      <trkpt lat="41.604007" lon="1.81174">
        <ele>1246</ele>
        <time>2019-02-25T12:20:01Z</time>
        <hdop>4.551</hdop>
        <extensions>
          <speed>0.73</speed>
        </extensions>
      </trkpt>
      <trkpt lat="41.6040279" lon="1.8117374">
        <ele>1245</ele>
        <time>2019-02-25T12:20:06Z</time>
        <hdop>4.551</hdop>
      </trkpt>
      <trkpt lat="41.6040576" lon="1.8117551">
        <ele>1245</ele>
        <time>2019-02-25T12:20:12Z</time>
        <hdop>4.551</hdop>
        <extensions>
          <speed>1.03</speed>
        </extensions>
      </trkpt>
      <trkpt lat="41.604093" lon="1.8117427">
        <ele>1245</ele>
        <time>2019-02-25T12:20:18Z</time>
        <hdop>4.551</hdop>
        <extensions>
          <speed>0.47</speed>
        </extensions>
      </trkpt>
      <trkpt lat="41.604106" lon="1.8117604">
        <ele>1245</ele>
        <time>2019-02-25T12:20:23Z</time>
        <hdop>4.551</hdop>
        <extensions>
          <speed>0.43</speed>
        </extensions>
      </trkpt>
      <trkpt lat="41.6041286" lon="1.8117932">
        <ele>1245</ele>
        <time>2019-02-25T12:20:29Z</time>
        <hdop>4.551</hdop>
        <extensions>
          <speed>0.78</speed>
        </extensions>
      </trkpt>
      <trkpt lat="41.6041364" lon="1.8118176">
        <ele>1245</ele>
        <time>2019-02-25T12:20:35Z</time>
        <hdop>4.551</hdop>
      </trkpt>
      <trkpt lat="41.6041747" lon="1.8118135">
        <ele>1244</ele>
        <time>2019-02-25T12:20:40Z</time>
        <hdop>4.551</hdop>
        <extensions>
          <speed>0.69</speed>
        </extensions>
      </trkpt>
      <trkpt lat="41.6042317" lon="1.8117945">
        <ele>1243</ele>
        <time>2019-02-25T12:20:46Z</time>
        <hdop>4.551</hdop>
        <extensions>
          <speed>0.32</speed>
        </extensions>
      </trkpt>
      <trkpt lat="41.6042684" lon="1.8118028">
        <ele>1247</ele>
        <time>2019-02-25T12:20:52Z</time>
        <hdop>4.551</hdop>
        <extensions>
          <speed>1.15</speed>
        </extensions>
      </trkpt>
      <trkpt lat="41.6043124" lon="1.811756">
        <ele>1248</ele>
        <time>2019-02-25T12:20:58Z</time>
        <hdop>4.551</hdop>
        <extensions>
          <speed>1.66</speed>
        </extensions>
      </trkpt>
      <trkpt lat="41.6043327" lon="1.8117069">
        <ele>1249</ele>
        <time>2019-02-25T12:21:03Z</time>
        <hdop>4.551</hdop>
        <extensions>
          <speed>0.59</speed>
        </extensions>
      </trkpt>
      <trkpt lat="41.6043663" lon="1.8116612">
        <ele>1251</ele>
        <time>2019-02-25T12:21:09Z</time>
        <hdop>4.551</hdop>
        <extensions>
          <speed>0.69</speed>
        </extensions>
      </trkpt>
      <trkpt lat="41.6044018" lon="1.8116146">
        <ele>1251</ele>
        <time>2019-02-25T12:21:15Z</time>
        <hdop>4.551</hdop>
        <extensions>
          <speed>0.63</speed>
        </extensions>
      </trkpt>
      <trkpt lat="41.6044403" lon="1.8115889">
        <ele>1254</ele>
        <time>2019-02-25T12:21:21Z</time>
        <hdop>4.551</hdop>
        <extensions>
          <speed>0.98</speed>
        </extensions>
      </trkpt>
      <trkpt lat="41.6044958" lon="1.8115748">
        <ele>1256</ele>
        <time>2019-02-25T12:21:27Z</time>
        <hdop>4.551</hdop>
        <extensions>
          <speed>0.89</speed>
        </extensions>
      </trkpt>
      <trkpt lat="41.6045357" lon="1.8115865">
        <ele>1257</ele>
        <time>2019-02-25T12:21:32Z</time>
        <hdop>4.551</hdop>
        <extensions>
          <speed>1.09</speed>
        </extensions>
      </trkpt>
      <trkpt lat="41.6045813" lon="1.8116101">
        <ele>1256</ele>
        <time>2019-02-25T12:21:37Z</time>
        <hdop>4.551</hdop>
        <extensions>
          <speed>0.99</speed>
        </extensions>
      </trkpt>
      <trkpt lat="41.6046429" lon="1.811618">
        <ele>1258</ele>
        <time>2019-02-25T12:21:43Z</time>
        <hdop>4.551</hdop>
        <extensions>
          <speed>0.72</speed>
        </extensions>
      </trkpt>
      <trkpt lat="41.6046754" lon="1.8116218">
        <ele>1259</ele>
        <time>2019-02-25T12:21:48Z</time>
        <hdop>4.551</hdop>
        <extensions>
          <speed>0.85</speed>
        </extensions>
      </trkpt>
      <trkpt lat="41.6046984" lon="1.8116231">
        <ele>1261</ele>
        <time>2019-02-25T12:21:54Z</time>
        <hdop>4.551</hdop>
        <extensions>
          <speed>0.35</speed>
        </extensions>
      </trkpt>
      <trkpt lat="41.6047265" lon="1.8116281">
        <ele>1263</ele>
        <time>2019-02-25T12:22:00Z</time>
        <hdop>4.551</hdop>
        <extensions>
          <speed>0.64</speed>
        </extensions>
      </trkpt>
      <trkpt lat="41.6047605" lon="1.8116185">
        <ele>1265</ele>
        <time>2019-02-25T12:22:05Z</time>
        <hdop>4.551</hdop>
        <extensions>
          <speed>0.31</speed>
        </extensions>
      </trkpt>
      <trkpt lat="41.6047793" lon="1.8116253">
        <ele>1267</ele>
        <time>2019-02-25T12:22:10Z</time>
        <hdop>4.551</hdop>
        <extensions>
          <speed>0.58</speed>
        </extensions>
      </trkpt>
      <trkpt lat="41.6048121" lon="1.811626">
        <ele>1268</ele>
        <time>2019-02-25T12:22:15Z</time>
        <hdop>4.551</hdop>
        <extensions>
          <speed>0.39</speed>
        </extensions>
      </trkpt>
      <trkpt lat="41.6048397" lon="1.8116359">
        <ele>1266</ele>
        <time>2019-02-25T12:22:21Z</time>
        <hdop>4.551</hdop>
        <extensions>
          <speed>0.5</speed>
        </extensions>
      </trkpt>
      <trkpt lat="41.6048444" lon="1.8116214">
        <ele>1268</ele>
        <time>2019-02-25T12:22:27Z</time>
        <hdop>4.551</hdop>
        <extensions>
          <speed>0.8</speed>
        </extensions>
      </trkpt>
      <trkpt lat="41.6048847" lon="1.8116212">
        <ele>1267</ele>
        <time>2019-02-25T12:22:33Z</time>
        <hdop>4.551</hdop>
        <extensions>
          <speed>0.51</speed>
        </extensions>
      </trkpt>
      <trkpt lat="41.6049302" lon="1.8116159">
        <ele>1267</ele>
        <time>2019-02-25T12:22:38Z</time>
        <hdop>4.551</hdop>
        <extensions>
          <speed>0.95</speed>
        </extensions>
      </trkpt>
      <trkpt lat="41.6049724" lon="1.8116262">
        <ele>1267</ele>
        <time>2019-02-25T12:22:44Z</time>
        <hdop>4.551</hdop>
        <extensions>
          <speed>1.13</speed>
        </extensions>
      </trkpt>
      <trkpt lat="41.6050224" lon="1.811622">
        <ele>1270</ele>
        <time>2019-02-25T12:22:49Z</time>
        <hdop>4.551</hdop>
        <extensions>
          <speed>1.18</speed>
        </extensions>
      </trkpt>
      <trkpt lat="41.6050785" lon="1.8116136">
        <ele>1271</ele>
        <time>2019-02-25T12:22:55Z</time>
        <hdop>4.551</hdop>
        <extensions>
          <speed>0.47</speed>
        </extensions>
      </trkpt>
      <trkpt lat="41.6051186" lon="1.8115819">
        <ele>1271</ele>
        <time>2019-02-25T12:23:00Z</time>
        <hdop>4.551</hdop>
        <extensions>
          <speed>0.92</speed>
        </extensions>
      </trkpt>
      <trkpt lat="41.6051558" lon="1.8115617">
        <ele>1273</ele>
        <time>2019-02-25T12:23:06Z</time>
        <hdop>4.551</hdop>
        <extensions>
          <speed>0.65</speed>
        </extensions>
      </trkpt>
      <trkpt lat="41.6051831" lon="1.8115365">
        <ele>1276</ele>
        <time>2019-02-25T12:23:11Z</time>
        <hdop>4.551</hdop>
        <extensions>
          <speed>1.65</speed>
        </extensions>
      </trkpt>
      <trkpt lat="41.605227" lon="1.8115042">
        <ele>1278</ele>
        <time>2019-02-25T12:23:16Z</time>
        <hdop>4.551</hdop>
        <extensions>
          <speed>0.39</speed>
        </extensions>
      </trkpt>
      <trkpt lat="41.6052685" lon="1.8115354">
        <ele>1278</ele>
        <time>2019-02-25T12:23:21Z</time>
        <hdop>4.551</hdop>
        <extensions>
          <speed>1.63</speed>
        </extensions>
      </trkpt>
      <trkpt lat="41.6053359" lon="1.8115419">
        <ele>1281</ele>
        <time>2019-02-25T12:23:27Z</time>
        <hdop>4.551</hdop>
        <extensions>
          <speed>0.49</speed>
        </extensions>
      </trkpt>
      <trkpt lat="41.6053582" lon="1.8115583">
        <ele>1283</ele>
        <time>2019-02-25T12:23:32Z</time>
        <hdop>4.551</hdop>
        <extensions>
          <speed>0.33</speed>
        </extensions>
      </trkpt>
      <trkpt lat="41.60535" lon="1.81151">
        <ele>1283</ele>
        <time>2019-02-25T12:23:38Z</time>
        <hdop>4.551</hdop>
        <extensions>
          <speed>0.45</speed>
        </extensions>
      </trkpt>
      <trkpt lat="41.605351" lon="1.8115152">
        <ele>1283</ele>
        <time>2019-02-25T12:23:43Z</time>
        <hdop>4.551</hdop>
      </trkpt>
      <trkpt lat="41.6053704" lon="1.8115075">
        <ele>1283</ele>
        <time>2019-02-25T12:23:49Z</time>
        <hdop>4.551</hdop>
        <extensions>
          <speed>1.03</speed>
        </extensions>
      </trkpt>
      <trkpt lat="41.6053721" lon="1.8115048">
        <ele>1282</ele>
        <time>2019-02-25T12:23:54Z</time>
        <hdop>4.551</hdop>
        <extensions>
          <speed>0.27</speed>
        </extensions>
      </trkpt>
      <trkpt lat="41.6054192" lon="1.8115072">
        <ele>1283</ele>
        <time>2019-02-25T12:24:00Z</time>
        <hdop>4.551</hdop>
        <extensions>
          <speed>0.53</speed>
        </extensions>
      </trkpt>
      <trkpt lat="41.6054336" lon="1.8115154">
        <ele>1282</ele>
        <time>2019-02-25T12:24:05Z</time>
        <hdop>4.551</hdop>
      </trkpt>
      <trkpt lat="41.6054324" lon="1.8115204">
        <ele>1283</ele>
        <time>2019-02-25T12:24:11Z</time>
        <hdop>4.551</hdop>
      </trkpt>
      <trkpt lat="41.6054282" lon="1.8115163">
        <ele>1284</ele>
        <time>2019-02-25T12:24:16Z</time>
        <hdop>4.551</hdop>
      </trkpt>
      <trkpt lat="41.6054166" lon="1.8115243">
        <ele>1284</ele>
        <time>2019-02-25T12:24:21Z</time>
        <hdop>4.551</hdop>
        <extensions>
          <speed>0.35</speed>
        </extensions>
      </trkpt>
      <trkpt lat="41.6054163" lon="1.811521">
        <ele>1284</ele>
        <time>2019-02-25T12:24:26Z</time>
        <hdop>4.551</hdop>
      </trkpt>
      <trkpt lat="41.6054159" lon="1.8115123">
        <ele>1283</ele>
        <time>2019-02-25T12:24:32Z</time>
        <hdop>4.551</hdop>
      </trkpt>
      <trkpt lat="41.6054218" lon="1.8115139">
        <ele>1283</ele>
        <time>2019-02-25T12:24:37Z</time>
        <hdop>4.551</hdop>
      </trkpt>
      <trkpt lat="41.6054237" lon="1.8115169">
        <ele>1284</ele>
        <time>2019-02-25T12:24:43Z</time>
        <hdop>4.551</hdop>
      </trkpt>
      <trkpt lat="41.6054208" lon="1.8115202">
        <ele>1284</ele>
        <time>2019-02-25T12:24:48Z</time>
        <hdop>4.551</hdop>
      </trkpt>
      <trkpt lat="41.6054173" lon="1.8115236">
        <ele>1283</ele>
        <time>2019-02-25T12:24:54Z</time>
        <hdop>4.551</hdop>
      </trkpt>
      <trkpt lat="41.605416" lon="1.8115404">
        <ele>1283</ele>
        <time>2019-02-25T12:25:00Z</time>
        <hdop>4.551</hdop>
      </trkpt>
      <trkpt lat="41.6054142" lon="1.8115372">
        <ele>1284</ele>
        <time>2019-02-25T12:25:06Z</time>
        <hdop>4.551</hdop>
      </trkpt>
      <trkpt lat="41.6054118" lon="1.8115442">
        <ele>1283</ele>
        <time>2019-02-25T12:25:12Z</time>
        <hdop>4.551</hdop>
        <extensions>
          <speed>0.15</speed>
        </extensions>
      </trkpt>
      <trkpt lat="41.6054102" lon="1.811543">
        <ele>1283</ele>
        <time>2019-02-25T12:25:18Z</time>
        <hdop>4.551</hdop>
      </trkpt>
      <trkpt lat="41.6054095" lon="1.8115454">
        <ele>1284</ele>
        <time>2019-02-25T12:25:24Z</time>
        <hdop>4.551</hdop>
      </trkpt>
      <trkpt lat="41.6054056" lon="1.8115407">
        <ele>1284</ele>
        <time>2019-02-25T12:25:30Z</time>
        <hdop>4.551</hdop>
      </trkpt>
      <trkpt lat="41.6054061" lon="1.8115384">
        <ele>1285</ele>
        <time>2019-02-25T12:25:35Z</time>
        <hdop>4.551</hdop>
      </trkpt>
      <trkpt lat="41.6054112" lon="1.8115424">
        <ele>1286</ele>
        <time>2019-02-25T12:25:40Z</time>
        <hdop>4.551</hdop>
      </trkpt>
      <trkpt lat="41.6054066" lon="1.8115405">
        <ele>1286</ele>
        <time>2019-02-25T12:25:46Z</time>
        <hdop>4.551</hdop>
      </trkpt>
      <trkpt lat="41.6053927" lon="1.8115258">
        <ele>1286</ele>
        <time>2019-02-25T12:25:51Z</time>
        <hdop>4.551</hdop>
        <extensions>
          <speed>0.74</speed>
        </extensions>
      </trkpt>
      <trkpt lat="41.6053969" lon="1.811489">
        <ele>1286</ele>
        <time>2019-02-25T12:25:57Z</time>
        <hdop>4.551</hdop>
      </trkpt>
      <trkpt lat="41.605404" lon="1.811481">
        <ele>1285</ele>
        <time>2019-02-25T12:26:03Z</time>
        <hdop>4.551</hdop>
      </trkpt>
      <trkpt lat="41.6054014" lon="1.8114792">
        <ele>1285</ele>
        <time>2019-02-25T12:26:09Z</time>
        <hdop>4.551</hdop>
      </trkpt>
      <trkpt lat="41.6053974" lon="1.8114835">
        <ele>1285</ele>
        <time>2019-02-25T12:26:14Z</time>
        <hdop>4.551</hdop>
        <extensions>
          <speed>0.47</speed>
        </extensions>
      </trkpt>
      <trkpt lat="41.6053748" lon="1.8115048">
        <ele>1285</ele>
        <time>2019-02-25T12:26:20Z</time>
        <hdop>4.551</hdop>
        <extensions>
          <speed>0.48</speed>
        </extensions>
      </trkpt>
      <trkpt lat="41.6053774" lon="1.8114952">
        <ele>1285</ele>
        <time>2019-02-25T12:26:26Z</time>
        <hdop>4.551</hdop>
      </trkpt>
      <trkpt lat="41.6053788" lon="1.8114978">
        <ele>1285</ele>
        <time>2019-02-25T12:26:31Z</time>
        <hdop>4.551</hdop>
      </trkpt>
      <trkpt lat="41.605377" lon="1.8114931">
        <ele>1285</ele>
        <time>2019-02-25T12:26:36Z</time>
        <hdop>4.551</hdop>
        <extensions>
          <speed>0.37</speed>
        </extensions>
      </trkpt>
      <trkpt lat="41.6053761" lon="1.8115008">
        <ele>1285</ele>
        <time>2019-02-25T12:26:41Z</time>
        <hdop>4.551</hdop>
      </trkpt>
      <trkpt lat="41.6053745" lon="1.8114987">
        <ele>1285</ele>
        <time>2019-02-25T12:26:46Z</time>
        <hdop>4.551</hdop>
        <extensions>
          <speed>0.2</speed>
        </extensions>
      </trkpt>
      <trkpt lat="41.6053735" lon="1.8114966">
        <ele>1286</ele>
        <time>2019-02-25T12:26:52Z</time>
        <hdop>4.551</hdop>
      </trkpt>
      <trkpt lat="41.605371" lon="1.8115">
        <ele>1286</ele>
        <time>2019-02-25T12:26:58Z</time>
        <hdop>4.551</hdop>
      </trkpt>
      <trkpt lat="41.6053702" lon="1.8115">
        <ele>1286</ele>
        <time>2019-02-25T12:27:03Z</time>
        <hdop>4.551</hdop>
      </trkpt>
      <trkpt lat="41.6053701" lon="1.8115002">
        <ele>1286</ele>
        <time>2019-02-25T12:27:08Z</time>
        <hdop>4.551</hdop>
      </trkpt>
      <trkpt lat="41.6053709" lon="1.8115022">
        <ele>1287</ele>
        <time>2019-02-25T12:27:13Z</time>
        <hdop>4.551</hdop>
      </trkpt>
      <trkpt lat="41.6053711" lon="1.8115017">
        <ele>1286</ele>
        <time>2019-02-25T12:27:19Z</time>
        <hdop>4.551</hdop>
      </trkpt>
      <trkpt lat="41.6053755" lon="1.8114973">
        <ele>1285</ele>
        <time>2019-02-25T12:27:25Z</time>
        <hdop>4.551</hdop>
      </trkpt>
      <trkpt lat="41.6053701" lon="1.811498">
        <ele>1285</ele>
        <time>2019-02-25T12:27:30Z</time>
        <hdop>4.551</hdop>
      </trkpt>
      <trkpt lat="41.6053636" lon="1.8115029">
        <ele>1285</ele>
        <time>2019-02-25T12:27:35Z</time>
        <hdop>4.551</hdop>
      </trkpt>
      <trkpt lat="41.6053652" lon="1.8115024">
        <ele>1284</ele>
        <time>2019-02-25T12:27:40Z</time>
        <hdop>4.551</hdop>
      </trkpt>
      <trkpt lat="41.6053629" lon="1.8115046">
        <ele>1285</ele>
        <time>2019-02-25T12:27:46Z</time>
        <hdop>4.551</hdop>
      </trkpt>
      <trkpt lat="41.6053586" lon="1.8114973">
        <ele>1284</ele>
        <time>2019-02-25T12:27:51Z</time>
        <hdop>4.551</hdop>
      </trkpt>
      <trkpt lat="41.6053602" lon="1.8114946">
        <ele>1284</ele>
        <time>2019-02-25T12:27:56Z</time>
        <hdop>4.551</hdop>
      </trkpt>
      <trkpt lat="41.6053599" lon="1.8115024">
        <ele>1285</ele>
        <time>2019-02-25T12:28:01Z</time>
        <hdop>4.551</hdop>
        <extensions>
          <speed>0.38</speed>
        </extensions>
      </trkpt>
      <trkpt lat="41.6053602" lon="1.8114989">
        <ele>1285</ele>
        <time>2019-02-25T12:28:07Z</time>
        <hdop>4.551</hdop>
      </trkpt>
      <trkpt lat="41.605361" lon="1.8115031">
        <ele>1285</ele>
        <time>2019-02-25T12:28:13Z</time>
        <hdop>4.551</hdop>
      </trkpt>
      <trkpt lat="41.6053627" lon="1.8115024">
        <ele>1285</ele>
        <time>2019-02-25T12:28:19Z</time>
        <hdop>4.551</hdop>
      </trkpt>
      <trkpt lat="41.605355" lon="1.811487">
        <ele>1285</ele>
        <time>2019-02-25T12:28:25Z</time>
        <hdop>4.551</hdop>
      </trkpt>
      <trkpt lat="41.6053596" lon="1.8114832">
        <ele>1285</ele>
        <time>2019-02-25T12:28:31Z</time>
        <hdop>4.551</hdop>
      </trkpt>
      <trkpt lat="41.6053617" lon="1.8114836">
        <ele>1285</ele>
        <time>2019-02-25T12:28:37Z</time>
        <hdop>4.551</hdop>
      </trkpt>
      <trkpt lat="41.6053612" lon="1.8114824">
        <ele>1285</ele>
        <time>2019-02-25T12:28:42Z</time>
        <hdop>4.551</hdop>
        <extensions>
          <speed>0.24</speed>
        </extensions>
      </trkpt>
      <trkpt lat="41.6053583" lon="1.8114815">
        <ele>1286</ele>
        <time>2019-02-25T12:28:47Z</time>
        <hdop>4.551</hdop>
      </trkpt>
      <trkpt lat="41.6053608" lon="1.8115028">
        <ele>1287</ele>
        <time>2019-02-25T12:28:53Z</time>
        <hdop>4.551</hdop>
      </trkpt>
      <trkpt lat="41.6053395" lon="1.8115009">
        <ele>1286</ele>
        <time>2019-02-25T12:28:59Z</time>
        <hdop>4.551</hdop>
        <extensions>
          <speed>0.39</speed>
        </extensions>
      </trkpt>
      <trkpt lat="41.6053314" lon="1.8114942">
        <ele>1286</ele>
        <time>2019-02-25T12:29:04Z</time>
        <hdop>4.551</hdop>
        <extensions>
          <speed>0.54</speed>
        </extensions>
      </trkpt>
      <trkpt lat="41.6053152" lon="1.8115005">
        <ele>1286</ele>
        <time>2019-02-25T12:29:09Z</time>
        <hdop>4.551</hdop>
        <extensions>
          <speed>0.65</speed>
        </extensions>
      </trkpt>
      <trkpt lat="41.6052834" lon="1.8114809">
        <ele>1282</ele>
        <time>2019-02-25T12:29:15Z</time>
        <hdop>4.551</hdop>
        <extensions>
          <speed>0.73</speed>
        </extensions>
      </trkpt>
      <trkpt lat="41.6052874" lon="1.8114335">
        <ele>1283</ele>
        <time>2019-02-25T12:29:21Z</time>
        <hdop>4.551</hdop>
        <extensions>
          <speed>0.34</speed>
        </extensions>
      </trkpt>
      <trkpt lat="41.6052942" lon="1.8113872">
        <ele>1283</ele>
        <time>2019-02-25T12:29:26Z</time>
        <hdop>4.551</hdop>
        <extensions>
          <speed>0.55</speed>
        </extensions>
      </trkpt>
      <trkpt lat="41.6052896" lon="1.8113593">
        <ele>1283</ele>
        <time>2019-02-25T12:29:32Z</time>
        <hdop>4.551</hdop>
      </trkpt>
      <trkpt lat="41.6052886" lon="1.8113688">
        <ele>1283</ele>
        <time>2019-02-25T12:29:37Z</time>
        <hdop>4.551</hdop>
        <extensions>
          <speed>0.29</speed>
        </extensions>
      </trkpt>
      <trkpt lat="41.6052882" lon="1.8113708">
        <ele>1283</ele>
        <time>2019-02-25T12:29:43Z</time>
        <hdop>4.551</hdop>
        <extensions>
          <speed>0.43</speed>
        </extensions>
      </trkpt>
      <trkpt lat="41.6052806" lon="1.8113367">
        <ele>1282</ele>
        <time>2019-02-25T12:29:48Z</time>
        <hdop>4.551</hdop>
        <extensions>
          <speed>0.34</speed>
        </extensions>
      </trkpt>
      <trkpt lat="41.6052737" lon="1.811331">
        <ele>1281</ele>
        <time>2019-02-25T12:29:53Z</time>
        <hdop>4.551</hdop>
      </trkpt>
      <trkpt lat="41.6052763" lon="1.8113306">
        <ele>1281</ele>
        <time>2019-02-25T12:29:58Z</time>
        <hdop>4.551</hdop>
        <extensions>
          <speed>0.4</speed>
        </extensions>
      </trkpt>
      <trkpt lat="41.6053025" lon="1.8113015">
        <ele>1283</ele>
        <time>2019-02-25T12:30:04Z</time>
        <hdop>4.551</hdop>
        <extensions>
          <speed>0.72</speed>
        </extensions>
      </trkpt>
      <trkpt lat="41.6053304" lon="1.8113322">
        <ele>1283</ele>
        <time>2019-02-25T12:30:09Z</time>
        <hdop>4.551</hdop>
        <extensions>
          <speed>1.01</speed>
        </extensions>
      </trkpt>
      <trkpt lat="41.6053622" lon="1.8113354">
        <ele>1283</ele>
        <time>2019-02-25T12:30:15Z</time>
        <hdop>4.551</hdop>
      </trkpt>
      <trkpt lat="41.6053664" lon="1.8113252">
        <ele>1282</ele>
        <time>2019-02-25T12:30:20Z</time>
        <hdop>4.551</hdop>
        <extensions>
          <speed>0.49</speed>
        </extensions>
      </trkpt>
      <trkpt lat="41.6053564" lon="1.8113329">
        <ele>1282</ele>
        <time>2019-02-25T12:30:25Z</time>
        <hdop>4.551</hdop>
        <extensions>
          <speed>0.32</speed>
        </extensions>
      </trkpt>
      <trkpt lat="41.60535" lon="1.8113367">
        <ele>1282</ele>
        <time>2019-02-25T12:30:31Z</time>
        <hdop>4.551</hdop>
      </trkpt>
      <trkpt lat="41.6053461" lon="1.8113326">
        <ele>1281</ele>
        <time>2019-02-25T12:30:37Z</time>
        <hdop>4.551</hdop>
      </trkpt>
      <trkpt lat="41.6053458" lon="1.811332">
        <ele>1281</ele>
        <time>2019-02-25T12:30:42Z</time>
        <hdop>4.551</hdop>
      </trkpt>
      <trkpt lat="41.6053484" lon="1.8113255">
        <ele>1281</ele>
        <time>2019-02-25T12:30:47Z</time>
        <hdop>4.551</hdop>
      </trkpt>
      <trkpt lat="41.6053463" lon="1.8113359">
        <ele>1281</ele>
        <time>2019-02-25T12:30:52Z</time>
        <hdop>4.551</hdop>
      </trkpt>
      <trkpt lat="41.605345" lon="1.8113452">
        <ele>1280</ele>
        <time>2019-02-25T12:30:58Z</time>
        <hdop>4.551</hdop>
      </trkpt>
      <trkpt lat="41.6053501" lon="1.8113482">
        <ele>1281</ele>
        <time>2019-02-25T12:31:03Z</time>
        <hdop>4.551</hdop>
      </trkpt>
      <trkpt lat="41.6053497" lon="1.8113441">
        <ele>1282</ele>
        <time>2019-02-25T12:31:09Z</time>
        <hdop>4.551</hdop>
      </trkpt>
      <trkpt lat="41.6053472" lon="1.8113404">
        <ele>1282</ele>
        <time>2019-02-25T12:31:14Z</time>
        <hdop>4.551</hdop>
      </trkpt>
      <trkpt lat="41.6053472" lon="1.8113403">
        <ele>1282</ele>
        <time>2019-02-25T12:31:20Z</time>
        <hdop>4.551</hdop>
      </trkpt>
      <trkpt lat="41.6053608" lon="1.8113458">
        <ele>1282</ele>
        <time>2019-02-25T12:31:26Z</time>
        <hdop>4.551</hdop>
      </trkpt>
      <trkpt lat="41.6053592" lon="1.811354">
        <ele>1283</ele>
        <time>2019-02-25T12:31:32Z</time>
        <hdop>4.551</hdop>
      </trkpt>
      <trkpt lat="41.6053559" lon="1.8113434">
        <ele>1283</ele>
        <time>2019-02-25T12:31:37Z</time>
        <hdop>4.551</hdop>
      </trkpt>
      <trkpt lat="41.6053598" lon="1.8113371">
        <ele>1284</ele>
        <time>2019-02-25T12:31:42Z</time>
        <hdop>4.551</hdop>
      </trkpt>
      <trkpt lat="41.6053587" lon="1.8113401">
        <ele>1285</ele>
        <time>2019-02-25T12:31:48Z</time>
        <hdop>4.551</hdop>
      </trkpt>
      <trkpt lat="41.6053608" lon="1.8113415">
        <ele>1285</ele>
        <time>2019-02-25T12:31:54Z</time>
        <hdop>4.551</hdop>
        <extensions>
          <speed>0.32</speed>
        </extensions>
      </trkpt>
      <trkpt lat="41.6053576" lon="1.8113388">
        <ele>1284</ele>
        <time>2019-02-25T12:32:00Z</time>
        <hdop>4.551</hdop>
      </trkpt>
      <trkpt lat="41.6053488" lon="1.8113284">
        <ele>1284</ele>
        <time>2019-02-25T12:32:06Z</time>
        <hdop>4.551</hdop>
      </trkpt>
      <trkpt lat="41.6053532" lon="1.8113247">
        <ele>1284</ele>
        <time>2019-02-25T12:32:12Z</time>
        <hdop>4.551</hdop>
      </trkpt>
      <trkpt lat="41.6053435" lon="1.8113288">
        <ele>1284</ele>
        <time>2019-02-25T12:32:17Z</time>
        <hdop>4.551</hdop>
        <extensions>
          <speed>0.15</speed>
        </extensions>
      </trkpt>
      <trkpt lat="41.6053507" lon="1.8113334">
        <ele>1283</ele>
        <time>2019-02-25T12:32:22Z</time>
        <hdop>4.551</hdop>
      </trkpt>
      <trkpt lat="41.6053535" lon="1.8113226">
        <ele>1283</ele>
        <time>2019-02-25T12:32:28Z</time>
        <hdop>4.551</hdop>
      </trkpt>
      <trkpt lat="41.6053598" lon="1.8113305">
        <ele>1283</ele>
        <time>2019-02-25T12:32:34Z</time>
        <hdop>4.551</hdop>
        <extensions>
          <speed>0.47</speed>
        </extensions>
      </trkpt>
      <trkpt lat="41.6053608" lon="1.8113238">
        <ele>1283</ele>
        <time>2019-02-25T12:32:40Z</time>
        <hdop>4.551</hdop>
        <extensions>
          <speed>0.15</speed>
        </extensions>
      </trkpt>
      <trkpt lat="41.6053691" lon="1.8113282">
        <ele>1283</ele>
        <time>2019-02-25T12:32:45Z</time>
        <hdop>4.551</hdop>
      </trkpt>
      <trkpt lat="41.6053659" lon="1.8113342">
        <ele>1283</ele>
        <time>2019-02-25T12:32:50Z</time>
        <hdop>4.551</hdop>
      </trkpt>
      <trkpt lat="41.6053616" lon="1.8113277">
        <ele>1284</ele>
        <time>2019-02-25T12:32:56Z</time>
        <hdop>4.551</hdop>
        <extensions>
          <speed>0.55</speed>
        </extensions>
      </trkpt>
      <trkpt lat="41.605353" lon="1.8113351">
        <ele>1283</ele>
        <time>2019-02-25T12:33:01Z</time>
        <hdop>4.551</hdop>
      </trkpt>
      <trkpt lat="41.605355" lon="1.811338">
        <ele>1283</ele>
        <time>2019-02-25T12:33:07Z</time>
        <hdop>4.551</hdop>
      </trkpt>
      <trkpt lat="41.6053597" lon="1.8113367">
        <ele>1283</ele>
        <time>2019-02-25T12:33:13Z</time>
        <hdop>4.551</hdop>
        <extensions>
          <speed>0.16</speed>
        </extensions>
      </trkpt>
      <trkpt lat="41.6053631" lon="1.8113384">
        <ele>1283</ele>
        <time>2019-02-25T12:33:19Z</time>
        <hdop>4.551</hdop>
      </trkpt>
      <trkpt lat="41.6053636" lon="1.81134">
        <ele>1284</ele>
        <time>2019-02-25T12:33:25Z</time>
        <hdop>4.551</hdop>
      </trkpt>
      <trkpt lat="41.605364" lon="1.8113401">
        <ele>1284</ele>
        <time>2019-02-25T12:33:31Z</time>
        <hdop>6.068</hdop>
      </trkpt>
      <trkpt lat="41.6053694" lon="1.811351">
        <ele>1282</ele>
        <time>2019-02-25T12:33:36Z</time>
        <hdop>4.551</hdop>
        <extensions>
          <speed>0.15</speed>
        </extensions>
      </trkpt>
      <trkpt lat="41.6053583" lon="1.811349">
        <ele>1282</ele>
        <time>2019-02-25T12:33:42Z</time>
        <hdop>4.551</hdop>
      </trkpt>
      <trkpt lat="41.6053526" lon="1.8113515">
        <ele>1283</ele>
        <time>2019-02-25T12:33:48Z</time>
        <hdop>4.551</hdop>
      </trkpt>
      <trkpt lat="41.6053497" lon="1.8113476">
        <ele>1283</ele>
        <time>2019-02-25T12:33:54Z</time>
        <hdop>4.551</hdop>
      </trkpt>
      <trkpt lat="41.6053478" lon="1.811346">
        <ele>1282</ele>
        <time>2019-02-25T12:33:59Z</time>
        <hdop>4.551</hdop>
      </trkpt>
      <trkpt lat="41.6053477" lon="1.8113429">
        <ele>1282</ele>
        <time>2019-02-25T12:34:04Z</time>
        <hdop>4.551</hdop>
      </trkpt>
      <trkpt lat="41.6053406" lon="1.8113328">
        <ele>1282</ele>
        <time>2019-02-25T12:34:10Z</time>
        <hdop>4.551</hdop>
      </trkpt>
      <trkpt lat="41.6053559" lon="1.811339">
        <ele>1281</ele>
        <time>2019-02-25T12:34:16Z</time>
        <hdop>4.551</hdop>
      </trkpt>
      <trkpt lat="41.6053573" lon="1.811339">
        <ele>1282</ele>
        <time>2019-02-25T12:34:22Z</time>
        <hdop>4.551</hdop>
      </trkpt>
      <trkpt lat="41.6053561" lon="1.8113401">
        <ele>1282</ele>
        <time>2019-02-25T12:34:27Z</time>
        <hdop>4.551</hdop>
        <extensions>
          <speed>0.46</speed>
        </extensions>
      </trkpt>
      <trkpt lat="41.605317" lon="1.8113105">
        <ele>1279</ele>
        <time>2019-02-25T12:34:33Z</time>
        <hdop>4.551</hdop>
        <extensions>
          <speed>0.89</speed>
        </extensions>
      </trkpt>
      <trkpt lat="41.6052736" lon="1.8112902">
        <ele>1277</ele>
        <time>2019-02-25T12:34:38Z</time>
        <hdop>4.551</hdop>
        <extensions>
          <speed>1.08</speed>
        </extensions>
      </trkpt>
      <trkpt lat="41.605233" lon="1.8112613">
        <ele>1275</ele>
        <time>2019-02-25T12:34:44Z</time>
        <hdop>4.551</hdop>
        <extensions>
          <speed>1.35</speed>
        </extensions>
      </trkpt>
      <trkpt lat="41.6051885" lon="1.8112307">
        <ele>1273</ele>
        <time>2019-02-25T12:34:49Z</time>
        <hdop>4.551</hdop>
        <extensions>
          <speed>0.78</speed>
        </extensions>
      </trkpt>
      <trkpt lat="41.6051617" lon="1.8112208">
        <ele>1273</ele>
        <time>2019-02-25T12:34:55Z</time>
        <hdop>4.551</hdop>
        <extensions>
          <speed>0.18</speed>
        </extensions>
      </trkpt>
      <trkpt lat="41.6051666" lon="1.8112212">
        <ele>1275</ele>
        <time>2019-02-25T12:35:01Z</time>
        <hdop>4.551</hdop>
      </trkpt>
      <trkpt lat="41.6051418" lon="1.8112003">
        <ele>1272</ele>
        <time>2019-02-25T12:35:07Z</time>
        <hdop>4.551</hdop>
        <extensions>
          <speed>0.74</speed>
        </extensions>
      </trkpt>
      <trkpt lat="41.6051328" lon="1.8111781">
        <ele>1273</ele>
        <time>2019-02-25T12:35:12Z</time>
        <hdop>4.551</hdop>
        <extensions>
          <speed>0.4</speed>
        </extensions>
      </trkpt>
      <trkpt lat="41.6050872" lon="1.8111516">
        <ele>1271</ele>
        <time>2019-02-25T12:35:17Z</time>
        <hdop>4.551</hdop>
        <extensions>
          <speed>0.86</speed>
        </extensions>
      </trkpt>
      <trkpt lat="41.6050903" lon="1.8111422">
        <ele>1272</ele>
        <time>2019-02-25T12:35:23Z</time>
        <hdop>4.551</hdop>
      </trkpt>
      <trkpt lat="41.6050876" lon="1.8111388">
        <ele>1272</ele>
        <time>2019-02-25T12:35:29Z</time>
        <hdop>4.551</hdop>
      </trkpt>
      <trkpt lat="41.6050854" lon="1.8111331">
        <ele>1272</ele>
        <time>2019-02-25T12:35:34Z</time>
        <hdop>4.551</hdop>
      </trkpt>
      <trkpt lat="41.6050854" lon="1.8111332">
        <ele>1272</ele>
        <time>2019-02-25T12:35:40Z</time>
        <hdop>4.551</hdop>
      </trkpt>
      <trkpt lat="41.6050848" lon="1.8111331">
        <ele>1272</ele>
        <time>2019-02-25T12:35:45Z</time>
        <hdop>4.551</hdop>
      </trkpt>
      <trkpt lat="41.6050849" lon="1.8111332">
        <ele>1272</ele>
        <time>2019-02-25T12:35:51Z</time>
        <hdop>4.551</hdop>
      </trkpt>
      <trkpt lat="41.6050849" lon="1.8111332">
        <ele>1272</ele>
        <time>2019-02-25T12:35:56Z</time>
        <hdop>4.551</hdop>
      </trkpt>
      <trkpt lat="41.6050848" lon="1.8111332">
        <ele>1272</ele>
        <time>2019-02-25T12:36:01Z</time>
        <hdop>4.551</hdop>
      </trkpt>
      <trkpt lat="41.6050848" lon="1.8111332">
        <ele>1272</ele>
        <time>2019-02-25T12:36:06Z</time>
        <hdop>4.551</hdop>
      </trkpt>
      <trkpt lat="41.6050846" lon="1.811138">
        <ele>1272</ele>
        <time>2019-02-25T12:36:12Z</time>
        <hdop>4.551</hdop>
        <extensions>
          <speed>0.6</speed>
        </extensions>
      </trkpt>
      <trkpt lat="41.6050552" lon="1.811145">
        <ele>1270</ele>
        <time>2019-02-25T12:36:17Z</time>
        <hdop>4.551</hdop>
        <extensions>
          <speed>0.93</speed>
        </extensions>
      </trkpt>
      <trkpt lat="41.6050251" lon="1.8110936">
        <ele>1270</ele>
        <time>2019-02-25T12:36:23Z</time>
        <hdop>4.551</hdop>
        <extensions>
          <speed>0.7</speed>
        </extensions>
      </trkpt>
      <trkpt lat="41.6050076" lon="1.811078">
        <ele>1270</ele>
        <time>2019-02-25T12:36:28Z</time>
        <hdop>4.551</hdop>
        <extensions>
          <speed>0.78</speed>
        </extensions>
      </trkpt>
      <trkpt lat="41.6049822" lon="1.8110688">
        <ele>1268</ele>
        <time>2019-02-25T12:36:34Z</time>
        <hdop>4.551</hdop>
      </trkpt>
      <trkpt lat="41.6049762" lon="1.8110716">
        <ele>1267</ele>
        <time>2019-02-25T12:36:39Z</time>
        <hdop>4.551</hdop>
      </trkpt>
      <trkpt lat="41.6049749" lon="1.8110728">
        <ele>1267</ele>
        <time>2019-02-25T12:36:45Z</time>
        <hdop>4.551</hdop>
      </trkpt>
      <trkpt lat="41.6049749" lon="1.8110726">
        <ele>1267</ele>
        <time>2019-02-25T12:36:51Z</time>
        <hdop>4.551</hdop>
      </trkpt>
      <trkpt lat="41.604975" lon="1.8110726">
        <ele>1267</ele>
        <time>2019-02-25T12:36:57Z</time>
        <hdop>4.551</hdop>
      </trkpt>
      <trkpt lat="41.6049717" lon="1.8110716">
        <ele>1267</ele>
        <time>2019-02-25T12:37:02Z</time>
        <hdop>4.551</hdop>
        <extensions>
          <speed>0.53</speed>
        </extensions>
      </trkpt>
      <trkpt lat="41.604974" lon="1.8110718">
        <ele>1267</ele>
        <time>2019-02-25T12:37:07Z</time>
        <hdop>4.551</hdop>
        <extensions>
          <speed>0.46</speed>
        </extensions>
      </trkpt>
      <trkpt lat="41.6049646" lon="1.8110783">
        <ele>1266</ele>
        <time>2019-02-25T12:37:12Z</time>
        <hdop>4.551</hdop>
      </trkpt>
      <trkpt lat="41.6049641" lon="1.8110758">
        <ele>1266</ele>
        <time>2019-02-25T12:37:17Z</time>
        <hdop>4.551</hdop>
      </trkpt>
      <trkpt lat="41.6049605" lon="1.8110713">
        <ele>1267</ele>
        <time>2019-02-25T12:37:23Z</time>
        <hdop>4.551</hdop>
      </trkpt>
      <trkpt lat="41.6049666" lon="1.8110763">
        <ele>1267</ele>
        <time>2019-02-25T12:37:28Z</time>
        <hdop>4.551</hdop>
      </trkpt>
      <trkpt lat="41.6049664" lon="1.8110781">
        <ele>1267</ele>
        <time>2019-02-25T12:37:33Z</time>
        <hdop>4.551</hdop>
      </trkpt>
      <trkpt lat="41.6049753" lon="1.8110787">
        <ele>1268</ele>
        <time>2019-02-25T12:37:38Z</time>
        <hdop>4.551</hdop>
        <extensions>
          <speed>0.87</speed>
        </extensions>
      </trkpt>
      <trkpt lat="41.6049776" lon="1.8110629">
        <ele>1269</ele>
        <time>2019-02-25T12:37:44Z</time>
        <hdop>4.551</hdop>
      </trkpt>
      <trkpt lat="41.6049913" lon="1.8110619">
        <ele>1270</ele>
        <time>2019-02-25T12:37:49Z</time>
        <hdop>4.551</hdop>
        <extensions>
          <speed>0.78</speed>
        </extensions>
      </trkpt>
      <trkpt lat="41.6050351" lon="1.8110638">
        <ele>1271</ele>
        <time>2019-02-25T12:37:54Z</time>
        <hdop>4.551</hdop>
        <extensions>
          <speed>0.58</speed>
        </extensions>
      </trkpt>
      <trkpt lat="41.6050284" lon="1.8110829">
        <ele>1271</ele>
        <time>2019-02-25T12:38:00Z</time>
        <hdop>4.551</hdop>
        <extensions>
          <speed>0.31</speed>
        </extensions>
      </trkpt>
      <trkpt lat="41.6050346" lon="1.8110829">
        <ele>1270</ele>
        <time>2019-02-25T12:38:06Z</time>
        <hdop>4.551</hdop>
      </trkpt>
      <trkpt lat="41.605036" lon="1.8110818">
        <ele>1270</ele>
        <time>2019-02-25T12:38:12Z</time>
        <hdop>15.17</hdop>
      </trkpt>
      <trkpt lat="41.6050468" lon="1.8110746">
        <ele>1272</ele>
        <time>2019-02-25T12:38:18Z</time>
        <hdop>6.068</hdop>
        <extensions>
          <speed>0.93</speed>
        </extensions>
      </trkpt>
      <trkpt lat="41.605038" lon="1.8110774">
        <ele>1269</ele>
        <time>2019-02-25T12:38:24Z</time>
        <hdop>4.551</hdop>
      </trkpt>
      <trkpt lat="41.6050401" lon="1.8110804">
        <ele>1270</ele>
        <time>2019-02-25T12:38:29Z</time>
        <hdop>4.551</hdop>
      </trkpt>
      <trkpt lat="41.6050423" lon="1.8110826">
        <ele>1270</ele>
        <time>2019-02-25T12:38:35Z</time>
        <hdop>4.551</hdop>
      </trkpt>
      <trkpt lat="41.605041" lon="1.8110804">
        <ele>1268</ele>
        <time>2019-02-25T12:38:41Z</time>
        <hdop>4.551</hdop>
        <extensions>
          <speed>0.28</speed>
        </extensions>
      </trkpt>
      <trkpt lat="41.6050501" lon="1.8110805">
        <ele>1270</ele>
        <time>2019-02-25T12:38:46Z</time>
        <hdop>4.551</hdop>
      </trkpt>
      <trkpt lat="41.605052" lon="1.8110892">
        <ele>1269</ele>
        <time>2019-02-25T12:38:52Z</time>
        <hdop>4.551</hdop>
        <extensions>
          <speed>0.16</speed>
        </extensions>
      </trkpt>
      <trkpt lat="41.6050529" lon="1.8110919">
        <ele>1269</ele>
        <time>2019-02-25T12:38:57Z</time>
        <hdop>4.551</hdop>
      </trkpt>
      <trkpt lat="41.6050492" lon="1.8110948">
        <ele>1269</ele>
        <time>2019-02-25T12:39:02Z</time>
        <hdop>4.551</hdop>
      </trkpt>
      <trkpt lat="41.6050492" lon="1.8110916">
        <ele>1270</ele>
        <time>2019-02-25T12:39:07Z</time>
        <hdop>4.551</hdop>
      </trkpt>
      <trkpt lat="41.6050385" lon="1.8110933">
        <ele>1270</ele>
        <time>2019-02-25T12:39:13Z</time>
        <hdop>4.551</hdop>
        <extensions>
          <speed>0.17</speed>
        </extensions>
      </trkpt>
      <trkpt lat="41.6050472" lon="1.8111139">
        <ele>1269</ele>
        <time>2019-02-25T12:39:19Z</time>
        <hdop>4.551</hdop>
        <extensions>
          <speed>0.44</speed>
        </extensions>
      </trkpt>
      <trkpt lat="41.605074" lon="1.811135">
        <ele>1269</ele>
        <time>2019-02-25T12:39:25Z</time>
        <hdop>4.551</hdop>
        <extensions>
          <speed>0.21</speed>
        </extensions>
      </trkpt>
      <trkpt lat="41.6050735" lon="1.8111288">
        <ele>1269</ele>
        <time>2019-02-25T12:39:31Z</time>
        <hdop>4.551</hdop>
        <extensions>
          <speed>0.71</speed>
        </extensions>
      </trkpt>
      <trkpt lat="41.6050651" lon="1.8111141">
        <ele>1267</ele>
        <time>2019-02-25T12:39:37Z</time>
        <hdop>4.551</hdop>
      </trkpt>
      <trkpt lat="41.6050604" lon="1.8111177">
        <ele>1267</ele>
        <time>2019-02-25T12:39:43Z</time>
        <hdop>4.551</hdop>
      </trkpt>
      <trkpt lat="41.6050596" lon="1.811117">
        <ele>1267</ele>
        <time>2019-02-25T12:39:49Z</time>
        <hdop>4.551</hdop>
      </trkpt>
      <trkpt lat="41.6050596" lon="1.8111169">
        <ele>1267</ele>
        <time>2019-02-25T12:39:55Z</time>
        <hdop>4.551</hdop>
      </trkpt>
      <trkpt lat="41.6050594" lon="1.8111168">
        <ele>1267</ele>
        <time>2019-02-25T12:40:01Z</time>
        <hdop>4.551</hdop>
      </trkpt>
      <trkpt lat="41.6050593" lon="1.8111168">
        <ele>1267</ele>
        <time>2019-02-25T12:40:07Z</time>
        <hdop>4.551</hdop>
      </trkpt>
      <trkpt lat="41.6050592" lon="1.8111168">
        <ele>1267</ele>
        <time>2019-02-25T12:40:12Z</time>
        <hdop>4.551</hdop>
      </trkpt>
      <trkpt lat="41.6050592" lon="1.8111169">
        <ele>1267</ele>
        <time>2019-02-25T12:40:18Z</time>
        <hdop>4.551</hdop>
      </trkpt>
      <trkpt lat="41.605059" lon="1.8111168">
        <ele>1267</ele>
        <time>2019-02-25T12:40:24Z</time>
        <hdop>4.551</hdop>
      </trkpt>
      <trkpt lat="41.605059" lon="1.8111168">
        <ele>1267</ele>
        <time>2019-02-25T12:40:30Z</time>
        <hdop>4.551</hdop>
      </trkpt>
      <trkpt lat="41.605059" lon="1.8111169">
        <ele>1267</ele>
        <time>2019-02-25T12:40:35Z</time>
        <hdop>4.551</hdop>
      </trkpt>
      <trkpt lat="41.6050589" lon="1.8111168">
        <ele>1267</ele>
        <time>2019-02-25T12:40:40Z</time>
        <hdop>4.551</hdop>
      </trkpt>
      <trkpt lat="41.6050588" lon="1.8111168">
        <ele>1267</ele>
        <time>2019-02-25T12:40:46Z</time>
        <hdop>4.551</hdop>
      </trkpt>
      <trkpt lat="41.6050586" lon="1.8111168">
        <ele>1267</ele>
        <time>2019-02-25T12:40:51Z</time>
        <hdop>4.551</hdop>
      </trkpt>
      <trkpt lat="41.6050586" lon="1.8111168">
        <ele>1267</ele>
        <time>2019-02-25T12:40:56Z</time>
        <hdop>4.551</hdop>
      </trkpt>
      <trkpt lat="41.6050586" lon="1.8111168">
        <ele>1267</ele>
        <time>2019-02-25T12:41:01Z</time>
        <hdop>4.551</hdop>
      </trkpt>
      <trkpt lat="41.6050584" lon="1.8111168">
        <ele>1267</ele>
        <time>2019-02-25T12:41:07Z</time>
        <hdop>4.551</hdop>
      </trkpt>
      <trkpt lat="41.6050584" lon="1.8111167">
        <ele>1267</ele>
        <time>2019-02-25T12:41:13Z</time>
        <hdop>4.551</hdop>
      </trkpt>
      <trkpt lat="41.6050583" lon="1.8111167">
        <ele>1267</ele>
        <time>2019-02-25T12:41:19Z</time>
        <hdop>4.551</hdop>
      </trkpt>
      <trkpt lat="41.6050582" lon="1.8111167">
        <ele>1267</ele>
        <time>2019-02-25T12:41:25Z</time>
        <hdop>4.551</hdop>
      </trkpt>
      <trkpt lat="41.6050582" lon="1.8111167">
        <ele>1267</ele>
        <time>2019-02-25T12:41:30Z</time>
        <hdop>4.551</hdop>
      </trkpt>
      <trkpt lat="41.6050581" lon="1.8111167">
        <ele>1267</ele>
        <time>2019-02-25T12:41:36Z</time>
        <hdop>4.551</hdop>
      </trkpt>
      <trkpt lat="41.605058" lon="1.8111167">
        <ele>1267</ele>
        <time>2019-02-25T12:41:41Z</time>
        <hdop>4.551</hdop>
      </trkpt>
      <trkpt lat="41.605051" lon="1.8111148">
        <ele>1268</ele>
        <time>2019-02-25T12:41:47Z</time>
        <hdop>4.551</hdop>
      </trkpt>
      <trkpt lat="41.6050466" lon="1.8111046">
        <ele>1268</ele>
        <time>2019-02-25T12:41:52Z</time>
        <hdop>4.551</hdop>
      </trkpt>
      <trkpt lat="41.6050455" lon="1.8111036">
        <ele>1268</ele>
        <time>2019-02-25T12:41:58Z</time>
        <hdop>4.551</hdop>
      </trkpt>
      <trkpt lat="41.6050453" lon="1.8111034">
        <ele>1268</ele>
        <time>2019-02-25T12:42:04Z</time>
        <hdop>4.551</hdop>
      </trkpt>
      <trkpt lat="41.6050453" lon="1.8111034">
        <ele>1268</ele>
        <time>2019-02-25T12:42:10Z</time>
        <hdop>4.551</hdop>
      </trkpt>
      <trkpt lat="41.6050453" lon="1.8111034">
        <ele>1268</ele>
        <time>2019-02-25T12:42:16Z</time>
        <hdop>4.551</hdop>
      </trkpt>
      <trkpt lat="41.6050453" lon="1.8111034">
        <ele>1268</ele>
        <time>2019-02-25T12:42:21Z</time>
        <hdop>4.551</hdop>
      </trkpt>
      <trkpt lat="41.6050453" lon="1.8111035">
        <ele>1268</ele>
        <time>2019-02-25T12:42:27Z</time>
        <hdop>4.551</hdop>
      </trkpt>
      <trkpt lat="41.6050452" lon="1.8111034">
        <ele>1268</ele>
        <time>2019-02-25T12:42:33Z</time>
        <hdop>4.551</hdop>
      </trkpt>
      <trkpt lat="41.6050452" lon="1.8111032">
        <ele>1268</ele>
        <time>2019-02-25T12:42:39Z</time>
        <hdop>4.551</hdop>
      </trkpt>
      <trkpt lat="41.6050451" lon="1.8111031">
        <ele>1268</ele>
        <time>2019-02-25T12:42:45Z</time>
        <hdop>4.551</hdop>
      </trkpt>
      <trkpt lat="41.6050452" lon="1.8111031">
        <ele>1268</ele>
        <time>2019-02-25T12:42:50Z</time>
        <hdop>4.551</hdop>
      </trkpt>
      <trkpt lat="41.6050429" lon="1.8111021">
        <ele>1267</ele>
        <time>2019-02-25T12:42:56Z</time>
        <hdop>4.551</hdop>
      </trkpt>
      <trkpt lat="41.6050385" lon="1.8110972">
        <ele>1267</ele>
        <time>2019-02-25T12:43:02Z</time>
        <hdop>4.551</hdop>
      </trkpt>
      <trkpt lat="41.6050432" lon="1.8111012">
        <ele>1268</ele>
        <time>2019-02-25T12:43:08Z</time>
        <hdop>6.068</hdop>
      </trkpt>
      <trkpt lat="41.6050435" lon="1.8111016">
        <ele>1268</ele>
        <time>2019-02-25T12:43:14Z</time>
        <hdop>4.551</hdop>
      </trkpt>
      <trkpt lat="41.6050434" lon="1.8111015">
        <ele>1268</ele>
        <time>2019-02-25T12:43:20Z</time>
        <hdop>6.068</hdop>
      </trkpt>
      <trkpt lat="41.6050434" lon="1.8111015">
        <ele>1268</ele>
        <time>2019-02-25T12:43:25Z</time>
        <hdop>6.068</hdop>
      </trkpt>
      <trkpt lat="41.6050434" lon="1.8111016">
        <ele>1268</ele>
        <time>2019-02-25T12:43:31Z</time>
        <hdop>4.551</hdop>
      </trkpt>
      <trkpt lat="41.6050434" lon="1.8111015">
        <ele>1268</ele>
        <time>2019-02-25T12:43:37Z</time>
        <hdop>4.551</hdop>
      </trkpt>
      <trkpt lat="41.6050434" lon="1.8111016">
        <ele>1268</ele>
        <time>2019-02-25T12:43:42Z</time>
        <hdop>4.551</hdop>
      </trkpt>
      <trkpt lat="41.6050434" lon="1.8111015">
        <ele>1268</ele>
        <time>2019-02-25T12:43:48Z</time>
        <hdop>4.551</hdop>
      </trkpt>
      <trkpt lat="41.6050434" lon="1.8111015">
        <ele>1268</ele>
        <time>2019-02-25T12:43:54Z</time>
        <hdop>4.551</hdop>
      </trkpt>
      <trkpt lat="41.6050434" lon="1.8111015">
        <ele>1268</ele>
        <time>2019-02-25T12:43:59Z</time>
        <hdop>4.551</hdop>
      </trkpt>
      <trkpt lat="41.6050433" lon="1.8111015">
        <ele>1268</ele>
        <time>2019-02-25T12:44:04Z</time>
        <hdop>4.551</hdop>
      </trkpt>
      <trkpt lat="41.6050433" lon="1.8111015">
        <ele>1268</ele>
        <time>2019-02-25T12:44:10Z</time>
        <hdop>4.551</hdop>
      </trkpt>
      <trkpt lat="41.6050433" lon="1.8111015">
        <ele>1268</ele>
        <time>2019-02-25T12:44:15Z</time>
        <hdop>4.551</hdop>
      </trkpt>
      <trkpt lat="41.6050433" lon="1.8111016">
        <ele>1268</ele>
        <time>2019-02-25T12:44:21Z</time>
        <hdop>4.551</hdop>
      </trkpt>
      <trkpt lat="41.6050433" lon="1.8111016">
        <ele>1268</ele>
        <time>2019-02-25T12:44:26Z</time>
        <hdop>4.551</hdop>
      </trkpt>
      <trkpt lat="41.6050433" lon="1.8111017">
        <ele>1268</ele>
        <time>2019-02-25T12:44:31Z</time>
        <hdop>4.551</hdop>
      </trkpt>
      <trkpt lat="41.6050432" lon="1.8111017">
        <ele>1268</ele>
        <time>2019-02-25T12:44:37Z</time>
        <hdop>4.551</hdop>
      </trkpt>
      <trkpt lat="41.6050432" lon="1.8111017">
        <ele>1268</ele>
        <time>2019-02-25T12:44:43Z</time>
        <hdop>4.551</hdop>
      </trkpt>
      <trkpt lat="41.6050432" lon="1.8111017">
        <ele>1268</ele>
        <time>2019-02-25T12:44:49Z</time>
        <hdop>4.551</hdop>
      </trkpt>
      <trkpt lat="41.6050431" lon="1.8111017">
        <ele>1268</ele>
        <time>2019-02-25T12:44:55Z</time>
        <hdop>4.551</hdop>
      </trkpt>
      <trkpt lat="41.6050431" lon="1.8111017">
        <ele>1268</ele>
        <time>2019-02-25T12:45:00Z</time>
        <hdop>4.551</hdop>
      </trkpt>
      <trkpt lat="41.6050431" lon="1.8111018">
        <ele>1268</ele>
        <time>2019-02-25T12:45:06Z</time>
        <hdop>4.551</hdop>
      </trkpt>
      <trkpt lat="41.6050431" lon="1.8111018">
        <ele>1268</ele>
        <time>2019-02-25T12:45:12Z</time>
        <hdop>4.551</hdop>
      </trkpt>
      <trkpt lat="41.6050431" lon="1.8111018">
        <ele>1268</ele>
        <time>2019-02-25T12:45:18Z</time>
        <hdop>4.551</hdop>
      </trkpt>
      <trkpt lat="41.605043" lon="1.8111018">
        <ele>1268</ele>
        <time>2019-02-25T12:45:23Z</time>
        <hdop>4.551</hdop>
      </trkpt>
      <trkpt lat="41.6050449" lon="1.811097">
        <ele>1269</ele>
        <time>2019-02-25T12:45:29Z</time>
        <hdop>4.551</hdop>
        <extensions>
          <speed>0.29</speed>
        </extensions>
      </trkpt>
      <trkpt lat="41.6050387" lon="1.8110988">
        <ele>1268</ele>
        <time>2019-02-25T12:45:34Z</time>
        <hdop>4.551</hdop>
      </trkpt>
      <trkpt lat="41.6050361" lon="1.8110919">
        <ele>1268</ele>
        <time>2019-02-25T12:45:40Z</time>
        <hdop>4.551</hdop>
      </trkpt>
      <trkpt lat="41.6050332" lon="1.8110902">
        <ele>1267</ele>
        <time>2019-02-25T12:45:46Z</time>
        <hdop>4.551</hdop>
      </trkpt>
      <trkpt lat="41.6050353" lon="1.8110836">
        <ele>1267</ele>
        <time>2019-02-25T12:45:52Z</time>
        <hdop>4.551</hdop>
      </trkpt>
      <trkpt lat="41.6050338" lon="1.8110811">
        <ele>1267</ele>
        <time>2019-02-25T12:45:58Z</time>
        <hdop>4.551</hdop>
      </trkpt>
      <trkpt lat="41.6050338" lon="1.811081">
        <ele>1267</ele>
        <time>2019-02-25T12:46:03Z</time>
        <hdop>4.551</hdop>
      </trkpt>
      <trkpt lat="41.6050338" lon="1.8110809">
        <ele>1267</ele>
        <time>2019-02-25T12:46:09Z</time>
        <hdop>4.551</hdop>
      </trkpt>
      <trkpt lat="41.6050337" lon="1.8110809">
        <ele>1267</ele>
        <time>2019-02-25T12:46:15Z</time>
        <hdop>4.551</hdop>
      </trkpt>
      <trkpt lat="41.6050337" lon="1.8110809">
        <ele>1267</ele>
        <time>2019-02-25T12:46:20Z</time>
        <hdop>4.551</hdop>
      </trkpt>
      <trkpt lat="41.6050285" lon="1.8110795">
        <ele>1267</ele>
        <time>2019-02-25T12:46:26Z</time>
        <hdop>4.551</hdop>
      </trkpt>
      <trkpt lat="41.6050299" lon="1.8110827">
        <ele>1267</ele>
        <time>2019-02-25T12:46:32Z</time>
        <hdop>4.551</hdop>
      </trkpt>
      <trkpt lat="41.6050279" lon="1.8110916">
        <ele>1269</ele>
        <time>2019-02-25T12:46:37Z</time>
        <hdop>4.551</hdop>
        <extensions>
          <speed>0.65</speed>
        </extensions>
      </trkpt>
      <trkpt lat="41.6050251" lon="1.811091">
        <ele>1270</ele>
        <time>2019-02-25T12:46:43Z</time>
        <hdop>4.551</hdop>
      </trkpt>
      <trkpt lat="41.6050254" lon="1.8110879">
        <ele>1271</ele>
        <time>2019-02-25T12:46:48Z</time>
        <hdop>4.551</hdop>
      </trkpt>
      <trkpt lat="41.6050246" lon="1.8110861">
        <ele>1270</ele>
        <time>2019-02-25T12:46:54Z</time>
        <hdop>4.551</hdop>
      </trkpt>
      <trkpt lat="41.6050274" lon="1.8110899">
        <ele>1270</ele>
        <time>2019-02-25T12:46:59Z</time>
        <hdop>4.551</hdop>
      </trkpt>
      <trkpt lat="41.6050228" lon="1.8110856">
        <ele>1269</ele>
        <time>2019-02-25T12:47:04Z</time>
        <hdop>4.551</hdop>
      </trkpt>
      <trkpt lat="41.6050239" lon="1.8110735">
        <ele>1269</ele>
        <time>2019-02-25T12:47:09Z</time>
        <hdop>4.551</hdop>
      </trkpt>
      <trkpt lat="41.6050241" lon="1.8110693">
        <ele>1270</ele>
        <time>2019-02-25T12:47:15Z</time>
        <hdop>4.551</hdop>
      </trkpt>
      <trkpt lat="41.6050241" lon="1.8110899">
        <ele>1270</ele>
        <time>2019-02-25T12:47:20Z</time>
        <hdop>4.551</hdop>
        <extensions>
          <speed>0.38</speed>
        </extensions>
      </trkpt>
      <trkpt lat="41.6050269" lon="1.8110853">
        <ele>1270</ele>
        <time>2019-02-25T12:47:26Z</time>
        <hdop>4.551</hdop>
      </trkpt>
      <trkpt lat="41.6050254" lon="1.8110848">
        <ele>1269</ele>
        <time>2019-02-25T12:47:31Z</time>
        <hdop>4.551</hdop>
      </trkpt>
      <trkpt lat="41.6050258" lon="1.8110859">
        <ele>1270</ele>
        <time>2019-02-25T12:47:36Z</time>
        <hdop>4.551</hdop>
      </trkpt>
      <trkpt lat="41.6050259" lon="1.811086">
        <ele>1270</ele>
        <time>2019-02-25T12:47:42Z</time>
        <hdop>4.551</hdop>
      </trkpt>
      <trkpt lat="41.605026" lon="1.811086">
        <ele>1270</ele>
        <time>2019-02-25T12:47:48Z</time>
        <hdop>4.551</hdop>
      </trkpt>
      <trkpt lat="41.605026" lon="1.8110859">
        <ele>1270</ele>
        <time>2019-02-25T12:47:53Z</time>
        <hdop>4.551</hdop>
      </trkpt>
      <trkpt lat="41.605026" lon="1.8110859">
        <ele>1270</ele>
        <time>2019-02-25T12:47:59Z</time>
        <hdop>4.551</hdop>
      </trkpt>
      <trkpt lat="41.6050253" lon="1.8110827">
        <ele>1271</ele>
        <time>2019-02-25T12:48:04Z</time>
        <hdop>4.551</hdop>
      </trkpt>
      <trkpt lat="41.6050325" lon="1.8110871">
        <ele>1271</ele>
        <time>2019-02-25T12:48:09Z</time>
        <hdop>4.551</hdop>
        <extensions>
          <speed>0.83</speed>
        </extensions>
      </trkpt>
      <trkpt lat="41.6050315" lon="1.8110919">
        <ele>1271</ele>
        <time>2019-02-25T12:48:14Z</time>
        <hdop>4.551</hdop>
      </trkpt>
      <trkpt lat="41.6050322" lon="1.8110928">
        <ele>1270</ele>
        <time>2019-02-25T12:48:20Z</time>
        <hdop>4.551</hdop>
      </trkpt>
      <trkpt lat="41.605032" lon="1.8110962">
        <ele>1269</ele>
        <time>2019-02-25T12:48:26Z</time>
        <hdop>4.551</hdop>
      </trkpt>
      <trkpt lat="41.6050317" lon="1.8110957">
        <ele>1269</ele>
        <time>2019-02-25T12:48:31Z</time>
        <hdop>4.551</hdop>
      </trkpt>
      <trkpt lat="41.6050315" lon="1.8110981">
        <ele>1269</ele>
        <time>2019-02-25T12:48:36Z</time>
        <hdop>4.551</hdop>
        <extensions>
          <speed>0.3</speed>
        </extensions>
      </trkpt>
      <trkpt lat="41.6050332" lon="1.8110957">
        <ele>1269</ele>
        <time>2019-02-25T12:48:42Z</time>
        <hdop>4.551</hdop>
      </trkpt>
      <trkpt lat="41.6050357" lon="1.8110949">
        <ele>1269</ele>
        <time>2019-02-25T12:48:48Z</time>
        <hdop>4.551</hdop>
      </trkpt>
      <trkpt lat="41.6050418" lon="1.8110882">
        <ele>1269</ele>
        <time>2019-02-25T12:48:54Z</time>
        <hdop>4.551</hdop>
        <extensions>
          <speed>0.24</speed>
        </extensions>
      </trkpt>
      <trkpt lat="41.6050453" lon="1.8110913">
        <ele>1269</ele>
        <time>2019-02-25T12:49:00Z</time>
        <hdop>4.551</hdop>
      </trkpt>
      <trkpt lat="41.6050445" lon="1.8110947">
        <ele>1269</ele>
        <time>2019-02-25T12:49:05Z</time>
        <hdop>4.551</hdop>
      </trkpt>
      <trkpt lat="41.6050385" lon="1.8110949">
        <ele>1268</ele>
        <time>2019-02-25T12:49:11Z</time>
        <hdop>4.551</hdop>
      </trkpt>
      <trkpt lat="41.60504" lon="1.8110912">
        <ele>1267</ele>
        <time>2019-02-25T12:49:16Z</time>
        <hdop>4.551</hdop>
      </trkpt>
      <trkpt lat="41.6050329" lon="1.8110931">
        <ele>1267</ele>
        <time>2019-02-25T12:49:21Z</time>
        <hdop>4.551</hdop>
      </trkpt>
      <trkpt lat="41.6050228" lon="1.8110934">
        <ele>1268</ele>
        <time>2019-02-25T12:49:27Z</time>
        <hdop>4.551</hdop>
      </trkpt>
      <trkpt lat="41.6050242" lon="1.8110893">
        <ele>1268</ele>
        <time>2019-02-25T12:49:33Z</time>
        <hdop>4.551</hdop>
      </trkpt>
      <trkpt lat="41.6050269" lon="1.8110879">
        <ele>1268</ele>
        <time>2019-02-25T12:49:39Z</time>
        <hdop>4.551</hdop>
        <extensions>
          <speed>0.21</speed>
        </extensions>
      </trkpt>
      <trkpt lat="41.6050271" lon="1.8110819">
        <ele>1268</ele>
        <time>2019-02-25T12:49:45Z</time>
        <hdop>4.551</hdop>
      </trkpt>
      <trkpt lat="41.6050328" lon="1.8110825">
        <ele>1268</ele>
        <time>2019-02-25T12:49:50Z</time>
        <hdop>4.551</hdop>
      </trkpt>
      <trkpt lat="41.6050363" lon="1.8110824">
        <ele>1269</ele>
        <time>2019-02-25T12:49:56Z</time>
        <hdop>4.551</hdop>
      </trkpt>
      <trkpt lat="41.6050385" lon="1.8110811">
        <ele>1269</ele>
        <time>2019-02-25T12:50:01Z</time>
        <hdop>4.551</hdop>
        <extensions>
          <speed>0.3</speed>
        </extensions>
      </trkpt>
      <trkpt lat="41.6050312" lon="1.8110773">
        <ele>1269</ele>
        <time>2019-02-25T12:50:06Z</time>
        <hdop>4.551</hdop>
      </trkpt>
      <trkpt lat="41.6050332" lon="1.811074">
        <ele>1269</ele>
        <time>2019-02-25T12:50:12Z</time>
        <hdop>4.551</hdop>
        <extensions>
          <speed>0.32</speed>
        </extensions>
      </trkpt>
      <trkpt lat="41.6050353" lon="1.8110822">
        <ele>1267</ele>
        <time>2019-02-25T12:50:18Z</time>
        <hdop>4.551</hdop>
      </trkpt>
      <trkpt lat="41.6050303" lon="1.8110805">
        <ele>1267</ele>
        <time>2019-02-25T12:50:23Z</time>
        <hdop>4.551</hdop>
      </trkpt>
      <trkpt lat="41.6050366" lon="1.8110831">
        <ele>1268</ele>
        <time>2019-02-25T12:50:29Z</time>
        <hdop>4.551</hdop>
      </trkpt>
      <trkpt lat="41.6050349" lon="1.8110812">
        <ele>1267</ele>
        <time>2019-02-25T12:50:34Z</time>
        <hdop>4.551</hdop>
      </trkpt>
      <trkpt lat="41.6050332" lon="1.8110764">
        <ele>1268</ele>
        <time>2019-02-25T12:50:40Z</time>
        <hdop>4.551</hdop>
      </trkpt>
      <trkpt lat="41.6050279" lon="1.8110779">
        <ele>1268</ele>
        <time>2019-02-25T12:50:46Z</time>
        <hdop>4.551</hdop>
        <extensions>
          <speed>0.21</speed>
        </extensions>
      </trkpt>
      <trkpt lat="41.6050293" lon="1.811086">
        <ele>1266</ele>
        <time>2019-02-25T12:50:52Z</time>
        <hdop>4.551</hdop>
      </trkpt>
      <trkpt lat="41.6050301" lon="1.8110867">
        <ele>1266</ele>
        <time>2019-02-25T12:50:58Z</time>
        <hdop>4.551</hdop>
        <extensions>
          <speed>0.54</speed>
        </extensions>
      </trkpt>
      <trkpt lat="41.6050298" lon="1.8110909">
        <ele>1266</ele>
        <time>2019-02-25T12:51:03Z</time>
        <hdop>4.551</hdop>
      </trkpt>
      <trkpt lat="41.605029" lon="1.811093">
        <ele>1266</ele>
        <time>2019-02-25T12:51:09Z</time>
        <hdop>4.551</hdop>
      </trkpt>
      <trkpt lat="41.6050267" lon="1.8110916">
        <ele>1266</ele>
        <time>2019-02-25T12:51:15Z</time>
        <hdop>7.585</hdop>
      </trkpt>
      <trkpt lat="41.6050251" lon="1.8110883">
        <ele>1267</ele>
        <time>2019-02-25T12:51:21Z</time>
        <hdop>7.585</hdop>
      </trkpt>
      <trkpt lat="41.605025" lon="1.8110884">
        <ele>1267</ele>
        <time>2019-02-25T12:51:27Z</time>
        <hdop>6.068</hdop>
      </trkpt>
      <trkpt lat="41.6050247" lon="1.8110674">
        <ele>1268</ele>
        <time>2019-02-25T12:51:33Z</time>
        <hdop>4.551</hdop>
      </trkpt>
      <trkpt lat="41.6050198" lon="1.8110721">
        <ele>1268</ele>
        <time>2019-02-25T12:51:38Z</time>
        <hdop>4.551</hdop>
      </trkpt>
      <trkpt lat="41.6050285" lon="1.8110631">
        <ele>1269</ele>
        <time>2019-02-25T12:51:44Z</time>
        <hdop>4.551</hdop>
      </trkpt>
      <trkpt lat="41.6050258" lon="1.8110603">
        <ele>1269</ele>
        <time>2019-02-25T12:51:49Z</time>
        <hdop>4.551</hdop>
      </trkpt>
      <trkpt lat="41.6050238" lon="1.8110671">
        <ele>1269</ele>
        <time>2019-02-25T12:51:55Z</time>
        <hdop>4.551</hdop>
      </trkpt>
      <trkpt lat="41.6050245" lon="1.8110782">
        <ele>1269</ele>
        <time>2019-02-25T12:52:00Z</time>
        <hdop>4.551</hdop>
        <extensions>
          <speed>0.15</speed>
        </extensions>
      </trkpt>
      <trkpt lat="41.6050316" lon="1.8110789">
        <ele>1268</ele>
        <time>2019-02-25T12:52:06Z</time>
        <hdop>4.551</hdop>
      </trkpt>
      <trkpt lat="41.6050367" lon="1.8110763">
        <ele>1268</ele>
        <time>2019-02-25T12:52:11Z</time>
        <hdop>4.551</hdop>
      </trkpt>
      <trkpt lat="41.605033" lon="1.8110675">
        <ele>1269</ele>
        <time>2019-02-25T12:52:17Z</time>
        <hdop>4.551</hdop>
        <extensions>
          <speed>0.46</speed>
        </extensions>
      </trkpt>
      <trkpt lat="41.605026" lon="1.8110671">
        <ele>1270</ele>
        <time>2019-02-25T12:52:22Z</time>
        <hdop>4.551</hdop>
      </trkpt>
      <trkpt lat="41.6050238" lon="1.8110693">
        <ele>1269</ele>
        <time>2019-02-25T12:52:27Z</time>
        <hdop>4.551</hdop>
      </trkpt>
      <trkpt lat="41.6050287" lon="1.8110714">
        <ele>1268</ele>
        <time>2019-02-25T12:52:33Z</time>
        <hdop>4.551</hdop>
      </trkpt>
      <trkpt lat="41.6050289" lon="1.8110714">
        <ele>1268</ele>
        <time>2019-02-25T12:52:38Z</time>
        <hdop>4.551</hdop>
      </trkpt>
      <trkpt lat="41.6050289" lon="1.8110714">
        <ele>1268</ele>
        <time>2019-02-25T12:52:43Z</time>
        <hdop>4.551</hdop>
      </trkpt>
      <trkpt lat="41.6050289" lon="1.8110714">
        <ele>1268</ele>
        <time>2019-02-25T12:52:49Z</time>
        <hdop>4.551</hdop>
      </trkpt>
      <trkpt lat="41.6050289" lon="1.8110714">
        <ele>1268</ele>
        <time>2019-02-25T12:52:54Z</time>
        <hdop>6.068</hdop>
      </trkpt>
      <trkpt lat="41.605029" lon="1.8110714">
        <ele>1268</ele>
        <time>2019-02-25T12:52:59Z</time>
        <hdop>13.653</hdop>
      </trkpt>
      <trkpt lat="41.6050291" lon="1.8110714">
        <ele>1268</ele>
        <time>2019-02-25T12:53:05Z</time>
        <hdop>13.653</hdop>
      </trkpt>
      <trkpt lat="41.6050297" lon="1.8110649">
        <ele>1269</ele>
        <time>2019-02-25T12:53:11Z</time>
        <hdop>4.551</hdop>
      </trkpt>
      <trkpt lat="41.6050261" lon="1.8110655">
        <ele>1269</ele>
        <time>2019-02-25T12:53:17Z</time>
        <hdop>4.551</hdop>
      </trkpt>
      <trkpt lat="41.605025" lon="1.8110708">
        <ele>1268</ele>
        <time>2019-02-25T12:53:22Z</time>
        <hdop>4.551</hdop>
      </trkpt>
      <trkpt lat="41.6050278" lon="1.8110647">
        <ele>1269</ele>
        <time>2019-02-25T12:53:28Z</time>
        <hdop>4.551</hdop>
      </trkpt>
      <trkpt lat="41.6050287" lon="1.8110657">
        <ele>1269</ele>
        <time>2019-02-25T12:53:33Z</time>
        <hdop>4.551</hdop>
      </trkpt>
      <trkpt lat="41.6050287" lon="1.8110659">
        <ele>1269</ele>
        <time>2019-02-25T12:53:39Z</time>
        <hdop>4.551</hdop>
      </trkpt>
      <trkpt lat="41.6050287" lon="1.8110659">
        <ele>1269</ele>
        <time>2019-02-25T12:53:44Z</time>
        <hdop>4.551</hdop>
      </trkpt>
      <trkpt lat="41.6050287" lon="1.8110658">
        <ele>1269</ele>
        <time>2019-02-25T12:53:50Z</time>
        <hdop>4.551</hdop>
      </trkpt>
      <trkpt lat="41.6050287" lon="1.8110659">
        <ele>1269</ele>
        <time>2019-02-25T12:53:55Z</time>
        <hdop>4.551</hdop>
      </trkpt>
      <trkpt lat="41.6050216" lon="1.8110596">
        <ele>1272</ele>
        <time>2019-02-25T12:54:01Z</time>
        <hdop>4.551</hdop>
        <extensions>
          <speed>0.34</speed>
        </extensions>
      </trkpt>
      <trkpt lat="41.60503" lon="1.8110789">
        <ele>1270</ele>
        <time>2019-02-25T12:54:07Z</time>
        <hdop>4.551</hdop>
      </trkpt>
      <trkpt lat="41.6050278" lon="1.8110812">
        <ele>1269</ele>
        <time>2019-02-25T12:54:13Z</time>
        <hdop>4.551</hdop>
      </trkpt>
      <trkpt lat="41.6050234" lon="1.8110796">
        <ele>1268</ele>
        <time>2019-02-25T12:54:18Z</time>
        <hdop>4.551</hdop>
      </trkpt>
      <trkpt lat="41.6050284" lon="1.8110854">
        <ele>1267</ele>
        <time>2019-02-25T12:54:24Z</time>
        <hdop>4.551</hdop>
      </trkpt>
      <trkpt lat="41.6050289" lon="1.8110902">
        <ele>1267</ele>
        <time>2019-02-25T12:54:29Z</time>
        <hdop>6.068</hdop>
      </trkpt>
      <trkpt lat="41.6050281" lon="1.8110943">
        <ele>1268</ele>
        <time>2019-02-25T12:54:35Z</time>
        <hdop>6.068</hdop>
      </trkpt>
      <trkpt lat="41.6050307" lon="1.8110964">
        <ele>1268</ele>
        <time>2019-02-25T12:54:40Z</time>
        <hdop>6.068</hdop>
      </trkpt>
      <trkpt lat="41.6050309" lon="1.8110965">
        <ele>1268</ele>
        <time>2019-02-25T12:54:46Z</time>
        <hdop>15.17</hdop>
      </trkpt>
      <trkpt lat="41.6050309" lon="1.8110964">
        <ele>1268</ele>
        <time>2019-02-25T12:54:51Z</time>
        <hdop>15.17</hdop>
      </trkpt>
      <trkpt lat="41.6050308" lon="1.8110964">
        <ele>1268</ele>
        <time>2019-02-25T12:54:57Z</time>
        <hdop>15.17</hdop>
      </trkpt>
      <trkpt lat="41.6050309" lon="1.8110964">
        <ele>1268</ele>
        <time>2019-02-25T12:55:02Z</time>
        <hdop>13.653</hdop>
      </trkpt>
      <trkpt lat="41.6050308" lon="1.8110964">
        <ele>1268</ele>
        <time>2019-02-25T12:55:08Z</time>
        <hdop>15.17</hdop>
      </trkpt>
      <trkpt lat="41.6050308" lon="1.8110964">
        <ele>1268</ele>
        <time>2019-02-25T12:55:14Z</time>
        <hdop>13.653</hdop>
      </trkpt>
      <trkpt lat="41.6050307" lon="1.8110963">
        <ele>1268</ele>
        <time>2019-02-25T12:55:19Z</time>
        <hdop>13.653</hdop>
      </trkpt>
      <trkpt lat="41.6050307" lon="1.8110962">
        <ele>1268</ele>
        <time>2019-02-25T12:55:25Z</time>
        <hdop>13.653</hdop>
      </trkpt>
      <trkpt lat="41.6050292" lon="1.8110771">
        <ele>1269</ele>
        <time>2019-02-25T12:55:31Z</time>
        <hdop>4.551</hdop>
      </trkpt>
      <trkpt lat="41.6050269" lon="1.8110792">
        <ele>1268</ele>
        <time>2019-02-25T12:55:36Z</time>
        <hdop>4.551</hdop>
      </trkpt>
      <trkpt lat="41.60503" lon="1.8110814">
        <ele>1267</ele>
        <time>2019-02-25T12:55:42Z</time>
        <hdop>4.551</hdop>
      </trkpt>
      <trkpt lat="41.6050326" lon="1.8110906">
        <ele>1267</ele>
        <time>2019-02-25T12:55:48Z</time>
        <hdop>4.551</hdop>
      </trkpt>
      <trkpt lat="41.6050316" lon="1.8110904">
        <ele>1267</ele>
        <time>2019-02-25T12:55:53Z</time>
        <hdop>4.551</hdop>
      </trkpt>
      <trkpt lat="41.6050304" lon="1.8110916">
        <ele>1267</ele>
        <time>2019-02-25T12:55:59Z</time>
        <hdop>4.551</hdop>
        <extensions>
          <speed>0.32</speed>
        </extensions>
      </trkpt>
      <trkpt lat="41.6050369" lon="1.8110922">
        <ele>1266</ele>
        <time>2019-02-25T12:56:04Z</time>
        <hdop>4.551</hdop>
      </trkpt>
      <trkpt lat="41.6050384" lon="1.8110882">
        <ele>1266</ele>
        <time>2019-02-25T12:56:10Z</time>
        <hdop>7.585</hdop>
      </trkpt>
      <trkpt lat="41.6050379" lon="1.811088">
        <ele>1266</ele>
        <time>2019-02-25T12:56:16Z</time>
        <hdop>7.585</hdop>
      </trkpt>
      <trkpt lat="41.6050376" lon="1.811088">
        <ele>1266</ele>
        <time>2019-02-25T12:56:21Z</time>
        <hdop>6.068</hdop>
      </trkpt>
      <trkpt lat="41.6050376" lon="1.811088">
        <ele>1266</ele>
        <time>2019-02-25T12:56:26Z</time>
        <hdop>6.068</hdop>
      </trkpt>
      <trkpt lat="41.6050376" lon="1.811088">
        <ele>1266</ele>
        <time>2019-02-25T12:56:31Z</time>
        <hdop>7.585</hdop>
      </trkpt>
      <trkpt lat="41.6050376" lon="1.811088">
        <ele>1266</ele>
        <time>2019-02-25T12:56:37Z</time>
        <hdop>7.585</hdop>
      </trkpt>
      <trkpt lat="41.6050376" lon="1.811088">
        <ele>1266</ele>
        <time>2019-02-25T12:56:43Z</time>
        <hdop>7.585</hdop>
      </trkpt>
      <trkpt lat="41.6050376" lon="1.8110879">
        <ele>1266</ele>
        <time>2019-02-25T12:56:48Z</time>
        <hdop>6.068</hdop>
      </trkpt>
      <trkpt lat="41.6050376" lon="1.8110879">
        <ele>1266</ele>
        <time>2019-02-25T12:56:54Z</time>
        <hdop>4.551</hdop>
      </trkpt>
      <trkpt lat="41.6050375" lon="1.8110879">
        <ele>1266</ele>
        <time>2019-02-25T12:56:59Z</time>
        <hdop>4.551</hdop>
      </trkpt>
      <trkpt lat="41.6050375" lon="1.8110879">
        <ele>1266</ele>
        <time>2019-02-25T12:57:05Z</time>
        <hdop>4.551</hdop>
      </trkpt>
      <trkpt lat="41.6050375" lon="1.8110879">
        <ele>1266</ele>
        <time>2019-02-25T12:57:11Z</time>
        <hdop>4.551</hdop>
      </trkpt>
      <trkpt lat="41.6050374" lon="1.8110877">
        <ele>1266</ele>
        <time>2019-02-25T12:57:17Z</time>
        <hdop>4.551</hdop>
      </trkpt>
      <trkpt lat="41.6050376" lon="1.8110856">
        <ele>1267</ele>
        <time>2019-02-25T12:57:22Z</time>
        <hdop>4.551</hdop>
      </trkpt>
      <trkpt lat="41.6050389" lon="1.8110894">
        <ele>1267</ele>
        <time>2019-02-25T12:57:28Z</time>
        <hdop>4.551</hdop>
      </trkpt>
      <trkpt lat="41.605036" lon="1.8110817">
        <ele>1267</ele>
        <time>2019-02-25T12:57:33Z</time>
        <hdop>4.551</hdop>
      </trkpt>
      <trkpt lat="41.6050358" lon="1.8110818">
        <ele>1267</ele>
        <time>2019-02-25T12:57:39Z</time>
        <hdop>4.551</hdop>
      </trkpt>
      <trkpt lat="41.6050358" lon="1.8110818">
        <ele>1267</ele>
        <time>2019-02-25T12:57:45Z</time>
        <hdop>4.551</hdop>
      </trkpt>
      <trkpt lat="41.6050357" lon="1.8110816">
        <ele>1267</ele>
        <time>2019-02-25T12:57:51Z</time>
        <hdop>4.551</hdop>
      </trkpt>
      <trkpt lat="41.6050356" lon="1.8110815">
        <ele>1267</ele>
        <time>2019-02-25T12:57:57Z</time>
        <hdop>4.551</hdop>
      </trkpt>
      <trkpt lat="41.6050355" lon="1.8110814">
        <ele>1267</ele>
        <time>2019-02-25T12:58:02Z</time>
        <hdop>4.551</hdop>
      </trkpt>
      <trkpt lat="41.6050354" lon="1.8110812">
        <ele>1267</ele>
        <time>2019-02-25T12:58:07Z</time>
        <hdop>4.551</hdop>
      </trkpt>
      <trkpt lat="41.6050354" lon="1.8110813">
        <ele>1267</ele>
        <time>2019-02-25T12:58:13Z</time>
        <hdop>4.551</hdop>
      </trkpt>
      <trkpt lat="41.6050353" lon="1.8110812">
        <ele>1267</ele>
        <time>2019-02-25T12:58:18Z</time>
        <hdop>4.551</hdop>
      </trkpt>
      <trkpt lat="41.6050353" lon="1.8110813">
        <ele>1267</ele>
        <time>2019-02-25T12:58:24Z</time>
        <hdop>4.551</hdop>
      </trkpt>
      <trkpt lat="41.6050354" lon="1.8110814">
        <ele>1267</ele>
        <time>2019-02-25T12:58:29Z</time>
        <hdop>4.551</hdop>
      </trkpt>
      <trkpt lat="41.6050353" lon="1.8110812">
        <ele>1267</ele>
        <time>2019-02-25T12:58:35Z</time>
        <hdop>4.551</hdop>
      </trkpt>
      <trkpt lat="41.6050353" lon="1.8110811">
        <ele>1267</ele>
        <time>2019-02-25T12:58:41Z</time>
        <hdop>4.551</hdop>
      </trkpt>
      <trkpt lat="41.6050353" lon="1.8110811">
        <ele>1267</ele>
        <time>2019-02-25T12:58:47Z</time>
        <hdop>4.551</hdop>
      </trkpt>
      <trkpt lat="41.6050352" lon="1.8110811">
        <ele>1267</ele>
        <time>2019-02-25T12:58:52Z</time>
        <hdop>4.551</hdop>
      </trkpt>
      <trkpt lat="41.6050352" lon="1.8110811">
        <ele>1267</ele>
        <time>2019-02-25T12:58:57Z</time>
        <hdop>4.551</hdop>
      </trkpt>
      <trkpt lat="41.6050352" lon="1.8110811">
        <ele>1267</ele>
        <time>2019-02-25T12:59:03Z</time>
        <hdop>4.551</hdop>
      </trkpt>
      <trkpt lat="41.6050352" lon="1.811081">
        <ele>1267</ele>
        <time>2019-02-25T12:59:08Z</time>
        <hdop>4.551</hdop>
      </trkpt>
      <trkpt lat="41.6050352" lon="1.8110809">
        <ele>1267</ele>
        <time>2019-02-25T12:59:13Z</time>
        <hdop>4.551</hdop>
      </trkpt>
      <trkpt lat="41.6050351" lon="1.811081">
        <ele>1267</ele>
        <time>2019-02-25T12:59:18Z</time>
        <hdop>4.551</hdop>
      </trkpt>
      <trkpt lat="41.6050352" lon="1.811081">
        <ele>1267</ele>
        <time>2019-02-25T12:59:24Z</time>
        <hdop>4.551</hdop>
      </trkpt>
      <trkpt lat="41.6050351" lon="1.8110809">
        <ele>1267</ele>
        <time>2019-02-25T12:59:30Z</time>
        <hdop>4.551</hdop>
      </trkpt>
      <trkpt lat="41.6050351" lon="1.8110809">
        <ele>1267</ele>
        <time>2019-02-25T12:59:35Z</time>
        <hdop>4.551</hdop>
      </trkpt>
      <trkpt lat="41.6050351" lon="1.8110809">
        <ele>1267</ele>
        <time>2019-02-25T12:59:41Z</time>
        <hdop>4.551</hdop>
      </trkpt>
      <trkpt lat="41.6050351" lon="1.8110809">
        <ele>1267</ele>
        <time>2019-02-25T12:59:47Z</time>
        <hdop>4.551</hdop>
      </trkpt>
      <trkpt lat="41.6050352" lon="1.8110808">
        <ele>1267</ele>
        <time>2019-02-25T12:59:53Z</time>
        <hdop>4.551</hdop>
      </trkpt>
      <trkpt lat="41.6050351" lon="1.8110809">
        <ele>1267</ele>
        <time>2019-02-25T12:59:59Z</time>
        <hdop>4.551</hdop>
      </trkpt>
      <trkpt lat="41.6050351" lon="1.8110809">
        <ele>1267</ele>
        <time>2019-02-25T13:00:04Z</time>
        <hdop>4.551</hdop>
      </trkpt>
      <trkpt lat="41.6050351" lon="1.811081">
        <ele>1267</ele>
        <time>2019-02-25T13:00:10Z</time>
        <hdop>4.551</hdop>
      </trkpt>
      <trkpt lat="41.6050351" lon="1.8110808">
        <ele>1267</ele>
        <time>2019-02-25T13:00:16Z</time>
        <hdop>4.551</hdop>
      </trkpt>
      <trkpt lat="41.605035" lon="1.8110807">
        <ele>1267</ele>
        <time>2019-02-25T13:00:22Z</time>
        <hdop>4.551</hdop>
      </trkpt>
      <trkpt lat="41.605035" lon="1.8110807">
        <ele>1267</ele>
        <time>2019-02-25T13:00:28Z</time>
        <hdop>4.551</hdop>
      </trkpt>
      <trkpt lat="41.605035" lon="1.8110805">
        <ele>1267</ele>
        <time>2019-02-25T13:00:33Z</time>
        <hdop>4.551</hdop>
      </trkpt>
      <trkpt lat="41.6050349" lon="1.8110804">
        <ele>1267</ele>
        <time>2019-02-25T13:00:39Z</time>
        <hdop>4.551</hdop>
      </trkpt>
      <trkpt lat="41.6050349" lon="1.8110804">
        <ele>1267</ele>
        <time>2019-02-25T13:00:44Z</time>
        <hdop>4.551</hdop>
      </trkpt>
      <trkpt lat="41.6050349" lon="1.8110803">
        <ele>1267</ele>
        <time>2019-02-25T13:00:50Z</time>
        <hdop>4.551</hdop>
      </trkpt>
      <trkpt lat="41.6050349" lon="1.8110803">
        <ele>1267</ele>
        <time>2019-02-25T13:00:56Z</time>
        <hdop>4.551</hdop>
      </trkpt>
      <trkpt lat="41.6050349" lon="1.8110803">
        <ele>1267</ele>
        <time>2019-02-25T13:01:02Z</time>
        <hdop>4.551</hdop>
      </trkpt>
      <trkpt lat="41.6050349" lon="1.8110803">
        <ele>1267</ele>
        <time>2019-02-25T13:01:08Z</time>
        <hdop>4.551</hdop>
      </trkpt>
      <trkpt lat="41.6050349" lon="1.8110802">
        <ele>1267</ele>
        <time>2019-02-25T13:01:14Z</time>
        <hdop>4.551</hdop>
      </trkpt>
      <trkpt lat="41.6050349" lon="1.8110802">
        <ele>1267</ele>
        <time>2019-02-25T13:01:19Z</time>
        <hdop>4.551</hdop>
      </trkpt>
      <trkpt lat="41.6050349" lon="1.8110802">
        <ele>1267</ele>
        <time>2019-02-25T13:01:25Z</time>
        <hdop>4.551</hdop>
      </trkpt>
      <trkpt lat="41.6050349" lon="1.8110802">
        <ele>1267</ele>
        <time>2019-02-25T13:01:31Z</time>
        <hdop>4.551</hdop>
      </trkpt>
      <trkpt lat="41.6050348" lon="1.8110801">
        <ele>1267</ele>
        <time>2019-02-25T13:01:37Z</time>
        <hdop>4.551</hdop>
      </trkpt>
      <trkpt lat="41.6050348" lon="1.8110802">
        <ele>1267</ele>
        <time>2019-02-25T13:01:43Z</time>
        <hdop>4.551</hdop>
      </trkpt>
      <trkpt lat="41.6050348" lon="1.8110801">
        <ele>1267</ele>
        <time>2019-02-25T13:01:48Z</time>
        <hdop>4.551</hdop>
      </trkpt>
      <trkpt lat="41.6050348" lon="1.8110802">
        <ele>1267</ele>
        <time>2019-02-25T13:01:53Z</time>
        <hdop>4.551</hdop>
      </trkpt>
      <trkpt lat="41.6050347" lon="1.8110801">
        <ele>1267</ele>
        <time>2019-02-25T13:01:59Z</time>
        <hdop>4.551</hdop>
      </trkpt>
      <trkpt lat="41.6050347" lon="1.8110801">
        <ele>1267</ele>
        <time>2019-02-25T13:02:04Z</time>
        <hdop>4.551</hdop>
      </trkpt>
      <trkpt lat="41.6050347" lon="1.81108">
        <ele>1267</ele>
        <time>2019-02-25T13:02:10Z</time>
        <hdop>4.551</hdop>
      </trkpt>
      <trkpt lat="41.6050347" lon="1.8110801">
        <ele>1267</ele>
        <time>2019-02-25T13:02:16Z</time>
        <hdop>4.551</hdop>
      </trkpt>
      <trkpt lat="41.6050346" lon="1.81108">
        <ele>1267</ele>
        <time>2019-02-25T13:02:21Z</time>
        <hdop>4.551</hdop>
      </trkpt>
      <trkpt lat="41.6050339" lon="1.8110807">
        <ele>1265</ele>
        <time>2019-02-25T13:02:26Z</time>
        <hdop>4.551</hdop>
      </trkpt>
      <trkpt lat="41.6050328" lon="1.8110762">
        <ele>1266</ele>
        <time>2019-02-25T13:02:32Z</time>
        <hdop>4.551</hdop>
      </trkpt>
      <trkpt lat="41.6050305" lon="1.811075">
        <ele>1266</ele>
        <time>2019-02-25T13:02:38Z</time>
        <hdop>4.551</hdop>
      </trkpt>
      <trkpt lat="41.6050304" lon="1.811072">
        <ele>1266</ele>
        <time>2019-02-25T13:02:43Z</time>
        <hdop>4.551</hdop>
      </trkpt>
      <trkpt lat="41.6050365" lon="1.8110702">
        <ele>1266</ele>
        <time>2019-02-25T13:02:49Z</time>
        <hdop>4.551</hdop>
      </trkpt>
      <trkpt lat="41.6050342" lon="1.8110763">
        <ele>1266</ele>
        <time>2019-02-25T13:02:55Z</time>
        <hdop>4.551</hdop>
      </trkpt>
      <trkpt lat="41.6050332" lon="1.8110775">
        <ele>1266</ele>
        <time>2019-02-25T13:03:01Z</time>
        <hdop>4.551</hdop>
      </trkpt>
      <trkpt lat="41.6050393" lon="1.8110721">
        <ele>1266</ele>
        <time>2019-02-25T13:03:07Z</time>
        <hdop>4.551</hdop>
      </trkpt>
      <trkpt lat="41.6050373" lon="1.8110726">
        <ele>1267</ele>
        <time>2019-02-25T13:03:12Z</time>
        <hdop>4.551</hdop>
      </trkpt>
      <trkpt lat="41.605038" lon="1.8110744">
        <ele>1267</ele>
        <time>2019-02-25T13:03:18Z</time>
        <hdop>4.551</hdop>
      </trkpt>
      <trkpt lat="41.6050377" lon="1.811074">
        <ele>1267</ele>
        <time>2019-02-25T13:03:24Z</time>
        <hdop>4.551</hdop>
      </trkpt>
      <trkpt lat="41.605038" lon="1.811075">
        <ele>1267</ele>
        <time>2019-02-25T13:03:29Z</time>
        <hdop>4.551</hdop>
      </trkpt>
      <trkpt lat="41.6050382" lon="1.8110755">
        <ele>1267</ele>
        <time>2019-02-25T13:03:35Z</time>
        <hdop>4.551</hdop>
      </trkpt>
      <trkpt lat="41.6050381" lon="1.8110755">
        <ele>1267</ele>
        <time>2019-02-25T13:03:40Z</time>
        <hdop>4.551</hdop>
      </trkpt>
      <trkpt lat="41.6050381" lon="1.8110755">
        <ele>1267</ele>
        <time>2019-02-25T13:03:46Z</time>
        <hdop>4.551</hdop>
      </trkpt>
      <trkpt lat="41.6050381" lon="1.8110756">
        <ele>1267</ele>
        <time>2019-02-25T13:03:51Z</time>
        <hdop>4.551</hdop>
      </trkpt>
      <trkpt lat="41.605038" lon="1.8110757">
        <ele>1267</ele>
        <time>2019-02-25T13:03:57Z</time>
        <hdop>4.551</hdop>
      </trkpt>
      <trkpt lat="41.6050381" lon="1.8110757">
        <ele>1267</ele>
        <time>2019-02-25T13:04:02Z</time>
        <hdop>4.551</hdop>
      </trkpt>
      <trkpt lat="41.605038" lon="1.8110758">
        <ele>1267</ele>
        <time>2019-02-25T13:04:08Z</time>
        <hdop>4.551</hdop>
      </trkpt>
      <trkpt lat="41.605038" lon="1.8110758">
        <ele>1267</ele>
        <time>2019-02-25T13:04:14Z</time>
        <hdop>4.551</hdop>
      </trkpt>
      <trkpt lat="41.605038" lon="1.8110758">
        <ele>1267</ele>
        <time>2019-02-25T13:04:19Z</time>
        <hdop>4.551</hdop>
      </trkpt>
      <trkpt lat="41.605038" lon="1.8110759">
        <ele>1267</ele>
        <time>2019-02-25T13:04:25Z</time>
        <hdop>4.551</hdop>
      </trkpt>
      <trkpt lat="41.6050379" lon="1.8110759">
        <ele>1267</ele>
        <time>2019-02-25T13:04:31Z</time>
        <hdop>4.551</hdop>
      </trkpt>
      <trkpt lat="41.6050379" lon="1.811076">
        <ele>1267</ele>
        <time>2019-02-25T13:04:37Z</time>
        <hdop>4.551</hdop>
      </trkpt>
      <trkpt lat="41.6050361" lon="1.8110737">
        <ele>1268</ele>
        <time>2019-02-25T13:04:42Z</time>
        <hdop>4.551</hdop>
      </trkpt>
      <trkpt lat="41.605036" lon="1.8110746">
        <ele>1268</ele>
        <time>2019-02-25T13:04:48Z</time>
        <hdop>4.551</hdop>
      </trkpt>
      <trkpt lat="41.6050339" lon="1.8110713">
        <ele>1267</ele>
        <time>2019-02-25T13:04:53Z</time>
        <hdop>4.551</hdop>
        <extensions>
          <speed>0.36</speed>
        </extensions>
      </trkpt>
      <trkpt lat="41.6050324" lon="1.811069">
        <ele>1268</ele>
        <time>2019-02-25T13:04:59Z</time>
        <hdop>4.551</hdop>
      </trkpt>
      <trkpt lat="41.6050348" lon="1.8110664">
        <ele>1269</ele>
        <time>2019-02-25T13:05:05Z</time>
        <hdop>4.551</hdop>
      </trkpt>
      <trkpt lat="41.6050367" lon="1.8110635">
        <ele>1269</ele>
        <time>2019-02-25T13:05:10Z</time>
        <hdop>4.551</hdop>
      </trkpt>
      <trkpt lat="41.6050393" lon="1.8110606">
        <ele>1269</ele>
        <time>2019-02-25T13:05:16Z</time>
        <hdop>4.551</hdop>
      </trkpt>
      <trkpt lat="41.6050378" lon="1.8110618">
        <ele>1270</ele>
        <time>2019-02-25T13:05:21Z</time>
        <hdop>4.551</hdop>
      </trkpt>
      <trkpt lat="41.6050381" lon="1.8110614">
        <ele>1270</ele>
        <time>2019-02-25T13:05:26Z</time>
        <hdop>4.551</hdop>
      </trkpt>
      <trkpt lat="41.605038" lon="1.8110614">
        <ele>1270</ele>
        <time>2019-02-25T13:05:32Z</time>
        <hdop>4.551</hdop>
      </trkpt>
      <trkpt lat="41.6050379" lon="1.8110615">
        <ele>1270</ele>
        <time>2019-02-25T13:05:38Z</time>
        <hdop>4.551</hdop>
      </trkpt>
      <trkpt lat="41.6050356" lon="1.8110637">
        <ele>1270</ele>
        <time>2019-02-25T13:05:44Z</time>
        <hdop>4.551</hdop>
      </trkpt>
      <trkpt lat="41.6050336" lon="1.811071">
        <ele>1271</ele>
        <time>2019-02-25T13:05:49Z</time>
        <hdop>4.551</hdop>
      </trkpt>
      <trkpt lat="41.6050316" lon="1.8110733">
        <ele>1271</ele>
        <time>2019-02-25T13:05:55Z</time>
        <hdop>4.551</hdop>
      </trkpt>
      <trkpt lat="41.6050267" lon="1.8110765">
        <ele>1271</ele>
        <time>2019-02-25T13:06:01Z</time>
        <hdop>4.551</hdop>
      </trkpt>
      <trkpt lat="41.6050273" lon="1.8110812">
        <ele>1271</ele>
        <time>2019-02-25T13:06:06Z</time>
        <hdop>4.551</hdop>
      </trkpt>
      <trkpt lat="41.6050238" lon="1.8110848">
        <ele>1271</ele>
        <time>2019-02-25T13:06:12Z</time>
        <hdop>4.551</hdop>
      </trkpt>
      <trkpt lat="41.6050237" lon="1.8110848">
        <ele>1271</ele>
        <time>2019-02-25T13:06:18Z</time>
        <hdop>4.551</hdop>
      </trkpt>
      <trkpt lat="41.6050238" lon="1.8110848">
        <ele>1271</ele>
        <time>2019-02-25T13:06:24Z</time>
        <hdop>4.551</hdop>
      </trkpt>
      <trkpt lat="41.6050238" lon="1.8110848">
        <ele>1271</ele>
        <time>2019-02-25T13:06:30Z</time>
        <hdop>4.551</hdop>
      </trkpt>
      <trkpt lat="41.6050238" lon="1.8110848">
        <ele>1271</ele>
        <time>2019-02-25T13:06:35Z</time>
        <hdop>4.551</hdop>
      </trkpt>
      <trkpt lat="41.6050237" lon="1.8110847">
        <ele>1271</ele>
        <time>2019-02-25T13:06:41Z</time>
        <hdop>4.551</hdop>
      </trkpt>
      <trkpt lat="41.6050236" lon="1.8110846">
        <ele>1271</ele>
        <time>2019-02-25T13:06:46Z</time>
        <hdop>4.551</hdop>
      </trkpt>
      <trkpt lat="41.6050236" lon="1.8110846">
        <ele>1271</ele>
        <time>2019-02-25T13:06:52Z</time>
        <hdop>4.551</hdop>
      </trkpt>
      <trkpt lat="41.6050236" lon="1.8110846">
        <ele>1271</ele>
        <time>2019-02-25T13:06:58Z</time>
        <hdop>4.551</hdop>
      </trkpt>
      <trkpt lat="41.6050235" lon="1.8110845">
        <ele>1271</ele>
        <time>2019-02-25T13:07:04Z</time>
        <hdop>4.551</hdop>
      </trkpt>
      <trkpt lat="41.6050236" lon="1.8110845">
        <ele>1271</ele>
        <time>2019-02-25T13:07:10Z</time>
        <hdop>4.551</hdop>
      </trkpt>
      <trkpt lat="41.6050235" lon="1.8110844">
        <ele>1271</ele>
        <time>2019-02-25T13:07:16Z</time>
        <hdop>4.551</hdop>
      </trkpt>
      <trkpt lat="41.6050235" lon="1.8110844">
        <ele>1271</ele>
        <time>2019-02-25T13:07:21Z</time>
        <hdop>4.551</hdop>
      </trkpt>
      <trkpt lat="41.6050236" lon="1.8110843">
        <ele>1270</ele>
        <time>2019-02-25T13:07:26Z</time>
        <hdop>4.551</hdop>
      </trkpt>
      <trkpt lat="41.6050276" lon="1.8110739">
        <ele>1272</ele>
        <time>2019-02-25T13:07:32Z</time>
        <hdop>4.551</hdop>
      </trkpt>
      <trkpt lat="41.6050311" lon="1.811076">
        <ele>1273</ele>
        <time>2019-02-25T13:07:38Z</time>
        <hdop>4.551</hdop>
      </trkpt>
      <trkpt lat="41.6050309" lon="1.811087">
        <ele>1272</ele>
        <time>2019-02-25T13:07:43Z</time>
        <hdop>4.551</hdop>
      </trkpt>
      <trkpt lat="41.6050292" lon="1.8110884">
        <ele>1272</ele>
        <time>2019-02-25T13:07:49Z</time>
        <hdop>4.551</hdop>
      </trkpt>
      <trkpt lat="41.605029" lon="1.8110884">
        <ele>1272</ele>
        <time>2019-02-25T13:07:54Z</time>
        <hdop>4.551</hdop>
      </trkpt>
      <trkpt lat="41.605021" lon="1.8110768">
        <ele>1271</ele>
        <time>2019-02-25T13:08:00Z</time>
        <hdop>4.551</hdop>
        <extensions>
          <speed>0.19</speed>
        </extensions>
      </trkpt>
      <trkpt lat="41.6050159" lon="1.8110646">
        <ele>1270</ele>
        <time>2019-02-25T13:08:06Z</time>
        <hdop>4.551</hdop>
      </trkpt>
      <trkpt lat="41.6050213" lon="1.8110669">
        <ele>1268</ele>
        <time>2019-02-25T13:08:12Z</time>
        <hdop>4.551</hdop>
        <extensions>
          <speed>0.29</speed>
        </extensions>
      </trkpt>
      <trkpt lat="41.6050344" lon="1.8110688">
        <ele>1268</ele>
        <time>2019-02-25T13:08:17Z</time>
        <hdop>4.551</hdop>
      </trkpt>
      <trkpt lat="41.6050439" lon="1.8110735">
        <ele>1267</ele>
        <time>2019-02-25T13:08:23Z</time>
        <hdop>4.551</hdop>
      </trkpt>
      <trkpt lat="41.6050458" lon="1.8110782">
        <ele>1267</ele>
        <time>2019-02-25T13:08:29Z</time>
        <hdop>4.551</hdop>
      </trkpt>
      <trkpt lat="41.6050357" lon="1.8110817">
        <ele>1267</ele>
        <time>2019-02-25T13:08:35Z</time>
        <hdop>13.653</hdop>
      </trkpt>
      <trkpt lat="41.6050379" lon="1.811083">
        <ele>1267</ele>
        <time>2019-02-25T13:08:40Z</time>
        <hdop>15.17</hdop>
      </trkpt>
      <trkpt lat="41.6050376" lon="1.8110822">
        <ele>1267</ele>
        <time>2019-02-25T13:08:46Z</time>
        <hdop>15.17</hdop>
      </trkpt>
      <trkpt lat="41.6050372" lon="1.8110814">
        <ele>1267</ele>
        <time>2019-02-25T13:08:52Z</time>
        <hdop>15.17</hdop>
      </trkpt>
      <trkpt lat="41.6050373" lon="1.8110814">
        <ele>1267</ele>
        <time>2019-02-25T13:08:58Z</time>
        <hdop>15.17</hdop>
      </trkpt>
      <trkpt lat="41.6050373" lon="1.8110814">
        <ele>1267</ele>
        <time>2019-02-25T13:09:04Z</time>
        <hdop>13.653</hdop>
      </trkpt>
      <trkpt lat="41.6050319" lon="1.811047">
        <ele>1271</ele>
        <time>2019-02-25T13:09:09Z</time>
        <hdop>13.653</hdop>
        <extensions>
          <speed>0.16</speed>
        </extensions>
      </trkpt>
      <trkpt lat="41.6050323" lon="1.8110722">
        <ele>1267</ele>
        <time>2019-02-25T13:09:15Z</time>
        <hdop>13.653</hdop>
      </trkpt>
      <trkpt lat="41.6050298" lon="1.8110762">
        <ele>1268</ele>
        <time>2019-02-25T13:09:21Z</time>
        <hdop>13.653</hdop>
      </trkpt>
      <trkpt lat="41.6050224" lon="1.8110677">
        <ele>1269</ele>
        <time>2019-02-25T13:09:27Z</time>
        <hdop>13.653</hdop>
        <extensions>
          <speed>0.25</speed>
        </extensions>
      </trkpt>
      <trkpt lat="41.6050246" lon="1.8110692">
        <ele>1270</ele>
        <time>2019-02-25T13:09:33Z</time>
        <hdop>4.551</hdop>
      </trkpt>
      <trkpt lat="41.6050208" lon="1.8110671">
        <ele>1269</ele>
        <time>2019-02-25T13:09:38Z</time>
        <hdop>4.551</hdop>
        <extensions>
          <speed>0.51</speed>
        </extensions>
      </trkpt>
      <trkpt lat="41.6050257" lon="1.8110659">
        <ele>1270</ele>
        <time>2019-02-25T13:09:43Z</time>
        <hdop>4.551</hdop>
      </trkpt>
      <trkpt lat="41.6050333" lon="1.8110683">
        <ele>1268</ele>
        <time>2019-02-25T13:09:49Z</time>
        <hdop>4.551</hdop>
      </trkpt>
      <trkpt lat="41.6050257" lon="1.8110759">
        <ele>1270</ele>
        <time>2019-02-25T13:09:54Z</time>
        <hdop>4.551</hdop>
        <extensions>
          <speed>0.4</speed>
        </extensions>
      </trkpt>
      <trkpt lat="41.6050362" lon="1.8110613">
        <ele>1270</ele>
        <time>2019-02-25T13:09:59Z</time>
        <hdop>4.551</hdop>
        <extensions>
          <speed>0.17</speed>
        </extensions>
      </trkpt>
      <trkpt lat="41.6050338" lon="1.8110692">
        <ele>1270</ele>
        <time>2019-02-25T13:10:05Z</time>
        <hdop>4.551</hdop>
      </trkpt>
      <trkpt lat="41.6050155" lon="1.811084">
        <ele>1269</ele>
        <time>2019-02-25T13:10:11Z</time>
        <hdop>4.551</hdop>
        <extensions>
          <speed>0.8</speed>
        </extensions>
      </trkpt>
      <trkpt lat="41.6050143" lon="1.8111104">
        <ele>1270</ele>
        <time>2019-02-25T13:10:17Z</time>
        <hdop>4.551</hdop>
      </trkpt>
      <trkpt lat="41.6050228" lon="1.8111022">
        <ele>1269</ele>
        <time>2019-02-25T13:10:23Z</time>
        <hdop>4.551</hdop>
      </trkpt>
      <trkpt lat="41.6050193" lon="1.8110844">
        <ele>1268</ele>
        <time>2019-02-25T13:10:29Z</time>
        <hdop>4.551</hdop>
      </trkpt>
      <trkpt lat="41.6050171" lon="1.8110942">
        <ele>1267</ele>
        <time>2019-02-25T13:10:35Z</time>
        <hdop>4.551</hdop>
        <extensions>
          <speed>0.2</speed>
        </extensions>
      </trkpt>
      <trkpt lat="41.6050183" lon="1.8110953">
        <ele>1267</ele>
        <time>2019-02-25T13:10:41Z</time>
        <hdop>4.551</hdop>
      </trkpt>
      <trkpt lat="41.60502" lon="1.8110991">
        <ele>1268</ele>
        <time>2019-02-25T13:10:47Z</time>
        <hdop>4.551</hdop>
      </trkpt>
      <trkpt lat="41.6050239" lon="1.8111014">
        <ele>1269</ele>
        <time>2019-02-25T13:10:52Z</time>
        <hdop>4.551</hdop>
        <extensions>
          <speed>0.38</speed>
        </extensions>
      </trkpt>
      <trkpt lat="41.6050296" lon="1.8110848">
        <ele>1269</ele>
        <time>2019-02-25T13:10:57Z</time>
        <hdop>4.551</hdop>
      </trkpt>
      <trkpt lat="41.6050306" lon="1.8110837">
        <ele>1269</ele>
        <time>2019-02-25T13:11:03Z</time>
        <hdop>4.551</hdop>
      </trkpt>
      <trkpt lat="41.6050232" lon="1.8110768">
        <ele>1269</ele>
        <time>2019-02-25T13:11:08Z</time>
        <hdop>4.551</hdop>
        <extensions>
          <speed>0.32</speed>
        </extensions>
      </trkpt>
      <trkpt lat="41.6050251" lon="1.8110781">
        <ele>1269</ele>
        <time>2019-02-25T13:11:14Z</time>
        <hdop>4.551</hdop>
        <extensions>
          <speed>0.29</speed>
        </extensions>
      </trkpt>
      <trkpt lat="41.6050191" lon="1.8110843">
        <ele>1271</ele>
        <time>2019-02-25T13:11:19Z</time>
        <hdop>4.551</hdop>
        <extensions>
          <speed>0.27</speed>
        </extensions>
      </trkpt>
      <trkpt lat="41.6050176" lon="1.811078">
        <ele>1271</ele>
        <time>2019-02-25T13:11:25Z</time>
        <hdop>4.551</hdop>
        <extensions>
          <speed>0.26</speed>
        </extensions>
      </trkpt>
      <trkpt lat="41.605027" lon="1.811083">
        <ele>1270</ele>
        <time>2019-02-25T13:11:31Z</time>
        <hdop>4.551</hdop>
      </trkpt>
      <trkpt lat="41.6050324" lon="1.8110818">
        <ele>1271</ele>
        <time>2019-02-25T13:11:36Z</time>
        <hdop>4.551</hdop>
      </trkpt>
      <trkpt lat="41.6050414" lon="1.8110853">
        <ele>1271</ele>
        <time>2019-02-25T13:11:41Z</time>
        <hdop>4.551</hdop>
        <extensions>
          <speed>0.56</speed>
        </extensions>
      </trkpt>
      <trkpt lat="41.6050555" lon="1.8110841">
        <ele>1270</ele>
        <time>2019-02-25T13:11:46Z</time>
        <hdop>4.551</hdop>
        <extensions>
          <speed>0.64</speed>
        </extensions>
      </trkpt>
      <trkpt lat="41.6050478" lon="1.8110799">
        <ele>1268</ele>
        <time>2019-02-25T13:11:52Z</time>
        <hdop>4.551</hdop>
      </trkpt>
      <trkpt lat="41.605043" lon="1.8110765">
        <ele>1269</ele>
        <time>2019-02-25T13:11:57Z</time>
        <hdop>4.551</hdop>
        <extensions>
          <speed>0.44</speed>
        </extensions>
      </trkpt>
      <trkpt lat="41.6050366" lon="1.8110807">
        <ele>1268</ele>
        <time>2019-02-25T13:12:03Z</time>
        <hdop>4.551</hdop>
      </trkpt>
      <trkpt lat="41.6050299" lon="1.8110813">
        <ele>1267</ele>
        <time>2019-02-25T13:12:08Z</time>
        <hdop>4.551</hdop>
      </trkpt>
      <trkpt lat="41.6050187" lon="1.8110679">
        <ele>1267</ele>
        <time>2019-02-25T13:12:14Z</time>
        <hdop>4.551</hdop>
      </trkpt>
      <trkpt lat="41.6050198" lon="1.8110665">
        <ele>1268</ele>
        <time>2019-02-25T13:12:20Z</time>
        <hdop>4.551</hdop>
      </trkpt>
      <trkpt lat="41.605021" lon="1.8110673">
        <ele>1268</ele>
        <time>2019-02-25T13:12:26Z</time>
        <hdop>4.551</hdop>
      </trkpt>
      <trkpt lat="41.6050209" lon="1.8110673">
        <ele>1268</ele>
        <time>2019-02-25T13:12:31Z</time>
        <hdop>4.551</hdop>
      </trkpt>
      <trkpt lat="41.6050238" lon="1.8110698">
        <ele>1268</ele>
        <time>2019-02-25T13:12:37Z</time>
        <hdop>4.551</hdop>
        <extensions>
          <speed>0.28</speed>
        </extensions>
      </trkpt>
      <trkpt lat="41.6050162" lon="1.8110666">
        <ele>1267</ele>
        <time>2019-02-25T13:12:43Z</time>
        <hdop>4.551</hdop>
      </trkpt>
      <trkpt lat="41.6050297" lon="1.8110658">
        <ele>1269</ele>
        <time>2019-02-25T13:12:49Z</time>
        <hdop>4.551</hdop>
      </trkpt>
      <trkpt lat="41.6050295" lon="1.8110603">
        <ele>1269</ele>
        <time>2019-02-25T13:12:54Z</time>
        <hdop>4.551</hdop>
      </trkpt>
      <trkpt lat="41.605032" lon="1.8110655">
        <ele>1269</ele>
        <time>2019-02-25T13:13:00Z</time>
        <hdop>4.551</hdop>
      </trkpt>
      <trkpt lat="41.6050303" lon="1.8110743">
        <ele>1269</ele>
        <time>2019-02-25T13:13:06Z</time>
        <hdop>4.551</hdop>
        <extensions>
          <speed>0.68</speed>
        </extensions>
      </trkpt>
      <trkpt lat="41.6050283" lon="1.8110728">
        <ele>1269</ele>
        <time>2019-02-25T13:13:11Z</time>
        <hdop>4.551</hdop>
      </trkpt>
      <trkpt lat="41.6050309" lon="1.811082">
        <ele>1268</ele>
        <time>2019-02-25T13:13:16Z</time>
        <hdop>4.551</hdop>
      </trkpt>
      <trkpt lat="41.6050316" lon="1.8110823">
        <ele>1268</ele>
        <time>2019-02-25T13:13:22Z</time>
        <hdop>4.551</hdop>
      </trkpt>
      <trkpt lat="41.6050316" lon="1.8110823">
        <ele>1268</ele>
        <time>2019-02-25T13:13:27Z</time>
        <hdop>4.551</hdop>
      </trkpt>
      <trkpt lat="41.6050316" lon="1.8110824">
        <ele>1268</ele>
        <time>2019-02-25T13:13:33Z</time>
        <hdop>4.551</hdop>
      </trkpt>
      <trkpt lat="41.6050316" lon="1.8110824">
        <ele>1268</ele>
        <time>2019-02-25T13:13:38Z</time>
        <hdop>4.551</hdop>
      </trkpt>
      <trkpt lat="41.6050315" lon="1.8110824">
        <ele>1268</ele>
        <time>2019-02-25T13:13:44Z</time>
        <hdop>4.551</hdop>
      </trkpt>
      <trkpt lat="41.6050315" lon="1.8110824">
        <ele>1268</ele>
        <time>2019-02-25T13:13:49Z</time>
        <hdop>4.551</hdop>
      </trkpt>
      <trkpt lat="41.6050315" lon="1.8110824">
        <ele>1268</ele>
        <time>2019-02-25T13:13:55Z</time>
        <hdop>4.551</hdop>
      </trkpt>
      <trkpt lat="41.6050314" lon="1.8110824">
        <ele>1268</ele>
        <time>2019-02-25T13:14:01Z</time>
        <hdop>4.551</hdop>
      </trkpt>
      <trkpt lat="41.6050284" lon="1.8110765">
        <ele>1268</ele>
        <time>2019-02-25T13:14:07Z</time>
        <hdop>4.551</hdop>
      </trkpt>
      <trkpt lat="41.6050309" lon="1.8110821">
        <ele>1268</ele>
        <time>2019-02-25T13:14:13Z</time>
        <hdop>4.551</hdop>
      </trkpt>
      <trkpt lat="41.6050307" lon="1.8110827">
        <ele>1268</ele>
        <time>2019-02-25T13:14:18Z</time>
        <hdop>4.551</hdop>
      </trkpt>
      <trkpt lat="41.605033" lon="1.8110908">
        <ele>1267</ele>
        <time>2019-02-25T13:14:23Z</time>
        <hdop>4.551</hdop>
      </trkpt>
      <trkpt lat="41.605031" lon="1.8110935">
        <ele>1267</ele>
        <time>2019-02-25T13:14:29Z</time>
        <hdop>4.551</hdop>
      </trkpt>
      <trkpt lat="41.6050259" lon="1.8110874">
        <ele>1268</ele>
        <time>2019-02-25T13:14:35Z</time>
        <hdop>4.551</hdop>
      </trkpt>
      <trkpt lat="41.6050257" lon="1.811087">
        <ele>1268</ele>
        <time>2019-02-25T13:14:41Z</time>
        <hdop>4.551</hdop>
      </trkpt>
      <trkpt lat="41.6050319" lon="1.8110835">
        <ele>1268</ele>
        <time>2019-02-25T13:14:47Z</time>
        <hdop>4.551</hdop>
      </trkpt>
      <trkpt lat="41.6050316" lon="1.8110816">
        <ele>1269</ele>
        <time>2019-02-25T13:14:52Z</time>
        <hdop>4.551</hdop>
      </trkpt>
      <trkpt lat="41.6050315" lon="1.8110834">
        <ele>1269</ele>
        <time>2019-02-25T13:14:58Z</time>
        <hdop>4.551</hdop>
      </trkpt>
      <trkpt lat="41.6050315" lon="1.8110834">
        <ele>1269</ele>
        <time>2019-02-25T13:15:04Z</time>
        <hdop>4.551</hdop>
      </trkpt>
      <trkpt lat="41.6050315" lon="1.8110835">
        <ele>1269</ele>
        <time>2019-02-25T13:15:09Z</time>
        <hdop>4.551</hdop>
      </trkpt>
      <trkpt lat="41.6050308" lon="1.8110834">
        <ele>1268</ele>
        <time>2019-02-25T13:15:15Z</time>
        <hdop>4.551</hdop>
      </trkpt>
      <trkpt lat="41.6050311" lon="1.8110835">
        <ele>1268</ele>
        <time>2019-02-25T13:15:21Z</time>
        <hdop>4.551</hdop>
      </trkpt>
      <trkpt lat="41.6050334" lon="1.8110826">
        <ele>1268</ele>
        <time>2019-02-25T13:15:27Z</time>
        <hdop>4.551</hdop>
      </trkpt>
      <trkpt lat="41.6050336" lon="1.8110823">
        <ele>1268</ele>
        <time>2019-02-25T13:15:33Z</time>
        <hdop>4.551</hdop>
      </trkpt>
      <trkpt lat="41.6050335" lon="1.8110822">
        <ele>1268</ele>
        <time>2019-02-25T13:15:38Z</time>
        <hdop>4.551</hdop>
      </trkpt>
      <trkpt lat="41.6050334" lon="1.8110822">
        <ele>1268</ele>
        <time>2019-02-25T13:15:44Z</time>
        <hdop>4.551</hdop>
      </trkpt>
      <trkpt lat="41.6050335" lon="1.8110822">
        <ele>1268</ele>
        <time>2019-02-25T13:15:50Z</time>
        <hdop>4.551</hdop>
      </trkpt>
      <trkpt lat="41.6050335" lon="1.8110822">
        <ele>1268</ele>
        <time>2019-02-25T13:15:56Z</time>
        <hdop>4.551</hdop>
      </trkpt>
      <trkpt lat="41.6050204" lon="1.8110701">
        <ele>1269</ele>
        <time>2019-02-25T13:16:02Z</time>
        <hdop>4.551</hdop>
      </trkpt>
      <trkpt lat="41.605017" lon="1.8110742">
        <ele>1269</ele>
        <time>2019-02-25T13:16:07Z</time>
        <hdop>4.551</hdop>
      </trkpt>
      <trkpt lat="41.6050169" lon="1.8110584">
        <ele>1269</ele>
        <time>2019-02-25T13:16:13Z</time>
        <hdop>4.551</hdop>
      </trkpt>
      <trkpt lat="41.6050192" lon="1.811054">
        <ele>1269</ele>
        <time>2019-02-25T13:16:19Z</time>
        <hdop>4.551</hdop>
      </trkpt>
      <trkpt lat="41.6050194" lon="1.8110539">
        <ele>1269</ele>
        <time>2019-02-25T13:16:25Z</time>
        <hdop>4.551</hdop>
      </trkpt>
      <trkpt lat="41.6050195" lon="1.811054">
        <ele>1269</ele>
        <time>2019-02-25T13:16:31Z</time>
        <hdop>7.585</hdop>
      </trkpt>
      <trkpt lat="41.6050195" lon="1.811054">
        <ele>1269</ele>
        <time>2019-02-25T13:16:36Z</time>
        <hdop>9.102</hdop>
      </trkpt>
      <trkpt lat="41.6050195" lon="1.811054">
        <ele>1269</ele>
        <time>2019-02-25T13:16:41Z</time>
        <hdop>9.102</hdop>
      </trkpt>
      <trkpt lat="41.6050195" lon="1.8110541">
        <ele>1269</ele>
        <time>2019-02-25T13:16:47Z</time>
        <hdop>6.068</hdop>
      </trkpt>
      <trkpt lat="41.6050195" lon="1.8110542">
        <ele>1269</ele>
        <time>2019-02-25T13:16:53Z</time>
        <hdop>6.068</hdop>
      </trkpt>
      <trkpt lat="41.6050194" lon="1.8110542">
        <ele>1269</ele>
        <time>2019-02-25T13:16:59Z</time>
        <hdop>4.551</hdop>
      </trkpt>
      <trkpt lat="41.6050196" lon="1.8110544">
        <ele>1269</ele>
        <time>2019-02-25T13:17:04Z</time>
        <hdop>4.551</hdop>
      </trkpt>
      <trkpt lat="41.6050195" lon="1.8110544">
        <ele>1269</ele>
        <time>2019-02-25T13:17:10Z</time>
        <hdop>4.551</hdop>
      </trkpt>
      <trkpt lat="41.6050195" lon="1.8110544">
        <ele>1269</ele>
        <time>2019-02-25T13:17:15Z</time>
        <hdop>4.551</hdop>
      </trkpt>
      <trkpt lat="41.6050196" lon="1.8110544">
        <ele>1269</ele>
        <time>2019-02-25T13:17:21Z</time>
        <hdop>4.551</hdop>
      </trkpt>
      <trkpt lat="41.6050196" lon="1.8110544">
        <ele>1269</ele>
        <time>2019-02-25T13:17:26Z</time>
        <hdop>4.551</hdop>
      </trkpt>
      <trkpt lat="41.6050228" lon="1.8110573">
        <ele>1270</ele>
        <time>2019-02-25T13:17:31Z</time>
        <hdop>4.551</hdop>
        <extensions>
          <speed>0.22</speed>
        </extensions>
      </trkpt>
      <trkpt lat="41.6050208" lon="1.8110655">
        <ele>1269</ele>
        <time>2019-02-25T13:17:37Z</time>
        <hdop>4.551</hdop>
      </trkpt>
      <trkpt lat="41.6050274" lon="1.8110802">
        <ele>1269</ele>
        <time>2019-02-25T13:17:42Z</time>
        <hdop>4.551</hdop>
      </trkpt>
      <trkpt lat="41.6050258" lon="1.81108">
        <ele>1270</ele>
        <time>2019-02-25T13:17:48Z</time>
        <hdop>4.551</hdop>
      </trkpt>
      <trkpt lat="41.6050251" lon="1.8110856">
        <ele>1268</ele>
        <time>2019-02-25T13:17:54Z</time>
        <hdop>4.551</hdop>
      </trkpt>
      <trkpt lat="41.6050291" lon="1.8110887">
        <ele>1267</ele>
        <time>2019-02-25T13:17:59Z</time>
        <hdop>4.551</hdop>
        <extensions>
          <speed>0.45</speed>
        </extensions>
      </trkpt>
      <trkpt lat="41.605034" lon="1.8110874">
        <ele>1268</ele>
        <time>2019-02-25T13:18:05Z</time>
        <hdop>4.551</hdop>
      </trkpt>
      <trkpt lat="41.6050355" lon="1.8110852">
        <ele>1268</ele>
        <time>2019-02-25T13:18:11Z</time>
        <hdop>4.551</hdop>
      </trkpt>
      <trkpt lat="41.6050356" lon="1.811085">
        <ele>1268</ele>
        <time>2019-02-25T13:18:16Z</time>
        <hdop>4.551</hdop>
      </trkpt>
      <trkpt lat="41.6050356" lon="1.8110851">
        <ele>1268</ele>
        <time>2019-02-25T13:18:22Z</time>
        <hdop>4.551</hdop>
      </trkpt>
      <trkpt lat="41.6050356" lon="1.8110851">
        <ele>1268</ele>
        <time>2019-02-25T13:18:27Z</time>
        <hdop>4.551</hdop>
      </trkpt>
      <trkpt lat="41.6050356" lon="1.8110851">
        <ele>1268</ele>
        <time>2019-02-25T13:18:33Z</time>
        <hdop>4.551</hdop>
      </trkpt>
      <trkpt lat="41.6050356" lon="1.8110851">
        <ele>1268</ele>
        <time>2019-02-25T13:18:39Z</time>
        <hdop>4.551</hdop>
      </trkpt>
      <trkpt lat="41.6050356" lon="1.8110851">
        <ele>1268</ele>
        <time>2019-02-25T13:18:44Z</time>
        <hdop>4.551</hdop>
      </trkpt>
      <trkpt lat="41.6050356" lon="1.8110851">
        <ele>1268</ele>
        <time>2019-02-25T13:18:49Z</time>
        <hdop>4.551</hdop>
      </trkpt>
      <trkpt lat="41.6050356" lon="1.8110851">
        <ele>1268</ele>
        <time>2019-02-25T13:18:55Z</time>
        <hdop>4.551</hdop>
      </trkpt>
      <trkpt lat="41.6050356" lon="1.8110851">
        <ele>1268</ele>
        <time>2019-02-25T13:19:00Z</time>
        <hdop>4.551</hdop>
      </trkpt>
      <trkpt lat="41.6050349" lon="1.8110819">
        <ele>1269</ele>
        <time>2019-02-25T13:19:06Z</time>
        <hdop>4.551</hdop>
      </trkpt>
      <trkpt lat="41.6050279" lon="1.8110791">
        <ele>1269</ele>
        <time>2019-02-25T13:19:12Z</time>
        <hdop>4.551</hdop>
      </trkpt>
      <trkpt lat="41.6050336" lon="1.8110867">
        <ele>1269</ele>
        <time>2019-02-25T13:19:17Z</time>
        <hdop>4.551</hdop>
      </trkpt>
      <trkpt lat="41.6050365" lon="1.8110837">
        <ele>1269</ele>
        <time>2019-02-25T13:19:23Z</time>
        <hdop>4.551</hdop>
      </trkpt>
      <trkpt lat="41.6050354" lon="1.8110843">
        <ele>1269</ele>
        <time>2019-02-25T13:19:28Z</time>
        <hdop>4.551</hdop>
      </trkpt>
      <trkpt lat="41.6050351" lon="1.8110844">
        <ele>1269</ele>
        <time>2019-02-25T13:19:34Z</time>
        <hdop>4.551</hdop>
      </trkpt>
      <trkpt lat="41.6050351" lon="1.8110844">
        <ele>1269</ele>
        <time>2019-02-25T13:19:40Z</time>
        <hdop>4.551</hdop>
      </trkpt>
      <trkpt lat="41.6050351" lon="1.811087">
        <ele>1268</ele>
        <time>2019-02-25T13:19:45Z</time>
        <hdop>4.551</hdop>
      </trkpt>
      <trkpt lat="41.6050399" lon="1.8110917">
        <ele>1268</ele>
        <time>2019-02-25T13:19:51Z</time>
        <hdop>4.551</hdop>
      </trkpt>
      <trkpt lat="41.6050435" lon="1.8110926">
        <ele>1268</ele>
        <time>2019-02-25T13:19:57Z</time>
        <hdop>4.551</hdop>
      </trkpt>
      <trkpt lat="41.6050424" lon="1.8110911">
        <ele>1268</ele>
        <time>2019-02-25T13:20:03Z</time>
        <hdop>4.551</hdop>
      </trkpt>
      <trkpt lat="41.6050424" lon="1.8110912">
        <ele>1268</ele>
        <time>2019-02-25T13:20:09Z</time>
        <hdop>4.551</hdop>
      </trkpt>
      <trkpt lat="41.6050393" lon="1.8110905">
        <ele>1268</ele>
        <time>2019-02-25T13:20:15Z</time>
        <hdop>4.551</hdop>
        <extensions>
          <speed>0.49</speed>
        </extensions>
      </trkpt>
      <trkpt lat="41.6050353" lon="1.8110897">
        <ele>1268</ele>
        <time>2019-02-25T13:20:20Z</time>
        <hdop>4.551</hdop>
      </trkpt>
      <trkpt lat="41.6050321" lon="1.8110872">
        <ele>1268</ele>
        <time>2019-02-25T13:20:26Z</time>
        <hdop>4.551</hdop>
      </trkpt>
      <trkpt lat="41.6050312" lon="1.8110864">
        <ele>1268</ele>
        <time>2019-02-25T13:20:31Z</time>
        <hdop>4.551</hdop>
      </trkpt>
      <trkpt lat="41.6050312" lon="1.8110863">
        <ele>1268</ele>
        <time>2019-02-25T13:20:37Z</time>
        <hdop>4.551</hdop>
      </trkpt>
      <trkpt lat="41.6050311" lon="1.8110863">
        <ele>1268</ele>
        <time>2019-02-25T13:20:43Z</time>
        <hdop>4.551</hdop>
      </trkpt>
      <trkpt lat="41.6050311" lon="1.8110862">
        <ele>1268</ele>
        <time>2019-02-25T13:20:48Z</time>
        <hdop>4.551</hdop>
      </trkpt>
      <trkpt lat="41.6050311" lon="1.8110862">
        <ele>1268</ele>
        <time>2019-02-25T13:20:53Z</time>
        <hdop>4.551</hdop>
      </trkpt>
      <trkpt lat="41.6050311" lon="1.8110861">
        <ele>1268</ele>
        <time>2019-02-25T13:20:59Z</time>
        <hdop>4.551</hdop>
      </trkpt>
      <trkpt lat="41.6050311" lon="1.8110861">
        <ele>1268</ele>
        <time>2019-02-25T13:21:04Z</time>
        <hdop>4.551</hdop>
      </trkpt>
      <trkpt lat="41.6050346" lon="1.8110861">
        <ele>1268</ele>
        <time>2019-02-25T13:21:10Z</time>
        <hdop>4.551</hdop>
      </trkpt>
      <trkpt lat="41.6050078" lon="1.811124">
        <ele>1267</ele>
        <time>2019-02-25T13:21:16Z</time>
        <hdop>4.551</hdop>
        <extensions>
          <speed>0.63</speed>
        </extensions>
      </trkpt>
      <trkpt lat="41.6050126" lon="1.811133">
        <ele>1268</ele>
        <time>2019-02-25T13:21:21Z</time>
        <hdop>4.551</hdop>
      </trkpt>
      <trkpt lat="41.6050218" lon="1.811133">
        <ele>1268</ele>
        <time>2019-02-25T13:21:27Z</time>
        <hdop>4.551</hdop>
        <extensions>
          <speed>1.02</speed>
        </extensions>
      </trkpt>
      <trkpt lat="41.6050662" lon="1.8111539">
        <ele>1269</ele>
        <time>2019-02-25T13:21:33Z</time>
        <hdop>4.551</hdop>
        <extensions>
          <speed>1.04</speed>
        </extensions>
      </trkpt>
      <trkpt lat="41.6051149" lon="1.8111686">
        <ele>1271</ele>
        <time>2019-02-25T13:21:38Z</time>
        <hdop>4.551</hdop>
        <extensions>
          <speed>0.68</speed>
        </extensions>
      </trkpt>
      <trkpt lat="41.6051105" lon="1.8111607">
        <ele>1272</ele>
        <time>2019-02-25T13:21:44Z</time>
        <hdop>4.551</hdop>
      </trkpt>
      <trkpt lat="41.6051284" lon="1.8111693">
        <ele>1272</ele>
        <time>2019-02-25T13:21:50Z</time>
        <hdop>4.551</hdop>
      </trkpt>
      <trkpt lat="41.6051356" lon="1.8111567">
        <ele>1272</ele>
        <time>2019-02-25T13:21:56Z</time>
        <hdop>4.551</hdop>
      </trkpt>
      <trkpt lat="41.6051365" lon="1.8111669">
        <ele>1272</ele>
        <time>2019-02-25T13:22:01Z</time>
        <hdop>4.551</hdop>
      </trkpt>
      <trkpt lat="41.605128" lon="1.8111786">
        <ele>1273</ele>
        <time>2019-02-25T13:22:07Z</time>
        <hdop>4.551</hdop>
        <extensions>
          <speed>0.71</speed>
        </extensions>
      </trkpt>
      <trkpt lat="41.6051266" lon="1.8111888">
        <ele>1273</ele>
        <time>2019-02-25T13:22:12Z</time>
        <hdop>4.551</hdop>
      </trkpt>
      <trkpt lat="41.6051364" lon="1.8112026">
        <ele>1272</ele>
        <time>2019-02-25T13:22:18Z</time>
        <hdop>4.551</hdop>
      </trkpt>
      <trkpt lat="41.6051715" lon="1.8112504">
        <ele>1273</ele>
        <time>2019-02-25T13:22:23Z</time>
        <hdop>4.551</hdop>
        <extensions>
          <speed>1.83</speed>
        </extensions>
      </trkpt>
      <trkpt lat="41.605203" lon="1.8113174">
        <ele>1273</ele>
        <time>2019-02-25T13:22:29Z</time>
        <hdop>4.551</hdop>
        <extensions>
          <speed>0.6</speed>
        </extensions>
      </trkpt>
      <trkpt lat="41.6052253" lon="1.8113338">
        <ele>1274</ele>
        <time>2019-02-25T13:22:35Z</time>
        <hdop>4.551</hdop>
        <extensions>
          <speed>0.38</speed>
        </extensions>
      </trkpt>
      <trkpt lat="41.6052581" lon="1.8113443">
        <ele>1274</ele>
        <time>2019-02-25T13:22:40Z</time>
        <hdop>4.551</hdop>
        <extensions>
          <speed>0.68</speed>
        </extensions>
      </trkpt>
      <trkpt lat="41.6052642" lon="1.8113347">
        <ele>1273</ele>
        <time>2019-02-25T13:22:46Z</time>
        <hdop>4.551</hdop>
      </trkpt>
      <trkpt lat="41.6052689" lon="1.8113305">
        <ele>1274</ele>
        <time>2019-02-25T13:22:52Z</time>
        <hdop>4.551</hdop>
      </trkpt>
      <trkpt lat="41.6052427" lon="1.8113699">
        <ele>1275</ele>
        <time>2019-02-25T13:22:58Z</time>
        <hdop>4.551</hdop>
        <extensions>
          <speed>0.86</speed>
        </extensions>
      </trkpt>
      <trkpt lat="41.6052172" lon="1.8114346">
        <ele>1275</ele>
        <time>2019-02-25T13:23:03Z</time>
        <hdop>4.551</hdop>
        <extensions>
          <speed>1</speed>
        </extensions>
      </trkpt>
      <trkpt lat="41.60522" lon="1.8114941">
        <ele>1276</ele>
        <time>2019-02-25T13:23:08Z</time>
        <hdop>4.551</hdop>
        <extensions>
          <speed>1</speed>
        </extensions>
      </trkpt>
      <trkpt lat="41.6052035" lon="1.8115296">
        <ele>1277</ele>
        <time>2019-02-25T13:23:13Z</time>
        <hdop>4.551</hdop>
        <extensions>
          <speed>1.17</speed>
        </extensions>
      </trkpt>
      <trkpt lat="41.6051869" lon="1.8115344">
        <ele>1277</ele>
        <time>2019-02-25T13:23:18Z</time>
        <hdop>4.551</hdop>
      </trkpt>
      <trkpt lat="41.605145" lon="1.8115693">
        <ele>1276</ele>
        <time>2019-02-25T13:23:24Z</time>
        <hdop>4.551</hdop>
        <extensions>
          <speed>1.75</speed>
        </extensions>
      </trkpt>
      <trkpt lat="41.60509" lon="1.8115832">
        <ele>1274</ele>
        <time>2019-02-25T13:23:29Z</time>
        <hdop>4.551</hdop>
        <extensions>
          <speed>1.05</speed>
        </extensions>
      </trkpt>
      <trkpt lat="41.6050641" lon="1.8115856">
        <ele>1274</ele>
        <time>2019-02-25T13:23:35Z</time>
        <hdop>4.551</hdop>
        <extensions>
          <speed>0.71</speed>
        </extensions>
      </trkpt>
      <trkpt lat="41.6050112" lon="1.8115972">
        <ele>1272</ele>
        <time>2019-02-25T13:23:41Z</time>
        <hdop>4.551</hdop>
        <extensions>
          <speed>0.62</speed>
        </extensions>
      </trkpt>
      <trkpt lat="41.604977" lon="1.811605">
        <ele>1271</ele>
        <time>2019-02-25T13:23:46Z</time>
        <hdop>4.551</hdop>
        <extensions>
          <speed>0.73</speed>
        </extensions>
      </trkpt>
      <trkpt lat="41.6049458" lon="1.8116141">
        <ele>1268</ele>
        <time>2019-02-25T13:23:51Z</time>
        <hdop>4.551</hdop>
        <extensions>
          <speed>0.78</speed>
        </extensions>
      </trkpt>
      <trkpt lat="41.6048875" lon="1.8116151">
        <ele>1265</ele>
        <time>2019-02-25T13:23:57Z</time>
        <hdop>4.551</hdop>
        <extensions>
          <speed>1.15</speed>
        </extensions>
      </trkpt>
      <trkpt lat="41.6048448" lon="1.811617">
        <ele>1265</ele>
        <time>2019-02-25T13:24:02Z</time>
        <hdop>4.551</hdop>
        <extensions>
          <speed>0.39</speed>
        </extensions>
      </trkpt>
      <trkpt lat="41.6048011" lon="1.8116117">
        <ele>1264</ele>
        <time>2019-02-25T13:24:08Z</time>
        <hdop>4.551</hdop>
        <extensions>
          <speed>0.89</speed>
        </extensions>
      </trkpt>
      <trkpt lat="41.6047589" lon="1.8116169">
        <ele>1262</ele>
        <time>2019-02-25T13:24:13Z</time>
        <hdop>4.551</hdop>
        <extensions>
          <speed>1.04</speed>
        </extensions>
      </trkpt>
      <trkpt lat="41.6047058" lon="1.8116172">
        <ele>1259</ele>
        <time>2019-02-25T13:24:18Z</time>
        <hdop>4.551</hdop>
        <extensions>
          <speed>0.97</speed>
        </extensions>
      </trkpt>
      <trkpt lat="41.6046463" lon="1.8116205">
        <ele>1256</ele>
        <time>2019-02-25T13:24:23Z</time>
        <hdop>4.551</hdop>
        <extensions>
          <speed>0.99</speed>
        </extensions>
      </trkpt>
      <trkpt lat="41.6046239" lon="1.8116248">
        <ele>1257</ele>
        <time>2019-02-25T13:24:29Z</time>
        <hdop>4.551</hdop>
      </trkpt>
      <trkpt lat="41.60463" lon="1.8116123">
        <ele>1257</ele>
        <time>2019-02-25T13:24:34Z</time>
        <hdop>4.551</hdop>
        <extensions>
          <speed>0.71</speed>
        </extensions>
      </trkpt>
      <trkpt lat="41.6046172" lon="1.8115833">
        <ele>1257</ele>
        <time>2019-02-25T13:24:40Z</time>
        <hdop>4.551</hdop>
        <extensions>
          <speed>0.38</speed>
        </extensions>
      </trkpt>
      <trkpt lat="41.6046023" lon="1.8115946">
        <ele>1256</ele>
        <time>2019-02-25T13:24:45Z</time>
        <hdop>4.551</hdop>
      </trkpt>
      <trkpt lat="41.6046036" lon="1.8115973">
        <ele>1256</ele>
        <time>2019-02-25T13:24:51Z</time>
        <hdop>4.551</hdop>
      </trkpt>
      <trkpt lat="41.60459" lon="1.8115941">
        <ele>1255</ele>
        <time>2019-02-25T13:24:57Z</time>
        <hdop>4.551</hdop>
        <extensions>
          <speed>0.79</speed>
        </extensions>
      </trkpt>
      <trkpt lat="41.6045411" lon="1.8115828">
        <ele>1255</ele>
        <time>2019-02-25T13:25:02Z</time>
        <hdop>4.551</hdop>
        <extensions>
          <speed>1.1</speed>
        </extensions>
      </trkpt>
      <trkpt lat="41.6044656" lon="1.8115703">
        <ele>1250</ele>
        <time>2019-02-25T13:25:08Z</time>
        <hdop>4.551</hdop>
        <extensions>
          <speed>1.11</speed>
        </extensions>
      </trkpt>
      <trkpt lat="41.6044337" lon="1.8115898">
        <ele>1248</ele>
        <time>2019-02-25T13:25:13Z</time>
        <hdop>4.551</hdop>
        <extensions>
          <speed>1.35</speed>
        </extensions>
      </trkpt>
      <trkpt lat="41.6044013" lon="1.8116254">
        <ele>1248</ele>
        <time>2019-02-25T13:25:19Z</time>
        <hdop>4.551</hdop>
        <extensions>
          <speed>0.61</speed>
        </extensions>
      </trkpt>
      <trkpt lat="41.6043839" lon="1.8116604">
        <ele>1248</ele>
        <time>2019-02-25T13:25:25Z</time>
        <hdop>4.551</hdop>
        <extensions>
          <speed>1.24</speed>
        </extensions>
      </trkpt>
      <trkpt lat="41.6043399" lon="1.8117286">
        <ele>1247</ele>
        <time>2019-02-25T13:25:31Z</time>
        <hdop>4.551</hdop>
        <extensions>
          <speed>1.65</speed>
        </extensions>
      </trkpt>
      <trkpt lat="41.6042928" lon="1.811716">
        <ele>1247</ele>
        <time>2019-02-25T13:25:36Z</time>
        <hdop>4.551</hdop>
        <extensions>
          <speed>1.24</speed>
        </extensions>
      </trkpt>
      <trkpt lat="41.6042569" lon="1.8117446">
        <ele>1246</ele>
        <time>2019-02-25T13:25:42Z</time>
        <hdop>4.551</hdop>
        <extensions>
          <speed>0.24</speed>
        </extensions>
      </trkpt>
      <trkpt lat="41.6042405" lon="1.8117753">
        <ele>1244</ele>
        <time>2019-02-25T13:25:48Z</time>
        <hdop>4.551</hdop>
      </trkpt>
      <trkpt lat="41.6041968" lon="1.8117918">
        <ele>1243</ele>
        <time>2019-02-25T13:25:54Z</time>
        <hdop>4.551</hdop>
        <extensions>
          <speed>1.3</speed>
        </extensions>
      </trkpt>
      <trkpt lat="41.6041259" lon="1.8118306">
        <ele>1240</ele>
        <time>2019-02-25T13:26:00Z</time>
        <hdop>4.551</hdop>
        <extensions>
          <speed>1.33</speed>
        </extensions>
      </trkpt>
      <trkpt lat="41.6040754" lon="1.811859">
        <ele>1238</ele>
        <time>2019-02-25T13:26:05Z</time>
        <hdop>4.551</hdop>
        <extensions>
          <speed>1.57</speed>
        </extensions>
      </trkpt>
      <trkpt lat="41.6039871" lon="1.8119212">
        <ele>1237</ele>
        <time>2019-02-25T13:26:11Z</time>
        <hdop>4.551</hdop>
        <extensions>
          <speed>2.4</speed>
        </extensions>
      </trkpt>
      <trkpt lat="41.6039021" lon="1.811966">
        <ele>1233</ele>
        <time>2019-02-25T13:26:17Z</time>
        <hdop>4.551</hdop>
        <extensions>
          <speed>1.11</speed>
        </extensions>
      </trkpt>
      <trkpt lat="41.6038721" lon="1.8119467">
        <ele>1230</ele>
        <time>2019-02-25T13:26:23Z</time>
        <hdop>4.551</hdop>
        <extensions>
          <speed>0.31</speed>
        </extensions>
      </trkpt>
      <trkpt lat="41.6037976" lon="1.8119879">
        <ele>1228</ele>
        <time>2019-02-25T13:26:29Z</time>
        <hdop>4.551</hdop>
        <extensions>
          <speed>2.13</speed>
        </extensions>
      </trkpt>
      <trkpt lat="41.6037353" lon="1.8120328">
        <ele>1227</ele>
        <time>2019-02-25T13:26:35Z</time>
        <hdop>4.551</hdop>
        <extensions>
          <speed>0.74</speed>
        </extensions>
      </trkpt>
      <trkpt lat="41.6036959" lon="1.8120565">
        <ele>1228</ele>
        <time>2019-02-25T13:26:41Z</time>
        <hdop>4.551</hdop>
        <extensions>
          <speed>1.04</speed>
        </extensions>
      </trkpt>
      <trkpt lat="41.6036391" lon="1.8121232">
        <ele>1227</ele>
        <time>2019-02-25T13:26:47Z</time>
        <hdop>4.551</hdop>
        <extensions>
          <speed>1</speed>
        </extensions>
      </trkpt>
      <trkpt lat="41.6035936" lon="1.8121445">
        <ele>1226</ele>
        <time>2019-02-25T13:26:52Z</time>
        <hdop>4.551</hdop>
        <extensions>
          <speed>1.08</speed>
        </extensions>
      </trkpt>
      <trkpt lat="41.6035088" lon="1.8121253">
        <ele>1224</ele>
        <time>2019-02-25T13:26:58Z</time>
        <hdop>4.551</hdop>
        <extensions>
          <speed>1.62</speed>
        </extensions>
      </trkpt>
      <trkpt lat="41.603419" lon="1.8121047">
        <ele>1224</ele>
        <time>2019-02-25T13:27:04Z</time>
        <hdop>4.551</hdop>
        <extensions>
          <speed>1.44</speed>
        </extensions>
      </trkpt>
      <trkpt lat="41.6033693" lon="1.8121244">
        <ele>1225</ele>
        <time>2019-02-25T13:27:09Z</time>
        <hdop>4.551</hdop>
        <extensions>
          <speed>0.49</speed>
        </extensions>
      </trkpt>
      <trkpt lat="41.6033202" lon="1.8121687">
        <ele>1223</ele>
        <time>2019-02-25T13:27:15Z</time>
        <hdop>4.551</hdop>
        <extensions>
          <speed>1.2</speed>
        </extensions>
      </trkpt>
      <trkpt lat="41.6032767" lon="1.8121845">
        <ele>1220</ele>
        <time>2019-02-25T13:27:21Z</time>
        <hdop>4.551</hdop>
        <extensions>
          <speed>1.21</speed>
        </extensions>
      </trkpt>
      <trkpt lat="41.6032154" lon="1.8121402">
        <ele>1218</ele>
        <time>2019-02-25T13:27:26Z</time>
        <hdop>4.551</hdop>
        <extensions>
          <speed>0.96</speed>
        </extensions>
      </trkpt>
      <trkpt lat="41.6031845" lon="1.8121248">
        <ele>1218</ele>
        <time>2019-02-25T13:27:32Z</time>
        <hdop>4.551</hdop>
        <extensions>
          <speed>0.8</speed>
        </extensions>
      </trkpt>
      <trkpt lat="41.6031412" lon="1.8121166">
        <ele>1218</ele>
        <time>2019-02-25T13:27:37Z</time>
        <hdop>4.551</hdop>
        <extensions>
          <speed>1.42</speed>
        </extensions>
      </trkpt>
      <trkpt lat="41.6031099" lon="1.8121317">
        <ele>1217</ele>
        <time>2019-02-25T13:27:43Z</time>
        <hdop>4.551</hdop>
        <extensions>
          <speed>1.01</speed>
        </extensions>
      </trkpt>
      <trkpt lat="41.6031047" lon="1.812091">
        <ele>1217</ele>
        <time>2019-02-25T13:27:49Z</time>
        <hdop>4.551</hdop>
      </trkpt>
      <trkpt lat="41.6031072" lon="1.8120846">
        <ele>1218</ele>
        <time>2019-02-25T13:27:54Z</time>
        <hdop>4.551</hdop>
      </trkpt>
      <trkpt lat="41.6031091" lon="1.8120928">
        <ele>1218</ele>
        <time>2019-02-25T13:28:00Z</time>
        <hdop>4.551</hdop>
      </trkpt>
      <trkpt lat="41.6031122" lon="1.8120937">
        <ele>1218</ele>
        <time>2019-02-25T13:28:06Z</time>
        <hdop>4.551</hdop>
      </trkpt>
      <trkpt lat="41.6031006" lon="1.8121002">
        <ele>1218</ele>
        <time>2019-02-25T13:28:11Z</time>
        <hdop>4.551</hdop>
      </trkpt>
      <trkpt lat="41.6030909" lon="1.8121046">
        <ele>1219</ele>
        <time>2019-02-25T13:28:16Z</time>
        <hdop>4.551</hdop>
      </trkpt>
      <trkpt lat="41.603094" lon="1.812114">
        <ele>1219</ele>
        <time>2019-02-25T13:28:22Z</time>
        <hdop>4.551</hdop>
        <extensions>
          <speed>0.44</speed>
        </extensions>
      </trkpt>
      <trkpt lat="41.6031162" lon="1.8121409">
        <ele>1218</ele>
        <time>2019-02-25T13:28:28Z</time>
        <hdop>4.551</hdop>
        <extensions>
          <speed>0.63</speed>
        </extensions>
      </trkpt>
      <trkpt lat="41.6031602" lon="1.8121604">
        <ele>1217</ele>
        <time>2019-02-25T13:28:34Z</time>
        <hdop>4.551</hdop>
        <extensions>
          <speed>1.11</speed>
        </extensions>
      </trkpt>
      <trkpt lat="41.6031942" lon="1.8122172">
        <ele>1215</ele>
        <time>2019-02-25T13:28:39Z</time>
        <hdop>4.551</hdop>
        <extensions>
          <speed>1.59</speed>
        </extensions>
      </trkpt>
      <trkpt lat="41.6032289" lon="1.8123071">
        <ele>1213</ele>
        <time>2019-02-25T13:28:45Z</time>
        <hdop>4.551</hdop>
        <extensions>
          <speed>0.97</speed>
        </extensions>
      </trkpt>
      <trkpt lat="41.6032275" lon="1.8123504">
        <ele>1215</ele>
        <time>2019-02-25T13:28:50Z</time>
        <hdop>4.551</hdop>
        <extensions>
          <speed>0.49</speed>
        </extensions>
      </trkpt>
      <trkpt lat="41.6032274" lon="1.8124097">
        <ele>1214</ele>
        <time>2019-02-25T13:28:56Z</time>
        <hdop>4.551</hdop>
        <extensions>
          <speed>0.83</speed>
        </extensions>
      </trkpt>
      <trkpt lat="41.6032587" lon="1.812445">
        <ele>1212</ele>
        <time>2019-02-25T13:29:02Z</time>
        <hdop>4.551</hdop>
      </trkpt>
      <trkpt lat="41.6032838" lon="1.8124729">
        <ele>1211</ele>
        <time>2019-02-25T13:29:08Z</time>
        <hdop>4.551</hdop>
        <extensions>
          <speed>0.57</speed>
        </extensions>
      </trkpt>
      <trkpt lat="41.6033151" lon="1.81249">
        <ele>1210</ele>
        <time>2019-02-25T13:29:14Z</time>
        <hdop>4.551</hdop>
        <extensions>
          <speed>0.58</speed>
        </extensions>
      </trkpt>
      <trkpt lat="41.6033881" lon="1.8124986">
        <ele>1211</ele>
        <time>2019-02-25T13:29:19Z</time>
        <hdop>4.551</hdop>
        <extensions>
          <speed>0.72</speed>
        </extensions>
      </trkpt>
      <trkpt lat="41.6034441" lon="1.8125204">
        <ele>1211</ele>
        <time>2019-02-25T13:29:25Z</time>
        <hdop>4.551</hdop>
      </trkpt>
      <trkpt lat="41.6034948" lon="1.8125335">
        <ele>1210</ele>
        <time>2019-02-25T13:29:30Z</time>
        <hdop>4.551</hdop>
        <extensions>
          <speed>1.28</speed>
        </extensions>
      </trkpt>
      <trkpt lat="41.6035646" lon="1.8125207">
        <ele>1205</ele>
        <time>2019-02-25T13:29:36Z</time>
        <hdop>6.068</hdop>
        <extensions>
          <speed>0.48</speed>
        </extensions>
      </trkpt>
      <trkpt lat="41.6036043" lon="1.8125317">
        <ele>1205</ele>
        <time>2019-02-25T13:29:41Z</time>
        <hdop>6.068</hdop>
        <extensions>
          <speed>0.55</speed>
        </extensions>
      </trkpt>
      <trkpt lat="41.6036728" lon="1.8125806">
        <ele>1207</ele>
        <time>2019-02-25T13:29:47Z</time>
        <hdop>10.619</hdop>
        <extensions>
          <speed>2.21</speed>
        </extensions>
      </trkpt>
      <trkpt lat="41.6037249" lon="1.8126289">
        <ele>1210</ele>
        <time>2019-02-25T13:29:53Z</time>
        <hdop>7.585</hdop>
        <extensions>
          <speed>1.14</speed>
        </extensions>
      </trkpt>
      <trkpt lat="41.6038014" lon="1.8126937">
        <ele>1208</ele>
        <time>2019-02-25T13:29:59Z</time>
        <hdop>6.068</hdop>
        <extensions>
          <speed>0.94</speed>
        </extensions>
      </trkpt>
      <trkpt lat="41.6038701" lon="1.8127109">
        <ele>1205</ele>
        <time>2019-02-25T13:30:05Z</time>
        <hdop>6.068</hdop>
        <extensions>
          <speed>1.52</speed>
        </extensions>
      </trkpt>
      <trkpt lat="41.6039186" lon="1.8127443">
        <ele>1208</ele>
        <time>2019-02-25T13:30:10Z</time>
        <hdop>6.068</hdop>
        <extensions>
          <speed>0.35</speed>
        </extensions>
      </trkpt>
      <trkpt lat="41.6039355" lon="1.8128082">
        <ele>1208</ele>
        <time>2019-02-25T13:30:16Z</time>
        <hdop>4.551</hdop>
        <extensions>
          <speed>1.4</speed>
        </extensions>
      </trkpt>
      <trkpt lat="41.6039531" lon="1.8128994">
        <ele>1209</ele>
        <time>2019-02-25T13:30:22Z</time>
        <hdop>6.068</hdop>
        <extensions>
          <speed>1.84</speed>
        </extensions>
      </trkpt>
      <trkpt lat="41.6039676" lon="1.8129931">
        <ele>1206</ele>
        <time>2019-02-25T13:30:27Z</time>
        <hdop>7.585</hdop>
        <extensions>
          <speed>1.47</speed>
        </extensions>
      </trkpt>
      <trkpt lat="41.6040005" lon="1.8130413">
        <ele>1203</ele>
        <time>2019-02-25T13:30:33Z</time>
        <hdop>6.068</hdop>
        <extensions>
          <speed>1.37</speed>
        </extensions>
      </trkpt>
      <trkpt lat="41.6040437" lon="1.8130783">
        <ele>1198</ele>
        <time>2019-02-25T13:30:38Z</time>
        <hdop>4.551</hdop>
        <extensions>
          <speed>1.12</speed>
        </extensions>
      </trkpt>
      <trkpt lat="41.6040788" lon="1.8131565">
        <ele>1198</ele>
        <time>2019-02-25T13:30:44Z</time>
        <hdop>4.551</hdop>
        <extensions>
          <speed>1.12</speed>
        </extensions>
      </trkpt>
      <trkpt lat="41.6041002" lon="1.813208">
        <ele>1195</ele>
        <time>2019-02-25T13:30:49Z</time>
        <hdop>4.551</hdop>
        <extensions>
          <speed>0.17</speed>
        </extensions>
      </trkpt>
      <trkpt lat="41.6041174" lon="1.8132089">
        <ele>1195</ele>
        <time>2019-02-25T13:30:55Z</time>
        <hdop>4.551</hdop>
      </trkpt>
      <trkpt lat="41.6041203" lon="1.8132034">
        <ele>1195</ele>
        <time>2019-02-25T13:31:00Z</time>
        <hdop>6.068</hdop>
      </trkpt>
      <trkpt lat="41.6041209" lon="1.8132028">
        <ele>1195</ele>
        <time>2019-02-25T13:31:06Z</time>
        <hdop>6.068</hdop>
      </trkpt>
      <trkpt lat="41.6041209" lon="1.8132028">
        <ele>1195</ele>
        <time>2019-02-25T13:31:11Z</time>
        <hdop>6.068</hdop>
      </trkpt>
      <trkpt lat="41.6041206" lon="1.8132159">
        <ele>1195</ele>
        <time>2019-02-25T13:31:17Z</time>
        <hdop>6.068</hdop>
      </trkpt>
      <trkpt lat="41.6041077" lon="1.8132222">
        <ele>1195</ele>
        <time>2019-02-25T13:31:22Z</time>
        <hdop>9.102</hdop>
      </trkpt>
      <trkpt lat="41.6041078" lon="1.8132052">
        <ele>1193</ele>
        <time>2019-02-25T13:31:28Z</time>
        <hdop>10.619</hdop>
      </trkpt>
      <trkpt lat="41.6041246" lon="1.8131955">
        <ele>1193</ele>
        <time>2019-02-25T13:31:33Z</time>
        <hdop>9.102</hdop>
      </trkpt>
      <trkpt lat="41.6041484" lon="1.8131833">
        <ele>1191</ele>
        <time>2019-02-25T13:31:39Z</time>
        <hdop>6.068</hdop>
      </trkpt>
      <trkpt lat="41.6041598" lon="1.8131699">
        <ele>1191</ele>
        <time>2019-02-25T13:31:45Z</time>
        <hdop>6.068</hdop>
      </trkpt>
      <trkpt lat="41.6041601" lon="1.8131722">
        <ele>1191</ele>
        <time>2019-02-25T13:31:51Z</time>
        <hdop>15.17</hdop>
      </trkpt>
      <trkpt lat="41.60416" lon="1.8131737">
        <ele>1191</ele>
        <time>2019-02-25T13:31:57Z</time>
        <hdop>15.17</hdop>
      </trkpt>
      <trkpt lat="41.60416" lon="1.813174">
        <ele>1191</ele>
        <time>2019-02-25T13:32:03Z</time>
        <hdop>15.17</hdop>
      </trkpt>
      <trkpt lat="41.6041568" lon="1.8131771">
        <ele>1190</ele>
        <time>2019-02-25T13:32:09Z</time>
        <hdop>4.551</hdop>
        <extensions>
          <speed>0.23</speed>
        </extensions>
      </trkpt>
      <trkpt lat="41.6041745" lon="1.8132324">
        <ele>1192</ele>
        <time>2019-02-25T13:32:15Z</time>
        <hdop>4.551</hdop>
        <extensions>
          <speed>1.04</speed>
        </extensions>
      </trkpt>
      <trkpt lat="41.6042196" lon="1.8132922">
        <ele>1191</ele>
        <time>2019-02-25T13:32:20Z</time>
        <hdop>4.551</hdop>
        <extensions>
          <speed>1.26</speed>
        </extensions>
      </trkpt>
      <trkpt lat="41.604235" lon="1.8133415">
        <ele>1190</ele>
        <time>2019-02-25T13:32:25Z</time>
        <hdop>4.551</hdop>
        <extensions>
          <speed>1.05</speed>
        </extensions>
      </trkpt>
      <trkpt lat="41.6042674" lon="1.8133938">
        <ele>1191</ele>
        <time>2019-02-25T13:32:31Z</time>
        <hdop>4.551</hdop>
        <extensions>
          <speed>1.11</speed>
        </extensions>
      </trkpt>
      <trkpt lat="41.6042588" lon="1.8134996">
        <ele>1193</ele>
        <time>2019-02-25T13:32:37Z</time>
        <hdop>4.551</hdop>
        <extensions>
          <speed>0.76</speed>
        </extensions>
      </trkpt>
      <trkpt lat="41.6042045" lon="1.8135064">
        <ele>1194</ele>
        <time>2019-02-25T13:32:43Z</time>
        <hdop>6.068</hdop>
        <extensions>
          <speed>0.97</speed>
        </extensions>
      </trkpt>
      <trkpt lat="41.6041541" lon="1.813508">
        <ele>1195</ele>
        <time>2019-02-25T13:32:48Z</time>
        <hdop>6.068</hdop>
        <extensions>
          <speed>0.73</speed>
        </extensions>
      </trkpt>
      <trkpt lat="41.6041152" lon="1.8134869">
        <ele>1192</ele>
        <time>2019-02-25T13:32:53Z</time>
        <hdop>4.551</hdop>
        <extensions>
          <speed>1.14</speed>
        </extensions>
      </trkpt>
      <trkpt lat="41.6040694" lon="1.8134898">
        <ele>1189</ele>
        <time>2019-02-25T13:32:59Z</time>
        <hdop>4.551</hdop>
        <extensions>
          <speed>1.5</speed>
        </extensions>
      </trkpt>
      <trkpt lat="41.6040032" lon="1.8134941">
        <ele>1189</ele>
        <time>2019-02-25T13:33:05Z</time>
        <hdop>4.551</hdop>
        <extensions>
          <speed>1.13</speed>
        </extensions>
      </trkpt>
      <trkpt lat="41.6039436" lon="1.813496">
        <ele>1190</ele>
        <time>2019-02-25T13:33:10Z</time>
        <hdop>4.551</hdop>
        <extensions>
          <speed>1.13</speed>
        </extensions>
      </trkpt>
      <trkpt lat="41.6038867" lon="1.8135064">
        <ele>1190</ele>
        <time>2019-02-25T13:33:16Z</time>
        <hdop>4.551</hdop>
        <extensions>
          <speed>0.83</speed>
        </extensions>
      </trkpt>
      <trkpt lat="41.6038592" lon="1.8134881">
        <ele>1190</ele>
        <time>2019-02-25T13:33:22Z</time>
        <hdop>6.068</hdop>
        <extensions>
          <speed>0.66</speed>
        </extensions>
      </trkpt>
      <trkpt lat="41.6038115" lon="1.8134317">
        <ele>1191</ele>
        <time>2019-02-25T13:33:28Z</time>
        <hdop>10.619</hdop>
        <extensions>
          <speed>1.02</speed>
        </extensions>
      </trkpt>
      <trkpt lat="41.6037926" lon="1.8134004">
        <ele>1189</ele>
        <time>2019-02-25T13:33:34Z</time>
        <hdop>7.585</hdop>
        <extensions>
          <speed>0.8</speed>
        </extensions>
      </trkpt>
      <trkpt lat="41.6037415" lon="1.8134213">
        <ele>1189</ele>
        <time>2019-02-25T13:33:40Z</time>
        <hdop>7.585</hdop>
        <extensions>
          <speed>0.55</speed>
        </extensions>
      </trkpt>
      <trkpt lat="41.603695" lon="1.813408">
        <ele>1186</ele>
        <time>2019-02-25T13:33:46Z</time>
        <hdop>6.068</hdop>
        <extensions>
          <speed>0.99</speed>
        </extensions>
      </trkpt>
      <trkpt lat="41.6036574" lon="1.8133328">
        <ele>1183</ele>
        <time>2019-02-25T13:33:52Z</time>
        <hdop>7.585</hdop>
        <extensions>
          <speed>1.02</speed>
        </extensions>
      </trkpt>
      <trkpt lat="41.603596" lon="1.8133002">
        <ele>1182</ele>
        <time>2019-02-25T13:33:58Z</time>
        <hdop>15.17</hdop>
        <extensions>
          <speed>1.03</speed>
        </extensions>
      </trkpt>
      <trkpt lat="41.6035265" lon="1.8132767">
        <ele>1182</ele>
        <time>2019-02-25T13:34:04Z</time>
        <hdop>15.17</hdop>
        <extensions>
          <speed>1.6</speed>
        </extensions>
      </trkpt>
      <trkpt lat="41.6034484" lon="1.813304">
        <ele>1185</ele>
        <time>2019-02-25T13:34:10Z</time>
        <hdop>15.17</hdop>
        <extensions>
          <speed>0.86</speed>
        </extensions>
      </trkpt>
      <trkpt lat="41.6034042" lon="1.8133361">
        <ele>1185</ele>
        <time>2019-02-25T13:34:15Z</time>
        <hdop>16.687</hdop>
        <extensions>
          <speed>1.22</speed>
        </extensions>
      </trkpt>
      <trkpt lat="41.6033728" lon="1.8133289">
        <ele>1180</ele>
        <time>2019-02-25T13:34:21Z</time>
        <hdop>15.17</hdop>
      </trkpt>
      <trkpt lat="41.6033594" lon="1.8132806">
        <ele>1182</ele>
        <time>2019-02-25T13:34:26Z</time>
        <hdop>15.17</hdop>
        <extensions>
          <speed>0.37</speed>
        </extensions>
      </trkpt>
      <trkpt lat="41.6032941" lon="1.8132596">
        <ele>1181</ele>
        <time>2019-02-25T13:34:31Z</time>
        <hdop>15.17</hdop>
        <extensions>
          <speed>1.84</speed>
        </extensions>
      </trkpt>
      <trkpt lat="41.6032241" lon="1.8132394">
        <ele>1180</ele>
        <time>2019-02-25T13:34:37Z</time>
        <hdop>15.17</hdop>
        <extensions>
          <speed>1.83</speed>
        </extensions>
      </trkpt>
      <trkpt lat="41.6031746" lon="1.8132296">
        <ele>1177</ele>
        <time>2019-02-25T13:34:42Z</time>
        <hdop>15.17</hdop>
        <extensions>
          <speed>0.87</speed>
        </extensions>
      </trkpt>
      <trkpt lat="41.6031068" lon="1.8132171">
        <ele>1172</ele>
        <time>2019-02-25T13:34:48Z</time>
        <hdop>15.17</hdop>
        <extensions>
          <speed>0.82</speed>
        </extensions>
      </trkpt>
      <trkpt lat="41.6030346" lon="1.8132248">
        <ele>1175</ele>
        <time>2019-02-25T13:34:54Z</time>
        <hdop>15.17</hdop>
        <extensions>
          <speed>1.46</speed>
        </extensions>
      </trkpt>
      <trkpt lat="41.6029801" lon="1.8132274">
        <ele>1176</ele>
        <time>2019-02-25T13:35:00Z</time>
        <hdop>15.17</hdop>
        <extensions>
          <speed>0.91</speed>
        </extensions>
      </trkpt>
      <trkpt lat="41.6029156" lon="1.8132369">
        <ele>1176</ele>
        <time>2019-02-25T13:35:06Z</time>
        <hdop>15.17</hdop>
        <extensions>
          <speed>1.04</speed>
        </extensions>
      </trkpt>
      <trkpt lat="41.6028693" lon="1.813255">
        <ele>1176</ele>
        <time>2019-02-25T13:35:11Z</time>
        <hdop>15.17</hdop>
        <extensions>
          <speed>0.24</speed>
        </extensions>
      </trkpt>
      <trkpt lat="41.602852" lon="1.8132124">
        <ele>1175</ele>
        <time>2019-02-25T13:35:17Z</time>
        <hdop>15.17</hdop>
        <extensions>
          <speed>1.13</speed>
        </extensions>
      </trkpt>
      <trkpt lat="41.6027876" lon="1.8132127">
        <ele>1175</ele>
        <time>2019-02-25T13:35:23Z</time>
        <hdop>15.17</hdop>
        <extensions>
          <speed>0.23</speed>
        </extensions>
      </trkpt>
      <trkpt lat="41.6027347" lon="1.8132013">
        <ele>1173</ele>
        <time>2019-02-25T13:35:28Z</time>
        <hdop>15.17</hdop>
        <extensions>
          <speed>2.37</speed>
        </extensions>
      </trkpt>
      <trkpt lat="41.6026574" lon="1.813176">
        <ele>1170</ele>
        <time>2019-02-25T13:35:34Z</time>
        <hdop>15.17</hdop>
        <extensions>
          <speed>1.25</speed>
        </extensions>
      </trkpt>
      <trkpt lat="41.6025877" lon="1.8131855">
        <ele>1171</ele>
        <time>2019-02-25T13:35:40Z</time>
        <hdop>15.17</hdop>
        <extensions>
          <speed>0.95</speed>
        </extensions>
      </trkpt>
      <trkpt lat="41.602551" lon="1.8131684">
        <ele>1167</ele>
        <time>2019-02-25T13:35:46Z</time>
        <hdop>15.17</hdop>
        <extensions>
          <speed>0.57</speed>
        </extensions>
      </trkpt>
      <trkpt lat="41.6025254" lon="1.8131971">
        <ele>1166</ele>
        <time>2019-02-25T13:35:52Z</time>
        <hdop>15.17</hdop>
      </trkpt>
      <trkpt lat="41.6025239" lon="1.8132037">
        <ele>1164</ele>
        <time>2019-02-25T13:35:58Z</time>
        <hdop>13.653</hdop>
      </trkpt>
      <trkpt lat="41.6025246" lon="1.8132049">
        <ele>1164</ele>
        <time>2019-02-25T13:36:03Z</time>
        <hdop>13.653</hdop>
      </trkpt>
      <trkpt lat="41.6025132" lon="1.8132092">
        <ele>1163</ele>
        <time>2019-02-25T13:36:08Z</time>
        <hdop>13.653</hdop>
        <extensions>
          <speed>0.59</speed>
        </extensions>
      </trkpt>
      <trkpt lat="41.6024359" lon="1.8132772">
        <ele>1163</ele>
        <time>2019-02-25T13:36:14Z</time>
        <hdop>6.068</hdop>
        <extensions>
          <speed>0.87</speed>
        </extensions>
      </trkpt>
      <trkpt lat="41.602394" lon="1.8133536">
        <ele>1164</ele>
        <time>2019-02-25T13:36:19Z</time>
        <hdop>6.068</hdop>
        <extensions>
          <speed>1.28</speed>
        </extensions>
      </trkpt>
      <trkpt lat="41.6023201" lon="1.8134245">
        <ele>1164</ele>
        <time>2019-02-25T13:36:25Z</time>
        <hdop>4.551</hdop>
        <extensions>
          <speed>1.54</speed>
        </extensions>
      </trkpt>
      <trkpt lat="41.6022855" lon="1.8134762">
        <ele>1162</ele>
        <time>2019-02-25T13:36:30Z</time>
        <hdop>6.068</hdop>
        <extensions>
          <speed>1.38</speed>
        </extensions>
      </trkpt>
      <trkpt lat="41.6022338" lon="1.8135324">
        <ele>1160</ele>
        <time>2019-02-25T13:36:36Z</time>
        <hdop>4.551</hdop>
        <extensions>
          <speed>1.17</speed>
        </extensions>
      </trkpt>
      <trkpt lat="41.6021987" lon="1.8135792">
        <ele>1157</ele>
        <time>2019-02-25T13:36:41Z</time>
        <hdop>4.551</hdop>
        <extensions>
          <speed>1.34</speed>
        </extensions>
      </trkpt>
      <trkpt lat="41.6021678" lon="1.8136408">
        <ele>1158</ele>
        <time>2019-02-25T13:36:47Z</time>
        <hdop>4.551</hdop>
        <extensions>
          <speed>0.98</speed>
        </extensions>
      </trkpt>
      <trkpt lat="41.6021294" lon="1.813702">
        <ele>1158</ele>
        <time>2019-02-25T13:36:53Z</time>
        <hdop>6.068</hdop>
        <extensions>
          <speed>1.99</speed>
        </extensions>
      </trkpt>
      <trkpt lat="41.6020933" lon="1.8137541">
        <ele>1159</ele>
        <time>2019-02-25T13:36:59Z</time>
        <hdop>6.068</hdop>
        <extensions>
          <speed>1.06</speed>
        </extensions>
      </trkpt>
      <trkpt lat="41.6020525" lon="1.8137947">
        <ele>1157</ele>
        <time>2019-02-25T13:37:04Z</time>
        <hdop>4.551</hdop>
        <extensions>
          <speed>1.28</speed>
        </extensions>
      </trkpt>
      <trkpt lat="41.6020155" lon="1.8138443">
        <ele>1155</ele>
        <time>2019-02-25T13:37:10Z</time>
        <hdop>4.551</hdop>
        <extensions>
          <speed>0.68</speed>
        </extensions>
      </trkpt>
      <trkpt lat="41.602026" lon="1.8138783">
        <ele>1150</ele>
        <time>2019-02-25T13:37:16Z</time>
        <hdop>4.551</hdop>
        <extensions>
          <speed>0.5</speed>
        </extensions>
      </trkpt>
      <trkpt lat="41.6020218" lon="1.8139508">
        <ele>1153</ele>
        <time>2019-02-25T13:37:22Z</time>
        <hdop>6.068</hdop>
        <extensions>
          <speed>0.16</speed>
        </extensions>
      </trkpt>
      <trkpt lat="41.6019746" lon="1.8140304">
        <ele>1157</ele>
        <time>2019-02-25T13:37:28Z</time>
        <hdop>6.068</hdop>
        <extensions>
          <speed>0.75</speed>
        </extensions>
      </trkpt>
      <trkpt lat="41.601945" lon="1.8140874">
        <ele>1155</ele>
        <time>2019-02-25T13:37:33Z</time>
        <hdop>6.068</hdop>
        <extensions>
          <speed>1.06</speed>
        </extensions>
      </trkpt>
      <trkpt lat="41.6019177" lon="1.8141639">
        <ele>1156</ele>
        <time>2019-02-25T13:37:39Z</time>
        <hdop>12.136</hdop>
        <extensions>
          <speed>1.19</speed>
        </extensions>
      </trkpt>
      <trkpt lat="41.6019067" lon="1.8142277">
        <ele>1157</ele>
        <time>2019-02-25T13:37:44Z</time>
        <hdop>10.619</hdop>
        <extensions>
          <speed>0.42</speed>
        </extensions>
      </trkpt>
      <trkpt lat="41.6019074" lon="1.8142692">
        <ele>1156</ele>
        <time>2019-02-25T13:37:50Z</time>
        <hdop>13.653</hdop>
      </trkpt>
      <trkpt lat="41.6019004" lon="1.8142846">
        <ele>1157</ele>
        <time>2019-02-25T13:37:56Z</time>
        <hdop>15.17</hdop>
      </trkpt>
      <trkpt lat="41.6018959" lon="1.8142877">
        <ele>1157</ele>
        <time>2019-02-25T13:38:01Z</time>
        <hdop>15.17</hdop>
      </trkpt>
      <trkpt lat="41.6018842" lon="1.8142818">
        <ele>1159</ele>
        <time>2019-02-25T13:38:07Z</time>
        <hdop>13.653</hdop>
      </trkpt>
      <trkpt lat="41.6018859" lon="1.8142562">
        <ele>1161</ele>
        <time>2019-02-25T13:38:12Z</time>
        <hdop>13.653</hdop>
      </trkpt>
      <trkpt lat="41.6018639" lon="1.8142486">
        <ele>1162</ele>
        <time>2019-02-25T13:38:18Z</time>
        <hdop>13.653</hdop>
        <extensions>
          <speed>0.42</speed>
        </extensions>
      </trkpt>
      <trkpt lat="41.6018471" lon="1.8142547">
        <ele>1161</ele>
        <time>2019-02-25T13:38:23Z</time>
        <hdop>13.653</hdop>
      </trkpt>
      <trkpt lat="41.6018527" lon="1.8142587">
        <ele>1161</ele>
        <time>2019-02-25T13:38:29Z</time>
        <hdop>13.653</hdop>
      </trkpt>
      <trkpt lat="41.6018558" lon="1.8142604">
        <ele>1161</ele>
        <time>2019-02-25T13:38:35Z</time>
        <hdop>13.653</hdop>
      </trkpt>
      <trkpt lat="41.6018555" lon="1.8142594">
        <ele>1161</ele>
        <time>2019-02-25T13:38:40Z</time>
        <hdop>13.653</hdop>
      </trkpt>
      <trkpt lat="41.601854" lon="1.8142596">
        <ele>1161</ele>
        <time>2019-02-25T13:38:46Z</time>
        <hdop>13.653</hdop>
      </trkpt>
      <trkpt lat="41.6018408" lon="1.8142889">
        <ele>1160</ele>
        <time>2019-02-25T13:38:52Z</time>
        <hdop>4.551</hdop>
        <extensions>
          <speed>0.28</speed>
        </extensions>
      </trkpt>
      <trkpt lat="41.6018281" lon="1.8143815">
        <ele>1158</ele>
        <time>2019-02-25T13:38:58Z</time>
        <hdop>4.551</hdop>
        <extensions>
          <speed>0.44</speed>
        </extensions>
      </trkpt>
      <trkpt lat="41.6018448" lon="1.8144819">
        <ele>1152</ele>
        <time>2019-02-25T13:39:04Z</time>
        <hdop>6.068</hdop>
        <extensions>
          <speed>1.26</speed>
        </extensions>
      </trkpt>
      <trkpt lat="41.6018498" lon="1.8145846">
        <ele>1154</ele>
        <time>2019-02-25T13:39:10Z</time>
        <hdop>10.619</hdop>
        <extensions>
          <speed>0.98</speed>
        </extensions>
      </trkpt>
      <trkpt lat="41.601897" lon="1.8146479">
        <ele>1151</ele>
        <time>2019-02-25T13:39:16Z</time>
        <hdop>13.653</hdop>
        <extensions>
          <speed>1.12</speed>
        </extensions>
      </trkpt>
      <trkpt lat="41.6018834" lon="1.8146926">
        <ele>1149</ele>
        <time>2019-02-25T13:39:22Z</time>
        <hdop>12.136</hdop>
        <extensions>
          <speed>0.75</speed>
        </extensions>
      </trkpt>
      <trkpt lat="41.601841" lon="1.8146706">
        <ele>1151</ele>
        <time>2019-02-25T13:39:27Z</time>
        <hdop>13.653</hdop>
        <extensions>
          <speed>0.61</speed>
        </extensions>
      </trkpt>
      <trkpt lat="41.6017844" lon="1.8148379">
        <ele>1149</ele>
        <time>2019-02-25T13:39:33Z</time>
        <hdop>19.721</hdop>
        <extensions>
          <speed>2.22</speed>
        </extensions>
      </trkpt>
      <trkpt lat="41.6017516" lon="1.814976">
        <ele>1151</ele>
        <time>2019-02-25T13:39:39Z</time>
        <hdop>21.238</hdop>
        <extensions>
          <speed>1.8</speed>
        </extensions>
      </trkpt>
      <trkpt lat="41.6017996" lon="1.81499">
        <ele>1149</ele>
        <time>2019-02-25T13:39:45Z</time>
        <hdop>18.204</hdop>
        <extensions>
          <speed>0.78</speed>
        </extensions>
      </trkpt>
      <trkpt lat="41.6018474" lon="1.8148964">
        <ele>1151</ele>
        <time>2019-02-25T13:39:51Z</time>
        <hdop>16.687</hdop>
        <extensions>
          <speed>0.54</speed>
        </extensions>
      </trkpt>
      <trkpt lat="41.6019035" lon="1.8149926">
        <ele>1149</ele>
        <time>2019-02-25T13:39:57Z</time>
        <hdop>18.204</hdop>
        <extensions>
          <speed>0.92</speed>
        </extensions>
      </trkpt>
      <trkpt lat="41.6019646" lon="1.8149605">
        <ele>1150</ele>
        <time>2019-02-25T13:40:03Z</time>
        <hdop>33.374</hdop>
        <extensions>
          <speed>1.21</speed>
        </extensions>
      </trkpt>
      <trkpt lat="41.6020572" lon="1.8150064">
        <ele>1149</ele>
        <time>2019-02-25T13:40:08Z</time>
        <hdop>21.238</hdop>
        <extensions>
          <speed>0.4</speed>
        </extensions>
      </trkpt>
      <trkpt lat="41.6020855" lon="1.8150968">
        <ele>1147</ele>
        <time>2019-02-25T13:40:14Z</time>
        <hdop>22.755</hdop>
        <extensions>
          <speed>0.83</speed>
        </extensions>
      </trkpt>
      <trkpt lat="41.6020773" lon="1.8152163">
        <ele>1142</ele>
        <time>2019-02-25T13:40:20Z</time>
        <hdop>18.204</hdop>
        <extensions>
          <speed>0.96</speed>
        </extensions>
      </trkpt>
      <trkpt lat="41.6021613" lon="1.8152824">
        <ele>1136</ele>
        <time>2019-02-25T13:40:26Z</time>
        <hdop>16.687</hdop>
        <extensions>
          <speed>1.31</speed>
        </extensions>
      </trkpt>
      <trkpt lat="41.6021961" lon="1.8153209">
        <ele>1135</ele>
        <time>2019-02-25T13:40:31Z</time>
        <hdop>19.721</hdop>
        <extensions>
          <speed>0.65</speed>
        </extensions>
      </trkpt>
      <trkpt lat="41.6021855" lon="1.8153712">
        <ele>1137</ele>
        <time>2019-02-25T13:40:37Z</time>
        <hdop>16.687</hdop>
        <extensions>
          <speed>1.27</speed>
        </extensions>
      </trkpt>
      <trkpt lat="41.6021785" lon="1.8154893">
        <ele>1135</ele>
        <time>2019-02-25T13:40:43Z</time>
        <hdop>16.687</hdop>
        <extensions>
          <speed>1.23</speed>
        </extensions>
      </trkpt>
      <trkpt lat="41.6021393" lon="1.8155247">
        <ele>1135</ele>
        <time>2019-02-25T13:40:48Z</time>
        <hdop>18.204</hdop>
        <extensions>
          <speed>1.46</speed>
        </extensions>
      </trkpt>
      <trkpt lat="41.6021771" lon="1.8156369">
        <ele>1134</ele>
        <time>2019-02-25T13:40:54Z</time>
        <hdop>25.789</hdop>
        <extensions>
          <speed>1.27</speed>
        </extensions>
      </trkpt>
      <trkpt lat="41.6021599" lon="1.8156426">
        <ele>1134</ele>
        <time>2019-02-25T13:41:00Z</time>
        <hdop>21.238</hdop>
        <extensions>
          <speed>0.95</speed>
        </extensions>
      </trkpt>
      <trkpt lat="41.6021305" lon="1.8156887">
        <ele>1134</ele>
        <time>2019-02-25T13:41:06Z</time>
        <hdop>21.238</hdop>
        <extensions>
          <speed>1.08</speed>
        </extensions>
      </trkpt>
      <trkpt lat="41.6021051" lon="1.8157668">
        <ele>1134</ele>
        <time>2019-02-25T13:41:11Z</time>
        <hdop>19.721</hdop>
        <extensions>
          <speed>1.6</speed>
        </extensions>
      </trkpt>
      <trkpt lat="41.6020484" lon="1.8158663">
        <ele>1135</ele>
        <time>2019-02-25T13:41:17Z</time>
        <hdop>16.687</hdop>
        <extensions>
          <speed>1.54</speed>
        </extensions>
      </trkpt>
      <trkpt lat="41.6020041" lon="1.8159264">
        <ele>1133</ele>
        <time>2019-02-25T13:41:22Z</time>
        <hdop>16.687</hdop>
        <extensions>
          <speed>1.05</speed>
        </extensions>
      </trkpt>
      <trkpt lat="41.6019319" lon="1.8159913">
        <ele>1130</ele>
        <time>2019-02-25T13:41:28Z</time>
        <hdop>18.204</hdop>
        <extensions>
          <speed>0.44</speed>
        </extensions>
      </trkpt>
      <trkpt lat="41.6018669" lon="1.8159905">
        <ele>1129</ele>
        <time>2019-02-25T13:41:34Z</time>
        <hdop>15.17</hdop>
        <extensions>
          <speed>1.01</speed>
        </extensions>
      </trkpt>
      <trkpt lat="41.6018224" lon="1.8160324">
        <ele>1131</ele>
        <time>2019-02-25T13:41:40Z</time>
        <hdop>15.17</hdop>
        <extensions>
          <speed>1.53</speed>
        </extensions>
      </trkpt>
      <trkpt lat="41.6018036" lon="1.8161062">
        <ele>1127</ele>
        <time>2019-02-25T13:41:46Z</time>
        <hdop>13.653</hdop>
        <extensions>
          <speed>1.55</speed>
        </extensions>
      </trkpt>
      <trkpt lat="41.6017451" lon="1.8161812">
        <ele>1128</ele>
        <time>2019-02-25T13:41:52Z</time>
        <hdop>13.653</hdop>
        <extensions>
          <speed>1.49</speed>
        </extensions>
      </trkpt>
      <trkpt lat="41.6017022" lon="1.8162357">
        <ele>1130</ele>
        <time>2019-02-25T13:41:58Z</time>
        <hdop>15.17</hdop>
        <extensions>
          <speed>0.97</speed>
        </extensions>
      </trkpt>
      <trkpt lat="41.6016684" lon="1.8163028">
        <ele>1126</ele>
        <time>2019-02-25T13:42:03Z</time>
        <hdop>13.653</hdop>
        <extensions>
          <speed>1.42</speed>
        </extensions>
      </trkpt>
      <trkpt lat="41.6016592" lon="1.8163514">
        <ele>1128</ele>
        <time>2019-02-25T13:42:09Z</time>
        <hdop>13.653</hdop>
        <extensions>
          <speed>0.22</speed>
        </extensions>
      </trkpt>
      <trkpt lat="41.6016119" lon="1.8164417">
        <ele>1127</ele>
        <time>2019-02-25T13:42:15Z</time>
        <hdop>13.653</hdop>
        <extensions>
          <speed>1.13</speed>
        </extensions>
      </trkpt>
      <trkpt lat="41.6015761" lon="1.8165286">
        <ele>1130</ele>
        <time>2019-02-25T13:42:21Z</time>
        <hdop>15.17</hdop>
        <extensions>
          <speed>1.17</speed>
        </extensions>
      </trkpt>
      <trkpt lat="41.6015232" lon="1.8165816">
        <ele>1128</ele>
        <time>2019-02-25T13:42:26Z</time>
        <hdop>18.204</hdop>
        <extensions>
          <speed>1.72</speed>
        </extensions>
      </trkpt>
      <trkpt lat="41.6015378" lon="1.8167037">
        <ele>1127</ele>
        <time>2019-02-25T13:42:32Z</time>
        <hdop>13.653</hdop>
        <extensions>
          <speed>1.14</speed>
        </extensions>
      </trkpt>
      <trkpt lat="41.6015478" lon="1.8167252">
        <ele>1126</ele>
        <time>2019-02-25T13:42:38Z</time>
        <hdop>13.653</hdop>
        <extensions>
          <speed>0.33</speed>
        </extensions>
      </trkpt>
      <trkpt lat="41.6015705" lon="1.816874">
        <ele>1126</ele>
        <time>2019-02-25T13:42:44Z</time>
        <hdop>13.653</hdop>
        <extensions>
          <speed>1.69</speed>
        </extensions>
      </trkpt>
      <trkpt lat="41.6016404" lon="1.8169546">
        <ele>1123</ele>
        <time>2019-02-25T13:42:50Z</time>
        <hdop>13.653</hdop>
        <extensions>
          <speed>1.07</speed>
        </extensions>
      </trkpt>
      <trkpt lat="41.6016502" lon="1.8170377">
        <ele>1116</ele>
        <time>2019-02-25T13:42:56Z</time>
        <hdop>15.17</hdop>
        <extensions>
          <speed>1.52</speed>
        </extensions>
      </trkpt>
      <trkpt lat="41.6017268" lon="1.8171522">
        <ele>1117</ele>
        <time>2019-02-25T13:43:02Z</time>
        <hdop>15.17</hdop>
        <extensions>
          <speed>1.68</speed>
        </extensions>
      </trkpt>
      <trkpt lat="41.6016965" lon="1.8171872">
        <ele>1117</ele>
        <time>2019-02-25T13:43:08Z</time>
        <hdop>13.653</hdop>
        <extensions>
          <speed>0.94</speed>
        </extensions>
      </trkpt>
      <trkpt lat="41.6016587" lon="1.8171423">
        <ele>1116</ele>
        <time>2019-02-25T13:43:14Z</time>
        <hdop>15.17</hdop>
        <extensions>
          <speed>0.78</speed>
        </extensions>
      </trkpt>
      <trkpt lat="41.6016158" lon="1.8171238">
        <ele>1115</ele>
        <time>2019-02-25T13:43:20Z</time>
        <hdop>16.687</hdop>
        <extensions>
          <speed>1.12</speed>
        </extensions>
      </trkpt>
      <trkpt lat="41.6015526" lon="1.8171012">
        <ele>1116</ele>
        <time>2019-02-25T13:43:26Z</time>
        <hdop>16.687</hdop>
        <extensions>
          <speed>1.11</speed>
        </extensions>
      </trkpt>
      <trkpt lat="41.6014593" lon="1.8171196">
        <ele>1117</ele>
        <time>2019-02-25T13:43:32Z</time>
        <hdop>16.687</hdop>
        <extensions>
          <speed>1.3</speed>
        </extensions>
      </trkpt>
      <trkpt lat="41.6013768" lon="1.8170655">
        <ele>1117</ele>
        <time>2019-02-25T13:43:38Z</time>
        <hdop>15.17</hdop>
        <extensions>
          <speed>1.59</speed>
        </extensions>
      </trkpt>
      <trkpt lat="41.6013403" lon="1.8169762">
        <ele>1112</ele>
        <time>2019-02-25T13:43:44Z</time>
        <hdop>16.687</hdop>
        <extensions>
          <speed>1.66</speed>
        </extensions>
      </trkpt>
      <trkpt lat="41.6013134" lon="1.8169053">
        <ele>1112</ele>
        <time>2019-02-25T13:43:49Z</time>
        <hdop>18.204</hdop>
        <extensions>
          <speed>1.77</speed>
        </extensions>
      </trkpt>
      <trkpt lat="41.6012595" lon="1.8169333">
        <ele>1107</ele>
        <time>2019-02-25T13:43:55Z</time>
        <hdop>16.687</hdop>
      </trkpt>
      <trkpt lat="41.6012518" lon="1.816939">
        <ele>1105</ele>
        <time>2019-02-25T13:44:01Z</time>
        <hdop>15.17</hdop>
      </trkpt>
      <trkpt lat="41.601261" lon="1.816932">
        <ele>1104</ele>
        <time>2019-02-25T13:44:07Z</time>
        <hdop>16.687</hdop>
      </trkpt>
      <trkpt lat="41.6012608" lon="1.8169282">
        <ele>1103</ele>
        <time>2019-02-25T13:44:12Z</time>
        <hdop>16.687</hdop>
        <extensions>
          <speed>0.26</speed>
        </extensions>
      </trkpt>
      <trkpt lat="41.6012498" lon="1.8169524">
        <ele>1103</ele>
        <time>2019-02-25T13:44:18Z</time>
        <hdop>16.687</hdop>
      </trkpt>
      <trkpt lat="41.6012576" lon="1.8169662">
        <ele>1105</ele>
        <time>2019-02-25T13:44:24Z</time>
        <hdop>15.17</hdop>
      </trkpt>
      <trkpt lat="41.6012565" lon="1.8169614">
        <ele>1106</ele>
        <time>2019-02-25T13:44:30Z</time>
        <hdop>15.17</hdop>
      </trkpt>
      <trkpt lat="41.6012551" lon="1.8169613">
        <ele>1106</ele>
        <time>2019-02-25T13:44:36Z</time>
        <hdop>15.17</hdop>
      </trkpt>
      <trkpt lat="41.6012563" lon="1.8169586">
        <ele>1106</ele>
        <time>2019-02-25T13:44:41Z</time>
        <hdop>15.17</hdop>
      </trkpt>
      <trkpt lat="41.6012619" lon="1.8169428">
        <ele>1104</ele>
        <time>2019-02-25T13:44:47Z</time>
        <hdop>15.17</hdop>
      </trkpt>
      <trkpt lat="41.6012536" lon="1.8169398">
        <ele>1105</ele>
        <time>2019-02-25T13:44:53Z</time>
        <hdop>15.17</hdop>
      </trkpt>
      <trkpt lat="41.6012514" lon="1.8169411">
        <ele>1105</ele>
        <time>2019-02-25T13:44:59Z</time>
        <hdop>15.17</hdop>
      </trkpt>
      <trkpt lat="41.601239" lon="1.8169538">
        <ele>1106</ele>
        <time>2019-02-25T13:45:05Z</time>
        <hdop>15.17</hdop>
      </trkpt>
      <trkpt lat="41.6012336" lon="1.8169554">
        <ele>1106</ele>
        <time>2019-02-25T13:45:10Z</time>
        <hdop>16.687</hdop>
      </trkpt>
      <trkpt lat="41.601233" lon="1.8169556">
        <ele>1106</ele>
        <time>2019-02-25T13:45:16Z</time>
        <hdop>16.687</hdop>
      </trkpt>
      <trkpt lat="41.6012329" lon="1.8169558">
        <ele>1106</ele>
        <time>2019-02-25T13:45:22Z</time>
        <hdop>16.687</hdop>
      </trkpt>
      <trkpt lat="41.6012329" lon="1.8169558">
        <ele>1106</ele>
        <time>2019-02-25T13:45:28Z</time>
        <hdop>15.17</hdop>
      </trkpt>
      <trkpt lat="41.601233" lon="1.8169558">
        <ele>1106</ele>
        <time>2019-02-25T13:45:34Z</time>
        <hdop>15.17</hdop>
      </trkpt>
      <trkpt lat="41.6012362" lon="1.8169535">
        <ele>1106</ele>
        <time>2019-02-25T13:45:40Z</time>
        <hdop>15.17</hdop>
      </trkpt>
      <trkpt lat="41.6011913" lon="1.8169361">
        <ele>1102</ele>
        <time>2019-02-25T13:45:45Z</time>
        <hdop>15.17</hdop>
        <extensions>
          <speed>1.13</speed>
        </extensions>
      </trkpt>
      <trkpt lat="41.6011462" lon="1.8168646">
        <ele>1098</ele>
        <time>2019-02-25T13:45:51Z</time>
        <hdop>15.17</hdop>
        <extensions>
          <speed>0.76</speed>
        </extensions>
      </trkpt>
      <trkpt lat="41.6010939" lon="1.8168157">
        <ele>1098</ele>
        <time>2019-02-25T13:45:57Z</time>
        <hdop>13.653</hdop>
        <extensions>
          <speed>1.24</speed>
        </extensions>
      </trkpt>
      <trkpt lat="41.6010344" lon="1.8167478">
        <ele>1100</ele>
        <time>2019-02-25T13:46:03Z</time>
        <hdop>15.17</hdop>
        <extensions>
          <speed>0.87</speed>
        </extensions>
      </trkpt>
      <trkpt lat="41.6010194" lon="1.8167165">
        <ele>1097</ele>
        <time>2019-02-25T13:46:08Z</time>
        <hdop>15.17</hdop>
      </trkpt>
      <trkpt lat="41.6010206" lon="1.8167196">
        <ele>1098</ele>
        <time>2019-02-25T13:46:13Z</time>
        <hdop>15.17</hdop>
        <extensions>
          <speed>0.45</speed>
        </extensions>
      </trkpt>
      <trkpt lat="41.6010164" lon="1.816743">
        <ele>1101</ele>
        <time>2019-02-25T13:46:19Z</time>
        <hdop>16.687</hdop>
      </trkpt>
      <trkpt lat="41.6010147" lon="1.8167592">
        <ele>1099</ele>
        <time>2019-02-25T13:46:24Z</time>
        <hdop>15.17</hdop>
      </trkpt>
      <trkpt lat="41.600986" lon="1.8167394">
        <ele>1097</ele>
        <time>2019-02-25T13:46:29Z</time>
        <hdop>18.204</hdop>
        <extensions>
          <speed>1.86</speed>
        </extensions>
      </trkpt>
      <trkpt lat="41.6008816" lon="1.8167189">
        <ele>1094</ele>
        <time>2019-02-25T13:46:35Z</time>
        <hdop>16.687</hdop>
        <extensions>
          <speed>0.95</speed>
        </extensions>
      </trkpt>
      <trkpt lat="41.6008327" lon="1.8167369">
        <ele>1094</ele>
        <time>2019-02-25T13:46:40Z</time>
        <hdop>15.17</hdop>
        <extensions>
          <speed>1.12</speed>
        </extensions>
      </trkpt>
      <trkpt lat="41.600761" lon="1.8168311">
        <ele>1094</ele>
        <time>2019-02-25T13:46:46Z</time>
        <hdop>15.17</hdop>
        <extensions>
          <speed>1.76</speed>
        </extensions>
      </trkpt>
      <trkpt lat="41.6007024" lon="1.8169013">
        <ele>1091</ele>
        <time>2019-02-25T13:46:51Z</time>
        <hdop>16.687</hdop>
        <extensions>
          <speed>1.08</speed>
        </extensions>
      </trkpt>
      <trkpt lat="41.6006536" lon="1.8169471">
        <ele>1092</ele>
        <time>2019-02-25T13:46:56Z</time>
        <hdop>16.687</hdop>
        <extensions>
          <speed>1.21</speed>
        </extensions>
      </trkpt>
      <trkpt lat="41.600588" lon="1.8169309">
        <ele>1088</ele>
        <time>2019-02-25T13:47:02Z</time>
        <hdop>16.687</hdop>
        <extensions>
          <speed>0.76</speed>
        </extensions>
      </trkpt>
      <trkpt lat="41.600551" lon="1.8169647">
        <ele>1084</ele>
        <time>2019-02-25T13:47:07Z</time>
        <hdop>16.687</hdop>
        <extensions>
          <speed>1.12</speed>
        </extensions>
      </trkpt>
      <trkpt lat="41.6004642" lon="1.8170332">
        <ele>1089</ele>
        <time>2019-02-25T13:47:13Z</time>
        <hdop>18.204</hdop>
        <extensions>
          <speed>0.71</speed>
        </extensions>
      </trkpt>
      <trkpt lat="41.600408" lon="1.8171009">
        <ele>1089</ele>
        <time>2019-02-25T13:47:18Z</time>
        <hdop>19.721</hdop>
        <extensions>
          <speed>1.22</speed>
        </extensions>
      </trkpt>
      <trkpt lat="41.6003466" lon="1.8171287">
        <ele>1092</ele>
        <time>2019-02-25T13:47:23Z</time>
        <hdop>19.721</hdop>
        <extensions>
          <speed>0.93</speed>
        </extensions>
      </trkpt>
      <trkpt lat="41.6003235" lon="1.8171183">
        <ele>1093</ele>
        <time>2019-02-25T13:47:29Z</time>
        <hdop>21.238</hdop>
      </trkpt>
      <trkpt lat="41.6003143" lon="1.8171372">
        <ele>1094</ele>
        <time>2019-02-25T13:47:35Z</time>
        <hdop>19.721</hdop>
      </trkpt>
      <trkpt lat="41.6002998" lon="1.8171426">
        <ele>1095</ele>
        <time>2019-02-25T13:47:41Z</time>
        <hdop>18.204</hdop>
      </trkpt>
      <trkpt lat="41.6002404" lon="1.8171925">
        <ele>1093</ele>
        <time>2019-02-25T13:47:47Z</time>
        <hdop>16.687</hdop>
        <extensions>
          <speed>1.04</speed>
        </extensions>
      </trkpt>
      <trkpt lat="41.6001774" lon="1.8172979">
        <ele>1088</ele>
        <time>2019-02-25T13:47:52Z</time>
        <hdop>16.687</hdop>
        <extensions>
          <speed>1.17</speed>
        </extensions>
      </trkpt>
      <trkpt lat="41.6001327" lon="1.8174252">
        <ele>1088</ele>
        <time>2019-02-25T13:47:58Z</time>
        <hdop>18.204</hdop>
        <extensions>
          <speed>1.32</speed>
        </extensions>
      </trkpt>
      <trkpt lat="41.6000893" lon="1.8175188">
        <ele>1088</ele>
        <time>2019-02-25T13:48:03Z</time>
        <hdop>31.857</hdop>
        <extensions>
          <speed>1.57</speed>
        </extensions>
      </trkpt>
      <trkpt lat="41.6000471" lon="1.8176288">
        <ele>1087</ele>
        <time>2019-02-25T13:48:09Z</time>
        <hdop>19.721</hdop>
        <extensions>
          <speed>1.44</speed>
        </extensions>
      </trkpt>
      <trkpt lat="41.6000566" lon="1.8176494">
        <ele>1086</ele>
        <time>2019-02-25T13:48:15Z</time>
        <hdop>19.721</hdop>
        <extensions>
          <speed>0.51</speed>
        </extensions>
      </trkpt>
      <trkpt lat="41.6000096" lon="1.8177675">
        <ele>1087</ele>
        <time>2019-02-25T13:48:20Z</time>
        <hdop>19.721</hdop>
        <extensions>
          <speed>2.28</speed>
        </extensions>
      </trkpt>
      <trkpt lat="41.6000015" lon="1.8178458">
        <ele>1080</ele>
        <time>2019-02-25T13:48:26Z</time>
        <hdop>22.755</hdop>
        <extensions>
          <speed>0.41</speed>
        </extensions>
      </trkpt>
      <trkpt lat="41.6000154" lon="1.8179264">
        <ele>1081</ele>
        <time>2019-02-25T13:48:31Z</time>
        <hdop>19.721</hdop>
        <extensions>
          <speed>1.28</speed>
        </extensions>
      </trkpt>
      <trkpt lat="41.5999961" lon="1.8180063">
        <ele>1081</ele>
        <time>2019-02-25T13:48:37Z</time>
        <hdop>19.721</hdop>
        <extensions>
          <speed>1.07</speed>
        </extensions>
      </trkpt>
      <trkpt lat="41.5999105" lon="1.8181336">
        <ele>1081</ele>
        <time>2019-02-25T13:48:43Z</time>
        <hdop>19.721</hdop>
        <extensions>
          <speed>1.85</speed>
        </extensions>
      </trkpt>
      <trkpt lat="41.5998138" lon="1.8181948">
        <ele>1082</ele>
        <time>2019-02-25T13:48:49Z</time>
        <hdop>19.721</hdop>
        <extensions>
          <speed>1.27</speed>
        </extensions>
      </trkpt>
      <trkpt lat="41.5997774" lon="1.8182404">
        <ele>1079</ele>
        <time>2019-02-25T13:48:55Z</time>
        <hdop>18.204</hdop>
        <extensions>
          <speed>0.43</speed>
        </extensions>
      </trkpt>
      <trkpt lat="41.5997266" lon="1.8182335">
        <ele>1080</ele>
        <time>2019-02-25T13:49:01Z</time>
        <hdop>18.204</hdop>
        <extensions>
          <speed>1.2</speed>
        </extensions>
      </trkpt>
      <trkpt lat="41.5996698" lon="1.8182665">
        <ele>1080</ele>
        <time>2019-02-25T13:49:06Z</time>
        <hdop>18.204</hdop>
        <extensions>
          <speed>0.49</speed>
        </extensions>
      </trkpt>
      <trkpt lat="41.5996833" lon="1.8182918">
        <ele>1081</ele>
        <time>2019-02-25T13:49:14Z</time>
        <hdop>21.238</hdop>
      </trkpt>
      <trkpt lat="41.599631" lon="1.8183869">
        <ele>1084</ele>
        <time>2019-02-25T13:49:19Z</time>
        <hdop>18.204</hdop>
        <extensions>
          <speed>2.16</speed>
        </extensions>
      </trkpt>
      <trkpt lat="41.5995482" lon="1.8184712">
        <ele>1082</ele>
        <time>2019-02-25T13:49:25Z</time>
        <hdop>16.687</hdop>
        <extensions>
          <speed>1.19</speed>
        </extensions>
      </trkpt>
      <trkpt lat="41.5994584" lon="1.8185122">
        <ele>1081</ele>
        <time>2019-02-25T13:49:31Z</time>
        <hdop>21.238</hdop>
        <extensions>
          <speed>1</speed>
        </extensions>
      </trkpt>
      <trkpt lat="41.5994128" lon="1.8184948">
        <ele>1076</ele>
        <time>2019-02-25T13:49:37Z</time>
        <hdop>18.204</hdop>
        <extensions>
          <speed>1.01</speed>
        </extensions>
      </trkpt>
      <trkpt lat="41.599349" lon="1.8184837">
        <ele>1072</ele>
        <time>2019-02-25T13:49:43Z</time>
        <hdop>18.204</hdop>
        <extensions>
          <speed>1.06</speed>
        </extensions>
      </trkpt>
      <trkpt lat="41.5992768" lon="1.8185198">
        <ele>1075</ele>
        <time>2019-02-25T13:49:49Z</time>
        <hdop>18.204</hdop>
        <extensions>
          <speed>2.18</speed>
        </extensions>
      </trkpt>
      <trkpt lat="41.5991892" lon="1.8185765">
        <ele>1074</ele>
        <time>2019-02-25T13:49:54Z</time>
        <hdop>16.687</hdop>
        <extensions>
          <speed>1.84</speed>
        </extensions>
      </trkpt>
      <trkpt lat="41.5991246" lon="1.8186235">
        <ele>1077</ele>
        <time>2019-02-25T13:50:00Z</time>
        <hdop>18.204</hdop>
        <extensions>
          <speed>0.78</speed>
        </extensions>
      </trkpt>
      <trkpt lat="41.5991008" lon="1.8186456">
        <ele>1077</ele>
        <time>2019-02-25T13:50:05Z</time>
        <hdop>19.721</hdop>
        <extensions>
          <speed>1.2</speed>
        </extensions>
      </trkpt>
      <trkpt lat="41.5990402" lon="1.8186929">
        <ele>1080</ele>
        <time>2019-02-25T13:50:10Z</time>
        <hdop>19.721</hdop>
        <extensions>
          <speed>1.32</speed>
        </extensions>
      </trkpt>
      <trkpt lat="41.5989982" lon="1.8187464">
        <ele>1077</ele>
        <time>2019-02-25T13:50:15Z</time>
        <hdop>16.687</hdop>
        <extensions>
          <speed>1.13</speed>
        </extensions>
      </trkpt>
      <trkpt lat="41.59892" lon="1.8188602">
        <ele>1079</ele>
        <time>2019-02-25T13:50:21Z</time>
        <hdop>15.17</hdop>
        <extensions>
          <speed>1.2</speed>
        </extensions>
      </trkpt>
      <trkpt lat="41.5989069" lon="1.8189449">
        <ele>1080</ele>
        <time>2019-02-25T13:50:26Z</time>
        <hdop>13.653</hdop>
        <extensions>
          <speed>1.1</speed>
        </extensions>
      </trkpt>
      <trkpt lat="41.5989462" lon="1.8190487">
        <ele>1080</ele>
        <time>2019-02-25T13:50:32Z</time>
        <hdop>13.653</hdop>
        <extensions>
          <speed>1.6</speed>
        </extensions>
      </trkpt>
      <trkpt lat="41.5989612" lon="1.8191242">
        <ele>1076</ele>
        <time>2019-02-25T13:50:37Z</time>
        <hdop>13.653</hdop>
        <extensions>
          <speed>1.24</speed>
        </extensions>
      </trkpt>
      <trkpt lat="41.5989826" lon="1.8192234">
        <ele>1075</ele>
        <time>2019-02-25T13:50:43Z</time>
        <hdop>13.653</hdop>
        <extensions>
          <speed>1.18</speed>
        </extensions>
      </trkpt>
      <trkpt lat="41.5989934" lon="1.8193373">
        <ele>1075</ele>
        <time>2019-02-25T13:50:49Z</time>
        <hdop>15.17</hdop>
        <extensions>
          <speed>1.39</speed>
        </extensions>
      </trkpt>
      <trkpt lat="41.5990064" lon="1.8194485">
        <ele>1079</ele>
        <time>2019-02-25T13:50:55Z</time>
        <hdop>15.17</hdop>
        <extensions>
          <speed>1.37</speed>
        </extensions>
      </trkpt>
      <trkpt lat="41.599043" lon="1.8195412">
        <ele>1077</ele>
        <time>2019-02-25T13:51:01Z</time>
        <hdop>15.17</hdop>
        <extensions>
          <speed>1.24</speed>
        </extensions>
      </trkpt>
      <trkpt lat="41.5990203" lon="1.8196219">
        <ele>1078</ele>
        <time>2019-02-25T13:51:07Z</time>
        <hdop>13.653</hdop>
        <extensions>
          <speed>0.86</speed>
        </extensions>
      </trkpt>
      <trkpt lat="41.5990079" lon="1.8197054">
        <ele>1076</ele>
        <time>2019-02-25T13:51:13Z</time>
        <hdop>15.17</hdop>
        <extensions>
          <speed>1.53</speed>
        </extensions>
      </trkpt>
      <trkpt lat="41.5989976" lon="1.8197988">
        <ele>1074</ele>
        <time>2019-02-25T13:51:19Z</time>
        <hdop>16.687</hdop>
        <extensions>
          <speed>1</speed>
        </extensions>
      </trkpt>
      <trkpt lat="41.5989457" lon="1.8198473">
        <ele>1072</ele>
        <time>2019-02-25T13:51:25Z</time>
        <hdop>15.17</hdop>
        <extensions>
          <speed>0.62</speed>
        </extensions>
      </trkpt>
      <trkpt lat="41.5988712" lon="1.8199113">
        <ele>1072</ele>
        <time>2019-02-25T13:51:31Z</time>
        <hdop>15.17</hdop>
        <extensions>
          <speed>1.35</speed>
        </extensions>
      </trkpt>
      <trkpt lat="41.5988005" lon="1.8199002">
        <ele>1072</ele>
        <time>2019-02-25T13:51:37Z</time>
        <hdop>30.34</hdop>
        <extensions>
          <speed>1.87</speed>
        </extensions>
      </trkpt>
      <trkpt lat="41.5987504" lon="1.819937">
        <ele>1071</ele>
        <time>2019-02-25T13:51:43Z</time>
        <hdop>31.857</hdop>
      </trkpt>
      <trkpt lat="41.5987298" lon="1.8199901">
        <ele>1073</ele>
        <time>2019-02-25T13:51:48Z</time>
        <hdop>19.721</hdop>
      </trkpt>
      <trkpt lat="41.598692" lon="1.8200516">
        <ele>1075</ele>
        <time>2019-02-25T13:51:53Z</time>
        <hdop>15.17</hdop>
      </trkpt>
      <trkpt lat="41.5986056" lon="1.8201049">
        <ele>1074</ele>
        <time>2019-02-25T13:51:59Z</time>
        <hdop>15.17</hdop>
        <extensions>
          <speed>1.71</speed>
        </extensions>
      </trkpt>
      <trkpt lat="41.5985102" lon="1.8201281">
        <ele>1073</ele>
        <time>2019-02-25T13:52:05Z</time>
        <hdop>18.204</hdop>
        <extensions>
          <speed>1.75</speed>
        </extensions>
      </trkpt>
      <trkpt lat="41.59838" lon="1.8201024">
        <ele>1071</ele>
        <time>2019-02-25T13:52:11Z</time>
        <hdop>16.687</hdop>
        <extensions>
          <speed>2.09</speed>
        </extensions>
      </trkpt>
      <trkpt lat="41.5983216" lon="1.8200843">
        <ele>1072</ele>
        <time>2019-02-25T13:52:16Z</time>
        <hdop>15.17</hdop>
        <extensions>
          <speed>1.17</speed>
        </extensions>
      </trkpt>
      <trkpt lat="41.5983204" lon="1.8199666">
        <ele>1073</ele>
        <time>2019-02-25T13:52:22Z</time>
        <hdop>15.17</hdop>
        <extensions>
          <speed>1.43</speed>
        </extensions>
      </trkpt>
      <trkpt lat="41.598266" lon="1.8199571">
        <ele>1075</ele>
        <time>2019-02-25T13:52:28Z</time>
        <hdop>16.687</hdop>
        <extensions>
          <speed>0.99</speed>
        </extensions>
      </trkpt>
      <trkpt lat="41.5982064" lon="1.8199605">
        <ele>1072</ele>
        <time>2019-02-25T13:52:34Z</time>
        <hdop>16.687</hdop>
        <extensions>
          <speed>1</speed>
        </extensions>
      </trkpt>
      <trkpt lat="41.5981163" lon="1.8199889">
        <ele>1071</ele>
        <time>2019-02-25T13:52:39Z</time>
        <hdop>15.17</hdop>
        <extensions>
          <speed>1.38</speed>
        </extensions>
      </trkpt>
      <trkpt lat="41.5980119" lon="1.8200188">
        <ele>1073</ele>
        <time>2019-02-25T13:52:45Z</time>
        <hdop>15.17</hdop>
        <extensions>
          <speed>0.91</speed>
        </extensions>
      </trkpt>
      <trkpt lat="41.5979536" lon="1.8200606">
        <ele>1077</ele>
        <time>2019-02-25T13:52:50Z</time>
        <hdop>15.17</hdop>
        <extensions>
          <speed>1.01</speed>
        </extensions>
      </trkpt>
      <trkpt lat="41.5978876" lon="1.8200767">
        <ele>1076</ele>
        <time>2019-02-25T13:52:55Z</time>
        <hdop>15.17</hdop>
        <extensions>
          <speed>1.49</speed>
        </extensions>
      </trkpt>
      <trkpt lat="41.5978419" lon="1.8201156">
        <ele>1078</ele>
        <time>2019-02-25T13:53:00Z</time>
        <hdop>13.653</hdop>
        <extensions>
          <speed>1.39</speed>
        </extensions>
      </trkpt>
      <trkpt lat="41.5977605" lon="1.8202036">
        <ele>1076</ele>
        <time>2019-02-25T13:53:06Z</time>
        <hdop>13.653</hdop>
        <extensions>
          <speed>0.71</speed>
        </extensions>
      </trkpt>
      <trkpt lat="41.5976844" lon="1.8202441">
        <ele>1076</ele>
        <time>2019-02-25T13:53:12Z</time>
        <hdop>15.17</hdop>
        <extensions>
          <speed>1.23</speed>
        </extensions>
      </trkpt>
      <trkpt lat="41.5976131" lon="1.8203021">
        <ele>1077</ele>
        <time>2019-02-25T13:53:17Z</time>
        <hdop>13.653</hdop>
        <extensions>
          <speed>0.75</speed>
        </extensions>
      </trkpt>
      <trkpt lat="41.5975604" lon="1.8203478">
        <ele>1076</ele>
        <time>2019-02-25T13:53:23Z</time>
        <hdop>13.653</hdop>
      </trkpt>
      <trkpt lat="41.5975596" lon="1.8203563">
        <ele>1076</ele>
        <time>2019-02-25T13:53:29Z</time>
        <hdop>13.653</hdop>
      </trkpt>
      <trkpt lat="41.5975587" lon="1.8203621">
        <ele>1075</ele>
        <time>2019-02-25T13:53:34Z</time>
        <hdop>13.653</hdop>
      </trkpt>
      <trkpt lat="41.5975841" lon="1.820382">
        <ele>1074</ele>
        <time>2019-02-25T13:53:40Z</time>
        <hdop>4.551</hdop>
      </trkpt>
      <trkpt lat="41.5975884" lon="1.8203904">
        <ele>1076</ele>
        <time>2019-02-25T13:53:46Z</time>
        <hdop>4.551</hdop>
      </trkpt>
      <trkpt lat="41.5975915" lon="1.8203968">
        <ele>1076</ele>
        <time>2019-02-25T13:53:52Z</time>
        <hdop>4.551</hdop>
      </trkpt>
      <trkpt lat="41.5975906" lon="1.8203891">
        <ele>1076</ele>
        <time>2019-02-25T13:53:57Z</time>
        <hdop>4.551</hdop>
      </trkpt>
      <trkpt lat="41.5975763" lon="1.8203913">
        <ele>1077</ele>
        <time>2019-02-25T13:54:02Z</time>
        <hdop>4.551</hdop>
      </trkpt>
      <trkpt lat="41.59754" lon="1.8204383">
        <ele>1076</ele>
        <time>2019-02-25T13:54:08Z</time>
        <hdop>4.551</hdop>
        <extensions>
          <speed>1.69</speed>
        </extensions>
      </trkpt>
      <trkpt lat="41.5974955" lon="1.820486">
        <ele>1075</ele>
        <time>2019-02-25T13:54:13Z</time>
        <hdop>4.551</hdop>
        <extensions>
          <speed>1.33</speed>
        </extensions>
      </trkpt>
      <trkpt lat="41.5974528" lon="1.8205514">
        <ele>1072</ele>
        <time>2019-02-25T13:54:18Z</time>
        <hdop>4.551</hdop>
        <extensions>
          <speed>1.25</speed>
        </extensions>
      </trkpt>
      <trkpt lat="41.5974011" lon="1.8206489">
        <ele>1073</ele>
        <time>2019-02-25T13:54:24Z</time>
        <hdop>6.068</hdop>
        <extensions>
          <speed>1.7</speed>
        </extensions>
      </trkpt>
      <trkpt lat="41.5974018" lon="1.8207237">
        <ele>1072</ele>
        <time>2019-02-25T13:54:29Z</time>
        <hdop>6.068</hdop>
        <extensions>
          <speed>1.46</speed>
        </extensions>
      </trkpt>
      <trkpt lat="41.5973684" lon="1.8208055">
        <ele>1073</ele>
        <time>2019-02-25T13:54:35Z</time>
        <hdop>4.551</hdop>
        <extensions>
          <speed>1.39</speed>
        </extensions>
      </trkpt>
      <trkpt lat="41.5973129" lon="1.8208546">
        <ele>1073</ele>
        <time>2019-02-25T13:54:41Z</time>
        <hdop>4.551</hdop>
        <extensions>
          <speed>1.53</speed>
        </extensions>
      </trkpt>
      <trkpt lat="41.5972441" lon="1.8208393">
        <ele>1074</ele>
        <time>2019-02-25T13:54:47Z</time>
        <hdop>4.551</hdop>
        <extensions>
          <speed>1.48</speed>
        </extensions>
      </trkpt>
      <trkpt lat="41.5971711" lon="1.8208368">
        <ele>1074</ele>
        <time>2019-02-25T13:54:52Z</time>
        <hdop>4.551</hdop>
        <extensions>
          <speed>1.46</speed>
        </extensions>
      </trkpt>
      <trkpt lat="41.5970813" lon="1.8208561">
        <ele>1076</ele>
        <time>2019-02-25T13:54:58Z</time>
        <hdop>4.551</hdop>
        <extensions>
          <speed>1.38</speed>
        </extensions>
      </trkpt>
      <trkpt lat="41.5969834" lon="1.8208192">
        <ele>1075</ele>
        <time>2019-02-25T13:55:04Z</time>
        <hdop>6.068</hdop>
        <extensions>
          <speed>1.42</speed>
        </extensions>
      </trkpt>
      <trkpt lat="41.5969236" lon="1.8208715">
        <ele>1073</ele>
        <time>2019-02-25T13:55:10Z</time>
        <hdop>6.068</hdop>
        <extensions>
          <speed>0.84</speed>
        </extensions>
      </trkpt>
      <trkpt lat="41.5969256" lon="1.8209242">
        <ele>1072</ele>
        <time>2019-02-25T13:55:16Z</time>
        <hdop>6.068</hdop>
      </trkpt>
      <trkpt lat="41.5968931" lon="1.8209783">
        <ele>1070</ele>
        <time>2019-02-25T13:55:21Z</time>
        <hdop>7.585</hdop>
        <extensions>
          <speed>0.52</speed>
        </extensions>
      </trkpt>
      <trkpt lat="41.5968465" lon="1.8210264">
        <ele>1071</ele>
        <time>2019-02-25T13:55:27Z</time>
        <hdop>6.068</hdop>
        <extensions>
          <speed>0.67</speed>
        </extensions>
      </trkpt>
      <trkpt lat="41.5967604" lon="1.8210349">
        <ele>1069</ele>
        <time>2019-02-25T13:55:33Z</time>
        <hdop>6.068</hdop>
        <extensions>
          <speed>1.79</speed>
        </extensions>
      </trkpt>
      <trkpt lat="41.5966851" lon="1.8210669">
        <ele>1069</ele>
        <time>2019-02-25T13:55:39Z</time>
        <hdop>4.551</hdop>
        <extensions>
          <speed>0.46</speed>
        </extensions>
      </trkpt>
      <trkpt lat="41.5966001" lon="1.8210798">
        <ele>1069</ele>
        <time>2019-02-25T13:55:45Z</time>
        <hdop>4.551</hdop>
        <extensions>
          <speed>2.2</speed>
        </extensions>
      </trkpt>
      <trkpt lat="41.5965295" lon="1.821149">
        <ele>1071</ele>
        <time>2019-02-25T13:55:51Z</time>
        <hdop>6.068</hdop>
        <extensions>
          <speed>1.38</speed>
        </extensions>
      </trkpt>
      <trkpt lat="41.5965054" lon="1.8211757">
        <ele>1071</ele>
        <time>2019-02-25T13:55:56Z</time>
        <hdop>6.068</hdop>
        <extensions>
          <speed>0.42</speed>
        </extensions>
      </trkpt>
      <trkpt lat="41.5964589" lon="1.821214">
        <ele>1073</ele>
        <time>2019-02-25T13:56:01Z</time>
        <hdop>4.551</hdop>
        <extensions>
          <speed>1.48</speed>
        </extensions>
      </trkpt>
      <trkpt lat="41.5963864" lon="1.8212821">
        <ele>1073</ele>
        <time>2019-02-25T13:56:07Z</time>
        <hdop>4.551</hdop>
        <extensions>
          <speed>1.24</speed>
        </extensions>
      </trkpt>
      <trkpt lat="41.59632" lon="1.8213078">
        <ele>1072</ele>
        <time>2019-02-25T13:56:13Z</time>
        <hdop>4.551</hdop>
        <extensions>
          <speed>0.79</speed>
        </extensions>
      </trkpt>
      <trkpt lat="41.5962486" lon="1.8213405">
        <ele>1069</ele>
        <time>2019-02-25T13:56:19Z</time>
        <hdop>4.551</hdop>
        <extensions>
          <speed>1.15</speed>
        </extensions>
      </trkpt>
      <trkpt lat="41.5962248" lon="1.8213177">
        <ele>1067</ele>
        <time>2019-02-25T13:56:24Z</time>
        <hdop>6.068</hdop>
        <extensions>
          <speed>0.86</speed>
        </extensions>
      </trkpt>
      <trkpt lat="41.5961556" lon="1.8213075">
        <ele>1064</ele>
        <time>2019-02-25T13:56:30Z</time>
        <hdop>6.068</hdop>
        <extensions>
          <speed>0.74</speed>
        </extensions>
      </trkpt>
      <trkpt lat="41.5961069" lon="1.8213043">
        <ele>1063</ele>
        <time>2019-02-25T13:56:36Z</time>
        <hdop>6.068</hdop>
        <extensions>
          <speed>0.77</speed>
        </extensions>
      </trkpt>
      <trkpt lat="41.5960203" lon="1.8213361">
        <ele>1064</ele>
        <time>2019-02-25T13:56:42Z</time>
        <hdop>6.068</hdop>
        <extensions>
          <speed>1.84</speed>
        </extensions>
      </trkpt>
      <trkpt lat="41.5959402" lon="1.8213762">
        <ele>1064</ele>
        <time>2019-02-25T13:56:47Z</time>
        <hdop>4.551</hdop>
        <extensions>
          <speed>1.32</speed>
        </extensions>
      </trkpt>
      <trkpt lat="41.5958542" lon="1.8214459">
        <ele>1067</ele>
        <time>2019-02-25T13:56:53Z</time>
        <hdop>4.551</hdop>
        <extensions>
          <speed>1.19</speed>
        </extensions>
      </trkpt>
      <trkpt lat="41.595791" lon="1.821499">
        <ele>1067</ele>
        <time>2019-02-25T13:56:58Z</time>
        <hdop>4.551</hdop>
        <extensions>
          <speed>1.64</speed>
        </extensions>
      </trkpt>
      <trkpt lat="41.5957294" lon="1.8215675">
        <ele>1068</ele>
        <time>2019-02-25T13:57:04Z</time>
        <hdop>4.551</hdop>
        <extensions>
          <speed>1.39</speed>
        </extensions>
      </trkpt>
      <trkpt lat="41.5956574" lon="1.8216679">
        <ele>1066</ele>
        <time>2019-02-25T13:57:10Z</time>
        <hdop>4.551</hdop>
        <extensions>
          <speed>1.44</speed>
        </extensions>
      </trkpt>
      <trkpt lat="41.5956232" lon="1.8216882">
        <ele>1070</ele>
        <time>2019-02-25T13:57:15Z</time>
        <hdop>4.551</hdop>
        <extensions>
          <speed>0.96</speed>
        </extensions>
      </trkpt>
      <trkpt lat="41.5955856" lon="1.8217362">
        <ele>1073</ele>
        <time>2019-02-25T13:57:21Z</time>
        <hdop>4.551</hdop>
        <extensions>
          <speed>0.8</speed>
        </extensions>
      </trkpt>
      <trkpt lat="41.5955396" lon="1.8217942">
        <ele>1073</ele>
        <time>2019-02-25T13:57:26Z</time>
        <hdop>4.551</hdop>
        <extensions>
          <speed>1.8</speed>
        </extensions>
      </trkpt>
      <trkpt lat="41.5954833" lon="1.8218836">
        <ele>1072</ele>
        <time>2019-02-25T13:57:32Z</time>
        <hdop>4.551</hdop>
        <extensions>
          <speed>1.49</speed>
        </extensions>
      </trkpt>
      <trkpt lat="41.5954261" lon="1.821949">
        <ele>1071</ele>
        <time>2019-02-25T13:57:37Z</time>
        <hdop>4.551</hdop>
        <extensions>
          <speed>1.38</speed>
        </extensions>
      </trkpt>
      <trkpt lat="41.5953616" lon="1.8220164">
        <ele>1071</ele>
        <time>2019-02-25T13:57:43Z</time>
        <hdop>4.551</hdop>
        <extensions>
          <speed>1.6</speed>
        </extensions>
      </trkpt>
      <trkpt lat="41.5952906" lon="1.8220413">
        <ele>1071</ele>
        <time>2019-02-25T13:57:49Z</time>
        <hdop>4.551</hdop>
        <extensions>
          <speed>0.4</speed>
        </extensions>
      </trkpt>
      <trkpt lat="41.5952364" lon="1.8220765">
        <ele>1071</ele>
        <time>2019-02-25T13:57:55Z</time>
        <hdop>4.551</hdop>
        <extensions>
          <speed>1.29</speed>
        </extensions>
      </trkpt>
      <trkpt lat="41.5951771" lon="1.8221003">
        <ele>1072</ele>
        <time>2019-02-25T13:58:01Z</time>
        <hdop>4.551</hdop>
        <extensions>
          <speed>1.4</speed>
        </extensions>
      </trkpt>
      <trkpt lat="41.5951109" lon="1.8221332">
        <ele>1074</ele>
        <time>2019-02-25T13:58:07Z</time>
        <hdop>4.551</hdop>
        <extensions>
          <speed>1.11</speed>
        </extensions>
      </trkpt>
      <trkpt lat="41.5950599" lon="1.8221661">
        <ele>1073</ele>
        <time>2019-02-25T13:58:12Z</time>
        <hdop>4.551</hdop>
        <extensions>
          <speed>1.08</speed>
        </extensions>
      </trkpt>
      <trkpt lat="41.5950018" lon="1.822241">
        <ele>1072</ele>
        <time>2019-02-25T13:58:18Z</time>
        <hdop>4.551</hdop>
        <extensions>
          <speed>1.27</speed>
        </extensions>
      </trkpt>
      <trkpt lat="41.5949493" lon="1.822303">
        <ele>1074</ele>
        <time>2019-02-25T13:58:23Z</time>
        <hdop>6.068</hdop>
        <extensions>
          <speed>1.69</speed>
        </extensions>
      </trkpt>
      <trkpt lat="41.5949002" lon="1.8223763">
        <ele>1076</ele>
        <time>2019-02-25T13:58:28Z</time>
        <hdop>6.068</hdop>
        <extensions>
          <speed>0.88</speed>
        </extensions>
      </trkpt>
      <trkpt lat="41.5948704" lon="1.8224477">
        <ele>1076</ele>
        <time>2019-02-25T13:58:34Z</time>
        <hdop>4.551</hdop>
        <extensions>
          <speed>1.61</speed>
        </extensions>
      </trkpt>
      <trkpt lat="41.5948242" lon="1.82249">
        <ele>1076</ele>
        <time>2019-02-25T13:58:40Z</time>
        <hdop>4.551</hdop>
        <extensions>
          <speed>1.13</speed>
        </extensions>
      </trkpt>
      <trkpt lat="41.5947524" lon="1.8225102">
        <ele>1073</ele>
        <time>2019-02-25T13:58:46Z</time>
        <hdop>4.551</hdop>
        <extensions>
          <speed>0.48</speed>
        </extensions>
      </trkpt>
      <trkpt lat="41.5946813" lon="1.8225283">
        <ele>1070</ele>
        <time>2019-02-25T13:58:52Z</time>
        <hdop>4.551</hdop>
        <extensions>
          <speed>1.54</speed>
        </extensions>
      </trkpt>
      <trkpt lat="41.594612" lon="1.8225258">
        <ele>1070</ele>
        <time>2019-02-25T13:58:58Z</time>
        <hdop>6.068</hdop>
        <extensions>
          <speed>0.63</speed>
        </extensions>
      </trkpt>
      <trkpt lat="41.5945632" lon="1.8225102">
        <ele>1072</ele>
        <time>2019-02-25T13:59:03Z</time>
        <hdop>6.068</hdop>
        <extensions>
          <speed>1.07</speed>
        </extensions>
      </trkpt>
      <trkpt lat="41.5944708" lon="1.8225048">
        <ele>1070</ele>
        <time>2019-02-25T13:59:09Z</time>
        <hdop>6.068</hdop>
        <extensions>
          <speed>1.55</speed>
        </extensions>
      </trkpt>
      <trkpt lat="41.5943975" lon="1.8225527">
        <ele>1071</ele>
        <time>2019-02-25T13:59:15Z</time>
        <hdop>4.551</hdop>
        <extensions>
          <speed>1.44</speed>
        </extensions>
      </trkpt>
      <trkpt lat="41.5943611" lon="1.8225492">
        <ele>1070</ele>
        <time>2019-02-25T13:59:21Z</time>
        <hdop>4.551</hdop>
        <extensions>
          <speed>0.84</speed>
        </extensions>
      </trkpt>
      <trkpt lat="41.5943046" lon="1.8225754">
        <ele>1068</ele>
        <time>2019-02-25T13:59:27Z</time>
        <hdop>4.551</hdop>
        <extensions>
          <speed>1.64</speed>
        </extensions>
      </trkpt>
      <trkpt lat="41.5942549" lon="1.8226317">
        <ele>1069</ele>
        <time>2019-02-25T13:59:33Z</time>
        <hdop>4.551</hdop>
        <extensions>
          <speed>1.03</speed>
        </extensions>
      </trkpt>
      <trkpt lat="41.5942014" lon="1.8227033">
        <ele>1070</ele>
        <time>2019-02-25T13:59:39Z</time>
        <hdop>4.551</hdop>
        <extensions>
          <speed>1.35</speed>
        </extensions>
      </trkpt>
      <trkpt lat="41.5941517" lon="1.8227813">
        <ele>1071</ele>
        <time>2019-02-25T13:59:45Z</time>
        <hdop>4.551</hdop>
        <extensions>
          <speed>1.14</speed>
        </extensions>
      </trkpt>
      <trkpt lat="41.5940904" lon="1.8228451">
        <ele>1073</ele>
        <time>2019-02-25T13:59:51Z</time>
        <hdop>4.551</hdop>
        <extensions>
          <speed>0.64</speed>
        </extensions>
      </trkpt>
      <trkpt lat="41.5940379" lon="1.8228872">
        <ele>1074</ele>
        <time>2019-02-25T13:59:56Z</time>
        <hdop>4.551</hdop>
        <extensions>
          <speed>1.14</speed>
        </extensions>
      </trkpt>
      <trkpt lat="41.5939831" lon="1.8229235">
        <ele>1071</ele>
        <time>2019-02-25T14:00:01Z</time>
        <hdop>4.551</hdop>
        <extensions>
          <speed>1.02</speed>
        </extensions>
      </trkpt>
      <trkpt lat="41.5939111" lon="1.822965">
        <ele>1071</ele>
        <time>2019-02-25T14:00:07Z</time>
        <hdop>4.551</hdop>
        <extensions>
          <speed>1.15</speed>
        </extensions>
      </trkpt>
      <trkpt lat="41.5938748" lon="1.8229838">
        <ele>1070</ele>
        <time>2019-02-25T14:00:12Z</time>
        <hdop>4.551</hdop>
        <extensions>
          <speed>0.61</speed>
        </extensions>
      </trkpt>
      <trkpt lat="41.593808" lon="1.8230376">
        <ele>1070</ele>
        <time>2019-02-25T14:00:18Z</time>
        <hdop>4.551</hdop>
      </trkpt>
      <trkpt lat="41.5937582" lon="1.8230606">
        <ele>1070</ele>
        <time>2019-02-25T14:00:24Z</time>
        <hdop>4.551</hdop>
        <extensions>
          <speed>1.06</speed>
        </extensions>
      </trkpt>
      <trkpt lat="41.593687" lon="1.8231035">
        <ele>1067</ele>
        <time>2019-02-25T14:00:30Z</time>
        <hdop>4.551</hdop>
        <extensions>
          <speed>0.75</speed>
        </extensions>
      </trkpt>
      <trkpt lat="41.593663" lon="1.8231056">
        <ele>1067</ele>
        <time>2019-02-25T14:00:35Z</time>
        <hdop>4.551</hdop>
      </trkpt>
      <trkpt lat="41.5936012" lon="1.8231271">
        <ele>1067</ele>
        <time>2019-02-25T14:00:41Z</time>
        <hdop>4.551</hdop>
      </trkpt>
      <trkpt lat="41.5935452" lon="1.8231652">
        <ele>1065</ele>
        <time>2019-02-25T14:00:47Z</time>
        <hdop>4.551</hdop>
        <extensions>
          <speed>0.52</speed>
        </extensions>
      </trkpt>
      <trkpt lat="41.5934902" lon="1.82313">
        <ele>1063</ele>
        <time>2019-02-25T14:00:53Z</time>
        <hdop>4.551</hdop>
        <extensions>
          <speed>1.4</speed>
        </extensions>
      </trkpt>
      <trkpt lat="41.593452" lon="1.823147">
        <ele>1062</ele>
        <time>2019-02-25T14:00:59Z</time>
        <hdop>4.551</hdop>
      </trkpt>
      <trkpt lat="41.5934437" lon="1.8231492">
        <ele>1063</ele>
        <time>2019-02-25T14:01:05Z</time>
        <hdop>4.551</hdop>
      </trkpt>
      <trkpt lat="41.593417" lon="1.8231472">
        <ele>1063</ele>
        <time>2019-02-25T14:01:10Z</time>
        <hdop>4.551</hdop>
        <extensions>
          <speed>0.85</speed>
        </extensions>
      </trkpt>
      <trkpt lat="41.5933698" lon="1.8231287">
        <ele>1064</ele>
        <time>2019-02-25T14:01:15Z</time>
        <hdop>4.551</hdop>
        <extensions>
          <speed>0.72</speed>
        </extensions>
      </trkpt>
      <trkpt lat="41.593303" lon="1.8231076">
        <ele>1066</ele>
        <time>2019-02-25T14:01:21Z</time>
        <hdop>4.551</hdop>
        <extensions>
          <speed>1.54</speed>
        </extensions>
      </trkpt>
      <trkpt lat="41.5932371" lon="1.8231165">
        <ele>1064</ele>
        <time>2019-02-25T14:01:27Z</time>
        <hdop>4.551</hdop>
        <extensions>
          <speed>1.19</speed>
        </extensions>
      </trkpt>
      <trkpt lat="41.5931742" lon="1.823143">
        <ele>1063</ele>
        <time>2019-02-25T14:01:33Z</time>
        <hdop>4.551</hdop>
        <extensions>
          <speed>0.84</speed>
        </extensions>
      </trkpt>
      <trkpt lat="41.5931068" lon="1.8231387">
        <ele>1063</ele>
        <time>2019-02-25T14:01:39Z</time>
        <hdop>4.551</hdop>
        <extensions>
          <speed>1.33</speed>
        </extensions>
      </trkpt>
      <trkpt lat="41.5930476" lon="1.8231398">
        <ele>1065</ele>
        <time>2019-02-25T14:01:44Z</time>
        <hdop>4.551</hdop>
        <extensions>
          <speed>1.42</speed>
        </extensions>
      </trkpt>
      <trkpt lat="41.5930564" lon="1.8230616">
        <ele>1067</ele>
        <time>2019-02-25T14:01:50Z</time>
        <hdop>4.551</hdop>
        <extensions>
          <speed>0.94</speed>
        </extensions>
      </trkpt>
      <trkpt lat="41.5930614" lon="1.823057">
        <ele>1068</ele>
        <time>2019-02-25T14:01:56Z</time>
        <hdop>4.551</hdop>
      </trkpt>
      <trkpt lat="41.5930603" lon="1.823059">
        <ele>1068</ele>
        <time>2019-02-25T14:02:01Z</time>
        <hdop>4.551</hdop>
      </trkpt>
      <trkpt lat="41.5930578" lon="1.8230502">
        <ele>1068</ele>
        <time>2019-02-25T14:02:07Z</time>
        <hdop>4.551</hdop>
      </trkpt>
      <trkpt lat="41.5931004" lon="1.823053">
        <ele>1068</ele>
        <time>2019-02-25T14:02:12Z</time>
        <hdop>4.551</hdop>
        <extensions>
          <speed>0.15</speed>
        </extensions>
      </trkpt>
      <trkpt lat="41.5930356" lon="1.8231146">
        <ele>1067</ele>
        <time>2019-02-25T14:02:18Z</time>
        <hdop>4.551</hdop>
        <extensions>
          <speed>0.78</speed>
        </extensions>
      </trkpt>
      <trkpt lat="41.5929682" lon="1.8231524">
        <ele>1066</ele>
        <time>2019-02-25T14:02:24Z</time>
        <hdop>4.551</hdop>
        <extensions>
          <speed>1.38</speed>
        </extensions>
      </trkpt>
      <trkpt lat="41.5929106" lon="1.8231747">
        <ele>1066</ele>
        <time>2019-02-25T14:02:29Z</time>
        <hdop>4.551</hdop>
        <extensions>
          <speed>1.07</speed>
        </extensions>
      </trkpt>
      <trkpt lat="41.5928534" lon="1.823209">
        <ele>1067</ele>
        <time>2019-02-25T14:02:34Z</time>
        <hdop>4.551</hdop>
        <extensions>
          <speed>1.56</speed>
        </extensions>
      </trkpt>
      <trkpt lat="41.592803" lon="1.8232501">
        <ele>1065</ele>
        <time>2019-02-25T14:02:39Z</time>
        <hdop>4.551</hdop>
        <extensions>
          <speed>1.43</speed>
        </extensions>
      </trkpt>
      <trkpt lat="41.5927468" lon="1.8233135">
        <ele>1064</ele>
        <time>2019-02-25T14:02:45Z</time>
        <hdop>4.551</hdop>
        <extensions>
          <speed>1.46</speed>
        </extensions>
      </trkpt>
      <trkpt lat="41.592709" lon="1.8233656">
        <ele>1065</ele>
        <time>2019-02-25T14:02:51Z</time>
        <hdop>4.551</hdop>
        <extensions>
          <speed>1.33</speed>
        </extensions>
      </trkpt>
      <trkpt lat="41.5926326" lon="1.8234071">
        <ele>1065</ele>
        <time>2019-02-25T14:02:57Z</time>
        <hdop>4.551</hdop>
        <extensions>
          <speed>1.64</speed>
        </extensions>
      </trkpt>
      <trkpt lat="41.5925658" lon="1.8234196">
        <ele>1065</ele>
        <time>2019-02-25T14:03:03Z</time>
        <hdop>4.551</hdop>
        <extensions>
          <speed>1.48</speed>
        </extensions>
      </trkpt>
      <trkpt lat="41.592507" lon="1.8234316">
        <ele>1067</ele>
        <time>2019-02-25T14:03:09Z</time>
        <hdop>4.551</hdop>
        <extensions>
          <speed>1</speed>
        </extensions>
      </trkpt>
      <trkpt lat="41.5925067" lon="1.823377">
        <ele>1067</ele>
        <time>2019-02-25T14:03:15Z</time>
        <hdop>4.551</hdop>
        <extensions>
          <speed>1.9</speed>
        </extensions>
      </trkpt>
      <trkpt lat="41.5925332" lon="1.8233264">
        <ele>1068</ele>
        <time>2019-02-25T14:03:21Z</time>
        <hdop>4.551</hdop>
        <extensions>
          <speed>0.64</speed>
        </extensions>
      </trkpt>
      <trkpt lat="41.5925186" lon="1.8233116">
        <ele>1070</ele>
        <time>2019-02-25T14:03:27Z</time>
        <hdop>4.551</hdop>
        <extensions>
          <speed>0.28</speed>
        </extensions>
      </trkpt>
      <trkpt lat="41.5924884" lon="1.8233292">
        <ele>1070</ele>
        <time>2019-02-25T14:03:32Z</time>
        <hdop>4.551</hdop>
        <extensions>
          <speed>1.37</speed>
        </extensions>
      </trkpt>
      <trkpt lat="41.592409" lon="1.8233594">
        <ele>1070</ele>
        <time>2019-02-25T14:03:38Z</time>
        <hdop>4.551</hdop>
        <extensions>
          <speed>1.14</speed>
        </extensions>
      </trkpt>
      <trkpt lat="41.5923436" lon="1.8233628">
        <ele>1072</ele>
        <time>2019-02-25T14:03:44Z</time>
        <hdop>4.551</hdop>
        <extensions>
          <speed>1.8</speed>
        </extensions>
      </trkpt>
      <trkpt lat="41.5922967" lon="1.8233941">
        <ele>1072</ele>
        <time>2019-02-25T14:03:49Z</time>
        <hdop>4.551</hdop>
        <extensions>
          <speed>1.25</speed>
        </extensions>
      </trkpt>
      <trkpt lat="41.592253" lon="1.82343">
        <ele>1072</ele>
        <time>2019-02-25T14:03:55Z</time>
        <hdop>4.551</hdop>
        <extensions>
          <speed>0.44</speed>
        </extensions>
      </trkpt>
      <trkpt lat="41.592256" lon="1.8234402">
        <ele>1071</ele>
        <time>2019-02-25T14:04:01Z</time>
        <hdop>4.551</hdop>
        <extensions>
          <speed>0.36</speed>
        </extensions>
      </trkpt>
      <trkpt lat="41.5922578" lon="1.8234948">
        <ele>1073</ele>
        <time>2019-02-25T14:04:07Z</time>
        <hdop>4.551</hdop>
        <extensions>
          <speed>0.89</speed>
        </extensions>
      </trkpt>
      <trkpt lat="41.5922541" lon="1.8235387">
        <ele>1073</ele>
        <time>2019-02-25T14:04:12Z</time>
        <hdop>4.551</hdop>
      </trkpt>
      <trkpt lat="41.5922536" lon="1.8235386">
        <ele>1073</ele>
        <time>2019-02-25T14:04:17Z</time>
        <hdop>4.551</hdop>
      </trkpt>
      <trkpt lat="41.5922508" lon="1.8235395">
        <ele>1073</ele>
        <time>2019-02-25T14:04:23Z</time>
        <hdop>4.551</hdop>
      </trkpt>
      <trkpt lat="41.5922506" lon="1.8235398">
        <ele>1073</ele>
        <time>2019-02-25T14:04:28Z</time>
        <hdop>4.551</hdop>
      </trkpt>
      <trkpt lat="41.5922514" lon="1.8235493">
        <ele>1073</ele>
        <time>2019-02-25T14:04:34Z</time>
        <hdop>4.551</hdop>
      </trkpt>
      <trkpt lat="41.5922509" lon="1.8235356">
        <ele>1073</ele>
        <time>2019-02-25T14:04:39Z</time>
        <hdop>4.551</hdop>
        <extensions>
          <speed>0.92</speed>
        </extensions>
      </trkpt>
      <trkpt lat="41.5922588" lon="1.8235216">
        <ele>1074</ele>
        <time>2019-02-25T14:04:45Z</time>
        <hdop>4.551</hdop>
      </trkpt>
      <trkpt lat="41.5922483" lon="1.8234898">
        <ele>1075</ele>
        <time>2019-02-25T14:04:50Z</time>
        <hdop>4.551</hdop>
        <extensions>
          <speed>0.5</speed>
        </extensions>
      </trkpt>
      <trkpt lat="41.5922828" lon="1.8234589">
        <ele>1072</ele>
        <time>2019-02-25T14:04:56Z</time>
        <hdop>4.551</hdop>
        <extensions>
          <speed>1.35</speed>
        </extensions>
      </trkpt>
      <trkpt lat="41.592352" lon="1.8234255">
        <ele>1072</ele>
        <time>2019-02-25T14:05:02Z</time>
        <hdop>4.551</hdop>
        <extensions>
          <speed>1.24</speed>
        </extensions>
      </trkpt>
      <trkpt lat="41.5923585" lon="1.8235004">
        <ele>1072</ele>
        <time>2019-02-25T14:05:08Z</time>
        <hdop>4.551</hdop>
        <extensions>
          <speed>1.07</speed>
        </extensions>
      </trkpt>
      <trkpt lat="41.5923797" lon="1.8235569">
        <ele>1072</ele>
        <time>2019-02-25T14:05:14Z</time>
        <hdop>4.551</hdop>
        <extensions>
          <speed>0.41</speed>
        </extensions>
      </trkpt>
      <trkpt lat="41.5923315" lon="1.823597">
        <ele>1070</ele>
        <time>2019-02-25T14:05:20Z</time>
        <hdop>4.551</hdop>
        <extensions>
          <speed>1.15</speed>
        </extensions>
      </trkpt>
      <trkpt lat="41.592285" lon="1.8236525">
        <ele>1071</ele>
        <time>2019-02-25T14:05:25Z</time>
        <hdop>4.551</hdop>
        <extensions>
          <speed>0.87</speed>
        </extensions>
      </trkpt>
      <trkpt lat="41.592234" lon="1.8237245">
        <ele>1069</ele>
        <time>2019-02-25T14:05:30Z</time>
        <hdop>4.551</hdop>
        <extensions>
          <speed>1.33</speed>
        </extensions>
      </trkpt>
      <trkpt lat="41.5921985" lon="1.8238027">
        <ele>1071</ele>
        <time>2019-02-25T14:05:36Z</time>
        <hdop>4.551</hdop>
        <extensions>
          <speed>1.18</speed>
        </extensions>
      </trkpt>
      <trkpt lat="41.5921991" lon="1.8239063">
        <ele>1070</ele>
        <time>2019-02-25T14:05:42Z</time>
        <hdop>4.551</hdop>
        <extensions>
          <speed>1.61</speed>
        </extensions>
      </trkpt>
      <trkpt lat="41.5921816" lon="1.8239886">
        <ele>1070</ele>
        <time>2019-02-25T14:05:48Z</time>
        <hdop>4.551</hdop>
        <extensions>
          <speed>1.53</speed>
        </extensions>
      </trkpt>
      <trkpt lat="41.5921694" lon="1.8240288">
        <ele>1069</ele>
        <time>2019-02-25T14:05:54Z</time>
        <hdop>4.551</hdop>
      </trkpt>
      <trkpt lat="41.5921342" lon="1.8240603">
        <ele>1066</ele>
        <time>2019-02-25T14:06:00Z</time>
        <hdop>4.551</hdop>
        <extensions>
          <speed>1.81</speed>
        </extensions>
      </trkpt>
      <trkpt lat="41.5921194" lon="1.8241157">
        <ele>1065</ele>
        <time>2019-02-25T14:06:06Z</time>
        <hdop>4.551</hdop>
      </trkpt>
      <trkpt lat="41.5921162" lon="1.8241185">
        <ele>1067</ele>
        <time>2019-02-25T14:06:11Z</time>
        <hdop>4.551</hdop>
      </trkpt>
      <trkpt lat="41.5921088" lon="1.824133">
        <ele>1068</ele>
        <time>2019-02-25T14:06:16Z</time>
        <hdop>4.551</hdop>
        <extensions>
          <speed>0.26</speed>
        </extensions>
      </trkpt>
      <trkpt lat="41.5921114" lon="1.82412">
        <ele>1067</ele>
        <time>2019-02-25T14:06:22Z</time>
        <hdop>4.551</hdop>
      </trkpt>
      <trkpt lat="41.5921094" lon="1.8241224">
        <ele>1067</ele>
        <time>2019-02-25T14:06:27Z</time>
        <hdop>4.551</hdop>
      </trkpt>
      <trkpt lat="41.5921065" lon="1.824127">
        <ele>1068</ele>
        <time>2019-02-25T14:06:33Z</time>
        <hdop>4.551</hdop>
      </trkpt>
      <trkpt lat="41.5920999" lon="1.8241283">
        <ele>1068</ele>
        <time>2019-02-25T14:06:39Z</time>
        <hdop>4.551</hdop>
      </trkpt>
      <trkpt lat="41.5921021" lon="1.8241303">
        <ele>1067</ele>
        <time>2019-02-25T14:06:45Z</time>
        <hdop>4.551</hdop>
      </trkpt>
      <trkpt lat="41.5920962" lon="1.8241128">
        <ele>1069</ele>
        <time>2019-02-25T14:06:51Z</time>
        <hdop>4.551</hdop>
      </trkpt>
      <trkpt lat="41.5920929" lon="1.8241178">
        <ele>1068</ele>
        <time>2019-02-25T14:06:56Z</time>
        <hdop>4.551</hdop>
      </trkpt>
      <trkpt lat="41.5920906" lon="1.8241209">
        <ele>1067</ele>
        <time>2019-02-25T14:07:02Z</time>
        <hdop>4.551</hdop>
      </trkpt>
      <trkpt lat="41.5920889" lon="1.8241249">
        <ele>1066</ele>
        <time>2019-02-25T14:07:07Z</time>
        <hdop>4.551</hdop>
      </trkpt>
      <trkpt lat="41.5920877" lon="1.8241291">
        <ele>1066</ele>
        <time>2019-02-25T14:07:12Z</time>
        <hdop>4.551</hdop>
      </trkpt>
      <trkpt lat="41.5920874" lon="1.8241291">
        <ele>1066</ele>
        <time>2019-02-25T14:07:18Z</time>
        <hdop>4.551</hdop>
      </trkpt>
      <trkpt lat="41.5920875" lon="1.824129">
        <ele>1066</ele>
        <time>2019-02-25T14:07:24Z</time>
        <hdop>7.585</hdop>
      </trkpt>
      <trkpt lat="41.5920873" lon="1.8241291">
        <ele>1066</ele>
        <time>2019-02-25T14:07:30Z</time>
        <hdop>7.585</hdop>
      </trkpt>
      <trkpt lat="41.5920872" lon="1.8241291">
        <ele>1066</ele>
        <time>2019-02-25T14:07:36Z</time>
        <hdop>9.102</hdop>
      </trkpt>
      <trkpt lat="41.5920872" lon="1.8241291">
        <ele>1066</ele>
        <time>2019-02-25T14:07:42Z</time>
        <hdop>4.551</hdop>
      </trkpt>
      <trkpt lat="41.5920872" lon="1.8241291">
        <ele>1066</ele>
        <time>2019-02-25T14:07:47Z</time>
        <hdop>4.551</hdop>
      </trkpt>
      <trkpt lat="41.5920873" lon="1.824129">
        <ele>1066</ele>
        <time>2019-02-25T14:07:52Z</time>
        <hdop>4.551</hdop>
      </trkpt>
      <trkpt lat="41.5920874" lon="1.824129">
        <ele>1066</ele>
        <time>2019-02-25T14:07:58Z</time>
        <hdop>4.551</hdop>
      </trkpt>
      <trkpt lat="41.5920875" lon="1.8241288">
        <ele>1066</ele>
        <time>2019-02-25T14:08:04Z</time>
        <hdop>13.653</hdop>
      </trkpt>
      <trkpt lat="41.5920875" lon="1.8241287">
        <ele>1066</ele>
        <time>2019-02-25T14:08:10Z</time>
        <hdop>13.653</hdop>
      </trkpt>
      <trkpt lat="41.5920802" lon="1.8241334">
        <ele>1064</ele>
        <time>2019-02-25T14:08:16Z</time>
        <hdop>13.653</hdop>
      </trkpt>
      <trkpt lat="41.5920708" lon="1.8241441">
        <ele>1063</ele>
        <time>2019-02-25T14:08:22Z</time>
        <hdop>13.653</hdop>
      </trkpt>
      <trkpt lat="41.5920682" lon="1.8241454">
        <ele>1064</ele>
        <time>2019-02-25T14:08:28Z</time>
        <hdop>13.653</hdop>
      </trkpt>
      <trkpt lat="41.5920707" lon="1.8241445">
        <ele>1065</ele>
        <time>2019-02-25T14:08:34Z</time>
        <hdop>13.653</hdop>
      </trkpt>
      <trkpt lat="41.5920854" lon="1.8241505">
        <ele>1068</ele>
        <time>2019-02-25T14:08:40Z</time>
        <hdop>13.653</hdop>
      </trkpt>
      <trkpt lat="41.5920921" lon="1.8241548">
        <ele>1068</ele>
        <time>2019-02-25T14:08:46Z</time>
        <hdop>13.653</hdop>
      </trkpt>
      <trkpt lat="41.5920971" lon="1.824153">
        <ele>1069</ele>
        <time>2019-02-25T14:08:51Z</time>
        <hdop>13.653</hdop>
      </trkpt>
      <trkpt lat="41.5920934" lon="1.8241522">
        <ele>1068</ele>
        <time>2019-02-25T14:08:56Z</time>
        <hdop>4.551</hdop>
      </trkpt>
      <trkpt lat="41.5920914" lon="1.824152">
        <ele>1069</ele>
        <time>2019-02-25T14:09:02Z</time>
        <hdop>4.551</hdop>
        <extensions>
          <speed>0.15</speed>
        </extensions>
      </trkpt>
      <trkpt lat="41.5920849" lon="1.824155">
        <ele>1070</ele>
        <time>2019-02-25T14:09:08Z</time>
        <hdop>4.551</hdop>
        <extensions>
          <speed>0.3</speed>
        </extensions>
      </trkpt>
      <trkpt lat="41.5920821" lon="1.8241855">
        <ele>1069</ele>
        <time>2019-02-25T14:09:13Z</time>
        <hdop>4.551</hdop>
        <extensions>
          <speed>0.65</speed>
        </extensions>
      </trkpt>
      <trkpt lat="41.5920997" lon="1.8242382">
        <ele>1069</ele>
        <time>2019-02-25T14:09:19Z</time>
        <hdop>4.551</hdop>
        <extensions>
          <speed>1.27</speed>
        </extensions>
      </trkpt>
      <trkpt lat="41.5921087" lon="1.8242898">
        <ele>1068</ele>
        <time>2019-02-25T14:09:24Z</time>
        <hdop>4.551</hdop>
        <extensions>
          <speed>1.07</speed>
        </extensions>
      </trkpt>
      <trkpt lat="41.59214" lon="1.8243449">
        <ele>1070</ele>
        <time>2019-02-25T14:09:30Z</time>
        <hdop>6.068</hdop>
        <extensions>
          <speed>1.13</speed>
        </extensions>
      </trkpt>
      <trkpt lat="41.5921351" lon="1.8243912">
        <ele>1071</ele>
        <time>2019-02-25T14:09:36Z</time>
        <hdop>4.551</hdop>
        <extensions>
          <speed>0.7</speed>
        </extensions>
      </trkpt>
      <trkpt lat="41.5921274" lon="1.8244522">
        <ele>1072</ele>
        <time>2019-02-25T14:09:42Z</time>
        <hdop>4.551</hdop>
        <extensions>
          <speed>0.86</speed>
        </extensions>
      </trkpt>
      <trkpt lat="41.5921049" lon="1.82451">
        <ele>1071</ele>
        <time>2019-02-25T14:09:48Z</time>
        <hdop>4.551</hdop>
        <extensions>
          <speed>0.43</speed>
        </extensions>
      </trkpt>
      <trkpt lat="41.5920639" lon="1.8245556">
        <ele>1072</ele>
        <time>2019-02-25T14:09:54Z</time>
        <hdop>4.551</hdop>
        <extensions>
          <speed>1.23</speed>
        </extensions>
      </trkpt>
      <trkpt lat="41.5920221" lon="1.8246014">
        <ele>1073</ele>
        <time>2019-02-25T14:10:00Z</time>
        <hdop>4.551</hdop>
        <extensions>
          <speed>0.79</speed>
        </extensions>
      </trkpt>
      <trkpt lat="41.5919749" lon="1.8246042">
        <ele>1073</ele>
        <time>2019-02-25T14:10:06Z</time>
        <hdop>4.551</hdop>
        <extensions>
          <speed>0.73</speed>
        </extensions>
      </trkpt>
      <trkpt lat="41.5919382" lon="1.8246095">
        <ele>1074</ele>
        <time>2019-02-25T14:10:12Z</time>
        <hdop>4.551</hdop>
        <extensions>
          <speed>1.69</speed>
        </extensions>
      </trkpt>
      <trkpt lat="41.5919133" lon="1.8246224">
        <ele>1073</ele>
        <time>2019-02-25T14:10:17Z</time>
        <hdop>4.551</hdop>
      </trkpt>
      <trkpt lat="41.5918925" lon="1.824617">
        <ele>1075</ele>
        <time>2019-02-25T14:10:23Z</time>
        <hdop>4.551</hdop>
      </trkpt>
      <trkpt lat="41.5918895" lon="1.8246167">
        <ele>1076</ele>
        <time>2019-02-25T14:10:28Z</time>
        <hdop>4.551</hdop>
        <extensions>
          <speed>0.91</speed>
        </extensions>
      </trkpt>
      <trkpt lat="41.5919109" lon="1.8246418">
        <ele>1072</ele>
        <time>2019-02-25T14:10:34Z</time>
        <hdop>4.551</hdop>
        <extensions>
          <speed>0.31</speed>
        </extensions>
      </trkpt>
      <trkpt lat="41.591907" lon="1.8246468">
        <ele>1074</ele>
        <time>2019-02-25T14:10:39Z</time>
        <hdop>4.551</hdop>
      </trkpt>
      <trkpt lat="41.591914" lon="1.8246399">
        <ele>1073</ele>
        <time>2019-02-25T14:10:45Z</time>
        <hdop>4.551</hdop>
      </trkpt>
      <trkpt lat="41.5919152" lon="1.8246389">
        <ele>1073</ele>
        <time>2019-02-25T14:10:51Z</time>
        <hdop>4.551</hdop>
        <extensions>
          <speed>0.31</speed>
        </extensions>
      </trkpt>
      <trkpt lat="41.5919243" lon="1.824631">
        <ele>1070</ele>
        <time>2019-02-25T14:10:57Z</time>
        <hdop>4.551</hdop>
        <extensions>
          <speed>0.17</speed>
        </extensions>
      </trkpt>
      <trkpt lat="41.5918714" lon="1.8246444">
        <ele>1071</ele>
        <time>2019-02-25T14:11:03Z</time>
        <hdop>4.551</hdop>
        <extensions>
          <speed>0.74</speed>
        </extensions>
      </trkpt>
      <trkpt lat="41.5918622" lon="1.8246581">
        <ele>1072</ele>
        <time>2019-02-25T14:11:08Z</time>
        <hdop>6.068</hdop>
        <extensions>
          <speed>0.93</speed>
        </extensions>
      </trkpt>
      <trkpt lat="41.5918206" lon="1.8246936">
        <ele>1074</ele>
        <time>2019-02-25T14:11:13Z</time>
        <hdop>6.068</hdop>
        <extensions>
          <speed>1.06</speed>
        </extensions>
      </trkpt>
      <trkpt lat="41.5918038" lon="1.8247465">
        <ele>1075</ele>
        <time>2019-02-25T14:11:18Z</time>
        <hdop>4.551</hdop>
        <extensions>
          <speed>1.03</speed>
        </extensions>
      </trkpt>
      <trkpt lat="41.5917622" lon="1.8248071">
        <ele>1075</ele>
        <time>2019-02-25T14:11:24Z</time>
        <hdop>4.551</hdop>
        <extensions>
          <speed>0.68</speed>
        </extensions>
      </trkpt>
      <trkpt lat="41.5917271" lon="1.8248372">
        <ele>1074</ele>
        <time>2019-02-25T14:11:29Z</time>
        <hdop>4.551</hdop>
        <extensions>
          <speed>1.1</speed>
        </extensions>
      </trkpt>
      <trkpt lat="41.5916306" lon="1.8248479">
        <ele>1074</ele>
        <time>2019-02-25T14:11:35Z</time>
        <hdop>6.068</hdop>
        <extensions>
          <speed>1.85</speed>
        </extensions>
      </trkpt>
      <trkpt lat="41.5916104" lon="1.8248676">
        <ele>1078</ele>
        <time>2019-02-25T14:11:41Z</time>
        <hdop>6.068</hdop>
        <extensions>
          <speed>1.05</speed>
        </extensions>
      </trkpt>
      <trkpt lat="41.5915664" lon="1.8248971">
        <ele>1080</ele>
        <time>2019-02-25T14:11:47Z</time>
        <hdop>6.068</hdop>
        <extensions>
          <speed>0.44</speed>
        </extensions>
      </trkpt>
      <trkpt lat="41.5915595" lon="1.8248987">
        <ele>1079</ele>
        <time>2019-02-25T14:11:53Z</time>
        <hdop>4.551</hdop>
        <extensions>
          <speed>0.42</speed>
        </extensions>
      </trkpt>
      <trkpt lat="41.5915655" lon="1.824897">
        <ele>1080</ele>
        <time>2019-02-25T14:11:58Z</time>
        <hdop>9.102</hdop>
      </trkpt>
      <trkpt lat="41.5914916" lon="1.8249258">
        <ele>1079</ele>
        <time>2019-02-25T14:12:04Z</time>
        <hdop>18.204</hdop>
        <extensions>
          <speed>1.49</speed>
        </extensions>
      </trkpt>
      <trkpt lat="41.5913803" lon="1.8249613">
        <ele>1082</ele>
        <time>2019-02-25T14:12:09Z</time>
        <hdop>27.306</hdop>
        <extensions>
          <speed>1.96</speed>
        </extensions>
      </trkpt>
      <trkpt lat="41.591353" lon="1.8249916">
        <ele>1083</ele>
        <time>2019-02-25T14:12:15Z</time>
        <hdop>19.721</hdop>
        <extensions>
          <speed>1.16</speed>
        </extensions>
      </trkpt>
      <trkpt lat="41.5912877" lon="1.8250416">
        <ele>1083</ele>
        <time>2019-02-25T14:12:21Z</time>
        <hdop>10.619</hdop>
        <extensions>
          <speed>1.88</speed>
        </extensions>
      </trkpt>
      <trkpt lat="41.5912491" lon="1.8250299">
        <ele>1083</ele>
        <time>2019-02-25T14:12:26Z</time>
        <hdop>9.102</hdop>
        <extensions>
          <speed>0.43</speed>
        </extensions>
      </trkpt>
      <trkpt lat="41.5912043" lon="1.8250561">
        <ele>1082</ele>
        <time>2019-02-25T14:12:31Z</time>
        <hdop>12.136</hdop>
        <extensions>
          <speed>1.49</speed>
        </extensions>
      </trkpt>
      <trkpt lat="41.591131" lon="1.8250849">
        <ele>1077</ele>
        <time>2019-02-25T14:12:37Z</time>
        <hdop>15.17</hdop>
        <extensions>
          <speed>0.85</speed>
        </extensions>
      </trkpt>
      <trkpt lat="41.591127" lon="1.8250581">
        <ele>1078</ele>
        <time>2019-02-25T14:12:42Z</time>
        <hdop>24.272</hdop>
        <extensions>
          <speed>0.89</speed>
        </extensions>
      </trkpt>
      <trkpt lat="41.5910576" lon="1.8251255">
        <ele>1079</ele>
        <time>2019-02-25T14:12:48Z</time>
        <hdop>13.653</hdop>
        <extensions>
          <speed>1.76</speed>
        </extensions>
      </trkpt>
      <trkpt lat="41.5910064" lon="1.8252084">
        <ele>1078</ele>
        <time>2019-02-25T14:12:53Z</time>
        <hdop>28.823</hdop>
        <extensions>
          <speed>1.39</speed>
        </extensions>
      </trkpt>
      <trkpt lat="41.5909714" lon="1.8252385">
        <ele>1078</ele>
        <time>2019-02-25T14:12:59Z</time>
        <hdop>19.721</hdop>
        <extensions>
          <speed>1.25</speed>
        </extensions>
      </trkpt>
      <trkpt lat="41.590984" lon="1.8253088">
        <ele>1078</ele>
        <time>2019-02-25T14:13:05Z</time>
        <hdop>18.204</hdop>
        <extensions>
          <speed>1.54</speed>
        </extensions>
      </trkpt>
      <trkpt lat="41.5909782" lon="1.8253588">
        <ele>1079</ele>
        <time>2019-02-25T14:13:11Z</time>
        <hdop>10.619</hdop>
        <extensions>
          <speed>1.75</speed>
        </extensions>
      </trkpt>
      <trkpt lat="41.5909404" lon="1.825433">
        <ele>1078</ele>
        <time>2019-02-25T14:13:17Z</time>
        <hdop>12.136</hdop>
        <extensions>
          <speed>1.47</speed>
        </extensions>
      </trkpt>
      <trkpt lat="41.5908748" lon="1.8255034">
        <ele>1079</ele>
        <time>2019-02-25T14:13:22Z</time>
        <hdop>16.687</hdop>
        <extensions>
          <speed>2.34</speed>
        </extensions>
      </trkpt>
      <trkpt lat="41.5908611" lon="1.8256045">
        <ele>1078</ele>
        <time>2019-02-25T14:13:27Z</time>
        <hdop>13.653</hdop>
        <extensions>
          <speed>1.67</speed>
        </extensions>
      </trkpt>
      <trkpt lat="41.5908765" lon="1.8256762">
        <ele>1080</ele>
        <time>2019-02-25T14:13:33Z</time>
        <hdop>13.653</hdop>
        <extensions>
          <speed>0.2</speed>
        </extensions>
      </trkpt>
      <trkpt lat="41.59082" lon="1.8256853">
        <ele>1078</ele>
        <time>2019-02-25T14:13:39Z</time>
        <hdop>12.136</hdop>
        <extensions>
          <speed>1.34</speed>
        </extensions>
      </trkpt>
      <trkpt lat="41.5907515" lon="1.8257042">
        <ele>1083</ele>
        <time>2019-02-25T14:13:45Z</time>
        <hdop>15.17</hdop>
        <extensions>
          <speed>1.53</speed>
        </extensions>
      </trkpt>
      <trkpt lat="41.5906998" lon="1.8257358">
        <ele>1083</ele>
        <time>2019-02-25T14:13:51Z</time>
        <hdop>19.721</hdop>
        <extensions>
          <speed>1.35</speed>
        </extensions>
      </trkpt>
      <trkpt lat="41.5906616" lon="1.8258686">
        <ele>1085</ele>
        <time>2019-02-25T14:13:57Z</time>
        <hdop>16.687</hdop>
        <extensions>
          <speed>1.69</speed>
        </extensions>
      </trkpt>
      <trkpt lat="41.590671" lon="1.8259621">
        <ele>1086</ele>
        <time>2019-02-25T14:14:03Z</time>
        <hdop>16.687</hdop>
        <extensions>
          <speed>1.37</speed>
        </extensions>
      </trkpt>
      <trkpt lat="41.590691" lon="1.8260273">
        <ele>1085</ele>
        <time>2019-02-25T14:14:08Z</time>
        <hdop>15.17</hdop>
        <extensions>
          <speed>1.13</speed>
        </extensions>
      </trkpt>
      <trkpt lat="41.5907058" lon="1.8261037">
        <ele>1087</ele>
        <time>2019-02-25T14:14:14Z</time>
        <hdop>15.17</hdop>
        <extensions>
          <speed>1.23</speed>
        </extensions>
      </trkpt>
      <trkpt lat="41.5907126" lon="1.8261574">
        <ele>1088</ele>
        <time>2019-02-25T14:14:20Z</time>
        <hdop>16.687</hdop>
        <extensions>
          <speed>1.81</speed>
        </extensions>
      </trkpt>
      <trkpt lat="41.5906844" lon="1.8262832">
        <ele>1083</ele>
        <time>2019-02-25T14:14:26Z</time>
        <hdop>16.687</hdop>
        <extensions>
          <speed>1.7</speed>
        </extensions>
      </trkpt>
      <trkpt lat="41.5906039" lon="1.8263252">
        <ele>1077</ele>
        <time>2019-02-25T14:14:32Z</time>
        <hdop>6.068</hdop>
      </trkpt>
      <trkpt lat="41.5905797" lon="1.8263117">
        <ele>1078</ele>
        <time>2019-02-25T14:14:37Z</time>
        <hdop>6.068</hdop>
      </trkpt>
      <trkpt lat="41.5905616" lon="1.8263038">
        <ele>1078</ele>
        <time>2019-02-25T14:14:42Z</time>
        <hdop>7.585</hdop>
      </trkpt>
      <trkpt lat="41.5905422" lon="1.8263207">
        <ele>1078</ele>
        <time>2019-02-25T14:14:48Z</time>
        <hdop>7.585</hdop>
        <extensions>
          <speed>0.94</speed>
        </extensions>
      </trkpt>
      <trkpt lat="41.590539" lon="1.8263402">
        <ele>1077</ele>
        <time>2019-02-25T14:14:54Z</time>
        <hdop>6.068</hdop>
        <extensions>
          <speed>1.5</speed>
        </extensions>
      </trkpt>
      <trkpt lat="41.5905101" lon="1.8263569">
        <ele>1075</ele>
        <time>2019-02-25T14:15:00Z</time>
        <hdop>9.102</hdop>
        <extensions>
          <speed>0.2</speed>
        </extensions>
      </trkpt>
      <trkpt lat="41.5905399" lon="1.8264113">
        <ele>1074</ele>
        <time>2019-02-25T14:15:05Z</time>
        <hdop>15.17</hdop>
        <extensions>
          <speed>1.18</speed>
        </extensions>
      </trkpt>
      <trkpt lat="41.590506" lon="1.8264547">
        <ele>1073</ele>
        <time>2019-02-25T14:15:10Z</time>
        <hdop>13.653</hdop>
      </trkpt>
      <trkpt lat="41.590506" lon="1.8264688">
        <ele>1074</ele>
        <time>2019-02-25T14:15:16Z</time>
        <hdop>16.687</hdop>
      </trkpt>
      <trkpt lat="41.5904992" lon="1.8264775">
        <ele>1074</ele>
        <time>2019-02-25T14:15:21Z</time>
        <hdop>12.136</hdop>
        <extensions>
          <speed>0.5</speed>
        </extensions>
      </trkpt>
      <trkpt lat="41.5904766" lon="1.8265337">
        <ele>1074</ele>
        <time>2019-02-25T14:15:27Z</time>
        <hdop>9.102</hdop>
        <extensions>
          <speed>1.03</speed>
        </extensions>
      </trkpt>
      <trkpt lat="41.5904944" lon="1.8265769">
        <ele>1074</ele>
        <time>2019-02-25T14:15:33Z</time>
        <hdop>9.102</hdop>
        <extensions>
          <speed>0.87</speed>
        </extensions>
      </trkpt>
      <trkpt lat="41.5905136" lon="1.8266591">
        <ele>1077</ele>
        <time>2019-02-25T14:15:39Z</time>
        <hdop>7.585</hdop>
        <extensions>
          <speed>2.04</speed>
        </extensions>
      </trkpt>
      <trkpt lat="41.5904816" lon="1.8267116">
        <ele>1075</ele>
        <time>2019-02-25T14:15:45Z</time>
        <hdop>7.585</hdop>
        <extensions>
          <speed>0.83</speed>
        </extensions>
      </trkpt>
      <trkpt lat="41.5904453" lon="1.8267709">
        <ele>1071</ele>
        <time>2019-02-25T14:15:51Z</time>
        <hdop>9.102</hdop>
        <extensions>
          <speed>1.09</speed>
        </extensions>
      </trkpt>
      <trkpt lat="41.5903759" lon="1.8267925">
        <ele>1072</ele>
        <time>2019-02-25T14:15:57Z</time>
        <hdop>15.17</hdop>
        <extensions>
          <speed>1.12</speed>
        </extensions>
      </trkpt>
      <trkpt lat="41.5903159" lon="1.8268162">
        <ele>1071</ele>
        <time>2019-02-25T14:16:02Z</time>
        <hdop>15.17</hdop>
        <extensions>
          <speed>1.22</speed>
        </extensions>
      </trkpt>
      <trkpt lat="41.5902639" lon="1.826824">
        <ele>1070</ele>
        <time>2019-02-25T14:16:08Z</time>
        <hdop>18.204</hdop>
      </trkpt>
      <trkpt lat="41.5902614" lon="1.8268176">
        <ele>1074</ele>
        <time>2019-02-25T14:16:13Z</time>
        <hdop>19.721</hdop>
        <extensions>
          <speed>0.68</speed>
        </extensions>
      </trkpt>
      <trkpt lat="41.5902183" lon="1.8268121">
        <ele>1070</ele>
        <time>2019-02-25T14:16:18Z</time>
        <hdop>18.204</hdop>
        <extensions>
          <speed>0.57</speed>
        </extensions>
      </trkpt>
      <trkpt lat="41.5901287" lon="1.8267911">
        <ele>1063</ele>
        <time>2019-02-25T14:16:24Z</time>
        <hdop>16.687</hdop>
        <extensions>
          <speed>1.52</speed>
        </extensions>
      </trkpt>
      <trkpt lat="41.5900645" lon="1.8267474">
        <ele>1065</ele>
        <time>2019-02-25T14:16:30Z</time>
        <hdop>16.687</hdop>
        <extensions>
          <speed>1.66</speed>
        </extensions>
      </trkpt>
      <trkpt lat="41.5899983" lon="1.8267621">
        <ele>1066</ele>
        <time>2019-02-25T14:16:36Z</time>
        <hdop>18.204</hdop>
        <extensions>
          <speed>0.83</speed>
        </extensions>
      </trkpt>
      <trkpt lat="41.5899468" lon="1.8268324">
        <ele>1064</ele>
        <time>2019-02-25T14:16:41Z</time>
        <hdop>22.755</hdop>
        <extensions>
          <speed>1.41</speed>
        </extensions>
      </trkpt>
      <trkpt lat="41.58991" lon="1.8269101">
        <ele>1067</ele>
        <time>2019-02-25T14:16:47Z</time>
        <hdop>28.823</hdop>
        <extensions>
          <speed>0.89</speed>
        </extensions>
      </trkpt>
      <trkpt lat="41.5898618" lon="1.8269856">
        <ele>1067</ele>
        <time>2019-02-25T14:16:52Z</time>
        <hdop>28.823</hdop>
        <extensions>
          <speed>1.32</speed>
        </extensions>
      </trkpt>
      <trkpt lat="41.5899155" lon="1.8270779">
        <ele>1070</ele>
        <time>2019-02-25T14:16:57Z</time>
        <hdop>19.721</hdop>
        <extensions>
          <speed>1.47</speed>
        </extensions>
      </trkpt>
      <trkpt lat="41.5899529" lon="1.8271601">
        <ele>1066</ele>
        <time>2019-02-25T14:17:03Z</time>
        <hdop>18.204</hdop>
        <extensions>
          <speed>1.09</speed>
        </extensions>
      </trkpt>
      <trkpt lat="41.5899361" lon="1.8271978">
        <ele>1066</ele>
        <time>2019-02-25T14:17:08Z</time>
        <hdop>16.687</hdop>
        <extensions>
          <speed>0.85</speed>
        </extensions>
      </trkpt>
      <trkpt lat="41.5898748" lon="1.8272221">
        <ele>1063</ele>
        <time>2019-02-25T14:17:14Z</time>
        <hdop>9.102</hdop>
        <extensions>
          <speed>1.28</speed>
        </extensions>
      </trkpt>
      <trkpt lat="41.589806" lon="1.827252">
        <ele>1062</ele>
        <time>2019-02-25T14:17:19Z</time>
        <hdop>7.585</hdop>
        <extensions>
          <speed>1.21</speed>
        </extensions>
      </trkpt>
      <trkpt lat="41.5897577" lon="1.8272869">
        <ele>1064</ele>
        <time>2019-02-25T14:17:25Z</time>
        <hdop>9.102</hdop>
        <extensions>
          <speed>1.05</speed>
        </extensions>
      </trkpt>
      <trkpt lat="41.5897519" lon="1.8272841">
        <ele>1065</ele>
        <time>2019-02-25T14:17:31Z</time>
        <hdop>10.619</hdop>
      </trkpt>
      <trkpt lat="41.5897458" lon="1.8272876">
        <ele>1065</ele>
        <time>2019-02-25T14:17:37Z</time>
        <hdop>16.687</hdop>
      </trkpt>
      <trkpt lat="41.5897456" lon="1.8272896">
        <ele>1065</ele>
        <time>2019-02-25T14:17:43Z</time>
        <hdop>16.687</hdop>
      </trkpt>
      <trkpt lat="41.5897753" lon="1.8273801">
        <ele>1064</ele>
        <time>2019-02-25T14:17:49Z</time>
        <hdop>13.653</hdop>
        <extensions>
          <speed>1.6</speed>
        </extensions>
      </trkpt>
      <trkpt lat="41.5897846" lon="1.8275017">
        <ele>1062</ele>
        <time>2019-02-25T14:17:54Z</time>
        <hdop>13.653</hdop>
        <extensions>
          <speed>0.98</speed>
        </extensions>
      </trkpt>
      <trkpt lat="41.5897874" lon="1.8275776">
        <ele>1064</ele>
        <time>2019-02-25T14:17:59Z</time>
        <hdop>10.619</hdop>
        <extensions>
          <speed>0.84</speed>
        </extensions>
      </trkpt>
      <trkpt lat="41.589737" lon="1.8276594">
        <ele>1059</ele>
        <time>2019-02-25T14:18:05Z</time>
        <hdop>9.102</hdop>
        <extensions>
          <speed>0.67</speed>
        </extensions>
      </trkpt>
      <trkpt lat="41.5896554" lon="1.8277335">
        <ele>1057</ele>
        <time>2019-02-25T14:18:11Z</time>
        <hdop>12.136</hdop>
        <extensions>
          <speed>1.15</speed>
        </extensions>
      </trkpt>
      <trkpt lat="41.5896258" lon="1.8278373">
        <ele>1059</ele>
        <time>2019-02-25T14:18:16Z</time>
        <hdop>15.17</hdop>
        <extensions>
          <speed>0.93</speed>
        </extensions>
      </trkpt>
      <trkpt lat="41.5895616" lon="1.8278734">
        <ele>1059</ele>
        <time>2019-02-25T14:18:22Z</time>
        <hdop>15.17</hdop>
        <extensions>
          <speed>1.31</speed>
        </extensions>
      </trkpt>
      <trkpt lat="41.5895004" lon="1.8279347">
        <ele>1056</ele>
        <time>2019-02-25T14:18:28Z</time>
        <hdop>16.687</hdop>
        <extensions>
          <speed>0.61</speed>
        </extensions>
      </trkpt>
      <trkpt lat="41.5895415" lon="1.8280108">
        <ele>1057</ele>
        <time>2019-02-25T14:18:34Z</time>
        <hdop>16.687</hdop>
        <extensions>
          <speed>0.68</speed>
        </extensions>
      </trkpt>
      <trkpt lat="41.5895122" lon="1.8281188">
        <ele>1055</ele>
        <time>2019-02-25T14:18:40Z</time>
        <hdop>16.687</hdop>
        <extensions>
          <speed>1.74</speed>
        </extensions>
      </trkpt>
      <trkpt lat="41.5895339" lon="1.828222">
        <ele>1056</ele>
        <time>2019-02-25T14:18:45Z</time>
        <hdop>13.653</hdop>
        <extensions>
          <speed>1.72</speed>
        </extensions>
      </trkpt>
      <trkpt lat="41.5895499" lon="1.8282928">
        <ele>1059</ele>
        <time>2019-02-25T14:18:50Z</time>
        <hdop>13.653</hdop>
        <extensions>
          <speed>1.08</speed>
        </extensions>
      </trkpt>
      <trkpt lat="41.5895501" lon="1.8283554">
        <ele>1060</ele>
        <time>2019-02-25T14:18:56Z</time>
        <hdop>15.17</hdop>
        <extensions>
          <speed>1.09</speed>
        </extensions>
      </trkpt>
      <trkpt lat="41.5895204" lon="1.828411">
        <ele>1057</ele>
        <time>2019-02-25T14:19:02Z</time>
        <hdop>15.17</hdop>
        <extensions>
          <speed>0.2</speed>
        </extensions>
      </trkpt>
      <trkpt lat="41.5895195" lon="1.8284278">
        <ele>1057</ele>
        <time>2019-02-25T14:19:07Z</time>
        <hdop>9.102</hdop>
      </trkpt>
      <trkpt lat="41.5895226" lon="1.8284294">
        <ele>1056</ele>
        <time>2019-02-25T14:19:13Z</time>
        <hdop>9.102</hdop>
      </trkpt>
      <trkpt lat="41.5895217" lon="1.8284261">
        <ele>1056</ele>
        <time>2019-02-25T14:19:18Z</time>
        <hdop>6.068</hdop>
      </trkpt>
      <trkpt lat="41.5895267" lon="1.8284482">
        <ele>1056</ele>
        <time>2019-02-25T14:19:24Z</time>
        <hdop>6.068</hdop>
        <extensions>
          <speed>1.64</speed>
        </extensions>
      </trkpt>
      <trkpt lat="41.5895132" lon="1.8285533">
        <ele>1056</ele>
        <time>2019-02-25T14:19:30Z</time>
        <hdop>7.585</hdop>
        <extensions>
          <speed>0.41</speed>
        </extensions>
      </trkpt>
      <trkpt lat="41.5894938" lon="1.8286185">
        <ele>1057</ele>
        <time>2019-02-25T14:19:35Z</time>
        <hdop>7.585</hdop>
        <extensions>
          <speed>1.3</speed>
        </extensions>
      </trkpt>
      <trkpt lat="41.5894569" lon="1.8287086">
        <ele>1058</ele>
        <time>2019-02-25T14:19:41Z</time>
        <hdop>9.102</hdop>
        <extensions>
          <speed>1.04</speed>
        </extensions>
      </trkpt>
      <trkpt lat="41.5894593" lon="1.8288343">
        <ele>1053</ele>
        <time>2019-02-25T14:19:47Z</time>
        <hdop>7.585</hdop>
        <extensions>
          <speed>1.75</speed>
        </extensions>
      </trkpt>
      <trkpt lat="41.5894621" lon="1.8289256">
        <ele>1054</ele>
        <time>2019-02-25T14:19:53Z</time>
        <hdop>9.102</hdop>
        <extensions>
          <speed>0.39</speed>
        </extensions>
      </trkpt>
      <trkpt lat="41.5894398" lon="1.8289945">
        <ele>1052</ele>
        <time>2019-02-25T14:19:59Z</time>
        <hdop>9.102</hdop>
        <extensions>
          <speed>0.43</speed>
        </extensions>
      </trkpt>
      <trkpt lat="41.5894384" lon="1.8290725">
        <ele>1049</ele>
        <time>2019-02-25T14:20:05Z</time>
        <hdop>10.619</hdop>
        <extensions>
          <speed>0.99</speed>
        </extensions>
      </trkpt>
      <trkpt lat="41.589428" lon="1.8291419">
        <ele>1047</ele>
        <time>2019-02-25T14:20:10Z</time>
        <hdop>12.136</hdop>
        <extensions>
          <speed>1.34</speed>
        </extensions>
      </trkpt>
      <trkpt lat="41.5894332" lon="1.8292474">
        <ele>1045</ele>
        <time>2019-02-25T14:20:15Z</time>
        <hdop>15.17</hdop>
        <extensions>
          <speed>0.87</speed>
        </extensions>
      </trkpt>
      <trkpt lat="41.5894332" lon="1.8293262">
        <ele>1045</ele>
        <time>2019-02-25T14:20:21Z</time>
        <hdop>15.17</hdop>
        <extensions>
          <speed>1.29</speed>
        </extensions>
      </trkpt>
      <trkpt lat="41.5893949" lon="1.8293994">
        <ele>1043</ele>
        <time>2019-02-25T14:20:26Z</time>
        <hdop>7.585</hdop>
        <extensions>
          <speed>0.75</speed>
        </extensions>
      </trkpt>
      <trkpt lat="41.5893726" lon="1.829439">
        <ele>1045</ele>
        <time>2019-02-25T14:20:31Z</time>
        <hdop>4.551</hdop>
        <extensions>
          <speed>1.04</speed>
        </extensions>
      </trkpt>
      <trkpt lat="41.5893144" lon="1.8295069">
        <ele>1040</ele>
        <time>2019-02-25T14:20:37Z</time>
        <hdop>4.551</hdop>
        <extensions>
          <speed>1.29</speed>
        </extensions>
      </trkpt>
      <trkpt lat="41.5892293" lon="1.8295595">
        <ele>1039</ele>
        <time>2019-02-25T14:20:43Z</time>
        <hdop>4.551</hdop>
        <extensions>
          <speed>1.76</speed>
        </extensions>
      </trkpt>
      <trkpt lat="41.5891504" lon="1.8295983">
        <ele>1036</ele>
        <time>2019-02-25T14:20:49Z</time>
        <hdop>4.551</hdop>
        <extensions>
          <speed>1.58</speed>
        </extensions>
      </trkpt>
      <trkpt lat="41.5890906" lon="1.8296251">
        <ele>1037</ele>
        <time>2019-02-25T14:20:55Z</time>
        <hdop>4.551</hdop>
        <extensions>
          <speed>1.38</speed>
        </extensions>
      </trkpt>
      <trkpt lat="41.5890207" lon="1.8296109">
        <ele>1038</ele>
        <time>2019-02-25T14:21:01Z</time>
        <hdop>4.551</hdop>
        <extensions>
          <speed>0.86</speed>
        </extensions>
      </trkpt>
      <trkpt lat="41.5889495" lon="1.8295732">
        <ele>1037</ele>
        <time>2019-02-25T14:21:07Z</time>
        <hdop>7.585</hdop>
        <extensions>
          <speed>1.56</speed>
        </extensions>
      </trkpt>
      <trkpt lat="41.5889085" lon="1.8295388">
        <ele>1037</ele>
        <time>2019-02-25T14:21:12Z</time>
        <hdop>9.102</hdop>
        <extensions>
          <speed>0.76</speed>
        </extensions>
      </trkpt>
      <trkpt lat="41.5889009" lon="1.82954">
        <ele>1039</ele>
        <time>2019-02-25T14:21:18Z</time>
        <hdop>12.136</hdop>
      </trkpt>
      <trkpt lat="41.5888854" lon="1.8295553">
        <ele>1040</ele>
        <time>2019-02-25T14:21:23Z</time>
        <hdop>10.619</hdop>
        <extensions>
          <speed>1.57</speed>
        </extensions>
      </trkpt>
      <trkpt lat="41.5888016" lon="1.8296197">
        <ele>1044</ele>
        <time>2019-02-25T14:21:29Z</time>
        <hdop>15.17</hdop>
        <extensions>
          <speed>2.34</speed>
        </extensions>
      </trkpt>
      <trkpt lat="41.5887304" lon="1.8297177">
        <ele>1047</ele>
        <time>2019-02-25T14:21:35Z</time>
        <hdop>12.136</hdop>
        <extensions>
          <speed>0.91</speed>
        </extensions>
      </trkpt>
      <trkpt lat="41.5887286" lon="1.8298211">
        <ele>1048</ele>
        <time>2019-02-25T14:21:41Z</time>
        <hdop>18.204</hdop>
        <extensions>
          <speed>0.73</speed>
        </extensions>
      </trkpt>
      <trkpt lat="41.5887797" lon="1.8298836">
        <ele>1048</ele>
        <time>2019-02-25T14:21:46Z</time>
        <hdop>16.687</hdop>
        <extensions>
          <speed>0.85</speed>
        </extensions>
      </trkpt>
      <trkpt lat="41.5887852" lon="1.8299648">
        <ele>1046</ele>
        <time>2019-02-25T14:21:51Z</time>
        <hdop>15.17</hdop>
        <extensions>
          <speed>0.74</speed>
        </extensions>
      </trkpt>
      <trkpt lat="41.5887842" lon="1.8300101">
        <ele>1045</ele>
        <time>2019-02-25T14:21:56Z</time>
        <hdop>15.17</hdop>
        <extensions>
          <speed>1.65</speed>
        </extensions>
      </trkpt>
      <trkpt lat="41.588791" lon="1.8301358">
        <ele>1046</ele>
        <time>2019-02-25T14:22:02Z</time>
        <hdop>13.653</hdop>
        <extensions>
          <speed>1.38</speed>
        </extensions>
      </trkpt>
      <trkpt lat="41.5888164" lon="1.8301803">
        <ele>1043</ele>
        <time>2019-02-25T14:22:07Z</time>
        <hdop>13.653</hdop>
        <extensions>
          <speed>1.35</speed>
        </extensions>
      </trkpt>
      <trkpt lat="41.588833" lon="1.8302616">
        <ele>1042</ele>
        <time>2019-02-25T14:22:13Z</time>
        <hdop>13.653</hdop>
        <extensions>
          <speed>1</speed>
        </extensions>
      </trkpt>
      <trkpt lat="41.5888599" lon="1.8303452">
        <ele>1040</ele>
        <time>2019-02-25T14:22:19Z</time>
        <hdop>4.551</hdop>
        <extensions>
          <speed>1.54</speed>
        </extensions>
      </trkpt>
      <trkpt lat="41.5888592" lon="1.830425">
        <ele>1039</ele>
        <time>2019-02-25T14:22:25Z</time>
        <hdop>4.551</hdop>
        <extensions>
          <speed>1.19</speed>
        </extensions>
      </trkpt>
      <trkpt lat="41.5888825" lon="1.8304777">
        <ele>1041</ele>
        <time>2019-02-25T14:22:30Z</time>
        <hdop>6.068</hdop>
        <extensions>
          <speed>0.94</speed>
        </extensions>
      </trkpt>
      <trkpt lat="41.5888995" lon="1.8305563">
        <ele>1042</ele>
        <time>2019-02-25T14:22:36Z</time>
        <hdop>6.068</hdop>
        <extensions>
          <speed>1.24</speed>
        </extensions>
      </trkpt>
      <trkpt lat="41.5889032" lon="1.8306045">
        <ele>1040</ele>
        <time>2019-02-25T14:22:41Z</time>
        <hdop>6.068</hdop>
        <extensions>
          <speed>1.05</speed>
        </extensions>
      </trkpt>
      <trkpt lat="41.5888553" lon="1.8306928">
        <ele>1037</ele>
        <time>2019-02-25T14:22:47Z</time>
        <hdop>6.068</hdop>
        <extensions>
          <speed>1.32</speed>
        </extensions>
      </trkpt>
      <trkpt lat="41.5888422" lon="1.8307699">
        <ele>1037</ele>
        <time>2019-02-25T14:22:53Z</time>
        <hdop>6.068</hdop>
        <extensions>
          <speed>1.59</speed>
        </extensions>
      </trkpt>
      <trkpt lat="41.5888336" lon="1.8308156">
        <ele>1036</ele>
        <time>2019-02-25T14:22:59Z</time>
        <hdop>6.068</hdop>
      </trkpt>
      <trkpt lat="41.5888308" lon="1.830901">
        <ele>1031</ele>
        <time>2019-02-25T14:23:05Z</time>
        <hdop>6.068</hdop>
        <extensions>
          <speed>1.15</speed>
        </extensions>
      </trkpt>
      <trkpt lat="41.588835" lon="1.8310232">
        <ele>1031</ele>
        <time>2019-02-25T14:23:11Z</time>
        <hdop>7.585</hdop>
        <extensions>
          <speed>1.1</speed>
        </extensions>
      </trkpt>
      <trkpt lat="41.5888798" lon="1.8310933">
        <ele>1031</ele>
        <time>2019-02-25T14:23:17Z</time>
        <hdop>6.068</hdop>
      </trkpt>
      <trkpt lat="41.5888782" lon="1.8311007">
        <ele>1031</ele>
        <time>2019-02-25T14:23:22Z</time>
        <hdop>7.585</hdop>
      </trkpt>
      <trkpt lat="41.5888793" lon="1.8311083">
        <ele>1031</ele>
        <time>2019-02-25T14:23:28Z</time>
        <hdop>6.068</hdop>
        <extensions>
          <speed>0.56</speed>
        </extensions>
      </trkpt>
      <trkpt lat="41.5888939" lon="1.8311759">
        <ele>1030</ele>
        <time>2019-02-25T14:23:34Z</time>
        <hdop>6.068</hdop>
        <extensions>
          <speed>0.64</speed>
        </extensions>
      </trkpt>
      <trkpt lat="41.5889199" lon="1.8312551">
        <ele>1032</ele>
        <time>2019-02-25T14:23:40Z</time>
        <hdop>7.585</hdop>
        <extensions>
          <speed>0.73</speed>
        </extensions>
      </trkpt>
      <trkpt lat="41.5889221" lon="1.8313564">
        <ele>1032</ele>
        <time>2019-02-25T14:23:46Z</time>
        <hdop>9.102</hdop>
        <extensions>
          <speed>1.07</speed>
        </extensions>
      </trkpt>
      <trkpt lat="41.5889386" lon="1.8314333">
        <ele>1032</ele>
        <time>2019-02-25T14:23:52Z</time>
        <hdop>7.585</hdop>
        <extensions>
          <speed>1.63</speed>
        </extensions>
      </trkpt>
      <trkpt lat="41.5889519" lon="1.8315472">
        <ele>1031</ele>
        <time>2019-02-25T14:23:58Z</time>
        <hdop>6.068</hdop>
        <extensions>
          <speed>1.53</speed>
        </extensions>
      </trkpt>
      <trkpt lat="41.588945" lon="1.8316502">
        <ele>1031</ele>
        <time>2019-02-25T14:24:03Z</time>
        <hdop>6.068</hdop>
        <extensions>
          <speed>1.25</speed>
        </extensions>
      </trkpt>
      <trkpt lat="41.5889506" lon="1.8317539">
        <ele>1032</ele>
        <time>2019-02-25T14:24:09Z</time>
        <hdop>7.585</hdop>
        <extensions>
          <speed>1.61</speed>
        </extensions>
      </trkpt>
      <trkpt lat="41.5889902" lon="1.8318396">
        <ele>1031</ele>
        <time>2019-02-25T14:24:15Z</time>
        <hdop>6.068</hdop>
        <extensions>
          <speed>1.72</speed>
        </extensions>
      </trkpt>
      <trkpt lat="41.5889896" lon="1.8319531">
        <ele>1028</ele>
        <time>2019-02-25T14:24:21Z</time>
        <hdop>6.068</hdop>
        <extensions>
          <speed>1.08</speed>
        </extensions>
      </trkpt>
      <trkpt lat="41.5890209" lon="1.8320416">
        <ele>1028</ele>
        <time>2019-02-25T14:24:26Z</time>
        <hdop>6.068</hdop>
        <extensions>
          <speed>1.85</speed>
        </extensions>
      </trkpt>
      <trkpt lat="41.5890463" lon="1.8321253">
        <ele>1030</ele>
        <time>2019-02-25T14:24:32Z</time>
        <hdop>6.068</hdop>
        <extensions>
          <speed>1.79</speed>
        </extensions>
      </trkpt>
      <trkpt lat="41.5890668" lon="1.8321978">
        <ele>1030</ele>
        <time>2019-02-25T14:24:37Z</time>
        <hdop>6.068</hdop>
        <extensions>
          <speed>1.06</speed>
        </extensions>
      </trkpt>
      <trkpt lat="41.5891295" lon="1.8322625">
        <ele>1031</ele>
        <time>2019-02-25T14:24:43Z</time>
        <hdop>15.17</hdop>
        <extensions>
          <speed>1.47</speed>
        </extensions>
      </trkpt>
      <trkpt lat="41.5891804" lon="1.8323368">
        <ele>1027</ele>
        <time>2019-02-25T14:24:49Z</time>
        <hdop>15.17</hdop>
        <extensions>
          <speed>1.34</speed>
        </extensions>
      </trkpt>
      <trkpt lat="41.589222" lon="1.8323876">
        <ele>1028</ele>
        <time>2019-02-25T14:24:55Z</time>
        <hdop>7.585</hdop>
        <extensions>
          <speed>0.91</speed>
        </extensions>
      </trkpt>
      <trkpt lat="41.5892361" lon="1.8324723">
        <ele>1027</ele>
        <time>2019-02-25T14:25:01Z</time>
        <hdop>4.551</hdop>
        <extensions>
          <speed>0.98</speed>
        </extensions>
      </trkpt>
      <trkpt lat="41.5892328" lon="1.8325553">
        <ele>1028</ele>
        <time>2019-02-25T14:25:07Z</time>
        <hdop>6.068</hdop>
        <extensions>
          <speed>0.98</speed>
        </extensions>
      </trkpt>
      <trkpt lat="41.5892171" lon="1.8326123">
        <ele>1028</ele>
        <time>2019-02-25T14:25:13Z</time>
        <hdop>4.551</hdop>
        <extensions>
          <speed>1.6</speed>
        </extensions>
      </trkpt>
      <trkpt lat="41.5892496" lon="1.8327181">
        <ele>1022</ele>
        <time>2019-02-25T14:25:19Z</time>
        <hdop>6.068</hdop>
        <extensions>
          <speed>1.67</speed>
        </extensions>
      </trkpt>
      <trkpt lat="41.5892826" lon="1.8327992">
        <ele>1023</ele>
        <time>2019-02-25T14:25:24Z</time>
        <hdop>4.551</hdop>
        <extensions>
          <speed>0.82</speed>
        </extensions>
      </trkpt>
      <trkpt lat="41.5893334" lon="1.8328511">
        <ele>1023</ele>
        <time>2019-02-25T14:25:29Z</time>
        <hdop>4.551</hdop>
        <extensions>
          <speed>1.26</speed>
        </extensions>
      </trkpt>
      <trkpt lat="41.5893617" lon="1.8329071">
        <ele>1023</ele>
        <time>2019-02-25T14:25:35Z</time>
        <hdop>4.551</hdop>
        <extensions>
          <speed>0.74</speed>
        </extensions>
      </trkpt>
      <trkpt lat="41.5893426" lon="1.8329257">
        <ele>1022</ele>
        <time>2019-02-25T14:25:41Z</time>
        <hdop>4.551</hdop>
      </trkpt>
      <trkpt lat="41.5893341" lon="1.8329274">
        <ele>1022</ele>
        <time>2019-02-25T14:25:47Z</time>
        <hdop>4.551</hdop>
        <extensions>
          <speed>0.22</speed>
        </extensions>
      </trkpt>
      <trkpt lat="41.5893434" lon="1.8329304">
        <ele>1023</ele>
        <time>2019-02-25T14:25:53Z</time>
        <hdop>4.551</hdop>
      </trkpt>
      <trkpt lat="41.5893407" lon="1.8329368">
        <ele>1022</ele>
        <time>2019-02-25T14:25:59Z</time>
        <hdop>4.551</hdop>
      </trkpt>
      <trkpt lat="41.5893416" lon="1.832936">
        <ele>1022</ele>
        <time>2019-02-25T14:26:04Z</time>
        <hdop>4.551</hdop>
      </trkpt>
      <trkpt lat="41.5893325" lon="1.8329642">
        <ele>1021</ele>
        <time>2019-02-25T14:26:10Z</time>
        <hdop>4.551</hdop>
        <extensions>
          <speed>0.65</speed>
        </extensions>
      </trkpt>
      <trkpt lat="41.5892842" lon="1.8329668">
        <ele>1023</ele>
        <time>2019-02-25T14:26:16Z</time>
        <hdop>4.551</hdop>
        <extensions>
          <speed>0.78</speed>
        </extensions>
      </trkpt>
      <trkpt lat="41.5892146" lon="1.8329958">
        <ele>1022</ele>
        <time>2019-02-25T14:26:22Z</time>
        <hdop>4.551</hdop>
        <extensions>
          <speed>1.69</speed>
        </extensions>
      </trkpt>
      <trkpt lat="41.5891624" lon="1.8330154">
        <ele>1022</ele>
        <time>2019-02-25T14:26:27Z</time>
        <hdop>4.551</hdop>
        <extensions>
          <speed>1.11</speed>
        </extensions>
      </trkpt>
      <trkpt lat="41.589117" lon="1.83304">
        <ele>1026</ele>
        <time>2019-02-25T14:26:33Z</time>
        <hdop>4.551</hdop>
        <extensions>
          <speed>1.37</speed>
        </extensions>
      </trkpt>
      <trkpt lat="41.5890559" lon="1.833073">
        <ele>1026</ele>
        <time>2019-02-25T14:26:39Z</time>
        <hdop>4.551</hdop>
        <extensions>
          <speed>1.21</speed>
        </extensions>
      </trkpt>
      <trkpt lat="41.5889801" lon="1.8331264">
        <ele>1025</ele>
        <time>2019-02-25T14:26:45Z</time>
        <hdop>4.551</hdop>
        <extensions>
          <speed>1.17</speed>
        </extensions>
      </trkpt>
      <trkpt lat="41.5888982" lon="1.8331388">
        <ele>1023</ele>
        <time>2019-02-25T14:26:51Z</time>
        <hdop>4.551</hdop>
        <extensions>
          <speed>1.36</speed>
        </extensions>
      </trkpt>
      <trkpt lat="41.5888387" lon="1.833145">
        <ele>1022</ele>
        <time>2019-02-25T14:26:57Z</time>
        <hdop>4.551</hdop>
        <extensions>
          <speed>1.36</speed>
        </extensions>
      </trkpt>
      <trkpt lat="41.5887944" lon="1.8331661">
        <ele>1023</ele>
        <time>2019-02-25T14:27:02Z</time>
        <hdop>4.551</hdop>
        <extensions>
          <speed>0.75</speed>
        </extensions>
      </trkpt>
      <trkpt lat="41.5887646" lon="1.8331762">
        <ele>1025</ele>
        <time>2019-02-25T14:27:08Z</time>
        <hdop>6.068</hdop>
        <extensions>
          <speed>1.16</speed>
        </extensions>
      </trkpt>
      <trkpt lat="41.588696" lon="1.833176">
        <ele>1027</ele>
        <time>2019-02-25T14:27:13Z</time>
        <hdop>7.585</hdop>
        <extensions>
          <speed>1.54</speed>
        </extensions>
      </trkpt>
      <trkpt lat="41.5886845" lon="1.8332324">
        <ele>1027</ele>
        <time>2019-02-25T14:27:19Z</time>
        <hdop>4.551</hdop>
        <extensions>
          <speed>0.83</speed>
        </extensions>
      </trkpt>
      <trkpt lat="41.5886807" lon="1.8332606">
        <ele>1025</ele>
        <time>2019-02-25T14:27:25Z</time>
        <hdop>6.068</hdop>
      </trkpt>
      <trkpt lat="41.5886793" lon="1.8332446">
        <ele>1025</ele>
        <time>2019-02-25T14:27:30Z</time>
        <hdop>6.068</hdop>
        <extensions>
          <speed>0.46</speed>
        </extensions>
      </trkpt>
      <trkpt lat="41.5886821" lon="1.833251">
        <ele>1022</ele>
        <time>2019-02-25T14:27:36Z</time>
        <hdop>7.585</hdop>
      </trkpt>
      <trkpt lat="41.5886904" lon="1.83327">
        <ele>1022</ele>
        <time>2019-02-25T14:27:42Z</time>
        <hdop>12.136</hdop>
      </trkpt>
      <trkpt lat="41.5886906" lon="1.8332716">
        <ele>1022</ele>
        <time>2019-02-25T14:27:48Z</time>
        <hdop>13.653</hdop>
      </trkpt>
      <trkpt lat="41.5886906" lon="1.8332716">
        <ele>1022</ele>
        <time>2019-02-25T14:27:54Z</time>
        <hdop>12.136</hdop>
      </trkpt>
      <trkpt lat="41.5886958" lon="1.8332812">
        <ele>1023</ele>
        <time>2019-02-25T14:27:59Z</time>
        <hdop>7.585</hdop>
        <extensions>
          <speed>0.28</speed>
        </extensions>
      </trkpt>
      <trkpt lat="41.5886708" lon="1.8332995">
        <ele>1022</ele>
        <time>2019-02-25T14:28:04Z</time>
        <hdop>4.551</hdop>
      </trkpt>
      <trkpt lat="41.5886595" lon="1.8332925">
        <ele>1022</ele>
        <time>2019-02-25T14:28:09Z</time>
        <hdop>4.551</hdop>
        <extensions>
          <speed>0.29</speed>
        </extensions>
      </trkpt>
      <trkpt lat="41.5886518" lon="1.8333151">
        <ele>1022</ele>
        <time>2019-02-25T14:28:14Z</time>
        <hdop>4.551</hdop>
      </trkpt>
      <trkpt lat="41.5886419" lon="1.8333143">
        <ele>1023</ele>
        <time>2019-02-25T14:28:20Z</time>
        <hdop>4.551</hdop>
      </trkpt>
      <trkpt lat="41.5886421" lon="1.833315">
        <ele>1023</ele>
        <time>2019-02-25T14:28:26Z</time>
        <hdop>4.551</hdop>
      </trkpt>
      <trkpt lat="41.5886414" lon="1.8333183">
        <ele>1023</ele>
        <time>2019-02-25T14:28:31Z</time>
        <hdop>9.102</hdop>
      </trkpt>
      <trkpt lat="41.5886414" lon="1.8333184">
        <ele>1023</ele>
        <time>2019-02-25T14:28:37Z</time>
        <hdop>10.619</hdop>
      </trkpt>
      <trkpt lat="41.5886414" lon="1.8333184">
        <ele>1023</ele>
        <time>2019-02-25T14:28:43Z</time>
        <hdop>9.102</hdop>
      </trkpt>
      <trkpt lat="41.5886414" lon="1.8333185">
        <ele>1023</ele>
        <time>2019-02-25T14:28:49Z</time>
        <hdop>7.585</hdop>
      </trkpt>
      <trkpt lat="41.5886414" lon="1.8333185">
        <ele>1023</ele>
        <time>2019-02-25T14:28:54Z</time>
        <hdop>9.102</hdop>
      </trkpt>
      <trkpt lat="41.5886414" lon="1.8333186">
        <ele>1023</ele>
        <time>2019-02-25T14:29:00Z</time>
        <hdop>10.619</hdop>
      </trkpt>
      <trkpt lat="41.5886414" lon="1.8333187">
        <ele>1023</ele>
        <time>2019-02-25T14:29:06Z</time>
        <hdop>15.17</hdop>
      </trkpt>
      <trkpt lat="41.5886414" lon="1.8333187">
        <ele>1023</ele>
        <time>2019-02-25T14:29:11Z</time>
        <hdop>13.653</hdop>
      </trkpt>
      <trkpt lat="41.5886414" lon="1.8333188">
        <ele>1023</ele>
        <time>2019-02-25T14:29:17Z</time>
        <hdop>12.136</hdop>
      </trkpt>
      <trkpt lat="41.5886414" lon="1.8333188">
        <ele>1023</ele>
        <time>2019-02-25T14:29:23Z</time>
        <hdop>16.687</hdop>
      </trkpt>
      <trkpt lat="41.5886414" lon="1.8333189">
        <ele>1023</ele>
        <time>2019-02-25T14:29:29Z</time>
        <hdop>16.687</hdop>
      </trkpt>
      <trkpt lat="41.5886414" lon="1.8333189">
        <ele>1023</ele>
        <time>2019-02-25T14:29:35Z</time>
        <hdop>15.17</hdop>
      </trkpt>
      <trkpt lat="41.5886414" lon="1.833319">
        <ele>1023</ele>
        <time>2019-02-25T14:29:41Z</time>
        <hdop>16.687</hdop>
      </trkpt>
      <trkpt lat="41.5886414" lon="1.8333189">
        <ele>1023</ele>
        <time>2019-02-25T14:29:47Z</time>
        <hdop>16.687</hdop>
      </trkpt>
      <trkpt lat="41.5886413" lon="1.833319">
        <ele>1023</ele>
        <time>2019-02-25T14:29:52Z</time>
        <hdop>15.17</hdop>
      </trkpt>
      <trkpt lat="41.5886413" lon="1.833319">
        <ele>1023</ele>
        <time>2019-02-25T14:29:58Z</time>
        <hdop>15.17</hdop>
      </trkpt>
      <trkpt lat="41.5886413" lon="1.833319">
        <ele>1023</ele>
        <time>2019-02-25T14:30:03Z</time>
        <hdop>15.17</hdop>
      </trkpt>
      <trkpt lat="41.5886413" lon="1.833319">
        <ele>1023</ele>
        <time>2019-02-25T14:30:09Z</time>
        <hdop>15.17</hdop>
      </trkpt>
      <trkpt lat="41.5886413" lon="1.8333191">
        <ele>1023</ele>
        <time>2019-02-25T14:30:15Z</time>
        <hdop>13.653</hdop>
      </trkpt>
      <trkpt lat="41.5886413" lon="1.8333191">
        <ele>1023</ele>
        <time>2019-02-25T14:30:21Z</time>
        <hdop>15.17</hdop>
      </trkpt>
      <trkpt lat="41.5886413" lon="1.8333192">
        <ele>1023</ele>
        <time>2019-02-25T14:30:27Z</time>
        <hdop>15.17</hdop>
      </trkpt>
      <trkpt lat="41.5886413" lon="1.8333192">
        <ele>1023</ele>
        <time>2019-02-25T14:30:32Z</time>
        <hdop>15.17</hdop>
      </trkpt>
      <trkpt lat="41.5886413" lon="1.8333192">
        <ele>1023</ele>
        <time>2019-02-25T14:30:38Z</time>
        <hdop>15.17</hdop>
      </trkpt>
      <trkpt lat="41.5886413" lon="1.8333192">
        <ele>1023</ele>
        <time>2019-02-25T14:30:44Z</time>
        <hdop>15.17</hdop>
      </trkpt>
      <trkpt lat="41.5886413" lon="1.8333193">
        <ele>1023</ele>
        <time>2019-02-25T14:30:49Z</time>
        <hdop>15.17</hdop>
      </trkpt>
      <trkpt lat="41.5886413" lon="1.8333193">
        <ele>1023</ele>
        <time>2019-02-25T14:30:54Z</time>
        <hdop>15.17</hdop>
      </trkpt>
      <trkpt lat="41.5886412" lon="1.8333193">
        <ele>1023</ele>
        <time>2019-02-25T14:31:00Z</time>
        <hdop>15.17</hdop>
      </trkpt>
      <trkpt lat="41.5886412" lon="1.8333194">
        <ele>1023</ele>
        <time>2019-02-25T14:31:06Z</time>
        <hdop>15.17</hdop>
      </trkpt>
      <trkpt lat="41.5886412" lon="1.8333194">
        <ele>1023</ele>
        <time>2019-02-25T14:31:12Z</time>
        <hdop>15.17</hdop>
      </trkpt>
      <trkpt lat="41.5886412" lon="1.8333194">
        <ele>1023</ele>
        <time>2019-02-25T14:31:18Z</time>
        <hdop>13.653</hdop>
      </trkpt>
      <trkpt lat="41.5886412" lon="1.8333194">
        <ele>1023</ele>
        <time>2019-02-25T14:31:24Z</time>
        <hdop>13.653</hdop>
      </trkpt>
      <trkpt lat="41.5886411" lon="1.8333194">
        <ele>1023</ele>
        <time>2019-02-25T14:31:30Z</time>
        <hdop>13.653</hdop>
      </trkpt>
      <trkpt lat="41.5886411" lon="1.8333194">
        <ele>1023</ele>
        <time>2019-02-25T14:31:35Z</time>
        <hdop>15.17</hdop>
      </trkpt>
      <trkpt lat="41.5886412" lon="1.8333195">
        <ele>1023</ele>
        <time>2019-02-25T14:31:41Z</time>
        <hdop>15.17</hdop>
      </trkpt>
      <trkpt lat="41.5886411" lon="1.8333195">
        <ele>1023</ele>
        <time>2019-02-25T14:31:47Z</time>
        <hdop>13.653</hdop>
      </trkpt>
      <trkpt lat="41.5886411" lon="1.8333196">
        <ele>1023</ele>
        <time>2019-02-25T14:31:52Z</time>
        <hdop>13.653</hdop>
      </trkpt>
      <trkpt lat="41.5886411" lon="1.8333196">
        <ele>1023</ele>
        <time>2019-02-25T14:31:58Z</time>
        <hdop>13.653</hdop>
      </trkpt>
      <trkpt lat="41.588641" lon="1.8333196">
        <ele>1023</ele>
        <time>2019-02-25T14:32:04Z</time>
        <hdop>13.653</hdop>
      </trkpt>
      <trkpt lat="41.588641" lon="1.8333197">
        <ele>1023</ele>
        <time>2019-02-25T14:32:09Z</time>
        <hdop>13.653</hdop>
      </trkpt>
      <trkpt lat="41.5886409" lon="1.8333197">
        <ele>1023</ele>
        <time>2019-02-25T14:32:15Z</time>
        <hdop>13.653</hdop>
      </trkpt>
      <trkpt lat="41.5886409" lon="1.8333198">
        <ele>1023</ele>
        <time>2019-02-25T14:32:21Z</time>
        <hdop>13.653</hdop>
      </trkpt>
      <trkpt lat="41.5886409" lon="1.8333198">
        <ele>1023</ele>
        <time>2019-02-25T14:32:27Z</time>
        <hdop>13.653</hdop>
      </trkpt>
      <trkpt lat="41.5886409" lon="1.8333198">
        <ele>1023</ele>
        <time>2019-02-25T14:32:33Z</time>
        <hdop>13.653</hdop>
      </trkpt>
      <trkpt lat="41.5886478" lon="1.8333167">
        <ele>1019</ele>
        <time>2019-02-25T14:32:38Z</time>
        <hdop>4.551</hdop>
      </trkpt>
      <trkpt lat="41.5886482" lon="1.8333176">
        <ele>1018</ele>
        <time>2019-02-25T14:32:44Z</time>
        <hdop>4.551</hdop>
      </trkpt>
      <trkpt lat="41.5886493" lon="1.8333172">
        <ele>1018</ele>
        <time>2019-02-25T14:32:49Z</time>
        <hdop>4.551</hdop>
      </trkpt>
      <trkpt lat="41.588649" lon="1.8333164">
        <ele>1018</ele>
        <time>2019-02-25T14:32:55Z</time>
        <hdop>6.068</hdop>
      </trkpt>
      <trkpt lat="41.5886489" lon="1.8333163">
        <ele>1018</ele>
        <time>2019-02-25T14:33:01Z</time>
        <hdop>4.551</hdop>
      </trkpt>
      <trkpt lat="41.5886489" lon="1.8333162">
        <ele>1018</ele>
        <time>2019-02-25T14:33:06Z</time>
        <hdop>6.068</hdop>
      </trkpt>
      <trkpt lat="41.5886488" lon="1.8333161">
        <ele>1018</ele>
        <time>2019-02-25T14:33:12Z</time>
        <hdop>7.585</hdop>
      </trkpt>
      <trkpt lat="41.5886487" lon="1.8333161">
        <ele>1018</ele>
        <time>2019-02-25T14:33:18Z</time>
        <hdop>9.102</hdop>
      </trkpt>
      <trkpt lat="41.5886486" lon="1.833316">
        <ele>1018</ele>
        <time>2019-02-25T14:33:24Z</time>
        <hdop>7.585</hdop>
      </trkpt>
      <trkpt lat="41.5886486" lon="1.8333155">
        <ele>1018</ele>
        <time>2019-02-25T14:33:30Z</time>
        <hdop>9.102</hdop>
      </trkpt>
      <trkpt lat="41.5886486" lon="1.8333149">
        <ele>1018</ele>
        <time>2019-02-25T14:33:36Z</time>
        <hdop>10.619</hdop>
      </trkpt>
      <trkpt lat="41.5886485" lon="1.8333146">
        <ele>1018</ele>
        <time>2019-02-25T14:33:42Z</time>
        <hdop>15.17</hdop>
      </trkpt>
      <trkpt lat="41.5886466" lon="1.8333135">
        <ele>1017</ele>
        <time>2019-02-25T14:33:47Z</time>
        <hdop>15.17</hdop>
      </trkpt>
      <trkpt lat="41.5886378" lon="1.8333271">
        <ele>1020</ele>
        <time>2019-02-25T14:33:52Z</time>
        <hdop>15.17</hdop>
      </trkpt>
      <trkpt lat="41.5886086" lon="1.8333272">
        <ele>1023</ele>
        <time>2019-02-25T14:33:58Z</time>
        <hdop>6.068</hdop>
      </trkpt>
      <trkpt lat="41.5886021" lon="1.8333214">
        <ele>1023</ele>
        <time>2019-02-25T14:34:04Z</time>
        <hdop>4.551</hdop>
      </trkpt>
      <trkpt lat="41.588602" lon="1.8333211">
        <ele>1023</ele>
        <time>2019-02-25T14:34:10Z</time>
        <hdop>4.551</hdop>
      </trkpt>
      <trkpt lat="41.588602" lon="1.833321">
        <ele>1023</ele>
        <time>2019-02-25T14:34:16Z</time>
        <hdop>4.551</hdop>
      </trkpt>
      <trkpt lat="41.5886058" lon="1.8333227">
        <ele>1022</ele>
        <time>2019-02-25T14:34:22Z</time>
        <hdop>4.551</hdop>
        <extensions>
          <speed>0.49</speed>
        </extensions>
      </trkpt>
      <trkpt lat="41.5886207" lon="1.8333323">
        <ele>1020</ele>
        <time>2019-02-25T14:34:28Z</time>
        <hdop>4.551</hdop>
        <extensions>
          <speed>0.18</speed>
        </extensions>
      </trkpt>
      <trkpt lat="41.588618" lon="1.8333355">
        <ele>1020</ele>
        <time>2019-02-25T14:34:34Z</time>
        <hdop>4.551</hdop>
      </trkpt>
      <trkpt lat="41.5886177" lon="1.8333479">
        <ele>1020</ele>
        <time>2019-02-25T14:34:40Z</time>
        <hdop>4.551</hdop>
      </trkpt>
      <trkpt lat="41.5886156" lon="1.8333484">
        <ele>1021</ele>
        <time>2019-02-25T14:34:46Z</time>
        <hdop>4.551</hdop>
      </trkpt>
      <trkpt lat="41.5886152" lon="1.8333504">
        <ele>1021</ele>
        <time>2019-02-25T14:34:51Z</time>
        <hdop>4.551</hdop>
        <extensions>
          <speed>0.25</speed>
        </extensions>
      </trkpt>
      <trkpt lat="41.5886199" lon="1.8333384">
        <ele>1021</ele>
        <time>2019-02-25T14:34:56Z</time>
        <hdop>4.551</hdop>
      </trkpt>
      <trkpt lat="41.5886198" lon="1.8333304">
        <ele>1022</ele>
        <time>2019-02-25T14:35:02Z</time>
        <hdop>13.653</hdop>
      </trkpt>
      <trkpt lat="41.5886194" lon="1.8333318">
        <ele>1022</ele>
        <time>2019-02-25T14:35:08Z</time>
        <hdop>13.653</hdop>
      </trkpt>
      <trkpt lat="41.5886192" lon="1.8333321">
        <ele>1022</ele>
        <time>2019-02-25T14:35:14Z</time>
        <hdop>13.653</hdop>
      </trkpt>
      <trkpt lat="41.5886205" lon="1.8333301">
        <ele>1021</ele>
        <time>2019-02-25T14:35:19Z</time>
        <hdop>13.653</hdop>
      </trkpt>
      <trkpt lat="41.5886298" lon="1.8333047">
        <ele>1021</ele>
        <time>2019-02-25T14:35:25Z</time>
        <hdop>13.653</hdop>
      </trkpt>
      <trkpt lat="41.5886189" lon="1.8333243">
        <ele>1022</ele>
        <time>2019-02-25T14:35:31Z</time>
        <hdop>13.653</hdop>
      </trkpt>
      <trkpt lat="41.5886132" lon="1.8333369">
        <ele>1021</ele>
        <time>2019-02-25T14:35:37Z</time>
        <hdop>13.653</hdop>
      </trkpt>
      <trkpt lat="41.5886187" lon="1.8333326">
        <ele>1020</ele>
        <time>2019-02-25T14:35:43Z</time>
        <hdop>13.653</hdop>
      </trkpt>
      <trkpt lat="41.58862" lon="1.833322">
        <ele>1019</ele>
        <time>2019-02-25T14:35:49Z</time>
        <hdop>13.653</hdop>
      </trkpt>
      <trkpt lat="41.5886151" lon="1.833324">
        <ele>1019</ele>
        <time>2019-02-25T14:35:54Z</time>
        <hdop>13.653</hdop>
      </trkpt>
      <trkpt lat="41.5886154" lon="1.8333204">
        <ele>1018</ele>
        <time>2019-02-25T14:35:59Z</time>
        <hdop>13.653</hdop>
        <extensions>
          <speed>0.17</speed>
        </extensions>
      </trkpt>
      <trkpt lat="41.5886118" lon="1.833316">
        <ele>1017</ele>
        <time>2019-02-25T14:36:05Z</time>
        <hdop>4.551</hdop>
        <extensions>
          <speed>0.26</speed>
        </extensions>
      </trkpt>
      <trkpt lat="41.5886203" lon="1.8333391">
        <ele>1017</ele>
        <time>2019-02-25T14:36:11Z</time>
        <hdop>4.551</hdop>
      </trkpt>
      <trkpt lat="41.5886324" lon="1.8333456">
        <ele>1020</ele>
        <time>2019-02-25T14:36:17Z</time>
        <hdop>4.551</hdop>
      </trkpt>
      <trkpt lat="41.5886361" lon="1.8333633">
        <ele>1021</ele>
        <time>2019-02-25T14:36:23Z</time>
        <hdop>6.068</hdop>
        <extensions>
          <speed>0.6</speed>
        </extensions>
      </trkpt>
      <trkpt lat="41.5886643" lon="1.8333404">
        <ele>1021</ele>
        <time>2019-02-25T14:36:28Z</time>
        <hdop>7.585</hdop>
        <extensions>
          <speed>0.59</speed>
        </extensions>
      </trkpt>
      <trkpt lat="41.5886828" lon="1.8333869">
        <ele>1021</ele>
        <time>2019-02-25T14:36:33Z</time>
        <hdop>9.102</hdop>
        <extensions>
          <speed>0.56</speed>
        </extensions>
      </trkpt>
      <trkpt lat="41.5887123" lon="1.8334053">
        <ele>1018</ele>
        <time>2019-02-25T14:36:39Z</time>
        <hdop>10.619</hdop>
      </trkpt>
      <trkpt lat="41.5887149" lon="1.8334049">
        <ele>1019</ele>
        <time>2019-02-25T14:36:45Z</time>
        <hdop>15.17</hdop>
      </trkpt>
      <trkpt lat="41.5887121" lon="1.8334077">
        <ele>1019</ele>
        <time>2019-02-25T14:36:51Z</time>
        <hdop>21.238</hdop>
      </trkpt>
      <trkpt lat="41.5887113" lon="1.8334078">
        <ele>1019</ele>
        <time>2019-02-25T14:36:56Z</time>
        <hdop>28.823</hdop>
      </trkpt>
      <trkpt lat="41.5887109" lon="1.8334096">
        <ele>1019</ele>
        <time>2019-02-25T14:37:01Z</time>
        <hdop>28.823</hdop>
      </trkpt>
      <trkpt lat="41.5887107" lon="1.8334112">
        <ele>1019</ele>
        <time>2019-02-25T14:37:07Z</time>
        <hdop>34.891</hdop>
      </trkpt>
      <trkpt lat="41.5887124" lon="1.833406">
        <ele>1019</ele>
        <time>2019-02-25T14:37:12Z</time>
        <hdop>16.687</hdop>
      </trkpt>
      <trkpt lat="41.5887141" lon="1.8333997">
        <ele>1019</ele>
        <time>2019-02-25T14:37:18Z</time>
        <hdop>18.204</hdop>
      </trkpt>
      <trkpt lat="41.5887146" lon="1.833398">
        <ele>1019</ele>
        <time>2019-02-25T14:37:23Z</time>
        <hdop>21.238</hdop>
      </trkpt>
      <trkpt lat="41.5887151" lon="1.8333966">
        <ele>1019</ele>
        <time>2019-02-25T14:37:28Z</time>
        <hdop>21.238</hdop>
      </trkpt>
      <trkpt lat="41.5887152" lon="1.833396">
        <ele>1019</ele>
        <time>2019-02-25T14:37:34Z</time>
        <hdop>18.204</hdop>
      </trkpt>
      <trkpt lat="41.5887153" lon="1.8333956">
        <ele>1019</ele>
        <time>2019-02-25T14:37:39Z</time>
        <hdop>18.204</hdop>
      </trkpt>
    </trkseg>
  </trk>
</gpx>