<?xml version='1.0' encoding='UTF-8' standalone='yes' ?>
<gpx version="1.1" creator="OsmAnd~ 3.7.4" xmlns="http://www.topografix.com/GPX/1/1" xmlns:xsi="http://www.w3.org/2001/XMLSchema-instance" xsi:schemaLocation="http://www.topografix.com/GPX/1/1 http://www.topografix.com/GPX/1/1/gpx.xsd">
  <metadata>
    <name>2022-02-05_12-03_Sat</name>
  </metadata>
  <trk>
    <trkseg>
      <trkpt lat="56.0135983" lon="28.11607">
        <ele>126.5</ele>
        <time>2022-02-05T09:03:19Z</time>
        <hdop>4.9</hdop>
        <extensions>
          <speed>1.254</speed>
        </extensions>
      </trkpt>
      <trkpt lat="56.0137867" lon="28.11726">
        <ele>125.2</ele>
        <time>2022-02-05T09:04:19Z</time>
        <hdop>4.6</hdop>
        <extensions>
          <speed>1.043</speed>
        </extensions>
      </trkpt>
      <trkpt lat="56.0137833" lon="28.117415">
        <ele>125.1</ele>
        <time>2022-02-05T09:04:25Z</time>
        <hdop>3.3</hdop>
        <extensions>
          <speed>1.187</speed>
        </extensions>
      </trkpt>
      <trkpt lat="56.0137833" lon="28.117535">
        <ele>125.1</ele>
        <time>2022-02-05T09:04:31Z</time>
        <hdop>3.2</hdop>
        <extensions>
          <speed>1.243</speed>
        </extensions>
      </trkpt>
      <trkpt lat="56.0137933" lon="28.117635">
        <ele>125.1</ele>
        <time>2022-02-05T09:04:36Z</time>
        <hdop>3</hdop>
        <extensions>
          <speed>0.971</speed>
        </extensions>
      </trkpt>
      <trkpt lat="56.0138083" lon="28.11775">
        <ele>124.9</ele>
        <time>2022-02-05T09:04:42Z</time>
        <hdop>2.9</hdop>
        <extensions>
          <speed>1.068</speed>
        </extensions>
      </trkpt>
      <trkpt lat="56.0138133" lon="28.11782">
        <ele>123.9</ele>
        <time>2022-02-05T09:04:48Z</time>
        <hdop>2.9</hdop>
        <extensions>
          <speed>0.92</speed>
        </extensions>
      </trkpt>
      <trkpt lat="56.0138267" lon="28.1178917">
        <ele>123.5</ele>
        <time>2022-02-05T09:04:54Z</time>
        <hdop>2.9</hdop>
        <extensions>
          <speed>0.638</speed>
        </extensions>
      </trkpt>
      <trkpt lat="56.0138283" lon="28.1179517">
        <ele>123.1</ele>
        <time>2022-02-05T09:05:00Z</time>
        <hdop>3.1</hdop>
      </trkpt>
      <trkpt lat="56.0138267" lon="28.1179867">
        <ele>122.4</ele>
        <time>2022-02-05T09:05:07Z</time>
        <hdop>3.1</hdop>
      </trkpt>
      <trkpt lat="56.0138367" lon="28.1180233">
        <ele>122.4</ele>
        <time>2022-02-05T09:05:13Z</time>
        <hdop>3</hdop>
      </trkpt>
      <trkpt lat="56.013845" lon="28.11809">
        <ele>122.2</ele>
        <time>2022-02-05T09:05:27Z</time>
        <hdop>2</hdop>
      </trkpt>
      <trkpt lat="56.0138567" lon="28.1181183">
        <ele>122.3</ele>
        <time>2022-02-05T09:05:33Z</time>
        <hdop>2.6</hdop>
      </trkpt>
      <trkpt lat="56.01386" lon="28.1180767">
        <ele>122.5</ele>
        <time>2022-02-05T09:05:39Z</time>
        <hdop>3</hdop>
        <extensions>
          <speed>0.452</speed>
        </extensions>
      </trkpt>
      <trkpt lat="56.0138317" lon="28.1180833">
        <ele>122.3</ele>
        <time>2022-02-05T09:05:45Z</time>
        <hdop>3.1</hdop>
      </trkpt>
      <trkpt lat="56.0137933" lon="28.1181017">
        <ele>122.5</ele>
        <time>2022-02-05T09:05:51Z</time>
        <hdop>3.1</hdop>
      </trkpt>
      <trkpt lat="56.01375" lon="28.11812">
        <ele>122.4</ele>
        <time>2022-02-05T09:05:57Z</time>
        <hdop>2.7</hdop>
      </trkpt>
      <trkpt lat="56.013765" lon="28.118145">
        <ele>122.3</ele>
        <time>2022-02-05T09:06:06Z</time>
        <hdop>2.5</hdop>
        <extensions>
          <speed>0.351</speed>
        </extensions>
      </trkpt>
      <trkpt lat="56.0137767" lon="28.11821">
        <ele>122.3</ele>
        <time>2022-02-05T09:06:12Z</time>
        <hdop>2.6</hdop>
        <extensions>
          <speed>0.734</speed>
        </extensions>
      </trkpt>
      <trkpt lat="56.0138017" lon="28.1182583">
        <ele>122.4</ele>
        <time>2022-02-05T09:06:17Z</time>
        <hdop>2.7</hdop>
        <extensions>
          <speed>0.756</speed>
        </extensions>
      </trkpt>
      <trkpt lat="56.0138133" lon="28.1183367">
        <ele>122.7</ele>
        <time>2022-02-05T09:06:23Z</time>
        <hdop>2.8</hdop>
        <extensions>
          <speed>0.759</speed>
        </extensions>
      </trkpt>
      <trkpt lat="56.0138017" lon="28.118385">
        <ele>122.9</ele>
        <time>2022-02-05T09:06:29Z</time>
        <hdop>2.9</hdop>
        <extensions>
          <speed>0.599</speed>
        </extensions>
      </trkpt>
      <trkpt lat="56.013815" lon="28.118415">
        <ele>123.3</ele>
        <time>2022-02-05T09:06:34Z</time>
        <hdop>2.8</hdop>
      </trkpt>
      <trkpt lat="56.01383" lon="28.11845">
        <ele>123.6</ele>
        <time>2022-02-05T09:06:39Z</time>
        <hdop>2.8</hdop>
      </trkpt>
      <trkpt lat="56.0138467" lon="28.118545">
        <ele>124.4</ele>
        <time>2022-02-05T09:06:45Z</time>
        <hdop>2.8</hdop>
        <extensions>
          <speed>0.626</speed>
        </extensions>
      </trkpt>
      <trkpt lat="56.0138467" lon="28.118595">
        <ele>125</ele>
        <time>2022-02-05T09:06:51Z</time>
        <hdop>2.7</hdop>
      </trkpt>
      <trkpt lat="56.0138567" lon="28.1186633">
        <ele>125.7</ele>
        <time>2022-02-05T09:07:22Z</time>
        <hdop>1.9</hdop>
        <extensions>
          <speed>0.183</speed>
        </extensions>
      </trkpt>
      <trkpt lat="56.01386" lon="28.1187283">
        <ele>125.3</ele>
        <time>2022-02-05T09:07:28Z</time>
        <hdop>2.2</hdop>
        <extensions>
          <speed>0.54</speed>
        </extensions>
      </trkpt>
      <trkpt lat="56.013865" lon="28.1188083">
        <ele>125.1</ele>
        <time>2022-02-05T09:07:33Z</time>
        <hdop>2.3</hdop>
        <extensions>
          <speed>0.828</speed>
        </extensions>
      </trkpt>
      <trkpt lat="56.01388" lon="28.1188817">
        <ele>124.8</ele>
        <time>2022-02-05T09:07:39Z</time>
        <hdop>2.4</hdop>
        <extensions>
          <speed>0.808</speed>
        </extensions>
      </trkpt>
      <trkpt lat="56.0139167" lon="28.1189517">
        <ele>124.2</ele>
        <time>2022-02-05T09:07:45Z</time>
        <hdop>2.4</hdop>
        <extensions>
          <speed>0.836</speed>
        </extensions>
      </trkpt>
      <trkpt lat="56.01397" lon="28.1189967">
        <ele>123.8</ele>
        <time>2022-02-05T09:07:51Z</time>
        <hdop>2.5</hdop>
        <extensions>
          <speed>0.989</speed>
        </extensions>
      </trkpt>
      <trkpt lat="56.0140117" lon="28.119015">
        <ele>123.4</ele>
        <time>2022-02-05T09:07:56Z</time>
        <hdop>2.6</hdop>
      </trkpt>
      <trkpt lat="56.0140617" lon="28.1190033">
        <ele>122.8</ele>
        <time>2022-02-05T09:08:02Z</time>
        <hdop>2.5</hdop>
        <extensions>
          <speed>0.921</speed>
        </extensions>
      </trkpt>
      <trkpt lat="56.01409" lon="28.1190517">
        <ele>122.4</ele>
        <time>2022-02-05T09:08:07Z</time>
        <hdop>2.5</hdop>
        <extensions>
          <speed>0.835</speed>
        </extensions>
      </trkpt>
      <trkpt lat="56.0141417" lon="28.119145">
        <ele>122.6</ele>
        <time>2022-02-05T09:08:13Z</time>
        <hdop>2.7</hdop>
        <extensions>
          <speed>1.211</speed>
        </extensions>
      </trkpt>
      <trkpt lat="56.0141783" lon="28.1191733">
        <ele>122.9</ele>
        <time>2022-02-05T09:08:18Z</time>
        <hdop>2.6</hdop>
        <extensions>
          <speed>1.156</speed>
        </extensions>
      </trkpt>
      <trkpt lat="56.0142233" lon="28.1192317">
        <ele>123.3</ele>
        <time>2022-02-05T09:08:24Z</time>
        <hdop>2.6</hdop>
        <extensions>
          <speed>0.748</speed>
        </extensions>
      </trkpt>
      <trkpt lat="56.0142667" lon="28.1193117">
        <ele>123.5</ele>
        <time>2022-02-05T09:08:29Z</time>
        <hdop>2.6</hdop>
        <extensions>
          <speed>1.002</speed>
        </extensions>
      </trkpt>
      <trkpt lat="56.014315" lon="28.1194233">
        <ele>123.6</ele>
        <time>2022-02-05T09:08:35Z</time>
        <hdop>2.7</hdop>
        <extensions>
          <speed>1.225</speed>
        </extensions>
      </trkpt>
      <trkpt lat="56.0143817" lon="28.11953">
        <ele>123.7</ele>
        <time>2022-02-05T09:08:41Z</time>
        <hdop>2.7</hdop>
        <extensions>
          <speed>1.362</speed>
        </extensions>
      </trkpt>
      <trkpt lat="56.01443" lon="28.1196167">
        <ele>123.6</ele>
        <time>2022-02-05T09:08:46Z</time>
        <hdop>2.7</hdop>
        <extensions>
          <speed>1.463</speed>
        </extensions>
      </trkpt>
      <trkpt lat="56.0144567" lon="28.119745">
        <ele>123.8</ele>
        <time>2022-02-05T09:08:52Z</time>
        <hdop>2.6</hdop>
        <extensions>
          <speed>1.336</speed>
        </extensions>
      </trkpt>
      <trkpt lat="56.0144867" lon="28.1198133">
        <ele>123.9</ele>
        <time>2022-02-05T09:08:57Z</time>
        <hdop>2.7</hdop>
        <extensions>
          <speed>1.18</speed>
        </extensions>
      </trkpt>
      <trkpt lat="56.0145417" lon="28.1198783">
        <ele>124.3</ele>
        <time>2022-02-05T09:09:03Z</time>
        <hdop>2.6</hdop>
        <extensions>
          <speed>0.796</speed>
        </extensions>
      </trkpt>
      <trkpt lat="56.0146133" lon="28.119915">
        <ele>123.8</ele>
        <time>2022-02-05T09:09:09Z</time>
        <hdop>2.7</hdop>
        <extensions>
          <speed>0.904</speed>
        </extensions>
      </trkpt>
      <trkpt lat="56.01467" lon="28.1199667">
        <ele>123.6</ele>
        <time>2022-02-05T09:09:15Z</time>
        <hdop>2.6</hdop>
        <extensions>
          <speed>0.89</speed>
        </extensions>
      </trkpt>
      <trkpt lat="56.0147167" lon="28.119995">
        <ele>123.2</ele>
        <time>2022-02-05T09:09:21Z</time>
        <hdop>1.7</hdop>
        <extensions>
          <speed>0.859</speed>
        </extensions>
      </trkpt>
      <trkpt lat="56.01475" lon="28.1199817">
        <ele>122.8</ele>
        <time>2022-02-05T09:09:26Z</time>
        <hdop>2.4</hdop>
        <extensions>
          <speed>0.744</speed>
        </extensions>
      </trkpt>
      <trkpt lat="56.0147767" lon="28.11998">
        <ele>122.7</ele>
        <time>2022-02-05T09:09:31Z</time>
        <hdop>2.5</hdop>
        <extensions>
          <speed>0.415</speed>
        </extensions>
      </trkpt>
      <trkpt lat="56.0148083" lon="28.119935">
        <ele>122.6</ele>
        <time>2022-02-05T09:09:36Z</time>
        <hdop>2.4</hdop>
        <extensions>
          <speed>0.44</speed>
        </extensions>
      </trkpt>
      <trkpt lat="56.014845" lon="28.11993">
        <ele>122.5</ele>
        <time>2022-02-05T09:09:42Z</time>
        <hdop>2.4</hdop>
        <extensions>
          <speed>0.441</speed>
        </extensions>
      </trkpt>
      <trkpt lat="56.0148817" lon="28.1199417">
        <ele>122.4</ele>
        <time>2022-02-05T09:09:48Z</time>
        <hdop>2.5</hdop>
        <extensions>
          <speed>0.418</speed>
        </extensions>
      </trkpt>
      <trkpt lat="56.0148983" lon="28.11996">
        <ele>122.5</ele>
        <time>2022-02-05T09:09:53Z</time>
        <hdop>2.7</hdop>
      </trkpt>
      <trkpt lat="56.0149417" lon="28.1200267">
        <ele>122.4</ele>
        <time>2022-02-05T09:10:18Z</time>
        <hdop>2.4</hdop>
      </trkpt>
      <trkpt lat="56.0149417" lon="28.1199083">
        <ele>125.6</ele>
        <time>2022-02-05T09:10:24Z</time>
        <hdop>1.2</hdop>
        <extensions>
          <speed>0.436</speed>
        </extensions>
      </trkpt>
      <trkpt lat="56.014925" lon="28.1199233">
        <ele>126.1</ele>
        <time>2022-02-05T09:10:53Z</time>
        <hdop>1.7</hdop>
        <extensions>
          <speed>0.323</speed>
        </extensions>
      </trkpt>
      <trkpt lat="56.0149183" lon="28.1200267">
        <ele>126.4</ele>
        <time>2022-02-05T09:10:59Z</time>
        <hdop>1.9</hdop>
        <extensions>
          <speed>0.817</speed>
        </extensions>
      </trkpt>
      <trkpt lat="56.0149117" lon="28.1200967">
        <ele>126.1</ele>
        <time>2022-02-05T09:11:05Z</time>
        <hdop>2.1</hdop>
        <extensions>
          <speed>0.74</speed>
        </extensions>
      </trkpt>
      <trkpt lat="56.0149" lon="28.1201717">
        <ele>125.3</ele>
        <time>2022-02-05T09:11:11Z</time>
        <hdop>2.4</hdop>
        <extensions>
          <speed>0.649</speed>
        </extensions>
      </trkpt>
      <trkpt lat="56.01486" lon="28.12028">
        <ele>124.7</ele>
        <time>2022-02-05T09:11:16Z</time>
        <hdop>2.6</hdop>
      </trkpt>
      <trkpt lat="56.0147783" lon="28.1203867">
        <ele>124.4</ele>
        <time>2022-02-05T09:11:22Z</time>
        <hdop>2.5</hdop>
        <extensions>
          <speed>0.832</speed>
        </extensions>
      </trkpt>
      <trkpt lat="56.01478" lon="28.1204283">
        <ele>126.1</ele>
        <time>2022-02-05T09:11:27Z</time>
        <hdop>2.5</hdop>
        <extensions>
          <speed>0.797</speed>
        </extensions>
      </trkpt>
      <trkpt lat="56.0147633" lon="28.1205117">
        <ele>128.1</ele>
        <time>2022-02-05T09:11:33Z</time>
        <hdop>2.5</hdop>
      </trkpt>
      <trkpt lat="56.0147233" lon="28.1204767">
        <ele>129.9</ele>
        <time>2022-02-05T09:11:39Z</time>
        <hdop>2.5</hdop>
      </trkpt>
      <trkpt lat="56.014705" lon="28.1205667">
        <ele>130.4</ele>
        <time>2022-02-05T09:11:45Z</time>
        <hdop>2.5</hdop>
        <extensions>
          <speed>0.578</speed>
        </extensions>
      </trkpt>
      <trkpt lat="56.0146883" lon="28.12066">
        <ele>129.8</ele>
        <time>2022-02-05T09:11:51Z</time>
        <hdop>2.5</hdop>
        <extensions>
          <speed>0.598</speed>
        </extensions>
      </trkpt>
      <trkpt lat="56.014655" lon="28.1206783">
        <ele>129.4</ele>
        <time>2022-02-05T09:11:56Z</time>
        <hdop>2.5</hdop>
        <extensions>
          <speed>0.633</speed>
        </extensions>
      </trkpt>
      <trkpt lat="56.0145933" lon="28.1206917">
        <ele>130.1</ele>
        <time>2022-02-05T09:12:20Z</time>
        <hdop>2.1</hdop>
        <extensions>
          <speed>0.247</speed>
        </extensions>
      </trkpt>
      <trkpt lat="56.0145967" lon="28.120725">
        <ele>128.6</ele>
        <time>2022-02-05T09:12:28Z</time>
        <hdop>2.6</hdop>
      </trkpt>
      <trkpt lat="56.01463" lon="28.12075">
        <ele>128.9</ele>
        <time>2022-02-05T09:12:37Z</time>
        <hdop>2.7</hdop>
      </trkpt>
      <trkpt lat="56.0146617" lon="28.1207417">
        <ele>130.9</ele>
        <time>2022-02-05T09:12:43Z</time>
        <hdop>2.5</hdop>
        <extensions>
          <speed>0.456</speed>
        </extensions>
      </trkpt>
      <trkpt lat="56.0146783" lon="28.120785">
        <ele>131.1</ele>
        <time>2022-02-05T09:12:49Z</time>
        <hdop>2.7</hdop>
      </trkpt>
      <trkpt lat="56.0147217" lon="28.1207617">
        <ele>133.4</ele>
        <time>2022-02-05T09:13:10Z</time>
        <hdop>2.1</hdop>
        <extensions>
          <speed>0.333</speed>
        </extensions>
      </trkpt>
      <trkpt lat="56.01471" lon="28.1207283">
        <ele>134.4</ele>
        <time>2022-02-05T09:13:17Z</time>
        <hdop>2</hdop>
        <extensions>
          <speed>0.586</speed>
        </extensions>
      </trkpt>
      <trkpt lat="56.0146983" lon="28.12066">
        <ele>135.4</ele>
        <time>2022-02-05T09:13:22Z</time>
        <hdop>2</hdop>
        <extensions>
          <speed>0.602</speed>
        </extensions>
      </trkpt>
      <trkpt lat="56.0146917" lon="28.1205983">
        <ele>136</ele>
        <time>2022-02-05T09:13:31Z</time>
        <hdop>1.8</hdop>
        <extensions>
          <speed>0.271</speed>
        </extensions>
      </trkpt>
      <trkpt lat="56.0146833" lon="28.1205567">
        <ele>135.9</ele>
        <time>2022-02-05T09:13:36Z</time>
        <hdop>2</hdop>
      </trkpt>
      <trkpt lat="56.0146583" lon="28.1205933">
        <ele>136</ele>
        <time>2022-02-05T09:13:42Z</time>
        <hdop>1.8</hdop>
        <extensions>
          <speed>0.36</speed>
        </extensions>
      </trkpt>
      <trkpt lat="56.014645" lon="28.1206517">
        <ele>136</ele>
        <time>2022-02-05T09:13:48Z</time>
        <hdop>2.1</hdop>
        <extensions>
          <speed>0.462</speed>
        </extensions>
      </trkpt>
      <trkpt lat="56.0146167" lon="28.12065">
        <ele>136.8</ele>
        <time>2022-02-05T09:13:54Z</time>
        <hdop>2</hdop>
        <extensions>
          <speed>0.493</speed>
        </extensions>
      </trkpt>
      <trkpt lat="56.0145917" lon="28.1207283">
        <ele>135.8</ele>
        <time>2022-02-05T09:13:59Z</time>
        <hdop>2</hdop>
        <extensions>
          <speed>0.746</speed>
        </extensions>
      </trkpt>
      <trkpt lat="56.014585" lon="28.1207917">
        <ele>134.6</ele>
        <time>2022-02-05T09:14:05Z</time>
        <hdop>2</hdop>
        <extensions>
          <speed>0.672</speed>
        </extensions>
      </trkpt>
      <trkpt lat="56.0145833" lon="28.1208683">
        <ele>134.2</ele>
        <time>2022-02-05T09:14:10Z</time>
        <hdop>2</hdop>
        <extensions>
          <speed>0.574</speed>
        </extensions>
      </trkpt>
      <trkpt lat="56.01457" lon="28.120945">
        <ele>133.6</ele>
        <time>2022-02-05T09:14:15Z</time>
        <hdop>2</hdop>
        <extensions>
          <speed>0.603</speed>
        </extensions>
      </trkpt>
      <trkpt lat="56.0145367" lon="28.121065">
        <ele>133.8</ele>
        <time>2022-02-05T09:14:21Z</time>
        <hdop>2</hdop>
      </trkpt>
      <trkpt lat="56.0145567" lon="28.1211183">
        <ele>133.7</ele>
        <time>2022-02-05T09:14:27Z</time>
        <hdop>2.5</hdop>
        <extensions>
          <speed>1.018</speed>
        </extensions>
      </trkpt>
      <trkpt lat="56.014555" lon="28.12118">
        <ele>133.2</ele>
        <time>2022-02-05T09:14:33Z</time>
        <hdop>2.3</hdop>
        <extensions>
          <speed>1.017</speed>
        </extensions>
      </trkpt>
      <trkpt lat="56.0145217" lon="28.121255">
        <ele>134.1</ele>
        <time>2022-02-05T09:14:39Z</time>
        <hdop>2.3</hdop>
        <extensions>
          <speed>1.012</speed>
        </extensions>
      </trkpt>
      <trkpt lat="56.014515" lon="28.1213433">
        <ele>134</ele>
        <time>2022-02-05T09:14:45Z</time>
        <hdop>2.4</hdop>
        <extensions>
          <speed>0.85</speed>
        </extensions>
      </trkpt>
      <trkpt lat="56.0145383" lon="28.1214017">
        <ele>133.2</ele>
        <time>2022-02-05T09:14:51Z</time>
        <hdop>2.4</hdop>
        <extensions>
          <speed>0.772</speed>
        </extensions>
      </trkpt>
      <trkpt lat="56.0145717" lon="28.1214867">
        <ele>131.9</ele>
        <time>2022-02-05T09:14:57Z</time>
        <hdop>2.2</hdop>
        <extensions>
          <speed>1.026</speed>
        </extensions>
      </trkpt>
      <trkpt lat="56.0145317" lon="28.1215367">
        <ele>131.1</ele>
        <time>2022-02-05T09:15:02Z</time>
        <hdop>2.2</hdop>
        <extensions>
          <speed>1.088</speed>
        </extensions>
      </trkpt>
      <trkpt lat="56.0145033" lon="28.1215367">
        <ele>131.3</ele>
        <time>2022-02-05T09:15:08Z</time>
        <hdop>2</hdop>
      </trkpt>
      <trkpt lat="56.01446" lon="28.12156">
        <ele>131.2</ele>
        <time>2022-02-05T09:15:31Z</time>
        <hdop>1.8</hdop>
        <extensions>
          <speed>0.424</speed>
        </extensions>
      </trkpt>
      <trkpt lat="56.01448" lon="28.1216583">
        <ele>133</ele>
        <time>2022-02-05T09:15:37Z</time>
        <hdop>2.2</hdop>
        <extensions>
          <speed>1.029</speed>
        </extensions>
      </trkpt>
      <trkpt lat="56.01448" lon="28.12172">
        <ele>133.8</ele>
        <time>2022-02-05T09:15:43Z</time>
        <hdop>2.2</hdop>
        <extensions>
          <speed>0.811</speed>
        </extensions>
      </trkpt>
      <trkpt lat="56.01447" lon="28.12176">
        <ele>132.7</ele>
        <time>2022-02-05T09:15:49Z</time>
        <hdop>2.1</hdop>
      </trkpt>
      <trkpt lat="56.0144667" lon="28.1218017">
        <ele>132.3</ele>
        <time>2022-02-05T09:15:56Z</time>
        <hdop>2.1</hdop>
        <extensions>
          <speed>0.375</speed>
        </extensions>
      </trkpt>
      <trkpt lat="56.0144983" lon="28.1218433">
        <ele>131.3</ele>
        <time>2022-02-05T09:16:01Z</time>
        <hdop>2</hdop>
        <extensions>
          <speed>0.644</speed>
        </extensions>
      </trkpt>
      <trkpt lat="56.0145383" lon="28.1218933">
        <ele>130.3</ele>
        <time>2022-02-05T09:16:07Z</time>
        <hdop>2.3</hdop>
        <extensions>
          <speed>0.608</speed>
        </extensions>
      </trkpt>
      <trkpt lat="56.0145417" lon="28.1219633">
        <ele>129.8</ele>
        <time>2022-02-05T09:16:13Z</time>
        <hdop>2.3</hdop>
        <extensions>
          <speed>0.453</speed>
        </extensions>
      </trkpt>
      <trkpt lat="56.0145667" lon="28.1219733">
        <ele>129.2</ele>
        <time>2022-02-05T09:16:19Z</time>
        <hdop>2.1</hdop>
        <extensions>
          <speed>0.466</speed>
        </extensions>
      </trkpt>
      <trkpt lat="56.01461" lon="28.1219333">
        <ele>128.9</ele>
        <time>2022-02-05T09:16:25Z</time>
        <hdop>2.2</hdop>
      </trkpt>
      <trkpt lat="56.0145533" lon="28.1219383">
        <ele>126.3</ele>
        <time>2022-02-05T09:16:40Z</time>
        <hdop>2.1</hdop>
        <extensions>
          <speed>0.275</speed>
        </extensions>
      </trkpt>
      <trkpt lat="56.0146317" lon="28.1219767">
        <ele>126.5</ele>
        <time>2022-02-05T09:16:59Z</time>
        <hdop>2</hdop>
        <extensions>
          <speed>0.353</speed>
        </extensions>
      </trkpt>
      <trkpt lat="56.0146767" lon="28.1220033">
        <ele>127.6</ele>
        <time>2022-02-05T09:17:05Z</time>
        <hdop>2.3</hdop>
        <extensions>
          <speed>0.519</speed>
        </extensions>
      </trkpt>
      <trkpt lat="56.0146583" lon="28.1220183">
        <ele>127.7</ele>
        <time>2022-02-05T09:17:33Z</time>
        <hdop>1.9</hdop>
        <extensions>
          <speed>0.355</speed>
        </extensions>
      </trkpt>
      <trkpt lat="56.014625" lon="28.1220183">
        <ele>127.8</ele>
        <time>2022-02-05T09:17:39Z</time>
        <hdop>2.2</hdop>
        <extensions>
          <speed>0.46</speed>
        </extensions>
      </trkpt>
      <trkpt lat="56.0146533" lon="28.1220833">
        <ele>127</ele>
        <time>2022-02-05T09:17:57Z</time>
        <hdop>2.3</hdop>
        <extensions>
          <speed>0.542</speed>
        </extensions>
      </trkpt>
      <trkpt lat="56.014685" lon="28.1221383">
        <ele>126.6</ele>
        <time>2022-02-05T09:18:03Z</time>
        <hdop>2.2</hdop>
        <extensions>
          <speed>0.762</speed>
        </extensions>
      </trkpt>
      <trkpt lat="56.0147067" lon="28.122155">
        <ele>126.8</ele>
        <time>2022-02-05T09:18:09Z</time>
        <hdop>2.3</hdop>
        <extensions>
          <speed>0.551</speed>
        </extensions>
      </trkpt>
      <trkpt lat="56.01469" lon="28.12221">
        <ele>126.3</ele>
        <time>2022-02-05T09:18:15Z</time>
        <hdop>2.3</hdop>
      </trkpt>
      <trkpt lat="56.0147067" lon="28.1222667">
        <ele>125.3</ele>
        <time>2022-02-05T09:18:21Z</time>
        <hdop>2.3</hdop>
        <extensions>
          <speed>0.618</speed>
        </extensions>
      </trkpt>
      <trkpt lat="56.014745" lon="28.1222367">
        <ele>124.3</ele>
        <time>2022-02-05T09:18:27Z</time>
        <hdop>2.2</hdop>
        <extensions>
          <speed>0.776</speed>
        </extensions>
      </trkpt>
      <trkpt lat="56.0147817" lon="28.122205">
        <ele>123.4</ele>
        <time>2022-02-05T09:18:33Z</time>
        <hdop>2.2</hdop>
        <extensions>
          <speed>0.662</speed>
        </extensions>
      </trkpt>
      <trkpt lat="56.0148317" lon="28.1221867">
        <ele>122.7</ele>
        <time>2022-02-05T09:18:39Z</time>
        <hdop>2.3</hdop>
        <extensions>
          <speed>0.663</speed>
        </extensions>
      </trkpt>
      <trkpt lat="56.0148717" lon="28.1222033">
        <ele>121.8</ele>
        <time>2022-02-05T09:18:45Z</time>
        <hdop>2.2</hdop>
      </trkpt>
      <trkpt lat="56.0149033" lon="28.122215">
        <ele>121.4</ele>
        <time>2022-02-05T09:18:51Z</time>
        <hdop>2</hdop>
        <extensions>
          <speed>0.443</speed>
        </extensions>
      </trkpt>
      <trkpt lat="56.0149233" lon="28.1222067">
        <ele>123</ele>
        <time>2022-02-05T09:19:02Z</time>
        <hdop>1.9</hdop>
      </trkpt>
      <trkpt lat="56.0149633" lon="28.1222067">
        <ele>122.9</ele>
        <time>2022-02-05T09:19:08Z</time>
        <hdop>1.9</hdop>
        <extensions>
          <speed>0.462</speed>
        </extensions>
      </trkpt>
      <trkpt lat="56.015005" lon="28.12217">
        <ele>123.8</ele>
        <time>2022-02-05T09:19:14Z</time>
        <hdop>1.7</hdop>
        <extensions>
          <speed>0.623</speed>
        </extensions>
      </trkpt>
      <trkpt lat="56.0150317" lon="28.1221133">
        <ele>123.7</ele>
        <time>2022-02-05T09:19:20Z</time>
        <hdop>1.7</hdop>
        <extensions>
          <speed>0.848</speed>
        </extensions>
      </trkpt>
      <trkpt lat="56.015055" lon="28.1221217">
        <ele>123.9</ele>
        <time>2022-02-05T09:19:25Z</time>
        <hdop>2.1</hdop>
      </trkpt>
      <trkpt lat="56.01508" lon="28.1222">
        <ele>123.8</ele>
        <time>2022-02-05T09:19:31Z</time>
        <hdop>2.7</hdop>
      </trkpt>
      <trkpt lat="56.015135" lon="28.122225">
        <ele>121.5</ele>
        <time>2022-02-05T09:19:37Z</time>
        <hdop>2.4</hdop>
        <extensions>
          <speed>0.807</speed>
        </extensions>
      </trkpt>
      <trkpt lat="56.0151717" lon="28.122245">
        <ele>119.8</ele>
        <time>2022-02-05T09:19:42Z</time>
        <hdop>2.4</hdop>
        <extensions>
          <speed>0.98</speed>
        </extensions>
      </trkpt>
      <trkpt lat="56.0152233" lon="28.1222967">
        <ele>119.1</ele>
        <time>2022-02-05T09:19:48Z</time>
        <hdop>2.5</hdop>
        <extensions>
          <speed>0.936</speed>
        </extensions>
      </trkpt>
      <trkpt lat="56.0153167" lon="28.1223633">
        <ele>119.7</ele>
        <time>2022-02-05T09:19:54Z</time>
        <hdop>2.6</hdop>
        <extensions>
          <speed>1.002</speed>
        </extensions>
      </trkpt>
      <trkpt lat="56.0153367" lon="28.12239">
        <ele>119.8</ele>
        <time>2022-02-05T09:19:59Z</time>
        <hdop>2.5</hdop>
        <extensions>
          <speed>0.868</speed>
        </extensions>
      </trkpt>
      <trkpt lat="56.0153983" lon="28.1224167">
        <ele>120.8</ele>
        <time>2022-02-05T09:20:05Z</time>
        <hdop>2.4</hdop>
        <extensions>
          <speed>0.745</speed>
        </extensions>
      </trkpt>
      <trkpt lat="56.0154633" lon="28.122435">
        <ele>120.9</ele>
        <time>2022-02-05T09:20:10Z</time>
        <hdop>2.3</hdop>
        <extensions>
          <speed>1.055</speed>
        </extensions>
      </trkpt>
      <trkpt lat="56.0155017" lon="28.12244">
        <ele>120.2</ele>
        <time>2022-02-05T09:20:15Z</time>
        <hdop>2.4</hdop>
      </trkpt>
      <trkpt lat="56.0155683" lon="28.1225183">
        <ele>120.6</ele>
        <time>2022-02-05T09:20:21Z</time>
        <hdop>2.3</hdop>
        <extensions>
          <speed>1.258</speed>
        </extensions>
      </trkpt>
      <trkpt lat="56.0155467" lon="28.1224967">
        <ele>125.2</ele>
        <time>2022-02-05T09:20:29Z</time>
        <hdop>1.9</hdop>
        <extensions>
          <speed>0.906</speed>
        </extensions>
      </trkpt>
      <trkpt lat="56.0155033" lon="28.1224567">
        <ele>125.7</ele>
        <time>2022-02-05T09:20:34Z</time>
        <hdop>2</hdop>
        <extensions>
          <speed>0.915</speed>
        </extensions>
      </trkpt>
      <trkpt lat="56.0155267" lon="28.1224867">
        <ele>126.1</ele>
        <time>2022-02-05T09:20:56Z</time>
        <hdop>1.9</hdop>
        <extensions>
          <speed>0.388</speed>
        </extensions>
      </trkpt>
      <trkpt lat="56.0156083" lon="28.1225367">
        <ele>125.2</ele>
        <time>2022-02-05T09:21:02Z</time>
        <hdop>2.2</hdop>
        <extensions>
          <speed>0.985</speed>
        </extensions>
      </trkpt>
      <trkpt lat="56.015635" lon="28.122535">
        <ele>125</ele>
        <time>2022-02-05T09:21:08Z</time>
        <hdop>2.1</hdop>
        <extensions>
          <speed>0.735</speed>
        </extensions>
      </trkpt>
      <trkpt lat="56.0157117" lon="28.12249">
        <ele>125</ele>
        <time>2022-02-05T09:21:14Z</time>
        <hdop>2.1</hdop>
        <extensions>
          <speed>1.1</speed>
        </extensions>
      </trkpt>
      <trkpt lat="56.0157533" lon="28.1225233">
        <ele>125</ele>
        <time>2022-02-05T09:21:19Z</time>
        <hdop>2.2</hdop>
        <extensions>
          <speed>1.321</speed>
        </extensions>
      </trkpt>
      <trkpt lat="56.01573" lon="28.1225083">
        <ele>126.6</ele>
        <time>2022-02-05T09:21:28Z</time>
        <hdop>1.8</hdop>
        <extensions>
          <speed>0.468</speed>
        </extensions>
      </trkpt>
      <trkpt lat="56.01569" lon="28.1225417">
        <ele>126.4</ele>
        <time>2022-02-05T09:21:33Z</time>
        <hdop>1.9</hdop>
        <extensions>
          <speed>0.808</speed>
        </extensions>
      </trkpt>
      <trkpt lat="56.0156583" lon="28.1225567">
        <ele>125.4</ele>
        <time>2022-02-05T09:21:39Z</time>
        <hdop>2.1</hdop>
        <extensions>
          <speed>0.781</speed>
        </extensions>
      </trkpt>
      <trkpt lat="56.0156683" lon="28.1226067">
        <ele>125.1</ele>
        <time>2022-02-05T09:21:45Z</time>
        <hdop>2.1</hdop>
        <extensions>
          <speed>0.609</speed>
        </extensions>
      </trkpt>
      <trkpt lat="56.0156883" lon="28.122685">
        <ele>125.3</ele>
        <time>2022-02-05T09:21:51Z</time>
        <hdop>2.2</hdop>
        <extensions>
          <speed>0.766</speed>
        </extensions>
      </trkpt>
      <trkpt lat="56.015665" lon="28.12274">
        <ele>125.4</ele>
        <time>2022-02-05T09:21:57Z</time>
        <hdop>2.1</hdop>
        <extensions>
          <speed>0.688</speed>
        </extensions>
      </trkpt>
      <trkpt lat="56.0156367" lon="28.1227533">
        <ele>125.1</ele>
        <time>2022-02-05T09:22:03Z</time>
        <hdop>2.2</hdop>
        <extensions>
          <speed>0.471</speed>
        </extensions>
      </trkpt>
      <trkpt lat="56.0156667" lon="28.1227283">
        <ele>124.7</ele>
        <time>2022-02-05T09:22:10Z</time>
        <hdop>1.9</hdop>
        <extensions>
          <speed>0.391</speed>
        </extensions>
      </trkpt>
      <trkpt lat="56.0156917" lon="28.12267">
        <ele>124.5</ele>
        <time>2022-02-05T09:22:15Z</time>
        <hdop>1.9</hdop>
        <extensions>
          <speed>0.785</speed>
        </extensions>
      </trkpt>
      <trkpt lat="56.015745" lon="28.122565">
        <ele>123.9</ele>
        <time>2022-02-05T09:22:21Z</time>
        <hdop>2.1</hdop>
        <extensions>
          <speed>1.402</speed>
        </extensions>
      </trkpt>
      <trkpt lat="56.0158067" lon="28.1224883">
        <ele>122.9</ele>
        <time>2022-02-05T09:22:27Z</time>
        <hdop>2.1</hdop>
        <extensions>
          <speed>1.555</speed>
        </extensions>
      </trkpt>
      <trkpt lat="56.0158817" lon="28.1225383">
        <ele>121.7</ele>
        <time>2022-02-05T09:22:33Z</time>
        <hdop>2.4</hdop>
        <extensions>
          <speed>1.639</speed>
        </extensions>
      </trkpt>
      <trkpt lat="56.0159467" lon="28.122605">
        <ele>121.6</ele>
        <time>2022-02-05T09:22:39Z</time>
        <hdop>2.3</hdop>
        <extensions>
          <speed>1.093</speed>
        </extensions>
      </trkpt>
      <trkpt lat="56.0159283" lon="28.1227067">
        <ele>122.7</ele>
        <time>2022-02-05T09:22:45Z</time>
        <hdop>1.9</hdop>
        <extensions>
          <speed>1.034</speed>
        </extensions>
      </trkpt>
      <trkpt lat="56.015925" lon="28.1226717">
        <ele>124.4</ele>
        <time>2022-02-05T09:22:53Z</time>
        <hdop>1.9</hdop>
        <extensions>
          <speed>0.563</speed>
        </extensions>
      </trkpt>
      <trkpt lat="56.0159517" lon="28.1226533">
        <ele>124.8</ele>
        <time>2022-02-05T09:22:58Z</time>
        <hdop>2</hdop>
        <extensions>
          <speed>0.617</speed>
        </extensions>
      </trkpt>
      <trkpt lat="56.0159733" lon="28.1226617">
        <ele>124.5</ele>
        <time>2022-02-05T09:23:05Z</time>
        <hdop>2.4</hdop>
      </trkpt>
      <trkpt lat="56.016" lon="28.1226883">
        <ele>123.7</ele>
        <time>2022-02-05T09:23:13Z</time>
        <hdop>2.5</hdop>
        <extensions>
          <speed>0.424</speed>
        </extensions>
      </trkpt>
      <trkpt lat="56.016045" lon="28.12276">
        <ele>122.4</ele>
        <time>2022-02-05T09:23:19Z</time>
        <hdop>2.2</hdop>
        <extensions>
          <speed>0.845</speed>
        </extensions>
      </trkpt>
      <trkpt lat="56.0161133" lon="28.12287">
        <ele>122.6</ele>
        <time>2022-02-05T09:23:24Z</time>
        <hdop>2.1</hdop>
        <extensions>
          <speed>1.423</speed>
        </extensions>
      </trkpt>
      <trkpt lat="56.0161617" lon="28.1229783">
        <ele>121.9</ele>
        <time>2022-02-05T09:23:30Z</time>
        <hdop>2.2</hdop>
        <extensions>
          <speed>1.619</speed>
        </extensions>
      </trkpt>
      <trkpt lat="56.016205" lon="28.12303">
        <ele>122</ele>
        <time>2022-02-05T09:23:35Z</time>
        <hdop>2.1</hdop>
        <extensions>
          <speed>1.374</speed>
        </extensions>
      </trkpt>
      <trkpt lat="56.0162367" lon="28.1230933">
        <ele>123.3</ele>
        <time>2022-02-05T09:23:40Z</time>
        <hdop>1.9</hdop>
        <extensions>
          <speed>1.192</speed>
        </extensions>
      </trkpt>
      <trkpt lat="56.016265" lon="28.1231533">
        <ele>122.2</ele>
        <time>2022-02-05T09:23:46Z</time>
        <hdop>1.9</hdop>
        <extensions>
          <speed>1.163</speed>
        </extensions>
      </trkpt>
      <trkpt lat="56.016305" lon="28.12322">
        <ele>120.9</ele>
        <time>2022-02-05T09:23:51Z</time>
        <hdop>1.7</hdop>
        <extensions>
          <speed>1.371</speed>
        </extensions>
      </trkpt>
      <trkpt lat="56.0163433" lon="28.12327">
        <ele>121.3</ele>
        <time>2022-02-05T09:23:56Z</time>
        <hdop>1.7</hdop>
        <extensions>
          <speed>1.186</speed>
        </extensions>
      </trkpt>
      <trkpt lat="56.016375" lon="28.1233567">
        <ele>122.4</ele>
        <time>2022-02-05T09:24:02Z</time>
        <hdop>1.6</hdop>
        <extensions>
          <speed>0.986</speed>
        </extensions>
      </trkpt>
      <trkpt lat="56.0164117" lon="28.123425">
        <ele>122.6</ele>
        <time>2022-02-05T09:24:07Z</time>
        <hdop>1.5</hdop>
        <extensions>
          <speed>1.08</speed>
        </extensions>
      </trkpt>
      <trkpt lat="56.016495" lon="28.1234983">
        <ele>122.5</ele>
        <time>2022-02-05T09:24:13Z</time>
        <hdop>1.6</hdop>
        <extensions>
          <speed>1.385</speed>
        </extensions>
      </trkpt>
      <trkpt lat="56.01655" lon="28.1235133">
        <ele>121</ele>
        <time>2022-02-05T09:24:18Z</time>
        <hdop>1.7</hdop>
        <extensions>
          <speed>1.525</speed>
        </extensions>
      </trkpt>
      <trkpt lat="56.01661" lon="28.123505">
        <ele>120</ele>
        <time>2022-02-05T09:24:24Z</time>
        <hdop>1.7</hdop>
        <extensions>
          <speed>1.081</speed>
        </extensions>
      </trkpt>
      <trkpt lat="56.01667" lon="28.12345">
        <ele>119.9</ele>
        <time>2022-02-05T09:24:30Z</time>
        <hdop>1.6</hdop>
        <extensions>
          <speed>1.024</speed>
        </extensions>
      </trkpt>
      <trkpt lat="56.01672" lon="28.1234167">
        <ele>119.4</ele>
        <time>2022-02-05T09:24:35Z</time>
        <hdop>1.7</hdop>
        <extensions>
          <speed>1.118</speed>
        </extensions>
      </trkpt>
      <trkpt lat="56.016775" lon="28.1233767">
        <ele>119.3</ele>
        <time>2022-02-05T09:24:41Z</time>
        <hdop>1.7</hdop>
        <extensions>
          <speed>1.169</speed>
        </extensions>
      </trkpt>
      <trkpt lat="56.01683" lon="28.1233667">
        <ele>119.3</ele>
        <time>2022-02-05T09:24:47Z</time>
        <hdop>1.5</hdop>
        <extensions>
          <speed>0.853</speed>
        </extensions>
      </trkpt>
      <trkpt lat="56.0168733" lon="28.1233233">
        <ele>118.7</ele>
        <time>2022-02-05T09:24:52Z</time>
        <hdop>1.5</hdop>
        <extensions>
          <speed>0.923</speed>
        </extensions>
      </trkpt>
      <trkpt lat="56.0169317" lon="28.12328">
        <ele>119.2</ele>
        <time>2022-02-05T09:24:57Z</time>
        <hdop>1.6</hdop>
        <extensions>
          <speed>1.173</speed>
        </extensions>
      </trkpt>
      <trkpt lat="56.016985" lon="28.1232717">
        <ele>120.5</ele>
        <time>2022-02-05T09:25:03Z</time>
        <hdop>1.5</hdop>
        <extensions>
          <speed>1.184</speed>
        </extensions>
      </trkpt>
      <trkpt lat="56.0170567" lon="28.123215">
        <ele>121.1</ele>
        <time>2022-02-05T09:25:09Z</time>
        <hdop>1.5</hdop>
        <extensions>
          <speed>1.142</speed>
        </extensions>
      </trkpt>
      <trkpt lat="56.017115" lon="28.1231883">
        <ele>122.3</ele>
        <time>2022-02-05T09:25:15Z</time>
        <hdop>1.7</hdop>
        <extensions>
          <speed>1.233</speed>
        </extensions>
      </trkpt>
      <trkpt lat="56.0171617" lon="28.123115">
        <ele>123.6</ele>
        <time>2022-02-05T09:25:21Z</time>
        <hdop>1.7</hdop>
        <extensions>
          <speed>1.278</speed>
        </extensions>
      </trkpt>
      <trkpt lat="56.01721" lon="28.1230783">
        <ele>123.2</ele>
        <time>2022-02-05T09:25:27Z</time>
        <hdop>1.7</hdop>
        <extensions>
          <speed>1.142</speed>
        </extensions>
      </trkpt>
      <trkpt lat="56.0172683" lon="28.12305">
        <ele>122.9</ele>
        <time>2022-02-05T09:25:33Z</time>
        <hdop>1.6</hdop>
        <extensions>
          <speed>1.009</speed>
        </extensions>
      </trkpt>
      <trkpt lat="56.0173267" lon="28.1230267">
        <ele>123.1</ele>
        <time>2022-02-05T09:25:39Z</time>
        <hdop>1.7</hdop>
        <extensions>
          <speed>1.048</speed>
        </extensions>
      </trkpt>
      <trkpt lat="56.0173967" lon="28.1230083">
        <ele>122.3</ele>
        <time>2022-02-05T09:25:45Z</time>
        <hdop>1.5</hdop>
        <extensions>
          <speed>1.213</speed>
        </extensions>
      </trkpt>
      <trkpt lat="56.0174617" lon="28.1229317">
        <ele>119.9</ele>
        <time>2022-02-05T09:25:51Z</time>
        <hdop>1.6</hdop>
        <extensions>
          <speed>1.326</speed>
        </extensions>
      </trkpt>
      <trkpt lat="56.0175133" lon="28.122915">
        <ele>119.7</ele>
        <time>2022-02-05T09:25:57Z</time>
        <hdop>1.6</hdop>
        <extensions>
          <speed>1.06</speed>
        </extensions>
      </trkpt>
      <trkpt lat="56.0175767" lon="28.1228367">
        <ele>119.2</ele>
        <time>2022-02-05T09:26:03Z</time>
        <hdop>1.6</hdop>
        <extensions>
          <speed>1.384</speed>
        </extensions>
      </trkpt>
      <trkpt lat="56.0176217" lon="28.12283">
        <ele>119.3</ele>
        <time>2022-02-05T09:26:09Z</time>
        <hdop>1.6</hdop>
        <extensions>
          <speed>1.317</speed>
        </extensions>
      </trkpt>
      <trkpt lat="56.0176667" lon="28.1227617">
        <ele>120.1</ele>
        <time>2022-02-05T09:26:15Z</time>
        <hdop>1.8</hdop>
        <extensions>
          <speed>1.015</speed>
        </extensions>
      </trkpt>
      <trkpt lat="56.0177083" lon="28.122695">
        <ele>120.6</ele>
        <time>2022-02-05T09:26:21Z</time>
        <hdop>1.9</hdop>
        <extensions>
          <speed>1.118</speed>
        </extensions>
      </trkpt>
      <trkpt lat="56.0177567" lon="28.1226183">
        <ele>123.8</ele>
        <time>2022-02-05T09:26:27Z</time>
        <hdop>1.9</hdop>
        <extensions>
          <speed>1.248</speed>
        </extensions>
      </trkpt>
      <trkpt lat="56.0178117" lon="28.1225967">
        <ele>127</ele>
        <time>2022-02-05T09:26:33Z</time>
        <hdop>1.9</hdop>
        <extensions>
          <speed>1.201</speed>
        </extensions>
      </trkpt>
      <trkpt lat="56.0178567" lon="28.1224817">
        <ele>128.5</ele>
        <time>2022-02-05T09:26:39Z</time>
        <hdop>2.1</hdop>
        <extensions>
          <speed>1.231</speed>
        </extensions>
      </trkpt>
      <trkpt lat="56.01789" lon="28.12244">
        <ele>129.4</ele>
        <time>2022-02-05T09:26:45Z</time>
        <hdop>1.9</hdop>
        <extensions>
          <speed>1.02</speed>
        </extensions>
      </trkpt>
      <trkpt lat="56.0179283" lon="28.122395">
        <ele>130.4</ele>
        <time>2022-02-05T09:26:51Z</time>
        <hdop>1.8</hdop>
        <extensions>
          <speed>1.025</speed>
        </extensions>
      </trkpt>
      <trkpt lat="56.017975" lon="28.1223333">
        <ele>130.8</ele>
        <time>2022-02-05T09:26:57Z</time>
        <hdop>1.9</hdop>
        <extensions>
          <speed>1.053</speed>
        </extensions>
      </trkpt>
      <trkpt lat="56.018015" lon="28.1222717">
        <ele>130.9</ele>
        <time>2022-02-05T09:27:03Z</time>
        <hdop>1.8</hdop>
        <extensions>
          <speed>1.104</speed>
        </extensions>
      </trkpt>
      <trkpt lat="56.0180667" lon="28.1221867">
        <ele>130.9</ele>
        <time>2022-02-05T09:27:09Z</time>
        <hdop>1.9</hdop>
        <extensions>
          <speed>1.167</speed>
        </extensions>
      </trkpt>
      <trkpt lat="56.0181" lon="28.1221467">
        <ele>131</ele>
        <time>2022-02-05T09:27:15Z</time>
        <hdop>1.9</hdop>
        <extensions>
          <speed>1.046</speed>
        </extensions>
      </trkpt>
      <trkpt lat="56.018145" lon="28.12208">
        <ele>131.2</ele>
        <time>2022-02-05T09:27:21Z</time>
        <hdop>2</hdop>
        <extensions>
          <speed>0.955</speed>
        </extensions>
      </trkpt>
      <trkpt lat="56.0181833" lon="28.1220417">
        <ele>131.2</ele>
        <time>2022-02-05T09:27:27Z</time>
        <hdop>2</hdop>
        <extensions>
          <speed>0.924</speed>
        </extensions>
      </trkpt>
      <trkpt lat="56.018225" lon="28.1219967">
        <ele>131.9</ele>
        <time>2022-02-05T09:27:33Z</time>
        <hdop>1.7</hdop>
        <extensions>
          <speed>0.808</speed>
        </extensions>
      </trkpt>
      <trkpt lat="56.01827" lon="28.12195">
        <ele>132.1</ele>
        <time>2022-02-05T09:27:39Z</time>
        <hdop>1.8</hdop>
        <extensions>
          <speed>0.829</speed>
        </extensions>
      </trkpt>
      <trkpt lat="56.018305" lon="28.1218617">
        <ele>132.4</ele>
        <time>2022-02-05T09:27:45Z</time>
        <hdop>1.8</hdop>
        <extensions>
          <speed>0.929</speed>
        </extensions>
      </trkpt>
      <trkpt lat="56.0183483" lon="28.1218117">
        <ele>132.6</ele>
        <time>2022-02-05T09:27:51Z</time>
        <hdop>1.8</hdop>
        <extensions>
          <speed>0.91</speed>
        </extensions>
      </trkpt>
      <trkpt lat="56.018375" lon="28.12174">
        <ele>132.9</ele>
        <time>2022-02-05T09:27:57Z</time>
        <hdop>1.7</hdop>
        <extensions>
          <speed>0.932</speed>
        </extensions>
      </trkpt>
      <trkpt lat="56.0184017" lon="28.1216767">
        <ele>132.4</ele>
        <time>2022-02-05T09:28:02Z</time>
        <hdop>1.7</hdop>
        <extensions>
          <speed>0.876</speed>
        </extensions>
      </trkpt>
      <trkpt lat="56.0184217" lon="28.1216067">
        <ele>131.8</ele>
        <time>2022-02-05T09:28:07Z</time>
        <hdop>1.7</hdop>
        <extensions>
          <speed>0.954</speed>
        </extensions>
      </trkpt>
      <trkpt lat="56.0184117" lon="28.1215617">
        <ele>131.1</ele>
        <time>2022-02-05T09:28:13Z</time>
        <hdop>1.7</hdop>
        <extensions>
          <speed>0.743</speed>
        </extensions>
      </trkpt>
      <trkpt lat="56.01843" lon="28.1215633">
        <ele>130.8</ele>
        <time>2022-02-05T09:28:20Z</time>
        <hdop>1.6</hdop>
        <extensions>
          <speed>0.311</speed>
        </extensions>
      </trkpt>
      <trkpt lat="56.0184733" lon="28.1215117">
        <ele>130.3</ele>
        <time>2022-02-05T09:28:25Z</time>
        <hdop>1.8</hdop>
        <extensions>
          <speed>0.665</speed>
        </extensions>
      </trkpt>
      <trkpt lat="56.0185167" lon="28.121445">
        <ele>129.8</ele>
        <time>2022-02-05T09:28:31Z</time>
        <hdop>1.9</hdop>
        <extensions>
          <speed>0.945</speed>
        </extensions>
      </trkpt>
      <trkpt lat="56.018555" lon="28.1213817">
        <ele>129.5</ele>
        <time>2022-02-05T09:28:37Z</time>
        <hdop>1.7</hdop>
        <extensions>
          <speed>0.785</speed>
        </extensions>
      </trkpt>
      <trkpt lat="56.0185683" lon="28.1212867">
        <ele>129.5</ele>
        <time>2022-02-05T09:28:43Z</time>
        <hdop>1.8</hdop>
        <extensions>
          <speed>0.924</speed>
        </extensions>
      </trkpt>
      <trkpt lat="56.0185883" lon="28.12122">
        <ele>128.4</ele>
        <time>2022-02-05T09:28:49Z</time>
        <hdop>1.8</hdop>
        <extensions>
          <speed>0.887</speed>
        </extensions>
      </trkpt>
      <trkpt lat="56.0186267" lon="28.12116">
        <ele>127.5</ele>
        <time>2022-02-05T09:28:55Z</time>
        <hdop>1.8</hdop>
        <extensions>
          <speed>0.74</speed>
        </extensions>
      </trkpt>
      <trkpt lat="56.0186133" lon="28.12113">
        <ele>126.6</ele>
        <time>2022-02-05T09:29:00Z</time>
        <hdop>1.7</hdop>
        <extensions>
          <speed>0.611</speed>
        </extensions>
      </trkpt>
      <trkpt lat="56.0186117" lon="28.1210933">
        <ele>124.3</ele>
        <time>2022-02-05T09:29:51Z</time>
        <hdop>1.4</hdop>
        <extensions>
          <speed>0.233</speed>
        </extensions>
      </trkpt>
      <trkpt lat="56.01866" lon="28.1210283">
        <ele>125.3</ele>
        <time>2022-02-05T09:29:57Z</time>
        <hdop>1.6</hdop>
        <extensions>
          <speed>0.731</speed>
        </extensions>
      </trkpt>
      <trkpt lat="56.0187017" lon="28.1209517">
        <ele>126.6</ele>
        <time>2022-02-05T09:30:03Z</time>
        <hdop>1.7</hdop>
        <extensions>
          <speed>0.923</speed>
        </extensions>
      </trkpt>
      <trkpt lat="56.0187367" lon="28.120885">
        <ele>127.8</ele>
        <time>2022-02-05T09:30:09Z</time>
        <hdop>1.7</hdop>
        <extensions>
          <speed>0.965</speed>
        </extensions>
      </trkpt>
      <trkpt lat="56.0187683" lon="28.1207983">
        <ele>129.2</ele>
        <time>2022-02-05T09:30:15Z</time>
        <hdop>1.7</hdop>
        <extensions>
          <speed>0.955</speed>
        </extensions>
      </trkpt>
      <trkpt lat="56.018775" lon="28.1207683">
        <ele>131.2</ele>
        <time>2022-02-05T09:30:23Z</time>
        <hdop>1.6</hdop>
        <extensions>
          <speed>0.436</speed>
        </extensions>
      </trkpt>
      <trkpt lat="56.018785" lon="28.1207267">
        <ele>131.6</ele>
        <time>2022-02-05T09:30:28Z</time>
        <hdop>1.6</hdop>
        <extensions>
          <speed>0.53</speed>
        </extensions>
      </trkpt>
      <trkpt lat="56.0188183" lon="28.1206417">
        <ele>131.9</ele>
        <time>2022-02-05T09:30:33Z</time>
        <hdop>1.6</hdop>
        <extensions>
          <speed>0.945</speed>
        </extensions>
      </trkpt>
      <trkpt lat="56.018855" lon="28.12056">
        <ele>131.5</ele>
        <time>2022-02-05T09:30:39Z</time>
        <hdop>1.6</hdop>
        <extensions>
          <speed>0.973</speed>
        </extensions>
      </trkpt>
      <trkpt lat="56.018875" lon="28.120465">
        <ele>131.5</ele>
        <time>2022-02-05T09:30:45Z</time>
        <hdop>1.6</hdop>
        <extensions>
          <speed>0.854</speed>
        </extensions>
      </trkpt>
      <trkpt lat="56.0188933" lon="28.12042">
        <ele>131</ele>
        <time>2022-02-05T09:30:51Z</time>
        <hdop>1.6</hdop>
        <extensions>
          <speed>0.78</speed>
        </extensions>
      </trkpt>
      <trkpt lat="56.018915" lon="28.1203833">
        <ele>129.9</ele>
        <time>2022-02-05T09:31:06Z</time>
        <hdop>1.6</hdop>
        <extensions>
          <speed>0.487</speed>
        </extensions>
      </trkpt>
      <trkpt lat="56.01898" lon="28.12027">
        <ele>128.5</ele>
        <time>2022-02-05T09:31:12Z</time>
        <hdop>1.6</hdop>
        <extensions>
          <speed>1.261</speed>
        </extensions>
      </trkpt>
      <trkpt lat="56.0190267" lon="28.1201433">
        <ele>127.5</ele>
        <time>2022-02-05T09:31:17Z</time>
        <hdop>1.6</hdop>
        <extensions>
          <speed>1.882</speed>
        </extensions>
      </trkpt>
      <trkpt lat="56.019085" lon="28.12005">
        <ele>129</ele>
        <time>2022-02-05T09:31:23Z</time>
        <hdop>1.5</hdop>
        <extensions>
          <speed>2.128</speed>
        </extensions>
      </trkpt>
      <trkpt lat="56.0191417" lon="28.11997">
        <ele>130.1</ele>
        <time>2022-02-05T09:31:28Z</time>
        <hdop>1.6</hdop>
        <extensions>
          <speed>1.903</speed>
        </extensions>
      </trkpt>
      <trkpt lat="56.0191767" lon="28.11988">
        <ele>129.6</ele>
        <time>2022-02-05T09:31:33Z</time>
        <hdop>1.7</hdop>
        <extensions>
          <speed>1.613</speed>
        </extensions>
      </trkpt>
      <trkpt lat="56.01923" lon="28.11977">
        <ele>129.2</ele>
        <time>2022-02-05T09:31:39Z</time>
        <hdop>1.6</hdop>
        <extensions>
          <speed>1.572</speed>
        </extensions>
      </trkpt>
      <trkpt lat="56.0192783" lon="28.1196633">
        <ele>129.1</ele>
        <time>2022-02-05T09:31:45Z</time>
        <hdop>1.6</hdop>
        <extensions>
          <speed>1.701</speed>
        </extensions>
      </trkpt>
      <trkpt lat="56.019325" lon="28.1195667">
        <ele>129.2</ele>
        <time>2022-02-05T09:31:51Z</time>
        <hdop>1.5</hdop>
        <extensions>
          <speed>1.523</speed>
        </extensions>
      </trkpt>
      <trkpt lat="56.0193683" lon="28.1194733">
        <ele>127.4</ele>
        <time>2022-02-05T09:31:57Z</time>
        <hdop>1.5</hdop>
        <extensions>
          <speed>1.151</speed>
        </extensions>
      </trkpt>
      <trkpt lat="56.0194233" lon="28.11939">
        <ele>127.7</ele>
        <time>2022-02-05T09:32:03Z</time>
        <hdop>1.6</hdop>
        <extensions>
          <speed>1.162</speed>
        </extensions>
      </trkpt>
      <trkpt lat="56.0194833" lon="28.1193083">
        <ele>127.1</ele>
        <time>2022-02-05T09:32:09Z</time>
        <hdop>1.6</hdop>
        <extensions>
          <speed>1.207</speed>
        </extensions>
      </trkpt>
      <trkpt lat="56.0195417" lon="28.1192133">
        <ele>126.4</ele>
        <time>2022-02-05T09:32:15Z</time>
        <hdop>1.6</hdop>
        <extensions>
          <speed>1.347</speed>
        </extensions>
      </trkpt>
      <trkpt lat="56.0196117" lon="28.1191333">
        <ele>125.9</ele>
        <time>2022-02-05T09:32:21Z</time>
        <hdop>1.6</hdop>
        <extensions>
          <speed>1.669</speed>
        </extensions>
      </trkpt>
      <trkpt lat="56.01967" lon="28.1190383">
        <ele>125.9</ele>
        <time>2022-02-05T09:32:27Z</time>
        <hdop>1.5</hdop>
        <extensions>
          <speed>1.692</speed>
        </extensions>
      </trkpt>
      <trkpt lat="56.0197233" lon="28.1189733">
        <ele>124.9</ele>
        <time>2022-02-05T09:32:33Z</time>
        <hdop>1.5</hdop>
        <extensions>
          <speed>1.463</speed>
        </extensions>
      </trkpt>
      <trkpt lat="56.0197817" lon="28.1189333">
        <ele>123.4</ele>
        <time>2022-02-05T09:32:39Z</time>
        <hdop>1.5</hdop>
        <extensions>
          <speed>1.057</speed>
        </extensions>
      </trkpt>
      <trkpt lat="56.0198567" lon="28.1189033">
        <ele>123.4</ele>
        <time>2022-02-05T09:32:45Z</time>
        <hdop>1.6</hdop>
        <extensions>
          <speed>1.143</speed>
        </extensions>
      </trkpt>
      <trkpt lat="56.019925" lon="28.1188017">
        <ele>122.8</ele>
        <time>2022-02-05T09:32:51Z</time>
        <hdop>1.6</hdop>
        <extensions>
          <speed>1.507</speed>
        </extensions>
      </trkpt>
      <trkpt lat="56.0199683" lon="28.118745">
        <ele>122.6</ele>
        <time>2022-02-05T09:32:57Z</time>
        <hdop>1.6</hdop>
        <extensions>
          <speed>1.238</speed>
        </extensions>
      </trkpt>
      <trkpt lat="56.020035" lon="28.11868">
        <ele>122.7</ele>
        <time>2022-02-05T09:33:03Z</time>
        <hdop>1.6</hdop>
        <extensions>
          <speed>1.05</speed>
        </extensions>
      </trkpt>
      <trkpt lat="56.02009" lon="28.1186533">
        <ele>122.8</ele>
        <time>2022-02-05T09:33:09Z</time>
        <hdop>1.6</hdop>
        <extensions>
          <speed>1.075</speed>
        </extensions>
      </trkpt>
      <trkpt lat="56.0201083" lon="28.1186183">
        <ele>123.5</ele>
        <time>2022-02-05T09:33:15Z</time>
        <hdop>1.6</hdop>
        <extensions>
          <speed>0.621</speed>
        </extensions>
      </trkpt>
      <trkpt lat="56.0201183" lon="28.11859">
        <ele>124.7</ele>
        <time>2022-02-05T09:33:25Z</time>
        <hdop>1.5</hdop>
        <extensions>
          <speed>0.349</speed>
        </extensions>
      </trkpt>
      <trkpt lat="56.020135" lon="28.1185533">
        <ele>125</ele>
        <time>2022-02-05T09:33:30Z</time>
        <hdop>1.6</hdop>
        <extensions>
          <speed>0.598</speed>
        </extensions>
      </trkpt>
      <trkpt lat="56.0201533" lon="28.1185233">
        <ele>124.7</ele>
        <time>2022-02-05T09:33:35Z</time>
        <hdop>1.5</hdop>
        <extensions>
          <speed>0.513</speed>
        </extensions>
      </trkpt>
      <trkpt lat="56.020175" lon="28.1184967">
        <ele>124.5</ele>
        <time>2022-02-05T09:33:41Z</time>
        <hdop>1.5</hdop>
      </trkpt>
      <trkpt lat="56.02021" lon="28.1185017">
        <ele>124.4</ele>
        <time>2022-02-05T09:33:46Z</time>
        <hdop>1.5</hdop>
        <extensions>
          <speed>0.486</speed>
        </extensions>
      </trkpt>
      <trkpt lat="56.0202317" lon="28.1185067">
        <ele>124.1</ele>
        <time>2022-02-05T09:33:51Z</time>
        <hdop>1.4</hdop>
        <extensions>
          <speed>0.484</speed>
        </extensions>
      </trkpt>
      <trkpt lat="56.0202567" lon="28.11849">
        <ele>125</ele>
        <time>2022-02-05T09:34:17Z</time>
        <hdop>1.4</hdop>
        <extensions>
          <speed>0.458</speed>
        </extensions>
      </trkpt>
      <trkpt lat="56.020295" lon="28.1184217">
        <ele>127.4</ele>
        <time>2022-02-05T09:34:23Z</time>
        <hdop>1.4</hdop>
        <extensions>
          <speed>0.917</speed>
        </extensions>
      </trkpt>
      <trkpt lat="56.02032" lon="28.1184267">
        <ele>128</ele>
        <time>2022-02-05T09:34:36Z</time>
        <hdop>1.1</hdop>
        <extensions>
          <speed>0.24</speed>
        </extensions>
      </trkpt>
      <trkpt lat="56.0203667" lon="28.1183933">
        <ele>128</ele>
        <time>2022-02-05T09:34:41Z</time>
        <hdop>1.4</hdop>
        <extensions>
          <speed>0.637</speed>
        </extensions>
      </trkpt>
      <trkpt lat="56.0204517" lon="28.1183783">
        <ele>127.8</ele>
        <time>2022-02-05T09:34:47Z</time>
        <hdop>1.5</hdop>
        <extensions>
          <speed>1.134</speed>
        </extensions>
      </trkpt>
      <trkpt lat="56.0205417" lon="28.1183317">
        <ele>128.1</ele>
        <time>2022-02-05T09:34:53Z</time>
        <hdop>1.6</hdop>
        <extensions>
          <speed>1.509</speed>
        </extensions>
      </trkpt>
      <trkpt lat="56.02062" lon="28.11826">
        <ele>127.9</ele>
        <time>2022-02-05T09:34:58Z</time>
        <hdop>1.7</hdop>
        <extensions>
          <speed>1.786</speed>
        </extensions>
      </trkpt>
      <trkpt lat="56.0206867" lon="28.1182083">
        <ele>128.5</ele>
        <time>2022-02-05T09:35:03Z</time>
        <hdop>1.7</hdop>
        <extensions>
          <speed>1.882</speed>
        </extensions>
      </trkpt>
      <trkpt lat="56.0207617" lon="28.118115">
        <ele>128</ele>
        <time>2022-02-05T09:35:09Z</time>
        <hdop>1.6</hdop>
        <extensions>
          <speed>1.838</speed>
        </extensions>
      </trkpt>
      <trkpt lat="56.0208317" lon="28.1180667">
        <ele>127.5</ele>
        <time>2022-02-05T09:35:15Z</time>
        <hdop>1.6</hdop>
        <extensions>
          <speed>1.75</speed>
        </extensions>
      </trkpt>
      <trkpt lat="56.0209033" lon="28.1180283">
        <ele>126</ele>
        <time>2022-02-05T09:35:21Z</time>
        <hdop>1.6</hdop>
        <extensions>
          <speed>1.486</speed>
        </extensions>
      </trkpt>
      <trkpt lat="56.0209567" lon="28.1179817">
        <ele>124.6</ele>
        <time>2022-02-05T09:35:27Z</time>
        <hdop>1.5</hdop>
        <extensions>
          <speed>1.066</speed>
        </extensions>
      </trkpt>
      <trkpt lat="56.0210167" lon="28.1179467">
        <ele>124.1</ele>
        <time>2022-02-05T09:35:33Z</time>
        <hdop>1.5</hdop>
        <extensions>
          <speed>0.834</speed>
        </extensions>
      </trkpt>
      <trkpt lat="56.0210967" lon="28.11789">
        <ele>124.8</ele>
        <time>2022-02-05T09:35:39Z</time>
        <hdop>1.6</hdop>
        <extensions>
          <speed>1.103</speed>
        </extensions>
      </trkpt>
      <trkpt lat="56.0211933" lon="28.1178283">
        <ele>125.1</ele>
        <time>2022-02-05T09:35:45Z</time>
        <hdop>1.6</hdop>
        <extensions>
          <speed>1.676</speed>
        </extensions>
      </trkpt>
      <trkpt lat="56.021265" lon="28.11779">
        <ele>124.3</ele>
        <time>2022-02-05T09:35:51Z</time>
        <hdop>1.6</hdop>
        <extensions>
          <speed>1.608</speed>
        </extensions>
      </trkpt>
      <trkpt lat="56.0213383" lon="28.117745">
        <ele>125.6</ele>
        <time>2022-02-05T09:35:57Z</time>
        <hdop>1.6</hdop>
        <extensions>
          <speed>1.295</speed>
        </extensions>
      </trkpt>
      <trkpt lat="56.0214167" lon="28.1176467">
        <ele>125.5</ele>
        <time>2022-02-05T09:36:03Z</time>
        <hdop>1.6</hdop>
        <extensions>
          <speed>1.73</speed>
        </extensions>
      </trkpt>
      <trkpt lat="56.0214667" lon="28.1175767">
        <ele>125.5</ele>
        <time>2022-02-05T09:36:09Z</time>
        <hdop>1.6</hdop>
        <extensions>
          <speed>1.324</speed>
        </extensions>
      </trkpt>
      <trkpt lat="56.0215233" lon="28.1174917">
        <ele>126</ele>
        <time>2022-02-05T09:36:15Z</time>
        <hdop>1.6</hdop>
        <extensions>
          <speed>1.108</speed>
        </extensions>
      </trkpt>
      <trkpt lat="56.0216117" lon="28.1173767">
        <ele>127</ele>
        <time>2022-02-05T09:36:21Z</time>
        <hdop>1.6</hdop>
        <extensions>
          <speed>1.644</speed>
        </extensions>
      </trkpt>
      <trkpt lat="56.0216867" lon="28.1172817">
        <ele>127.9</ele>
        <time>2022-02-05T09:36:27Z</time>
        <hdop>1.7</hdop>
        <extensions>
          <speed>1.845</speed>
        </extensions>
      </trkpt>
      <trkpt lat="56.0217533" lon="28.1171883">
        <ele>127.5</ele>
        <time>2022-02-05T09:36:33Z</time>
        <hdop>1.6</hdop>
        <extensions>
          <speed>1.694</speed>
        </extensions>
      </trkpt>
      <trkpt lat="56.0217967" lon="28.11711">
        <ele>125.9</ele>
        <time>2022-02-05T09:36:39Z</time>
        <hdop>1.6</hdop>
        <extensions>
          <speed>1.269</speed>
        </extensions>
      </trkpt>
      <trkpt lat="56.0218567" lon="28.1170133">
        <ele>126.5</ele>
        <time>2022-02-05T09:36:45Z</time>
        <hdop>1.6</hdop>
        <extensions>
          <speed>1.117</speed>
        </extensions>
      </trkpt>
      <trkpt lat="56.0219167" lon="28.1169033">
        <ele>127.2</ele>
        <time>2022-02-05T09:36:51Z</time>
        <hdop>1.7</hdop>
        <extensions>
          <speed>1.598</speed>
        </extensions>
      </trkpt>
      <trkpt lat="56.0219383" lon="28.1168067">
        <ele>126.4</ele>
        <time>2022-02-05T09:36:57Z</time>
        <hdop>1.5</hdop>
        <extensions>
          <speed>1.196</speed>
        </extensions>
      </trkpt>
      <trkpt lat="56.0219817" lon="28.1166683">
        <ele>125.7</ele>
        <time>2022-02-05T09:37:03Z</time>
        <hdop>1.7</hdop>
        <extensions>
          <speed>1.485</speed>
        </extensions>
      </trkpt>
      <trkpt lat="56.02203" lon="28.1165917">
        <ele>126.1</ele>
        <time>2022-02-05T09:37:09Z</time>
        <hdop>1.6</hdop>
        <extensions>
          <speed>1.417</speed>
        </extensions>
      </trkpt>
      <trkpt lat="56.0220767" lon="28.116465">
        <ele>125</ele>
        <time>2022-02-05T09:37:15Z</time>
        <hdop>1.6</hdop>
        <extensions>
          <speed>1.377</speed>
        </extensions>
      </trkpt>
      <trkpt lat="56.0221333" lon="28.116405">
        <ele>124.6</ele>
        <time>2022-02-05T09:37:21Z</time>
        <hdop>1.6</hdop>
        <extensions>
          <speed>1.154</speed>
        </extensions>
      </trkpt>
      <trkpt lat="56.0221917" lon="28.1163183">
        <ele>124.1</ele>
        <time>2022-02-05T09:37:27Z</time>
        <hdop>1.6</hdop>
        <extensions>
          <speed>1.236</speed>
        </extensions>
      </trkpt>
      <trkpt lat="56.0222617" lon="28.1162283">
        <ele>125.5</ele>
        <time>2022-02-05T09:37:33Z</time>
        <hdop>1.6</hdop>
        <extensions>
          <speed>1.339</speed>
        </extensions>
      </trkpt>
      <trkpt lat="56.02231" lon="28.11617">
        <ele>126.4</ele>
        <time>2022-02-05T09:37:39Z</time>
        <hdop>1.6</hdop>
        <extensions>
          <speed>1.167</speed>
        </extensions>
      </trkpt>
      <trkpt lat="56.0223433" lon="28.1160433">
        <ele>127.1</ele>
        <time>2022-02-05T09:37:45Z</time>
        <hdop>1.7</hdop>
        <extensions>
          <speed>1.156</speed>
        </extensions>
      </trkpt>
      <trkpt lat="56.0223583" lon="28.115945">
        <ele>128</ele>
        <time>2022-02-05T09:37:51Z</time>
        <hdop>1.6</hdop>
        <extensions>
          <speed>1.062</speed>
        </extensions>
      </trkpt>
      <trkpt lat="56.0223567" lon="28.1158567">
        <ele>127.9</ele>
        <time>2022-02-05T09:37:57Z</time>
        <hdop>1.6</hdop>
        <extensions>
          <speed>0.937</speed>
        </extensions>
      </trkpt>
      <trkpt lat="56.0223967" lon="28.11572">
        <ele>127.6</ele>
        <time>2022-02-05T09:38:03Z</time>
        <hdop>1.6</hdop>
        <extensions>
          <speed>1.002</speed>
        </extensions>
      </trkpt>
      <trkpt lat="56.0224367" lon="28.1156167">
        <ele>128.3</ele>
        <time>2022-02-05T09:38:09Z</time>
        <hdop>1.7</hdop>
        <extensions>
          <speed>1.052</speed>
        </extensions>
      </trkpt>
      <trkpt lat="56.022455" lon="28.1154967">
        <ele>128.5</ele>
        <time>2022-02-05T09:38:15Z</time>
        <hdop>1.6</hdop>
        <extensions>
          <speed>1.143</speed>
        </extensions>
      </trkpt>
      <trkpt lat="56.0224733" lon="28.1153767">
        <ele>128.7</ele>
        <time>2022-02-05T09:38:21Z</time>
        <hdop>1.6</hdop>
        <extensions>
          <speed>1.183</speed>
        </extensions>
      </trkpt>
      <trkpt lat="56.0224783" lon="28.1152683">
        <ele>128.3</ele>
        <time>2022-02-05T09:38:27Z</time>
        <hdop>1.5</hdop>
        <extensions>
          <speed>1.146</speed>
        </extensions>
      </trkpt>
      <trkpt lat="56.0224667" lon="28.1151117">
        <ele>129.4</ele>
        <time>2022-02-05T09:38:33Z</time>
        <hdop>1.5</hdop>
        <extensions>
          <speed>1.609</speed>
        </extensions>
      </trkpt>
      <trkpt lat="56.0224683" lon="28.1149967">
        <ele>130</ele>
        <time>2022-02-05T09:38:39Z</time>
        <hdop>1.5</hdop>
        <extensions>
          <speed>1.306</speed>
        </extensions>
      </trkpt>
      <trkpt lat="56.0224383" lon="28.1148467">
        <ele>129</ele>
        <time>2022-02-05T09:38:45Z</time>
        <hdop>1.6</hdop>
        <extensions>
          <speed>1.265</speed>
        </extensions>
      </trkpt>
      <trkpt lat="56.022405" lon="28.114715">
        <ele>128</ele>
        <time>2022-02-05T09:38:51Z</time>
        <hdop>1.5</hdop>
        <extensions>
          <speed>1.499</speed>
        </extensions>
      </trkpt>
      <trkpt lat="56.0224067" lon="28.1146733">
        <ele>127.8</ele>
        <time>2022-02-05T09:38:57Z</time>
        <hdop>1.5</hdop>
        <extensions>
          <speed>0.817</speed>
        </extensions>
      </trkpt>
      <trkpt lat="56.0224167" lon="28.114635">
        <ele>127.5</ele>
        <time>2022-02-05T09:39:11Z</time>
        <hdop>1.4</hdop>
        <extensions>
          <speed>0.344</speed>
        </extensions>
      </trkpt>
      <trkpt lat="56.0224233" lon="28.1145833">
        <ele>127.3</ele>
        <time>2022-02-05T09:39:16Z</time>
        <hdop>1.5</hdop>
        <extensions>
          <speed>0.55</speed>
        </extensions>
      </trkpt>
      <trkpt lat="56.0223883" lon="28.1146267">
        <ele>126.9</ele>
        <time>2022-02-05T09:39:21Z</time>
        <hdop>1.5</hdop>
        <extensions>
          <speed>0.648</speed>
        </extensions>
      </trkpt>
      <trkpt lat="56.0224133" lon="28.1145867">
        <ele>126.4</ele>
        <time>2022-02-05T09:39:27Z</time>
        <hdop>1.5</hdop>
        <extensions>
          <speed>0.674</speed>
        </extensions>
      </trkpt>
      <trkpt lat="56.0224117" lon="28.114485">
        <ele>126.3</ele>
        <time>2022-02-05T09:39:33Z</time>
        <hdop>1.5</hdop>
        <extensions>
          <speed>0.825</speed>
        </extensions>
      </trkpt>
      <trkpt lat="56.0224217" lon="28.1143517">
        <ele>126</ele>
        <time>2022-02-05T09:39:39Z</time>
        <hdop>1.5</hdop>
        <extensions>
          <speed>1.332</speed>
        </extensions>
      </trkpt>
      <trkpt lat="56.022445" lon="28.1142667">
        <ele>126</ele>
        <time>2022-02-05T09:39:45Z</time>
        <hdop>1.4</hdop>
        <extensions>
          <speed>1.19</speed>
        </extensions>
      </trkpt>
      <trkpt lat="56.0224967" lon="28.114165">
        <ele>126.2</ele>
        <time>2022-02-05T09:39:51Z</time>
        <hdop>1.5</hdop>
        <extensions>
          <speed>1.038</speed>
        </extensions>
      </trkpt>
      <trkpt lat="56.0225217" lon="28.114105">
        <ele>126.3</ele>
        <time>2022-02-05T09:39:57Z</time>
        <hdop>1.6</hdop>
        <extensions>
          <speed>0.866</speed>
        </extensions>
      </trkpt>
      <trkpt lat="56.0225467" lon="28.1141017">
        <ele>126.2</ele>
        <time>2022-02-05T09:40:03Z</time>
        <hdop>1.6</hdop>
        <extensions>
          <speed>0.584</speed>
        </extensions>
      </trkpt>
      <trkpt lat="56.0225533" lon="28.11416">
        <ele>126.7</ele>
        <time>2022-02-05T09:40:09Z</time>
        <hdop>1.5</hdop>
        <extensions>
          <speed>0.547</speed>
        </extensions>
      </trkpt>
      <trkpt lat="56.0226067" lon="28.1141833">
        <ele>126.4</ele>
        <time>2022-02-05T09:40:15Z</time>
        <hdop>1.5</hdop>
        <extensions>
          <speed>0.839</speed>
        </extensions>
      </trkpt>
      <trkpt lat="56.0226417" lon="28.1142033">
        <ele>126</ele>
        <time>2022-02-05T09:40:21Z</time>
        <hdop>1.5</hdop>
        <extensions>
          <speed>0.901</speed>
        </extensions>
      </trkpt>
      <trkpt lat="56.0226967" lon="28.114195">
        <ele>126</ele>
        <time>2022-02-05T09:40:27Z</time>
        <hdop>1.5</hdop>
        <extensions>
          <speed>0.853</speed>
        </extensions>
      </trkpt>
      <trkpt lat="56.0227467" lon="28.11414">
        <ele>126.2</ele>
        <time>2022-02-05T09:40:33Z</time>
        <hdop>1.4</hdop>
        <extensions>
          <speed>1.037</speed>
        </extensions>
      </trkpt>
      <trkpt lat="56.0227933" lon="28.1140767">
        <ele>127.4</ele>
        <time>2022-02-05T09:40:38Z</time>
        <hdop>1.5</hdop>
        <extensions>
          <speed>1.187</speed>
        </extensions>
      </trkpt>
      <trkpt lat="56.02283" lon="28.1140983">
        <ele>126.2</ele>
        <time>2022-02-05T09:40:44Z</time>
        <hdop>1.5</hdop>
        <extensions>
          <speed>1.004</speed>
        </extensions>
      </trkpt>
      <trkpt lat="56.02288" lon="28.1141367">
        <ele>123.4</ele>
        <time>2022-02-05T09:40:50Z</time>
        <hdop>1.6</hdop>
        <extensions>
          <speed>0.934</speed>
        </extensions>
      </trkpt>
      <trkpt lat="56.02292" lon="28.1141783">
        <ele>121.6</ele>
        <time>2022-02-05T09:40:55Z</time>
        <hdop>1.5</hdop>
        <extensions>
          <speed>1.044</speed>
        </extensions>
      </trkpt>
      <trkpt lat="56.02298" lon="28.1142067">
        <ele>120.5</ele>
        <time>2022-02-05T09:41:01Z</time>
        <hdop>1.4</hdop>
        <extensions>
          <speed>1.029</speed>
        </extensions>
      </trkpt>
      <trkpt lat="56.0230217" lon="28.1141967">
        <ele>120.4</ele>
        <time>2022-02-05T09:41:07Z</time>
        <hdop>1.7</hdop>
        <extensions>
          <speed>0.831</speed>
        </extensions>
      </trkpt>
      <trkpt lat="56.0231" lon="28.1142333">
        <ele>120.5</ele>
        <time>2022-02-05T09:41:13Z</time>
        <hdop>1.7</hdop>
        <extensions>
          <speed>0.967</speed>
        </extensions>
      </trkpt>
      <trkpt lat="56.0231783" lon="28.114275">
        <ele>121.1</ele>
        <time>2022-02-05T09:41:19Z</time>
        <hdop>1.6</hdop>
        <extensions>
          <speed>1.279</speed>
        </extensions>
      </trkpt>
      <trkpt lat="56.02323" lon="28.1143167">
        <ele>121.2</ele>
        <time>2022-02-05T09:41:24Z</time>
        <hdop>1.7</hdop>
        <extensions>
          <speed>1.224</speed>
        </extensions>
      </trkpt>
      <trkpt lat="56.0232683" lon="28.114355">
        <ele>121</ele>
        <time>2022-02-05T09:41:30Z</time>
        <hdop>1.7</hdop>
        <extensions>
          <speed>1.024</speed>
        </extensions>
      </trkpt>
      <trkpt lat="56.023315" lon="28.1143833">
        <ele>121</ele>
        <time>2022-02-05T09:41:35Z</time>
        <hdop>1.7</hdop>
        <extensions>
          <speed>1.056</speed>
        </extensions>
      </trkpt>
      <trkpt lat="56.023375" lon="28.1144217">
        <ele>121.7</ele>
        <time>2022-02-05T09:41:41Z</time>
        <hdop>1.7</hdop>
        <extensions>
          <speed>1.17</speed>
        </extensions>
      </trkpt>
      <trkpt lat="56.0234433" lon="28.1144483">
        <ele>122.3</ele>
        <time>2022-02-05T09:41:47Z</time>
        <hdop>1.8</hdop>
        <extensions>
          <speed>1.25</speed>
        </extensions>
      </trkpt>
      <trkpt lat="56.0235167" lon="28.11447">
        <ele>123.3</ele>
        <time>2022-02-05T09:41:53Z</time>
        <hdop>1.9</hdop>
        <extensions>
          <speed>1.296</speed>
        </extensions>
      </trkpt>
      <trkpt lat="56.0235917" lon="28.1145033">
        <ele>124</ele>
        <time>2022-02-05T09:41:59Z</time>
        <hdop>1.9</hdop>
        <extensions>
          <speed>1.254</speed>
        </extensions>
      </trkpt>
      <trkpt lat="56.02366" lon="28.1145117">
        <ele>124.5</ele>
        <time>2022-02-05T09:42:04Z</time>
        <hdop>1.9</hdop>
        <extensions>
          <speed>1.318</speed>
        </extensions>
      </trkpt>
      <trkpt lat="56.0237217" lon="28.1145383">
        <ele>126.4</ele>
        <time>2022-02-05T09:42:09Z</time>
        <hdop>1.8</hdop>
        <extensions>
          <speed>1.246</speed>
        </extensions>
      </trkpt>
      <trkpt lat="56.0238017" lon="28.11455">
        <ele>129.3</ele>
        <time>2022-02-05T09:42:15Z</time>
        <hdop>1.8</hdop>
        <extensions>
          <speed>1.29</speed>
        </extensions>
      </trkpt>
      <trkpt lat="56.0238783" lon="28.114595">
        <ele>130.8</ele>
        <time>2022-02-05T09:42:21Z</time>
        <hdop>1.8</hdop>
        <extensions>
          <speed>1.352</speed>
        </extensions>
      </trkpt>
      <trkpt lat="56.0239367" lon="28.11465">
        <ele>129.6</ele>
        <time>2022-02-05T09:42:27Z</time>
        <hdop>1.8</hdop>
        <extensions>
          <speed>1.322</speed>
        </extensions>
      </trkpt>
      <trkpt lat="56.024" lon="28.1146867">
        <ele>128.6</ele>
        <time>2022-02-05T09:42:33Z</time>
        <hdop>1.8</hdop>
        <extensions>
          <speed>1.23</speed>
        </extensions>
      </trkpt>
      <trkpt lat="56.024055" lon="28.1147083">
        <ele>126.4</ele>
        <time>2022-02-05T09:42:39Z</time>
        <hdop>1.7</hdop>
        <extensions>
          <speed>1.193</speed>
        </extensions>
      </trkpt>
      <trkpt lat="56.0241083" lon="28.1147033">
        <ele>125.7</ele>
        <time>2022-02-05T09:42:45Z</time>
        <hdop>1.7</hdop>
        <extensions>
          <speed>0.872</speed>
        </extensions>
      </trkpt>
      <trkpt lat="56.0241617" lon="28.1147183">
        <ele>124.6</ele>
        <time>2022-02-05T09:42:51Z</time>
        <hdop>1.7</hdop>
        <extensions>
          <speed>0.866</speed>
        </extensions>
      </trkpt>
      <trkpt lat="56.024205" lon="28.1147433">
        <ele>123.7</ele>
        <time>2022-02-05T09:42:57Z</time>
        <hdop>1.7</hdop>
        <extensions>
          <speed>0.96</speed>
        </extensions>
      </trkpt>
      <trkpt lat="56.0242767" lon="28.1147833">
        <ele>123.8</ele>
        <time>2022-02-05T09:43:03Z</time>
        <hdop>1.6</hdop>
        <extensions>
          <speed>1.059</speed>
        </extensions>
      </trkpt>
      <trkpt lat="56.0243467" lon="28.1148333">
        <ele>123.6</ele>
        <time>2022-02-05T09:43:09Z</time>
        <hdop>1.7</hdop>
        <extensions>
          <speed>1.273</speed>
        </extensions>
      </trkpt>
      <trkpt lat="56.02441" lon="28.1148883">
        <ele>122.5</ele>
        <time>2022-02-05T09:43:15Z</time>
        <hdop>1.7</hdop>
        <extensions>
          <speed>1.23</speed>
        </extensions>
      </trkpt>
      <trkpt lat="56.0244783" lon="28.11493">
        <ele>122.3</ele>
        <time>2022-02-05T09:43:21Z</time>
        <hdop>1.7</hdop>
        <extensions>
          <speed>1.256</speed>
        </extensions>
      </trkpt>
      <trkpt lat="56.0245233" lon="28.114975">
        <ele>121.6</ele>
        <time>2022-02-05T09:43:27Z</time>
        <hdop>1.8</hdop>
        <extensions>
          <speed>1.133</speed>
        </extensions>
      </trkpt>
      <trkpt lat="56.0245867" lon="28.1150183">
        <ele>121.8</ele>
        <time>2022-02-05T09:43:33Z</time>
        <hdop>1.7</hdop>
        <extensions>
          <speed>1.127</speed>
        </extensions>
      </trkpt>
      <trkpt lat="56.0246517" lon="28.115055">
        <ele>122.2</ele>
        <time>2022-02-05T09:43:39Z</time>
        <hdop>1.7</hdop>
        <extensions>
          <speed>1.215</speed>
        </extensions>
      </trkpt>
      <trkpt lat="56.0247067" lon="28.115095">
        <ele>122</ele>
        <time>2022-02-05T09:43:45Z</time>
        <hdop>1.7</hdop>
        <extensions>
          <speed>1.199</speed>
        </extensions>
      </trkpt>
      <trkpt lat="56.0247717" lon="28.1151467">
        <ele>122.4</ele>
        <time>2022-02-05T09:43:51Z</time>
        <hdop>1.7</hdop>
        <extensions>
          <speed>1.151</speed>
        </extensions>
      </trkpt>
      <trkpt lat="56.0248333" lon="28.1152017">
        <ele>123</ele>
        <time>2022-02-05T09:43:57Z</time>
        <hdop>1.7</hdop>
        <extensions>
          <speed>1.103</speed>
        </extensions>
      </trkpt>
      <trkpt lat="56.0248967" lon="28.1152267">
        <ele>122.7</ele>
        <time>2022-02-05T09:44:03Z</time>
        <hdop>1.7</hdop>
        <extensions>
          <speed>1.18</speed>
        </extensions>
      </trkpt>
      <trkpt lat="56.024965" lon="28.1152683">
        <ele>122.7</ele>
        <time>2022-02-05T09:44:09Z</time>
        <hdop>1.6</hdop>
        <extensions>
          <speed>1.206</speed>
        </extensions>
      </trkpt>
      <trkpt lat="56.02503" lon="28.115315">
        <ele>123.7</ele>
        <time>2022-02-05T09:44:15Z</time>
        <hdop>1.6</hdop>
        <extensions>
          <speed>1.256</speed>
        </extensions>
      </trkpt>
      <trkpt lat="56.025105" lon="28.1153767">
        <ele>123.8</ele>
        <time>2022-02-05T09:44:21Z</time>
        <hdop>1.6</hdop>
        <extensions>
          <speed>1.264</speed>
        </extensions>
      </trkpt>
      <trkpt lat="56.02516" lon="28.115425">
        <ele>124.6</ele>
        <time>2022-02-05T09:44:27Z</time>
        <hdop>1.8</hdop>
        <extensions>
          <speed>1.233</speed>
        </extensions>
      </trkpt>
      <trkpt lat="56.025225" lon="28.1154417">
        <ele>126</ele>
        <time>2022-02-05T09:44:33Z</time>
        <hdop>1.7</hdop>
        <extensions>
          <speed>1.254</speed>
        </extensions>
      </trkpt>
      <trkpt lat="56.0252683" lon="28.1154633">
        <ele>125.9</ele>
        <time>2022-02-05T09:44:39Z</time>
        <hdop>1.6</hdop>
        <extensions>
          <speed>1.069</speed>
        </extensions>
      </trkpt>
      <trkpt lat="56.0253267" lon="28.115465">
        <ele>126</ele>
        <time>2022-02-05T09:44:45Z</time>
        <hdop>1.6</hdop>
        <extensions>
          <speed>1.007</speed>
        </extensions>
      </trkpt>
      <trkpt lat="56.0254017" lon="28.1154967">
        <ele>126.6</ele>
        <time>2022-02-05T09:44:51Z</time>
        <hdop>1.7</hdop>
        <extensions>
          <speed>1.057</speed>
        </extensions>
      </trkpt>
      <trkpt lat="56.02547" lon="28.1155167">
        <ele>127.8</ele>
        <time>2022-02-05T09:44:57Z</time>
        <hdop>1.6</hdop>
        <extensions>
          <speed>1.113</speed>
        </extensions>
      </trkpt>
      <trkpt lat="56.0255183" lon="28.115545">
        <ele>127.6</ele>
        <time>2022-02-05T09:45:03Z</time>
        <hdop>1.6</hdop>
        <extensions>
          <speed>0.968</speed>
        </extensions>
      </trkpt>
      <trkpt lat="56.02559" lon="28.11556">
        <ele>127.2</ele>
        <time>2022-02-05T09:45:09Z</time>
        <hdop>1.7</hdop>
        <extensions>
          <speed>1.047</speed>
        </extensions>
      </trkpt>
      <trkpt lat="56.0256567" lon="28.1156133">
        <ele>127.1</ele>
        <time>2022-02-05T09:45:15Z</time>
        <hdop>1.7</hdop>
        <extensions>
          <speed>1.156</speed>
        </extensions>
      </trkpt>
      <trkpt lat="56.025705" lon="28.115655">
        <ele>127</ele>
        <time>2022-02-05T09:45:21Z</time>
        <hdop>1.7</hdop>
        <extensions>
          <speed>1.237</speed>
        </extensions>
      </trkpt>
      <trkpt lat="56.0257783" lon="28.11569">
        <ele>126.9</ele>
        <time>2022-02-05T09:45:27Z</time>
        <hdop>1.7</hdop>
        <extensions>
          <speed>1.232</speed>
        </extensions>
      </trkpt>
      <trkpt lat="56.025845" lon="28.115725">
        <ele>126.8</ele>
        <time>2022-02-05T09:45:33Z</time>
        <hdop>1.7</hdop>
        <extensions>
          <speed>1.315</speed>
        </extensions>
      </trkpt>
      <trkpt lat="56.0259267" lon="28.1158183">
        <ele>125.9</ele>
        <time>2022-02-05T09:45:39Z</time>
        <hdop>1.8</hdop>
        <extensions>
          <speed>1.469</speed>
        </extensions>
      </trkpt>
      <trkpt lat="56.0259883" lon="28.1158817">
        <ele>125</ele>
        <time>2022-02-05T09:45:45Z</time>
        <hdop>1.8</hdop>
        <extensions>
          <speed>1.486</speed>
        </extensions>
      </trkpt>
      <trkpt lat="56.0260517" lon="28.1159383">
        <ele>124.7</ele>
        <time>2022-02-05T09:45:51Z</time>
        <hdop>1.8</hdop>
        <extensions>
          <speed>1.388</speed>
        </extensions>
      </trkpt>
      <trkpt lat="56.02613" lon="28.1159983">
        <ele>125.5</ele>
        <time>2022-02-05T09:45:57Z</time>
        <hdop>1.7</hdop>
        <extensions>
          <speed>1.456</speed>
        </extensions>
      </trkpt>
      <trkpt lat="56.0261783" lon="28.1160633">
        <ele>125.3</ele>
        <time>2022-02-05T09:46:03Z</time>
        <hdop>1.7</hdop>
        <extensions>
          <speed>1.313</speed>
        </extensions>
      </trkpt>
      <trkpt lat="56.0262417" lon="28.1161217">
        <ele>126.2</ele>
        <time>2022-02-05T09:46:09Z</time>
        <hdop>1.8</hdop>
        <extensions>
          <speed>1.2</speed>
        </extensions>
      </trkpt>
      <trkpt lat="56.026285" lon="28.11622">
        <ele>124.4</ele>
        <time>2022-02-05T09:46:15Z</time>
        <hdop>1.7</hdop>
        <extensions>
          <speed>1.161</speed>
        </extensions>
      </trkpt>
      <trkpt lat="56.0263383" lon="28.1163233">
        <ele>122.3</ele>
        <time>2022-02-05T09:46:21Z</time>
        <hdop>1.8</hdop>
        <extensions>
          <speed>1.357</speed>
        </extensions>
      </trkpt>
      <trkpt lat="56.02638" lon="28.1163933">
        <ele>121</ele>
        <time>2022-02-05T09:46:27Z</time>
        <hdop>1.8</hdop>
        <extensions>
          <speed>1.291</speed>
        </extensions>
      </trkpt>
      <trkpt lat="56.0264367" lon="28.1164583">
        <ele>120.8</ele>
        <time>2022-02-05T09:46:33Z</time>
        <hdop>1.8</hdop>
        <extensions>
          <speed>1.15</speed>
        </extensions>
      </trkpt>
      <trkpt lat="56.026485" lon="28.116505">
        <ele>122.1</ele>
        <time>2022-02-05T09:46:39Z</time>
        <hdop>1.7</hdop>
        <extensions>
          <speed>0.966</speed>
        </extensions>
      </trkpt>
      <trkpt lat="56.026525" lon="28.1165683">
        <ele>122.5</ele>
        <time>2022-02-05T09:46:45Z</time>
        <hdop>1.6</hdop>
        <extensions>
          <speed>0.887</speed>
        </extensions>
      </trkpt>
      <trkpt lat="56.0265833" lon="28.11665">
        <ele>122.5</ele>
        <time>2022-02-05T09:46:51Z</time>
        <hdop>1.7</hdop>
        <extensions>
          <speed>1.159</speed>
        </extensions>
      </trkpt>
      <trkpt lat="56.026655" lon="28.11674">
        <ele>123.2</ele>
        <time>2022-02-05T09:46:57Z</time>
        <hdop>1.7</hdop>
        <extensions>
          <speed>1.334</speed>
        </extensions>
      </trkpt>
      <trkpt lat="56.02672" lon="28.11679">
        <ele>123.1</ele>
        <time>2022-02-05T09:47:03Z</time>
        <hdop>1.7</hdop>
        <extensions>
          <speed>1.452</speed>
        </extensions>
      </trkpt>
      <trkpt lat="56.02677" lon="28.1168783">
        <ele>122.5</ele>
        <time>2022-02-05T09:47:09Z</time>
        <hdop>1.8</hdop>
        <extensions>
          <speed>1.437</speed>
        </extensions>
      </trkpt>
      <trkpt lat="56.0268317" lon="28.1169483">
        <ele>121.7</ele>
        <time>2022-02-05T09:47:15Z</time>
        <hdop>1.8</hdop>
        <extensions>
          <speed>1.381</speed>
        </extensions>
      </trkpt>
      <trkpt lat="56.0268917" lon="28.1170167">
        <ele>121</ele>
        <time>2022-02-05T09:47:21Z</time>
        <hdop>1.8</hdop>
        <extensions>
          <speed>1.405</speed>
        </extensions>
      </trkpt>
      <trkpt lat="56.0269383" lon="28.11711">
        <ele>120.5</ele>
        <time>2022-02-05T09:47:27Z</time>
        <hdop>1.7</hdop>
        <extensions>
          <speed>1.424</speed>
        </extensions>
      </trkpt>
      <trkpt lat="56.027" lon="28.1171967">
        <ele>120.5</ele>
        <time>2022-02-05T09:47:33Z</time>
        <hdop>1.7</hdop>
        <extensions>
          <speed>1.365</speed>
        </extensions>
      </trkpt>
      <trkpt lat="56.02706" lon="28.1172883">
        <ele>121.4</ele>
        <time>2022-02-05T09:47:39Z</time>
        <hdop>1.8</hdop>
        <extensions>
          <speed>1.357</speed>
        </extensions>
      </trkpt>
      <trkpt lat="56.02711" lon="28.1173567">
        <ele>121.5</ele>
        <time>2022-02-05T09:47:45Z</time>
        <hdop>1.8</hdop>
        <extensions>
          <speed>1.242</speed>
        </extensions>
      </trkpt>
      <trkpt lat="56.0271683" lon="28.11743">
        <ele>121.8</ele>
        <time>2022-02-05T09:47:51Z</time>
        <hdop>1.7</hdop>
        <extensions>
          <speed>1.138</speed>
        </extensions>
      </trkpt>
      <trkpt lat="56.0272333" lon="28.1175067">
        <ele>122.2</ele>
        <time>2022-02-05T09:47:57Z</time>
        <hdop>1.8</hdop>
        <extensions>
          <speed>1.319</speed>
        </extensions>
      </trkpt>
      <trkpt lat="56.0272883" lon="28.1176083">
        <ele>121.7</ele>
        <time>2022-02-05T09:48:03Z</time>
        <hdop>1.8</hdop>
        <extensions>
          <speed>1.367</speed>
        </extensions>
      </trkpt>
      <trkpt lat="56.027335" lon="28.11768">
        <ele>122.7</ele>
        <time>2022-02-05T09:48:09Z</time>
        <hdop>1.8</hdop>
        <extensions>
          <speed>1.374</speed>
        </extensions>
      </trkpt>
      <trkpt lat="56.02737" lon="28.117755">
        <ele>121.4</ele>
        <time>2022-02-05T09:48:15Z</time>
        <hdop>1.8</hdop>
        <extensions>
          <speed>1.133</speed>
        </extensions>
      </trkpt>
      <trkpt lat="56.027405" lon="28.1178367">
        <ele>120.6</ele>
        <time>2022-02-05T09:48:21Z</time>
        <hdop>1.8</hdop>
        <extensions>
          <speed>1.256</speed>
        </extensions>
      </trkpt>
      <trkpt lat="56.0274583" lon="28.11793">
        <ele>120</ele>
        <time>2022-02-05T09:48:27Z</time>
        <hdop>1.8</hdop>
        <extensions>
          <speed>1.187</speed>
        </extensions>
      </trkpt>
      <trkpt lat="56.027525" lon="28.118045">
        <ele>121.9</ele>
        <time>2022-02-05T09:48:33Z</time>
        <hdop>1.7</hdop>
        <extensions>
          <speed>1.425</speed>
        </extensions>
      </trkpt>
      <trkpt lat="56.0275633" lon="28.11813">
        <ele>123.8</ele>
        <time>2022-02-05T09:48:39Z</time>
        <hdop>1.7</hdop>
        <extensions>
          <speed>1.457</speed>
        </extensions>
      </trkpt>
      <trkpt lat="56.0276133" lon="28.118235">
        <ele>124.4</ele>
        <time>2022-02-05T09:48:45Z</time>
        <hdop>1.7</hdop>
        <extensions>
          <speed>1.195</speed>
        </extensions>
      </trkpt>
      <trkpt lat="56.027655" lon="28.1183083">
        <ele>126</ele>
        <time>2022-02-05T09:48:50Z</time>
        <hdop>1.5</hdop>
        <extensions>
          <speed>1.322</speed>
        </extensions>
      </trkpt>
      <trkpt lat="56.0276967" lon="28.1183717">
        <ele>127.1</ele>
        <time>2022-02-05T09:48:55Z</time>
        <hdop>1.6</hdop>
        <extensions>
          <speed>1.327</speed>
        </extensions>
      </trkpt>
      <trkpt lat="56.0277433" lon="28.1184583">
        <ele>127.7</ele>
        <time>2022-02-05T09:49:02Z</time>
        <hdop>1.6</hdop>
        <extensions>
          <speed>1.352</speed>
        </extensions>
      </trkpt>
      <trkpt lat="56.0277767" lon="28.1185183">
        <ele>128.3</ele>
        <time>2022-02-05T09:49:07Z</time>
        <hdop>1.7</hdop>
        <extensions>
          <speed>1.198</speed>
        </extensions>
      </trkpt>
      <trkpt lat="56.0278333" lon="28.1186217">
        <ele>128.2</ele>
        <time>2022-02-05T09:49:12Z</time>
        <hdop>1.6</hdop>
        <extensions>
          <speed>1.178</speed>
        </extensions>
      </trkpt>
      <trkpt lat="56.02787" lon="28.1186867">
        <ele>127.7</ele>
        <time>2022-02-05T09:49:17Z</time>
        <hdop>1.6</hdop>
        <extensions>
          <speed>1.236</speed>
        </extensions>
      </trkpt>
      <trkpt lat="56.0278867" lon="28.1187433">
        <ele>126.8</ele>
        <time>2022-02-05T09:49:23Z</time>
        <hdop>1.6</hdop>
        <extensions>
          <speed>0.868</speed>
        </extensions>
      </trkpt>
      <trkpt lat="56.0279167" lon="28.1187917">
        <ele>126.4</ele>
        <time>2022-02-05T09:49:28Z</time>
        <hdop>1.5</hdop>
        <extensions>
          <speed>0.707</speed>
        </extensions>
      </trkpt>
      <trkpt lat="56.0279567" lon="28.1188783">
        <ele>125.1</ele>
        <time>2022-02-05T09:49:33Z</time>
        <hdop>1.5</hdop>
        <extensions>
          <speed>0.992</speed>
        </extensions>
      </trkpt>
      <trkpt lat="56.0279967" lon="28.1189583">
        <ele>123.9</ele>
        <time>2022-02-05T09:49:39Z</time>
        <hdop>1.6</hdop>
        <extensions>
          <speed>1.108</speed>
        </extensions>
      </trkpt>
      <trkpt lat="56.02805" lon="28.1190433">
        <ele>123.8</ele>
        <time>2022-02-05T09:49:45Z</time>
        <hdop>2.2</hdop>
        <extensions>
          <speed>1.251</speed>
        </extensions>
      </trkpt>
      <trkpt lat="56.028095" lon="28.1191133">
        <ele>121.6</ele>
        <time>2022-02-05T09:49:51Z</time>
        <hdop>1.9</hdop>
        <extensions>
          <speed>1.277</speed>
        </extensions>
      </trkpt>
      <trkpt lat="56.0281267" lon="28.1192">
        <ele>119.1</ele>
        <time>2022-02-05T09:49:57Z</time>
        <hdop>1.9</hdop>
        <extensions>
          <speed>1.231</speed>
        </extensions>
      </trkpt>
      <trkpt lat="56.0281667" lon="28.119285">
        <ele>117</ele>
        <time>2022-02-05T09:50:03Z</time>
        <hdop>1.8</hdop>
        <extensions>
          <speed>1.262</speed>
        </extensions>
      </trkpt>
      <trkpt lat="56.0282133" lon="28.11938">
        <ele>115.3</ele>
        <time>2022-02-05T09:50:09Z</time>
        <hdop>1.8</hdop>
        <extensions>
          <speed>1.306</speed>
        </extensions>
      </trkpt>
      <trkpt lat="56.0282683" lon="28.1194867">
        <ele>116.1</ele>
        <time>2022-02-05T09:50:15Z</time>
        <hdop>1.8</hdop>
        <extensions>
          <speed>1.341</speed>
        </extensions>
      </trkpt>
      <trkpt lat="56.0283183" lon="28.1195717">
        <ele>118.4</ele>
        <time>2022-02-05T09:50:21Z</time>
        <hdop>1.7</hdop>
        <extensions>
          <speed>1.219</speed>
        </extensions>
      </trkpt>
      <trkpt lat="56.0283767" lon="28.1196683">
        <ele>119.5</ele>
        <time>2022-02-05T09:50:27Z</time>
        <hdop>1.7</hdop>
        <extensions>
          <speed>1.182</speed>
        </extensions>
      </trkpt>
      <trkpt lat="56.02842" lon="28.1197517">
        <ele>117.9</ele>
        <time>2022-02-05T09:50:33Z</time>
        <hdop>1.9</hdop>
        <extensions>
          <speed>1.402</speed>
        </extensions>
      </trkpt>
      <trkpt lat="56.0284733" lon="28.119865">
        <ele>120.6</ele>
        <time>2022-02-05T09:50:39Z</time>
        <hdop>1.7</hdop>
        <extensions>
          <speed>1.094</speed>
        </extensions>
      </trkpt>
      <trkpt lat="56.0285067" lon="28.11994">
        <ele>120</ele>
        <time>2022-02-05T09:50:45Z</time>
        <hdop>1.7</hdop>
        <extensions>
          <speed>0.951</speed>
        </extensions>
      </trkpt>
      <trkpt lat="56.0285567" lon="28.1200267">
        <ele>120.1</ele>
        <time>2022-02-05T09:50:51Z</time>
        <hdop>1.7</hdop>
        <extensions>
          <speed>1.184</speed>
        </extensions>
      </trkpt>
      <trkpt lat="56.02862" lon="28.1201383">
        <ele>120.3</ele>
        <time>2022-02-05T09:50:57Z</time>
        <hdop>1.8</hdop>
        <extensions>
          <speed>1.408</speed>
        </extensions>
      </trkpt>
      <trkpt lat="56.0286683" lon="28.120235">
        <ele>120.9</ele>
        <time>2022-02-05T09:51:03Z</time>
        <hdop>1.8</hdop>
        <extensions>
          <speed>1.428</speed>
        </extensions>
      </trkpt>
      <trkpt lat="56.02871" lon="28.1203317">
        <ele>121.4</ele>
        <time>2022-02-05T09:51:09Z</time>
        <hdop>1.8</hdop>
        <extensions>
          <speed>1.288</speed>
        </extensions>
      </trkpt>
      <trkpt lat="56.0287617" lon="28.12044">
        <ele>121.9</ele>
        <time>2022-02-05T09:51:15Z</time>
        <hdop>1.7</hdop>
        <extensions>
          <speed>1.328</speed>
        </extensions>
      </trkpt>
      <trkpt lat="56.0288233" lon="28.1205567">
        <ele>123.1</ele>
        <time>2022-02-05T09:51:21Z</time>
        <hdop>1.7</hdop>
        <extensions>
          <speed>1.414</speed>
        </extensions>
      </trkpt>
      <trkpt lat="56.0288833" lon="28.12065">
        <ele>124</ele>
        <time>2022-02-05T09:51:27Z</time>
        <hdop>1.7</hdop>
        <extensions>
          <speed>1.492</speed>
        </extensions>
      </trkpt>
      <trkpt lat="56.0289367" lon="28.1207367">
        <ele>124</ele>
        <time>2022-02-05T09:51:33Z</time>
        <hdop>1.7</hdop>
        <extensions>
          <speed>1.434</speed>
        </extensions>
      </trkpt>
      <trkpt lat="56.0289833" lon="28.120825">
        <ele>123.9</ele>
        <time>2022-02-05T09:51:39Z</time>
        <hdop>1.7</hdop>
        <extensions>
          <speed>1.324</speed>
        </extensions>
      </trkpt>
      <trkpt lat="56.02904" lon="28.120905">
        <ele>122.7</ele>
        <time>2022-02-05T09:51:45Z</time>
        <hdop>1.7</hdop>
        <extensions>
          <speed>1.305</speed>
        </extensions>
      </trkpt>
      <trkpt lat="56.02907" lon="28.1210117">
        <ele>121.3</ele>
        <time>2022-02-05T09:51:51Z</time>
        <hdop>1.7</hdop>
        <extensions>
          <speed>1.332</speed>
        </extensions>
      </trkpt>
      <trkpt lat="56.02913" lon="28.1211117">
        <ele>121.2</ele>
        <time>2022-02-05T09:51:57Z</time>
        <hdop>1.7</hdop>
        <extensions>
          <speed>1.394</speed>
        </extensions>
      </trkpt>
      <trkpt lat="56.0291967" lon="28.1212217">
        <ele>122.5</ele>
        <time>2022-02-05T09:52:03Z</time>
        <hdop>1.7</hdop>
        <extensions>
          <speed>1.585</speed>
        </extensions>
      </trkpt>
      <trkpt lat="56.0292617" lon="28.1212917">
        <ele>123.6</ele>
        <time>2022-02-05T09:52:09Z</time>
        <hdop>1.7</hdop>
        <extensions>
          <speed>1.379</speed>
        </extensions>
      </trkpt>
      <trkpt lat="56.029325" lon="28.1213833">
        <ele>124.6</ele>
        <time>2022-02-05T09:52:15Z</time>
        <hdop>1.7</hdop>
        <extensions>
          <speed>1.385</speed>
        </extensions>
      </trkpt>
      <trkpt lat="56.0293583" lon="28.1214683">
        <ele>125.3</ele>
        <time>2022-02-05T09:52:21Z</time>
        <hdop>1.8</hdop>
        <extensions>
          <speed>1.388</speed>
        </extensions>
      </trkpt>
      <trkpt lat="56.029415" lon="28.1215683">
        <ele>126.2</ele>
        <time>2022-02-05T09:52:27Z</time>
        <hdop>1.8</hdop>
        <extensions>
          <speed>1.446</speed>
        </extensions>
      </trkpt>
      <trkpt lat="56.0294833" lon="28.1216533">
        <ele>126.9</ele>
        <time>2022-02-05T09:52:33Z</time>
        <hdop>1.7</hdop>
        <extensions>
          <speed>1.422</speed>
        </extensions>
      </trkpt>
      <trkpt lat="56.02955" lon="28.1217567">
        <ele>127</ele>
        <time>2022-02-05T09:52:39Z</time>
        <hdop>1.7</hdop>
        <extensions>
          <speed>1.382</speed>
        </extensions>
      </trkpt>
      <trkpt lat="56.0296083" lon="28.121845">
        <ele>126.9</ele>
        <time>2022-02-05T09:52:45Z</time>
        <hdop>1.7</hdop>
        <extensions>
          <speed>1.41</speed>
        </extensions>
      </trkpt>
      <trkpt lat="56.0296517" lon="28.121915">
        <ele>126</ele>
        <time>2022-02-05T09:52:51Z</time>
        <hdop>1.8</hdop>
        <extensions>
          <speed>1.272</speed>
        </extensions>
      </trkpt>
      <trkpt lat="56.0297067" lon="28.12198">
        <ele>125.3</ele>
        <time>2022-02-05T09:52:57Z</time>
        <hdop>1.7</hdop>
        <extensions>
          <speed>1.23</speed>
        </extensions>
      </trkpt>
      <trkpt lat="56.02974" lon="28.12203">
        <ele>124</ele>
        <time>2022-02-05T09:53:03Z</time>
        <hdop>1.6</hdop>
        <extensions>
          <speed>1.05</speed>
        </extensions>
      </trkpt>
      <trkpt lat="56.029745" lon="28.12207">
        <ele>124.4</ele>
        <time>2022-02-05T09:53:12Z</time>
        <hdop>1.6</hdop>
        <extensions>
          <speed>0.456</speed>
        </extensions>
      </trkpt>
      <trkpt lat="56.0297967" lon="28.1221367">
        <ele>124.5</ele>
        <time>2022-02-05T09:53:17Z</time>
        <hdop>1.7</hdop>
        <extensions>
          <speed>0.928</speed>
        </extensions>
      </trkpt>
      <trkpt lat="56.029865" lon="28.122245">
        <ele>124.8</ele>
        <time>2022-02-05T09:53:23Z</time>
        <hdop>1.7</hdop>
        <extensions>
          <speed>1.301</speed>
        </extensions>
      </trkpt>
      <trkpt lat="56.0299083" lon="28.1223">
        <ele>124.4</ele>
        <time>2022-02-05T09:53:28Z</time>
        <hdop>1.7</hdop>
        <extensions>
          <speed>1.243</speed>
        </extensions>
      </trkpt>
      <trkpt lat="56.0299633" lon="28.1223833">
        <ele>124.5</ele>
        <time>2022-02-05T09:53:33Z</time>
        <hdop>1.7</hdop>
        <extensions>
          <speed>1.211</speed>
        </extensions>
      </trkpt>
      <trkpt lat="56.03001" lon="28.1224717">
        <ele>123.8</ele>
        <time>2022-02-05T09:53:39Z</time>
        <hdop>1.8</hdop>
        <extensions>
          <speed>1.308</speed>
        </extensions>
      </trkpt>
      <trkpt lat="56.03004" lon="28.1225583">
        <ele>122.6</ele>
        <time>2022-02-05T09:53:45Z</time>
        <hdop>1.7</hdop>
        <extensions>
          <speed>1.236</speed>
        </extensions>
      </trkpt>
      <trkpt lat="56.0301033" lon="28.1226433">
        <ele>122.3</ele>
        <time>2022-02-05T09:53:51Z</time>
        <hdop>1.8</hdop>
        <extensions>
          <speed>1.297</speed>
        </extensions>
      </trkpt>
      <trkpt lat="56.030155" lon="28.1227483">
        <ele>122.1</ele>
        <time>2022-02-05T09:53:57Z</time>
        <hdop>1.7</hdop>
        <extensions>
          <speed>1.25</speed>
        </extensions>
      </trkpt>
      <trkpt lat="56.03021" lon="28.1228333">
        <ele>122.9</ele>
        <time>2022-02-05T09:54:03Z</time>
        <hdop>1.8</hdop>
        <extensions>
          <speed>1.195</speed>
        </extensions>
      </trkpt>
      <trkpt lat="56.0302583" lon="28.12292">
        <ele>122.5</ele>
        <time>2022-02-05T09:54:09Z</time>
        <hdop>1.7</hdop>
        <extensions>
          <speed>1.087</speed>
        </extensions>
      </trkpt>
      <trkpt lat="56.030325" lon="28.12302">
        <ele>122.7</ele>
        <time>2022-02-05T09:54:15Z</time>
        <hdop>1.8</hdop>
        <extensions>
          <speed>1.271</speed>
        </extensions>
      </trkpt>
      <trkpt lat="56.0303767" lon="28.1231233">
        <ele>122.2</ele>
        <time>2022-02-05T09:54:21Z</time>
        <hdop>1.7</hdop>
        <extensions>
          <speed>1.295</speed>
        </extensions>
      </trkpt>
      <trkpt lat="56.0304117" lon="28.1232283">
        <ele>122.2</ele>
        <time>2022-02-05T09:54:27Z</time>
        <hdop>1.7</hdop>
        <extensions>
          <speed>1.201</speed>
        </extensions>
      </trkpt>
      <trkpt lat="56.030465" lon="28.1232967">
        <ele>122.7</ele>
        <time>2022-02-05T09:54:33Z</time>
        <hdop>1.7</hdop>
        <extensions>
          <speed>1.132</speed>
        </extensions>
      </trkpt>
      <trkpt lat="56.0305117" lon="28.1233633">
        <ele>122</ele>
        <time>2022-02-05T09:54:39Z</time>
        <hdop>1.7</hdop>
        <extensions>
          <speed>1.094</speed>
        </extensions>
      </trkpt>
      <trkpt lat="56.0305617" lon="28.123425">
        <ele>122.4</ele>
        <time>2022-02-05T09:54:45Z</time>
        <hdop>1.6</hdop>
        <extensions>
          <speed>1.059</speed>
        </extensions>
      </trkpt>
      <trkpt lat="56.0306333" lon="28.1235467">
        <ele>122.7</ele>
        <time>2022-02-05T09:54:51Z</time>
        <hdop>1.6</hdop>
        <extensions>
          <speed>1.312</speed>
        </extensions>
      </trkpt>
      <trkpt lat="56.03069" lon="28.1236117">
        <ele>122.4</ele>
        <time>2022-02-05T09:54:57Z</time>
        <hdop>1.7</hdop>
        <extensions>
          <speed>1.362</speed>
        </extensions>
      </trkpt>
      <trkpt lat="56.0307233" lon="28.12368">
        <ele>120.8</ele>
        <time>2022-02-05T09:55:03Z</time>
        <hdop>1.7</hdop>
        <extensions>
          <speed>1.048</speed>
        </extensions>
      </trkpt>
      <trkpt lat="56.0307717" lon="28.1237633">
        <ele>120.2</ele>
        <time>2022-02-05T09:55:09Z</time>
        <hdop>1.7</hdop>
        <extensions>
          <speed>1.183</speed>
        </extensions>
      </trkpt>
      <trkpt lat="56.03083" lon="28.1238483">
        <ele>120.5</ele>
        <time>2022-02-05T09:55:15Z</time>
        <hdop>1.6</hdop>
        <extensions>
          <speed>1.316</speed>
        </extensions>
      </trkpt>
      <trkpt lat="56.03087" lon="28.1239167">
        <ele>120.1</ele>
        <time>2022-02-05T09:55:21Z</time>
        <hdop>1.6</hdop>
        <extensions>
          <speed>1.157</speed>
        </extensions>
      </trkpt>
      <trkpt lat="56.0308917" lon="28.1239467">
        <ele>122.1</ele>
        <time>2022-02-05T09:55:27Z</time>
        <hdop>1.6</hdop>
        <extensions>
          <speed>0.594</speed>
        </extensions>
      </trkpt>
      <trkpt lat="56.0309383" lon="28.1240317">
        <ele>122.6</ele>
        <time>2022-02-05T09:55:33Z</time>
        <hdop>1.6</hdop>
        <extensions>
          <speed>0.797</speed>
        </extensions>
      </trkpt>
      <trkpt lat="56.0309867" lon="28.1241267">
        <ele>122.5</ele>
        <time>2022-02-05T09:55:39Z</time>
        <hdop>1.7</hdop>
        <extensions>
          <speed>1.128</speed>
        </extensions>
      </trkpt>
      <trkpt lat="56.0310283" lon="28.1242">
        <ele>121.4</ele>
        <time>2022-02-05T09:55:45Z</time>
        <hdop>1.6</hdop>
        <extensions>
          <speed>0.992</speed>
        </extensions>
      </trkpt>
      <trkpt lat="56.0310683" lon="28.1242817">
        <ele>120.8</ele>
        <time>2022-02-05T09:55:51Z</time>
        <hdop>1.7</hdop>
        <extensions>
          <speed>1.082</speed>
        </extensions>
      </trkpt>
      <trkpt lat="56.03113" lon="28.1243733">
        <ele>120.1</ele>
        <time>2022-02-05T09:55:57Z</time>
        <hdop>1.7</hdop>
        <extensions>
          <speed>1.239</speed>
        </extensions>
      </trkpt>
      <trkpt lat="56.0311833" lon="28.1244483">
        <ele>119.7</ele>
        <time>2022-02-05T09:56:03Z</time>
        <hdop>1.6</hdop>
        <extensions>
          <speed>1.347</speed>
        </extensions>
      </trkpt>
      <trkpt lat="56.0312183" lon="28.1245183">
        <ele>119.9</ele>
        <time>2022-02-05T09:56:09Z</time>
        <hdop>1.6</hdop>
        <extensions>
          <speed>1.214</speed>
        </extensions>
      </trkpt>
      <trkpt lat="56.0312583" lon="28.1245917">
        <ele>120.2</ele>
        <time>2022-02-05T09:56:15Z</time>
        <hdop>1.6</hdop>
        <extensions>
          <speed>1.057</speed>
        </extensions>
      </trkpt>
      <trkpt lat="56.03131" lon="28.1246617">
        <ele>121.1</ele>
        <time>2022-02-05T09:56:21Z</time>
        <hdop>1.6</hdop>
        <extensions>
          <speed>1.109</speed>
        </extensions>
      </trkpt>
      <trkpt lat="56.0313583" lon="28.1247417">
        <ele>122.1</ele>
        <time>2022-02-05T09:56:27Z</time>
        <hdop>1.7</hdop>
        <extensions>
          <speed>1.138</speed>
        </extensions>
      </trkpt>
      <trkpt lat="56.0314017" lon="28.1248167">
        <ele>122.7</ele>
        <time>2022-02-05T09:56:33Z</time>
        <hdop>1.6</hdop>
        <extensions>
          <speed>0.972</speed>
        </extensions>
      </trkpt>
      <trkpt lat="56.0314517" lon="28.1248883">
        <ele>122.9</ele>
        <time>2022-02-05T09:56:39Z</time>
        <hdop>1.5</hdop>
        <extensions>
          <speed>1.152</speed>
        </extensions>
      </trkpt>
      <trkpt lat="56.031505" lon="28.12497">
        <ele>122.4</ele>
        <time>2022-02-05T09:56:45Z</time>
        <hdop>1.6</hdop>
        <extensions>
          <speed>1.323</speed>
        </extensions>
      </trkpt>
      <trkpt lat="56.0315633" lon="28.1250667">
        <ele>123.1</ele>
        <time>2022-02-05T09:56:51Z</time>
        <hdop>1.6</hdop>
        <extensions>
          <speed>1.298</speed>
        </extensions>
      </trkpt>
      <trkpt lat="56.0316217" lon="28.1251433">
        <ele>122.6</ele>
        <time>2022-02-05T09:56:57Z</time>
        <hdop>1.6</hdop>
        <extensions>
          <speed>1.368</speed>
        </extensions>
      </trkpt>
      <trkpt lat="56.0316733" lon="28.12522">
        <ele>122</ele>
        <time>2022-02-05T09:57:03Z</time>
        <hdop>1.6</hdop>
        <extensions>
          <speed>1.32</speed>
        </extensions>
      </trkpt>
      <trkpt lat="56.0317117" lon="28.1252867">
        <ele>121.2</ele>
        <time>2022-02-05T09:57:09Z</time>
        <hdop>1.6</hdop>
        <extensions>
          <speed>1.112</speed>
        </extensions>
      </trkpt>
      <trkpt lat="56.0317333" lon="28.1253083">
        <ele>121.7</ele>
        <time>2022-02-05T09:57:15Z</time>
        <hdop>1.5</hdop>
        <extensions>
          <speed>0.765</speed>
        </extensions>
      </trkpt>
      <trkpt lat="56.0317717" lon="28.125365">
        <ele>122.4</ele>
        <time>2022-02-05T09:57:21Z</time>
        <hdop>1.5</hdop>
        <extensions>
          <speed>0.553</speed>
        </extensions>
      </trkpt>
      <trkpt lat="56.0318267" lon="28.12547">
        <ele>122.3</ele>
        <time>2022-02-05T09:57:27Z</time>
        <hdop>1.6</hdop>
        <extensions>
          <speed>1.131</speed>
        </extensions>
      </trkpt>
      <trkpt lat="56.0318767" lon="28.1255583">
        <ele>121.8</ele>
        <time>2022-02-05T09:57:33Z</time>
        <hdop>1.6</hdop>
        <extensions>
          <speed>1.271</speed>
        </extensions>
      </trkpt>
      <trkpt lat="56.0319283" lon="28.1256583">
        <ele>120.6</ele>
        <time>2022-02-05T09:57:39Z</time>
        <hdop>1.6</hdop>
        <extensions>
          <speed>1.317</speed>
        </extensions>
      </trkpt>
      <trkpt lat="56.0319883" lon="28.1257567">
        <ele>120.3</ele>
        <time>2022-02-05T09:57:45Z</time>
        <hdop>1.6</hdop>
        <extensions>
          <speed>1.295</speed>
        </extensions>
      </trkpt>
      <trkpt lat="56.03205" lon="28.125825">
        <ele>120.9</ele>
        <time>2022-02-05T09:57:51Z</time>
        <hdop>1.7</hdop>
        <extensions>
          <speed>1.315</speed>
        </extensions>
      </trkpt>
      <trkpt lat="56.0321017" lon="28.1259267">
        <ele>122</ele>
        <time>2022-02-05T09:57:57Z</time>
        <hdop>1.6</hdop>
        <extensions>
          <speed>1.306</speed>
        </extensions>
      </trkpt>
      <trkpt lat="56.0321567" lon="28.1260017">
        <ele>121.8</ele>
        <time>2022-02-05T09:58:03Z</time>
        <hdop>1.7</hdop>
        <extensions>
          <speed>1.352</speed>
        </extensions>
      </trkpt>
      <trkpt lat="56.0322067" lon="28.126085">
        <ele>120.9</ele>
        <time>2022-02-05T09:58:09Z</time>
        <hdop>1.7</hdop>
        <extensions>
          <speed>1.39</speed>
        </extensions>
      </trkpt>
      <trkpt lat="56.0322533" lon="28.1261433">
        <ele>121.1</ele>
        <time>2022-02-05T09:58:15Z</time>
        <hdop>1.7</hdop>
        <extensions>
          <speed>1.212</speed>
        </extensions>
      </trkpt>
      <trkpt lat="56.032315" lon="28.1262033">
        <ele>120.5</ele>
        <time>2022-02-05T09:58:21Z</time>
        <hdop>1.7</hdop>
        <extensions>
          <speed>1.158</speed>
        </extensions>
      </trkpt>
      <trkpt lat="56.0323583" lon="28.126295">
        <ele>119.7</ele>
        <time>2022-02-05T09:58:27Z</time>
        <hdop>1.7</hdop>
        <extensions>
          <speed>1.252</speed>
        </extensions>
      </trkpt>
      <trkpt lat="56.0324067" lon="28.1263833">
        <ele>119.5</ele>
        <time>2022-02-05T09:58:33Z</time>
        <hdop>1.7</hdop>
        <extensions>
          <speed>1.198</speed>
        </extensions>
      </trkpt>
      <trkpt lat="56.0324667" lon="28.1264883">
        <ele>120.4</ele>
        <time>2022-02-05T09:58:39Z</time>
        <hdop>1.6</hdop>
        <extensions>
          <speed>1.355</speed>
        </extensions>
      </trkpt>
      <trkpt lat="56.0325283" lon="28.1265833">
        <ele>121.5</ele>
        <time>2022-02-05T09:58:45Z</time>
        <hdop>1.6</hdop>
        <extensions>
          <speed>1.392</speed>
        </extensions>
      </trkpt>
      <trkpt lat="56.0325717" lon="28.12667">
        <ele>121.7</ele>
        <time>2022-02-05T09:58:51Z</time>
        <hdop>1.7</hdop>
        <extensions>
          <speed>1.203</speed>
        </extensions>
      </trkpt>
      <trkpt lat="56.03262" lon="28.1267733">
        <ele>122.2</ele>
        <time>2022-02-05T09:58:57Z</time>
        <hdop>1.6</hdop>
        <extensions>
          <speed>1.328</speed>
        </extensions>
      </trkpt>
      <trkpt lat="56.0326683" lon="28.126845">
        <ele>122.8</ele>
        <time>2022-02-05T09:59:03Z</time>
        <hdop>1.7</hdop>
        <extensions>
          <speed>1.415</speed>
        </extensions>
      </trkpt>
      <trkpt lat="56.0327083" lon="28.1269317">
        <ele>122.1</ele>
        <time>2022-02-05T09:59:09Z</time>
        <hdop>1.7</hdop>
        <extensions>
          <speed>1.304</speed>
        </extensions>
      </trkpt>
      <trkpt lat="56.032775" lon="28.127015">
        <ele>122.1</ele>
        <time>2022-02-05T09:59:15Z</time>
        <hdop>1.7</hdop>
        <extensions>
          <speed>1.323</speed>
        </extensions>
      </trkpt>
      <trkpt lat="56.0328267" lon="28.1271333">
        <ele>121.7</ele>
        <time>2022-02-05T09:59:21Z</time>
        <hdop>1.7</hdop>
        <extensions>
          <speed>1.366</speed>
        </extensions>
      </trkpt>
      <trkpt lat="56.032895" lon="28.12723">
        <ele>121.6</ele>
        <time>2022-02-05T09:59:27Z</time>
        <hdop>1.7</hdop>
        <extensions>
          <speed>1.422</speed>
        </extensions>
      </trkpt>
      <trkpt lat="56.0329467" lon="28.1273167">
        <ele>121.5</ele>
        <time>2022-02-05T09:59:33Z</time>
        <hdop>1.7</hdop>
        <extensions>
          <speed>1.334</speed>
        </extensions>
      </trkpt>
      <trkpt lat="56.033" lon="28.1273867">
        <ele>120.9</ele>
        <time>2022-02-05T09:59:39Z</time>
        <hdop>1.7</hdop>
        <extensions>
          <speed>1.317</speed>
        </extensions>
      </trkpt>
      <trkpt lat="56.0330433" lon="28.127455">
        <ele>120.9</ele>
        <time>2022-02-05T09:59:44Z</time>
        <hdop>1.7</hdop>
        <extensions>
          <speed>1.249</speed>
        </extensions>
      </trkpt>
      <trkpt lat="56.0330833" lon="28.127515">
        <ele>121.5</ele>
        <time>2022-02-05T09:59:49Z</time>
        <hdop>1.7</hdop>
        <extensions>
          <speed>1.14</speed>
        </extensions>
      </trkpt>
      <trkpt lat="56.033135" lon="28.1276117">
        <ele>122.3</ele>
        <time>2022-02-05T09:59:55Z</time>
        <hdop>1.7</hdop>
        <extensions>
          <speed>1.182</speed>
        </extensions>
      </trkpt>
      <trkpt lat="56.033195" lon="28.1276817">
        <ele>122.4</ele>
        <time>2022-02-05T10:00:01Z</time>
        <hdop>1.7</hdop>
        <extensions>
          <speed>1.257</speed>
        </extensions>
      </trkpt>
      <trkpt lat="56.0332383" lon="28.12776">
        <ele>122.9</ele>
        <time>2022-02-05T10:00:06Z</time>
        <hdop>1.8</hdop>
        <extensions>
          <speed>1.33</speed>
        </extensions>
      </trkpt>
      <trkpt lat="56.033285" lon="28.1278317">
        <ele>123.5</ele>
        <time>2022-02-05T10:00:12Z</time>
        <hdop>1.7</hdop>
        <extensions>
          <speed>1.182</speed>
        </extensions>
      </trkpt>
      <trkpt lat="56.0333467" lon="28.1279217">
        <ele>124.4</ele>
        <time>2022-02-05T10:00:18Z</time>
        <hdop>1.7</hdop>
        <extensions>
          <speed>1.262</speed>
        </extensions>
      </trkpt>
      <trkpt lat="56.0334083" lon="28.1280067">
        <ele>123.6</ele>
        <time>2022-02-05T10:00:24Z</time>
        <hdop>1.7</hdop>
        <extensions>
          <speed>1.429</speed>
        </extensions>
      </trkpt>
      <trkpt lat="56.03346" lon="28.1280717">
        <ele>123.4</ele>
        <time>2022-02-05T10:00:29Z</time>
        <hdop>1.7</hdop>
        <extensions>
          <speed>1.438</speed>
        </extensions>
      </trkpt>
      <trkpt lat="56.0335183" lon="28.1281583">
        <ele>123.6</ele>
        <time>2022-02-05T10:00:35Z</time>
        <hdop>1.7</hdop>
        <extensions>
          <speed>1.312</speed>
        </extensions>
      </trkpt>
      <trkpt lat="56.03358" lon="28.1282267">
        <ele>123.9</ele>
        <time>2022-02-05T10:00:40Z</time>
        <hdop>1.8</hdop>
        <extensions>
          <speed>1.392</speed>
        </extensions>
      </trkpt>
      <trkpt lat="56.0336267" lon="28.12828">
        <ele>123.9</ele>
        <time>2022-02-05T10:00:45Z</time>
        <hdop>1.8</hdop>
        <extensions>
          <speed>1.462</speed>
        </extensions>
      </trkpt>
      <trkpt lat="56.0336867" lon="28.1283417">
        <ele>124.6</ele>
        <time>2022-02-05T10:00:51Z</time>
        <hdop>1.8</hdop>
        <extensions>
          <speed>1.384</speed>
        </extensions>
      </trkpt>
      <trkpt lat="56.0337517" lon="28.12841">
        <ele>124.9</ele>
        <time>2022-02-05T10:00:57Z</time>
        <hdop>1.8</hdop>
        <extensions>
          <speed>1.204</speed>
        </extensions>
      </trkpt>
      <trkpt lat="56.0338117" lon="28.1284867">
        <ele>124.6</ele>
        <time>2022-02-05T10:01:03Z</time>
        <hdop>1.7</hdop>
        <extensions>
          <speed>1.302</speed>
        </extensions>
      </trkpt>
      <trkpt lat="56.0338667" lon="28.1285567">
        <ele>124.5</ele>
        <time>2022-02-05T10:01:09Z</time>
        <hdop>1.8</hdop>
        <extensions>
          <speed>1.298</speed>
        </extensions>
      </trkpt>
      <trkpt lat="56.0339083" lon="28.1286267">
        <ele>124.4</ele>
        <time>2022-02-05T10:01:15Z</time>
        <hdop>1.8</hdop>
        <extensions>
          <speed>1.196</speed>
        </extensions>
      </trkpt>
      <trkpt lat="56.0339583" lon="28.12869">
        <ele>123.4</ele>
        <time>2022-02-05T10:01:21Z</time>
        <hdop>1.7</hdop>
        <extensions>
          <speed>1.211</speed>
        </extensions>
      </trkpt>
      <trkpt lat="56.034005" lon="28.1287333">
        <ele>122.6</ele>
        <time>2022-02-05T10:01:27Z</time>
        <hdop>1.6</hdop>
        <extensions>
          <speed>0.989</speed>
        </extensions>
      </trkpt>
      <trkpt lat="56.0340667" lon="28.1288317">
        <ele>121.7</ele>
        <time>2022-02-05T10:01:33Z</time>
        <hdop>1.6</hdop>
        <extensions>
          <speed>1.078</speed>
        </extensions>
      </trkpt>
      <trkpt lat="56.0341133" lon="28.1289167">
        <ele>121.3</ele>
        <time>2022-02-05T10:01:39Z</time>
        <hdop>1.8</hdop>
        <extensions>
          <speed>1.288</speed>
        </extensions>
      </trkpt>
      <trkpt lat="56.034165" lon="28.1289783">
        <ele>122.2</ele>
        <time>2022-02-05T10:01:45Z</time>
        <hdop>1.7</hdop>
        <extensions>
          <speed>1.079</speed>
        </extensions>
      </trkpt>
      <trkpt lat="56.034235" lon="28.129055">
        <ele>123.6</ele>
        <time>2022-02-05T10:01:51Z</time>
        <hdop>1.6</hdop>
        <extensions>
          <speed>1.222</speed>
        </extensions>
      </trkpt>
      <trkpt lat="56.0342967" lon="28.1291117">
        <ele>124.3</ele>
        <time>2022-02-05T10:01:57Z</time>
        <hdop>1.6</hdop>
        <extensions>
          <speed>1.261</speed>
        </extensions>
      </trkpt>
      <trkpt lat="56.0343433" lon="28.1291683">
        <ele>126.1</ele>
        <time>2022-02-05T10:02:03Z</time>
        <hdop>1.7</hdop>
        <extensions>
          <speed>1.161</speed>
        </extensions>
      </trkpt>
      <trkpt lat="56.034385" lon="28.1292017">
        <ele>126.8</ele>
        <time>2022-02-05T10:02:09Z</time>
        <hdop>1.7</hdop>
        <extensions>
          <speed>1.143</speed>
        </extensions>
      </trkpt>
      <trkpt lat="56.0344433" lon="28.1292383">
        <ele>126.8</ele>
        <time>2022-02-05T10:02:15Z</time>
        <hdop>1.7</hdop>
        <extensions>
          <speed>1.07</speed>
        </extensions>
      </trkpt>
      <trkpt lat="56.0345133" lon="28.1292567">
        <ele>126.6</ele>
        <time>2022-02-05T10:02:21Z</time>
        <hdop>1.6</hdop>
        <extensions>
          <speed>1.143</speed>
        </extensions>
      </trkpt>
      <trkpt lat="56.03458" lon="28.1292983">
        <ele>126.6</ele>
        <time>2022-02-05T10:02:27Z</time>
        <hdop>1.7</hdop>
        <extensions>
          <speed>1.183</speed>
        </extensions>
      </trkpt>
      <trkpt lat="56.0346467" lon="28.1293467">
        <ele>127.3</ele>
        <time>2022-02-05T10:02:33Z</time>
        <hdop>1.8</hdop>
        <extensions>
          <speed>1.342</speed>
        </extensions>
      </trkpt>
      <trkpt lat="56.0346967" lon="28.1293833">
        <ele>126.7</ele>
        <time>2022-02-05T10:02:39Z</time>
        <hdop>1.7</hdop>
        <extensions>
          <speed>1.257</speed>
        </extensions>
      </trkpt>
      <trkpt lat="56.034755" lon="28.12944">
        <ele>126.9</ele>
        <time>2022-02-05T10:02:45Z</time>
        <hdop>1.8</hdop>
        <extensions>
          <speed>1.131</speed>
        </extensions>
      </trkpt>
      <trkpt lat="56.034805" lon="28.1295083">
        <ele>126.6</ele>
        <time>2022-02-05T10:02:51Z</time>
        <hdop>1.7</hdop>
        <extensions>
          <speed>1.185</speed>
        </extensions>
      </trkpt>
      <trkpt lat="56.034865" lon="28.129575">
        <ele>126.8</ele>
        <time>2022-02-05T10:02:57Z</time>
        <hdop>1.7</hdop>
        <extensions>
          <speed>1.293</speed>
        </extensions>
      </trkpt>
      <trkpt lat="56.03493" lon="28.1296383">
        <ele>126</ele>
        <time>2022-02-05T10:03:03Z</time>
        <hdop>1.7</hdop>
        <extensions>
          <speed>1.423</speed>
        </extensions>
      </trkpt>
      <trkpt lat="56.034985" lon="28.1296617">
        <ele>125.6</ele>
        <time>2022-02-05T10:03:09Z</time>
        <hdop>1.6</hdop>
        <extensions>
          <speed>1.254</speed>
        </extensions>
      </trkpt>
      <trkpt lat="56.0350533" lon="28.1296833">
        <ele>125.4</ele>
        <time>2022-02-05T10:03:15Z</time>
        <hdop>1.6</hdop>
        <extensions>
          <speed>1.159</speed>
        </extensions>
      </trkpt>
      <trkpt lat="56.035125" lon="28.1297467">
        <ele>124.6</ele>
        <time>2022-02-05T10:03:21Z</time>
        <hdop>1.6</hdop>
        <extensions>
          <speed>1.296</speed>
        </extensions>
      </trkpt>
      <trkpt lat="56.035195" lon="28.1297933">
        <ele>124</ele>
        <time>2022-02-05T10:03:27Z</time>
        <hdop>1.7</hdop>
        <extensions>
          <speed>1.306</speed>
        </extensions>
      </trkpt>
      <trkpt lat="56.0352717" lon="28.1298367">
        <ele>123.9</ele>
        <time>2022-02-05T10:03:33Z</time>
        <hdop>1.8</hdop>
        <extensions>
          <speed>1.398</speed>
        </extensions>
      </trkpt>
      <trkpt lat="56.0353283" lon="28.1298933">
        <ele>124.4</ele>
        <time>2022-02-05T10:03:39Z</time>
        <hdop>1.7</hdop>
        <extensions>
          <speed>1.261</speed>
        </extensions>
      </trkpt>
      <trkpt lat="56.035375" lon="28.129905">
        <ele>125.1</ele>
        <time>2022-02-05T10:03:45Z</time>
        <hdop>1.8</hdop>
        <extensions>
          <speed>0.979</speed>
        </extensions>
      </trkpt>
      <trkpt lat="56.0354183" lon="28.12991">
        <ele>124.4</ele>
        <time>2022-02-05T10:03:51Z</time>
        <hdop>1.6</hdop>
        <extensions>
          <speed>0.888</speed>
        </extensions>
      </trkpt>
      <trkpt lat="56.0354983" lon="28.1299367">
        <ele>124.2</ele>
        <time>2022-02-05T10:03:57Z</time>
        <hdop>1.7</hdop>
        <extensions>
          <speed>1.105</speed>
        </extensions>
      </trkpt>
      <trkpt lat="56.03555" lon="28.1299783">
        <ele>124.5</ele>
        <time>2022-02-05T10:04:03Z</time>
        <hdop>1.7</hdop>
        <extensions>
          <speed>1.035</speed>
        </extensions>
      </trkpt>
      <trkpt lat="56.0356067" lon="28.130015">
        <ele>124.3</ele>
        <time>2022-02-05T10:04:09Z</time>
        <hdop>1.7</hdop>
        <extensions>
          <speed>0.927</speed>
        </extensions>
      </trkpt>
      <trkpt lat="56.0356717" lon="28.1300683">
        <ele>124.7</ele>
        <time>2022-02-05T10:04:15Z</time>
        <hdop>1.7</hdop>
        <extensions>
          <speed>1.132</speed>
        </extensions>
      </trkpt>
      <trkpt lat="56.0357417" lon="28.1301">
        <ele>125.8</ele>
        <time>2022-02-05T10:04:21Z</time>
        <hdop>1.7</hdop>
        <extensions>
          <speed>1.166</speed>
        </extensions>
      </trkpt>
      <trkpt lat="56.0358033" lon="28.1301017">
        <ele>125.9</ele>
        <time>2022-02-05T10:04:27Z</time>
        <hdop>1.7</hdop>
        <extensions>
          <speed>1.162</speed>
        </extensions>
      </trkpt>
      <trkpt lat="56.0358433" lon="28.13011">
        <ele>126.3</ele>
        <time>2022-02-05T10:04:33Z</time>
        <hdop>1.9</hdop>
        <extensions>
          <speed>0.85</speed>
        </extensions>
      </trkpt>
      <trkpt lat="56.0358317" lon="28.1300683">
        <ele>126.5</ele>
        <time>2022-02-05T10:04:39Z</time>
        <hdop>2</hdop>
      </trkpt>
      <trkpt lat="56.0359017" lon="28.1300983">
        <ele>127.2</ele>
        <time>2022-02-05T10:04:45Z</time>
        <hdop>2</hdop>
      </trkpt>
      <trkpt lat="56.0359583" lon="28.1301217">
        <ele>127.7</ele>
        <time>2022-02-05T10:04:51Z</time>
        <hdop>2.1</hdop>
        <extensions>
          <speed>1.041</speed>
        </extensions>
      </trkpt>
      <trkpt lat="56.035985" lon="28.13013">
        <ele>127.3</ele>
        <time>2022-02-05T10:04:57Z</time>
        <hdop>2.1</hdop>
      </trkpt>
      <trkpt lat="56.0360217" lon="28.1301483">
        <ele>127.8</ele>
        <time>2022-02-05T10:05:03Z</time>
        <hdop>2.2</hdop>
        <extensions>
          <speed>0.563</speed>
        </extensions>
      </trkpt>
      <trkpt lat="56.0360617" lon="28.130155">
        <ele>128.6</ele>
        <time>2022-02-05T10:05:09Z</time>
        <hdop>2</hdop>
        <extensions>
          <speed>0.624</speed>
        </extensions>
      </trkpt>
      <trkpt lat="56.0361" lon="28.1301533">
        <ele>129.2</ele>
        <time>2022-02-05T10:05:15Z</time>
        <hdop>2.1</hdop>
        <extensions>
          <speed>0.716</speed>
        </extensions>
      </trkpt>
      <trkpt lat="56.0361233" lon="28.1301817">
        <ele>129.9</ele>
        <time>2022-02-05T10:05:21Z</time>
        <hdop>2</hdop>
        <extensions>
          <speed>0.601</speed>
        </extensions>
      </trkpt>
      <trkpt lat="56.0361417" lon="28.1302117">
        <ele>130.8</ele>
        <time>2022-02-05T10:05:27Z</time>
        <hdop>1.9</hdop>
        <extensions>
          <speed>0.415</speed>
        </extensions>
      </trkpt>
      <trkpt lat="56.0361733" lon="28.1302033">
        <ele>132.1</ele>
        <time>2022-02-05T10:05:33Z</time>
        <hdop>1.7</hdop>
      </trkpt>
      <trkpt lat="56.0361983" lon="28.1302233">
        <ele>132.8</ele>
        <time>2022-02-05T10:05:41Z</time>
        <hdop>1.7</hdop>
        <extensions>
          <speed>0.375</speed>
        </extensions>
      </trkpt>
      <trkpt lat="56.03623" lon="28.130315">
        <ele>133.4</ele>
        <time>2022-02-05T10:05:47Z</time>
        <hdop>1.8</hdop>
        <extensions>
          <speed>0.775</speed>
        </extensions>
      </trkpt>
      <trkpt lat="56.036255" lon="28.1303583">
        <ele>133.9</ele>
        <time>2022-02-05T10:05:52Z</time>
        <hdop>1.9</hdop>
        <extensions>
          <speed>0.894</speed>
        </extensions>
      </trkpt>
      <trkpt lat="56.03627" lon="28.1304117">
        <ele>134.2</ele>
        <time>2022-02-05T10:05:57Z</time>
        <hdop>1.8</hdop>
        <extensions>
          <speed>0.735</speed>
        </extensions>
      </trkpt>
      <trkpt lat="56.0362667" lon="28.130475">
        <ele>134.6</ele>
        <time>2022-02-05T10:06:03Z</time>
        <hdop>1.8</hdop>
        <extensions>
          <speed>0.666</speed>
        </extensions>
      </trkpt>
      <trkpt lat="56.036265" lon="28.1305417">
        <ele>135.4</ele>
        <time>2022-02-05T10:06:09Z</time>
        <hdop>1.8</hdop>
        <extensions>
          <speed>0.593</speed>
        </extensions>
      </trkpt>
      <trkpt lat="56.036255" lon="28.130625">
        <ele>136</ele>
        <time>2022-02-05T10:06:15Z</time>
        <hdop>1.7</hdop>
        <extensions>
          <speed>0.69</speed>
        </extensions>
      </trkpt>
      <trkpt lat="56.0362583" lon="28.1306983">
        <ele>136.5</ele>
        <time>2022-02-05T10:06:21Z</time>
        <hdop>1.8</hdop>
        <extensions>
          <speed>0.692</speed>
        </extensions>
      </trkpt>
      <trkpt lat="56.03626" lon="28.130745">
        <ele>137.5</ele>
        <time>2022-02-05T10:06:27Z</time>
        <hdop>1.7</hdop>
        <extensions>
          <speed>0.486</speed>
        </extensions>
      </trkpt>
      <trkpt lat="56.036235" lon="28.13075">
        <ele>138.1</ele>
        <time>2022-02-05T10:06:40Z</time>
        <hdop>1.3</hdop>
        <extensions>
          <speed>0.225</speed>
        </extensions>
      </trkpt>
      <trkpt lat="56.036285" lon="28.1307517">
        <ele>138.7</ele>
        <time>2022-02-05T10:07:08Z</time>
        <hdop>1.8</hdop>
        <extensions>
          <speed>0.271</speed>
        </extensions>
      </trkpt>
      <trkpt lat="56.03629" lon="28.130825">
        <ele>138.7</ele>
        <time>2022-02-05T10:07:13Z</time>
        <hdop>1.8</hdop>
        <extensions>
          <speed>0.586</speed>
        </extensions>
      </trkpt>
      <trkpt lat="56.0362933" lon="28.1309183">
        <ele>138.1</ele>
        <time>2022-02-05T10:07:18Z</time>
        <hdop>1.8</hdop>
        <extensions>
          <speed>0.899</speed>
        </extensions>
      </trkpt>
      <trkpt lat="56.0362867" lon="28.1310017">
        <ele>137.9</ele>
        <time>2022-02-05T10:07:24Z</time>
        <hdop>1.9</hdop>
        <extensions>
          <speed>0.943</speed>
        </extensions>
      </trkpt>
      <trkpt lat="56.0362883" lon="28.1310867">
        <ele>137.7</ele>
        <time>2022-02-05T10:07:30Z</time>
        <hdop>1.8</hdop>
        <extensions>
          <speed>0.812</speed>
        </extensions>
      </trkpt>
      <trkpt lat="56.036275" lon="28.13118">
        <ele>137.1</ele>
        <time>2022-02-05T10:07:35Z</time>
        <hdop>1.8</hdop>
        <extensions>
          <speed>0.816</speed>
        </extensions>
      </trkpt>
      <trkpt lat="56.0362717" lon="28.1312717">
        <ele>136.4</ele>
        <time>2022-02-05T10:07:41Z</time>
        <hdop>1.9</hdop>
        <extensions>
          <speed>0.873</speed>
        </extensions>
      </trkpt>
      <trkpt lat="56.0362633" lon="28.1313633">
        <ele>136.4</ele>
        <time>2022-02-05T10:07:46Z</time>
        <hdop>1.8</hdop>
        <extensions>
          <speed>0.91</speed>
        </extensions>
      </trkpt>
      <trkpt lat="56.0362983" lon="28.1314417">
        <ele>136.2</ele>
        <time>2022-02-05T10:07:51Z</time>
        <hdop>1.9</hdop>
        <extensions>
          <speed>0.96</speed>
        </extensions>
      </trkpt>
      <trkpt lat="56.03629" lon="28.1314867">
        <ele>135.3</ele>
        <time>2022-02-05T10:07:57Z</time>
        <hdop>1.9</hdop>
        <extensions>
          <speed>0.627</speed>
        </extensions>
      </trkpt>
      <trkpt lat="56.0362833" lon="28.1315817">
        <ele>134.4</ele>
        <time>2022-02-05T10:08:03Z</time>
        <hdop>2</hdop>
        <extensions>
          <speed>0.595</speed>
        </extensions>
      </trkpt>
      <trkpt lat="56.0362783" lon="28.131695">
        <ele>133.1</ele>
        <time>2022-02-05T10:08:09Z</time>
        <hdop>1.9</hdop>
        <extensions>
          <speed>0.904</speed>
        </extensions>
      </trkpt>
      <trkpt lat="56.0362683" lon="28.1318167">
        <ele>132.2</ele>
        <time>2022-02-05T10:08:15Z</time>
        <hdop>1.8</hdop>
        <extensions>
          <speed>1.075</speed>
        </extensions>
      </trkpt>
      <trkpt lat="56.0362733" lon="28.131905">
        <ele>132</ele>
        <time>2022-02-05T10:08:21Z</time>
        <hdop>1.7</hdop>
        <extensions>
          <speed>0.872</speed>
        </extensions>
      </trkpt>
      <trkpt lat="56.03629" lon="28.13201">
        <ele>131.6</ele>
        <time>2022-02-05T10:08:27Z</time>
        <hdop>1.8</hdop>
        <extensions>
          <speed>0.728</speed>
        </extensions>
      </trkpt>
      <trkpt lat="56.03631" lon="28.13211">
        <ele>130.8</ele>
        <time>2022-02-05T10:08:33Z</time>
        <hdop>1.8</hdop>
        <extensions>
          <speed>0.975</speed>
        </extensions>
      </trkpt>
      <trkpt lat="56.03633" lon="28.1322083">
        <ele>130.8</ele>
        <time>2022-02-05T10:08:39Z</time>
        <hdop>1.9</hdop>
        <extensions>
          <speed>1.084</speed>
        </extensions>
      </trkpt>
      <trkpt lat="56.036335" lon="28.13228">
        <ele>129.9</ele>
        <time>2022-02-05T10:08:45Z</time>
        <hdop>2</hdop>
        <extensions>
          <speed>0.974</speed>
        </extensions>
      </trkpt>
      <trkpt lat="56.0363267" lon="28.1323433">
        <ele>129.6</ele>
        <time>2022-02-05T10:08:51Z</time>
        <hdop>2.1</hdop>
        <extensions>
          <speed>0.76</speed>
        </extensions>
      </trkpt>
      <trkpt lat="56.0362967" lon="28.1324">
        <ele>129.4</ele>
        <time>2022-02-05T10:08:57Z</time>
        <hdop>2</hdop>
        <extensions>
          <speed>0.615</speed>
        </extensions>
      </trkpt>
      <trkpt lat="56.0362683" lon="28.1324467">
        <ele>127.7</ele>
        <time>2022-02-05T10:09:03Z</time>
        <hdop>1.9</hdop>
        <extensions>
          <speed>0.624</speed>
        </extensions>
      </trkpt>
      <trkpt lat="56.0362583" lon="28.1325283">
        <ele>126.3</ele>
        <time>2022-02-05T10:09:09Z</time>
        <hdop>2</hdop>
        <extensions>
          <speed>0.469</speed>
        </extensions>
      </trkpt>
      <trkpt lat="56.036275" lon="28.132625">
        <ele>126</ele>
        <time>2022-02-05T10:09:15Z</time>
        <hdop>2</hdop>
        <extensions>
          <speed>0.54</speed>
        </extensions>
      </trkpt>
      <trkpt lat="56.036305" lon="28.1326783">
        <ele>126</ele>
        <time>2022-02-05T10:09:21Z</time>
        <hdop>1.9</hdop>
        <extensions>
          <speed>0.649</speed>
        </extensions>
      </trkpt>
      <trkpt lat="56.0363083" lon="28.13274">
        <ele>126</ele>
        <time>2022-02-05T10:09:27Z</time>
        <hdop>1.8</hdop>
        <extensions>
          <speed>0.796</speed>
        </extensions>
      </trkpt>
      <trkpt lat="56.0363033" lon="28.1327783">
        <ele>125.6</ele>
        <time>2022-02-05T10:09:33Z</time>
        <hdop>1.7</hdop>
        <extensions>
          <speed>0.677</speed>
        </extensions>
      </trkpt>
      <trkpt lat="56.0362933" lon="28.1328417">
        <ele>125.3</ele>
        <time>2022-02-05T10:09:39Z</time>
        <hdop>1.8</hdop>
        <extensions>
          <speed>0.539</speed>
        </extensions>
      </trkpt>
      <trkpt lat="56.036305" lon="28.13293">
        <ele>125.3</ele>
        <time>2022-02-05T10:09:45Z</time>
        <hdop>1.8</hdop>
        <extensions>
          <speed>0.681</speed>
        </extensions>
      </trkpt>
      <trkpt lat="56.0363167" lon="28.132955">
        <ele>126</ele>
        <time>2022-02-05T10:09:51Z</time>
        <hdop>1.7</hdop>
        <extensions>
          <speed>0.497</speed>
        </extensions>
      </trkpt>
      <trkpt lat="56.0363267" lon="28.1329867">
        <ele>125.7</ele>
        <time>2022-02-05T10:09:59Z</time>
        <hdop>1.7</hdop>
        <extensions>
          <speed>0.388</speed>
        </extensions>
      </trkpt>
      <trkpt lat="56.036345" lon="28.1330467">
        <ele>125.5</ele>
        <time>2022-02-05T10:10:04Z</time>
        <hdop>1.8</hdop>
        <extensions>
          <speed>0.726</speed>
        </extensions>
      </trkpt>
      <trkpt lat="56.0363683" lon="28.133125">
        <ele>125.6</ele>
        <time>2022-02-05T10:10:09Z</time>
        <hdop>1.9</hdop>
        <extensions>
          <speed>0.902</speed>
        </extensions>
      </trkpt>
      <trkpt lat="56.0364" lon="28.1331983">
        <ele>125.6</ele>
        <time>2022-02-05T10:10:15Z</time>
        <hdop>1.9</hdop>
        <extensions>
          <speed>0.924</speed>
        </extensions>
      </trkpt>
      <trkpt lat="56.0364217" lon="28.13328">
        <ele>125.6</ele>
        <time>2022-02-05T10:10:21Z</time>
        <hdop>1.9</hdop>
        <extensions>
          <speed>0.877</speed>
        </extensions>
      </trkpt>
      <trkpt lat="56.036445" lon="28.1333867">
        <ele>125.9</ele>
        <time>2022-02-05T10:10:27Z</time>
        <hdop>1.9</hdop>
        <extensions>
          <speed>0.951</speed>
        </extensions>
      </trkpt>
      <trkpt lat="56.03647" lon="28.13347">
        <ele>125.9</ele>
        <time>2022-02-05T10:10:33Z</time>
        <hdop>1.9</hdop>
        <extensions>
          <speed>0.975</speed>
        </extensions>
      </trkpt>
      <trkpt lat="56.036495" lon="28.1335417">
        <ele>125.8</ele>
        <time>2022-02-05T10:10:39Z</time>
        <hdop>1.8</hdop>
        <extensions>
          <speed>0.808</speed>
        </extensions>
      </trkpt>
      <trkpt lat="56.0364967" lon="28.1336033">
        <ele>125.9</ele>
        <time>2022-02-05T10:10:45Z</time>
        <hdop>1.7</hdop>
        <extensions>
          <speed>0.674</speed>
        </extensions>
      </trkpt>
      <trkpt lat="56.0364817" lon="28.1336217">
        <ele>126.9</ele>
        <time>2022-02-05T10:10:55Z</time>
        <hdop>1.8</hdop>
      </trkpt>
      <trkpt lat="56.03647" lon="28.133695">
        <ele>130.8</ele>
        <time>2022-02-05T10:12:21Z</time>
        <hdop>1.5</hdop>
        <extensions>
          <speed>0.254</speed>
        </extensions>
      </trkpt>
      <trkpt lat="56.03648" lon="28.1336167">
        <ele>132.4</ele>
        <time>2022-02-05T10:15:11Z</time>
        <hdop>1.8</hdop>
        <extensions>
          <speed>0.229</speed>
        </extensions>
      </trkpt>
      <trkpt lat="56.0365017" lon="28.13368">
        <ele>132.1</ele>
        <time>2022-02-05T10:16:39Z</time>
        <hdop>1.6</hdop>
        <extensions>
          <speed>0.185</speed>
        </extensions>
      </trkpt>
      <trkpt lat="56.0364983" lon="28.1336367">
        <ele>131.6</ele>
        <time>2022-02-05T10:16:57Z</time>
        <hdop>2.4</hdop>
      </trkpt>
      <trkpt lat="56.03647" lon="28.133665">
        <ele>132.4</ele>
        <time>2022-02-05T10:20:16Z</time>
        <hdop>1.9</hdop>
        <extensions>
          <speed>0.189</speed>
        </extensions>
      </trkpt>
      <trkpt lat="56.03649" lon="28.1336767">
        <ele>131.7</ele>
        <time>2022-02-05T10:21:19Z</time>
        <hdop>1.7</hdop>
        <extensions>
          <speed>0.222</speed>
        </extensions>
      </trkpt>
      <trkpt lat="56.0364733" lon="28.1337">
        <ele>131.5</ele>
        <time>2022-02-05T10:21:57Z</time>
        <hdop>1.9</hdop>
        <extensions>
          <speed>0.34</speed>
        </extensions>
      </trkpt>
      <trkpt lat="56.03646" lon="28.1337533">
        <ele>133.1</ele>
        <time>2022-02-05T10:23:30Z</time>
        <hdop>1.3</hdop>
        <extensions>
          <speed>0.273</speed>
        </extensions>
      </trkpt>
      <trkpt lat="56.036515" lon="28.1337083">
        <ele>134.4</ele>
        <time>2022-02-05T10:25:03Z</time>
        <hdop>1.6</hdop>
        <extensions>
          <speed>0.263</speed>
        </extensions>
      </trkpt>
      <trkpt lat="56.0365317" lon="28.1337683">
        <ele>134.3</ele>
        <time>2022-02-05T10:25:09Z</time>
        <hdop>1.9</hdop>
        <extensions>
          <speed>0.544</speed>
        </extensions>
      </trkpt>
      <trkpt lat="56.0365667" lon="28.1338483">
        <ele>134.4</ele>
        <time>2022-02-05T10:25:15Z</time>
        <hdop>1.8</hdop>
        <extensions>
          <speed>0.78</speed>
        </extensions>
      </trkpt>
      <trkpt lat="56.0366167" lon="28.1338733">
        <ele>134.2</ele>
        <time>2022-02-05T10:25:21Z</time>
        <hdop>1.8</hdop>
        <extensions>
          <speed>0.824</speed>
        </extensions>
      </trkpt>
      <trkpt lat="56.0366767" lon="28.133885">
        <ele>134</ele>
        <time>2022-02-05T10:25:27Z</time>
        <hdop>1.9</hdop>
        <extensions>
          <speed>0.825</speed>
        </extensions>
      </trkpt>
      <trkpt lat="56.0367333" lon="28.1339267">
        <ele>133.4</ele>
        <time>2022-02-05T10:25:33Z</time>
        <hdop>1.9</hdop>
        <extensions>
          <speed>0.966</speed>
        </extensions>
      </trkpt>
      <trkpt lat="56.0367617" lon="28.1339683">
        <ele>133.2</ele>
        <time>2022-02-05T10:25:39Z</time>
        <hdop>1.9</hdop>
        <extensions>
          <speed>0.841</speed>
        </extensions>
      </trkpt>
      <trkpt lat="56.0368017" lon="28.1339583">
        <ele>132.7</ele>
        <time>2022-02-05T10:25:45Z</time>
        <hdop>2</hdop>
        <extensions>
          <speed>0.658</speed>
        </extensions>
      </trkpt>
      <trkpt lat="56.0368133" lon="28.1339217">
        <ele>132.1</ele>
        <time>2022-02-05T10:25:51Z</time>
        <hdop>1.9</hdop>
        <extensions>
          <speed>0.473</speed>
        </extensions>
      </trkpt>
      <trkpt lat="56.036835" lon="28.1338983">
        <ele>131.4</ele>
        <time>2022-02-05T10:25:57Z</time>
        <hdop>1.9</hdop>
        <extensions>
          <speed>0.42</speed>
        </extensions>
      </trkpt>
      <trkpt lat="56.0368783" lon="28.1338733">
        <ele>131.5</ele>
        <time>2022-02-05T10:26:03Z</time>
        <hdop>1.9</hdop>
        <extensions>
          <speed>0.423</speed>
        </extensions>
      </trkpt>
      <trkpt lat="56.0369117" lon="28.133835">
        <ele>132</ele>
        <time>2022-02-05T10:26:09Z</time>
        <hdop>1.8</hdop>
        <extensions>
          <speed>0.533</speed>
        </extensions>
      </trkpt>
      <trkpt lat="56.036935" lon="28.1337883">
        <ele>132.2</ele>
        <time>2022-02-05T10:26:15Z</time>
        <hdop>1.8</hdop>
        <extensions>
          <speed>0.57</speed>
        </extensions>
      </trkpt>
      <trkpt lat="56.0369583" lon="28.133805">
        <ele>132.1</ele>
        <time>2022-02-05T10:26:21Z</time>
        <hdop>1.9</hdop>
      </trkpt>
      <trkpt lat="56.0369783" lon="28.1338717">
        <ele>132.1</ele>
        <time>2022-02-05T10:26:27Z</time>
        <hdop>2</hdop>
      </trkpt>
      <trkpt lat="56.0370117" lon="28.1339383">
        <ele>132.2</ele>
        <time>2022-02-05T10:26:33Z</time>
        <hdop>2</hdop>
        <extensions>
          <speed>0.523</speed>
        </extensions>
      </trkpt>
      <trkpt lat="56.0370283" lon="28.1340067">
        <ele>131.8</ele>
        <time>2022-02-05T10:26:39Z</time>
        <hdop>2.1</hdop>
        <extensions>
          <speed>0.655</speed>
        </extensions>
      </trkpt>
      <trkpt lat="56.0370667" lon="28.1340783">
        <ele>131.6</ele>
        <time>2022-02-05T10:26:45Z</time>
        <hdop>2</hdop>
        <extensions>
          <speed>0.797</speed>
        </extensions>
      </trkpt>
      <trkpt lat="56.0370833" lon="28.1341267">
        <ele>131.7</ele>
        <time>2022-02-05T10:26:51Z</time>
        <hdop>2</hdop>
      </trkpt>
      <trkpt lat="56.037115" lon="28.1341333">
        <ele>131.3</ele>
        <time>2022-02-05T10:26:57Z</time>
        <hdop>1.9</hdop>
        <extensions>
          <speed>0.564</speed>
        </extensions>
      </trkpt>
      <trkpt lat="56.0371167" lon="28.1341767">
        <ele>130.9</ele>
        <time>2022-02-05T10:27:09Z</time>
        <hdop>1.9</hdop>
        <extensions>
          <speed>0.497</speed>
        </extensions>
      </trkpt>
      <trkpt lat="56.0371717" lon="28.1342483">
        <ele>130</ele>
        <time>2022-02-05T10:27:15Z</time>
        <hdop>2.1</hdop>
      </trkpt>
      <trkpt lat="56.0372483" lon="28.1343067">
        <ele>129.9</ele>
        <time>2022-02-05T10:27:21Z</time>
        <hdop>2</hdop>
        <extensions>
          <speed>0.85</speed>
        </extensions>
      </trkpt>
      <trkpt lat="56.0372783" lon="28.1342983">
        <ele>130.9</ele>
        <time>2022-02-05T10:27:27Z</time>
        <hdop>1.9</hdop>
        <extensions>
          <speed>0.712</speed>
        </extensions>
      </trkpt>
      <trkpt lat="56.0373167" lon="28.13431">
        <ele>129.9</ele>
        <time>2022-02-05T10:27:47Z</time>
        <hdop>1.8</hdop>
        <extensions>
          <speed>0.361</speed>
        </extensions>
      </trkpt>
      <trkpt lat="56.037375" lon="28.1344217">
        <ele>130.4</ele>
        <time>2022-02-05T10:27:53Z</time>
        <hdop>1.9</hdop>
        <extensions>
          <speed>1.027</speed>
        </extensions>
      </trkpt>
      <trkpt lat="56.0374333" lon="28.1345383">
        <ele>131.8</ele>
        <time>2022-02-05T10:27:59Z</time>
        <hdop>2</hdop>
        <extensions>
          <speed>1.339</speed>
        </extensions>
      </trkpt>
      <trkpt lat="56.0374583" lon="28.1345983">
        <ele>133.5</ele>
        <time>2022-02-05T10:28:04Z</time>
        <hdop>1.9</hdop>
        <extensions>
          <speed>1.095</speed>
        </extensions>
      </trkpt>
      <trkpt lat="56.0374883" lon="28.1346033">
        <ele>134.9</ele>
        <time>2022-02-05T10:28:09Z</time>
        <hdop>1.9</hdop>
        <extensions>
          <speed>0.762</speed>
        </extensions>
      </trkpt>
      <trkpt lat="56.0375333" lon="28.1346267">
        <ele>136.8</ele>
        <time>2022-02-05T10:28:15Z</time>
        <hdop>2</hdop>
        <extensions>
          <speed>0.668</speed>
        </extensions>
      </trkpt>
      <trkpt lat="56.03757" lon="28.1346433">
        <ele>138</ele>
        <time>2022-02-05T10:28:21Z</time>
        <hdop>2.1</hdop>
      </trkpt>
      <trkpt lat="56.0376183" lon="28.13459">
        <ele>138.4</ele>
        <time>2022-02-05T10:28:27Z</time>
        <hdop>2.1</hdop>
        <extensions>
          <speed>0.547</speed>
        </extensions>
      </trkpt>
      <trkpt lat="56.037665" lon="28.1345433">
        <ele>137.9</ele>
        <time>2022-02-05T10:28:33Z</time>
        <hdop>2.1</hdop>
        <extensions>
          <speed>0.598</speed>
        </extensions>
      </trkpt>
      <trkpt lat="56.037705" lon="28.1344817">
        <ele>137.6</ele>
        <time>2022-02-05T10:28:39Z</time>
        <hdop>2.1</hdop>
        <extensions>
          <speed>0.652</speed>
        </extensions>
      </trkpt>
      <trkpt lat="56.0377633" lon="28.1344117">
        <ele>137.5</ele>
        <time>2022-02-05T10:28:45Z</time>
        <hdop>2.1</hdop>
        <extensions>
          <speed>0.812</speed>
        </extensions>
      </trkpt>
      <trkpt lat="56.0377983" lon="28.1343483">
        <ele>138</ele>
        <time>2022-02-05T10:28:51Z</time>
        <hdop>2.1</hdop>
      </trkpt>
      <trkpt lat="56.0378467" lon="28.13433">
        <ele>137.7</ele>
        <time>2022-02-05T10:28:57Z</time>
        <hdop>2.2</hdop>
        <extensions>
          <speed>0.685</speed>
        </extensions>
      </trkpt>
      <trkpt lat="56.0379067" lon="28.1343267">
        <ele>136.4</ele>
        <time>2022-02-05T10:29:03Z</time>
        <hdop>2.1</hdop>
        <extensions>
          <speed>0.645</speed>
        </extensions>
      </trkpt>
      <trkpt lat="56.0379633" lon="28.1343567">
        <ele>134.7</ele>
        <time>2022-02-05T10:29:09Z</time>
        <hdop>2</hdop>
        <extensions>
          <speed>0.486</speed>
        </extensions>
      </trkpt>
      <trkpt lat="56.0380067" lon="28.1343683">
        <ele>135.2</ele>
        <time>2022-02-05T10:29:15Z</time>
        <hdop>1.9</hdop>
        <extensions>
          <speed>0.582</speed>
        </extensions>
      </trkpt>
      <trkpt lat="56.0380433" lon="28.1343167">
        <ele>134.4</ele>
        <time>2022-02-05T10:29:21Z</time>
        <hdop>1.9</hdop>
        <extensions>
          <speed>0.529</speed>
        </extensions>
      </trkpt>
      <trkpt lat="56.0381017" lon="28.13428">
        <ele>133.4</ele>
        <time>2022-02-05T10:29:27Z</time>
        <hdop>1.8</hdop>
        <extensions>
          <speed>0.609</speed>
        </extensions>
      </trkpt>
      <trkpt lat="56.038145" lon="28.1342167">
        <ele>133.2</ele>
        <time>2022-02-05T10:29:33Z</time>
        <hdop>1.9</hdop>
        <extensions>
          <speed>0.795</speed>
        </extensions>
      </trkpt>
      <trkpt lat="56.0381783" lon="28.13419">
        <ele>133.2</ele>
        <time>2022-02-05T10:29:39Z</time>
        <hdop>1.7</hdop>
      </trkpt>
      <trkpt lat="56.0381983" lon="28.1341467">
        <ele>133.3</ele>
        <time>2022-02-05T10:29:45Z</time>
        <hdop>1.9</hdop>
        <extensions>
          <speed>0.597</speed>
        </extensions>
      </trkpt>
      <trkpt lat="56.0382167" lon="28.1340883">
        <ele>132.7</ele>
        <time>2022-02-05T10:29:51Z</time>
        <hdop>1.9</hdop>
        <extensions>
          <speed>0.52</speed>
        </extensions>
      </trkpt>
      <trkpt lat="56.03825" lon="28.13406">
        <ele>132.4</ele>
        <time>2022-02-05T10:29:57Z</time>
        <hdop>1.9</hdop>
      </trkpt>
      <trkpt lat="56.03829" lon="28.13402">
        <ele>131.8</ele>
        <time>2022-02-05T10:30:03Z</time>
        <hdop>1.8</hdop>
        <extensions>
          <speed>0.555</speed>
        </extensions>
      </trkpt>
      <trkpt lat="56.0383117" lon="28.1339733">
        <ele>131.6</ele>
        <time>2022-02-05T10:30:09Z</time>
        <hdop>1.9</hdop>
        <extensions>
          <speed>0.512</speed>
        </extensions>
      </trkpt>
      <trkpt lat="56.03834" lon="28.133935">
        <ele>131.3</ele>
        <time>2022-02-05T10:30:15Z</time>
        <hdop>1.8</hdop>
        <extensions>
          <speed>0.51</speed>
        </extensions>
      </trkpt>
      <trkpt lat="56.0383733" lon="28.1338883">
        <ele>130.8</ele>
        <time>2022-02-05T10:30:21Z</time>
        <hdop>2.1</hdop>
        <extensions>
          <speed>0.703</speed>
        </extensions>
      </trkpt>
      <trkpt lat="56.0384017" lon="28.13381">
        <ele>130.4</ele>
        <time>2022-02-05T10:30:27Z</time>
        <hdop>2.2</hdop>
        <extensions>
          <speed>0.733</speed>
        </extensions>
      </trkpt>
      <trkpt lat="56.0384217" lon="28.1337217">
        <ele>130.1</ele>
        <time>2022-02-05T10:30:33Z</time>
        <hdop>2.1</hdop>
        <extensions>
          <speed>0.701</speed>
        </extensions>
      </trkpt>
      <trkpt lat="56.03844" lon="28.1336367">
        <ele>129.6</ele>
        <time>2022-02-05T10:30:39Z</time>
        <hdop>1.9</hdop>
        <extensions>
          <speed>0.751</speed>
        </extensions>
      </trkpt>
      <trkpt lat="56.0384417" lon="28.13356">
        <ele>129.6</ele>
        <time>2022-02-05T10:30:45Z</time>
        <hdop>1.8</hdop>
        <extensions>
          <speed>0.631</speed>
        </extensions>
      </trkpt>
      <trkpt lat="56.0384717" lon="28.1335683">
        <ele>130.2</ele>
        <time>2022-02-05T10:31:36Z</time>
        <hdop>1.8</hdop>
        <extensions>
          <speed>0.235</speed>
        </extensions>
      </trkpt>
      <trkpt lat="56.038495" lon="28.1335083">
        <ele>130.3</ele>
        <time>2022-02-05T10:31:42Z</time>
        <hdop>1.8</hdop>
        <extensions>
          <speed>0.501</speed>
        </extensions>
      </trkpt>
      <trkpt lat="56.0385117" lon="28.1334817">
        <ele>130.6</ele>
        <time>2022-02-05T10:31:47Z</time>
        <hdop>1.8</hdop>
        <extensions>
          <speed>0.532</speed>
        </extensions>
      </trkpt>
      <trkpt lat="56.0385267" lon="28.13343">
        <ele>130.7</ele>
        <time>2022-02-05T10:31:53Z</time>
        <hdop>1.8</hdop>
        <extensions>
          <speed>0.473</speed>
        </extensions>
      </trkpt>
      <trkpt lat="56.0385433" lon="28.1333817">
        <ele>131</ele>
        <time>2022-02-05T10:31:58Z</time>
        <hdop>1.8</hdop>
        <extensions>
          <speed>0.485</speed>
        </extensions>
      </trkpt>
      <trkpt lat="56.0385617" lon="28.13335">
        <ele>130.9</ele>
        <time>2022-02-05T10:32:03Z</time>
        <hdop>1.7</hdop>
        <extensions>
          <speed>0.434</speed>
        </extensions>
      </trkpt>
      <trkpt lat="56.0385817" lon="28.1333033">
        <ele>131.1</ele>
        <time>2022-02-05T10:32:09Z</time>
        <hdop>1.1</hdop>
        <extensions>
          <speed>0.535</speed>
        </extensions>
      </trkpt>
      <trkpt lat="56.038635" lon="28.1332567">
        <ele>131.3</ele>
        <time>2022-02-05T10:32:15Z</time>
        <hdop>1.6</hdop>
        <extensions>
          <speed>0.749</speed>
        </extensions>
      </trkpt>
      <trkpt lat="56.0386767" lon="28.1332133">
        <ele>131.6</ele>
        <time>2022-02-05T10:32:21Z</time>
        <hdop>1.7</hdop>
        <extensions>
          <speed>0.734</speed>
        </extensions>
      </trkpt>
      <trkpt lat="56.03872" lon="28.1331817">
        <ele>131.8</ele>
        <time>2022-02-05T10:32:27Z</time>
        <hdop>1.7</hdop>
        <extensions>
          <speed>0.655</speed>
        </extensions>
      </trkpt>
      <trkpt lat="56.03875" lon="28.1331733">
        <ele>132.1</ele>
        <time>2022-02-05T10:32:33Z</time>
        <hdop>1.9</hdop>
      </trkpt>
      <trkpt lat="56.03879" lon="28.133175">
        <ele>132.4</ele>
        <time>2022-02-05T10:32:39Z</time>
        <hdop>1.9</hdop>
        <extensions>
          <speed>0.563</speed>
        </extensions>
      </trkpt>
      <trkpt lat="56.0388117" lon="28.1331617">
        <ele>132.7</ele>
        <time>2022-02-05T10:32:45Z</time>
        <hdop>1.8</hdop>
        <extensions>
          <speed>0.476</speed>
        </extensions>
      </trkpt>
      <trkpt lat="56.0388267" lon="28.13311">
        <ele>133.1</ele>
        <time>2022-02-05T10:32:51Z</time>
        <hdop>1.8</hdop>
      </trkpt>
      <trkpt lat="56.0388683" lon="28.1330617">
        <ele>132.9</ele>
        <time>2022-02-05T10:32:57Z</time>
        <hdop>1.8</hdop>
        <extensions>
          <speed>0.599</speed>
        </extensions>
      </trkpt>
      <trkpt lat="56.0389" lon="28.1330517">
        <ele>132.8</ele>
        <time>2022-02-05T10:33:03Z</time>
        <hdop>2.1</hdop>
        <extensions>
          <speed>0.556</speed>
        </extensions>
      </trkpt>
      <trkpt lat="56.0389183" lon="28.1330283">
        <ele>132.7</ele>
        <time>2022-02-05T10:33:09Z</time>
        <hdop>2.2</hdop>
      </trkpt>
      <trkpt lat="56.0389683" lon="28.1329883">
        <ele>132.6</ele>
        <time>2022-02-05T10:33:17Z</time>
        <hdop>2.4</hdop>
        <extensions>
          <speed>0.347</speed>
        </extensions>
      </trkpt>
      <trkpt lat="56.0389917" lon="28.1329733">
        <ele>132.7</ele>
        <time>2022-02-05T10:33:23Z</time>
        <hdop>2.6</hdop>
      </trkpt>
      <trkpt lat="56.0390767" lon="28.1328917">
        <ele>133.2</ele>
        <time>2022-02-05T10:33:28Z</time>
        <hdop>2.3</hdop>
        <extensions>
          <speed>0.487</speed>
        </extensions>
      </trkpt>
      <trkpt lat="56.0390833" lon="28.1327917">
        <ele>133.8</ele>
        <time>2022-02-05T10:33:33Z</time>
        <hdop>2.1</hdop>
      </trkpt>
      <trkpt lat="56.0390917" lon="28.1326783">
        <ele>134</ele>
        <time>2022-02-05T10:33:39Z</time>
        <hdop>2.1</hdop>
        <extensions>
          <speed>0.459</speed>
        </extensions>
      </trkpt>
      <trkpt lat="56.0391233" lon="28.1325733">
        <ele>134.4</ele>
        <time>2022-02-05T10:33:45Z</time>
        <hdop>1.9</hdop>
        <extensions>
          <speed>0.45</speed>
        </extensions>
      </trkpt>
      <trkpt lat="56.0391467" lon="28.1325083">
        <ele>134.1</ele>
        <time>2022-02-05T10:33:51Z</time>
        <hdop>2.1</hdop>
        <extensions>
          <speed>0.464</speed>
        </extensions>
      </trkpt>
      <trkpt lat="56.03915" lon="28.13246">
        <ele>134.1</ele>
        <time>2022-02-05T10:33:57Z</time>
        <hdop>1.6</hdop>
        <extensions>
          <speed>0.434</speed>
        </extensions>
      </trkpt>
      <trkpt lat="56.0391683" lon="28.1324033">
        <ele>134.2</ele>
        <time>2022-02-05T10:34:03Z</time>
        <hdop>1.7</hdop>
        <extensions>
          <speed>0.537</speed>
        </extensions>
      </trkpt>
      <trkpt lat="56.0392183" lon="28.1323167">
        <ele>134.2</ele>
        <time>2022-02-05T10:34:09Z</time>
        <hdop>2</hdop>
        <extensions>
          <speed>0.58</speed>
        </extensions>
      </trkpt>
      <trkpt lat="56.0392617" lon="28.132245">
        <ele>134.2</ele>
        <time>2022-02-05T10:34:15Z</time>
        <hdop>1.9</hdop>
      </trkpt>
      <trkpt lat="56.03929" lon="28.132165">
        <ele>134</ele>
        <time>2022-02-05T10:34:21Z</time>
        <hdop>1.9</hdop>
        <extensions>
          <speed>0.665</speed>
        </extensions>
      </trkpt>
      <trkpt lat="56.0393017" lon="28.1320817">
        <ele>134.1</ele>
        <time>2022-02-05T10:34:27Z</time>
        <hdop>2</hdop>
        <extensions>
          <speed>0.599</speed>
        </extensions>
      </trkpt>
      <trkpt lat="56.0393133" lon="28.1320267">
        <ele>134.2</ele>
        <time>2022-02-05T10:34:33Z</time>
        <hdop>2</hdop>
        <extensions>
          <speed>0.579</speed>
        </extensions>
      </trkpt>
      <trkpt lat="56.0393283" lon="28.131995">
        <ele>134.3</ele>
        <time>2022-02-05T10:34:39Z</time>
        <hdop>2.1</hdop>
        <extensions>
          <speed>0.469</speed>
        </extensions>
      </trkpt>
      <trkpt lat="56.039305" lon="28.1319967">
        <ele>134.6</ele>
        <time>2022-02-05T10:35:09Z</time>
        <hdop>1.9</hdop>
        <extensions>
          <speed>0.338</speed>
        </extensions>
      </trkpt>
      <trkpt lat="56.0393467" lon="28.1320233">
        <ele>136.6</ele>
        <time>2022-02-05T10:35:29Z</time>
        <hdop>1.9</hdop>
        <extensions>
          <speed>0.34</speed>
        </extensions>
      </trkpt>
      <trkpt lat="56.039325" lon="28.1320167">
        <ele>136.9</ele>
        <time>2022-02-05T10:35:36Z</time>
        <hdop>1.8</hdop>
      </trkpt>
      <trkpt lat="56.0393083" lon="28.1320033">
        <ele>136.7</ele>
        <time>2022-02-05T10:35:42Z</time>
        <hdop>2.3</hdop>
      </trkpt>
      <trkpt lat="56.039285" lon="28.132005">
        <ele>136.4</ele>
        <time>2022-02-05T10:35:48Z</time>
        <hdop>2.6</hdop>
      </trkpt>
      <trkpt lat="56.039315" lon="28.1320467">
        <ele>136.4</ele>
        <time>2022-02-05T10:35:53Z</time>
        <hdop>2.7</hdop>
      </trkpt>
      <trkpt lat="56.039355" lon="28.1320867">
        <ele>137.2</ele>
        <time>2022-02-05T10:35:59Z</time>
        <hdop>2.3</hdop>
        <extensions>
          <speed>0.417</speed>
        </extensions>
      </trkpt>
      <trkpt lat="56.039345" lon="28.1320567">
        <ele>137.9</ele>
        <time>2022-02-05T10:36:04Z</time>
        <hdop>2.1</hdop>
      </trkpt>
      <trkpt lat="56.03936" lon="28.131965">
        <ele>139.2</ele>
        <time>2022-02-05T10:37:24Z</time>
        <hdop>1.6</hdop>
        <extensions>
          <speed>0.196</speed>
        </extensions>
      </trkpt>
      <trkpt lat="56.0393833" lon="28.1319667">
        <ele>139.6</ele>
        <time>2022-02-05T10:37:29Z</time>
        <hdop>2.2</hdop>
        <extensions>
          <speed>0.403</speed>
        </extensions>
      </trkpt>
      <trkpt lat="56.0394167" lon="28.1319333">
        <ele>140</ele>
        <time>2022-02-05T10:37:35Z</time>
        <hdop>2.3</hdop>
        <extensions>
          <speed>0.483</speed>
        </extensions>
      </trkpt>
      <trkpt lat="56.03945" lon="28.13192">
        <ele>140.4</ele>
        <time>2022-02-05T10:37:41Z</time>
        <hdop>2.4</hdop>
        <extensions>
          <speed>0.512</speed>
        </extensions>
      </trkpt>
      <trkpt lat="56.039475" lon="28.13185">
        <ele>140.9</ele>
        <time>2022-02-05T10:37:47Z</time>
        <hdop>2.3</hdop>
      </trkpt>
      <trkpt lat="56.0395033" lon="28.1318367">
        <ele>141.1</ele>
        <time>2022-02-05T10:37:53Z</time>
        <hdop>2</hdop>
        <extensions>
          <speed>0.474</speed>
        </extensions>
      </trkpt>
      <trkpt lat="56.03954" lon="28.1318067">
        <ele>141.4</ele>
        <time>2022-02-05T10:37:59Z</time>
        <hdop>2.1</hdop>
        <extensions>
          <speed>0.473</speed>
        </extensions>
      </trkpt>
      <trkpt lat="56.0395533" lon="28.131735">
        <ele>141.5</ele>
        <time>2022-02-05T10:38:04Z</time>
        <hdop>2.1</hdop>
        <extensions>
          <speed>0.575</speed>
        </extensions>
      </trkpt>
      <trkpt lat="56.0395517" lon="28.13166">
        <ele>142</ele>
        <time>2022-02-05T10:38:09Z</time>
        <hdop>2.1</hdop>
        <extensions>
          <speed>0.638</speed>
        </extensions>
      </trkpt>
      <trkpt lat="56.0395883" lon="28.1316233">
        <ele>143</ele>
        <time>2022-02-05T10:38:15Z</time>
        <hdop>2</hdop>
        <extensions>
          <speed>0.527</speed>
        </extensions>
      </trkpt>
      <trkpt lat="56.0396217" lon="28.131545">
        <ele>143.6</ele>
        <time>2022-02-05T10:38:21Z</time>
        <hdop>2.1</hdop>
        <extensions>
          <speed>0.398</speed>
        </extensions>
      </trkpt>
      <trkpt lat="56.039655" lon="28.1314733">
        <ele>143.8</ele>
        <time>2022-02-05T10:38:27Z</time>
        <hdop>2</hdop>
        <extensions>
          <speed>0.545</speed>
        </extensions>
      </trkpt>
      <trkpt lat="56.039665" lon="28.131405">
        <ele>143.5</ele>
        <time>2022-02-05T10:38:33Z</time>
        <hdop>2.2</hdop>
      </trkpt>
      <trkpt lat="56.0396817" lon="28.1313267">
        <ele>143.3</ele>
        <time>2022-02-05T10:38:39Z</time>
        <hdop>2.2</hdop>
        <extensions>
          <speed>0.673</speed>
        </extensions>
      </trkpt>
      <trkpt lat="56.0397083" lon="28.1312567">
        <ele>141.9</ele>
        <time>2022-02-05T10:38:45Z</time>
        <hdop>2.2</hdop>
        <extensions>
          <speed>0.722</speed>
        </extensions>
      </trkpt>
      <trkpt lat="56.03973" lon="28.1312">
        <ele>141.2</ele>
        <time>2022-02-05T10:38:51Z</time>
        <hdop>2.2</hdop>
      </trkpt>
      <trkpt lat="56.03975" lon="28.131115">
        <ele>139.8</ele>
        <time>2022-02-05T10:38:57Z</time>
        <hdop>2.1</hdop>
        <extensions>
          <speed>0.561</speed>
        </extensions>
      </trkpt>
      <trkpt lat="56.0397817" lon="28.13104">
        <ele>138.8</ele>
        <time>2022-02-05T10:39:03Z</time>
        <hdop>2.3</hdop>
      </trkpt>
      <trkpt lat="56.03979" lon="28.1309417">
        <ele>138.1</ele>
        <time>2022-02-05T10:39:09Z</time>
        <hdop>2.4</hdop>
      </trkpt>
      <trkpt lat="56.039805" lon="28.1308033">
        <ele>139.4</ele>
        <time>2022-02-05T10:39:15Z</time>
        <hdop>2.2</hdop>
        <extensions>
          <speed>0.653</speed>
        </extensions>
      </trkpt>
      <trkpt lat="56.03982" lon="28.1306883">
        <ele>140</ele>
        <time>2022-02-05T10:39:21Z</time>
        <hdop>2.3</hdop>
      </trkpt>
      <trkpt lat="56.0398633" lon="28.1305983">
        <ele>140.4</ele>
        <time>2022-02-05T10:39:27Z</time>
        <hdop>2.3</hdop>
        <extensions>
          <speed>0.771</speed>
        </extensions>
      </trkpt>
      <trkpt lat="56.0398633" lon="28.130505">
        <ele>140.2</ele>
        <time>2022-02-05T10:39:33Z</time>
        <hdop>2.1</hdop>
        <extensions>
          <speed>0.618</speed>
        </extensions>
      </trkpt>
      <trkpt lat="56.0398483" lon="28.1304217">
        <ele>140</ele>
        <time>2022-02-05T10:39:39Z</time>
        <hdop>2.1</hdop>
        <extensions>
          <speed>0.448</speed>
        </extensions>
      </trkpt>
      <trkpt lat="56.039825" lon="28.1303117">
        <ele>140.1</ele>
        <time>2022-02-05T10:39:45Z</time>
        <hdop>1.9</hdop>
        <extensions>
          <speed>0.535</speed>
        </extensions>
      </trkpt>
      <trkpt lat="56.0398317" lon="28.130245">
        <ele>140.8</ele>
        <time>2022-02-05T10:39:51Z</time>
        <hdop>2.2</hdop>
        <extensions>
          <speed>0.595</speed>
        </extensions>
      </trkpt>
      <trkpt lat="56.0398533" lon="28.1301833">
        <ele>141.4</ele>
        <time>2022-02-05T10:39:57Z</time>
        <hdop>2.2</hdop>
        <extensions>
          <speed>0.604</speed>
        </extensions>
      </trkpt>
      <trkpt lat="56.0398717" lon="28.1301017">
        <ele>142.2</ele>
        <time>2022-02-05T10:40:03Z</time>
        <hdop>2.1</hdop>
        <extensions>
          <speed>0.756</speed>
        </extensions>
      </trkpt>
      <trkpt lat="56.0398767" lon="28.1300117">
        <ele>142.3</ele>
        <time>2022-02-05T10:40:09Z</time>
        <hdop>2</hdop>
        <extensions>
          <speed>0.637</speed>
        </extensions>
      </trkpt>
      <trkpt lat="56.0398817" lon="28.1299167">
        <ele>142.4</ele>
        <time>2022-02-05T10:40:15Z</time>
        <hdop>2.1</hdop>
        <extensions>
          <speed>0.731</speed>
        </extensions>
      </trkpt>
      <trkpt lat="56.0399183" lon="28.129875">
        <ele>141.9</ele>
        <time>2022-02-05T10:40:21Z</time>
        <hdop>2.1</hdop>
        <extensions>
          <speed>0.77</speed>
        </extensions>
      </trkpt>
      <trkpt lat="56.03994" lon="28.1298083">
        <ele>141.4</ele>
        <time>2022-02-05T10:40:27Z</time>
        <hdop>2.1</hdop>
        <extensions>
          <speed>0.717</speed>
        </extensions>
      </trkpt>
      <trkpt lat="56.039975" lon="28.12977">
        <ele>141.3</ele>
        <time>2022-02-05T10:40:33Z</time>
        <hdop>2.1</hdop>
        <extensions>
          <speed>0.655</speed>
        </extensions>
      </trkpt>
      <trkpt lat="56.0400117" lon="28.1296867">
        <ele>141.5</ele>
        <time>2022-02-05T10:40:39Z</time>
        <hdop>2.1</hdop>
        <extensions>
          <speed>0.679</speed>
        </extensions>
      </trkpt>
      <trkpt lat="56.0400483" lon="28.1296617">
        <ele>139.8</ele>
        <time>2022-02-05T10:40:45Z</time>
        <hdop>2.1</hdop>
        <extensions>
          <speed>0.469</speed>
        </extensions>
      </trkpt>
      <trkpt lat="56.04009" lon="28.1296083">
        <ele>138.4</ele>
        <time>2022-02-05T10:40:51Z</time>
        <hdop>2.2</hdop>
        <extensions>
          <speed>0.656</speed>
        </extensions>
      </trkpt>
      <trkpt lat="56.040115" lon="28.129565">
        <ele>136.3</ele>
        <time>2022-02-05T10:40:57Z</time>
        <hdop>2.1</hdop>
        <extensions>
          <speed>0.688</speed>
        </extensions>
      </trkpt>
      <trkpt lat="56.0401433" lon="28.1294783">
        <ele>135.4</ele>
        <time>2022-02-05T10:41:03Z</time>
        <hdop>2.1</hdop>
        <extensions>
          <speed>0.622</speed>
        </extensions>
      </trkpt>
      <trkpt lat="56.040175" lon="28.1293917">
        <ele>134.8</ele>
        <time>2022-02-05T10:41:09Z</time>
        <hdop>2.1</hdop>
        <extensions>
          <speed>0.692</speed>
        </extensions>
      </trkpt>
      <trkpt lat="56.0401983" lon="28.1293017">
        <ele>134.2</ele>
        <time>2022-02-05T10:41:15Z</time>
        <hdop>2.2</hdop>
        <extensions>
          <speed>0.867</speed>
        </extensions>
      </trkpt>
      <trkpt lat="56.0402417" lon="28.12923">
        <ele>133.5</ele>
        <time>2022-02-05T10:41:21Z</time>
        <hdop>2.2</hdop>
        <extensions>
          <speed>0.85</speed>
        </extensions>
      </trkpt>
      <trkpt lat="56.04027" lon="28.1291617">
        <ele>132.7</ele>
        <time>2022-02-05T10:41:27Z</time>
        <hdop>2.2</hdop>
        <extensions>
          <speed>0.721</speed>
        </extensions>
      </trkpt>
      <trkpt lat="56.0402983" lon="28.1290917">
        <ele>132.8</ele>
        <time>2022-02-05T10:41:33Z</time>
        <hdop>2.2</hdop>
      </trkpt>
      <trkpt lat="56.0403383" lon="28.129025">
        <ele>133.3</ele>
        <time>2022-02-05T10:41:39Z</time>
        <hdop>2.1</hdop>
        <extensions>
          <speed>0.902</speed>
        </extensions>
      </trkpt>
      <trkpt lat="56.04038" lon="28.1289867">
        <ele>133.9</ele>
        <time>2022-02-05T10:41:45Z</time>
        <hdop>2.1</hdop>
        <extensions>
          <speed>0.867</speed>
        </extensions>
      </trkpt>
      <trkpt lat="56.0404167" lon="28.1289417">
        <ele>135.5</ele>
        <time>2022-02-05T10:41:51Z</time>
        <hdop>2.1</hdop>
        <extensions>
          <speed>0.688</speed>
        </extensions>
      </trkpt>
      <trkpt lat="56.040455" lon="28.1288617">
        <ele>135.8</ele>
        <time>2022-02-05T10:41:57Z</time>
        <hdop>2.1</hdop>
        <extensions>
          <speed>0.683</speed>
        </extensions>
      </trkpt>
      <trkpt lat="56.04047" lon="28.1287983">
        <ele>135.7</ele>
        <time>2022-02-05T10:42:03Z</time>
        <hdop>2.1</hdop>
        <extensions>
          <speed>0.607</speed>
        </extensions>
      </trkpt>
      <trkpt lat="56.0404983" lon="28.1286983">
        <ele>136.1</ele>
        <time>2022-02-05T10:42:09Z</time>
        <hdop>1.9</hdop>
        <extensions>
          <speed>0.557</speed>
        </extensions>
      </trkpt>
      <trkpt lat="56.0405367" lon="28.1286017">
        <ele>135.9</ele>
        <time>2022-02-05T10:42:15Z</time>
        <hdop>2</hdop>
        <extensions>
          <speed>0.81</speed>
        </extensions>
      </trkpt>
      <trkpt lat="56.0405583" lon="28.1285">
        <ele>137</ele>
        <time>2022-02-05T10:42:21Z</time>
        <hdop>2</hdop>
        <extensions>
          <speed>0.853</speed>
        </extensions>
      </trkpt>
      <trkpt lat="56.0405833" lon="28.12843">
        <ele>137.5</ele>
        <time>2022-02-05T10:42:27Z</time>
        <hdop>1.9</hdop>
        <extensions>
          <speed>0.811</speed>
        </extensions>
      </trkpt>
      <trkpt lat="56.040615" lon="28.128345">
        <ele>138.7</ele>
        <time>2022-02-05T10:42:33Z</time>
        <hdop>2.1</hdop>
        <extensions>
          <speed>0.798</speed>
        </extensions>
      </trkpt>
      <trkpt lat="56.040645" lon="28.1282633">
        <ele>139.2</ele>
        <time>2022-02-05T10:42:39Z</time>
        <hdop>2</hdop>
        <extensions>
          <speed>0.797</speed>
        </extensions>
      </trkpt>
      <trkpt lat="56.0406717" lon="28.1281783">
        <ele>140.3</ele>
        <time>2022-02-05T10:42:45Z</time>
        <hdop>2.1</hdop>
        <extensions>
          <speed>0.653</speed>
        </extensions>
      </trkpt>
      <trkpt lat="56.0407033" lon="28.12809">
        <ele>141.4</ele>
        <time>2022-02-05T10:42:51Z</time>
        <hdop>2.1</hdop>
        <extensions>
          <speed>0.732</speed>
        </extensions>
      </trkpt>
      <trkpt lat="56.0407383" lon="28.128015">
        <ele>141.9</ele>
        <time>2022-02-05T10:42:57Z</time>
        <hdop>2</hdop>
        <extensions>
          <speed>0.766</speed>
        </extensions>
      </trkpt>
      <trkpt lat="56.0407783" lon="28.1279267">
        <ele>142.6</ele>
        <time>2022-02-05T10:43:03Z</time>
        <hdop>2</hdop>
        <extensions>
          <speed>0.735</speed>
        </extensions>
      </trkpt>
      <trkpt lat="56.0408017" lon="28.1278517">
        <ele>142.9</ele>
        <time>2022-02-05T10:43:09Z</time>
        <hdop>2</hdop>
        <extensions>
          <speed>0.825</speed>
        </extensions>
      </trkpt>
      <trkpt lat="56.0408117" lon="28.1277517">
        <ele>142.9</ele>
        <time>2022-02-05T10:43:15Z</time>
        <hdop>2</hdop>
        <extensions>
          <speed>0.827</speed>
        </extensions>
      </trkpt>
      <trkpt lat="56.04083" lon="28.1276683">
        <ele>142.7</ele>
        <time>2022-02-05T10:43:21Z</time>
        <hdop>2</hdop>
        <extensions>
          <speed>0.82</speed>
        </extensions>
      </trkpt>
      <trkpt lat="56.0408483" lon="28.1275983">
        <ele>143.1</ele>
        <time>2022-02-05T10:43:27Z</time>
        <hdop>1.9</hdop>
        <extensions>
          <speed>0.617</speed>
        </extensions>
      </trkpt>
      <trkpt lat="56.0408717" lon="28.1275367">
        <ele>142.6</ele>
        <time>2022-02-05T10:43:33Z</time>
        <hdop>1.9</hdop>
        <extensions>
          <speed>0.477</speed>
        </extensions>
      </trkpt>
      <trkpt lat="56.0409083" lon="28.1274717">
        <ele>141.2</ele>
        <time>2022-02-05T10:43:39Z</time>
        <hdop>2</hdop>
        <extensions>
          <speed>0.62</speed>
        </extensions>
      </trkpt>
      <trkpt lat="56.0409367" lon="28.1273833">
        <ele>140.1</ele>
        <time>2022-02-05T10:43:45Z</time>
        <hdop>2</hdop>
        <extensions>
          <speed>0.653</speed>
        </extensions>
      </trkpt>
      <trkpt lat="56.0409433" lon="28.1272933">
        <ele>140.2</ele>
        <time>2022-02-05T10:43:51Z</time>
        <hdop>2</hdop>
        <extensions>
          <speed>0.501</speed>
        </extensions>
      </trkpt>
      <trkpt lat="56.0409717" lon="28.1272067">
        <ele>140.7</ele>
        <time>2022-02-05T10:43:57Z</time>
        <hdop>2</hdop>
        <extensions>
          <speed>0.604</speed>
        </extensions>
      </trkpt>
      <trkpt lat="56.04099" lon="28.127115">
        <ele>141.4</ele>
        <time>2022-02-05T10:44:03Z</time>
        <hdop>1.8</hdop>
        <extensions>
          <speed>0.728</speed>
        </extensions>
      </trkpt>
      <trkpt lat="56.0410267" lon="28.1270383">
        <ele>141.3</ele>
        <time>2022-02-05T10:44:09Z</time>
        <hdop>2</hdop>
        <extensions>
          <speed>0.902</speed>
        </extensions>
      </trkpt>
      <trkpt lat="56.04106" lon="28.12696">
        <ele>141.4</ele>
        <time>2022-02-05T10:44:15Z</time>
        <hdop>2.2</hdop>
        <extensions>
          <speed>0.956</speed>
        </extensions>
      </trkpt>
      <trkpt lat="56.0410783" lon="28.12687">
        <ele>142.4</ele>
        <time>2022-02-05T10:44:21Z</time>
        <hdop>2.2</hdop>
        <extensions>
          <speed>0.698</speed>
        </extensions>
      </trkpt>
      <trkpt lat="56.04108" lon="28.1267783">
        <ele>142.7</ele>
        <time>2022-02-05T10:44:27Z</time>
        <hdop>2.1</hdop>
        <extensions>
          <speed>0.663</speed>
        </extensions>
      </trkpt>
      <trkpt lat="56.0411167" lon="28.1267017">
        <ele>142.4</ele>
        <time>2022-02-05T10:44:33Z</time>
        <hdop>2</hdop>
        <extensions>
          <speed>0.672</speed>
        </extensions>
      </trkpt>
      <trkpt lat="56.0411367" lon="28.1266633">
        <ele>142.4</ele>
        <time>2022-02-05T10:44:39Z</time>
        <hdop>1.6</hdop>
        <extensions>
          <speed>0.568</speed>
        </extensions>
      </trkpt>
      <trkpt lat="56.0411667" lon="28.1265783">
        <ele>142</ele>
        <time>2022-02-05T10:44:45Z</time>
        <hdop>2</hdop>
        <extensions>
          <speed>0.596</speed>
        </extensions>
      </trkpt>
      <trkpt lat="56.04118" lon="28.126495">
        <ele>141.7</ele>
        <time>2022-02-05T10:44:51Z</time>
        <hdop>2.1</hdop>
        <extensions>
          <speed>0.674</speed>
        </extensions>
      </trkpt>
      <trkpt lat="56.0411917" lon="28.1263933">
        <ele>141.1</ele>
        <time>2022-02-05T10:44:57Z</time>
        <hdop>2.1</hdop>
        <extensions>
          <speed>0.526</speed>
        </extensions>
      </trkpt>
      <trkpt lat="56.0412067" lon="28.126345">
        <ele>140.7</ele>
        <time>2022-02-05T10:45:03Z</time>
        <hdop>1.5</hdop>
        <extensions>
          <speed>0.506</speed>
        </extensions>
      </trkpt>
      <trkpt lat="56.0412517" lon="28.1262717">
        <ele>140.4</ele>
        <time>2022-02-05T10:45:09Z</time>
        <hdop>2</hdop>
        <extensions>
          <speed>0.671</speed>
        </extensions>
      </trkpt>
      <trkpt lat="56.04128" lon="28.12619">
        <ele>139.9</ele>
        <time>2022-02-05T10:45:15Z</time>
        <hdop>2.1</hdop>
      </trkpt>
      <trkpt lat="56.0413333" lon="28.1261533">
        <ele>139.1</ele>
        <time>2022-02-05T10:45:21Z</time>
        <hdop>2.1</hdop>
      </trkpt>
      <trkpt lat="56.0413633" lon="28.1260783">
        <ele>138.4</ele>
        <time>2022-02-05T10:45:27Z</time>
        <hdop>1.9</hdop>
        <extensions>
          <speed>0.764</speed>
        </extensions>
      </trkpt>
      <trkpt lat="56.0414167" lon="28.125975">
        <ele>138</ele>
        <time>2022-02-05T10:45:34Z</time>
        <hdop>1.8</hdop>
        <extensions>
          <speed>0.87</speed>
        </extensions>
      </trkpt>
      <trkpt lat="56.0414533" lon="28.1259083">
        <ele>137.1</ele>
        <time>2022-02-05T10:45:39Z</time>
        <hdop>1.8</hdop>
        <extensions>
          <speed>0.968</speed>
        </extensions>
      </trkpt>
      <trkpt lat="56.0414733" lon="28.1258183">
        <ele>135.1</ele>
        <time>2022-02-05T10:45:45Z</time>
        <hdop>1.8</hdop>
        <extensions>
          <speed>0.921</speed>
        </extensions>
      </trkpt>
      <trkpt lat="56.0415083" lon="28.1257517">
        <ele>133</ele>
        <time>2022-02-05T10:45:51Z</time>
        <hdop>1.8</hdop>
        <extensions>
          <speed>0.916</speed>
        </extensions>
      </trkpt>
      <trkpt lat="56.0415317" lon="28.12568">
        <ele>131.1</ele>
        <time>2022-02-05T10:45:57Z</time>
        <hdop>1.8</hdop>
        <extensions>
          <speed>0.776</speed>
        </extensions>
      </trkpt>
      <trkpt lat="56.041575" lon="28.125625">
        <ele>130.3</ele>
        <time>2022-02-05T10:46:03Z</time>
        <hdop>1.7</hdop>
        <extensions>
          <speed>0.799</speed>
        </extensions>
      </trkpt>
      <trkpt lat="56.0416233" lon="28.1255633">
        <ele>130.1</ele>
        <time>2022-02-05T10:46:09Z</time>
        <hdop>1.7</hdop>
        <extensions>
          <speed>0.905</speed>
        </extensions>
      </trkpt>
      <trkpt lat="56.0416833" lon="28.1255083">
        <ele>130</ele>
        <time>2022-02-05T10:46:15Z</time>
        <hdop>1.8</hdop>
        <extensions>
          <speed>0.945</speed>
        </extensions>
      </trkpt>
      <trkpt lat="56.0417017" lon="28.125515">
        <ele>129.6</ele>
        <time>2022-02-05T10:46:21Z</time>
        <hdop>1.9</hdop>
        <extensions>
          <speed>0.835</speed>
        </extensions>
      </trkpt>
      <trkpt lat="56.0417433" lon="28.1255233">
        <ele>128.6</ele>
        <time>2022-02-05T10:46:27Z</time>
        <hdop>1.8</hdop>
        <extensions>
          <speed>0.568</speed>
        </extensions>
      </trkpt>
      <trkpt lat="56.0417783" lon="28.125505">
        <ele>128.6</ele>
        <time>2022-02-05T10:46:33Z</time>
        <hdop>1.5</hdop>
        <extensions>
          <speed>0.526</speed>
        </extensions>
      </trkpt>
      <trkpt lat="56.0418267" lon="28.1254667">
        <ele>129.5</ele>
        <time>2022-02-05T10:46:39Z</time>
        <hdop>1.8</hdop>
        <extensions>
          <speed>0.576</speed>
        </extensions>
      </trkpt>
      <trkpt lat="56.04185" lon="28.1253667">
        <ele>130.1</ele>
        <time>2022-02-05T10:46:45Z</time>
        <hdop>1.8</hdop>
        <extensions>
          <speed>0.581</speed>
        </extensions>
      </trkpt>
      <trkpt lat="56.0418833" lon="28.1253033">
        <ele>130.8</ele>
        <time>2022-02-05T10:46:51Z</time>
        <hdop>1.8</hdop>
        <extensions>
          <speed>0.637</speed>
        </extensions>
      </trkpt>
      <trkpt lat="56.041925" lon="28.12524">
        <ele>131.8</ele>
        <time>2022-02-05T10:46:57Z</time>
        <hdop>1.9</hdop>
        <extensions>
          <speed>0.606</speed>
        </extensions>
      </trkpt>
      <trkpt lat="56.0419117" lon="28.12513">
        <ele>132.6</ele>
        <time>2022-02-05T10:47:03Z</time>
        <hdop>1.9</hdop>
        <extensions>
          <speed>0.754</speed>
        </extensions>
      </trkpt>
      <trkpt lat="56.0419167" lon="28.125045">
        <ele>133.1</ele>
        <time>2022-02-05T10:47:09Z</time>
        <hdop>1.8</hdop>
        <extensions>
          <speed>0.676</speed>
        </extensions>
      </trkpt>
      <trkpt lat="56.0419383" lon="28.1249817">
        <ele>133.7</ele>
        <time>2022-02-05T10:47:15Z</time>
        <hdop>1.9</hdop>
        <extensions>
          <speed>0.618</speed>
        </extensions>
      </trkpt>
      <trkpt lat="56.041945" lon="28.124905">
        <ele>134</ele>
        <time>2022-02-05T10:47:21Z</time>
        <hdop>1.9</hdop>
        <extensions>
          <speed>0.622</speed>
        </extensions>
      </trkpt>
      <trkpt lat="56.041965" lon="28.1248217">
        <ele>134.2</ele>
        <time>2022-02-05T10:47:27Z</time>
        <hdop>1.8</hdop>
        <extensions>
          <speed>0.704</speed>
        </extensions>
      </trkpt>
      <trkpt lat="56.0419817" lon="28.12475">
        <ele>133.8</ele>
        <time>2022-02-05T10:47:33Z</time>
        <hdop>1.9</hdop>
        <extensions>
          <speed>0.638</speed>
        </extensions>
      </trkpt>
      <trkpt lat="56.041995" lon="28.124665">
        <ele>133.8</ele>
        <time>2022-02-05T10:47:39Z</time>
        <hdop>1.8</hdop>
        <extensions>
          <speed>0.545</speed>
        </extensions>
      </trkpt>
      <trkpt lat="56.0419733" lon="28.1245733">
        <ele>134.4</ele>
        <time>2022-02-05T10:47:45Z</time>
        <hdop>1.8</hdop>
        <extensions>
          <speed>0.586</speed>
        </extensions>
      </trkpt>
      <trkpt lat="56.0419567" lon="28.124505">
        <ele>134.7</ele>
        <time>2022-02-05T10:47:51Z</time>
        <hdop>1.8</hdop>
        <extensions>
          <speed>0.53</speed>
        </extensions>
      </trkpt>
      <trkpt lat="56.041955" lon="28.12438">
        <ele>134.2</ele>
        <time>2022-02-05T10:47:57Z</time>
        <hdop>1.7</hdop>
        <extensions>
          <speed>0.568</speed>
        </extensions>
      </trkpt>
      <trkpt lat="56.0419683" lon="28.124315">
        <ele>133.7</ele>
        <time>2022-02-05T10:48:03Z</time>
        <hdop>1.8</hdop>
        <extensions>
          <speed>0.554</speed>
        </extensions>
      </trkpt>
      <trkpt lat="56.041985" lon="28.124235">
        <ele>133.5</ele>
        <time>2022-02-05T10:48:09Z</time>
        <hdop>1.7</hdop>
        <extensions>
          <speed>0.56</speed>
        </extensions>
      </trkpt>
      <trkpt lat="56.042" lon="28.12414">
        <ele>133.4</ele>
        <time>2022-02-05T10:48:15Z</time>
        <hdop>1.7</hdop>
        <extensions>
          <speed>0.713</speed>
        </extensions>
      </trkpt>
      <trkpt lat="56.0420217" lon="28.124085">
        <ele>133.9</ele>
        <time>2022-02-05T10:48:21Z</time>
        <hdop>1.8</hdop>
        <extensions>
          <speed>0.685</speed>
        </extensions>
      </trkpt>
      <trkpt lat="56.0420383" lon="28.1240083">
        <ele>133.7</ele>
        <time>2022-02-05T10:48:27Z</time>
        <hdop>1.8</hdop>
        <extensions>
          <speed>0.574</speed>
        </extensions>
      </trkpt>
      <trkpt lat="56.0420433" lon="28.1239183">
        <ele>132.8</ele>
        <time>2022-02-05T10:48:33Z</time>
        <hdop>1.8</hdop>
        <extensions>
          <speed>0.601</speed>
        </extensions>
      </trkpt>
      <trkpt lat="56.0420433" lon="28.123825">
        <ele>131.9</ele>
        <time>2022-02-05T10:48:39Z</time>
        <hdop>1.7</hdop>
        <extensions>
          <speed>0.665</speed>
        </extensions>
      </trkpt>
      <trkpt lat="56.0420667" lon="28.123765">
        <ele>131.2</ele>
        <time>2022-02-05T10:48:45Z</time>
        <hdop>1.7</hdop>
        <extensions>
          <speed>0.597</speed>
        </extensions>
      </trkpt>
      <trkpt lat="56.0420867" lon="28.1236983">
        <ele>131.3</ele>
        <time>2022-02-05T10:48:51Z</time>
        <hdop>1.8</hdop>
        <extensions>
          <speed>0.525</speed>
        </extensions>
      </trkpt>
      <trkpt lat="56.0420833" lon="28.1236533">
        <ele>131.4</ele>
        <time>2022-02-05T10:48:57Z</time>
        <hdop>1.8</hdop>
        <extensions>
          <speed>0.386</speed>
        </extensions>
      </trkpt>
      <trkpt lat="56.0420933" lon="28.1235683">
        <ele>132.1</ele>
        <time>2022-02-05T10:49:03Z</time>
        <hdop>1.8</hdop>
        <extensions>
          <speed>0.514</speed>
        </extensions>
      </trkpt>
      <trkpt lat="56.0421233" lon="28.123515">
        <ele>132.4</ele>
        <time>2022-02-05T10:49:09Z</time>
        <hdop>1.8</hdop>
        <extensions>
          <speed>0.548</speed>
        </extensions>
      </trkpt>
      <trkpt lat="56.0421617" lon="28.1234267">
        <ele>132.2</ele>
        <time>2022-02-05T10:49:15Z</time>
        <hdop>1.7</hdop>
        <extensions>
          <speed>0.53</speed>
        </extensions>
      </trkpt>
      <trkpt lat="56.0421917" lon="28.1233383">
        <ele>131.9</ele>
        <time>2022-02-05T10:49:21Z</time>
        <hdop>1.7</hdop>
        <extensions>
          <speed>0.663</speed>
        </extensions>
      </trkpt>
      <trkpt lat="56.0422117" lon="28.123265">
        <ele>131.4</ele>
        <time>2022-02-05T10:49:27Z</time>
        <hdop>1.7</hdop>
        <extensions>
          <speed>0.563</speed>
        </extensions>
      </trkpt>
      <trkpt lat="56.0422467" lon="28.1231683">
        <ele>131.1</ele>
        <time>2022-02-05T10:49:33Z</time>
        <hdop>1.9</hdop>
        <extensions>
          <speed>0.742</speed>
        </extensions>
      </trkpt>
      <trkpt lat="56.0422667" lon="28.1231">
        <ele>132</ele>
        <time>2022-02-05T10:49:39Z</time>
        <hdop>1.9</hdop>
        <extensions>
          <speed>0.755</speed>
        </extensions>
      </trkpt>
      <trkpt lat="56.042265" lon="28.1230117">
        <ele>133.9</ele>
        <time>2022-02-05T10:49:45Z</time>
        <hdop>2</hdop>
        <extensions>
          <speed>0.686</speed>
        </extensions>
      </trkpt>
      <trkpt lat="56.04227" lon="28.1229317">
        <ele>134.7</ele>
        <time>2022-02-05T10:49:51Z</time>
        <hdop>1.9</hdop>
        <extensions>
          <speed>0.76</speed>
        </extensions>
      </trkpt>
      <trkpt lat="56.0422817" lon="28.122845">
        <ele>135.7</ele>
        <time>2022-02-05T10:49:57Z</time>
        <hdop>1.9</hdop>
        <extensions>
          <speed>0.693</speed>
        </extensions>
      </trkpt>
      <trkpt lat="56.0422717" lon="28.1227517">
        <ele>136</ele>
        <time>2022-02-05T10:50:03Z</time>
        <hdop>2</hdop>
        <extensions>
          <speed>0.665</speed>
        </extensions>
      </trkpt>
      <trkpt lat="56.0422667" lon="28.1226317">
        <ele>135.6</ele>
        <time>2022-02-05T10:50:09Z</time>
        <hdop>1.9</hdop>
        <extensions>
          <speed>0.639</speed>
        </extensions>
      </trkpt>
      <trkpt lat="56.0422733" lon="28.12254">
        <ele>136.2</ele>
        <time>2022-02-05T10:50:15Z</time>
        <hdop>1.9</hdop>
        <extensions>
          <speed>0.681</speed>
        </extensions>
      </trkpt>
      <trkpt lat="56.0422933" lon="28.122465">
        <ele>136.2</ele>
        <time>2022-02-05T10:50:21Z</time>
        <hdop>1.5</hdop>
        <extensions>
          <speed>0.68</speed>
        </extensions>
      </trkpt>
      <trkpt lat="56.0422967" lon="28.1223533">
        <ele>135.7</ele>
        <time>2022-02-05T10:50:27Z</time>
        <hdop>1.7</hdop>
        <extensions>
          <speed>0.68</speed>
        </extensions>
      </trkpt>
      <trkpt lat="56.042295" lon="28.1222417">
        <ele>136.4</ele>
        <time>2022-02-05T10:50:33Z</time>
        <hdop>1.8</hdop>
        <extensions>
          <speed>0.809</speed>
        </extensions>
      </trkpt>
      <trkpt lat="56.0422883" lon="28.1221383">
        <ele>137.3</ele>
        <time>2022-02-05T10:50:39Z</time>
        <hdop>1.8</hdop>
        <extensions>
          <speed>0.655</speed>
        </extensions>
      </trkpt>
      <trkpt lat="56.0422933" lon="28.12207">
        <ele>138</ele>
        <time>2022-02-05T10:50:45Z</time>
        <hdop>1.7</hdop>
        <extensions>
          <speed>0.489</speed>
        </extensions>
      </trkpt>
      <trkpt lat="56.0423467" lon="28.1220233">
        <ele>139</ele>
        <time>2022-02-05T10:50:51Z</time>
        <hdop>1.6</hdop>
        <extensions>
          <speed>0.547</speed>
        </extensions>
      </trkpt>
      <trkpt lat="56.04236" lon="28.1219417">
        <ele>139.6</ele>
        <time>2022-02-05T10:50:57Z</time>
        <hdop>1.9</hdop>
        <extensions>
          <speed>0.59</speed>
        </extensions>
      </trkpt>
      <trkpt lat="56.0423667" lon="28.121825">
        <ele>140.2</ele>
        <time>2022-02-05T10:51:03Z</time>
        <hdop>1.7</hdop>
        <extensions>
          <speed>0.755</speed>
        </extensions>
      </trkpt>
      <trkpt lat="56.0423883" lon="28.1217533">
        <ele>140.8</ele>
        <time>2022-02-05T10:51:09Z</time>
        <hdop>1.7</hdop>
        <extensions>
          <speed>0.755</speed>
        </extensions>
      </trkpt>
      <trkpt lat="56.0424017" lon="28.1217033">
        <ele>140.9</ele>
        <time>2022-02-05T10:51:15Z</time>
        <hdop>1.8</hdop>
        <extensions>
          <speed>0.661</speed>
        </extensions>
      </trkpt>
      <trkpt lat="56.04243" lon="28.1216433">
        <ele>140.5</ele>
        <time>2022-02-05T10:51:21Z</time>
        <hdop>1.9</hdop>
        <extensions>
          <speed>0.671</speed>
        </extensions>
      </trkpt>
      <trkpt lat="56.0424683" lon="28.12158">
        <ele>139.2</ele>
        <time>2022-02-05T10:51:27Z</time>
        <hdop>1.8</hdop>
        <extensions>
          <speed>0.614</speed>
        </extensions>
      </trkpt>
      <trkpt lat="56.0425033" lon="28.1215283">
        <ele>138</ele>
        <time>2022-02-05T10:51:33Z</time>
        <hdop>1.7</hdop>
        <extensions>
          <speed>0.639</speed>
        </extensions>
      </trkpt>
      <trkpt lat="56.0425483" lon="28.1214967">
        <ele>137.3</ele>
        <time>2022-02-05T10:51:39Z</time>
        <hdop>1.8</hdop>
        <extensions>
          <speed>0.534</speed>
        </extensions>
      </trkpt>
      <trkpt lat="56.042585" lon="28.121425">
        <ele>135.8</ele>
        <time>2022-02-05T10:51:45Z</time>
        <hdop>1.8</hdop>
        <extensions>
          <speed>0.512</speed>
        </extensions>
      </trkpt>
      <trkpt lat="56.0426283" lon="28.1213667">
        <ele>135.4</ele>
        <time>2022-02-05T10:51:51Z</time>
        <hdop>1.7</hdop>
        <extensions>
          <speed>0.533</speed>
        </extensions>
      </trkpt>
      <trkpt lat="56.042655" lon="28.12133">
        <ele>134.8</ele>
        <time>2022-02-05T10:51:57Z</time>
        <hdop>1.7</hdop>
        <extensions>
          <speed>0.445</speed>
        </extensions>
      </trkpt>
      <trkpt lat="56.0426783" lon="28.1212717">
        <ele>134.6</ele>
        <time>2022-02-05T10:52:03Z</time>
        <hdop>1.8</hdop>
        <extensions>
          <speed>0.576</speed>
        </extensions>
      </trkpt>
      <trkpt lat="56.04269" lon="28.121195">
        <ele>135.1</ele>
        <time>2022-02-05T10:52:09Z</time>
        <hdop>1.9</hdop>
        <extensions>
          <speed>0.541</speed>
        </extensions>
      </trkpt>
      <trkpt lat="56.0427133" lon="28.1210817">
        <ele>135</ele>
        <time>2022-02-05T10:52:15Z</time>
        <hdop>1.7</hdop>
        <extensions>
          <speed>0.696</speed>
        </extensions>
      </trkpt>
      <trkpt lat="56.0427333" lon="28.1209983">
        <ele>135.5</ele>
        <time>2022-02-05T10:52:21Z</time>
        <hdop>1.7</hdop>
        <extensions>
          <speed>0.879</speed>
        </extensions>
      </trkpt>
      <trkpt lat="56.0427617" lon="28.1209333">
        <ele>135.3</ele>
        <time>2022-02-05T10:52:27Z</time>
        <hdop>1.7</hdop>
        <extensions>
          <speed>0.728</speed>
        </extensions>
      </trkpt>
      <trkpt lat="56.04281" lon="28.1208833">
        <ele>135.3</ele>
        <time>2022-02-05T10:52:33Z</time>
        <hdop>1.6</hdop>
        <extensions>
          <speed>0.795</speed>
        </extensions>
      </trkpt>
      <trkpt lat="56.0428667" lon="28.12087">
        <ele>135.3</ele>
        <time>2022-02-05T10:52:39Z</time>
        <hdop>1.6</hdop>
        <extensions>
          <speed>0.885</speed>
        </extensions>
      </trkpt>
      <trkpt lat="56.0429033" lon="28.1208333">
        <ele>134.9</ele>
        <time>2022-02-05T10:52:45Z</time>
        <hdop>1.6</hdop>
        <extensions>
          <speed>0.844</speed>
        </extensions>
      </trkpt>
      <trkpt lat="56.0429217" lon="28.1207583">
        <ele>135</ele>
        <time>2022-02-05T10:52:51Z</time>
        <hdop>1.7</hdop>
        <extensions>
          <speed>0.747</speed>
        </extensions>
      </trkpt>
      <trkpt lat="56.0429433" lon="28.1206817">
        <ele>134.5</ele>
        <time>2022-02-05T10:52:57Z</time>
        <hdop>1.7</hdop>
        <extensions>
          <speed>0.702</speed>
        </extensions>
      </trkpt>
      <trkpt lat="56.0429483" lon="28.1205983">
        <ele>134</ele>
        <time>2022-02-05T10:53:03Z</time>
        <hdop>1.7</hdop>
        <extensions>
          <speed>0.708</speed>
        </extensions>
      </trkpt>
      <trkpt lat="56.0429817" lon="28.1205667">
        <ele>133.4</ele>
        <time>2022-02-05T10:53:09Z</time>
        <hdop>1.8</hdop>
        <extensions>
          <speed>0.692</speed>
        </extensions>
      </trkpt>
      <trkpt lat="56.0430133" lon="28.1204967">
        <ele>132.6</ele>
        <time>2022-02-05T10:53:15Z</time>
        <hdop>1.8</hdop>
        <extensions>
          <speed>0.687</speed>
        </extensions>
      </trkpt>
      <trkpt lat="56.04305" lon="28.1204217">
        <ele>131.9</ele>
        <time>2022-02-05T10:53:21Z</time>
        <hdop>1.7</hdop>
        <extensions>
          <speed>0.7</speed>
        </extensions>
      </trkpt>
      <trkpt lat="56.04309" lon="28.1203433">
        <ele>133.2</ele>
        <time>2022-02-05T10:53:27Z</time>
        <hdop>1.6</hdop>
        <extensions>
          <speed>0.676</speed>
        </extensions>
      </trkpt>
      <trkpt lat="56.04311" lon="28.1202783">
        <ele>134.6</ele>
        <time>2022-02-05T10:53:33Z</time>
        <hdop>1.6</hdop>
        <extensions>
          <speed>0.498</speed>
        </extensions>
      </trkpt>
      <trkpt lat="56.043135" lon="28.120275">
        <ele>137</ele>
        <time>2022-02-05T10:54:00Z</time>
        <hdop>1.7</hdop>
        <extensions>
          <speed>0.279</speed>
        </extensions>
      </trkpt>
      <trkpt lat="56.0431133" lon="28.1201933">
        <ele>139.8</ele>
        <time>2022-02-05T10:55:22Z</time>
        <hdop>1.8</hdop>
        <extensions>
          <speed>0.468</speed>
        </extensions>
      </trkpt>
      <trkpt lat="56.0431133" lon="28.1202367">
        <ele>139.1</ele>
        <time>2022-02-05T10:55:27Z</time>
        <hdop>2.1</hdop>
        <extensions>
          <speed>0.7</speed>
        </extensions>
      </trkpt>
      <trkpt lat="56.0430967" lon="28.120265">
        <ele>138.4</ele>
        <time>2022-02-05T10:55:33Z</time>
        <hdop>2.2</hdop>
        <extensions>
          <speed>0.482</speed>
        </extensions>
      </trkpt>
      <trkpt lat="56.0431" lon="28.1203033">
        <ele>138</ele>
        <time>2022-02-05T10:55:39Z</time>
        <hdop>2.2</hdop>
      </trkpt>
      <trkpt lat="56.0431117" lon="28.1202783">
        <ele>136.7</ele>
        <time>2022-02-05T10:55:51Z</time>
        <hdop>2.5</hdop>
      </trkpt>
      <trkpt lat="56.04311" lon="28.120225">
        <ele>136.9</ele>
        <time>2022-02-05T10:56:00Z</time>
        <hdop>2.6</hdop>
      </trkpt>
      <trkpt lat="56.04313" lon="28.1202617">
        <ele>137.4</ele>
        <time>2022-02-05T10:56:06Z</time>
        <hdop>2.7</hdop>
      </trkpt>
      <trkpt lat="56.04312" lon="28.1202267">
        <ele>137</ele>
        <time>2022-02-05T10:56:12Z</time>
        <hdop>2.3</hdop>
        <extensions>
          <speed>0.649</speed>
        </extensions>
      </trkpt>
      <trkpt lat="56.043105" lon="28.12025">
        <ele>136.6</ele>
        <time>2022-02-05T10:56:17Z</time>
        <hdop>2.3</hdop>
      </trkpt>
      <trkpt lat="56.0431283" lon="28.1202583">
        <ele>134.5</ele>
        <time>2022-02-05T10:56:51Z</time>
        <hdop>1.5</hdop>
        <extensions>
          <speed>0.302</speed>
        </extensions>
      </trkpt>
      <trkpt lat="56.04316" lon="28.12028">
        <ele>143.2</ele>
        <time>2022-02-05T11:02:20Z</time>
        <hdop>1.6</hdop>
        <extensions>
          <speed>0.227</speed>
        </extensions>
      </trkpt>
      <trkpt lat="56.0431533" lon="28.1202383">
        <ele>148.5</ele>
        <time>2022-02-05T11:05:39Z</time>
        <hdop>1.3</hdop>
        <extensions>
          <speed>0.322</speed>
        </extensions>
      </trkpt>
      <trkpt lat="56.0432033" lon="28.120175">
        <ele>147.5</ele>
        <time>2022-02-05T11:05:45Z</time>
        <hdop>1.7</hdop>
        <extensions>
          <speed>0.675</speed>
        </extensions>
      </trkpt>
      <trkpt lat="56.0432583" lon="28.120135">
        <ele>146.7</ele>
        <time>2022-02-05T11:05:51Z</time>
        <hdop>1.6</hdop>
        <extensions>
          <speed>0.826</speed>
        </extensions>
      </trkpt>
      <trkpt lat="56.04332" lon="28.1200883">
        <ele>145.8</ele>
        <time>2022-02-05T11:05:57Z</time>
        <hdop>1.7</hdop>
        <extensions>
          <speed>0.902</speed>
        </extensions>
      </trkpt>
      <trkpt lat="56.0433583" lon="28.1200317">
        <ele>145.4</ele>
        <time>2022-02-05T11:06:03Z</time>
        <hdop>1.6</hdop>
        <extensions>
          <speed>0.912</speed>
        </extensions>
      </trkpt>
      <trkpt lat="56.0434083" lon="28.12001">
        <ele>144.8</ele>
        <time>2022-02-05T11:06:09Z</time>
        <hdop>1.6</hdop>
        <extensions>
          <speed>0.845</speed>
        </extensions>
      </trkpt>
      <trkpt lat="56.043455" lon="28.11996">
        <ele>144.2</ele>
        <time>2022-02-05T11:06:15Z</time>
        <hdop>1.5</hdop>
        <extensions>
          <speed>0.792</speed>
        </extensions>
      </trkpt>
      <trkpt lat="56.0434883" lon="28.1199">
        <ele>143.9</ele>
        <time>2022-02-05T11:06:21Z</time>
        <hdop>1.5</hdop>
        <extensions>
          <speed>0.825</speed>
        </extensions>
      </trkpt>
      <trkpt lat="56.0435317" lon="28.1198583">
        <ele>143.7</ele>
        <time>2022-02-05T11:06:27Z</time>
        <hdop>1.6</hdop>
        <extensions>
          <speed>0.844</speed>
        </extensions>
      </trkpt>
      <trkpt lat="56.0435717" lon="28.1198">
        <ele>143.6</ele>
        <time>2022-02-05T11:06:33Z</time>
        <hdop>1.6</hdop>
        <extensions>
          <speed>0.894</speed>
        </extensions>
      </trkpt>
      <trkpt lat="56.0436" lon="28.1197283">
        <ele>143.6</ele>
        <time>2022-02-05T11:06:39Z</time>
        <hdop>1.6</hdop>
        <extensions>
          <speed>0.866</speed>
        </extensions>
      </trkpt>
      <trkpt lat="56.0436367" lon="28.119655">
        <ele>143.2</ele>
        <time>2022-02-05T11:06:45Z</time>
        <hdop>1.6</hdop>
        <extensions>
          <speed>0.825</speed>
        </extensions>
      </trkpt>
      <trkpt lat="56.0436783" lon="28.1196167">
        <ele>143.5</ele>
        <time>2022-02-05T11:06:51Z</time>
        <hdop>1.6</hdop>
        <extensions>
          <speed>0.812</speed>
        </extensions>
      </trkpt>
      <trkpt lat="56.0437183" lon="28.1195717">
        <ele>144.1</ele>
        <time>2022-02-05T11:06:57Z</time>
        <hdop>1.6</hdop>
        <extensions>
          <speed>0.711</speed>
        </extensions>
      </trkpt>
      <trkpt lat="56.0437683" lon="28.1195183">
        <ele>144.9</ele>
        <time>2022-02-05T11:07:03Z</time>
        <hdop>1.6</hdop>
        <extensions>
          <speed>0.803</speed>
        </extensions>
      </trkpt>
      <trkpt lat="56.0438017" lon="28.1194533">
        <ele>146</ele>
        <time>2022-02-05T11:07:09Z</time>
        <hdop>1.6</hdop>
        <extensions>
          <speed>0.775</speed>
        </extensions>
      </trkpt>
      <trkpt lat="56.0438417" lon="28.1194033">
        <ele>146.6</ele>
        <time>2022-02-05T11:07:15Z</time>
        <hdop>1.6</hdop>
        <extensions>
          <speed>0.712</speed>
        </extensions>
      </trkpt>
      <trkpt lat="56.0439" lon="28.11937">
        <ele>147.3</ele>
        <time>2022-02-05T11:07:21Z</time>
        <hdop>1.6</hdop>
        <extensions>
          <speed>0.838</speed>
        </extensions>
      </trkpt>
      <trkpt lat="56.04394" lon="28.1193117">
        <ele>148.2</ele>
        <time>2022-02-05T11:07:27Z</time>
        <hdop>1.6</hdop>
        <extensions>
          <speed>0.887</speed>
        </extensions>
      </trkpt>
      <trkpt lat="56.0439783" lon="28.1192567">
        <ele>148.2</ele>
        <time>2022-02-05T11:07:33Z</time>
        <hdop>1.6</hdop>
        <extensions>
          <speed>0.719</speed>
        </extensions>
      </trkpt>
      <trkpt lat="56.04403" lon="28.1192333">
        <ele>148.8</ele>
        <time>2022-02-05T11:07:39Z</time>
        <hdop>1.6</hdop>
        <extensions>
          <speed>0.74</speed>
        </extensions>
      </trkpt>
      <trkpt lat="56.0440683" lon="28.11917">
        <ele>149.9</ele>
        <time>2022-02-05T11:07:45Z</time>
        <hdop>1.5</hdop>
        <extensions>
          <speed>0.803</speed>
        </extensions>
      </trkpt>
      <trkpt lat="56.044105" lon="28.119095">
        <ele>150.4</ele>
        <time>2022-02-05T11:07:51Z</time>
        <hdop>1.5</hdop>
        <extensions>
          <speed>0.866</speed>
        </extensions>
      </trkpt>
      <trkpt lat="56.044135" lon="28.1190233">
        <ele>150.7</ele>
        <time>2022-02-05T11:07:57Z</time>
        <hdop>1.6</hdop>
        <extensions>
          <speed>0.845</speed>
        </extensions>
      </trkpt>
      <trkpt lat="56.044175" lon="28.1189517">
        <ele>150.6</ele>
        <time>2022-02-05T11:08:03Z</time>
        <hdop>1.6</hdop>
        <extensions>
          <speed>0.878</speed>
        </extensions>
      </trkpt>
      <trkpt lat="56.04421" lon="28.11887">
        <ele>150.3</ele>
        <time>2022-02-05T11:08:09Z</time>
        <hdop>1.5</hdop>
        <extensions>
          <speed>0.868</speed>
        </extensions>
      </trkpt>
      <trkpt lat="56.044225" lon="28.11877">
        <ele>150.4</ele>
        <time>2022-02-05T11:08:15Z</time>
        <hdop>1.5</hdop>
        <extensions>
          <speed>0.842</speed>
        </extensions>
      </trkpt>
      <trkpt lat="56.0442517" lon="28.1187">
        <ele>150.5</ele>
        <time>2022-02-05T11:08:21Z</time>
        <hdop>1.5</hdop>
        <extensions>
          <speed>0.872</speed>
        </extensions>
      </trkpt>
      <trkpt lat="56.044275" lon="28.1186283">
        <ele>150.7</ele>
        <time>2022-02-05T11:08:27Z</time>
        <hdop>1.6</hdop>
        <extensions>
          <speed>0.789</speed>
        </extensions>
      </trkpt>
      <trkpt lat="56.044315" lon="28.11855">
        <ele>151.1</ele>
        <time>2022-02-05T11:08:33Z</time>
        <hdop>1.6</hdop>
        <extensions>
          <speed>0.809</speed>
        </extensions>
      </trkpt>
      <trkpt lat="56.0443433" lon="28.11848">
        <ele>151</ele>
        <time>2022-02-05T11:08:39Z</time>
        <hdop>1.5</hdop>
        <extensions>
          <speed>0.7</speed>
        </extensions>
      </trkpt>
      <trkpt lat="56.04436" lon="28.1183983">
        <ele>151.4</ele>
        <time>2022-02-05T11:08:45Z</time>
        <hdop>1.6</hdop>
        <extensions>
          <speed>0.723</speed>
        </extensions>
      </trkpt>
      <trkpt lat="56.0443733" lon="28.1183083">
        <ele>152</ele>
        <time>2022-02-05T11:08:51Z</time>
        <hdop>1.7</hdop>
        <extensions>
          <speed>0.828</speed>
        </extensions>
      </trkpt>
      <trkpt lat="56.0443867" lon="28.11823">
        <ele>152.7</ele>
        <time>2022-02-05T11:08:57Z</time>
        <hdop>1.6</hdop>
        <extensions>
          <speed>0.75</speed>
        </extensions>
      </trkpt>
      <trkpt lat="56.0444017" lon="28.1181583">
        <ele>152.8</ele>
        <time>2022-02-05T11:09:03Z</time>
        <hdop>1.6</hdop>
        <extensions>
          <speed>0.713</speed>
        </extensions>
      </trkpt>
      <trkpt lat="56.0444233" lon="28.11808">
        <ele>153</ele>
        <time>2022-02-05T11:09:09Z</time>
        <hdop>1.8</hdop>
        <extensions>
          <speed>0.683</speed>
        </extensions>
      </trkpt>
      <trkpt lat="56.044465" lon="28.1180033">
        <ele>153.4</ele>
        <time>2022-02-05T11:09:16Z</time>
        <hdop>1.5</hdop>
        <extensions>
          <speed>0.822</speed>
        </extensions>
      </trkpt>
      <trkpt lat="56.0445117" lon="28.117955">
        <ele>153.4</ele>
        <time>2022-02-05T11:09:21Z</time>
        <hdop>1.6</hdop>
        <extensions>
          <speed>1.034</speed>
        </extensions>
      </trkpt>
      <trkpt lat="56.0445533" lon="28.1179033">
        <ele>151.6</ele>
        <time>2022-02-05T11:09:27Z</time>
        <hdop>1.5</hdop>
        <extensions>
          <speed>0.845</speed>
        </extensions>
      </trkpt>
      <trkpt lat="56.044585" lon="28.1178483">
        <ele>150.4</ele>
        <time>2022-02-05T11:09:33Z</time>
        <hdop>1.6</hdop>
        <extensions>
          <speed>0.675</speed>
        </extensions>
      </trkpt>
      <trkpt lat="56.0446117" lon="28.117745">
        <ele>149</ele>
        <time>2022-02-05T11:09:39Z</time>
        <hdop>1.4</hdop>
        <extensions>
          <speed>0.728</speed>
        </extensions>
      </trkpt>
      <trkpt lat="56.0446517" lon="28.117695">
        <ele>147.8</ele>
        <time>2022-02-05T11:09:45Z</time>
        <hdop>1.5</hdop>
        <extensions>
          <speed>0.847</speed>
        </extensions>
      </trkpt>
      <trkpt lat="56.0446883" lon="28.11764">
        <ele>147.6</ele>
        <time>2022-02-05T11:09:51Z</time>
        <hdop>1.4</hdop>
        <extensions>
          <speed>0.777</speed>
        </extensions>
      </trkpt>
      <trkpt lat="56.044725" lon="28.1175633">
        <ele>147</ele>
        <time>2022-02-05T11:09:57Z</time>
        <hdop>1.5</hdop>
        <extensions>
          <speed>0.919</speed>
        </extensions>
      </trkpt>
      <trkpt lat="56.04476" lon="28.1175317">
        <ele>146.9</ele>
        <time>2022-02-05T11:10:03Z</time>
        <hdop>1.5</hdop>
        <extensions>
          <speed>0.883</speed>
        </extensions>
      </trkpt>
      <trkpt lat="56.0448117" lon="28.1175133">
        <ele>147</ele>
        <time>2022-02-05T11:10:09Z</time>
        <hdop>1.5</hdop>
        <extensions>
          <speed>0.808</speed>
        </extensions>
      </trkpt>
      <trkpt lat="56.0448567" lon="28.11747">
        <ele>147.2</ele>
        <time>2022-02-05T11:10:15Z</time>
        <hdop>1.5</hdop>
        <extensions>
          <speed>0.86</speed>
        </extensions>
      </trkpt>
      <trkpt lat="56.0448967" lon="28.1174267">
        <ele>147.4</ele>
        <time>2022-02-05T11:10:21Z</time>
        <hdop>1.5</hdop>
        <extensions>
          <speed>0.943</speed>
        </extensions>
      </trkpt>
      <trkpt lat="56.0449367" lon="28.1174017">
        <ele>147.9</ele>
        <time>2022-02-05T11:10:27Z</time>
        <hdop>1.5</hdop>
        <extensions>
          <speed>0.858</speed>
        </extensions>
      </trkpt>
      <trkpt lat="56.044995" lon="28.1173733">
        <ele>148.3</ele>
        <time>2022-02-05T11:10:33Z</time>
        <hdop>1.5</hdop>
        <extensions>
          <speed>0.904</speed>
        </extensions>
      </trkpt>
      <trkpt lat="56.045035" lon="28.1173433">
        <ele>147.9</ele>
        <time>2022-02-05T11:10:39Z</time>
        <hdop>1.5</hdop>
        <extensions>
          <speed>0.922</speed>
        </extensions>
      </trkpt>
      <trkpt lat="56.0450733" lon="28.1172883">
        <ele>148.2</ele>
        <time>2022-02-05T11:10:45Z</time>
        <hdop>1.5</hdop>
        <extensions>
          <speed>0.82</speed>
        </extensions>
      </trkpt>
      <trkpt lat="56.0451283" lon="28.11725">
        <ele>148.5</ele>
        <time>2022-02-05T11:10:51Z</time>
        <hdop>1.5</hdop>
        <extensions>
          <speed>0.823</speed>
        </extensions>
      </trkpt>
      <trkpt lat="56.0451767" lon="28.1172283">
        <ele>149.3</ele>
        <time>2022-02-05T11:10:57Z</time>
        <hdop>1.4</hdop>
        <extensions>
          <speed>0.874</speed>
        </extensions>
      </trkpt>
      <trkpt lat="56.04522" lon="28.1171883">
        <ele>150</ele>
        <time>2022-02-05T11:11:03Z</time>
        <hdop>1.5</hdop>
        <extensions>
          <speed>0.81</speed>
        </extensions>
      </trkpt>
      <trkpt lat="56.0452633" lon="28.1171583">
        <ele>150.4</ele>
        <time>2022-02-05T11:11:09Z</time>
        <hdop>1.5</hdop>
        <extensions>
          <speed>0.845</speed>
        </extensions>
      </trkpt>
      <trkpt lat="56.0453067" lon="28.1171217">
        <ele>150.7</ele>
        <time>2022-02-05T11:11:15Z</time>
        <hdop>1.4</hdop>
        <extensions>
          <speed>0.864</speed>
        </extensions>
      </trkpt>
      <trkpt lat="56.0453533" lon="28.11709">
        <ele>151</ele>
        <time>2022-02-05T11:11:21Z</time>
        <hdop>1.4</hdop>
        <extensions>
          <speed>0.875</speed>
        </extensions>
      </trkpt>
      <trkpt lat="56.0453967" lon="28.1170467">
        <ele>151.8</ele>
        <time>2022-02-05T11:11:27Z</time>
        <hdop>1.4</hdop>
        <extensions>
          <speed>0.777</speed>
        </extensions>
      </trkpt>
      <trkpt lat="56.045445" lon="28.1169967">
        <ele>152.2</ele>
        <time>2022-02-05T11:11:33Z</time>
        <hdop>1.4</hdop>
        <extensions>
          <speed>0.833</speed>
        </extensions>
      </trkpt>
      <trkpt lat="56.0454917" lon="28.116955">
        <ele>152.6</ele>
        <time>2022-02-05T11:11:39Z</time>
        <hdop>1.5</hdop>
        <extensions>
          <speed>0.875</speed>
        </extensions>
      </trkpt>
      <trkpt lat="56.0455417" lon="28.1169267">
        <ele>152.7</ele>
        <time>2022-02-05T11:11:45Z</time>
        <hdop>1.4</hdop>
        <extensions>
          <speed>0.892</speed>
        </extensions>
      </trkpt>
      <trkpt lat="56.045605" lon="28.1169033">
        <ele>152.7</ele>
        <time>2022-02-05T11:11:51Z</time>
        <hdop>1.5</hdop>
        <extensions>
          <speed>1.042</speed>
        </extensions>
      </trkpt>
      <trkpt lat="56.0456617" lon="28.1168767">
        <ele>151.8</ele>
        <time>2022-02-05T11:11:57Z</time>
        <hdop>1.5</hdop>
        <extensions>
          <speed>1.018</speed>
        </extensions>
      </trkpt>
      <trkpt lat="56.0457083" lon="28.1168283">
        <ele>151.1</ele>
        <time>2022-02-05T11:12:03Z</time>
        <hdop>1.5</hdop>
        <extensions>
          <speed>0.878</speed>
        </extensions>
      </trkpt>
      <trkpt lat="56.045765" lon="28.116815">
        <ele>151.3</ele>
        <time>2022-02-05T11:12:09Z</time>
        <hdop>1.5</hdop>
        <extensions>
          <speed>0.937</speed>
        </extensions>
      </trkpt>
      <trkpt lat="56.04581" lon="28.116775">
        <ele>150.7</ele>
        <time>2022-02-05T11:12:15Z</time>
        <hdop>1.7</hdop>
        <extensions>
          <speed>0.915</speed>
        </extensions>
      </trkpt>
      <trkpt lat="56.0458633" lon="28.1167467">
        <ele>150.6</ele>
        <time>2022-02-05T11:12:21Z</time>
        <hdop>1.6</hdop>
        <extensions>
          <speed>0.936</speed>
        </extensions>
      </trkpt>
      <trkpt lat="56.0459017" lon="28.11669">
        <ele>150</ele>
        <time>2022-02-05T11:12:27Z</time>
        <hdop>1.6</hdop>
        <extensions>
          <speed>0.85</speed>
        </extensions>
      </trkpt>
      <trkpt lat="56.0459483" lon="28.1166433">
        <ele>148.9</ele>
        <time>2022-02-05T11:12:33Z</time>
        <hdop>1.6</hdop>
        <extensions>
          <speed>0.887</speed>
        </extensions>
      </trkpt>
      <trkpt lat="56.0459883" lon="28.1165983">
        <ele>147.7</ele>
        <time>2022-02-05T11:12:39Z</time>
        <hdop>1.4</hdop>
        <extensions>
          <speed>0.891</speed>
        </extensions>
      </trkpt>
      <trkpt lat="56.04603" lon="28.11655">
        <ele>147.3</ele>
        <time>2022-02-05T11:12:45Z</time>
        <hdop>1.4</hdop>
        <extensions>
          <speed>0.867</speed>
        </extensions>
      </trkpt>
      <trkpt lat="56.046065" lon="28.1165067">
        <ele>147.1</ele>
        <time>2022-02-05T11:12:51Z</time>
        <hdop>1.4</hdop>
        <extensions>
          <speed>0.815</speed>
        </extensions>
      </trkpt>
      <trkpt lat="56.04609" lon="28.1164467">
        <ele>147</ele>
        <time>2022-02-05T11:12:57Z</time>
        <hdop>1.4</hdop>
        <extensions>
          <speed>0.801</speed>
        </extensions>
      </trkpt>
      <trkpt lat="56.0461033" lon="28.11636">
        <ele>147.3</ele>
        <time>2022-02-05T11:13:03Z</time>
        <hdop>1.4</hdop>
        <extensions>
          <speed>0.827</speed>
        </extensions>
      </trkpt>
      <trkpt lat="56.046115" lon="28.1162817">
        <ele>148</ele>
        <time>2022-02-05T11:13:09Z</time>
        <hdop>1.4</hdop>
        <extensions>
          <speed>0.784</speed>
        </extensions>
      </trkpt>
      <trkpt lat="56.04613" lon="28.1161983">
        <ele>149.2</ele>
        <time>2022-02-05T11:13:15Z</time>
        <hdop>1.4</hdop>
        <extensions>
          <speed>0.719</speed>
        </extensions>
      </trkpt>
      <trkpt lat="56.0461483" lon="28.116115">
        <ele>150.2</ele>
        <time>2022-02-05T11:13:21Z</time>
        <hdop>1.4</hdop>
        <extensions>
          <speed>0.818</speed>
        </extensions>
      </trkpt>
      <trkpt lat="56.0461583" lon="28.11602">
        <ele>151</ele>
        <time>2022-02-05T11:13:27Z</time>
        <hdop>1.4</hdop>
        <extensions>
          <speed>0.901</speed>
        </extensions>
      </trkpt>
      <trkpt lat="56.04617" lon="28.1159517">
        <ele>151.3</ele>
        <time>2022-02-05T11:13:33Z</time>
        <hdop>1.4</hdop>
        <extensions>
          <speed>0.869</speed>
        </extensions>
      </trkpt>
      <trkpt lat="56.0461767" lon="28.1158733">
        <ele>151.6</ele>
        <time>2022-02-05T11:13:39Z</time>
        <hdop>1.4</hdop>
        <extensions>
          <speed>0.786</speed>
        </extensions>
      </trkpt>
      <trkpt lat="56.0461933" lon="28.1157867">
        <ele>152.1</ele>
        <time>2022-02-05T11:13:45Z</time>
        <hdop>1.4</hdop>
        <extensions>
          <speed>0.923</speed>
        </extensions>
      </trkpt>
      <trkpt lat="56.0462167" lon="28.1157083">
        <ele>152.3</ele>
        <time>2022-02-05T11:13:51Z</time>
        <hdop>1.4</hdop>
        <extensions>
          <speed>0.959</speed>
        </extensions>
      </trkpt>
      <trkpt lat="56.0462367" lon="28.1156383">
        <ele>152.4</ele>
        <time>2022-02-05T11:13:57Z</time>
        <hdop>1.4</hdop>
        <extensions>
          <speed>0.822</speed>
        </extensions>
      </trkpt>
      <trkpt lat="56.0462533" lon="28.1155467">
        <ele>152.9</ele>
        <time>2022-02-05T11:14:03Z</time>
        <hdop>1.4</hdop>
        <extensions>
          <speed>0.8</speed>
        </extensions>
      </trkpt>
      <trkpt lat="56.0462817" lon="28.1154733">
        <ele>153.1</ele>
        <time>2022-02-05T11:14:09Z</time>
        <hdop>1.4</hdop>
        <extensions>
          <speed>0.863</speed>
        </extensions>
      </trkpt>
      <trkpt lat="56.0463067" lon="28.11541">
        <ele>153.1</ele>
        <time>2022-02-05T11:14:15Z</time>
        <hdop>1.4</hdop>
        <extensions>
          <speed>0.811</speed>
        </extensions>
      </trkpt>
      <trkpt lat="56.0463333" lon="28.1153367">
        <ele>153.4</ele>
        <time>2022-02-05T11:14:21Z</time>
        <hdop>1.5</hdop>
        <extensions>
          <speed>0.833</speed>
        </extensions>
      </trkpt>
      <trkpt lat="56.0463533" lon="28.1152583">
        <ele>153.9</ele>
        <time>2022-02-05T11:14:26Z</time>
        <hdop>1.5</hdop>
        <extensions>
          <speed>0.957</speed>
        </extensions>
      </trkpt>
      <trkpt lat="56.0463867" lon="28.1152">
        <ele>154</ele>
        <time>2022-02-05T11:14:32Z</time>
        <hdop>1.6</hdop>
        <extensions>
          <speed>0.919</speed>
        </extensions>
      </trkpt>
      <trkpt lat="56.0464017" lon="28.1151517">
        <ele>154.5</ele>
        <time>2022-02-05T11:14:37Z</time>
        <hdop>1.7</hdop>
        <extensions>
          <speed>0.614</speed>
        </extensions>
      </trkpt>
      <trkpt lat="56.046425" lon="28.1150583">
        <ele>154.5</ele>
        <time>2022-02-05T11:14:43Z</time>
        <hdop>1.5</hdop>
        <extensions>
          <speed>0.74</speed>
        </extensions>
      </trkpt>
      <trkpt lat="56.04646" lon="28.1149817">
        <ele>154.4</ele>
        <time>2022-02-05T11:14:49Z</time>
        <hdop>1.5</hdop>
        <extensions>
          <speed>1</speed>
        </extensions>
      </trkpt>
      <trkpt lat="56.0464883" lon="28.1149017">
        <ele>153.7</ele>
        <time>2022-02-05T11:14:55Z</time>
        <hdop>1.5</hdop>
        <extensions>
          <speed>0.915</speed>
        </extensions>
      </trkpt>
      <trkpt lat="56.046525" lon="28.1148317">
        <ele>153.8</ele>
        <time>2022-02-05T11:15:01Z</time>
        <hdop>1.4</hdop>
        <extensions>
          <speed>0.898</speed>
        </extensions>
      </trkpt>
      <trkpt lat="56.046555" lon="28.11477">
        <ele>153.8</ele>
        <time>2022-02-05T11:15:06Z</time>
        <hdop>1.4</hdop>
        <extensions>
          <speed>0.932</speed>
        </extensions>
      </trkpt>
      <trkpt lat="56.0465867" lon="28.1146983">
        <ele>153.6</ele>
        <time>2022-02-05T11:15:11Z</time>
        <hdop>1.5</hdop>
        <extensions>
          <speed>1.041</speed>
        </extensions>
      </trkpt>
      <trkpt lat="56.0466183" lon="28.1146267">
        <ele>153.2</ele>
        <time>2022-02-05T11:15:16Z</time>
        <hdop>1.5</hdop>
        <extensions>
          <speed>1.127</speed>
        </extensions>
      </trkpt>
      <trkpt lat="56.04664" lon="28.1145683">
        <ele>153.1</ele>
        <time>2022-02-05T11:15:21Z</time>
        <hdop>1.5</hdop>
        <extensions>
          <speed>0.959</speed>
        </extensions>
      </trkpt>
      <trkpt lat="56.04666" lon="28.1145233">
        <ele>153.2</ele>
        <time>2022-02-05T11:15:27Z</time>
        <hdop>1.5</hdop>
        <extensions>
          <speed>0.64</speed>
        </extensions>
      </trkpt>
      <trkpt lat="56.046675" lon="28.1144567">
        <ele>154</ele>
        <time>2022-02-05T11:15:33Z</time>
        <hdop>1.5</hdop>
        <extensions>
          <speed>0.576</speed>
        </extensions>
      </trkpt>
      <trkpt lat="56.0466917" lon="28.1144117">
        <ele>154.7</ele>
        <time>2022-02-05T11:15:39Z</time>
        <hdop>1.5</hdop>
        <extensions>
          <speed>0.534</speed>
        </extensions>
      </trkpt>
      <trkpt lat="56.0467267" lon="28.1143583">
        <ele>155.6</ele>
        <time>2022-02-05T11:15:45Z</time>
        <hdop>1.5</hdop>
        <extensions>
          <speed>0.671</speed>
        </extensions>
      </trkpt>
      <trkpt lat="56.0467417" lon="28.11433">
        <ele>156.1</ele>
        <time>2022-02-05T11:16:09Z</time>
        <hdop>1.2</hdop>
        <extensions>
          <speed>0.3</speed>
        </extensions>
      </trkpt>
      <trkpt lat="56.04676" lon="28.1143083">
        <ele>156.5</ele>
        <time>2022-02-05T11:18:07Z</time>
        <hdop>1.4</hdop>
      </trkpt>
      <trkpt lat="56.046785" lon="28.11429">
        <ele>155.9</ele>
        <time>2022-02-05T11:18:12Z</time>
        <hdop>1.4</hdop>
        <extensions>
          <speed>0.513</speed>
        </extensions>
      </trkpt>
      <trkpt lat="56.0468033" lon="28.1142667">
        <ele>155.3</ele>
        <time>2022-02-05T11:18:17Z</time>
        <hdop>1.4</hdop>
        <extensions>
          <speed>0.587</speed>
        </extensions>
      </trkpt>
      <trkpt lat="56.0468517" lon="28.114255">
        <ele>154.5</ele>
        <time>2022-02-05T11:18:22Z</time>
        <hdop>1.5</hdop>
        <extensions>
          <speed>0.816</speed>
        </extensions>
      </trkpt>
      <trkpt lat="56.0468967" lon="28.1142617">
        <ele>154.1</ele>
        <time>2022-02-05T11:18:27Z</time>
        <hdop>1.5</hdop>
        <extensions>
          <speed>1.053</speed>
        </extensions>
      </trkpt>
      <trkpt lat="56.0469517" lon="28.11427">
        <ele>153.7</ele>
        <time>2022-02-05T11:18:33Z</time>
        <hdop>1.5</hdop>
        <extensions>
          <speed>1.032</speed>
        </extensions>
      </trkpt>
      <trkpt lat="56.0470167" lon="28.1142717">
        <ele>153</ele>
        <time>2022-02-05T11:18:39Z</time>
        <hdop>1.5</hdop>
        <extensions>
          <speed>1.094</speed>
        </extensions>
      </trkpt>
      <trkpt lat="56.04708" lon="28.1142667">
        <ele>152.7</ele>
        <time>2022-02-05T11:18:45Z</time>
        <hdop>1.5</hdop>
        <extensions>
          <speed>1.125</speed>
        </extensions>
      </trkpt>
      <trkpt lat="56.0471433" lon="28.11425">
        <ele>151.8</ele>
        <time>2022-02-05T11:18:51Z</time>
        <hdop>1.5</hdop>
        <extensions>
          <speed>1.081</speed>
        </extensions>
      </trkpt>
      <trkpt lat="56.0472117" lon="28.1142217">
        <ele>152.1</ele>
        <time>2022-02-05T11:18:57Z</time>
        <hdop>1.5</hdop>
        <extensions>
          <speed>1.031</speed>
        </extensions>
      </trkpt>
      <trkpt lat="56.04726" lon="28.1142233">
        <ele>152</ele>
        <time>2022-02-05T11:19:03Z</time>
        <hdop>1.5</hdop>
        <extensions>
          <speed>0.945</speed>
        </extensions>
      </trkpt>
      <trkpt lat="56.0473217" lon="28.1142067">
        <ele>150.7</ele>
        <time>2022-02-05T11:19:09Z</time>
        <hdop>1.6</hdop>
        <extensions>
          <speed>0.948</speed>
        </extensions>
      </trkpt>
      <trkpt lat="56.0473883" lon="28.11421">
        <ele>149.5</ele>
        <time>2022-02-05T11:19:15Z</time>
        <hdop>1.5</hdop>
        <extensions>
          <speed>1.018</speed>
        </extensions>
      </trkpt>
      <trkpt lat="56.0474533" lon="28.1141817">
        <ele>147.9</ele>
        <time>2022-02-05T11:19:21Z</time>
        <hdop>1.7</hdop>
        <extensions>
          <speed>0.962</speed>
        </extensions>
      </trkpt>
      <trkpt lat="56.0475133" lon="28.114145">
        <ele>146.9</ele>
        <time>2022-02-05T11:19:27Z</time>
        <hdop>1.6</hdop>
        <extensions>
          <speed>0.88</speed>
        </extensions>
      </trkpt>
      <trkpt lat="56.0475733" lon="28.1141">
        <ele>147.4</ele>
        <time>2022-02-05T11:19:33Z</time>
        <hdop>1.6</hdop>
        <extensions>
          <speed>1.033</speed>
        </extensions>
      </trkpt>
      <trkpt lat="56.04763" lon="28.1140633">
        <ele>147.8</ele>
        <time>2022-02-05T11:19:39Z</time>
        <hdop>1.6</hdop>
        <extensions>
          <speed>0.916</speed>
        </extensions>
      </trkpt>
      <trkpt lat="56.0476867" lon="28.114005">
        <ele>147.9</ele>
        <time>2022-02-05T11:19:45Z</time>
        <hdop>1.6</hdop>
        <extensions>
          <speed>1.017</speed>
        </extensions>
      </trkpt>
      <trkpt lat="56.0477583" lon="28.113975">
        <ele>148.9</ele>
        <time>2022-02-05T11:19:51Z</time>
        <hdop>1.6</hdop>
        <extensions>
          <speed>1.22</speed>
        </extensions>
      </trkpt>
      <trkpt lat="56.047815" lon="28.11394">
        <ele>148.5</ele>
        <time>2022-02-05T11:19:57Z</time>
        <hdop>1.6</hdop>
        <extensions>
          <speed>1.193</speed>
        </extensions>
      </trkpt>
      <trkpt lat="56.0478817" lon="28.1139067">
        <ele>148.3</ele>
        <time>2022-02-05T11:20:03Z</time>
        <hdop>1.5</hdop>
        <extensions>
          <speed>1.103</speed>
        </extensions>
      </trkpt>
      <trkpt lat="56.0479367" lon="28.1138817">
        <ele>147.7</ele>
        <time>2022-02-05T11:20:09Z</time>
        <hdop>1.5</hdop>
        <extensions>
          <speed>0.936</speed>
        </extensions>
      </trkpt>
      <trkpt lat="56.0479867" lon="28.113855">
        <ele>147.2</ele>
        <time>2022-02-05T11:20:15Z</time>
        <hdop>1.5</hdop>
        <extensions>
          <speed>1.037</speed>
        </extensions>
      </trkpt>
      <trkpt lat="56.048035" lon="28.1138317">
        <ele>147.2</ele>
        <time>2022-02-05T11:20:21Z</time>
        <hdop>1.6</hdop>
        <extensions>
          <speed>0.902</speed>
        </extensions>
      </trkpt>
      <trkpt lat="56.0480917" lon="28.1138017">
        <ele>148</ele>
        <time>2022-02-05T11:20:27Z</time>
        <hdop>1.5</hdop>
        <extensions>
          <speed>0.843</speed>
        </extensions>
      </trkpt>
      <trkpt lat="56.04814" lon="28.1137467">
        <ele>148.4</ele>
        <time>2022-02-05T11:20:33Z</time>
        <hdop>1.5</hdop>
        <extensions>
          <speed>0.905</speed>
        </extensions>
      </trkpt>
      <trkpt lat="56.04819" lon="28.1137233">
        <ele>149.9</ele>
        <time>2022-02-05T11:20:39Z</time>
        <hdop>1.4</hdop>
        <extensions>
          <speed>0.966</speed>
        </extensions>
      </trkpt>
      <trkpt lat="56.0482383" lon="28.1137333">
        <ele>150.5</ele>
        <time>2022-02-05T11:20:45Z</time>
        <hdop>1.5</hdop>
        <extensions>
          <speed>0.858</speed>
        </extensions>
      </trkpt>
      <trkpt lat="56.0482917" lon="28.1137317">
        <ele>152.3</ele>
        <time>2022-02-05T11:20:51Z</time>
        <hdop>1.5</hdop>
        <extensions>
          <speed>0.815</speed>
        </extensions>
      </trkpt>
      <trkpt lat="56.0483517" lon="28.113745">
        <ele>154</ele>
        <time>2022-02-05T11:20:57Z</time>
        <hdop>1.5</hdop>
        <extensions>
          <speed>0.932</speed>
        </extensions>
      </trkpt>
      <trkpt lat="56.0483983" lon="28.1137483">
        <ele>155.7</ele>
        <time>2022-02-05T11:21:03Z</time>
        <hdop>1.6</hdop>
        <extensions>
          <speed>0.963</speed>
        </extensions>
      </trkpt>
      <trkpt lat="56.0484417" lon="28.113745">
        <ele>157</ele>
        <time>2022-02-05T11:21:10Z</time>
        <hdop>1.5</hdop>
        <extensions>
          <speed>0.726</speed>
        </extensions>
      </trkpt>
      <trkpt lat="56.0484583" lon="28.1137617">
        <ele>156.9</ele>
        <time>2022-02-05T11:21:15Z</time>
        <hdop>2</hdop>
      </trkpt>
      <trkpt lat="56.0484933" lon="28.1137733">
        <ele>157.3</ele>
        <time>2022-02-05T11:21:20Z</time>
        <hdop>2.2</hdop>
        <extensions>
          <speed>0.709</speed>
        </extensions>
      </trkpt>
      <trkpt lat="56.0485767" lon="28.11378">
        <ele>156.9</ele>
        <time>2022-02-05T11:21:26Z</time>
        <hdop>1.8</hdop>
        <extensions>
          <speed>0.952</speed>
        </extensions>
      </trkpt>
      <trkpt lat="56.0486317" lon="28.1137817">
        <ele>154.9</ele>
        <time>2022-02-05T11:21:31Z</time>
        <hdop>2.1</hdop>
        <extensions>
          <speed>1.35</speed>
        </extensions>
      </trkpt>
      <trkpt lat="56.0486467" lon="28.1138167">
        <ele>152.4</ele>
        <time>2022-02-05T11:21:36Z</time>
        <hdop>1.9</hdop>
        <extensions>
          <speed>1.216</speed>
        </extensions>
      </trkpt>
      <trkpt lat="56.0487033" lon="28.1138317">
        <ele>151</ele>
        <time>2022-02-05T11:21:42Z</time>
        <hdop>1.8</hdop>
        <extensions>
          <speed>1.018</speed>
        </extensions>
      </trkpt>
      <trkpt lat="56.0487383" lon="28.1138767">
        <ele>149.6</ele>
        <time>2022-02-05T11:21:48Z</time>
        <hdop>1.8</hdop>
        <extensions>
          <speed>0.736</speed>
        </extensions>
      </trkpt>
      <trkpt lat="56.0487867" lon="28.1139033">
        <ele>148.9</ele>
        <time>2022-02-05T11:21:53Z</time>
        <hdop>1.7</hdop>
        <extensions>
          <speed>0.747</speed>
        </extensions>
      </trkpt>
      <trkpt lat="56.04886" lon="28.1139467">
        <ele>148.5</ele>
        <time>2022-02-05T11:21:59Z</time>
        <hdop>1.8</hdop>
        <extensions>
          <speed>1.178</speed>
        </extensions>
      </trkpt>
      <trkpt lat="56.048905" lon="28.1140017">
        <ele>147.2</ele>
        <time>2022-02-05T11:22:05Z</time>
        <hdop>1.7</hdop>
        <extensions>
          <speed>1.036</speed>
        </extensions>
      </trkpt>
      <trkpt lat="56.04895" lon="28.1140367">
        <ele>145.7</ele>
        <time>2022-02-05T11:22:11Z</time>
        <hdop>1.8</hdop>
        <extensions>
          <speed>0.879</speed>
        </extensions>
      </trkpt>
      <trkpt lat="56.04899" lon="28.1140833">
        <ele>144.7</ele>
        <time>2022-02-05T11:22:16Z</time>
        <hdop>1.8</hdop>
        <extensions>
          <speed>1.051</speed>
        </extensions>
      </trkpt>
      <trkpt lat="56.0490317" lon="28.1141083">
        <ele>144.5</ele>
        <time>2022-02-05T11:22:21Z</time>
        <hdop>1.8</hdop>
        <extensions>
          <speed>0.905</speed>
        </extensions>
      </trkpt>
      <trkpt lat="56.049095" lon="28.1141367">
        <ele>144.3</ele>
        <time>2022-02-05T11:22:27Z</time>
        <hdop>1.8</hdop>
        <extensions>
          <speed>0.771</speed>
        </extensions>
      </trkpt>
      <trkpt lat="56.0491467" lon="28.11415">
        <ele>143.7</ele>
        <time>2022-02-05T11:22:33Z</time>
        <hdop>1.7</hdop>
        <extensions>
          <speed>0.936</speed>
        </extensions>
      </trkpt>
      <trkpt lat="56.049195" lon="28.114195">
        <ele>143.1</ele>
        <time>2022-02-05T11:22:39Z</time>
        <hdop>1.8</hdop>
        <extensions>
          <speed>0.939</speed>
        </extensions>
      </trkpt>
      <trkpt lat="56.0492483" lon="28.11423">
        <ele>142.6</ele>
        <time>2022-02-05T11:22:45Z</time>
        <hdop>1.8</hdop>
        <extensions>
          <speed>1.013</speed>
        </extensions>
      </trkpt>
      <trkpt lat="56.0492933" lon="28.1142717">
        <ele>142.5</ele>
        <time>2022-02-05T11:22:51Z</time>
        <hdop>1.8</hdop>
        <extensions>
          <speed>0.853</speed>
        </extensions>
      </trkpt>
      <trkpt lat="56.04936" lon="28.114295">
        <ele>141.9</ele>
        <time>2022-02-05T11:22:57Z</time>
        <hdop>1.7</hdop>
        <extensions>
          <speed>1.054</speed>
        </extensions>
      </trkpt>
      <trkpt lat="56.0494167" lon="28.1143467">
        <ele>141.8</ele>
        <time>2022-02-05T11:23:03Z</time>
        <hdop>1.7</hdop>
        <extensions>
          <speed>1.151</speed>
        </extensions>
      </trkpt>
      <trkpt lat="56.0494683" lon="28.1144033">
        <ele>141.7</ele>
        <time>2022-02-05T11:23:09Z</time>
        <hdop>1.8</hdop>
        <extensions>
          <speed>0.98</speed>
        </extensions>
      </trkpt>
      <trkpt lat="56.0495183" lon="28.114465">
        <ele>141.7</ele>
        <time>2022-02-05T11:23:15Z</time>
        <hdop>1.8</hdop>
        <extensions>
          <speed>0.86</speed>
        </extensions>
      </trkpt>
      <trkpt lat="56.04958" lon="28.1145033">
        <ele>142.2</ele>
        <time>2022-02-05T11:23:21Z</time>
        <hdop>1.8</hdop>
        <extensions>
          <speed>1.024</speed>
        </extensions>
      </trkpt>
      <trkpt lat="56.0496233" lon="28.1145717">
        <ele>141.6</ele>
        <time>2022-02-05T11:23:27Z</time>
        <hdop>1.8</hdop>
        <extensions>
          <speed>1.084</speed>
        </extensions>
      </trkpt>
      <trkpt lat="56.04968" lon="28.1146333">
        <ele>142.1</ele>
        <time>2022-02-05T11:23:33Z</time>
        <hdop>1.7</hdop>
        <extensions>
          <speed>1.016</speed>
        </extensions>
      </trkpt>
      <trkpt lat="56.049745" lon="28.1146867">
        <ele>141.5</ele>
        <time>2022-02-05T11:23:39Z</time>
        <hdop>1.7</hdop>
        <extensions>
          <speed>1.106</speed>
        </extensions>
      </trkpt>
      <trkpt lat="56.0497917" lon="28.1147433">
        <ele>140.5</ele>
        <time>2022-02-05T11:23:45Z</time>
        <hdop>1.7</hdop>
        <extensions>
          <speed>0.958</speed>
        </extensions>
      </trkpt>
      <trkpt lat="56.049835" lon="28.1147967">
        <ele>139.2</ele>
        <time>2022-02-05T11:23:51Z</time>
        <hdop>1.7</hdop>
        <extensions>
          <speed>0.683</speed>
        </extensions>
      </trkpt>
      <trkpt lat="56.0498767" lon="28.1148367">
        <ele>138.2</ele>
        <time>2022-02-05T11:23:57Z</time>
        <hdop>1.7</hdop>
        <extensions>
          <speed>0.777</speed>
        </extensions>
      </trkpt>
      <trkpt lat="56.049925" lon="28.1149017">
        <ele>137.7</ele>
        <time>2022-02-05T11:24:03Z</time>
        <hdop>1.7</hdop>
        <extensions>
          <speed>0.933</speed>
        </extensions>
      </trkpt>
      <trkpt lat="56.049965" lon="28.1149533">
        <ele>136.8</ele>
        <time>2022-02-05T11:24:09Z</time>
        <hdop>1.7</hdop>
        <extensions>
          <speed>0.974</speed>
        </extensions>
      </trkpt>
      <trkpt lat="56.0499933" lon="28.1149967">
        <ele>136.9</ele>
        <time>2022-02-05T11:24:15Z</time>
        <hdop>1.7</hdop>
        <extensions>
          <speed>0.732</speed>
        </extensions>
      </trkpt>
      <trkpt lat="56.0500333" lon="28.1150417">
        <ele>136.9</ele>
        <time>2022-02-05T11:24:21Z</time>
        <hdop>1.7</hdop>
        <extensions>
          <speed>0.63</speed>
        </extensions>
      </trkpt>
      <trkpt lat="56.0500867" lon="28.1150683">
        <ele>137</ele>
        <time>2022-02-05T11:24:27Z</time>
        <hdop>1.7</hdop>
        <extensions>
          <speed>0.687</speed>
        </extensions>
      </trkpt>
      <trkpt lat="56.05013" lon="28.1151117">
        <ele>137.2</ele>
        <time>2022-02-05T11:24:33Z</time>
        <hdop>1.6</hdop>
        <extensions>
          <speed>0.66</speed>
        </extensions>
      </trkpt>
      <trkpt lat="56.050185" lon="28.1151433">
        <ele>138.5</ele>
        <time>2022-02-05T11:24:39Z</time>
        <hdop>1.6</hdop>
        <extensions>
          <speed>0.595</speed>
        </extensions>
      </trkpt>
      <trkpt lat="56.0502367" lon="28.1152117">
        <ele>140.1</ele>
        <time>2022-02-05T11:24:45Z</time>
        <hdop>1.6</hdop>
        <extensions>
          <speed>0.778</speed>
        </extensions>
      </trkpt>
      <trkpt lat="56.05029" lon="28.1152617">
        <ele>141.5</ele>
        <time>2022-02-05T11:24:51Z</time>
        <hdop>1.7</hdop>
        <extensions>
          <speed>0.929</speed>
        </extensions>
      </trkpt>
      <trkpt lat="56.0503333" lon="28.1153133">
        <ele>143.5</ele>
        <time>2022-02-05T11:24:57Z</time>
        <hdop>1.7</hdop>
        <extensions>
          <speed>0.929</speed>
        </extensions>
      </trkpt>
      <trkpt lat="56.0503767" lon="28.1153433">
        <ele>144.5</ele>
        <time>2022-02-05T11:25:03Z</time>
        <hdop>1.7</hdop>
        <extensions>
          <speed>0.896</speed>
        </extensions>
      </trkpt>
      <trkpt lat="56.05042" lon="28.115375">
        <ele>146</ele>
        <time>2022-02-05T11:25:09Z</time>
        <hdop>1.7</hdop>
        <extensions>
          <speed>0.876</speed>
        </extensions>
      </trkpt>
      <trkpt lat="56.0504917" lon="28.115375">
        <ele>147.7</ele>
        <time>2022-02-05T11:25:15Z</time>
        <hdop>1.7</hdop>
        <extensions>
          <speed>0.958</speed>
        </extensions>
      </trkpt>
      <trkpt lat="56.0505567" lon="28.1153933">
        <ele>149.1</ele>
        <time>2022-02-05T11:25:21Z</time>
        <hdop>1.6</hdop>
        <extensions>
          <speed>1.12</speed>
        </extensions>
      </trkpt>
      <trkpt lat="56.0506217" lon="28.1153933">
        <ele>150.6</ele>
        <time>2022-02-05T11:25:27Z</time>
        <hdop>1.7</hdop>
        <extensions>
          <speed>1.085</speed>
        </extensions>
      </trkpt>
      <trkpt lat="56.0506817" lon="28.11541">
        <ele>151.2</ele>
        <time>2022-02-05T11:25:33Z</time>
        <hdop>1.7</hdop>
        <extensions>
          <speed>1.048</speed>
        </extensions>
      </trkpt>
      <trkpt lat="56.0507167" lon="28.1154333">
        <ele>151.5</ele>
        <time>2022-02-05T11:25:39Z</time>
        <hdop>1.7</hdop>
        <extensions>
          <speed>0.919</speed>
        </extensions>
      </trkpt>
      <trkpt lat="56.05074" lon="28.11545">
        <ele>152.3</ele>
        <time>2022-02-05T11:25:45Z</time>
        <hdop>1.7</hdop>
        <extensions>
          <speed>0.678</speed>
        </extensions>
      </trkpt>
    </trkseg>
    <trkseg>
      <trkpt lat="56.0515767" lon="28.1156017">
        <ele>147.4</ele>
        <time>2022-02-05T11:44:13Z</time>
        <hdop>2.1</hdop>
        <extensions>
          <speed>0.144</speed>
        </extensions>
      </trkpt>
      <trkpt lat="56.051605" lon="28.1155917">
        <ele>147.5</ele>
        <time>2022-02-05T11:44:18Z</time>
        <hdop>1.6</hdop>
        <extensions>
          <speed>0.124</speed>
        </extensions>
      </trkpt>
      <trkpt lat="56.0516233" lon="28.1155867">
        <ele>148.9</ele>
        <time>2022-02-05T11:44:34Z</time>
        <hdop>1.5</hdop>
      </trkpt>
      <trkpt lat="56.0516383" lon="28.1155633">
        <ele>146.4</ele>
        <time>2022-02-05T11:45:36Z</time>
        <hdop>1.3</hdop>
      </trkpt>
      <trkpt lat="56.0516167" lon="28.1156167">
        <ele>149.9</ele>
        <time>2022-02-05T11:47:34Z</time>
        <hdop>1.7</hdop>
        <extensions>
          <speed>0.287</speed>
        </extensions>
      </trkpt>
      <trkpt lat="56.0516417" lon="28.11564">
        <ele>149.8</ele>
        <time>2022-02-05T11:48:22Z</time>
        <hdop>1.9</hdop>
        <extensions>
          <speed>0.242</speed>
        </extensions>
      </trkpt>
      <trkpt lat="56.0516417" lon="28.1156867">
        <ele>149.8</ele>
        <time>2022-02-05T11:48:30Z</time>
        <hdop>1.8</hdop>
        <extensions>
          <speed>0.446</speed>
        </extensions>
      </trkpt>
      <trkpt lat="56.051635" lon="28.1157567">
        <ele>150.2</ele>
        <time>2022-02-05T11:48:35Z</time>
        <hdop>1.7</hdop>
        <extensions>
          <speed>0.518</speed>
        </extensions>
      </trkpt>
      <trkpt lat="56.051625" lon="28.1158117">
        <ele>150.6</ele>
        <time>2022-02-05T11:48:40Z</time>
        <hdop>1.7</hdop>
        <extensions>
          <speed>0.627</speed>
        </extensions>
      </trkpt>
      <trkpt lat="56.0516067" lon="28.11589">
        <ele>151.1</ele>
        <time>2022-02-05T11:48:45Z</time>
        <hdop>1.7</hdop>
        <extensions>
          <speed>0.751</speed>
        </extensions>
      </trkpt>
      <trkpt lat="56.0515883" lon="28.1159683">
        <ele>151.4</ele>
        <time>2022-02-05T11:48:51Z</time>
        <hdop>1.8</hdop>
        <extensions>
          <speed>0.879</speed>
        </extensions>
      </trkpt>
      <trkpt lat="56.051595" lon="28.11604">
        <ele>151.2</ele>
        <time>2022-02-05T11:48:56Z</time>
        <hdop>1.8</hdop>
        <extensions>
          <speed>0.859</speed>
        </extensions>
      </trkpt>
      <trkpt lat="56.0515983" lon="28.11615">
        <ele>150.9</ele>
        <time>2022-02-05T11:49:02Z</time>
        <hdop>1.9</hdop>
        <extensions>
          <speed>0.941</speed>
        </extensions>
      </trkpt>
      <trkpt lat="56.05159" lon="28.11625">
        <ele>150.3</ele>
        <time>2022-02-05T11:49:07Z</time>
        <hdop>1.8</hdop>
        <extensions>
          <speed>0.992</speed>
        </extensions>
      </trkpt>
      <trkpt lat="56.051585" lon="28.1163483">
        <ele>149.7</ele>
        <time>2022-02-05T11:49:12Z</time>
        <hdop>1.8</hdop>
        <extensions>
          <speed>0.972</speed>
        </extensions>
      </trkpt>
      <trkpt lat="56.0516133" lon="28.1164417">
        <ele>148.8</ele>
        <time>2022-02-05T11:49:18Z</time>
        <hdop>1.8</hdop>
        <extensions>
          <speed>0.934</speed>
        </extensions>
      </trkpt>
      <trkpt lat="56.0516217" lon="28.1165417">
        <ele>147.5</ele>
        <time>2022-02-05T11:49:24Z</time>
        <hdop>1.7</hdop>
        <extensions>
          <speed>0.851</speed>
        </extensions>
      </trkpt>
      <trkpt lat="56.051645" lon="28.1166317">
        <ele>146.6</ele>
        <time>2022-02-05T11:49:30Z</time>
        <hdop>1.8</hdop>
        <extensions>
          <speed>0.848</speed>
        </extensions>
      </trkpt>
      <trkpt lat="56.0516633" lon="28.116715">
        <ele>145.7</ele>
        <time>2022-02-05T11:49:35Z</time>
        <hdop>1.7</hdop>
        <extensions>
          <speed>0.995</speed>
        </extensions>
      </trkpt>
      <trkpt lat="56.0516683" lon="28.1167783">
        <ele>145.6</ele>
        <time>2022-02-05T11:49:40Z</time>
        <hdop>1.7</hdop>
        <extensions>
          <speed>0.938</speed>
        </extensions>
      </trkpt>
      <trkpt lat="56.051685" lon="28.1168633">
        <ele>145.7</ele>
        <time>2022-02-05T11:49:45Z</time>
        <hdop>1.7</hdop>
        <extensions>
          <speed>0.86</speed>
        </extensions>
      </trkpt>
      <trkpt lat="56.0517033" lon="28.1169467">
        <ele>145.7</ele>
        <time>2022-02-05T11:49:51Z</time>
        <hdop>1.7</hdop>
        <extensions>
          <speed>0.839</speed>
        </extensions>
      </trkpt>
      <trkpt lat="56.0517317" lon="28.1170533">
        <ele>145.6</ele>
        <time>2022-02-05T11:49:57Z</time>
        <hdop>1.7</hdop>
        <extensions>
          <speed>0.976</speed>
        </extensions>
      </trkpt>
      <trkpt lat="56.0517433" lon="28.1171483">
        <ele>145.1</ele>
        <time>2022-02-05T11:50:02Z</time>
        <hdop>1.7</hdop>
        <extensions>
          <speed>1.121</speed>
        </extensions>
      </trkpt>
      <trkpt lat="56.0517517" lon="28.1172533">
        <ele>144.4</ele>
        <time>2022-02-05T11:50:08Z</time>
        <hdop>1.7</hdop>
        <extensions>
          <speed>1.08</speed>
        </extensions>
      </trkpt>
      <trkpt lat="56.0517667" lon="28.1173433">
        <ele>144.1</ele>
        <time>2022-02-05T11:50:13Z</time>
        <hdop>1.7</hdop>
        <extensions>
          <speed>1.027</speed>
        </extensions>
      </trkpt>
      <trkpt lat="56.0517833" lon="28.1174517">
        <ele>143.9</ele>
        <time>2022-02-05T11:50:19Z</time>
        <hdop>1.7</hdop>
        <extensions>
          <speed>1.016</speed>
        </extensions>
      </trkpt>
      <trkpt lat="56.0517983" lon="28.117535">
        <ele>144</ele>
        <time>2022-02-05T11:50:24Z</time>
        <hdop>1.8</hdop>
        <extensions>
          <speed>0.891</speed>
        </extensions>
      </trkpt>
      <trkpt lat="56.0518117" lon="28.1176333">
        <ele>144</ele>
        <time>2022-02-05T11:50:30Z</time>
        <hdop>1.7</hdop>
        <extensions>
          <speed>0.893</speed>
        </extensions>
      </trkpt>
      <trkpt lat="56.0518433" lon="28.117725">
        <ele>144.3</ele>
        <time>2022-02-05T11:50:35Z</time>
        <hdop>1.7</hdop>
        <extensions>
          <speed>0.984</speed>
        </extensions>
      </trkpt>
      <trkpt lat="56.0518933" lon="28.1177917">
        <ele>144.1</ele>
        <time>2022-02-05T11:50:41Z</time>
        <hdop>1.8</hdop>
        <extensions>
          <speed>0.958</speed>
        </extensions>
      </trkpt>
      <trkpt lat="56.0519233" lon="28.11786">
        <ele>143.4</ele>
        <time>2022-02-05T11:50:47Z</time>
        <hdop>1.7</hdop>
        <extensions>
          <speed>0.794</speed>
        </extensions>
      </trkpt>
      <trkpt lat="56.0519383" lon="28.1179133">
        <ele>142.5</ele>
        <time>2022-02-05T11:50:52Z</time>
        <hdop>1.9</hdop>
        <extensions>
          <speed>0.683</speed>
        </extensions>
      </trkpt>
      <trkpt lat="56.0519683" lon="28.1179617">
        <ele>141.9</ele>
        <time>2022-02-05T11:50:58Z</time>
        <hdop>1.9</hdop>
        <extensions>
          <speed>0.587</speed>
        </extensions>
      </trkpt>
      <trkpt lat="56.0519883" lon="28.1179983">
        <ele>141.6</ele>
        <time>2022-02-05T11:51:03Z</time>
        <hdop>1.8</hdop>
        <extensions>
          <speed>0.514</speed>
        </extensions>
      </trkpt>
      <trkpt lat="56.0519917" lon="28.1180467">
        <ele>141.3</ele>
        <time>2022-02-05T11:51:09Z</time>
        <hdop>1.4</hdop>
        <extensions>
          <speed>0.426</speed>
        </extensions>
      </trkpt>
      <trkpt lat="56.0519917" lon="28.1181633">
        <ele>141.9</ele>
        <time>2022-02-05T11:51:15Z</time>
        <hdop>1.7</hdop>
        <extensions>
          <speed>0.744</speed>
        </extensions>
      </trkpt>
      <trkpt lat="56.052005" lon="28.118245">
        <ele>142.9</ele>
        <time>2022-02-05T11:51:21Z</time>
        <hdop>1.7</hdop>
        <extensions>
          <speed>0.816</speed>
        </extensions>
      </trkpt>
      <trkpt lat="56.0519983" lon="28.11832">
        <ele>143.5</ele>
        <time>2022-02-05T11:51:26Z</time>
        <hdop>1.7</hdop>
        <extensions>
          <speed>0.769</speed>
        </extensions>
      </trkpt>
      <trkpt lat="56.0519917" lon="28.1184183">
        <ele>144.1</ele>
        <time>2022-02-05T11:51:32Z</time>
        <hdop>1.8</hdop>
        <extensions>
          <speed>0.809</speed>
        </extensions>
      </trkpt>
      <trkpt lat="56.0519767" lon="28.1184883">
        <ele>143.2</ele>
        <time>2022-02-05T11:51:37Z</time>
        <hdop>1.8</hdop>
        <extensions>
          <speed>0.669</speed>
        </extensions>
      </trkpt>
      <trkpt lat="56.0519667" lon="28.1185967">
        <ele>141.9</ele>
        <time>2022-02-05T11:51:43Z</time>
        <hdop>1.8</hdop>
        <extensions>
          <speed>0.739</speed>
        </extensions>
      </trkpt>
      <trkpt lat="56.051965" lon="28.1187033">
        <ele>141.2</ele>
        <time>2022-02-05T11:51:49Z</time>
        <hdop>1.8</hdop>
        <extensions>
          <speed>0.877</speed>
        </extensions>
      </trkpt>
      <trkpt lat="56.0519417" lon="28.11882">
        <ele>140.6</ele>
        <time>2022-02-05T11:51:54Z</time>
        <hdop>1.8</hdop>
        <extensions>
          <speed>1.033</speed>
        </extensions>
      </trkpt>
      <trkpt lat="56.0519483" lon="28.118905">
        <ele>139.6</ele>
        <time>2022-02-05T11:52:00Z</time>
        <hdop>1.8</hdop>
        <extensions>
          <speed>0.99</speed>
        </extensions>
      </trkpt>
      <trkpt lat="56.0519617" lon="28.1189817">
        <ele>139.2</ele>
        <time>2022-02-05T11:52:05Z</time>
        <hdop>1.8</hdop>
        <extensions>
          <speed>0.841</speed>
        </extensions>
      </trkpt>
      <trkpt lat="56.0519617" lon="28.1190567">
        <ele>139.4</ele>
        <time>2022-02-05T11:52:11Z</time>
        <hdop>1.8</hdop>
        <extensions>
          <speed>0.788</speed>
        </extensions>
      </trkpt>
      <trkpt lat="56.0519533" lon="28.1191283">
        <ele>139.3</ele>
        <time>2022-02-05T11:52:16Z</time>
        <hdop>1.8</hdop>
        <extensions>
          <speed>0.631</speed>
        </extensions>
      </trkpt>
      <trkpt lat="56.051955" lon="28.1192">
        <ele>139.6</ele>
        <time>2022-02-05T11:52:21Z</time>
        <hdop>1.8</hdop>
        <extensions>
          <speed>0.782</speed>
        </extensions>
      </trkpt>
      <trkpt lat="56.0519417" lon="28.1192933">
        <ele>140.2</ele>
        <time>2022-02-05T11:52:27Z</time>
        <hdop>1.8</hdop>
        <extensions>
          <speed>0.93</speed>
        </extensions>
      </trkpt>
      <trkpt lat="56.051925" lon="28.1193583">
        <ele>140.8</ele>
        <time>2022-02-05T11:52:32Z</time>
        <hdop>1.8</hdop>
        <extensions>
          <speed>0.884</speed>
        </extensions>
      </trkpt>
      <trkpt lat="56.0519183" lon="28.1194283">
        <ele>141.8</ele>
        <time>2022-02-05T11:52:38Z</time>
        <hdop>1.8</hdop>
        <extensions>
          <speed>0.79</speed>
        </extensions>
      </trkpt>
      <trkpt lat="56.0519133" lon="28.119495">
        <ele>142.4</ele>
        <time>2022-02-05T11:52:43Z</time>
        <hdop>1.8</hdop>
        <extensions>
          <speed>0.758</speed>
        </extensions>
      </trkpt>
      <trkpt lat="56.0519133" lon="28.119575">
        <ele>142.6</ele>
        <time>2022-02-05T11:52:49Z</time>
        <hdop>1.8</hdop>
        <extensions>
          <speed>0.824</speed>
        </extensions>
      </trkpt>
      <trkpt lat="56.0519" lon="28.1196617">
        <ele>142.9</ele>
        <time>2022-02-05T11:52:54Z</time>
        <hdop>1.8</hdop>
        <extensions>
          <speed>0.879</speed>
        </extensions>
      </trkpt>
      <trkpt lat="56.0518917" lon="28.1197417">
        <ele>143.9</ele>
        <time>2022-02-05T11:53:00Z</time>
        <hdop>1.8</hdop>
        <extensions>
          <speed>0.832</speed>
        </extensions>
      </trkpt>
      <trkpt lat="56.0518933" lon="28.1198117">
        <ele>144.6</ele>
        <time>2022-02-05T11:53:05Z</time>
        <hdop>1.8</hdop>
        <extensions>
          <speed>0.811</speed>
        </extensions>
      </trkpt>
      <trkpt lat="56.0518783" lon="28.11988">
        <ele>145.1</ele>
        <time>2022-02-05T11:53:11Z</time>
        <hdop>1.7</hdop>
        <extensions>
          <speed>0.812</speed>
        </extensions>
      </trkpt>
      <trkpt lat="56.051875" lon="28.1199567">
        <ele>145.8</ele>
        <time>2022-02-05T11:53:16Z</time>
        <hdop>1.7</hdop>
        <extensions>
          <speed>0.747</speed>
        </extensions>
      </trkpt>
      <trkpt lat="56.0518733" lon="28.1200333">
        <ele>146</ele>
        <time>2022-02-05T11:53:22Z</time>
        <hdop>1.7</hdop>
        <extensions>
          <speed>0.807</speed>
        </extensions>
      </trkpt>
      <trkpt lat="56.0518783" lon="28.120075">
        <ele>146.4</ele>
        <time>2022-02-05T11:53:27Z</time>
        <hdop>1.8</hdop>
        <extensions>
          <speed>0.658</speed>
        </extensions>
      </trkpt>
      <trkpt lat="56.051875" lon="28.1201717">
        <ele>147</ele>
        <time>2022-02-05T11:53:33Z</time>
        <hdop>1.7</hdop>
        <extensions>
          <speed>0.687</speed>
        </extensions>
      </trkpt>
      <trkpt lat="56.0518717" lon="28.1202767">
        <ele>147.2</ele>
        <time>2022-02-05T11:53:39Z</time>
        <hdop>1.7</hdop>
        <extensions>
          <speed>0.907</speed>
        </extensions>
      </trkpt>
      <trkpt lat="56.051865" lon="28.120375">
        <ele>147.2</ele>
        <time>2022-02-05T11:53:45Z</time>
        <hdop>1.7</hdop>
        <extensions>
          <speed>0.944</speed>
        </extensions>
      </trkpt>
      <trkpt lat="56.0518483" lon="28.12046">
        <ele>147</ele>
        <time>2022-02-05T11:53:51Z</time>
        <hdop>1.7</hdop>
        <extensions>
          <speed>0.916</speed>
        </extensions>
      </trkpt>
      <trkpt lat="56.05185" lon="28.1205467">
        <ele>146.9</ele>
        <time>2022-02-05T11:53:57Z</time>
        <hdop>1.7</hdop>
        <extensions>
          <speed>0.878</speed>
        </extensions>
      </trkpt>
      <trkpt lat="56.05185" lon="28.1206217">
        <ele>146.3</ele>
        <time>2022-02-05T11:54:02Z</time>
        <hdop>1.7</hdop>
        <extensions>
          <speed>0.808</speed>
        </extensions>
      </trkpt>
      <trkpt lat="56.0518417" lon="28.1206867">
        <ele>145.7</ele>
        <time>2022-02-05T11:54:07Z</time>
        <hdop>1.8</hdop>
        <extensions>
          <speed>0.766</speed>
        </extensions>
      </trkpt>
      <trkpt lat="56.0518283" lon="28.1207683">
        <ele>145.5</ele>
        <time>2022-02-05T11:54:13Z</time>
        <hdop>1.7</hdop>
        <extensions>
          <speed>0.725</speed>
        </extensions>
      </trkpt>
      <trkpt lat="56.05181" lon="28.1208683">
        <ele>145</ele>
        <time>2022-02-05T11:54:19Z</time>
        <hdop>1.8</hdop>
        <extensions>
          <speed>0.693</speed>
        </extensions>
      </trkpt>
      <trkpt lat="56.051805" lon="28.1209733">
        <ele>144.7</ele>
        <time>2022-02-05T11:54:25Z</time>
        <hdop>1.8</hdop>
        <extensions>
          <speed>0.719</speed>
        </extensions>
      </trkpt>
      <trkpt lat="56.0518233" lon="28.1210483">
        <ele>144.4</ele>
        <time>2022-02-05T11:54:30Z</time>
        <hdop>1.6</hdop>
        <extensions>
          <speed>0.833</speed>
        </extensions>
      </trkpt>
      <trkpt lat="56.0518183" lon="28.1211117">
        <ele>144.2</ele>
        <time>2022-02-05T11:54:36Z</time>
        <hdop>1.6</hdop>
        <extensions>
          <speed>0.696</speed>
        </extensions>
      </trkpt>
      <trkpt lat="56.051795" lon="28.121205">
        <ele>144</ele>
        <time>2022-02-05T11:54:42Z</time>
        <hdop>1.6</hdop>
        <extensions>
          <speed>0.63</speed>
        </extensions>
      </trkpt>
      <trkpt lat="56.051785" lon="28.121295">
        <ele>143.9</ele>
        <time>2022-02-05T11:54:48Z</time>
        <hdop>1.6</hdop>
        <extensions>
          <speed>0.81</speed>
        </extensions>
      </trkpt>
      <trkpt lat="56.0517833" lon="28.12136">
        <ele>143.7</ele>
        <time>2022-02-05T11:54:53Z</time>
        <hdop>1.6</hdop>
        <extensions>
          <speed>0.832</speed>
        </extensions>
      </trkpt>
      <trkpt lat="56.05177" lon="28.1214133">
        <ele>143.2</ele>
        <time>2022-02-05T11:54:59Z</time>
        <hdop>1.6</hdop>
        <extensions>
          <speed>0.64</speed>
        </extensions>
      </trkpt>
      <trkpt lat="56.0517567" lon="28.12146">
        <ele>143.1</ele>
        <time>2022-02-05T11:55:04Z</time>
        <hdop>1.7</hdop>
        <extensions>
          <speed>0.495</speed>
        </extensions>
      </trkpt>
      <trkpt lat="56.0517517" lon="28.1215333">
        <ele>143</ele>
        <time>2022-02-05T11:55:09Z</time>
        <hdop>1.8</hdop>
        <extensions>
          <speed>0.607</speed>
        </extensions>
      </trkpt>
      <trkpt lat="56.0517533" lon="28.1216133">
        <ele>143.1</ele>
        <time>2022-02-05T11:55:15Z</time>
        <hdop>1.7</hdop>
        <extensions>
          <speed>0.705</speed>
        </extensions>
      </trkpt>
      <trkpt lat="56.0517767" lon="28.121685">
        <ele>142.4</ele>
        <time>2022-02-05T11:55:21Z</time>
        <hdop>1.7</hdop>
        <extensions>
          <speed>0.645</speed>
        </extensions>
      </trkpt>
      <trkpt lat="56.0518033" lon="28.1217533">
        <ele>141.6</ele>
        <time>2022-02-05T11:55:27Z</time>
        <hdop>1.7</hdop>
        <extensions>
          <speed>0.709</speed>
        </extensions>
      </trkpt>
      <trkpt lat="56.0518167" lon="28.1218">
        <ele>141.2</ele>
        <time>2022-02-05T11:55:32Z</time>
        <hdop>1.8</hdop>
        <extensions>
          <speed>0.656</speed>
        </extensions>
      </trkpt>
      <trkpt lat="56.05181" lon="28.1218683">
        <ele>141.1</ele>
        <time>2022-02-05T11:55:38Z</time>
        <hdop>1.8</hdop>
        <extensions>
          <speed>0.517</speed>
        </extensions>
      </trkpt>
      <trkpt lat="56.05181" lon="28.1219117">
        <ele>141.3</ele>
        <time>2022-02-05T11:55:43Z</time>
        <hdop>1.7</hdop>
        <extensions>
          <speed>0.534</speed>
        </extensions>
      </trkpt>
      <trkpt lat="56.0517817" lon="28.121935">
        <ele>141</ele>
        <time>2022-02-05T11:55:57Z</time>
        <hdop>1.7</hdop>
        <extensions>
          <speed>0.287</speed>
        </extensions>
      </trkpt>
      <trkpt lat="56.0517" lon="28.1219117">
        <ele>140.8</ele>
        <time>2022-02-05T11:56:15Z</time>
        <hdop>1.6</hdop>
        <extensions>
          <speed>0.349</speed>
        </extensions>
      </trkpt>
      <trkpt lat="56.051675" lon="28.1219083">
        <ele>140.7</ele>
        <time>2022-02-05T11:56:21Z</time>
        <hdop>1.7</hdop>
        <extensions>
          <speed>0.427</speed>
        </extensions>
      </trkpt>
      <trkpt lat="56.051655" lon="28.1219333">
        <ele>140.7</ele>
        <time>2022-02-05T11:56:27Z</time>
        <hdop>1.6</hdop>
      </trkpt>
      <trkpt lat="56.0516267" lon="28.1219717">
        <ele>141.2</ele>
        <time>2022-02-05T11:56:33Z</time>
        <hdop>1.8</hdop>
      </trkpt>
      <trkpt lat="56.0516267" lon="28.1220133">
        <ele>142.3</ele>
        <time>2022-02-05T11:56:46Z</time>
        <hdop>1.7</hdop>
        <extensions>
          <speed>0.175</speed>
        </extensions>
      </trkpt>
      <trkpt lat="56.0516117" lon="28.1220617">
        <ele>141.8</ele>
        <time>2022-02-05T11:57:15Z</time>
        <hdop>1.6</hdop>
        <extensions>
          <speed>0.243</speed>
        </extensions>
      </trkpt>
      <trkpt lat="56.0515967" lon="28.1219467">
        <ele>144.1</ele>
        <time>2022-02-05T12:00:14Z</time>
        <hdop>1.5</hdop>
        <extensions>
          <speed>0.241</speed>
        </extensions>
      </trkpt>
      <trkpt lat="56.0515867" lon="28.1219967">
        <ele>142.7</ele>
        <time>2022-02-05T12:01:21Z</time>
        <hdop>1.5</hdop>
        <extensions>
          <speed>0.227</speed>
        </extensions>
      </trkpt>
      <trkpt lat="56.0516167" lon="28.12197">
        <ele>141.6</ele>
        <time>2022-02-05T12:02:11Z</time>
        <hdop>1.6</hdop>
        <extensions>
          <speed>0.218</speed>
        </extensions>
      </trkpt>
      <trkpt lat="56.0516317" lon="28.12204">
        <ele>144.1</ele>
        <time>2022-02-05T12:04:29Z</time>
        <hdop>2</hdop>
        <extensions>
          <speed>0.275</speed>
        </extensions>
      </trkpt>
      <trkpt lat="56.0516417" lon="28.1220083">
        <ele>145.5</ele>
        <time>2022-02-05T12:05:35Z</time>
        <hdop>1.7</hdop>
      </trkpt>
      <trkpt lat="56.0516" lon="28.121965">
        <ele>141.3</ele>
        <time>2022-02-05T12:09:33Z</time>
        <hdop>1.7</hdop>
        <extensions>
          <speed>0.316</speed>
        </extensions>
      </trkpt>
      <trkpt lat="56.0516083" lon="28.1219283">
        <ele>141.5</ele>
        <time>2022-02-05T12:09:39Z</time>
        <hdop>1.7</hdop>
        <extensions>
          <speed>0.467</speed>
        </extensions>
      </trkpt>
      <trkpt lat="56.0516533" lon="28.1219733">
        <ele>140.2</ele>
        <time>2022-02-05T12:10:50Z</time>
        <hdop>1.7</hdop>
        <extensions>
          <speed>0.23</speed>
        </extensions>
      </trkpt>
      <trkpt lat="56.05164" lon="28.1219467">
        <ele>141</ele>
        <time>2022-02-05T12:17:24Z</time>
        <hdop>2</hdop>
      </trkpt>
      <trkpt lat="56.051625" lon="28.121965">
        <ele>140.8</ele>
        <time>2022-02-05T12:17:30Z</time>
        <hdop>2.1</hdop>
      </trkpt>
      <trkpt lat="56.05165" lon="28.1219733">
        <ele>139.8</ele>
        <time>2022-02-05T12:17:47Z</time>
        <hdop>1.8</hdop>
        <extensions>
          <speed>0.224</speed>
        </extensions>
      </trkpt>
      <trkpt lat="56.051655" lon="28.12194">
        <ele>139.7</ele>
        <time>2022-02-05T12:17:53Z</time>
        <hdop>2</hdop>
      </trkpt>
      <trkpt lat="56.0517083" lon="28.1219317">
        <ele>138.7</ele>
        <time>2022-02-05T12:19:47Z</time>
        <hdop>1.6</hdop>
        <extensions>
          <speed>0.308</speed>
        </extensions>
      </trkpt>
      <trkpt lat="56.0516667" lon="28.1219667">
        <ele>139.5</ele>
        <time>2022-02-05T12:20:43Z</time>
        <hdop>1.4</hdop>
      </trkpt>
      <trkpt lat="56.0516783" lon="28.121995">
        <ele>139.8</ele>
        <time>2022-02-05T12:20:49Z</time>
        <hdop>1.8</hdop>
      </trkpt>
      <trkpt lat="56.051665" lon="28.1219667">
        <ele>141.7</ele>
        <time>2022-02-05T12:23:25Z</time>
        <hdop>1.5</hdop>
      </trkpt>
      <trkpt lat="56.05168" lon="28.1219483">
        <ele>141</ele>
        <time>2022-02-05T12:24:07Z</time>
        <hdop>2.3</hdop>
        <extensions>
          <speed>0.288</speed>
        </extensions>
      </trkpt>
      <trkpt lat="56.0516483" lon="28.121955">
        <ele>140.6</ele>
        <time>2022-02-05T12:24:36Z</time>
        <hdop>1.8</hdop>
        <extensions>
          <speed>0.205</speed>
        </extensions>
      </trkpt>
      <trkpt lat="56.0516883" lon="28.12194">
        <ele>141.9</ele>
        <time>2022-02-05T12:28:52Z</time>
        <hdop>1.4</hdop>
        <extensions>
          <speed>0.269</speed>
        </extensions>
      </trkpt>
      <trkpt lat="56.0516733" lon="28.1219617">
        <ele>141.4</ele>
        <time>2022-02-05T12:28:57Z</time>
        <hdop>1.6</hdop>
      </trkpt>
      <trkpt lat="56.0516483" lon="28.12198">
        <ele>141.2</ele>
        <time>2022-02-05T12:29:03Z</time>
        <hdop>1.9</hdop>
      </trkpt>
      <trkpt lat="56.0516883" lon="28.1219967">
        <ele>144.8</ele>
        <time>2022-02-05T12:30:56Z</time>
        <hdop>1.3</hdop>
        <extensions>
          <speed>0.21</speed>
        </extensions>
      </trkpt>
      <trkpt lat="56.0517433" lon="28.1219383">
        <ele>151.4</ele>
        <time>2022-02-05T12:33:05Z</time>
        <hdop>1.5</hdop>
        <extensions>
          <speed>0.178</speed>
        </extensions>
      </trkpt>
      <trkpt lat="56.051725" lon="28.1219233">
        <ele>152.3</ele>
        <time>2022-02-05T12:33:10Z</time>
        <hdop>1.8</hdop>
      </trkpt>
      <trkpt lat="56.0517283" lon="28.1219567">
        <ele>155.7</ele>
        <time>2022-02-05T12:34:39Z</time>
        <hdop>1.6</hdop>
        <extensions>
          <speed>0.277</speed>
        </extensions>
      </trkpt>
      <trkpt lat="56.051685" lon="28.1219683">
        <ele>160.3</ele>
        <time>2022-02-05T12:38:36Z</time>
        <hdop>2.2</hdop>
        <extensions>
          <speed>0.252</speed>
        </extensions>
      </trkpt>
      <trkpt lat="56.0516983" lon="28.12199">
        <ele>160.3</ele>
        <time>2022-02-05T12:38:42Z</time>
        <hdop>2.1</hdop>
      </trkpt>
      <trkpt lat="56.051665" lon="28.1219833">
        <ele>161.8</ele>
        <time>2022-02-05T12:40:17Z</time>
        <hdop>1.5</hdop>
        <extensions>
          <speed>0.206</speed>
        </extensions>
      </trkpt>
      <trkpt lat="56.0516733" lon="28.1219383">
        <ele>164.5</ele>
        <time>2022-02-05T12:42:36Z</time>
        <hdop>2.2</hdop>
        <extensions>
          <speed>0.262</speed>
        </extensions>
      </trkpt>
      <trkpt lat="56.0516983" lon="28.1219667">
        <ele>165.9</ele>
        <time>2022-02-05T12:43:01Z</time>
        <hdop>1.9</hdop>
        <extensions>
          <speed>0.266</speed>
        </extensions>
      </trkpt>
      <trkpt lat="56.0516583" lon="28.1219733">
        <ele>164.1</ele>
        <time>2022-02-05T12:43:34Z</time>
        <hdop>1.9</hdop>
      </trkpt>
      <trkpt lat="56.051625" lon="28.12199">
        <ele>163.5</ele>
        <time>2022-02-05T12:43:39Z</time>
        <hdop>1.9</hdop>
        <extensions>
          <speed>0.449</speed>
        </extensions>
      </trkpt>
      <trkpt lat="56.0516417" lon="28.122015">
        <ele>163.4</ele>
        <time>2022-02-05T12:43:47Z</time>
        <hdop>2.1</hdop>
      </trkpt>
      <trkpt lat="56.0517333" lon="28.122">
        <ele>163.5</ele>
        <time>2022-02-05T12:44:24Z</time>
        <hdop>1.8</hdop>
        <extensions>
          <speed>0.265</speed>
        </extensions>
      </trkpt>
      <trkpt lat="56.0517683" lon="28.1219883">
        <ele>163.2</ele>
        <time>2022-02-05T12:44:29Z</time>
        <hdop>1.9</hdop>
        <extensions>
          <speed>0.427</speed>
        </extensions>
      </trkpt>
      <trkpt lat="56.0517917" lon="28.1219433">
        <ele>163.4</ele>
        <time>2022-02-05T12:45:41Z</time>
        <hdop>1.4</hdop>
        <extensions>
          <speed>0.246</speed>
        </extensions>
      </trkpt>
      <trkpt lat="56.0517317" lon="28.1219183">
        <ele>162.8</ele>
        <time>2022-02-05T12:45:47Z</time>
        <hdop>2.1</hdop>
        <extensions>
          <speed>0.624</speed>
        </extensions>
      </trkpt>
      <trkpt lat="56.0516983" lon="28.1219567">
        <ele>162.7</ele>
        <time>2022-02-05T12:46:05Z</time>
        <hdop>2.2</hdop>
        <extensions>
          <speed>0.258</speed>
        </extensions>
      </trkpt>
      <trkpt lat="56.0517167" lon="28.1219767">
        <ele>162.4</ele>
        <time>2022-02-05T12:46:10Z</time>
        <hdop>1.8</hdop>
      </trkpt>
      <trkpt lat="56.0517017" lon="28.1219983">
        <ele>161.1</ele>
        <time>2022-02-05T12:46:40Z</time>
        <hdop>1.5</hdop>
        <extensions>
          <speed>0.275</speed>
        </extensions>
      </trkpt>
      <trkpt lat="56.0516817" lon="28.1220033">
        <ele>162.6</ele>
        <time>2022-02-05T12:48:00Z</time>
        <hdop>1.4</hdop>
        <extensions>
          <speed>0.18</speed>
        </extensions>
      </trkpt>
      <trkpt lat="56.051705" lon="28.1219867">
        <ele>163.3</ele>
        <time>2022-02-05T12:48:33Z</time>
        <hdop>2.6</hdop>
      </trkpt>
      <trkpt lat="56.0517117" lon="28.122025">
        <ele>163.6</ele>
        <time>2022-02-05T12:48:39Z</time>
        <hdop>2.6</hdop>
      </trkpt>
      <trkpt lat="56.051705" lon="28.121995">
        <ele>164.5</ele>
        <time>2022-02-05T12:50:07Z</time>
        <hdop>1.9</hdop>
      </trkpt>
      <trkpt lat="56.0517267" lon="28.1220033">
        <ele>164.7</ele>
        <time>2022-02-05T12:50:23Z</time>
        <hdop>1.9</hdop>
      </trkpt>
      <trkpt lat="56.0517083" lon="28.1220217">
        <ele>164.7</ele>
        <time>2022-02-05T12:50:30Z</time>
        <hdop>2.2</hdop>
        <extensions>
          <speed>0.508</speed>
        </extensions>
      </trkpt>
      <trkpt lat="56.0517283" lon="28.1220233">
        <ele>166.4</ele>
        <time>2022-02-05T12:50:44Z</time>
        <hdop>2.1</hdop>
      </trkpt>
      <trkpt lat="56.0517417" lon="28.1219833">
        <ele>162.9</ele>
        <time>2022-02-05T12:53:11Z</time>
        <hdop>1.8</hdop>
        <extensions>
          <speed>0.282</speed>
        </extensions>
      </trkpt>
      <trkpt lat="56.0517317" lon="28.1220417">
        <ele>160.2</ele>
        <time>2022-02-05T12:53:17Z</time>
        <hdop>1.8</hdop>
        <extensions>
          <speed>0.442</speed>
        </extensions>
      </trkpt>
      <trkpt lat="56.0517383" lon="28.12197">
        <ele>159.9</ele>
        <time>2022-02-05T12:53:51Z</time>
        <hdop>1.9</hdop>
        <extensions>
          <speed>0.288</speed>
        </extensions>
      </trkpt>
      <trkpt lat="56.051755" lon="28.1219933">
        <ele>159.7</ele>
        <time>2022-02-05T12:53:57Z</time>
        <hdop>1.8</hdop>
      </trkpt>
      <trkpt lat="56.051665" lon="28.1220383">
        <ele>161.8</ele>
        <time>2022-02-05T12:54:47Z</time>
        <hdop>2.6</hdop>
      </trkpt>
      <trkpt lat="56.0516317" lon="28.1220467">
        <ele>162.1</ele>
        <time>2022-02-05T12:54:53Z</time>
        <hdop>2.6</hdop>
      </trkpt>
      <trkpt lat="56.0517033" lon="28.122015">
        <ele>163.2</ele>
        <time>2022-02-05T12:54:58Z</time>
        <hdop>2.1</hdop>
        <extensions>
          <speed>0.422</speed>
        </extensions>
      </trkpt>
      <trkpt lat="56.0517483" lon="28.1219833">
        <ele>163.1</ele>
        <time>2022-02-05T12:56:36Z</time>
        <hdop>1.8</hdop>
        <extensions>
          <speed>0.268</speed>
        </extensions>
      </trkpt>
      <trkpt lat="56.0517067" lon="28.1220033">
        <ele>159.4</ele>
        <time>2022-02-05T12:57:36Z</time>
        <hdop>1.9</hdop>
        <extensions>
          <speed>0.205</speed>
        </extensions>
      </trkpt>
      <trkpt lat="56.051685" lon="28.1220167">
        <ele>159.2</ele>
        <time>2022-02-05T12:57:42Z</time>
        <hdop>1.9</hdop>
      </trkpt>
      <trkpt lat="56.051705" lon="28.1220367">
        <ele>159.1</ele>
        <time>2022-02-05T12:57:48Z</time>
        <hdop>2</hdop>
        <extensions>
          <speed>0.304</speed>
        </extensions>
      </trkpt>
      <trkpt lat="56.0517117" lon="28.1220033">
        <ele>159</ele>
        <time>2022-02-05T12:57:58Z</time>
        <hdop>2.3</hdop>
      </trkpt>
      <trkpt lat="56.051775" lon="28.1219933">
        <ele>158.8</ele>
        <time>2022-02-05T12:59:03Z</time>
        <hdop>2.2</hdop>
      </trkpt>
      <trkpt lat="56.0517567" lon="28.1220167">
        <ele>157.2</ele>
        <time>2022-02-05T12:59:17Z</time>
        <hdop>2.2</hdop>
        <extensions>
          <speed>0.419</speed>
        </extensions>
      </trkpt>
      <trkpt lat="56.0517283" lon="28.1220367">
        <ele>155.6</ele>
        <time>2022-02-05T12:59:22Z</time>
        <hdop>2.2</hdop>
      </trkpt>
      <trkpt lat="56.051745" lon="28.12205">
        <ele>154.9</ele>
        <time>2022-02-05T12:59:27Z</time>
        <hdop>2.2</hdop>
        <extensions>
          <speed>0.288</speed>
        </extensions>
      </trkpt>
      <trkpt lat="56.05176" lon="28.12209">
        <ele>154.3</ele>
        <time>2022-02-05T12:59:33Z</time>
        <hdop>2.2</hdop>
      </trkpt>
      <trkpt lat="56.0517383" lon="28.1220733">
        <ele>154.4</ele>
        <time>2022-02-05T12:59:39Z</time>
        <hdop>2.2</hdop>
      </trkpt>
      <trkpt lat="56.0516883" lon="28.1219583">
        <ele>152.7</ele>
        <time>2022-02-05T13:00:37Z</time>
        <hdop>2.1</hdop>
      </trkpt>
      <trkpt lat="56.0517317" lon="28.1219617">
        <ele>150.5</ele>
        <time>2022-02-05T13:01:28Z</time>
        <hdop>1.7</hdop>
        <extensions>
          <speed>0.341</speed>
        </extensions>
      </trkpt>
      <trkpt lat="56.0517283" lon="28.1219233">
        <ele>148.4</ele>
        <time>2022-02-05T13:01:38Z</time>
        <hdop>1.6</hdop>
      </trkpt>
      <trkpt lat="56.0517567" lon="28.12193">
        <ele>149.9</ele>
        <time>2022-02-05T13:01:57Z</time>
        <hdop>1.7</hdop>
      </trkpt>
      <trkpt lat="56.05175" lon="28.1219">
        <ele>149.6</ele>
        <time>2022-02-05T13:02:06Z</time>
        <hdop>1.7</hdop>
        <extensions>
          <speed>0.468</speed>
        </extensions>
      </trkpt>
      <trkpt lat="56.051735" lon="28.12197">
        <ele>152.9</ele>
        <time>2022-02-05T13:03:56Z</time>
        <hdop>1.7</hdop>
        <extensions>
          <speed>0.343</speed>
        </extensions>
      </trkpt>
      <trkpt lat="56.0517017" lon="28.1219833">
        <ele>152</ele>
        <time>2022-02-05T13:04:01Z</time>
        <hdop>1.8</hdop>
        <extensions>
          <speed>0.45</speed>
        </extensions>
      </trkpt>
      <trkpt lat="56.051675" lon="28.121935">
        <ele>151</ele>
        <time>2022-02-05T13:04:33Z</time>
        <hdop>1.4</hdop>
        <extensions>
          <speed>0.3</speed>
        </extensions>
      </trkpt>
      <trkpt lat="56.051655" lon="28.1219683">
        <ele>147.7</ele>
        <time>2022-02-05T13:06:50Z</time>
        <hdop>2.8</hdop>
      </trkpt>
      <trkpt lat="56.0516317" lon="28.1219517">
        <ele>147.6</ele>
        <time>2022-02-05T13:06:55Z</time>
        <hdop>2.6</hdop>
      </trkpt>
      <trkpt lat="56.0516867" lon="28.12195">
        <ele>144.9</ele>
        <time>2022-02-05T13:08:49Z</time>
        <hdop>1.8</hdop>
        <extensions>
          <speed>0.264</speed>
        </extensions>
      </trkpt>
      <trkpt lat="56.0516683" lon="28.1219467">
        <ele>145.9</ele>
        <time>2022-02-05T13:13:01Z</time>
        <hdop>1.6</hdop>
      </trkpt>
      <trkpt lat="56.0517267" lon="28.1219833">
        <ele>148.7</ele>
        <time>2022-02-05T13:18:10Z</time>
        <hdop>1.7</hdop>
        <extensions>
          <speed>0.244</speed>
        </extensions>
      </trkpt>
      <trkpt lat="56.051705" lon="28.1219483">
        <ele>147.9</ele>
        <time>2022-02-05T13:19:02Z</time>
        <hdop>1.3</hdop>
        <extensions>
          <speed>0.265</speed>
        </extensions>
      </trkpt>
      <trkpt lat="56.0516867" lon="28.121945">
        <ele>147.4</ele>
        <time>2022-02-05T13:19:07Z</time>
        <hdop>1.7</hdop>
        <extensions>
          <speed>0.368</speed>
        </extensions>
      </trkpt>
      <trkpt lat="56.0516983" lon="28.1220083">
        <ele>146.3</ele>
        <time>2022-02-05T13:19:16Z</time>
        <hdop>1.6</hdop>
        <extensions>
          <speed>0.344</speed>
        </extensions>
      </trkpt>
      <trkpt lat="56.0517183" lon="28.1219983">
        <ele>145.7</ele>
        <time>2022-02-05T13:21:37Z</time>
        <hdop>1.5</hdop>
        <extensions>
          <speed>0.366</speed>
        </extensions>
      </trkpt>
      <trkpt lat="56.051695" lon="28.1220233">
        <ele>146.4</ele>
        <time>2022-02-05T13:24:06Z</time>
        <hdop>1.7</hdop>
        <extensions>
          <speed>0.258</speed>
        </extensions>
      </trkpt>
      <trkpt lat="56.0517283" lon="28.122">
        <ele>144.9</ele>
        <time>2022-02-05T13:27:39Z</time>
        <hdop>1.6</hdop>
        <extensions>
          <speed>0.299</speed>
        </extensions>
      </trkpt>
      <trkpt lat="56.05171" lon="28.1219617">
        <ele>144.9</ele>
        <time>2022-02-05T13:27:46Z</time>
        <hdop>1.6</hdop>
        <extensions>
          <speed>0.428</speed>
        </extensions>
      </trkpt>
      <trkpt lat="56.0517233" lon="28.1219333">
        <ele>144.9</ele>
        <time>2022-02-05T13:27:51Z</time>
        <hdop>1.7</hdop>
      </trkpt>
      <trkpt lat="56.0517233" lon="28.121975">
        <ele>146.4</ele>
        <time>2022-02-05T13:30:57Z</time>
        <hdop>1.2</hdop>
        <extensions>
          <speed>0.223</speed>
        </extensions>
      </trkpt>
      <trkpt lat="56.05171" lon="28.1220183">
        <ele>146</ele>
        <time>2022-02-05T13:32:10Z</time>
        <hdop>1.5</hdop>
        <extensions>
          <speed>0.248</speed>
        </extensions>
      </trkpt>
      <trkpt lat="56.051695" lon="28.12198">
        <ele>146.8</ele>
        <time>2022-02-05T13:39:16Z</time>
        <hdop>1.3</hdop>
        <extensions>
          <speed>0.242</speed>
        </extensions>
      </trkpt>
      <trkpt lat="56.05166" lon="28.1219367">
        <ele>146.2</ele>
        <time>2022-02-05T13:39:48Z</time>
        <hdop>2.2</hdop>
        <extensions>
          <speed>0.264</speed>
        </extensions>
      </trkpt>
      <trkpt lat="56.0516883" lon="28.121975">
        <ele>144.8</ele>
        <time>2022-02-05T13:39:53Z</time>
        <hdop>1.7</hdop>
      </trkpt>
      <trkpt lat="56.051725" lon="28.1219283">
        <ele>143.2</ele>
        <time>2022-02-05T13:41:17Z</time>
        <hdop>1.5</hdop>
        <extensions>
          <speed>0.207</speed>
        </extensions>
      </trkpt>
      <trkpt lat="56.0517167" lon="28.1219883">
        <ele>148</ele>
        <time>2022-02-05T13:43:44Z</time>
        <hdop>1.5</hdop>
        <extensions>
          <speed>0.243</speed>
        </extensions>
      </trkpt>
      <trkpt lat="56.0517417" lon="28.122">
        <ele>147.6</ele>
        <time>2022-02-05T13:43:55Z</time>
        <hdop>1.2</hdop>
        <extensions>
          <speed>0.523</speed>
        </extensions>
      </trkpt>
      <trkpt lat="56.0517183" lon="28.1219767">
        <ele>144.3</ele>
        <time>2022-02-05T13:45:09Z</time>
        <hdop>1.8</hdop>
        <extensions>
          <speed>0.232</speed>
        </extensions>
      </trkpt>
      <trkpt lat="56.0517317" lon="28.1219983">
        <ele>145.2</ele>
        <time>2022-02-05T13:45:40Z</time>
        <hdop>1.3</hdop>
        <extensions>
          <speed>0.334</speed>
        </extensions>
      </trkpt>
      <trkpt lat="56.0517633" lon="28.121975">
        <ele>146.3</ele>
        <time>2022-02-05T13:45:45Z</time>
        <hdop>1.9</hdop>
        <extensions>
          <speed>0.522</speed>
        </extensions>
      </trkpt>
      <trkpt lat="56.0517317" lon="28.1219483">
        <ele>146.8</ele>
        <time>2022-02-05T13:45:51Z</time>
        <hdop>1.9</hdop>
        <extensions>
          <speed>0.43</speed>
        </extensions>
      </trkpt>
      <trkpt lat="56.0517133" lon="28.1219683">
        <ele>146.2</ele>
        <time>2022-02-05T13:46:46Z</time>
        <hdop>1.8</hdop>
        <extensions>
          <speed>0.43</speed>
        </extensions>
      </trkpt>
      <trkpt lat="56.0516933" lon="28.12198">
        <ele>145.7</ele>
        <time>2022-02-05T13:46:51Z</time>
        <hdop>2</hdop>
      </trkpt>
      <trkpt lat="56.0517117" lon="28.1219967">
        <ele>145.4</ele>
        <time>2022-02-05T13:46:58Z</time>
        <hdop>1.9</hdop>
        <extensions>
          <speed>0.354</speed>
        </extensions>
      </trkpt>
      <trkpt lat="56.0517267" lon="28.121965">
        <ele>145.2</ele>
        <time>2022-02-05T13:47:03Z</time>
        <hdop>1.8</hdop>
        <extensions>
          <speed>0.41</speed>
        </extensions>
      </trkpt>
      <trkpt lat="56.05171" lon="28.1219833">
        <ele>145.3</ele>
        <time>2022-02-05T13:49:41Z</time>
        <hdop>1.8</hdop>
        <extensions>
          <speed>0.43</speed>
        </extensions>
      </trkpt>
      <trkpt lat="56.0517117" lon="28.1220167">
        <ele>145.6</ele>
        <time>2022-02-05T13:50:11Z</time>
        <hdop>1.7</hdop>
        <extensions>
          <speed>0.242</speed>
        </extensions>
      </trkpt>
      <trkpt lat="56.0517167" lon="28.1219383">
        <ele>145.2</ele>
        <time>2022-02-05T13:54:09Z</time>
        <hdop>1.4</hdop>
        <extensions>
          <speed>0.256</speed>
        </extensions>
      </trkpt>
      <trkpt lat="56.0516967" lon="28.1219783">
        <ele>142.9</ele>
        <time>2022-02-05T13:57:39Z</time>
        <hdop>1.8</hdop>
        <extensions>
          <speed>0.308</speed>
        </extensions>
      </trkpt>
      <trkpt lat="56.0517267" lon="28.1219783">
        <ele>145</ele>
        <time>2022-02-05T14:00:33Z</time>
        <hdop>2.1</hdop>
        <extensions>
          <speed>0.222</speed>
        </extensions>
      </trkpt>
      <trkpt lat="56.0517483" lon="28.1219267">
        <ele>144.4</ele>
        <time>2022-02-05T14:00:39Z</time>
        <hdop>1.9</hdop>
        <extensions>
          <speed>0.407</speed>
        </extensions>
      </trkpt>
      <trkpt lat="56.05176" lon="28.1218933">
        <ele>144.1</ele>
        <time>2022-02-05T14:00:44Z</time>
        <hdop>1.8</hdop>
        <extensions>
          <speed>0.413</speed>
        </extensions>
      </trkpt>
      <trkpt lat="56.0517867" lon="28.1219017">
        <ele>144.1</ele>
        <time>2022-02-05T14:00:49Z</time>
        <hdop>1.8</hdop>
        <extensions>
          <speed>0.426</speed>
        </extensions>
      </trkpt>
      <trkpt lat="56.0518283" lon="28.121925">
        <ele>143.8</ele>
        <time>2022-02-05T14:00:55Z</time>
        <hdop>1.9</hdop>
        <extensions>
          <speed>0.502</speed>
        </extensions>
      </trkpt>
      <trkpt lat="56.0518617" lon="28.1219017">
        <ele>143.8</ele>
        <time>2022-02-05T14:01:00Z</time>
        <hdop>1.8</hdop>
        <extensions>
          <speed>0.553</speed>
        </extensions>
      </trkpt>
      <trkpt lat="56.051895" lon="28.1218267">
        <ele>144.1</ele>
        <time>2022-02-05T14:01:06Z</time>
        <hdop>1.8</hdop>
        <extensions>
          <speed>0.677</speed>
        </extensions>
      </trkpt>
      <trkpt lat="56.051905" lon="28.1217983">
        <ele>144.9</ele>
        <time>2022-02-05T14:01:12Z</time>
        <hdop>1.8</hdop>
        <extensions>
          <speed>0.531</speed>
        </extensions>
      </trkpt>
      <trkpt lat="56.0519417" lon="28.1217667">
        <ele>145</ele>
        <time>2022-02-05T14:01:17Z</time>
        <hdop>1.8</hdop>
        <extensions>
          <speed>0.459</speed>
        </extensions>
      </trkpt>
      <trkpt lat="56.0519767" lon="28.1216867">
        <ele>143.2</ele>
        <time>2022-02-05T14:01:23Z</time>
        <hdop>1.9</hdop>
        <extensions>
          <speed>0.812</speed>
        </extensions>
      </trkpt>
      <trkpt lat="56.0520083" lon="28.12161">
        <ele>141.6</ele>
        <time>2022-02-05T14:01:28Z</time>
        <hdop>1.9</hdop>
        <extensions>
          <speed>0.91</speed>
        </extensions>
      </trkpt>
      <trkpt lat="56.052045" lon="28.12156">
        <ele>140.1</ele>
        <time>2022-02-05T14:01:34Z</time>
        <hdop>1.8</hdop>
        <extensions>
          <speed>0.779</speed>
        </extensions>
      </trkpt>
      <trkpt lat="56.052085" lon="28.12149">
        <ele>139</ele>
        <time>2022-02-05T14:01:40Z</time>
        <hdop>1.8</hdop>
        <extensions>
          <speed>0.826</speed>
        </extensions>
      </trkpt>
      <trkpt lat="56.0521" lon="28.1214217">
        <ele>138.3</ele>
        <time>2022-02-05T14:01:45Z</time>
        <hdop>1.8</hdop>
        <extensions>
          <speed>0.821</speed>
        </extensions>
      </trkpt>
      <trkpt lat="56.0521467" lon="28.12139">
        <ele>137.8</ele>
        <time>2022-02-05T14:01:51Z</time>
        <hdop>1.8</hdop>
        <extensions>
          <speed>0.738</speed>
        </extensions>
      </trkpt>
      <trkpt lat="56.0522017" lon="28.121325">
        <ele>137.3</ele>
        <time>2022-02-05T14:01:57Z</time>
        <hdop>1.8</hdop>
        <extensions>
          <speed>0.89</speed>
        </extensions>
      </trkpt>
      <trkpt lat="56.05225" lon="28.121245">
        <ele>137.1</ele>
        <time>2022-02-05T14:02:03Z</time>
        <hdop>1.8</hdop>
        <extensions>
          <speed>0.904</speed>
        </extensions>
      </trkpt>
      <trkpt lat="56.0522967" lon="28.1212133">
        <ele>137.4</ele>
        <time>2022-02-05T14:02:09Z</time>
        <hdop>1.8</hdop>
        <extensions>
          <speed>0.764</speed>
        </extensions>
      </trkpt>
      <trkpt lat="56.05234" lon="28.1211517">
        <ele>137</ele>
        <time>2022-02-05T14:02:15Z</time>
        <hdop>1.8</hdop>
        <extensions>
          <speed>0.724</speed>
        </extensions>
      </trkpt>
      <trkpt lat="56.0523917" lon="28.1210833">
        <ele>136.8</ele>
        <time>2022-02-05T14:02:21Z</time>
        <hdop>1.8</hdop>
        <extensions>
          <speed>0.862</speed>
        </extensions>
      </trkpt>
      <trkpt lat="56.05244" lon="28.1210317">
        <ele>136.5</ele>
        <time>2022-02-05T14:02:27Z</time>
        <hdop>1.8</hdop>
        <extensions>
          <speed>0.887</speed>
        </extensions>
      </trkpt>
      <trkpt lat="56.05249" lon="28.12099">
        <ele>136.1</ele>
        <time>2022-02-05T14:02:33Z</time>
        <hdop>1.8</hdop>
        <extensions>
          <speed>0.868</speed>
        </extensions>
      </trkpt>
      <trkpt lat="56.052545" lon="28.1209233">
        <ele>137.6</ele>
        <time>2022-02-05T14:02:39Z</time>
        <hdop>2</hdop>
        <extensions>
          <speed>0.907</speed>
        </extensions>
      </trkpt>
      <trkpt lat="56.052595" lon="28.12085">
        <ele>138.9</ele>
        <time>2022-02-05T14:02:45Z</time>
        <hdop>1.9</hdop>
        <extensions>
          <speed>0.8</speed>
        </extensions>
      </trkpt>
      <trkpt lat="56.0526283" lon="28.1207633">
        <ele>138.4</ele>
        <time>2022-02-05T14:02:50Z</time>
        <hdop>1.9</hdop>
        <extensions>
          <speed>0.949</speed>
        </extensions>
      </trkpt>
      <trkpt lat="56.0526683" lon="28.120675">
        <ele>138.4</ele>
        <time>2022-02-05T14:02:56Z</time>
        <hdop>1.8</hdop>
        <extensions>
          <speed>1.1</speed>
        </extensions>
      </trkpt>
      <trkpt lat="56.0527083" lon="28.1206133">
        <ele>138.6</ele>
        <time>2022-02-05T14:03:01Z</time>
        <hdop>1.8</hdop>
        <extensions>
          <speed>1.05</speed>
        </extensions>
      </trkpt>
      <trkpt lat="56.0527317" lon="28.120535">
        <ele>138.3</ele>
        <time>2022-02-05T14:03:07Z</time>
        <hdop>1.7</hdop>
        <extensions>
          <speed>0.831</speed>
        </extensions>
      </trkpt>
      <trkpt lat="56.05276" lon="28.12046">
        <ele>140</ele>
        <time>2022-02-05T14:03:12Z</time>
        <hdop>1.7</hdop>
        <extensions>
          <speed>0.802</speed>
        </extensions>
      </trkpt>
      <trkpt lat="56.05281" lon="28.1203633">
        <ele>142.7</ele>
        <time>2022-02-05T14:03:18Z</time>
        <hdop>1.7</hdop>
        <extensions>
          <speed>1.109</speed>
        </extensions>
      </trkpt>
      <trkpt lat="56.0528333" lon="28.1202867">
        <ele>143.4</ele>
        <time>2022-02-05T14:03:23Z</time>
        <hdop>1.8</hdop>
        <extensions>
          <speed>1.16</speed>
        </extensions>
      </trkpt>
      <trkpt lat="56.0528617" lon="28.1201683">
        <ele>144.3</ele>
        <time>2022-02-05T14:03:29Z</time>
        <hdop>1.9</hdop>
        <extensions>
          <speed>1.238</speed>
        </extensions>
      </trkpt>
      <trkpt lat="56.052885" lon="28.1200933">
        <ele>145.1</ele>
        <time>2022-02-05T14:03:34Z</time>
        <hdop>1.9</hdop>
        <extensions>
          <speed>1.186</speed>
        </extensions>
      </trkpt>
      <trkpt lat="56.052915" lon="28.12003">
        <ele>145.7</ele>
        <time>2022-02-05T14:03:39Z</time>
        <hdop>1.9</hdop>
        <extensions>
          <speed>1.087</speed>
        </extensions>
      </trkpt>
      <trkpt lat="56.0529283" lon="28.1199133">
        <ele>146.7</ele>
        <time>2022-02-05T14:03:45Z</time>
        <hdop>1.9</hdop>
        <extensions>
          <speed>1.06</speed>
        </extensions>
      </trkpt>
      <trkpt lat="56.052935" lon="28.11983">
        <ele>147.4</ele>
        <time>2022-02-05T14:03:51Z</time>
        <hdop>1.9</hdop>
        <extensions>
          <speed>0.954</speed>
        </extensions>
      </trkpt>
      <trkpt lat="56.0529717" lon="28.1197517">
        <ele>148.5</ele>
        <time>2022-02-05T14:03:57Z</time>
        <hdop>1.8</hdop>
        <extensions>
          <speed>0.838</speed>
        </extensions>
      </trkpt>
      <trkpt lat="56.05299" lon="28.1196783">
        <ele>149.3</ele>
        <time>2022-02-05T14:04:03Z</time>
        <hdop>1.9</hdop>
        <extensions>
          <speed>0.671</speed>
        </extensions>
      </trkpt>
      <trkpt lat="56.0530167" lon="28.11957">
        <ele>150.3</ele>
        <time>2022-02-05T14:04:09Z</time>
        <hdop>1.9</hdop>
        <extensions>
          <speed>0.785</speed>
        </extensions>
      </trkpt>
      <trkpt lat="56.0530517" lon="28.1194933">
        <ele>150.4</ele>
        <time>2022-02-05T14:04:15Z</time>
        <hdop>2.1</hdop>
        <extensions>
          <speed>1.024</speed>
        </extensions>
      </trkpt>
      <trkpt lat="56.053095" lon="28.1194217">
        <ele>149.6</ele>
        <time>2022-02-05T14:04:21Z</time>
        <hdop>2.2</hdop>
        <extensions>
          <speed>1.092</speed>
        </extensions>
      </trkpt>
      <trkpt lat="56.0531483" lon="28.11936">
        <ele>149</ele>
        <time>2022-02-05T14:04:27Z</time>
        <hdop>2.2</hdop>
        <extensions>
          <speed>1.246</speed>
        </extensions>
      </trkpt>
      <trkpt lat="56.0531867" lon="28.11927">
        <ele>147.4</ele>
        <time>2022-02-05T14:04:33Z</time>
        <hdop>2.1</hdop>
        <extensions>
          <speed>1.294</speed>
        </extensions>
      </trkpt>
      <trkpt lat="56.0532333" lon="28.1191967">
        <ele>146.1</ele>
        <time>2022-02-05T14:04:39Z</time>
        <hdop>2.2</hdop>
        <extensions>
          <speed>1.326</speed>
        </extensions>
      </trkpt>
      <trkpt lat="56.0532617" lon="28.1190817">
        <ele>143.5</ele>
        <time>2022-02-05T14:04:45Z</time>
        <hdop>2</hdop>
        <extensions>
          <speed>1.286</speed>
        </extensions>
      </trkpt>
      <trkpt lat="56.0532917" lon="28.1189767">
        <ele>142.2</ele>
        <time>2022-02-05T14:04:51Z</time>
        <hdop>1.8</hdop>
        <extensions>
          <speed>1.166</speed>
        </extensions>
      </trkpt>
      <trkpt lat="56.05333" lon="28.118895">
        <ele>141.8</ele>
        <time>2022-02-05T14:04:57Z</time>
        <hdop>1.8</hdop>
        <extensions>
          <speed>0.973</speed>
        </extensions>
      </trkpt>
      <trkpt lat="56.0533583" lon="28.1188517">
        <ele>142.5</ele>
        <time>2022-02-05T14:05:03Z</time>
        <hdop>1.7</hdop>
        <extensions>
          <speed>0.7</speed>
        </extensions>
      </trkpt>
      <trkpt lat="56.05341" lon="28.1187483">
        <ele>142.4</ele>
        <time>2022-02-05T14:05:09Z</time>
        <hdop>1.8</hdop>
        <extensions>
          <speed>1.04</speed>
        </extensions>
      </trkpt>
      <trkpt lat="56.0534533" lon="28.1186467">
        <ele>142.7</ele>
        <time>2022-02-05T14:05:15Z</time>
        <hdop>1.8</hdop>
        <extensions>
          <speed>1.312</speed>
        </extensions>
      </trkpt>
      <trkpt lat="56.0535" lon="28.1185817">
        <ele>142.4</ele>
        <time>2022-02-05T14:05:21Z</time>
        <hdop>1.7</hdop>
        <extensions>
          <speed>1.085</speed>
        </extensions>
      </trkpt>
      <trkpt lat="56.0535267" lon="28.11849">
        <ele>142.7</ele>
        <time>2022-02-05T14:05:27Z</time>
        <hdop>1.7</hdop>
        <extensions>
          <speed>0.768</speed>
        </extensions>
      </trkpt>
      <trkpt lat="56.053565" lon="28.1183733">
        <ele>142.5</ele>
        <time>2022-02-05T14:05:33Z</time>
        <hdop>1.8</hdop>
        <extensions>
          <speed>1.08</speed>
        </extensions>
      </trkpt>
      <trkpt lat="56.053585" lon="28.118295">
        <ele>142.6</ele>
        <time>2022-02-05T14:05:39Z</time>
        <hdop>1.6</hdop>
        <extensions>
          <speed>1.025</speed>
        </extensions>
      </trkpt>
      <trkpt lat="56.0536167" lon="28.1182217">
        <ele>142.3</ele>
        <time>2022-02-05T14:05:45Z</time>
        <hdop>1.7</hdop>
        <extensions>
          <speed>0.93</speed>
        </extensions>
      </trkpt>
      <trkpt lat="56.0536433" lon="28.1181283">
        <ele>141.8</ele>
        <time>2022-02-05T14:05:51Z</time>
        <hdop>1.6</hdop>
        <extensions>
          <speed>1.01</speed>
        </extensions>
      </trkpt>
      <trkpt lat="56.05366" lon="28.1180517">
        <ele>141.9</ele>
        <time>2022-02-05T14:05:57Z</time>
        <hdop>1.6</hdop>
        <extensions>
          <speed>1.008</speed>
        </extensions>
      </trkpt>
      <trkpt lat="56.0536617" lon="28.11793">
        <ele>142</ele>
        <time>2022-02-05T14:06:03Z</time>
        <hdop>1.6</hdop>
        <extensions>
          <speed>0.941</speed>
        </extensions>
      </trkpt>
      <trkpt lat="56.0536667" lon="28.117825">
        <ele>141.7</ele>
        <time>2022-02-05T14:06:09Z</time>
        <hdop>1.6</hdop>
        <extensions>
          <speed>1.108</speed>
        </extensions>
      </trkpt>
      <trkpt lat="56.0536733" lon="28.117745">
        <ele>141.7</ele>
        <time>2022-02-05T14:06:15Z</time>
        <hdop>1.6</hdop>
        <extensions>
          <speed>0.928</speed>
        </extensions>
      </trkpt>
      <trkpt lat="56.05368" lon="28.1176867">
        <ele>141.5</ele>
        <time>2022-02-05T14:06:21Z</time>
        <hdop>1.6</hdop>
        <extensions>
          <speed>0.82</speed>
        </extensions>
      </trkpt>
      <trkpt lat="56.0536783" lon="28.1175967">
        <ele>141.7</ele>
        <time>2022-02-05T14:06:27Z</time>
        <hdop>1.6</hdop>
        <extensions>
          <speed>0.825</speed>
        </extensions>
      </trkpt>
      <trkpt lat="56.0536783" lon="28.1174917">
        <ele>141.6</ele>
        <time>2022-02-05T14:06:33Z</time>
        <hdop>1.6</hdop>
        <extensions>
          <speed>0.951</speed>
        </extensions>
      </trkpt>
      <trkpt lat="56.0536867" lon="28.11736">
        <ele>141</ele>
        <time>2022-02-05T14:06:39Z</time>
        <hdop>1.7</hdop>
        <extensions>
          <speed>1.195</speed>
        </extensions>
      </trkpt>
      <trkpt lat="56.0537067" lon="28.1172617">
        <ele>140.9</ele>
        <time>2022-02-05T14:06:45Z</time>
        <hdop>1.7</hdop>
        <extensions>
          <speed>1.121</speed>
        </extensions>
      </trkpt>
      <trkpt lat="56.0537317" lon="28.1171617">
        <ele>140.3</ele>
        <time>2022-02-05T14:06:51Z</time>
        <hdop>1.8</hdop>
        <extensions>
          <speed>1.025</speed>
        </extensions>
      </trkpt>
      <trkpt lat="56.053755" lon="28.1170717">
        <ele>140</ele>
        <time>2022-02-05T14:06:57Z</time>
        <hdop>1.8</hdop>
        <extensions>
          <speed>1.024</speed>
        </extensions>
      </trkpt>
      <trkpt lat="56.0537883" lon="28.1169733">
        <ele>139.4</ele>
        <time>2022-02-05T14:07:03Z</time>
        <hdop>1.8</hdop>
        <extensions>
          <speed>0.997</speed>
        </extensions>
      </trkpt>
      <trkpt lat="56.0538217" lon="28.1168867">
        <ele>138.6</ele>
        <time>2022-02-05T14:07:09Z</time>
        <hdop>1.8</hdop>
        <extensions>
          <speed>1.065</speed>
        </extensions>
      </trkpt>
      <trkpt lat="56.0538583" lon="28.1168">
        <ele>138.2</ele>
        <time>2022-02-05T14:07:15Z</time>
        <hdop>1.8</hdop>
        <extensions>
          <speed>0.95</speed>
        </extensions>
      </trkpt>
      <trkpt lat="56.0538783" lon="28.1167117">
        <ele>137.9</ele>
        <time>2022-02-05T14:07:21Z</time>
        <hdop>1.7</hdop>
        <extensions>
          <speed>0.879</speed>
        </extensions>
      </trkpt>
      <trkpt lat="56.053905" lon="28.11661">
        <ele>137.4</ele>
        <time>2022-02-05T14:07:27Z</time>
        <hdop>1.8</hdop>
        <extensions>
          <speed>1.026</speed>
        </extensions>
      </trkpt>
      <trkpt lat="56.05394" lon="28.1165233">
        <ele>137.1</ele>
        <time>2022-02-05T14:07:33Z</time>
        <hdop>1.8</hdop>
        <extensions>
          <speed>1.099</speed>
        </extensions>
      </trkpt>
      <trkpt lat="56.0539783" lon="28.116445">
        <ele>136.8</ele>
        <time>2022-02-05T14:07:39Z</time>
        <hdop>1.8</hdop>
        <extensions>
          <speed>1.03</speed>
        </extensions>
      </trkpt>
      <trkpt lat="56.054025" lon="28.1163767">
        <ele>137</ele>
        <time>2022-02-05T14:07:45Z</time>
        <hdop>1.8</hdop>
        <extensions>
          <speed>1.003</speed>
        </extensions>
      </trkpt>
      <trkpt lat="56.054065" lon="28.1162983">
        <ele>137.1</ele>
        <time>2022-02-05T14:07:51Z</time>
        <hdop>1.8</hdop>
        <extensions>
          <speed>1.044</speed>
        </extensions>
      </trkpt>
      <trkpt lat="56.0541" lon="28.1162033">
        <ele>136.9</ele>
        <time>2022-02-05T14:07:57Z</time>
        <hdop>1.8</hdop>
        <extensions>
          <speed>1.096</speed>
        </extensions>
      </trkpt>
      <trkpt lat="56.0541467" lon="28.1161233">
        <ele>136.9</ele>
        <time>2022-02-05T14:08:03Z</time>
        <hdop>1.8</hdop>
        <extensions>
          <speed>1.028</speed>
        </extensions>
      </trkpt>
      <trkpt lat="56.0541833" lon="28.116015">
        <ele>136.6</ele>
        <time>2022-02-05T14:08:09Z</time>
        <hdop>1.9</hdop>
        <extensions>
          <speed>1.131</speed>
        </extensions>
      </trkpt>
      <trkpt lat="56.0542083" lon="28.1159117">
        <ele>136.2</ele>
        <time>2022-02-05T14:08:15Z</time>
        <hdop>1.8</hdop>
        <extensions>
          <speed>1.127</speed>
        </extensions>
      </trkpt>
      <trkpt lat="56.05424" lon="28.115835">
        <ele>136.3</ele>
        <time>2022-02-05T14:08:21Z</time>
        <hdop>1.8</hdop>
        <extensions>
          <speed>1.039</speed>
        </extensions>
      </trkpt>
      <trkpt lat="56.0542567" lon="28.1157367">
        <ele>136</ele>
        <time>2022-02-05T14:08:27Z</time>
        <hdop>1.7</hdop>
        <extensions>
          <speed>1.039</speed>
        </extensions>
      </trkpt>
      <trkpt lat="56.0542783" lon="28.1156483">
        <ele>135.9</ele>
        <time>2022-02-05T14:08:33Z</time>
        <hdop>1.8</hdop>
        <extensions>
          <speed>0.99</speed>
        </extensions>
      </trkpt>
      <trkpt lat="56.05431" lon="28.115565">
        <ele>136.1</ele>
        <time>2022-02-05T14:08:39Z</time>
        <hdop>1.8</hdop>
        <extensions>
          <speed>1.01</speed>
        </extensions>
      </trkpt>
      <trkpt lat="56.05431" lon="28.1154383">
        <ele>135.8</ele>
        <time>2022-02-05T14:08:45Z</time>
        <hdop>1.9</hdop>
        <extensions>
          <speed>1.118</speed>
        </extensions>
      </trkpt>
      <trkpt lat="56.054325" lon="28.1153383">
        <ele>136.1</ele>
        <time>2022-02-05T14:08:51Z</time>
        <hdop>1.8</hdop>
        <extensions>
          <speed>1.212</speed>
        </extensions>
      </trkpt>
      <trkpt lat="56.0543417" lon="28.1152483">
        <ele>136.6</ele>
        <time>2022-02-05T14:08:57Z</time>
        <hdop>1.8</hdop>
        <extensions>
          <speed>0.909</speed>
        </extensions>
      </trkpt>
      <trkpt lat="56.0543717" lon="28.1151567">
        <ele>136.6</ele>
        <time>2022-02-05T14:09:03Z</time>
        <hdop>1.9</hdop>
        <extensions>
          <speed>0.908</speed>
        </extensions>
      </trkpt>
      <trkpt lat="56.0543683" lon="28.115055">
        <ele>136.4</ele>
        <time>2022-02-05T14:09:09Z</time>
        <hdop>1.8</hdop>
        <extensions>
          <speed>1.044</speed>
        </extensions>
      </trkpt>
      <trkpt lat="56.0543767" lon="28.1149533">
        <ele>135.9</ele>
        <time>2022-02-05T14:09:15Z</time>
        <hdop>1.7</hdop>
        <extensions>
          <speed>1</speed>
        </extensions>
      </trkpt>
      <trkpt lat="56.05438" lon="28.1148483">
        <ele>136.3</ele>
        <time>2022-02-05T14:09:21Z</time>
        <hdop>1.6</hdop>
        <extensions>
          <speed>0.913</speed>
        </extensions>
      </trkpt>
      <trkpt lat="56.0543733" lon="28.1147783">
        <ele>136.3</ele>
        <time>2022-02-05T14:09:27Z</time>
        <hdop>1.6</hdop>
        <extensions>
          <speed>0.81</speed>
        </extensions>
      </trkpt>
      <trkpt lat="56.0543633" lon="28.114685">
        <ele>136.5</ele>
        <time>2022-02-05T14:09:33Z</time>
        <hdop>1.6</hdop>
        <extensions>
          <speed>0.806</speed>
        </extensions>
      </trkpt>
      <trkpt lat="56.0543483" lon="28.1145917">
        <ele>136.5</ele>
        <time>2022-02-05T14:09:39Z</time>
        <hdop>1.6</hdop>
        <extensions>
          <speed>0.821</speed>
        </extensions>
      </trkpt>
      <trkpt lat="56.0543283" lon="28.1144967">
        <ele>136.3</ele>
        <time>2022-02-05T14:09:45Z</time>
        <hdop>1.6</hdop>
        <extensions>
          <speed>0.87</speed>
        </extensions>
      </trkpt>
      <trkpt lat="56.0543167" lon="28.11444">
        <ele>136.4</ele>
        <time>2022-02-05T14:09:51Z</time>
        <hdop>1.6</hdop>
        <extensions>
          <speed>0.685</speed>
        </extensions>
      </trkpt>
      <trkpt lat="56.0543017" lon="28.1143617">
        <ele>136.8</ele>
        <time>2022-02-05T14:09:57Z</time>
        <hdop>1.6</hdop>
        <extensions>
          <speed>0.574</speed>
        </extensions>
      </trkpt>
      <trkpt lat="56.054285" lon="28.1142883">
        <ele>136.5</ele>
        <time>2022-02-05T14:10:03Z</time>
        <hdop>1.6</hdop>
        <extensions>
          <speed>0.774</speed>
        </extensions>
      </trkpt>
      <trkpt lat="56.0542667" lon="28.1142233">
        <ele>137.3</ele>
        <time>2022-02-05T14:10:09Z</time>
        <hdop>1.6</hdop>
        <extensions>
          <speed>0.68</speed>
        </extensions>
      </trkpt>
      <trkpt lat="56.05424" lon="28.114155">
        <ele>137.7</ele>
        <time>2022-02-05T14:10:15Z</time>
        <hdop>1.6</hdop>
        <extensions>
          <speed>0.654</speed>
        </extensions>
      </trkpt>
      <trkpt lat="56.0542233" lon="28.11407">
        <ele>137.8</ele>
        <time>2022-02-05T14:10:21Z</time>
        <hdop>1.6</hdop>
        <extensions>
          <speed>0.735</speed>
        </extensions>
      </trkpt>
      <trkpt lat="56.0542117" lon="28.1140133">
        <ele>138.3</ele>
        <time>2022-02-05T14:10:27Z</time>
        <hdop>1.6</hdop>
        <extensions>
          <speed>0.656</speed>
        </extensions>
      </trkpt>
      <trkpt lat="56.0542017" lon="28.11396">
        <ele>137.9</ele>
        <time>2022-02-05T14:10:33Z</time>
        <hdop>1.6</hdop>
        <extensions>
          <speed>0.607</speed>
        </extensions>
      </trkpt>
      <trkpt lat="56.054195" lon="28.113925">
        <ele>138.1</ele>
        <time>2022-02-05T14:10:39Z</time>
        <hdop>1.6</hdop>
        <extensions>
          <speed>0.542</speed>
        </extensions>
      </trkpt>
      <trkpt lat="56.0541717" lon="28.11386">
        <ele>137.9</ele>
        <time>2022-02-05T14:10:45Z</time>
        <hdop>1.6</hdop>
        <extensions>
          <speed>0.575</speed>
        </extensions>
      </trkpt>
      <trkpt lat="56.054155" lon="28.1137583">
        <ele>137.7</ele>
        <time>2022-02-05T14:10:51Z</time>
        <hdop>1.8</hdop>
        <extensions>
          <speed>1.026</speed>
        </extensions>
      </trkpt>
      <trkpt lat="56.054125" lon="28.1136967">
        <ele>137.4</ele>
        <time>2022-02-05T14:10:57Z</time>
        <hdop>1.7</hdop>
        <extensions>
          <speed>0.977</speed>
        </extensions>
      </trkpt>
      <trkpt lat="56.0541067" lon="28.1136433">
        <ele>136.7</ele>
        <time>2022-02-05T14:11:03Z</time>
        <hdop>1.7</hdop>
        <extensions>
          <speed>0.753</speed>
        </extensions>
      </trkpt>
      <trkpt lat="56.0540833" lon="28.1135917">
        <ele>135.8</ele>
        <time>2022-02-05T14:11:09Z</time>
        <hdop>1.7</hdop>
        <extensions>
          <speed>0.698</speed>
        </extensions>
      </trkpt>
      <trkpt lat="56.0540483" lon="28.1135467">
        <ele>135</ele>
        <time>2022-02-05T14:11:15Z</time>
        <hdop>1.7</hdop>
        <extensions>
          <speed>0.76</speed>
        </extensions>
      </trkpt>
      <trkpt lat="56.0540267" lon="28.1135117">
        <ele>135.4</ele>
        <time>2022-02-05T14:11:21Z</time>
        <hdop>1.6</hdop>
        <extensions>
          <speed>0.67</speed>
        </extensions>
      </trkpt>
      <trkpt lat="56.05398" lon="28.1134733">
        <ele>135.8</ele>
        <time>2022-02-05T14:11:27Z</time>
        <hdop>1.6</hdop>
        <extensions>
          <speed>0.72</speed>
        </extensions>
      </trkpt>
      <trkpt lat="56.0539667" lon="28.11344">
        <ele>135.7</ele>
        <time>2022-02-05T14:11:34Z</time>
        <hdop>1.6</hdop>
        <extensions>
          <speed>0.562</speed>
        </extensions>
      </trkpt>
      <trkpt lat="56.0539567" lon="28.1134">
        <ele>135.5</ele>
        <time>2022-02-05T14:11:39Z</time>
        <hdop>1.7</hdop>
        <extensions>
          <speed>0.548</speed>
        </extensions>
      </trkpt>
      <trkpt lat="56.0539417" lon="28.1133517">
        <ele>135</ele>
        <time>2022-02-05T14:11:45Z</time>
        <hdop>1.7</hdop>
        <extensions>
          <speed>0.599</speed>
        </extensions>
      </trkpt>
      <trkpt lat="56.0539117" lon="28.113295">
        <ele>135.5</ele>
        <time>2022-02-05T14:11:51Z</time>
        <hdop>1.7</hdop>
        <extensions>
          <speed>0.781</speed>
        </extensions>
      </trkpt>
      <trkpt lat="56.0538783" lon="28.11323">
        <ele>136.2</ele>
        <time>2022-02-05T14:11:57Z</time>
        <hdop>1.7</hdop>
        <extensions>
          <speed>0.824</speed>
        </extensions>
      </trkpt>
      <trkpt lat="56.0538533" lon="28.1131917">
        <ele>136.7</ele>
        <time>2022-02-05T14:12:03Z</time>
        <hdop>1.7</hdop>
        <extensions>
          <speed>0.672</speed>
        </extensions>
      </trkpt>
      <trkpt lat="56.0538133" lon="28.11313">
        <ele>137.1</ele>
        <time>2022-02-05T14:12:09Z</time>
        <hdop>1.7</hdop>
        <extensions>
          <speed>0.692</speed>
        </extensions>
      </trkpt>
      <trkpt lat="56.053795" lon="28.113075">
        <ele>137.4</ele>
        <time>2022-02-05T14:12:15Z</time>
        <hdop>1.7</hdop>
        <extensions>
          <speed>0.714</speed>
        </extensions>
      </trkpt>
      <trkpt lat="56.0537717" lon="28.1130517">
        <ele>137.8</ele>
        <time>2022-02-05T14:12:21Z</time>
        <hdop>1.6</hdop>
        <extensions>
          <speed>0.639</speed>
        </extensions>
      </trkpt>
      <trkpt lat="56.0537533" lon="28.11305">
        <ele>138.7</ele>
        <time>2022-02-05T14:12:27Z</time>
        <hdop>1.8</hdop>
      </trkpt>
      <trkpt lat="56.0537367" lon="28.1130183">
        <ele>138.9</ele>
        <time>2022-02-05T14:12:46Z</time>
        <hdop>1.5</hdop>
        <extensions>
          <speed>0.355</speed>
        </extensions>
      </trkpt>
      <trkpt lat="56.05371" lon="28.11299">
        <ele>138.8</ele>
        <time>2022-02-05T14:12:51Z</time>
        <hdop>1.5</hdop>
        <extensions>
          <speed>0.599</speed>
        </extensions>
      </trkpt>
      <trkpt lat="56.0536767" lon="28.11296">
        <ele>138.4</ele>
        <time>2022-02-05T14:12:57Z</time>
        <hdop>1.6</hdop>
        <extensions>
          <speed>0.754</speed>
        </extensions>
      </trkpt>
      <trkpt lat="56.0536283" lon="28.112935">
        <ele>139.1</ele>
        <time>2022-02-05T14:13:03Z</time>
        <hdop>1.6</hdop>
        <extensions>
          <speed>0.795</speed>
        </extensions>
      </trkpt>
      <trkpt lat="56.05358" lon="28.1129533">
        <ele>139.8</ele>
        <time>2022-02-05T14:13:09Z</time>
        <hdop>1.7</hdop>
        <extensions>
          <speed>0.724</speed>
        </extensions>
      </trkpt>
      <trkpt lat="56.053565" lon="28.1129717">
        <ele>140.4</ele>
        <time>2022-02-05T14:13:15Z</time>
        <hdop>1.7</hdop>
        <extensions>
          <speed>0.498</speed>
        </extensions>
      </trkpt>
      <trkpt lat="56.05356" lon="28.1129333">
        <ele>139.8</ele>
        <time>2022-02-05T14:13:21Z</time>
        <hdop>1.6</hdop>
      </trkpt>
      <trkpt lat="56.0535467" lon="28.1129117">
        <ele>140</ele>
        <time>2022-02-05T14:13:48Z</time>
        <hdop>1.2</hdop>
        <extensions>
          <speed>0.289</speed>
        </extensions>
      </trkpt>
      <trkpt lat="56.0535233" lon="28.11284">
        <ele>139.8</ele>
        <time>2022-02-05T14:13:53Z</time>
        <hdop>1.4</hdop>
        <extensions>
          <speed>0.673</speed>
        </extensions>
      </trkpt>
      <trkpt lat="56.0535067" lon="28.112755">
        <ele>139.7</ele>
        <time>2022-02-05T14:13:59Z</time>
        <hdop>1.4</hdop>
        <extensions>
          <speed>0.835</speed>
        </extensions>
      </trkpt>
      <trkpt lat="56.053495" lon="28.1126833">
        <ele>139.8</ele>
        <time>2022-02-05T14:14:04Z</time>
        <hdop>1.4</hdop>
        <extensions>
          <speed>0.805</speed>
        </extensions>
      </trkpt>
      <trkpt lat="56.0534833" lon="28.11261">
        <ele>139.4</ele>
        <time>2022-02-05T14:14:09Z</time>
        <hdop>1.5</hdop>
        <extensions>
          <speed>0.762</speed>
        </extensions>
      </trkpt>
      <trkpt lat="56.0534717" lon="28.1125167">
        <ele>138.5</ele>
        <time>2022-02-05T14:14:15Z</time>
        <hdop>1.6</hdop>
        <extensions>
          <speed>0.807</speed>
        </extensions>
      </trkpt>
      <trkpt lat="56.0534633" lon="28.1124433">
        <ele>138.3</ele>
        <time>2022-02-05T14:14:21Z</time>
        <hdop>1.6</hdop>
        <extensions>
          <speed>0.858</speed>
        </extensions>
      </trkpt>
      <trkpt lat="56.053455" lon="28.1123633">
        <ele>138.5</ele>
        <time>2022-02-05T14:14:27Z</time>
        <hdop>1.5</hdop>
        <extensions>
          <speed>0.673</speed>
        </extensions>
      </trkpt>
      <trkpt lat="56.053465" lon="28.1123017">
        <ele>137.9</ele>
        <time>2022-02-05T14:14:33Z</time>
        <hdop>1.6</hdop>
        <extensions>
          <speed>0.668</speed>
        </extensions>
      </trkpt>
      <trkpt lat="56.05345" lon="28.1122317">
        <ele>137.5</ele>
        <time>2022-02-05T14:14:39Z</time>
        <hdop>1.6</hdop>
        <extensions>
          <speed>0.669</speed>
        </extensions>
      </trkpt>
      <trkpt lat="56.0534367" lon="28.112195">
        <ele>137.3</ele>
        <time>2022-02-05T14:14:45Z</time>
        <hdop>1.5</hdop>
        <extensions>
          <speed>0.567</speed>
        </extensions>
      </trkpt>
      <trkpt lat="56.0534467" lon="28.1121517">
        <ele>137.3</ele>
        <time>2022-02-05T14:15:21Z</time>
        <hdop>1.2</hdop>
        <extensions>
          <speed>0.178</speed>
        </extensions>
      </trkpt>
      <trkpt lat="56.05344" lon="28.1120967">
        <ele>137.2</ele>
        <time>2022-02-05T14:15:27Z</time>
        <hdop>1.5</hdop>
        <extensions>
          <speed>0.574</speed>
        </extensions>
      </trkpt>
      <trkpt lat="56.0534117" lon="28.1120483">
        <ele>136.8</ele>
        <time>2022-02-05T14:15:33Z</time>
        <hdop>1.6</hdop>
        <extensions>
          <speed>0.79</speed>
        </extensions>
      </trkpt>
      <trkpt lat="56.0533883" lon="28.11196">
        <ele>136.6</ele>
        <time>2022-02-05T14:15:39Z</time>
        <hdop>1.7</hdop>
        <extensions>
          <speed>0.832</speed>
        </extensions>
      </trkpt>
      <trkpt lat="56.0533717" lon="28.111895">
        <ele>136.4</ele>
        <time>2022-02-05T14:15:45Z</time>
        <hdop>1.8</hdop>
        <extensions>
          <speed>0.793</speed>
        </extensions>
      </trkpt>
      <trkpt lat="56.053365" lon="28.1118317">
        <ele>136.7</ele>
        <time>2022-02-05T14:15:51Z</time>
        <hdop>1.8</hdop>
        <extensions>
          <speed>0.728</speed>
        </extensions>
      </trkpt>
      <trkpt lat="56.053335" lon="28.11177">
        <ele>136.7</ele>
        <time>2022-02-05T14:15:57Z</time>
        <hdop>1.7</hdop>
        <extensions>
          <speed>0.606</speed>
        </extensions>
      </trkpt>
      <trkpt lat="56.0533483" lon="28.1117033">
        <ele>136.7</ele>
        <time>2022-02-05T14:16:03Z</time>
        <hdop>1.8</hdop>
        <extensions>
          <speed>0.628</speed>
        </extensions>
      </trkpt>
      <trkpt lat="56.0533667" lon="28.1116167">
        <ele>136.7</ele>
        <time>2022-02-05T14:16:09Z</time>
        <hdop>1.7</hdop>
        <extensions>
          <speed>0.725</speed>
        </extensions>
      </trkpt>
      <trkpt lat="56.0533633" lon="28.1115683">
        <ele>137.3</ele>
        <time>2022-02-05T14:16:15Z</time>
        <hdop>1.7</hdop>
        <extensions>
          <speed>0.616</speed>
        </extensions>
      </trkpt>
      <trkpt lat="56.0533483" lon="28.1114983">
        <ele>137.5</ele>
        <time>2022-02-05T14:16:21Z</time>
        <hdop>1.6</hdop>
        <extensions>
          <speed>0.451</speed>
        </extensions>
      </trkpt>
      <trkpt lat="56.053355" lon="28.111465">
        <ele>137.5</ele>
        <time>2022-02-05T14:16:27Z</time>
        <hdop>1.5</hdop>
        <extensions>
          <speed>0.484</speed>
        </extensions>
      </trkpt>
      <trkpt lat="56.0533917" lon="28.111395">
        <ele>136</ele>
        <time>2022-02-05T14:16:33Z</time>
        <hdop>1.5</hdop>
        <extensions>
          <speed>0.659</speed>
        </extensions>
      </trkpt>
      <trkpt lat="56.0534217" lon="28.1113283">
        <ele>136.2</ele>
        <time>2022-02-05T14:16:39Z</time>
        <hdop>1.4</hdop>
        <extensions>
          <speed>0.703</speed>
        </extensions>
      </trkpt>
      <trkpt lat="56.0534267" lon="28.1112467">
        <ele>136.6</ele>
        <time>2022-02-05T14:16:45Z</time>
        <hdop>1.5</hdop>
        <extensions>
          <speed>0.645</speed>
        </extensions>
      </trkpt>
      <trkpt lat="56.053405" lon="28.1111283">
        <ele>136.8</ele>
        <time>2022-02-05T14:16:51Z</time>
        <hdop>1.6</hdop>
        <extensions>
          <speed>0.962</speed>
        </extensions>
      </trkpt>
      <trkpt lat="56.05339" lon="28.111045">
        <ele>135.6</ele>
        <time>2022-02-05T14:16:57Z</time>
        <hdop>1.7</hdop>
        <extensions>
          <speed>0.928</speed>
        </extensions>
      </trkpt>
      <trkpt lat="56.053375" lon="28.1109833">
        <ele>136.4</ele>
        <time>2022-02-05T14:17:03Z</time>
        <hdop>1.7</hdop>
        <extensions>
          <speed>0.744</speed>
        </extensions>
      </trkpt>
      <trkpt lat="56.0533567" lon="28.11098">
        <ele>139.3</ele>
        <time>2022-02-05T14:17:11Z</time>
        <hdop>1.6</hdop>
        <extensions>
          <speed>0.508</speed>
        </extensions>
      </trkpt>
      <trkpt lat="56.05333" lon="28.1109083">
        <ele>139</ele>
        <time>2022-02-05T14:17:17Z</time>
        <hdop>1.7</hdop>
      </trkpt>
      <trkpt lat="56.0533183" lon="28.1108667">
        <ele>140.3</ele>
        <time>2022-02-05T14:17:30Z</time>
        <hdop>1.7</hdop>
        <extensions>
          <speed>0.558</speed>
        </extensions>
      </trkpt>
      <trkpt lat="56.053315" lon="28.1108183">
        <ele>140.8</ele>
        <time>2022-02-05T14:17:35Z</time>
        <hdop>1.7</hdop>
        <extensions>
          <speed>0.587</speed>
        </extensions>
      </trkpt>
      <trkpt lat="56.0533217" lon="28.1107883">
        <ele>140</ele>
        <time>2022-02-05T14:17:43Z</time>
        <hdop>1.3</hdop>
        <extensions>
          <speed>0.382</speed>
        </extensions>
      </trkpt>
      <trkpt lat="56.05332" lon="28.1107017">
        <ele>141.2</ele>
        <time>2022-02-05T14:17:49Z</time>
        <hdop>1.6</hdop>
        <extensions>
          <speed>0.767</speed>
        </extensions>
      </trkpt>
      <trkpt lat="56.0532917" lon="28.1105883">
        <ele>142.2</ele>
        <time>2022-02-05T14:17:55Z</time>
        <hdop>1.8</hdop>
        <extensions>
          <speed>1.211</speed>
        </extensions>
      </trkpt>
      <trkpt lat="56.05326" lon="28.1104517">
        <ele>143.3</ele>
        <time>2022-02-05T14:18:00Z</time>
        <hdop>1.7</hdop>
        <extensions>
          <speed>1.427</speed>
        </extensions>
      </trkpt>
      <trkpt lat="56.0532483" lon="28.1103517">
        <ele>144</ele>
        <time>2022-02-05T14:18:05Z</time>
        <hdop>1.7</hdop>
        <extensions>
          <speed>1.563</speed>
        </extensions>
      </trkpt>
      <trkpt lat="56.0532283" lon="28.1103033">
        <ele>144.4</ele>
        <time>2022-02-05T14:18:11Z</time>
        <hdop>1.8</hdop>
        <extensions>
          <speed>1.124</speed>
        </extensions>
      </trkpt>
      <trkpt lat="56.0532067" lon="28.1102267">
        <ele>144.2</ele>
        <time>2022-02-05T14:18:16Z</time>
        <hdop>1.7</hdop>
        <extensions>
          <speed>0.859</speed>
        </extensions>
      </trkpt>
      <trkpt lat="56.053185" lon="28.11013">
        <ele>144.3</ele>
        <time>2022-02-05T14:18:21Z</time>
        <hdop>1.6</hdop>
        <extensions>
          <speed>1.093</speed>
        </extensions>
      </trkpt>
      <trkpt lat="56.053155" lon="28.11004">
        <ele>144.8</ele>
        <time>2022-02-05T14:18:27Z</time>
        <hdop>1.7</hdop>
        <extensions>
          <speed>1.092</speed>
        </extensions>
      </trkpt>
      <trkpt lat="56.0531467" lon="28.1099433">
        <ele>145.3</ele>
        <time>2022-02-05T14:18:33Z</time>
        <hdop>1.6</hdop>
        <extensions>
          <speed>0.931</speed>
        </extensions>
      </trkpt>
      <trkpt lat="56.0531283" lon="28.1098517">
        <ele>145.9</ele>
        <time>2022-02-05T14:18:39Z</time>
        <hdop>1.6</hdop>
        <extensions>
          <speed>0.807</speed>
        </extensions>
      </trkpt>
      <trkpt lat="56.0531283" lon="28.1097717">
        <ele>146.4</ele>
        <time>2022-02-05T14:18:45Z</time>
        <hdop>1.6</hdop>
        <extensions>
          <speed>0.652</speed>
        </extensions>
      </trkpt>
      <trkpt lat="56.05312" lon="28.10972">
        <ele>146.8</ele>
        <time>2022-02-05T14:18:51Z</time>
        <hdop>1.6</hdop>
        <extensions>
          <speed>0.592</speed>
        </extensions>
      </trkpt>
      <trkpt lat="56.0530667" lon="28.1096083">
        <ele>146.8</ele>
        <time>2022-02-05T14:18:57Z</time>
        <hdop>1.6</hdop>
        <extensions>
          <speed>1.093</speed>
        </extensions>
      </trkpt>
      <trkpt lat="56.0530583" lon="28.1095317">
        <ele>146.3</ele>
        <time>2022-02-05T14:19:03Z</time>
        <hdop>1.6</hdop>
        <extensions>
          <speed>0.838</speed>
        </extensions>
      </trkpt>
      <trkpt lat="56.0530417" lon="28.10947">
        <ele>146.5</ele>
        <time>2022-02-05T14:19:09Z</time>
        <hdop>1.4</hdop>
        <extensions>
          <speed>0.609</speed>
        </extensions>
      </trkpt>
      <trkpt lat="56.0530167" lon="28.1094">
        <ele>145.5</ele>
        <time>2022-02-05T14:19:15Z</time>
        <hdop>1.6</hdop>
        <extensions>
          <speed>0.812</speed>
        </extensions>
      </trkpt>
      <trkpt lat="56.0529933" lon="28.1093117">
        <ele>144.2</ele>
        <time>2022-02-05T14:19:21Z</time>
        <hdop>1.6</hdop>
        <extensions>
          <speed>0.824</speed>
        </extensions>
      </trkpt>
      <trkpt lat="56.0529667" lon="28.1092033">
        <ele>143.1</ele>
        <time>2022-02-05T14:19:27Z</time>
        <hdop>1.7</hdop>
        <extensions>
          <speed>1.185</speed>
        </extensions>
      </trkpt>
      <trkpt lat="56.0529333" lon="28.1090983">
        <ele>142.5</ele>
        <time>2022-02-05T14:19:33Z</time>
        <hdop>1.6</hdop>
        <extensions>
          <speed>1.081</speed>
        </extensions>
      </trkpt>
      <trkpt lat="56.05291" lon="28.1089933">
        <ele>141.8</ele>
        <time>2022-02-05T14:19:39Z</time>
        <hdop>1.6</hdop>
        <extensions>
          <speed>0.869</speed>
        </extensions>
      </trkpt>
      <trkpt lat="56.0528833" lon="28.1088933">
        <ele>141.1</ele>
        <time>2022-02-05T14:19:45Z</time>
        <hdop>1.6</hdop>
        <extensions>
          <speed>1.104</speed>
        </extensions>
      </trkpt>
      <trkpt lat="56.0528733" lon="28.1088133">
        <ele>140.6</ele>
        <time>2022-02-05T14:19:51Z</time>
        <hdop>1.6</hdop>
        <extensions>
          <speed>1.008</speed>
        </extensions>
      </trkpt>
      <trkpt lat="56.0528533" lon="28.1087417">
        <ele>140.1</ele>
        <time>2022-02-05T14:19:57Z</time>
        <hdop>1.5</hdop>
        <extensions>
          <speed>0.789</speed>
        </extensions>
      </trkpt>
      <trkpt lat="56.0528383" lon="28.1086283">
        <ele>139.6</ele>
        <time>2022-02-05T14:20:03Z</time>
        <hdop>1.6</hdop>
        <extensions>
          <speed>0.977</speed>
        </extensions>
      </trkpt>
      <trkpt lat="56.052845" lon="28.1085433">
        <ele>139.1</ele>
        <time>2022-02-05T14:20:09Z</time>
        <hdop>1.6</hdop>
        <extensions>
          <speed>0.925</speed>
        </extensions>
      </trkpt>
      <trkpt lat="56.052835" lon="28.108465">
        <ele>138.7</ele>
        <time>2022-02-05T14:20:15Z</time>
        <hdop>1.6</hdop>
        <extensions>
          <speed>0.87</speed>
        </extensions>
      </trkpt>
      <trkpt lat="56.052825" lon="28.1083717">
        <ele>137.6</ele>
        <time>2022-02-05T14:20:21Z</time>
        <hdop>1.5</hdop>
        <extensions>
          <speed>0.828</speed>
        </extensions>
      </trkpt>
      <trkpt lat="56.0528283" lon="28.1083">
        <ele>136.8</ele>
        <time>2022-02-05T14:20:27Z</time>
        <hdop>1.5</hdop>
        <extensions>
          <speed>0.86</speed>
        </extensions>
      </trkpt>
      <trkpt lat="56.0528217" lon="28.1082467">
        <ele>135.8</ele>
        <time>2022-02-05T14:20:33Z</time>
        <hdop>1.5</hdop>
        <extensions>
          <speed>0.635</speed>
        </extensions>
      </trkpt>
      <trkpt lat="56.052815" lon="28.1082117">
        <ele>135.1</ele>
        <time>2022-02-05T14:20:39Z</time>
        <hdop>1.5</hdop>
        <extensions>
          <speed>0.427</speed>
        </extensions>
      </trkpt>
      <trkpt lat="56.052805" lon="28.10813">
        <ele>133.3</ele>
        <time>2022-02-05T14:20:45Z</time>
        <hdop>1.5</hdop>
        <extensions>
          <speed>0.583</speed>
        </extensions>
      </trkpt>
      <trkpt lat="56.0527917" lon="28.10806">
        <ele>131.8</ele>
        <time>2022-02-05T14:20:51Z</time>
        <hdop>1.5</hdop>
        <extensions>
          <speed>0.814</speed>
        </extensions>
      </trkpt>
      <trkpt lat="56.0528183" lon="28.1080417">
        <ele>132.4</ele>
        <time>2022-02-05T14:23:11Z</time>
        <hdop>1.2</hdop>
        <extensions>
          <speed>0.279</speed>
        </extensions>
      </trkpt>
      <trkpt lat="56.05278" lon="28.1080733">
        <ele>132.9</ele>
        <time>2022-02-05T14:25:37Z</time>
        <hdop>1.5</hdop>
        <extensions>
          <speed>0.308</speed>
        </extensions>
      </trkpt>
      <trkpt lat="56.0527833" lon="28.1081117">
        <ele>133.4</ele>
        <time>2022-02-05T14:25:43Z</time>
        <hdop>1.6</hdop>
        <extensions>
          <speed>0.517</speed>
        </extensions>
      </trkpt>
      <trkpt lat="56.0527483" lon="28.1080683">
        <ele>129.7</ele>
        <time>2022-02-05T14:27:51Z</time>
        <hdop>1.3</hdop>
        <extensions>
          <speed>0.281</speed>
        </extensions>
      </trkpt>
      <trkpt lat="56.0527083" lon="28.1080267">
        <ele>131.1</ele>
        <time>2022-02-05T14:27:57Z</time>
        <hdop>1.7</hdop>
        <extensions>
          <speed>0.661</speed>
        </extensions>
      </trkpt>
      <trkpt lat="56.0526717" lon="28.107995">
        <ele>131.7</ele>
        <time>2022-02-05T14:28:03Z</time>
        <hdop>1.6</hdop>
        <extensions>
          <speed>0.779</speed>
        </extensions>
      </trkpt>
      <trkpt lat="56.05265" lon="28.1079517">
        <ele>131.5</ele>
        <time>2022-02-05T14:28:09Z</time>
        <hdop>1.6</hdop>
        <extensions>
          <speed>0.777</speed>
        </extensions>
      </trkpt>
      <trkpt lat="56.0526367" lon="28.10792">
        <ele>130.6</ele>
        <time>2022-02-05T14:28:26Z</time>
        <hdop>1.5</hdop>
      </trkpt>
      <trkpt lat="56.0526033" lon="28.10789">
        <ele>130.1</ele>
        <time>2022-02-05T14:28:32Z</time>
        <hdop>1.6</hdop>
        <extensions>
          <speed>0.572</speed>
        </extensions>
      </trkpt>
      <trkpt lat="56.0525667" lon="28.1078567">
        <ele>129.7</ele>
        <time>2022-02-05T14:28:37Z</time>
        <hdop>1.6</hdop>
        <extensions>
          <speed>0.749</speed>
        </extensions>
      </trkpt>
      <trkpt lat="56.0525483" lon="28.1078267">
        <ele>128.4</ele>
        <time>2022-02-05T14:28:44Z</time>
        <hdop>1.7</hdop>
        <extensions>
          <speed>0.683</speed>
        </extensions>
      </trkpt>
      <trkpt lat="56.0525233" lon="28.1078067">
        <ele>126.9</ele>
        <time>2022-02-05T14:28:49Z</time>
        <hdop>1.7</hdop>
        <extensions>
          <speed>0.731</speed>
        </extensions>
      </trkpt>
      <trkpt lat="56.05249" lon="28.1077933">
        <ele>126.1</ele>
        <time>2022-02-05T14:28:54Z</time>
        <hdop>1.7</hdop>
        <extensions>
          <speed>0.817</speed>
        </extensions>
      </trkpt>
      <trkpt lat="56.0524383" lon="28.1077917">
        <ele>126.1</ele>
        <time>2022-02-05T14:28:59Z</time>
        <hdop>1.7</hdop>
        <extensions>
          <speed>0.967</speed>
        </extensions>
      </trkpt>
      <trkpt lat="56.0523867" lon="28.107815">
        <ele>126.1</ele>
        <time>2022-02-05T14:29:05Z</time>
        <hdop>1.6</hdop>
        <extensions>
          <speed>1.041</speed>
        </extensions>
      </trkpt>
      <trkpt lat="56.05234" lon="28.107855">
        <ele>126.2</ele>
        <time>2022-02-05T14:29:11Z</time>
        <hdop>1.6</hdop>
        <extensions>
          <speed>0.852</speed>
        </extensions>
      </trkpt>
      <trkpt lat="56.052285" lon="28.10788">
        <ele>126.2</ele>
        <time>2022-02-05T14:29:16Z</time>
        <hdop>1.5</hdop>
        <extensions>
          <speed>0.973</speed>
        </extensions>
      </trkpt>
      <trkpt lat="56.05224" lon="28.1078867">
        <ele>126.4</ele>
        <time>2022-02-05T14:29:21Z</time>
        <hdop>1.5</hdop>
        <extensions>
          <speed>1.03</speed>
        </extensions>
      </trkpt>
      <trkpt lat="56.0521917" lon="28.10792">
        <ele>126.6</ele>
        <time>2022-02-05T14:29:27Z</time>
        <hdop>1.6</hdop>
        <extensions>
          <speed>0.869</speed>
        </extensions>
      </trkpt>
      <trkpt lat="56.0521317" lon="28.10794">
        <ele>126.7</ele>
        <time>2022-02-05T14:29:33Z</time>
        <hdop>1.6</hdop>
        <extensions>
          <speed>0.852</speed>
        </extensions>
      </trkpt>
      <trkpt lat="56.0520717" lon="28.107975">
        <ele>127</ele>
        <time>2022-02-05T14:29:39Z</time>
        <hdop>1.7</hdop>
        <extensions>
          <speed>1.09</speed>
        </extensions>
      </trkpt>
      <trkpt lat="56.0520167" lon="28.1080067">
        <ele>126.8</ele>
        <time>2022-02-05T14:29:45Z</time>
        <hdop>1.7</hdop>
        <extensions>
          <speed>1.165</speed>
        </extensions>
      </trkpt>
      <trkpt lat="56.0519533" lon="28.10803">
        <ele>127.2</ele>
        <time>2022-02-05T14:29:51Z</time>
        <hdop>1.8</hdop>
        <extensions>
          <speed>1.135</speed>
        </extensions>
      </trkpt>
      <trkpt lat="56.0518917" lon="28.1080317">
        <ele>128.4</ele>
        <time>2022-02-05T14:29:57Z</time>
        <hdop>1.8</hdop>
        <extensions>
          <speed>1.175</speed>
        </extensions>
      </trkpt>
      <trkpt lat="56.051835" lon="28.1080633">
        <ele>129.9</ele>
        <time>2022-02-05T14:30:03Z</time>
        <hdop>1.8</hdop>
        <extensions>
          <speed>1.059</speed>
        </extensions>
      </trkpt>
      <trkpt lat="56.0517733" lon="28.1080783">
        <ele>131.7</ele>
        <time>2022-02-05T14:30:09Z</time>
        <hdop>1.7</hdop>
        <extensions>
          <speed>1.193</speed>
        </extensions>
      </trkpt>
      <trkpt lat="56.0517233" lon="28.1080783">
        <ele>132.8</ele>
        <time>2022-02-05T14:30:15Z</time>
        <hdop>1.6</hdop>
        <extensions>
          <speed>0.987</speed>
        </extensions>
      </trkpt>
      <trkpt lat="56.0516633" lon="28.1080917">
        <ele>133.4</ele>
        <time>2022-02-05T14:30:21Z</time>
        <hdop>1.7</hdop>
        <extensions>
          <speed>0.954</speed>
        </extensions>
      </trkpt>
      <trkpt lat="56.051605" lon="28.108105">
        <ele>133.3</ele>
        <time>2022-02-05T14:30:27Z</time>
        <hdop>1.6</hdop>
        <extensions>
          <speed>0.964</speed>
        </extensions>
      </trkpt>
      <trkpt lat="56.0515567" lon="28.1080883">
        <ele>133.2</ele>
        <time>2022-02-05T14:30:33Z</time>
        <hdop>1.6</hdop>
        <extensions>
          <speed>0.898</speed>
        </extensions>
      </trkpt>
      <trkpt lat="56.0514917" lon="28.1080533">
        <ele>132</ele>
        <time>2022-02-05T14:30:39Z</time>
        <hdop>1.7</hdop>
        <extensions>
          <speed>0.83</speed>
        </extensions>
      </trkpt>
      <trkpt lat="56.0514383" lon="28.1080333">
        <ele>131.6</ele>
        <time>2022-02-05T14:30:45Z</time>
        <hdop>1.6</hdop>
        <extensions>
          <speed>0.981</speed>
        </extensions>
      </trkpt>
      <trkpt lat="56.0513917" lon="28.1080067">
        <ele>131.4</ele>
        <time>2022-02-05T14:30:51Z</time>
        <hdop>1.5</hdop>
        <extensions>
          <speed>0.868</speed>
        </extensions>
      </trkpt>
      <trkpt lat="56.0513433" lon="28.10801">
        <ele>132.1</ele>
        <time>2022-02-05T14:30:57Z</time>
        <hdop>1.6</hdop>
        <extensions>
          <speed>1.011</speed>
        </extensions>
      </trkpt>
      <trkpt lat="56.0512983" lon="28.1080233">
        <ele>132.2</ele>
        <time>2022-02-05T14:31:03Z</time>
        <hdop>1.6</hdop>
        <extensions>
          <speed>0.874</speed>
        </extensions>
      </trkpt>
      <trkpt lat="56.05126" lon="28.1080517">
        <ele>132.4</ele>
        <time>2022-02-05T14:31:09Z</time>
        <hdop>1.6</hdop>
        <extensions>
          <speed>0.652</speed>
        </extensions>
      </trkpt>
      <trkpt lat="56.05121" lon="28.1080983">
        <ele>132.4</ele>
        <time>2022-02-05T14:31:15Z</time>
        <hdop>1.7</hdop>
        <extensions>
          <speed>0.777</speed>
        </extensions>
      </trkpt>
      <trkpt lat="56.0511617" lon="28.1081417">
        <ele>132.3</ele>
        <time>2022-02-05T14:31:21Z</time>
        <hdop>1.7</hdop>
        <extensions>
          <speed>0.773</speed>
        </extensions>
      </trkpt>
      <trkpt lat="56.0511067" lon="28.1081733">
        <ele>133.7</ele>
        <time>2022-02-05T14:31:27Z</time>
        <hdop>1.7</hdop>
        <extensions>
          <speed>0.871</speed>
        </extensions>
      </trkpt>
      <trkpt lat="56.051045" lon="28.1081983">
        <ele>134.7</ele>
        <time>2022-02-05T14:31:33Z</time>
        <hdop>1.7</hdop>
        <extensions>
          <speed>1.028</speed>
        </extensions>
      </trkpt>
      <trkpt lat="56.0509983" lon="28.1082083">
        <ele>135.3</ele>
        <time>2022-02-05T14:31:39Z</time>
        <hdop>1.6</hdop>
        <extensions>
          <speed>0.923</speed>
        </extensions>
      </trkpt>
      <trkpt lat="56.050945" lon="28.1082067">
        <ele>135.3</ele>
        <time>2022-02-05T14:31:45Z</time>
        <hdop>1.6</hdop>
        <extensions>
          <speed>0.803</speed>
        </extensions>
      </trkpt>
      <trkpt lat="56.0508983" lon="28.1082267">
        <ele>134.6</ele>
        <time>2022-02-05T14:31:51Z</time>
        <hdop>1.8</hdop>
        <extensions>
          <speed>0.799</speed>
        </extensions>
      </trkpt>
      <trkpt lat="56.0508483" lon="28.1082733">
        <ele>133.1</ele>
        <time>2022-02-05T14:31:57Z</time>
        <hdop>1.7</hdop>
        <extensions>
          <speed>0.82</speed>
        </extensions>
      </trkpt>
      <trkpt lat="56.05081" lon="28.1083083">
        <ele>132.7</ele>
        <time>2022-02-05T14:32:03Z</time>
        <hdop>1.8</hdop>
        <extensions>
          <speed>0.862</speed>
        </extensions>
      </trkpt>
      <trkpt lat="56.0507667" lon="28.1083317">
        <ele>132.7</ele>
        <time>2022-02-05T14:32:09Z</time>
        <hdop>1.7</hdop>
        <extensions>
          <speed>0.933</speed>
        </extensions>
      </trkpt>
      <trkpt lat="56.050715" lon="28.10837">
        <ele>132.2</ele>
        <time>2022-02-05T14:32:16Z</time>
        <hdop>1.7</hdop>
        <extensions>
          <speed>0.964</speed>
        </extensions>
      </trkpt>
      <trkpt lat="56.0506633" lon="28.1083883">
        <ele>132.8</ele>
        <time>2022-02-05T14:32:21Z</time>
        <hdop>1.7</hdop>
        <extensions>
          <speed>1.082</speed>
        </extensions>
      </trkpt>
      <trkpt lat="56.0506083" lon="28.1083967">
        <ele>133.7</ele>
        <time>2022-02-05T14:32:27Z</time>
        <hdop>1.5</hdop>
        <extensions>
          <speed>0.896</speed>
        </extensions>
      </trkpt>
      <trkpt lat="56.0505633" lon="28.1084067">
        <ele>132.5</ele>
        <time>2022-02-05T14:32:33Z</time>
        <hdop>1.7</hdop>
        <extensions>
          <speed>0.871</speed>
        </extensions>
      </trkpt>
      <trkpt lat="56.0505267" lon="28.1084517">
        <ele>130.5</ele>
        <time>2022-02-05T14:32:39Z</time>
        <hdop>1.8</hdop>
        <extensions>
          <speed>0.752</speed>
        </extensions>
      </trkpt>
      <trkpt lat="56.0504583" lon="28.1084783">
        <ele>130.1</ele>
        <time>2022-02-05T14:32:45Z</time>
        <hdop>1.8</hdop>
        <extensions>
          <speed>0.91</speed>
        </extensions>
      </trkpt>
      <trkpt lat="56.0504117" lon="28.108495">
        <ele>130.6</ele>
        <time>2022-02-05T14:32:51Z</time>
        <hdop>1.5</hdop>
        <extensions>
          <speed>0.874</speed>
        </extensions>
      </trkpt>
      <trkpt lat="56.0503783" lon="28.1085033">
        <ele>131.7</ele>
        <time>2022-02-05T14:32:57Z</time>
        <hdop>1.5</hdop>
        <extensions>
          <speed>0.751</speed>
        </extensions>
      </trkpt>
      <trkpt lat="56.0503267" lon="28.1085267">
        <ele>132.6</ele>
        <time>2022-02-05T14:33:03Z</time>
        <hdop>1.5</hdop>
        <extensions>
          <speed>0.777</speed>
        </extensions>
      </trkpt>
      <trkpt lat="56.0502867" lon="28.10858">
        <ele>134.3</ele>
        <time>2022-02-05T14:33:09Z</time>
        <hdop>1.5</hdop>
        <extensions>
          <speed>0.896</speed>
        </extensions>
      </trkpt>
      <trkpt lat="56.050245" lon="28.1086317">
        <ele>135.1</ele>
        <time>2022-02-05T14:33:15Z</time>
        <hdop>1.5</hdop>
        <extensions>
          <speed>0.812</speed>
        </extensions>
      </trkpt>
      <trkpt lat="56.0501967" lon="28.1087">
        <ele>135.6</ele>
        <time>2022-02-05T14:33:21Z</time>
        <hdop>1.6</hdop>
        <extensions>
          <speed>0.832</speed>
        </extensions>
      </trkpt>
      <trkpt lat="56.050145" lon="28.1087433">
        <ele>136</ele>
        <time>2022-02-05T14:33:27Z</time>
        <hdop>1.6</hdop>
        <extensions>
          <speed>0.972</speed>
        </extensions>
      </trkpt>
      <trkpt lat="56.0500983" lon="28.10873">
        <ele>136.3</ele>
        <time>2022-02-05T14:33:33Z</time>
        <hdop>1.5</hdop>
        <extensions>
          <speed>0.828</speed>
        </extensions>
      </trkpt>
      <trkpt lat="56.0500533" lon="28.1087283">
        <ele>136.6</ele>
        <time>2022-02-05T14:33:39Z</time>
        <hdop>1.6</hdop>
        <extensions>
          <speed>0.773</speed>
        </extensions>
      </trkpt>
      <trkpt lat="56.0499983" lon="28.1087283">
        <ele>137.9</ele>
        <time>2022-02-05T14:33:45Z</time>
        <hdop>1.6</hdop>
        <extensions>
          <speed>0.974</speed>
        </extensions>
      </trkpt>
      <trkpt lat="56.049945" lon="28.1087517">
        <ele>139.3</ele>
        <time>2022-02-05T14:33:51Z</time>
        <hdop>1.5</hdop>
        <extensions>
          <speed>0.914</speed>
        </extensions>
      </trkpt>
      <trkpt lat="56.0498967" lon="28.1087783">
        <ele>138.9</ele>
        <time>2022-02-05T14:33:57Z</time>
        <hdop>1.6</hdop>
        <extensions>
          <speed>0.937</speed>
        </extensions>
      </trkpt>
      <trkpt lat="56.049845" lon="28.10885">
        <ele>139.4</ele>
        <time>2022-02-05T14:34:03Z</time>
        <hdop>1.5</hdop>
        <extensions>
          <speed>1.003</speed>
        </extensions>
      </trkpt>
      <trkpt lat="56.0497883" lon="28.1088817">
        <ele>139.8</ele>
        <time>2022-02-05T14:34:09Z</time>
        <hdop>1.6</hdop>
        <extensions>
          <speed>1.155</speed>
        </extensions>
      </trkpt>
      <trkpt lat="56.0497217" lon="28.1088733">
        <ele>138.7</ele>
        <time>2022-02-05T14:34:15Z</time>
        <hdop>1.6</hdop>
        <extensions>
          <speed>1.312</speed>
        </extensions>
      </trkpt>
      <trkpt lat="56.04968" lon="28.108905">
        <ele>138.8</ele>
        <time>2022-02-05T14:34:21Z</time>
        <hdop>1.6</hdop>
        <extensions>
          <speed>1.263</speed>
        </extensions>
      </trkpt>
      <trkpt lat="56.04965" lon="28.1089433">
        <ele>138.7</ele>
        <time>2022-02-05T14:34:27Z</time>
        <hdop>1.6</hdop>
        <extensions>
          <speed>0.868</speed>
        </extensions>
      </trkpt>
      <trkpt lat="56.0496" lon="28.1089567">
        <ele>138.6</ele>
        <time>2022-02-05T14:34:33Z</time>
        <hdop>1.5</hdop>
        <extensions>
          <speed>0.708</speed>
        </extensions>
      </trkpt>
      <trkpt lat="56.0495417" lon="28.10893">
        <ele>138.9</ele>
        <time>2022-02-05T14:34:39Z</time>
        <hdop>1.6</hdop>
        <extensions>
          <speed>0.886</speed>
        </extensions>
      </trkpt>
      <trkpt lat="56.0495" lon="28.1089217">
        <ele>139.7</ele>
        <time>2022-02-05T14:34:45Z</time>
        <hdop>1.6</hdop>
        <extensions>
          <speed>0.801</speed>
        </extensions>
      </trkpt>
      <trkpt lat="56.0494367" lon="28.1089033">
        <ele>140.4</ele>
        <time>2022-02-05T14:34:51Z</time>
        <hdop>1.5</hdop>
        <extensions>
          <speed>0.838</speed>
        </extensions>
      </trkpt>
      <trkpt lat="56.0493767" lon="28.10892">
        <ele>140.4</ele>
        <time>2022-02-05T14:34:57Z</time>
        <hdop>1.6</hdop>
        <extensions>
          <speed>0.94</speed>
        </extensions>
      </trkpt>
      <trkpt lat="56.0493117" lon="28.10891">
        <ele>140.4</ele>
        <time>2022-02-05T14:35:03Z</time>
        <hdop>1.5</hdop>
        <extensions>
          <speed>1.172</speed>
        </extensions>
      </trkpt>
      <trkpt lat="56.0492533" lon="28.108905">
        <ele>140.7</ele>
        <time>2022-02-05T14:35:09Z</time>
        <hdop>1.5</hdop>
        <extensions>
          <speed>1.068</speed>
        </extensions>
      </trkpt>
      <trkpt lat="56.0491867" lon="28.108965">
        <ele>140.8</ele>
        <time>2022-02-05T14:35:15Z</time>
        <hdop>1.6</hdop>
        <extensions>
          <speed>1.261</speed>
        </extensions>
      </trkpt>
      <trkpt lat="56.049135" lon="28.1090017">
        <ele>140.9</ele>
        <time>2022-02-05T14:35:21Z</time>
        <hdop>1.6</hdop>
        <extensions>
          <speed>1.107</speed>
        </extensions>
      </trkpt>
      <trkpt lat="56.049085" lon="28.1089883">
        <ele>141</ele>
        <time>2022-02-05T14:35:27Z</time>
        <hdop>1.5</hdop>
        <extensions>
          <speed>0.808</speed>
        </extensions>
      </trkpt>
      <trkpt lat="56.0490183" lon="28.1089733">
        <ele>141</ele>
        <time>2022-02-05T14:35:33Z</time>
        <hdop>1.5</hdop>
        <extensions>
          <speed>0.844</speed>
        </extensions>
      </trkpt>
      <trkpt lat="56.0489783" lon="28.1090167">
        <ele>140.6</ele>
        <time>2022-02-05T14:35:39Z</time>
        <hdop>1.5</hdop>
        <extensions>
          <speed>1.004</speed>
        </extensions>
      </trkpt>
      <trkpt lat="56.0489233" lon="28.1090367">
        <ele>140.6</ele>
        <time>2022-02-05T14:35:45Z</time>
        <hdop>1.5</hdop>
        <extensions>
          <speed>0.823</speed>
        </extensions>
      </trkpt>
      <trkpt lat="56.048875" lon="28.1090367">
        <ele>140.8</ele>
        <time>2022-02-05T14:35:51Z</time>
        <hdop>1.5</hdop>
        <extensions>
          <speed>0.774</speed>
        </extensions>
      </trkpt>
      <trkpt lat="56.0488167" lon="28.1090233">
        <ele>140.7</ele>
        <time>2022-02-05T14:35:57Z</time>
        <hdop>1.5</hdop>
        <extensions>
          <speed>0.825</speed>
        </extensions>
      </trkpt>
      <trkpt lat="56.0487667" lon="28.1090033">
        <ele>140.1</ele>
        <time>2022-02-05T14:36:03Z</time>
        <hdop>1.6</hdop>
        <extensions>
          <speed>0.816</speed>
        </extensions>
      </trkpt>
      <trkpt lat="56.04872" lon="28.109015">
        <ele>140.1</ele>
        <time>2022-02-05T14:36:09Z</time>
        <hdop>1.5</hdop>
        <extensions>
          <speed>0.707</speed>
        </extensions>
      </trkpt>
      <trkpt lat="56.0486617" lon="28.1089717">
        <ele>139.4</ele>
        <time>2022-02-05T14:36:15Z</time>
        <hdop>1.5</hdop>
        <extensions>
          <speed>0.985</speed>
        </extensions>
      </trkpt>
      <trkpt lat="56.048615" lon="28.1089717">
        <ele>139.3</ele>
        <time>2022-02-05T14:36:21Z</time>
        <hdop>1.6</hdop>
        <extensions>
          <speed>0.851</speed>
        </extensions>
      </trkpt>
      <trkpt lat="56.0485617" lon="28.108955">
        <ele>139.9</ele>
        <time>2022-02-05T14:36:27Z</time>
        <hdop>1.6</hdop>
        <extensions>
          <speed>0.796</speed>
        </extensions>
      </trkpt>
      <trkpt lat="56.0485067" lon="28.1089267">
        <ele>140.2</ele>
        <time>2022-02-05T14:36:33Z</time>
        <hdop>1.6</hdop>
        <extensions>
          <speed>0.962</speed>
        </extensions>
      </trkpt>
      <trkpt lat="56.04846" lon="28.1089167">
        <ele>140.8</ele>
        <time>2022-02-05T14:36:39Z</time>
        <hdop>1.6</hdop>
        <extensions>
          <speed>0.891</speed>
        </extensions>
      </trkpt>
      <trkpt lat="56.0483967" lon="28.108915">
        <ele>140.8</ele>
        <time>2022-02-05T14:36:45Z</time>
        <hdop>1.6</hdop>
        <extensions>
          <speed>1.187</speed>
        </extensions>
      </trkpt>
      <trkpt lat="56.04834" lon="28.1088983">
        <ele>141.3</ele>
        <time>2022-02-05T14:36:51Z</time>
        <hdop>1.6</hdop>
        <extensions>
          <speed>1.029</speed>
        </extensions>
      </trkpt>
      <trkpt lat="56.0482833" lon="28.1088917">
        <ele>142.1</ele>
        <time>2022-02-05T14:36:57Z</time>
        <hdop>1.5</hdop>
        <extensions>
          <speed>0.958</speed>
        </extensions>
      </trkpt>
      <trkpt lat="56.0482383" lon="28.1088517">
        <ele>141.3</ele>
        <time>2022-02-05T14:37:03Z</time>
        <hdop>1.6</hdop>
        <extensions>
          <speed>0.772</speed>
        </extensions>
      </trkpt>
      <trkpt lat="56.0481883" lon="28.1088383">
        <ele>140.9</ele>
        <time>2022-02-05T14:37:09Z</time>
        <hdop>1.6</hdop>
        <extensions>
          <speed>0.731</speed>
        </extensions>
      </trkpt>
      <trkpt lat="56.0481317" lon="28.1088067">
        <ele>141.7</ele>
        <time>2022-02-05T14:37:15Z</time>
        <hdop>1.7</hdop>
        <extensions>
          <speed>0.976</speed>
        </extensions>
      </trkpt>
      <trkpt lat="56.0480833" lon="28.1087467">
        <ele>141.1</ele>
        <time>2022-02-05T14:37:21Z</time>
        <hdop>1.6</hdop>
        <extensions>
          <speed>0.759</speed>
        </extensions>
      </trkpt>
      <trkpt lat="56.0480417" lon="28.1086767">
        <ele>141.2</ele>
        <time>2022-02-05T14:37:27Z</time>
        <hdop>1.6</hdop>
        <extensions>
          <speed>0.832</speed>
        </extensions>
      </trkpt>
      <trkpt lat="56.0479817" lon="28.1086867">
        <ele>142.3</ele>
        <time>2022-02-05T14:37:33Z</time>
        <hdop>1.6</hdop>
        <extensions>
          <speed>0.967</speed>
        </extensions>
      </trkpt>
      <trkpt lat="56.04792" lon="28.1086783">
        <ele>142.9</ele>
        <time>2022-02-05T14:37:39Z</time>
        <hdop>1.5</hdop>
        <extensions>
          <speed>1.081</speed>
        </extensions>
      </trkpt>
      <trkpt lat="56.0478617" lon="28.1086467">
        <ele>143.2</ele>
        <time>2022-02-05T14:37:45Z</time>
        <hdop>1.5</hdop>
        <extensions>
          <speed>1.057</speed>
        </extensions>
      </trkpt>
      <trkpt lat="56.047805" lon="28.1086483">
        <ele>143.9</ele>
        <time>2022-02-05T14:37:51Z</time>
        <hdop>1.5</hdop>
        <extensions>
          <speed>1.055</speed>
        </extensions>
      </trkpt>
      <trkpt lat="56.0477583" lon="28.1086233">
        <ele>143.4</ele>
        <time>2022-02-05T14:37:57Z</time>
        <hdop>1.6</hdop>
        <extensions>
          <speed>0.87</speed>
        </extensions>
      </trkpt>
      <trkpt lat="56.0476817" lon="28.1086433">
        <ele>143.5</ele>
        <time>2022-02-05T14:38:03Z</time>
        <hdop>1.5</hdop>
        <extensions>
          <speed>0.957</speed>
        </extensions>
      </trkpt>
      <trkpt lat="56.04762" lon="28.10863">
        <ele>143.2</ele>
        <time>2022-02-05T14:38:09Z</time>
        <hdop>1.5</hdop>
        <extensions>
          <speed>1.053</speed>
        </extensions>
      </trkpt>
      <trkpt lat="56.0475717" lon="28.1085983">
        <ele>142.8</ele>
        <time>2022-02-05T14:38:15Z</time>
        <hdop>1.5</hdop>
        <extensions>
          <speed>0.929</speed>
        </extensions>
      </trkpt>
      <trkpt lat="56.0475283" lon="28.1085767">
        <ele>143.1</ele>
        <time>2022-02-05T14:38:21Z</time>
        <hdop>1.6</hdop>
        <extensions>
          <speed>0.762</speed>
        </extensions>
      </trkpt>
      <trkpt lat="56.04746" lon="28.1085583">
        <ele>143.5</ele>
        <time>2022-02-05T14:38:27Z</time>
        <hdop>1.5</hdop>
        <extensions>
          <speed>0.889</speed>
        </extensions>
      </trkpt>
      <trkpt lat="56.047405" lon="28.10856">
        <ele>143.7</ele>
        <time>2022-02-05T14:38:33Z</time>
        <hdop>1.5</hdop>
        <extensions>
          <speed>0.792</speed>
        </extensions>
      </trkpt>
      <trkpt lat="56.0473467" lon="28.1085467">
        <ele>143.4</ele>
        <time>2022-02-05T14:38:39Z</time>
        <hdop>1.5</hdop>
        <extensions>
          <speed>1.011</speed>
        </extensions>
      </trkpt>
      <trkpt lat="56.0472833" lon="28.1085">
        <ele>143</ele>
        <time>2022-02-05T14:38:45Z</time>
        <hdop>1.6</hdop>
        <extensions>
          <speed>1.032</speed>
        </extensions>
      </trkpt>
      <trkpt lat="56.0472167" lon="28.1084633">
        <ele>142.5</ele>
        <time>2022-02-05T14:38:51Z</time>
        <hdop>1.6</hdop>
        <extensions>
          <speed>1.035</speed>
        </extensions>
      </trkpt>
      <trkpt lat="56.0471617" lon="28.1084133">
        <ele>140.9</ele>
        <time>2022-02-05T14:38:57Z</time>
        <hdop>1.5</hdop>
        <extensions>
          <speed>1.102</speed>
        </extensions>
      </trkpt>
      <trkpt lat="56.04711" lon="28.10839">
        <ele>140.5</ele>
        <time>2022-02-05T14:39:03Z</time>
        <hdop>1.5</hdop>
        <extensions>
          <speed>1.035</speed>
        </extensions>
      </trkpt>
      <trkpt lat="56.047065" lon="28.108395">
        <ele>141.2</ele>
        <time>2022-02-05T14:39:09Z</time>
        <hdop>1.4</hdop>
        <extensions>
          <speed>0.958</speed>
        </extensions>
      </trkpt>
      <trkpt lat="56.0470183" lon="28.10838">
        <ele>140.4</ele>
        <time>2022-02-05T14:39:15Z</time>
        <hdop>1.5</hdop>
        <extensions>
          <speed>0.842</speed>
        </extensions>
      </trkpt>
      <trkpt lat="56.0469517" lon="28.1083767">
        <ele>140.7</ele>
        <time>2022-02-05T14:39:21Z</time>
        <hdop>1.6</hdop>
        <extensions>
          <speed>1.14</speed>
        </extensions>
      </trkpt>
      <trkpt lat="56.0468933" lon="28.1083467">
        <ele>140.4</ele>
        <time>2022-02-05T14:39:27Z</time>
        <hdop>1.5</hdop>
        <extensions>
          <speed>0.963</speed>
        </extensions>
      </trkpt>
      <trkpt lat="56.0468217" lon="28.1083167">
        <ele>140.3</ele>
        <time>2022-02-05T14:39:33Z</time>
        <hdop>1.6</hdop>
        <extensions>
          <speed>0.953</speed>
        </extensions>
      </trkpt>
      <trkpt lat="56.0467617" lon="28.1083017">
        <ele>138.5</ele>
        <time>2022-02-05T14:39:39Z</time>
        <hdop>1.4</hdop>
        <extensions>
          <speed>1.071</speed>
        </extensions>
      </trkpt>
      <trkpt lat="56.0467117" lon="28.10825">
        <ele>138</ele>
        <time>2022-02-05T14:39:45Z</time>
        <hdop>1.4</hdop>
        <extensions>
          <speed>0.958</speed>
        </extensions>
      </trkpt>
      <trkpt lat="56.0466567" lon="28.1082217">
        <ele>138.1</ele>
        <time>2022-02-05T14:39:51Z</time>
        <hdop>1.4</hdop>
        <extensions>
          <speed>1.045</speed>
        </extensions>
      </trkpt>
      <trkpt lat="56.0466033" lon="28.1081967">
        <ele>138.1</ele>
        <time>2022-02-05T14:39:57Z</time>
        <hdop>1.4</hdop>
        <extensions>
          <speed>0.994</speed>
        </extensions>
      </trkpt>
      <trkpt lat="56.0465517" lon="28.1081533">
        <ele>138.7</ele>
        <time>2022-02-05T14:40:03Z</time>
        <hdop>1.4</hdop>
        <extensions>
          <speed>0.89</speed>
        </extensions>
      </trkpt>
      <trkpt lat="56.0465" lon="28.10811">
        <ele>139.4</ele>
        <time>2022-02-05T14:40:09Z</time>
        <hdop>1.5</hdop>
        <extensions>
          <speed>1.021</speed>
        </extensions>
      </trkpt>
      <trkpt lat="56.0464517" lon="28.1080833">
        <ele>140.2</ele>
        <time>2022-02-05T14:40:15Z</time>
        <hdop>1.6</hdop>
        <extensions>
          <speed>0.988</speed>
        </extensions>
      </trkpt>
      <trkpt lat="56.0463883" lon="28.108085">
        <ele>141.1</ele>
        <time>2022-02-05T14:40:21Z</time>
        <hdop>1.7</hdop>
        <extensions>
          <speed>1</speed>
        </extensions>
      </trkpt>
      <trkpt lat="56.0463283" lon="28.1080283">
        <ele>141</ele>
        <time>2022-02-05T14:40:27Z</time>
        <hdop>1.7</hdop>
        <extensions>
          <speed>1.015</speed>
        </extensions>
      </trkpt>
      <trkpt lat="56.0462767" lon="28.10798">
        <ele>141.6</ele>
        <time>2022-02-05T14:40:33Z</time>
        <hdop>1.7</hdop>
        <extensions>
          <speed>1.112</speed>
        </extensions>
      </trkpt>
      <trkpt lat="56.0462217" lon="28.107975">
        <ele>142.2</ele>
        <time>2022-02-05T14:40:39Z</time>
        <hdop>1.7</hdop>
        <extensions>
          <speed>0.974</speed>
        </extensions>
      </trkpt>
      <trkpt lat="56.046175" lon="28.1079567">
        <ele>142.2</ele>
        <time>2022-02-05T14:40:45Z</time>
        <hdop>1.6</hdop>
        <extensions>
          <speed>0.814</speed>
        </extensions>
      </trkpt>
      <trkpt lat="56.0461117" lon="28.1079117">
        <ele>142</ele>
        <time>2022-02-05T14:40:51Z</time>
        <hdop>1.7</hdop>
        <extensions>
          <speed>0.98</speed>
        </extensions>
      </trkpt>
      <trkpt lat="56.0460433" lon="28.1078817">
        <ele>141.9</ele>
        <time>2022-02-05T14:40:57Z</time>
        <hdop>1.7</hdop>
        <extensions>
          <speed>1.061</speed>
        </extensions>
      </trkpt>
      <trkpt lat="56.045985" lon="28.1078683">
        <ele>141.6</ele>
        <time>2022-02-05T14:41:03Z</time>
        <hdop>1.6</hdop>
        <extensions>
          <speed>1.185</speed>
        </extensions>
      </trkpt>
      <trkpt lat="56.04592" lon="28.107845">
        <ele>140.5</ele>
        <time>2022-02-05T14:41:09Z</time>
        <hdop>1.6</hdop>
        <extensions>
          <speed>1.2</speed>
        </extensions>
      </trkpt>
      <trkpt lat="56.0458667" lon="28.1078383">
        <ele>138.7</ele>
        <time>2022-02-05T14:41:15Z</time>
        <hdop>1.6</hdop>
        <extensions>
          <speed>1.062</speed>
        </extensions>
      </trkpt>
      <trkpt lat="56.045815" lon="28.1078083">
        <ele>137.9</ele>
        <time>2022-02-05T14:41:21Z</time>
        <hdop>1.7</hdop>
        <extensions>
          <speed>0.975</speed>
        </extensions>
      </trkpt>
      <trkpt lat="56.0457567" lon="28.107795">
        <ele>137.8</ele>
        <time>2022-02-05T14:41:27Z</time>
        <hdop>1.7</hdop>
        <extensions>
          <speed>0.949</speed>
        </extensions>
      </trkpt>
      <trkpt lat="56.045695" lon="28.1077683">
        <ele>136.6</ele>
        <time>2022-02-05T14:41:33Z</time>
        <hdop>1.7</hdop>
        <extensions>
          <speed>1.048</speed>
        </extensions>
      </trkpt>
      <trkpt lat="56.045635" lon="28.107745">
        <ele>136.1</ele>
        <time>2022-02-05T14:41:39Z</time>
        <hdop>1.7</hdop>
        <extensions>
          <speed>1.111</speed>
        </extensions>
      </trkpt>
      <trkpt lat="56.045595" lon="28.10772">
        <ele>136</ele>
        <time>2022-02-05T14:41:45Z</time>
        <hdop>1.7</hdop>
        <extensions>
          <speed>1.028</speed>
        </extensions>
      </trkpt>
      <trkpt lat="56.0455683" lon="28.1077117">
        <ele>135.9</ele>
        <time>2022-02-05T14:41:51Z</time>
        <hdop>1.6</hdop>
        <extensions>
          <speed>0.564</speed>
        </extensions>
      </trkpt>
      <trkpt lat="56.0455483" lon="28.1076917">
        <ele>135.5</ele>
        <time>2022-02-05T14:42:07Z</time>
        <hdop>1.4</hdop>
        <extensions>
          <speed>0.212</speed>
        </extensions>
      </trkpt>
      <trkpt lat="56.0454817" lon="28.1076883">
        <ele>135.3</ele>
        <time>2022-02-05T14:42:13Z</time>
        <hdop>1.6</hdop>
        <extensions>
          <speed>0.829</speed>
        </extensions>
      </trkpt>
      <trkpt lat="56.0454033" lon="28.1077183">
        <ele>134.9</ele>
        <time>2022-02-05T14:42:18Z</time>
        <hdop>1.7</hdop>
        <extensions>
          <speed>1.357</speed>
        </extensions>
      </trkpt>
      <trkpt lat="56.04526" lon="28.1077317">
        <ele>134.9</ele>
        <time>2022-02-05T14:42:24Z</time>
        <hdop>1.8</hdop>
        <extensions>
          <speed>2.102</speed>
        </extensions>
      </trkpt>
      <trkpt lat="56.0451817" lon="28.107725">
        <ele>134.8</ele>
        <time>2022-02-05T14:42:30Z</time>
        <hdop>1.7</hdop>
        <extensions>
          <speed>1.778</speed>
        </extensions>
      </trkpt>
      <trkpt lat="56.0451317" lon="28.1077233">
        <ele>135.4</ele>
        <time>2022-02-05T14:42:36Z</time>
        <hdop>1.7</hdop>
        <extensions>
          <speed>1.075</speed>
        </extensions>
      </trkpt>
      <trkpt lat="56.0450783" lon="28.1077083">
        <ele>135.7</ele>
        <time>2022-02-05T14:42:41Z</time>
        <hdop>1.7</hdop>
        <extensions>
          <speed>1.1</speed>
        </extensions>
      </trkpt>
      <trkpt lat="56.0450167" lon="28.1077183">
        <ele>136.2</ele>
        <time>2022-02-05T14:42:47Z</time>
        <hdop>1.8</hdop>
        <extensions>
          <speed>1.261</speed>
        </extensions>
      </trkpt>
      <trkpt lat="56.044955" lon="28.1077067">
        <ele>135.9</ele>
        <time>2022-02-05T14:42:52Z</time>
        <hdop>1.9</hdop>
        <extensions>
          <speed>1.336</speed>
        </extensions>
      </trkpt>
      <trkpt lat="56.044905" lon="28.1076983">
        <ele>135.9</ele>
        <time>2022-02-05T14:42:57Z</time>
        <hdop>1.7</hdop>
        <extensions>
          <speed>1.244</speed>
        </extensions>
      </trkpt>
      <trkpt lat="56.04484" lon="28.1076983">
        <ele>136</ele>
        <time>2022-02-05T14:43:03Z</time>
        <hdop>1.7</hdop>
        <extensions>
          <speed>1.156</speed>
        </extensions>
      </trkpt>
      <trkpt lat="56.0447733" lon="28.1076983">
        <ele>135.7</ele>
        <time>2022-02-05T14:43:09Z</time>
        <hdop>1.8</hdop>
        <extensions>
          <speed>0.967</speed>
        </extensions>
      </trkpt>
      <trkpt lat="56.0446883" lon="28.1077017">
        <ele>135.7</ele>
        <time>2022-02-05T14:43:15Z</time>
        <hdop>1.8</hdop>
        <extensions>
          <speed>1.122</speed>
        </extensions>
      </trkpt>
      <trkpt lat="56.0446167" lon="28.1076667">
        <ele>135.7</ele>
        <time>2022-02-05T14:43:21Z</time>
        <hdop>1.8</hdop>
        <extensions>
          <speed>1.108</speed>
        </extensions>
      </trkpt>
      <trkpt lat="56.0445617" lon="28.10763">
        <ele>135.8</ele>
        <time>2022-02-05T14:43:27Z</time>
        <hdop>1.8</hdop>
        <extensions>
          <speed>1.037</speed>
        </extensions>
      </trkpt>
      <trkpt lat="56.0445033" lon="28.1076117">
        <ele>135.5</ele>
        <time>2022-02-05T14:43:33Z</time>
        <hdop>1.8</hdop>
        <extensions>
          <speed>1.028</speed>
        </extensions>
      </trkpt>
      <trkpt lat="56.04444" lon="28.1075867">
        <ele>135.4</ele>
        <time>2022-02-05T14:43:39Z</time>
        <hdop>1.7</hdop>
        <extensions>
          <speed>1.113</speed>
        </extensions>
      </trkpt>
      <trkpt lat="56.0443867" lon="28.1075467">
        <ele>134.7</ele>
        <time>2022-02-05T14:43:45Z</time>
        <hdop>1.7</hdop>
        <extensions>
          <speed>1.213</speed>
        </extensions>
      </trkpt>
      <trkpt lat="56.0443433" lon="28.1075233">
        <ele>132.9</ele>
        <time>2022-02-05T14:43:51Z</time>
        <hdop>1.7</hdop>
        <extensions>
          <speed>0.994</speed>
        </extensions>
      </trkpt>
      <trkpt lat="56.044295" lon="28.1074617">
        <ele>132.2</ele>
        <time>2022-02-05T14:43:57Z</time>
        <hdop>1.7</hdop>
        <extensions>
          <speed>0.949</speed>
        </extensions>
      </trkpt>
      <trkpt lat="56.0442833" lon="28.1074367">
        <ele>131.6</ele>
        <time>2022-02-05T14:44:03Z</time>
        <hdop>1.6</hdop>
        <extensions>
          <speed>0.8</speed>
        </extensions>
      </trkpt>
      <trkpt lat="56.04428" lon="28.10747">
        <ele>132.5</ele>
        <time>2022-02-05T14:45:08Z</time>
        <hdop>1.6</hdop>
        <extensions>
          <speed>0.247</speed>
        </extensions>
      </trkpt>
      <trkpt lat="56.0442567" lon="28.1074783">
        <ele>133.2</ele>
        <time>2022-02-05T14:45:13Z</time>
        <hdop>1.7</hdop>
        <extensions>
          <speed>0.555</speed>
        </extensions>
      </trkpt>
      <trkpt lat="56.0442233" lon="28.10753">
        <ele>133.8</ele>
        <time>2022-02-05T14:45:19Z</time>
        <hdop>1.9</hdop>
        <extensions>
          <speed>0.735</speed>
        </extensions>
      </trkpt>
      <trkpt lat="56.04418" lon="28.107575">
        <ele>134.1</ele>
        <time>2022-02-05T14:45:24Z</time>
        <hdop>1.9</hdop>
        <extensions>
          <speed>0.791</speed>
        </extensions>
      </trkpt>
      <trkpt lat="56.0440717" lon="28.1075317">
        <ele>133.3</ele>
        <time>2022-02-05T14:45:30Z</time>
        <hdop>1.9</hdop>
        <extensions>
          <speed>1.545</speed>
        </extensions>
      </trkpt>
      <trkpt lat="56.0439483" lon="28.1074483">
        <ele>131.5</ele>
        <time>2022-02-05T14:45:35Z</time>
        <hdop>1.9</hdop>
        <extensions>
          <speed>2.304</speed>
        </extensions>
      </trkpt>
      <trkpt lat="56.04381" lon="28.1073817">
        <ele>129.1</ele>
        <time>2022-02-05T14:45:41Z</time>
        <hdop>1.8</hdop>
        <extensions>
          <speed>2.51</speed>
        </extensions>
      </trkpt>
      <trkpt lat="56.0437067" lon="28.1072833">
        <ele>126.9</ele>
        <time>2022-02-05T14:45:46Z</time>
        <hdop>1.8</hdop>
        <extensions>
          <speed>2.502</speed>
        </extensions>
      </trkpt>
      <trkpt lat="56.0435983" lon="28.10719">
        <ele>127</ele>
        <time>2022-02-05T14:45:51Z</time>
        <hdop>1.9</hdop>
        <extensions>
          <speed>2.612</speed>
        </extensions>
      </trkpt>
      <trkpt lat="56.0435467" lon="28.1071283">
        <ele>128.1</ele>
        <time>2022-02-05T14:45:57Z</time>
        <hdop>1.8</hdop>
        <extensions>
          <speed>1.912</speed>
        </extensions>
      </trkpt>
      <trkpt lat="56.0435" lon="28.10709">
        <ele>129.4</ele>
        <time>2022-02-05T14:46:03Z</time>
        <hdop>1.8</hdop>
        <extensions>
          <speed>0.982</speed>
        </extensions>
      </trkpt>
      <trkpt lat="56.0434383" lon="28.10699">
        <ele>129.8</ele>
        <time>2022-02-05T14:46:09Z</time>
        <hdop>1.8</hdop>
        <extensions>
          <speed>1.088</speed>
        </extensions>
      </trkpt>
      <trkpt lat="56.0433883" lon="28.1069817">
        <ele>130.4</ele>
        <time>2022-02-05T14:46:15Z</time>
        <hdop>1.8</hdop>
        <extensions>
          <speed>1.1</speed>
        </extensions>
      </trkpt>
      <trkpt lat="56.0433217" lon="28.1069233">
        <ele>131.3</ele>
        <time>2022-02-05T14:46:21Z</time>
        <hdop>1.8</hdop>
        <extensions>
          <speed>1.076</speed>
        </extensions>
      </trkpt>
      <trkpt lat="56.0432633" lon="28.1068617">
        <ele>132.7</ele>
        <time>2022-02-05T14:46:27Z</time>
        <hdop>1.7</hdop>
        <extensions>
          <speed>1.063</speed>
        </extensions>
      </trkpt>
      <trkpt lat="56.0431983" lon="28.106785">
        <ele>133.5</ele>
        <time>2022-02-05T14:46:33Z</time>
        <hdop>1.7</hdop>
        <extensions>
          <speed>0.871</speed>
        </extensions>
      </trkpt>
      <trkpt lat="56.043135" lon="28.1067517">
        <ele>133.6</ele>
        <time>2022-02-05T14:46:39Z</time>
        <hdop>1.7</hdop>
        <extensions>
          <speed>0.95</speed>
        </extensions>
      </trkpt>
      <trkpt lat="56.0430633" lon="28.1066983">
        <ele>133.5</ele>
        <time>2022-02-05T14:46:45Z</time>
        <hdop>1.7</hdop>
        <extensions>
          <speed>1.297</speed>
        </extensions>
      </trkpt>
      <trkpt lat="56.0430067" lon="28.10666">
        <ele>133.3</ele>
        <time>2022-02-05T14:46:51Z</time>
        <hdop>1.7</hdop>
        <extensions>
          <speed>1.211</speed>
        </extensions>
      </trkpt>
      <trkpt lat="56.042955" lon="28.1065883">
        <ele>133.2</ele>
        <time>2022-02-05T14:46:57Z</time>
        <hdop>1.8</hdop>
        <extensions>
          <speed>0.94</speed>
        </extensions>
      </trkpt>
      <trkpt lat="56.042895" lon="28.10655">
        <ele>133</ele>
        <time>2022-02-05T14:47:03Z</time>
        <hdop>1.8</hdop>
        <extensions>
          <speed>1.159</speed>
        </extensions>
      </trkpt>
      <trkpt lat="56.0428317" lon="28.1065117">
        <ele>133.4</ele>
        <time>2022-02-05T14:47:09Z</time>
        <hdop>1.8</hdop>
        <extensions>
          <speed>1.111</speed>
        </extensions>
      </trkpt>
      <trkpt lat="56.0427833" lon="28.1064917">
        <ele>134.1</ele>
        <time>2022-02-05T14:47:15Z</time>
        <hdop>1.7</hdop>
        <extensions>
          <speed>0.907</speed>
        </extensions>
      </trkpt>
      <trkpt lat="56.0427133" lon="28.10649">
        <ele>134.2</ele>
        <time>2022-02-05T14:47:21Z</time>
        <hdop>1.7</hdop>
        <extensions>
          <speed>1.127</speed>
        </extensions>
      </trkpt>
      <trkpt lat="56.0426617" lon="28.1065383">
        <ele>134.3</ele>
        <time>2022-02-05T14:47:27Z</time>
        <hdop>1.8</hdop>
        <extensions>
          <speed>1.087</speed>
        </extensions>
      </trkpt>
      <trkpt lat="56.0425983" lon="28.10654">
        <ele>134.3</ele>
        <time>2022-02-05T14:47:33Z</time>
        <hdop>1.8</hdop>
        <extensions>
          <speed>0.939</speed>
        </extensions>
      </trkpt>
      <trkpt lat="56.042535" lon="28.1065483">
        <ele>134.7</ele>
        <time>2022-02-05T14:47:39Z</time>
        <hdop>1.7</hdop>
        <extensions>
          <speed>1.024</speed>
        </extensions>
      </trkpt>
      <trkpt lat="56.0424683" lon="28.1065433">
        <ele>134.5</ele>
        <time>2022-02-05T14:47:45Z</time>
        <hdop>1.8</hdop>
        <extensions>
          <speed>1.036</speed>
        </extensions>
      </trkpt>
      <trkpt lat="56.04239" lon="28.1065367">
        <ele>133.5</ele>
        <time>2022-02-05T14:47:51Z</time>
        <hdop>1.5</hdop>
        <extensions>
          <speed>1.157</speed>
        </extensions>
      </trkpt>
      <trkpt lat="56.04233" lon="28.106565">
        <ele>134.8</ele>
        <time>2022-02-05T14:47:57Z</time>
        <hdop>1.5</hdop>
        <extensions>
          <speed>1.215</speed>
        </extensions>
      </trkpt>
      <trkpt lat="56.0422683" lon="28.1066">
        <ele>136.4</ele>
        <time>2022-02-05T14:48:03Z</time>
        <hdop>1.5</hdop>
        <extensions>
          <speed>1.031</speed>
        </extensions>
      </trkpt>
      <trkpt lat="56.0422067" lon="28.1066283">
        <ele>136.7</ele>
        <time>2022-02-05T14:48:09Z</time>
        <hdop>1.5</hdop>
        <extensions>
          <speed>1.063</speed>
        </extensions>
      </trkpt>
      <trkpt lat="56.0421833" lon="28.106705">
        <ele>137</ele>
        <time>2022-02-05T14:48:15Z</time>
        <hdop>1.5</hdop>
        <extensions>
          <speed>1.05</speed>
        </extensions>
      </trkpt>
      <trkpt lat="56.04218" lon="28.10674">
        <ele>136.2</ele>
        <time>2022-02-05T14:48:21Z</time>
        <hdop>1.7</hdop>
        <extensions>
          <speed>0.92</speed>
        </extensions>
      </trkpt>
      <trkpt lat="56.0421283" lon="28.10681">
        <ele>136.2</ele>
        <time>2022-02-05T14:48:27Z</time>
        <hdop>1.6</hdop>
        <extensions>
          <speed>1.048</speed>
        </extensions>
      </trkpt>
      <trkpt lat="56.042095" lon="28.1068667">
        <ele>136.1</ele>
        <time>2022-02-05T14:48:33Z</time>
        <hdop>1.5</hdop>
        <extensions>
          <speed>0.72</speed>
        </extensions>
      </trkpt>
      <trkpt lat="56.0420517" lon="28.1069417">
        <ele>137.4</ele>
        <time>2022-02-05T14:48:39Z</time>
        <hdop>1.5</hdop>
        <extensions>
          <speed>0.778</speed>
        </extensions>
      </trkpt>
      <trkpt lat="56.0419983" lon="28.107">
        <ele>138.4</ele>
        <time>2022-02-05T14:48:45Z</time>
        <hdop>1.8</hdop>
        <extensions>
          <speed>0.989</speed>
        </extensions>
      </trkpt>
      <trkpt lat="56.0419633" lon="28.1070433">
        <ele>138.9</ele>
        <time>2022-02-05T14:48:51Z</time>
        <hdop>2.1</hdop>
        <extensions>
          <speed>0.89</speed>
        </extensions>
      </trkpt>
      <trkpt lat="56.0419383" lon="28.1071017">
        <ele>139.6</ele>
        <time>2022-02-05T14:48:57Z</time>
        <hdop>2</hdop>
        <extensions>
          <speed>0.573</speed>
        </extensions>
      </trkpt>
      <trkpt lat="56.041905" lon="28.1071333">
        <ele>140</ele>
        <time>2022-02-05T14:49:03Z</time>
        <hdop>1.9</hdop>
        <extensions>
          <speed>0.742</speed>
        </extensions>
      </trkpt>
      <trkpt lat="56.0418783" lon="28.1071417">
        <ele>139.3</ele>
        <time>2022-02-05T14:49:09Z</time>
        <hdop>1.9</hdop>
        <extensions>
          <speed>0.597</speed>
        </extensions>
      </trkpt>
      <trkpt lat="56.0418967" lon="28.1071617">
        <ele>140.3</ele>
        <time>2022-02-05T14:50:20Z</time>
        <hdop>1.8</hdop>
        <extensions>
          <speed>0.231</speed>
        </extensions>
      </trkpt>
      <trkpt lat="56.0418567" lon="28.1072117">
        <ele>140.9</ele>
        <time>2022-02-05T14:50:26Z</time>
        <hdop>1.8</hdop>
        <extensions>
          <speed>0.673</speed>
        </extensions>
      </trkpt>
      <trkpt lat="56.04182" lon="28.1072567">
        <ele>141.2</ele>
        <time>2022-02-05T14:50:31Z</time>
        <hdop>1.9</hdop>
        <extensions>
          <speed>0.823</speed>
        </extensions>
      </trkpt>
      <trkpt lat="56.041785" lon="28.1073117">
        <ele>141</ele>
        <time>2022-02-05T14:50:36Z</time>
        <hdop>1.9</hdop>
        <extensions>
          <speed>0.781</speed>
        </extensions>
      </trkpt>
      <trkpt lat="56.041735" lon="28.10739">
        <ele>140.9</ele>
        <time>2022-02-05T14:50:42Z</time>
        <hdop>1.9</hdop>
        <extensions>
          <speed>0.896</speed>
        </extensions>
      </trkpt>
      <trkpt lat="56.0416867" lon="28.1074533">
        <ele>140.5</ele>
        <time>2022-02-05T14:50:48Z</time>
        <hdop>1.8</hdop>
        <extensions>
          <speed>0.999</speed>
        </extensions>
      </trkpt>
      <trkpt lat="56.0416533" lon="28.1074983">
        <ele>140.8</ele>
        <time>2022-02-05T14:50:53Z</time>
        <hdop>1.8</hdop>
      </trkpt>
      <trkpt lat="56.0415933" lon="28.10758">
        <ele>140.7</ele>
        <time>2022-02-05T14:50:59Z</time>
        <hdop>1.9</hdop>
        <extensions>
          <speed>0.963</speed>
        </extensions>
      </trkpt>
      <trkpt lat="56.04156" lon="28.1076517">
        <ele>140.9</ele>
        <time>2022-02-05T14:51:04Z</time>
        <hdop>1.9</hdop>
        <extensions>
          <speed>1.047</speed>
        </extensions>
      </trkpt>
      <trkpt lat="56.04153" lon="28.1076983">
        <ele>140.8</ele>
        <time>2022-02-05T14:51:09Z</time>
        <hdop>1.9</hdop>
        <extensions>
          <speed>0.854</speed>
        </extensions>
      </trkpt>
      <trkpt lat="56.0414917" lon="28.1077367">
        <ele>140.9</ele>
        <time>2022-02-05T14:51:15Z</time>
        <hdop>1.8</hdop>
        <extensions>
          <speed>0.609</speed>
        </extensions>
      </trkpt>
      <trkpt lat="56.0414733" lon="28.10776">
        <ele>140.7</ele>
        <time>2022-02-05T14:51:21Z</time>
        <hdop>1.8</hdop>
        <extensions>
          <speed>0.588</speed>
        </extensions>
      </trkpt>
      <trkpt lat="56.0414367" lon="28.107765">
        <ele>140.9</ele>
        <time>2022-02-05T14:51:48Z</time>
        <hdop>1.8</hdop>
        <extensions>
          <speed>0.237</speed>
        </extensions>
      </trkpt>
      <trkpt lat="56.0414133" lon="28.1078367">
        <ele>140.8</ele>
        <time>2022-02-05T14:51:54Z</time>
        <hdop>1.9</hdop>
        <extensions>
          <speed>0.581</speed>
        </extensions>
      </trkpt>
      <trkpt lat="56.0413883" lon="28.1079017">
        <ele>140.5</ele>
        <time>2022-02-05T14:52:00Z</time>
        <hdop>1.8</hdop>
      </trkpt>
      <trkpt lat="56.0413483" lon="28.1079467">
        <ele>140.5</ele>
        <time>2022-02-05T14:52:05Z</time>
        <hdop>1.9</hdop>
        <extensions>
          <speed>0.793</speed>
        </extensions>
      </trkpt>
      <trkpt lat="56.0413283" lon="28.1079817">
        <ele>140.2</ele>
        <time>2022-02-05T14:52:11Z</time>
        <hdop>2.2</hdop>
      </trkpt>
      <trkpt lat="56.0413383" lon="28.1080217">
        <ele>140.8</ele>
        <time>2022-02-05T14:52:17Z</time>
        <hdop>2.1</hdop>
        <extensions>
          <speed>0.489</speed>
        </extensions>
      </trkpt>
      <trkpt lat="56.041375" lon="28.1081317">
        <ele>130.1</ele>
        <time>2022-02-05T14:53:43Z</time>
        <hdop>1.7</hdop>
        <extensions>
          <speed>0.275</speed>
        </extensions>
      </trkpt>
      <trkpt lat="56.04138" lon="28.10817">
        <ele>129.8</ele>
        <time>2022-02-05T14:53:49Z</time>
        <hdop>2</hdop>
        <extensions>
          <speed>0.59</speed>
        </extensions>
      </trkpt>
      <trkpt lat="56.04135" lon="28.1081333">
        <ele>129.7</ele>
        <time>2022-02-05T14:53:55Z</time>
        <hdop>1.1</hdop>
      </trkpt>
      <trkpt lat="56.0413617" lon="28.1081067">
        <ele>130.1</ele>
        <time>2022-02-05T14:54:18Z</time>
        <hdop>1.3</hdop>
        <extensions>
          <speed>0.281</speed>
        </extensions>
      </trkpt>
      <trkpt lat="56.0413833" lon="28.10805">
        <ele>130.2</ele>
        <time>2022-02-05T14:54:23Z</time>
        <hdop>1.6</hdop>
        <extensions>
          <speed>0.525</speed>
        </extensions>
      </trkpt>
      <trkpt lat="56.0414017" lon="28.1079533">
        <ele>130.1</ele>
        <time>2022-02-05T14:54:29Z</time>
        <hdop>1.8</hdop>
        <extensions>
          <speed>0.785</speed>
        </extensions>
      </trkpt>
      <trkpt lat="56.041415" lon="28.1078917">
        <ele>129.8</ele>
        <time>2022-02-05T14:54:34Z</time>
        <hdop>1.8</hdop>
        <extensions>
          <speed>0.858</speed>
        </extensions>
      </trkpt>
      <trkpt lat="56.0414383" lon="28.1078383">
        <ele>129.6</ele>
        <time>2022-02-05T14:54:39Z</time>
        <hdop>1.7</hdop>
        <extensions>
          <speed>0.77</speed>
        </extensions>
      </trkpt>
      <trkpt lat="56.0414483" lon="28.1079167">
        <ele>128.4</ele>
        <time>2022-02-05T14:55:41Z</time>
        <hdop>1.8</hdop>
        <extensions>
          <speed>0.285</speed>
        </extensions>
      </trkpt>
      <trkpt lat="56.041425" lon="28.10799">
        <ele>128.8</ele>
        <time>2022-02-05T14:55:47Z</time>
        <hdop>2</hdop>
        <extensions>
          <speed>0.623</speed>
        </extensions>
      </trkpt>
      <trkpt lat="56.0414083" lon="28.108075">
        <ele>129.7</ele>
        <time>2022-02-05T14:55:53Z</time>
        <hdop>2</hdop>
        <extensions>
          <speed>0.792</speed>
        </extensions>
      </trkpt>
      <trkpt lat="56.0413817" lon="28.1081833">
        <ele>130.8</ele>
        <time>2022-02-05T14:55:59Z</time>
        <hdop>2.1</hdop>
        <extensions>
          <speed>0.855</speed>
        </extensions>
      </trkpt>
      <trkpt lat="56.0413467" lon="28.10822">
        <ele>131.6</ele>
        <time>2022-02-05T14:56:05Z</time>
        <hdop>2</hdop>
        <extensions>
          <speed>0.825</speed>
        </extensions>
      </trkpt>
      <trkpt lat="56.04131" lon="28.1082467">
        <ele>131.8</ele>
        <time>2022-02-05T14:56:11Z</time>
        <hdop>2</hdop>
        <extensions>
          <speed>0.638</speed>
        </extensions>
      </trkpt>
      <trkpt lat="56.04126" lon="28.108255">
        <ele>131.8</ele>
        <time>2022-02-05T14:56:17Z</time>
        <hdop>2</hdop>
        <extensions>
          <speed>0.717</speed>
        </extensions>
      </trkpt>
      <trkpt lat="56.04122" lon="28.1082183">
        <ele>131.9</ele>
        <time>2022-02-05T14:56:23Z</time>
        <hdop>2</hdop>
        <extensions>
          <speed>0.826</speed>
        </extensions>
      </trkpt>
      <trkpt lat="56.0412067" lon="28.1082417">
        <ele>131.1</ele>
        <time>2022-02-05T14:56:32Z</time>
        <hdop>1.5</hdop>
      </trkpt>
      <trkpt lat="56.04116" lon="28.1082833">
        <ele>130.7</ele>
        <time>2022-02-05T14:56:38Z</time>
        <hdop>1.9</hdop>
        <extensions>
          <speed>0.478</speed>
        </extensions>
      </trkpt>
      <trkpt lat="56.0411783" lon="28.1082733">
        <ele>130.6</ele>
        <time>2022-02-05T14:56:46Z</time>
        <hdop>1.9</hdop>
      </trkpt>
      <trkpt lat="56.04116" lon="28.1082783">
        <ele>130.1</ele>
        <time>2022-02-05T14:56:51Z</time>
        <hdop>1.5</hdop>
      </trkpt>
      <trkpt lat="56.041105" lon="28.1083517">
        <ele>129.3</ele>
        <time>2022-02-05T14:57:36Z</time>
        <hdop>1.6</hdop>
        <extensions>
          <speed>0.22</speed>
        </extensions>
      </trkpt>
      <trkpt lat="56.0410983" lon="28.1083217">
        <ele>129.1</ele>
        <time>2022-02-05T14:57:44Z</time>
        <hdop>1.6</hdop>
      </trkpt>
      <trkpt lat="56.041095" lon="28.108285">
        <ele>129.2</ele>
        <time>2022-02-05T14:58:09Z</time>
        <hdop>1.6</hdop>
        <extensions>
          <speed>0.276</speed>
        </extensions>
      </trkpt>
      <trkpt lat="56.0410483" lon="28.1082683">
        <ele>129</ele>
        <time>2022-02-05T14:58:42Z</time>
        <hdop>1.6</hdop>
        <extensions>
          <speed>0.389</speed>
        </extensions>
      </trkpt>
      <trkpt lat="56.0410183" lon="28.1082683">
        <ele>129.2</ele>
        <time>2022-02-05T14:58:48Z</time>
        <hdop>1.5</hdop>
        <extensions>
          <speed>0.644</speed>
        </extensions>
      </trkpt>
      <trkpt lat="56.0409867" lon="28.1082167">
        <ele>130</ele>
        <time>2022-02-05T14:59:15Z</time>
        <hdop>1.2</hdop>
        <extensions>
          <speed>0.265</speed>
        </extensions>
      </trkpt>
      <trkpt lat="56.040965" lon="28.1082083">
        <ele>129.8</ele>
        <time>2022-02-05T14:59:21Z</time>
        <hdop>1.5</hdop>
      </trkpt>
      <trkpt lat="56.04094" lon="28.1081883">
        <ele>129.7</ele>
        <time>2022-02-05T14:59:27Z</time>
        <hdop>1.1</hdop>
      </trkpt>
      <trkpt lat="56.040955" lon="28.108165">
        <ele>130</ele>
        <time>2022-02-05T14:59:42Z</time>
        <hdop>1.5</hdop>
        <extensions>
          <speed>0.326</speed>
        </extensions>
      </trkpt>
      <trkpt lat="56.0409017" lon="28.1081717">
        <ele>130</ele>
        <time>2022-02-05T14:59:48Z</time>
        <hdop>1.5</hdop>
        <extensions>
          <speed>0.889</speed>
        </extensions>
      </trkpt>
      <trkpt lat="56.04087" lon="28.1081333">
        <ele>129.8</ele>
        <time>2022-02-05T14:59:54Z</time>
        <hdop>1.6</hdop>
        <extensions>
          <speed>0.906</speed>
        </extensions>
      </trkpt>
      <trkpt lat="56.0407983" lon="28.108105">
        <ele>129.9</ele>
        <time>2022-02-05T15:00:00Z</time>
        <hdop>1.6</hdop>
        <extensions>
          <speed>0.916</speed>
        </extensions>
      </trkpt>
      <trkpt lat="56.0407367" lon="28.1080867">
        <ele>130.7</ele>
        <time>2022-02-05T15:00:06Z</time>
        <hdop>1.6</hdop>
        <extensions>
          <speed>1.043</speed>
        </extensions>
      </trkpt>
      <trkpt lat="56.0406767" lon="28.1080817">
        <ele>131.9</ele>
        <time>2022-02-05T15:00:12Z</time>
        <hdop>1.6</hdop>
        <extensions>
          <speed>1.091</speed>
        </extensions>
      </trkpt>
      <trkpt lat="56.04059" lon="28.1081083">
        <ele>133.7</ele>
        <time>2022-02-05T15:00:18Z</time>
        <hdop>1.6</hdop>
        <extensions>
          <speed>1.312</speed>
        </extensions>
      </trkpt>
      <trkpt lat="56.040545" lon="28.1080933">
        <ele>134</ele>
        <time>2022-02-05T15:00:24Z</time>
        <hdop>1.5</hdop>
        <extensions>
          <speed>0.988</speed>
        </extensions>
      </trkpt>
      <trkpt lat="56.0405633" lon="28.1080433">
        <ele>132.5</ele>
        <time>2022-02-05T15:00:30Z</time>
        <hdop>1.6</hdop>
        <extensions>
          <speed>0.407</speed>
        </extensions>
      </trkpt>
      <trkpt lat="56.04054" lon="28.10805">
        <ele>131.9</ele>
        <time>2022-02-05T15:01:00Z</time>
        <hdop>1.2</hdop>
        <extensions>
          <speed>0.281</speed>
        </extensions>
      </trkpt>
      <trkpt lat="56.0404683" lon="28.1080167">
        <ele>131.6</ele>
        <time>2022-02-05T15:01:06Z</time>
        <hdop>1.6</hdop>
        <extensions>
          <speed>1.053</speed>
        </extensions>
      </trkpt>
      <trkpt lat="56.0404267" lon="28.1080083">
        <ele>131.6</ele>
        <time>2022-02-05T15:01:11Z</time>
        <hdop>1.6</hdop>
        <extensions>
          <speed>1.005</speed>
        </extensions>
      </trkpt>
      <trkpt lat="56.0404" lon="28.107995">
        <ele>131.1</ele>
        <time>2022-02-05T15:01:16Z</time>
        <hdop>1.6</hdop>
        <extensions>
          <speed>0.675</speed>
        </extensions>
      </trkpt>
      <trkpt lat="56.0403533" lon="28.1079567">
        <ele>130.7</ele>
        <time>2022-02-05T15:01:21Z</time>
        <hdop>1.7</hdop>
        <extensions>
          <speed>0.995</speed>
        </extensions>
      </trkpt>
      <trkpt lat="56.0402883" lon="28.1079033">
        <ele>130.5</ele>
        <time>2022-02-05T15:01:27Z</time>
        <hdop>1.6</hdop>
        <extensions>
          <speed>1.383</speed>
        </extensions>
      </trkpt>
      <trkpt lat="56.0402267" lon="28.107865">
        <ele>130</ele>
        <time>2022-02-05T15:01:33Z</time>
        <hdop>1.7</hdop>
        <extensions>
          <speed>1.36</speed>
        </extensions>
      </trkpt>
      <trkpt lat="56.0402033" lon="28.1078667">
        <ele>130.3</ele>
        <time>2022-02-05T15:01:41Z</time>
        <hdop>1.8</hdop>
        <extensions>
          <speed>0.526</speed>
        </extensions>
      </trkpt>
      <trkpt lat="56.04013" lon="28.10782">
        <ele>129.9</ele>
        <time>2022-02-05T15:01:46Z</time>
        <hdop>1.8</hdop>
        <extensions>
          <speed>0.842</speed>
        </extensions>
      </trkpt>
      <trkpt lat="56.040045" lon="28.1077633">
        <ele>131.1</ele>
        <time>2022-02-05T15:01:52Z</time>
        <hdop>1.7</hdop>
        <extensions>
          <speed>1.463</speed>
        </extensions>
      </trkpt>
      <trkpt lat="56.0399783" lon="28.10774">
        <ele>131.4</ele>
        <time>2022-02-05T15:01:57Z</time>
        <hdop>1.5</hdop>
        <extensions>
          <speed>1.425</speed>
        </extensions>
      </trkpt>
      <trkpt lat="56.0398883" lon="28.1077383">
        <ele>131.4</ele>
        <time>2022-02-05T15:02:03Z</time>
        <hdop>1.5</hdop>
        <extensions>
          <speed>1.415</speed>
        </extensions>
      </trkpt>
      <trkpt lat="56.0398083" lon="28.10778">
        <ele>131.7</ele>
        <time>2022-02-05T15:02:09Z</time>
        <hdop>1.5</hdop>
        <extensions>
          <speed>1.409</speed>
        </extensions>
      </trkpt>
      <trkpt lat="56.0397417" lon="28.1077933">
        <ele>131.6</ele>
        <time>2022-02-05T15:02:15Z</time>
        <hdop>1.5</hdop>
        <extensions>
          <speed>1.141</speed>
        </extensions>
      </trkpt>
      <trkpt lat="56.0396733" lon="28.1078217">
        <ele>131.8</ele>
        <time>2022-02-05T15:02:21Z</time>
        <hdop>1.4</hdop>
        <extensions>
          <speed>1.288</speed>
        </extensions>
      </trkpt>
      <trkpt lat="56.03961" lon="28.10783">
        <ele>131.4</ele>
        <time>2022-02-05T15:02:27Z</time>
        <hdop>1.6</hdop>
        <extensions>
          <speed>1.354</speed>
        </extensions>
      </trkpt>
      <trkpt lat="56.0395533" lon="28.10785">
        <ele>130.8</ele>
        <time>2022-02-05T15:02:33Z</time>
        <hdop>1.5</hdop>
        <extensions>
          <speed>1.238</speed>
        </extensions>
      </trkpt>
      <trkpt lat="56.0395167" lon="28.1078767">
        <ele>130.2</ele>
        <time>2022-02-05T15:02:39Z</time>
        <hdop>1.4</hdop>
        <extensions>
          <speed>1.162</speed>
        </extensions>
      </trkpt>
      <trkpt lat="56.0395017" lon="28.1078417">
        <ele>127.8</ele>
        <time>2022-02-05T15:03:04Z</time>
        <hdop>1.5</hdop>
        <extensions>
          <speed>0.467</speed>
        </extensions>
      </trkpt>
      <trkpt lat="56.0394467" lon="28.1078017">
        <ele>127.4</ele>
        <time>2022-02-05T15:03:09Z</time>
        <hdop>1.6</hdop>
        <extensions>
          <speed>0.937</speed>
        </extensions>
      </trkpt>
      <trkpt lat="56.0394067" lon="28.10779">
        <ele>126.7</ele>
        <time>2022-02-05T15:03:15Z</time>
        <hdop>1.6</hdop>
        <extensions>
          <speed>1.026</speed>
        </extensions>
      </trkpt>
      <trkpt lat="56.0393333" lon="28.1077967">
        <ele>126.4</ele>
        <time>2022-02-05T15:03:21Z</time>
        <hdop>1.7</hdop>
        <extensions>
          <speed>1.146</speed>
        </extensions>
      </trkpt>
      <trkpt lat="56.0392667" lon="28.10774">
        <ele>126.9</ele>
        <time>2022-02-05T15:03:26Z</time>
        <hdop>1.9</hdop>
        <extensions>
          <speed>1.419</speed>
        </extensions>
      </trkpt>
      <trkpt lat="56.039175" lon="28.107705">
        <ele>129.2</ele>
        <time>2022-02-05T15:03:32Z</time>
        <hdop>1.7</hdop>
        <extensions>
          <speed>1.365</speed>
        </extensions>
      </trkpt>
      <trkpt lat="56.039135" lon="28.1076783">
        <ele>126.7</ele>
        <time>2022-02-05T15:03:37Z</time>
        <hdop>1.6</hdop>
        <extensions>
          <speed>1.201</speed>
        </extensions>
      </trkpt>
      <trkpt lat="56.039085" lon="28.107645">
        <ele>124.3</ele>
        <time>2022-02-05T15:03:42Z</time>
        <hdop>1.6</hdop>
        <extensions>
          <speed>1.309</speed>
        </extensions>
      </trkpt>
      <trkpt lat="56.0390233" lon="28.1075967">
        <ele>124.6</ele>
        <time>2022-02-05T15:03:48Z</time>
        <hdop>1.5</hdop>
        <extensions>
          <speed>1.172</speed>
        </extensions>
      </trkpt>
      <trkpt lat="56.03896" lon="28.1076">
        <ele>124.7</ele>
        <time>2022-02-05T15:03:54Z</time>
        <hdop>1.5</hdop>
        <extensions>
          <speed>1.032</speed>
        </extensions>
      </trkpt>
      <trkpt lat="56.038885" lon="28.1075433">
        <ele>123.6</ele>
        <time>2022-02-05T15:04:00Z</time>
        <hdop>1.5</hdop>
        <extensions>
          <speed>1.321</speed>
        </extensions>
      </trkpt>
      <trkpt lat="56.038805" lon="28.1075183">
        <ele>124.1</ele>
        <time>2022-02-05T15:04:06Z</time>
        <hdop>1.7</hdop>
        <extensions>
          <speed>1.59</speed>
        </extensions>
      </trkpt>
      <trkpt lat="56.03875" lon="28.1075017">
        <ele>124</ele>
        <time>2022-02-05T15:04:11Z</time>
        <hdop>1.6</hdop>
        <extensions>
          <speed>1.446</speed>
        </extensions>
      </trkpt>
      <trkpt lat="56.03869" lon="28.107485">
        <ele>123.8</ele>
        <time>2022-02-05T15:04:17Z</time>
        <hdop>1.7</hdop>
        <extensions>
          <speed>1.185</speed>
        </extensions>
      </trkpt>
      <trkpt lat="56.0386633" lon="28.1074483">
        <ele>123.7</ele>
        <time>2022-02-05T15:04:23Z</time>
        <hdop>1.7</hdop>
        <extensions>
          <speed>0.91</speed>
        </extensions>
      </trkpt>
      <trkpt lat="56.03863" lon="28.1073767">
        <ele>124.3</ele>
        <time>2022-02-05T15:04:28Z</time>
        <hdop>1.5</hdop>
        <extensions>
          <speed>0.928</speed>
        </extensions>
      </trkpt>
      <trkpt lat="56.03859" lon="28.1072583">
        <ele>125.4</ele>
        <time>2022-02-05T15:04:33Z</time>
        <hdop>1.5</hdop>
        <extensions>
          <speed>1.021</speed>
        </extensions>
      </trkpt>
      <trkpt lat="56.038555" lon="28.1071467">
        <ele>125.4</ele>
        <time>2022-02-05T15:04:39Z</time>
        <hdop>1.6</hdop>
        <extensions>
          <speed>1.324</speed>
        </extensions>
      </trkpt>
      <trkpt lat="56.03851" lon="28.107085">
        <ele>123.5</ele>
        <time>2022-02-05T15:04:44Z</time>
        <hdop>1.6</hdop>
        <extensions>
          <speed>1.297</speed>
        </extensions>
      </trkpt>
      <trkpt lat="56.03849" lon="28.1070317">
        <ele>124.5</ele>
        <time>2022-02-05T15:04:50Z</time>
        <hdop>1.8</hdop>
        <extensions>
          <speed>1.066</speed>
        </extensions>
      </trkpt>
      <trkpt lat="56.0384333" lon="28.1069467">
        <ele>124.6</ele>
        <time>2022-02-05T15:04:56Z</time>
        <hdop>1.7</hdop>
        <extensions>
          <speed>0.98</speed>
        </extensions>
      </trkpt>
      <trkpt lat="56.038385" lon="28.10689">
        <ele>125.2</ele>
        <time>2022-02-05T15:05:02Z</time>
        <hdop>1.7</hdop>
        <extensions>
          <speed>1.363</speed>
        </extensions>
      </trkpt>
      <trkpt lat="56.0383367" lon="28.10682">
        <ele>126.3</ele>
        <time>2022-02-05T15:05:08Z</time>
        <hdop>1.7</hdop>
        <extensions>
          <speed>1.371</speed>
        </extensions>
      </trkpt>
      <trkpt lat="56.0382817" lon="28.1067583">
        <ele>128.2</ele>
        <time>2022-02-05T15:05:14Z</time>
        <hdop>1.6</hdop>
        <extensions>
          <speed>1.026</speed>
        </extensions>
      </trkpt>
      <trkpt lat="56.0382" lon="28.1066917">
        <ele>129.7</ele>
        <time>2022-02-05T15:05:20Z</time>
        <hdop>1.6</hdop>
        <extensions>
          <speed>1.26</speed>
        </extensions>
      </trkpt>
      <trkpt lat="56.0381533" lon="28.1066733">
        <ele>130.1</ele>
        <time>2022-02-05T15:05:25Z</time>
        <hdop>1.6</hdop>
        <extensions>
          <speed>1.205</speed>
        </extensions>
      </trkpt>
      <trkpt lat="56.0381133" lon="28.1066233">
        <ele>129.9</ele>
        <time>2022-02-05T15:05:31Z</time>
        <hdop>1.5</hdop>
        <extensions>
          <speed>0.824</speed>
        </extensions>
      </trkpt>
      <trkpt lat="56.0380583" lon="28.1065417">
        <ele>130.1</ele>
        <time>2022-02-05T15:05:37Z</time>
        <hdop>1.5</hdop>
        <extensions>
          <speed>1.058</speed>
        </extensions>
      </trkpt>
      <trkpt lat="56.038" lon="28.1064867">
        <ele>130.7</ele>
        <time>2022-02-05T15:05:43Z</time>
        <hdop>1.5</hdop>
        <extensions>
          <speed>1.25</speed>
        </extensions>
      </trkpt>
      <trkpt lat="56.0379467" lon="28.10642">
        <ele>131.6</ele>
        <time>2022-02-05T15:05:49Z</time>
        <hdop>1.6</hdop>
        <extensions>
          <speed>1.278</speed>
        </extensions>
      </trkpt>
      <trkpt lat="56.0378917" lon="28.10635">
        <ele>132</ele>
        <time>2022-02-05T15:05:54Z</time>
        <hdop>1.5</hdop>
        <extensions>
          <speed>1.289</speed>
        </extensions>
      </trkpt>
      <trkpt lat="56.0378383" lon="28.1062817">
        <ele>133.8</ele>
        <time>2022-02-05T15:06:00Z</time>
        <hdop>1.6</hdop>
        <extensions>
          <speed>1.356</speed>
        </extensions>
      </trkpt>
      <trkpt lat="56.0377867" lon="28.1062033">
        <ele>135.1</ele>
        <time>2022-02-05T15:06:06Z</time>
        <hdop>1.6</hdop>
        <extensions>
          <speed>1.348</speed>
        </extensions>
      </trkpt>
      <trkpt lat="56.0377217" lon="28.10614">
        <ele>135.2</ele>
        <time>2022-02-05T15:06:12Z</time>
        <hdop>1.5</hdop>
        <extensions>
          <speed>1.432</speed>
        </extensions>
      </trkpt>
      <trkpt lat="56.0376583" lon="28.106105">
        <ele>134.1</ele>
        <time>2022-02-05T15:06:18Z</time>
        <hdop>1.6</hdop>
        <extensions>
          <speed>1.345</speed>
        </extensions>
      </trkpt>
      <trkpt lat="56.0376117" lon="28.1060567">
        <ele>133.4</ele>
        <time>2022-02-05T15:06:24Z</time>
        <hdop>1.6</hdop>
        <extensions>
          <speed>1.219</speed>
        </extensions>
      </trkpt>
      <trkpt lat="56.0375483" lon="28.1059917">
        <ele>133.9</ele>
        <time>2022-02-05T15:06:30Z</time>
        <hdop>1.6</hdop>
        <extensions>
          <speed>1.207</speed>
        </extensions>
      </trkpt>
      <trkpt lat="56.0374983" lon="28.10596">
        <ele>133.9</ele>
        <time>2022-02-05T15:06:35Z</time>
        <hdop>1.7</hdop>
        <extensions>
          <speed>1.214</speed>
        </extensions>
      </trkpt>
      <trkpt lat="56.0374417" lon="28.1059283">
        <ele>134.3</ele>
        <time>2022-02-05T15:06:41Z</time>
        <hdop>1.7</hdop>
        <extensions>
          <speed>1.134</speed>
        </extensions>
      </trkpt>
      <trkpt lat="56.0373833" lon="28.10587">
        <ele>134.7</ele>
        <time>2022-02-05T15:06:47Z</time>
        <hdop>1.7</hdop>
        <extensions>
          <speed>1.052</speed>
        </extensions>
      </trkpt>
      <trkpt lat="56.0373217" lon="28.105795">
        <ele>134.9</ele>
        <time>2022-02-05T15:06:53Z</time>
        <hdop>1.6</hdop>
        <extensions>
          <speed>1.043</speed>
        </extensions>
      </trkpt>
      <trkpt lat="56.0372733" lon="28.1057567">
        <ele>135.5</ele>
        <time>2022-02-05T15:06:59Z</time>
        <hdop>1.7</hdop>
        <extensions>
          <speed>0.845</speed>
        </extensions>
      </trkpt>
      <trkpt lat="56.0372067" lon="28.10572">
        <ele>135.2</ele>
        <time>2022-02-05T15:07:05Z</time>
        <hdop>1.7</hdop>
        <extensions>
          <speed>0.938</speed>
        </extensions>
      </trkpt>
      <trkpt lat="56.03715" lon="28.1056783">
        <ele>134.9</ele>
        <time>2022-02-05T15:07:11Z</time>
        <hdop>1.7</hdop>
        <extensions>
          <speed>1.091</speed>
        </extensions>
      </trkpt>
      <trkpt lat="56.0370983" lon="28.1056233">
        <ele>135.7</ele>
        <time>2022-02-05T15:07:16Z</time>
        <hdop>1.6</hdop>
        <extensions>
          <speed>1.146</speed>
        </extensions>
      </trkpt>
      <trkpt lat="56.0370433" lon="28.1056083">
        <ele>135.7</ele>
        <time>2022-02-05T15:07:21Z</time>
        <hdop>1.7</hdop>
        <extensions>
          <speed>1.225</speed>
        </extensions>
      </trkpt>
      <trkpt lat="56.0369867" lon="28.1055783">
        <ele>135.3</ele>
        <time>2022-02-05T15:07:27Z</time>
        <hdop>1.7</hdop>
        <extensions>
          <speed>1.15</speed>
        </extensions>
      </trkpt>
      <trkpt lat="56.0369017" lon="28.1055533">
        <ele>133.8</ele>
        <time>2022-02-05T15:07:33Z</time>
        <hdop>1.7</hdop>
        <extensions>
          <speed>1.43</speed>
        </extensions>
      </trkpt>
      <trkpt lat="56.0368383" lon="28.1055467">
        <ele>132.5</ele>
        <time>2022-02-05T15:07:38Z</time>
        <hdop>1.6</hdop>
        <extensions>
          <speed>1.46</speed>
        </extensions>
      </trkpt>
      <trkpt lat="56.0367667" lon="28.105555">
        <ele>131.7</ele>
        <time>2022-02-05T15:07:44Z</time>
        <hdop>1.6</hdop>
        <extensions>
          <speed>1.308</speed>
        </extensions>
      </trkpt>
      <trkpt lat="56.036725" lon="28.1055283">
        <ele>131.7</ele>
        <time>2022-02-05T15:07:50Z</time>
        <hdop>1.6</hdop>
        <extensions>
          <speed>1.129</speed>
        </extensions>
      </trkpt>
      <trkpt lat="56.0366833" lon="28.1055067">
        <ele>131.6</ele>
        <time>2022-02-05T15:07:55Z</time>
        <hdop>1.6</hdop>
        <extensions>
          <speed>1.116</speed>
        </extensions>
      </trkpt>
      <trkpt lat="56.03663" lon="28.105485">
        <ele>131.9</ele>
        <time>2022-02-05T15:08:00Z</time>
        <hdop>1.7</hdop>
        <extensions>
          <speed>1.335</speed>
        </extensions>
      </trkpt>
      <trkpt lat="56.0365767" lon="28.1054633">
        <ele>132</ele>
        <time>2022-02-05T15:08:05Z</time>
        <hdop>1.6</hdop>
        <extensions>
          <speed>1.229</speed>
        </extensions>
      </trkpt>
      <trkpt lat="56.0365417" lon="28.10546">
        <ele>132.3</ele>
        <time>2022-02-05T15:08:11Z</time>
        <hdop>1.7</hdop>
        <extensions>
          <speed>1.077</speed>
        </extensions>
      </trkpt>
      <trkpt lat="56.0364767" lon="28.105405">
        <ele>133.4</ele>
        <time>2022-02-05T15:08:16Z</time>
        <hdop>1.7</hdop>
        <extensions>
          <speed>1.26</speed>
        </extensions>
      </trkpt>
      <trkpt lat="56.03642" lon="28.1053717">
        <ele>134.4</ele>
        <time>2022-02-05T15:08:21Z</time>
        <hdop>1.6</hdop>
        <extensions>
          <speed>1.323</speed>
        </extensions>
      </trkpt>
      <trkpt lat="56.0363667" lon="28.1053333">
        <ele>134.5</ele>
        <time>2022-02-05T15:08:27Z</time>
        <hdop>1.6</hdop>
        <extensions>
          <speed>1.094</speed>
        </extensions>
      </trkpt>
      <trkpt lat="56.0362933" lon="28.1052883">
        <ele>133.8</ele>
        <time>2022-02-05T15:08:33Z</time>
        <hdop>1.6</hdop>
        <extensions>
          <speed>1.215</speed>
        </extensions>
      </trkpt>
      <trkpt lat="56.036225" lon="28.1052567">
        <ele>133</ele>
        <time>2022-02-05T15:08:39Z</time>
        <hdop>1.6</hdop>
        <extensions>
          <speed>1.291</speed>
        </extensions>
      </trkpt>
      <trkpt lat="56.0361583" lon="28.105235">
        <ele>132.5</ele>
        <time>2022-02-05T15:08:45Z</time>
        <hdop>1.6</hdop>
        <extensions>
          <speed>1.15</speed>
        </extensions>
      </trkpt>
      <trkpt lat="56.036085" lon="28.105195">
        <ele>132.3</ele>
        <time>2022-02-05T15:08:51Z</time>
        <hdop>1.7</hdop>
        <extensions>
          <speed>1.207</speed>
        </extensions>
      </trkpt>
      <trkpt lat="56.0360233" lon="28.1051433">
        <ele>132.5</ele>
        <time>2022-02-05T15:08:57Z</time>
        <hdop>1.7</hdop>
        <extensions>
          <speed>1.256</speed>
        </extensions>
      </trkpt>
      <trkpt lat="56.03597" lon="28.1050367">
        <ele>133</ele>
        <time>2022-02-05T15:09:03Z</time>
        <hdop>1.6</hdop>
        <extensions>
          <speed>1.39</speed>
        </extensions>
      </trkpt>
      <trkpt lat="56.035925" lon="28.1049517">
        <ele>134.2</ele>
        <time>2022-02-05T15:09:09Z</time>
        <hdop>1.7</hdop>
        <extensions>
          <speed>1.224</speed>
        </extensions>
      </trkpt>
      <trkpt lat="56.0358683" lon="28.1048783">
        <ele>133.8</ele>
        <time>2022-02-05T15:09:15Z</time>
        <hdop>1.7</hdop>
        <extensions>
          <speed>1.236</speed>
        </extensions>
      </trkpt>
      <trkpt lat="56.0357983" lon="28.1048367">
        <ele>132.1</ele>
        <time>2022-02-05T15:09:22Z</time>
        <hdop>1.7</hdop>
        <extensions>
          <speed>1.259</speed>
        </extensions>
      </trkpt>
      <trkpt lat="56.0357483" lon="28.1048217">
        <ele>131.5</ele>
        <time>2022-02-05T15:09:27Z</time>
        <hdop>1.6</hdop>
        <extensions>
          <speed>0.978</speed>
        </extensions>
      </trkpt>
      <trkpt lat="56.0356967" lon="28.1047833">
        <ele>130.7</ele>
        <time>2022-02-05T15:09:33Z</time>
        <hdop>1.6</hdop>
        <extensions>
          <speed>0.951</speed>
        </extensions>
      </trkpt>
      <trkpt lat="56.0356417" lon="28.1047533">
        <ele>129.4</ele>
        <time>2022-02-05T15:09:39Z</time>
        <hdop>1.6</hdop>
        <extensions>
          <speed>1.105</speed>
        </extensions>
      </trkpt>
      <trkpt lat="56.0355717" lon="28.1047167">
        <ele>128</ele>
        <time>2022-02-05T15:09:45Z</time>
        <hdop>1.6</hdop>
        <extensions>
          <speed>1.225</speed>
        </extensions>
      </trkpt>
      <trkpt lat="56.0355033" lon="28.104685">
        <ele>128.6</ele>
        <time>2022-02-05T15:09:51Z</time>
        <hdop>1.6</hdop>
        <extensions>
          <speed>1.298</speed>
        </extensions>
      </trkpt>
      <trkpt lat="56.0354317" lon="28.1046467">
        <ele>128.6</ele>
        <time>2022-02-05T15:09:57Z</time>
        <hdop>1.6</hdop>
        <extensions>
          <speed>1.409</speed>
        </extensions>
      </trkpt>
      <trkpt lat="56.0354" lon="28.10456">
        <ele>130.7</ele>
        <time>2022-02-05T15:10:03Z</time>
        <hdop>1.6</hdop>
        <extensions>
          <speed>1.29</speed>
        </extensions>
      </trkpt>
      <trkpt lat="56.0353833" lon="28.1044017">
        <ele>132.4</ele>
        <time>2022-02-05T15:10:09Z</time>
        <hdop>1.6</hdop>
        <extensions>
          <speed>1.456</speed>
        </extensions>
      </trkpt>
      <trkpt lat="56.035385" lon="28.1042383">
        <ele>133.5</ele>
        <time>2022-02-05T15:10:15Z</time>
        <hdop>1.7</hdop>
        <extensions>
          <speed>1.684</speed>
        </extensions>
      </trkpt>
      <trkpt lat="56.03539" lon="28.1039183">
        <ele>134.9</ele>
        <time>2022-02-05T15:10:21Z</time>
        <hdop>1.7</hdop>
        <extensions>
          <speed>2.65</speed>
        </extensions>
      </trkpt>
      <trkpt lat="56.0353717" lon="28.103795">
        <ele>133.6</ele>
        <time>2022-02-05T15:10:27Z</time>
        <hdop>1.6</hdop>
        <extensions>
          <speed>1.876</speed>
        </extensions>
      </trkpt>
      <trkpt lat="56.0353683" lon="28.1036583">
        <ele>134.3</ele>
        <time>2022-02-05T15:10:33Z</time>
        <hdop>1.5</hdop>
        <extensions>
          <speed>1.12</speed>
        </extensions>
      </trkpt>
      <trkpt lat="56.0353717" lon="28.1035233">
        <ele>133.6</ele>
        <time>2022-02-05T15:10:39Z</time>
        <hdop>1.5</hdop>
        <extensions>
          <speed>1.255</speed>
        </extensions>
      </trkpt>
      <trkpt lat="56.03538" lon="28.1033933">
        <ele>132.6</ele>
        <time>2022-02-05T15:10:45Z</time>
        <hdop>1.5</hdop>
        <extensions>
          <speed>1.29</speed>
        </extensions>
      </trkpt>
      <trkpt lat="56.03539" lon="28.1032567">
        <ele>132</ele>
        <time>2022-02-05T15:10:51Z</time>
        <hdop>1.6</hdop>
        <extensions>
          <speed>1.314</speed>
        </extensions>
      </trkpt>
      <trkpt lat="56.0353967" lon="28.1031367">
        <ele>130.9</ele>
        <time>2022-02-05T15:10:57Z</time>
        <hdop>1.5</hdop>
        <extensions>
          <speed>1.442</speed>
        </extensions>
      </trkpt>
      <trkpt lat="56.0354167" lon="28.10298">
        <ele>130.3</ele>
        <time>2022-02-05T15:11:03Z</time>
        <hdop>1.6</hdop>
        <extensions>
          <speed>1.519</speed>
        </extensions>
      </trkpt>
      <trkpt lat="56.0354333" lon="28.102865">
        <ele>129.2</ele>
        <time>2022-02-05T15:11:09Z</time>
        <hdop>1.8</hdop>
        <extensions>
          <speed>1.441</speed>
        </extensions>
      </trkpt>
      <trkpt lat="56.0354383" lon="28.1027383">
        <ele>128</ele>
        <time>2022-02-05T15:11:15Z</time>
        <hdop>1.6</hdop>
        <extensions>
          <speed>1.337</speed>
        </extensions>
      </trkpt>
      <trkpt lat="56.0354617" lon="28.102615">
        <ele>127.7</ele>
        <time>2022-02-05T15:11:21Z</time>
        <hdop>1.6</hdop>
        <extensions>
          <speed>1.259</speed>
        </extensions>
      </trkpt>
      <trkpt lat="56.0354817" lon="28.1025083">
        <ele>128.3</ele>
        <time>2022-02-05T15:11:27Z</time>
        <hdop>1.6</hdop>
        <extensions>
          <speed>1.218</speed>
        </extensions>
      </trkpt>
      <trkpt lat="56.0354833" lon="28.102475">
        <ele>128.7</ele>
        <time>2022-02-05T15:11:33Z</time>
        <hdop>1.6</hdop>
        <extensions>
          <speed>0.819</speed>
        </extensions>
      </trkpt>
      <trkpt lat="56.0355017" lon="28.102475">
        <ele>128.7</ele>
        <time>2022-02-05T15:11:42Z</time>
        <hdop>1.5</hdop>
      </trkpt>
      <trkpt lat="56.0354867" lon="28.1024983">
        <ele>129.1</ele>
        <time>2022-02-05T15:15:32Z</time>
        <hdop>1.2</hdop>
        <extensions>
          <speed>0.26</speed>
        </extensions>
      </trkpt>
      <trkpt lat="56.0354367" lon="28.102535">
        <ele>129</ele>
        <time>2022-02-05T15:15:38Z</time>
        <hdop>1.4</hdop>
        <extensions>
          <speed>0.859</speed>
        </extensions>
      </trkpt>
      <trkpt lat="56.0353983" lon="28.102565">
        <ele>129.3</ele>
        <time>2022-02-05T15:15:43Z</time>
        <hdop>1.5</hdop>
        <extensions>
          <speed>1.019</speed>
        </extensions>
      </trkpt>
      <trkpt lat="56.0353567" lon="28.102585">
        <ele>130.4</ele>
        <time>2022-02-05T15:15:49Z</time>
        <hdop>1.6</hdop>
        <extensions>
          <speed>0.946</speed>
        </extensions>
      </trkpt>
      <trkpt lat="56.035315" lon="28.10261">
        <ele>131.1</ele>
        <time>2022-02-05T15:15:54Z</time>
        <hdop>1.6</hdop>
        <extensions>
          <speed>0.993</speed>
        </extensions>
      </trkpt>
      <trkpt lat="56.0352567" lon="28.10263">
        <ele>131.8</ele>
        <time>2022-02-05T15:16:00Z</time>
        <hdop>1.5</hdop>
        <extensions>
          <speed>1.111</speed>
        </extensions>
      </trkpt>
      <trkpt lat="56.0351983" lon="28.1026517">
        <ele>131.5</ele>
        <time>2022-02-05T15:16:05Z</time>
        <hdop>1.6</hdop>
        <extensions>
          <speed>1.214</speed>
        </extensions>
      </trkpt>
      <trkpt lat="56.035145" lon="28.1026617">
        <ele>130.7</ele>
        <time>2022-02-05T15:16:10Z</time>
        <hdop>1.5</hdop>
        <extensions>
          <speed>1.21</speed>
        </extensions>
      </trkpt>
      <trkpt lat="56.0350917" lon="28.1026633">
        <ele>130.8</ele>
        <time>2022-02-05T15:16:15Z</time>
        <hdop>1.7</hdop>
        <extensions>
          <speed>1.244</speed>
        </extensions>
      </trkpt>
      <trkpt lat="56.0350383" lon="28.1026483">
        <ele>130.1</ele>
        <time>2022-02-05T15:16:20Z</time>
        <hdop>1.6</hdop>
        <extensions>
          <speed>1.111</speed>
        </extensions>
      </trkpt>
      <trkpt lat="56.03495" lon="28.102665">
        <ele>129.6</ele>
        <time>2022-02-05T15:16:26Z</time>
        <hdop>1.6</hdop>
        <extensions>
          <speed>1.035</speed>
        </extensions>
      </trkpt>
      <trkpt lat="56.03487" lon="28.102705">
        <ele>129.9</ele>
        <time>2022-02-05T15:16:32Z</time>
        <hdop>1.6</hdop>
        <extensions>
          <speed>1.34</speed>
        </extensions>
      </trkpt>
      <trkpt lat="56.0348083" lon="28.10273">
        <ele>129</ele>
        <time>2022-02-05T15:16:37Z</time>
        <hdop>1.6</hdop>
        <extensions>
          <speed>1.288</speed>
        </extensions>
      </trkpt>
      <trkpt lat="56.03473" lon="28.1027533">
        <ele>127.6</ele>
        <time>2022-02-05T15:16:43Z</time>
        <hdop>1.7</hdop>
        <extensions>
          <speed>1.291</speed>
        </extensions>
      </trkpt>
      <trkpt lat="56.0346867" lon="28.1027583">
        <ele>126.5</ele>
        <time>2022-02-05T15:16:49Z</time>
        <hdop>1.6</hdop>
        <extensions>
          <speed>1.163</speed>
        </extensions>
      </trkpt>
      <trkpt lat="56.0346317" lon="28.10281">
        <ele>126.1</ele>
        <time>2022-02-05T15:16:55Z</time>
        <hdop>1.9</hdop>
        <extensions>
          <speed>1.482</speed>
        </extensions>
      </trkpt>
      <trkpt lat="56.03457" lon="28.102835">
        <ele>127.1</ele>
        <time>2022-02-05T15:17:01Z</time>
        <hdop>2</hdop>
        <extensions>
          <speed>1.921</speed>
        </extensions>
      </trkpt>
      <trkpt lat="56.034515" lon="28.1028967">
        <ele>129</ele>
        <time>2022-02-05T15:17:07Z</time>
        <hdop>2</hdop>
        <extensions>
          <speed>1.623</speed>
        </extensions>
      </trkpt>
      <trkpt lat="56.03448" lon="28.1029433">
        <ele>130.6</ele>
        <time>2022-02-05T15:17:12Z</time>
        <hdop>2.1</hdop>
        <extensions>
          <speed>1.656</speed>
        </extensions>
      </trkpt>
      <trkpt lat="56.0344417" lon="28.102975">
        <ele>130.2</ele>
        <time>2022-02-05T15:17:17Z</time>
        <hdop>2</hdop>
        <extensions>
          <speed>1.217</speed>
        </extensions>
      </trkpt>
      <trkpt lat="56.0343667" lon="28.1030133">
        <ele>131</ele>
        <time>2022-02-05T15:17:23Z</time>
        <hdop>1.9</hdop>
        <extensions>
          <speed>1.067</speed>
        </extensions>
      </trkpt>
      <trkpt lat="56.0343083" lon="28.103035">
        <ele>131.2</ele>
        <time>2022-02-05T15:17:28Z</time>
        <hdop>2.1</hdop>
        <extensions>
          <speed>1.483</speed>
        </extensions>
      </trkpt>
      <trkpt lat="56.03427" lon="28.1030817">
        <ele>132.5</ele>
        <time>2022-02-05T15:17:33Z</time>
        <hdop>2.3</hdop>
        <extensions>
          <speed>1.402</speed>
        </extensions>
      </trkpt>
      <trkpt lat="56.03421" lon="28.1031">
        <ele>132.6</ele>
        <time>2022-02-05T15:17:39Z</time>
        <hdop>2.2</hdop>
        <extensions>
          <speed>1.151</speed>
        </extensions>
      </trkpt>
      <trkpt lat="56.0341483" lon="28.10311">
        <ele>133.3</ele>
        <time>2022-02-05T15:17:45Z</time>
        <hdop>2.3</hdop>
        <extensions>
          <speed>1.4</speed>
        </extensions>
      </trkpt>
      <trkpt lat="56.034095" lon="28.1031417">
        <ele>133.3</ele>
        <time>2022-02-05T15:17:51Z</time>
        <hdop>2.1</hdop>
        <extensions>
          <speed>1.447</speed>
        </extensions>
      </trkpt>
      <trkpt lat="56.0340367" lon="28.10318">
        <ele>134</ele>
        <time>2022-02-05T15:17:57Z</time>
        <hdop>2.4</hdop>
        <extensions>
          <speed>1.289</speed>
        </extensions>
      </trkpt>
      <trkpt lat="56.033975" lon="28.1031933">
        <ele>134.3</ele>
        <time>2022-02-05T15:18:03Z</time>
        <hdop>2.6</hdop>
        <extensions>
          <speed>0.881</speed>
        </extensions>
      </trkpt>
      <trkpt lat="56.033915" lon="28.10322">
        <ele>133.8</ele>
        <time>2022-02-05T15:18:09Z</time>
        <hdop>2.5</hdop>
        <extensions>
          <speed>1.13</speed>
        </extensions>
      </trkpt>
      <trkpt lat="56.03385" lon="28.103235">
        <ele>134.2</ele>
        <time>2022-02-05T15:18:15Z</time>
        <hdop>2.6</hdop>
        <extensions>
          <speed>1.256</speed>
        </extensions>
      </trkpt>
      <trkpt lat="56.033795" lon="28.1032383">
        <ele>134.7</ele>
        <time>2022-02-05T15:18:21Z</time>
        <hdop>2.6</hdop>
        <extensions>
          <speed>1.119</speed>
        </extensions>
      </trkpt>
      <trkpt lat="56.0337317" lon="28.1032417">
        <ele>133.5</ele>
        <time>2022-02-05T15:18:27Z</time>
        <hdop>2.3</hdop>
        <extensions>
          <speed>0.897</speed>
        </extensions>
      </trkpt>
      <trkpt lat="56.03366" lon="28.1032667">
        <ele>131.8</ele>
        <time>2022-02-05T15:18:33Z</time>
        <hdop>2.1</hdop>
        <extensions>
          <speed>1.231</speed>
        </extensions>
      </trkpt>
      <trkpt lat="56.03361" lon="28.1032817">
        <ele>129.9</ele>
        <time>2022-02-05T15:18:39Z</time>
        <hdop>1.9</hdop>
        <extensions>
          <speed>1.032</speed>
        </extensions>
      </trkpt>
      <trkpt lat="56.0335517" lon="28.103305">
        <ele>129.4</ele>
        <time>2022-02-05T15:18:45Z</time>
        <hdop>1.9</hdop>
        <extensions>
          <speed>0.935</speed>
        </extensions>
      </trkpt>
      <trkpt lat="56.033485" lon="28.1033533">
        <ele>129.7</ele>
        <time>2022-02-05T15:18:51Z</time>
        <hdop>1.9</hdop>
        <extensions>
          <speed>1.209</speed>
        </extensions>
      </trkpt>
      <trkpt lat="56.0334" lon="28.1033983">
        <ele>129.1</ele>
        <time>2022-02-05T15:18:57Z</time>
        <hdop>1.9</hdop>
        <extensions>
          <speed>1.429</speed>
        </extensions>
      </trkpt>
      <trkpt lat="56.033355" lon="28.1034233">
        <ele>129.3</ele>
        <time>2022-02-05T15:19:03Z</time>
        <hdop>1.9</hdop>
        <extensions>
          <speed>1.235</speed>
        </extensions>
      </trkpt>
      <trkpt lat="56.033275" lon="28.1034417">
        <ele>128.9</ele>
        <time>2022-02-05T15:19:09Z</time>
        <hdop>2</hdop>
        <extensions>
          <speed>1.148</speed>
        </extensions>
      </trkpt>
      <trkpt lat="56.0331433" lon="28.103445">
        <ele>128.6</ele>
        <time>2022-02-05T15:19:15Z</time>
        <hdop>1.7</hdop>
        <extensions>
          <speed>1.349</speed>
        </extensions>
      </trkpt>
      <trkpt lat="56.03307" lon="28.1034467">
        <ele>128.5</ele>
        <time>2022-02-05T15:19:21Z</time>
        <hdop>1.6</hdop>
        <extensions>
          <speed>1.408</speed>
        </extensions>
      </trkpt>
      <trkpt lat="56.0330433" lon="28.1034733">
        <ele>127.3</ele>
        <time>2022-02-05T15:19:27Z</time>
        <hdop>1.9</hdop>
        <extensions>
          <speed>0.998</speed>
        </extensions>
      </trkpt>
      <trkpt lat="56.0329667" lon="28.103505">
        <ele>126.6</ele>
        <time>2022-02-05T15:19:33Z</time>
        <hdop>1.8</hdop>
        <extensions>
          <speed>0.806</speed>
        </extensions>
      </trkpt>
      <trkpt lat="56.0329483" lon="28.1035317">
        <ele>126.3</ele>
        <time>2022-02-05T15:19:39Z</time>
        <hdop>1.9</hdop>
        <extensions>
          <speed>0.628</speed>
        </extensions>
      </trkpt>
      <trkpt lat="56.0328767" lon="28.1035683">
        <ele>126.6</ele>
        <time>2022-02-05T15:19:45Z</time>
        <hdop>2</hdop>
        <extensions>
          <speed>0.731</speed>
        </extensions>
      </trkpt>
      <trkpt lat="56.0328233" lon="28.1035833">
        <ele>127</ele>
        <time>2022-02-05T15:19:51Z</time>
        <hdop>1.9</hdop>
        <extensions>
          <speed>1.08</speed>
        </extensions>
      </trkpt>
      <trkpt lat="56.03274" lon="28.103625">
        <ele>127.3</ele>
        <time>2022-02-05T15:19:57Z</time>
        <hdop>1.8</hdop>
        <extensions>
          <speed>1.075</speed>
        </extensions>
      </trkpt>
      <trkpt lat="56.0326883" lon="28.1036533">
        <ele>126.9</ele>
        <time>2022-02-05T15:20:03Z</time>
        <hdop>1.9</hdop>
        <extensions>
          <speed>0.996</speed>
        </extensions>
      </trkpt>
      <trkpt lat="56.0326183" lon="28.1036783">
        <ele>127.3</ele>
        <time>2022-02-05T15:20:09Z</time>
        <hdop>1.9</hdop>
        <extensions>
          <speed>1.01</speed>
        </extensions>
      </trkpt>
      <trkpt lat="56.0325467" lon="28.103685">
        <ele>128.6</ele>
        <time>2022-02-05T15:20:15Z</time>
        <hdop>1.8</hdop>
        <extensions>
          <speed>1.168</speed>
        </extensions>
      </trkpt>
      <trkpt lat="56.0324817" lon="28.103715">
        <ele>129.4</ele>
        <time>2022-02-05T15:20:21Z</time>
        <hdop>1.8</hdop>
        <extensions>
          <speed>1.303</speed>
        </extensions>
      </trkpt>
      <trkpt lat="56.0324117" lon="28.1037583">
        <ele>129.6</ele>
        <time>2022-02-05T15:20:27Z</time>
        <hdop>1.8</hdop>
        <extensions>
          <speed>1.246</speed>
        </extensions>
      </trkpt>
      <trkpt lat="56.0323433" lon="28.1037883">
        <ele>128.5</ele>
        <time>2022-02-05T15:20:33Z</time>
        <hdop>2</hdop>
        <extensions>
          <speed>1.328</speed>
        </extensions>
      </trkpt>
      <trkpt lat="56.032265" lon="28.1038183">
        <ele>128.9</ele>
        <time>2022-02-05T15:20:39Z</time>
        <hdop>1.8</hdop>
        <extensions>
          <speed>1.391</speed>
        </extensions>
      </trkpt>
      <trkpt lat="56.032215" lon="28.1038383">
        <ele>129.7</ele>
        <time>2022-02-05T15:20:45Z</time>
        <hdop>1.7</hdop>
        <extensions>
          <speed>1.043</speed>
        </extensions>
      </trkpt>
      <trkpt lat="56.0321667" lon="28.1038683">
        <ele>128.3</ele>
        <time>2022-02-05T15:20:51Z</time>
        <hdop>1.9</hdop>
        <extensions>
          <speed>0.77</speed>
        </extensions>
      </trkpt>
      <trkpt lat="56.032105" lon="28.1039217">
        <ele>127.3</ele>
        <time>2022-02-05T15:20:57Z</time>
        <hdop>1.8</hdop>
        <extensions>
          <speed>1.022</speed>
        </extensions>
      </trkpt>
      <trkpt lat="56.0320433" lon="28.1039817">
        <ele>126.3</ele>
        <time>2022-02-05T15:21:03Z</time>
        <hdop>1.8</hdop>
        <extensions>
          <speed>1.156</speed>
        </extensions>
      </trkpt>
      <trkpt lat="56.0319717" lon="28.1040483">
        <ele>126.5</ele>
        <time>2022-02-05T15:21:09Z</time>
        <hdop>1.8</hdop>
        <extensions>
          <speed>1.058</speed>
        </extensions>
      </trkpt>
      <trkpt lat="56.031925" lon="28.10408">
        <ele>125.8</ele>
        <time>2022-02-05T15:21:15Z</time>
        <hdop>2</hdop>
        <extensions>
          <speed>0.982</speed>
        </extensions>
      </trkpt>
      <trkpt lat="56.0318583" lon="28.1041583">
        <ele>126.5</ele>
        <time>2022-02-05T15:21:21Z</time>
        <hdop>1.8</hdop>
        <extensions>
          <speed>1.128</speed>
        </extensions>
      </trkpt>
      <trkpt lat="56.0317917" lon="28.1042017">
        <ele>127.2</ele>
        <time>2022-02-05T15:21:27Z</time>
        <hdop>1.7</hdop>
        <extensions>
          <speed>1.278</speed>
        </extensions>
      </trkpt>
      <trkpt lat="56.0317167" lon="28.1042083">
        <ele>129.1</ele>
        <time>2022-02-05T15:21:32Z</time>
        <hdop>1.6</hdop>
        <extensions>
          <speed>1.283</speed>
        </extensions>
      </trkpt>
      <trkpt lat="56.0316367" lon="28.1042133">
        <ele>130.7</ele>
        <time>2022-02-05T15:21:38Z</time>
        <hdop>1.5</hdop>
        <extensions>
          <speed>1.304</speed>
        </extensions>
      </trkpt>
      <trkpt lat="56.0315783" lon="28.1042533">
        <ele>131.7</ele>
        <time>2022-02-05T15:21:43Z</time>
        <hdop>1.6</hdop>
        <extensions>
          <speed>1.38</speed>
        </extensions>
      </trkpt>
      <trkpt lat="56.0315117" lon="28.1042717">
        <ele>131.9</ele>
        <time>2022-02-05T15:21:48Z</time>
        <hdop>1.5</hdop>
        <extensions>
          <speed>1.414</speed>
        </extensions>
      </trkpt>
      <trkpt lat="56.0314533" lon="28.1043133">
        <ele>132.1</ele>
        <time>2022-02-05T15:21:54Z</time>
        <hdop>1.5</hdop>
        <extensions>
          <speed>1.297</speed>
        </extensions>
      </trkpt>
      <trkpt lat="56.0314183" lon="28.10438">
        <ele>130.8</ele>
        <time>2022-02-05T15:22:00Z</time>
        <hdop>1.8</hdop>
        <extensions>
          <speed>1.11</speed>
        </extensions>
      </trkpt>
      <trkpt lat="56.0313733" lon="28.10447">
        <ele>129.1</ele>
        <time>2022-02-05T15:22:06Z</time>
        <hdop>1.8</hdop>
        <extensions>
          <speed>1.167</speed>
        </extensions>
      </trkpt>
      <trkpt lat="56.0313283" lon="28.1045517">
        <ele>128.4</ele>
        <time>2022-02-05T15:22:11Z</time>
        <hdop>2</hdop>
        <extensions>
          <speed>1.459</speed>
        </extensions>
      </trkpt>
      <trkpt lat="56.03129" lon="28.104595">
        <ele>128.4</ele>
        <time>2022-02-05T15:22:16Z</time>
        <hdop>1.9</hdop>
        <extensions>
          <speed>1.369</speed>
        </extensions>
      </trkpt>
      <trkpt lat="56.0312267" lon="28.1046633">
        <ele>128.4</ele>
        <time>2022-02-05T15:22:21Z</time>
        <hdop>1.9</hdop>
        <extensions>
          <speed>1.352</speed>
        </extensions>
      </trkpt>
      <trkpt lat="56.03115" lon="28.1046867">
        <ele>129.3</ele>
        <time>2022-02-05T15:22:27Z</time>
        <hdop>1.9</hdop>
        <extensions>
          <speed>1.364</speed>
        </extensions>
      </trkpt>
      <trkpt lat="56.0310683" lon="28.10472">
        <ele>130.5</ele>
        <time>2022-02-05T15:22:33Z</time>
        <hdop>1.9</hdop>
        <extensions>
          <speed>1.435</speed>
        </extensions>
      </trkpt>
      <trkpt lat="56.0310417" lon="28.1047817">
        <ele>131</ele>
        <time>2022-02-05T15:22:39Z</time>
        <hdop>1.9</hdop>
        <extensions>
          <speed>1.115</speed>
        </extensions>
      </trkpt>
      <trkpt lat="56.030985" lon="28.1048317">
        <ele>131</ele>
        <time>2022-02-05T15:22:45Z</time>
        <hdop>1.8</hdop>
        <extensions>
          <speed>1.226</speed>
        </extensions>
      </trkpt>
      <trkpt lat="56.0309367" lon="28.104875">
        <ele>131.2</ele>
        <time>2022-02-05T15:22:51Z</time>
        <hdop>1.8</hdop>
        <extensions>
          <speed>1.029</speed>
        </extensions>
      </trkpt>
      <trkpt lat="56.030875" lon="28.10493">
        <ele>130.5</ele>
        <time>2022-02-05T15:22:57Z</time>
        <hdop>1.9</hdop>
        <extensions>
          <speed>0.968</speed>
        </extensions>
      </trkpt>
      <trkpt lat="56.0308133" lon="28.10496">
        <ele>129.6</ele>
        <time>2022-02-05T15:23:03Z</time>
        <hdop>1.9</hdop>
        <extensions>
          <speed>0.984</speed>
        </extensions>
      </trkpt>
      <trkpt lat="56.0307383" lon="28.105005">
        <ele>129.1</ele>
        <time>2022-02-05T15:23:09Z</time>
        <hdop>1.9</hdop>
        <extensions>
          <speed>1.024</speed>
        </extensions>
      </trkpt>
      <trkpt lat="56.0306667" lon="28.1050617">
        <ele>128.4</ele>
        <time>2022-02-05T15:23:15Z</time>
        <hdop>1.9</hdop>
        <extensions>
          <speed>1.314</speed>
        </extensions>
      </trkpt>
      <trkpt lat="56.0305917" lon="28.1051017">
        <ele>127.8</ele>
        <time>2022-02-05T15:23:21Z</time>
        <hdop>1.9</hdop>
        <extensions>
          <speed>1.41</speed>
        </extensions>
      </trkpt>
      <trkpt lat="56.03055" lon="28.1051567">
        <ele>127.5</ele>
        <time>2022-02-05T15:23:27Z</time>
        <hdop>1.9</hdop>
        <extensions>
          <speed>1.247</speed>
        </extensions>
      </trkpt>
      <trkpt lat="56.030485" lon="28.1052067">
        <ele>126.1</ele>
        <time>2022-02-05T15:23:33Z</time>
        <hdop>1.9</hdop>
        <extensions>
          <speed>1.064</speed>
        </extensions>
      </trkpt>
      <trkpt lat="56.0304083" lon="28.10526">
        <ele>126.1</ele>
        <time>2022-02-05T15:23:39Z</time>
        <hdop>2</hdop>
        <extensions>
          <speed>1.295</speed>
        </extensions>
      </trkpt>
      <trkpt lat="56.0303367" lon="28.1053233">
        <ele>126.5</ele>
        <time>2022-02-05T15:23:45Z</time>
        <hdop>1.8</hdop>
        <extensions>
          <speed>1.443</speed>
        </extensions>
      </trkpt>
      <trkpt lat="56.030285" lon="28.105355">
        <ele>127.7</ele>
        <time>2022-02-05T15:23:51Z</time>
        <hdop>1.9</hdop>
        <extensions>
          <speed>1.184</speed>
        </extensions>
      </trkpt>
      <trkpt lat="56.0302217" lon="28.1054017">
        <ele>128.1</ele>
        <time>2022-02-05T15:23:57Z</time>
        <hdop>1.8</hdop>
        <extensions>
          <speed>1.169</speed>
        </extensions>
      </trkpt>
      <trkpt lat="56.0301583" lon="28.1054317">
        <ele>128.2</ele>
        <time>2022-02-05T15:24:03Z</time>
        <hdop>2</hdop>
        <extensions>
          <speed>1.237</speed>
        </extensions>
      </trkpt>
      <trkpt lat="56.03008" lon="28.1054667">
        <ele>128.2</ele>
        <time>2022-02-05T15:24:09Z</time>
        <hdop>1.8</hdop>
        <extensions>
          <speed>1.286</speed>
        </extensions>
      </trkpt>
      <trkpt lat="56.0300067" lon="28.1054933">
        <ele>127.6</ele>
        <time>2022-02-05T15:24:15Z</time>
        <hdop>1.8</hdop>
        <extensions>
          <speed>1.154</speed>
        </extensions>
      </trkpt>
      <trkpt lat="56.0299217" lon="28.1055567">
        <ele>127.1</ele>
        <time>2022-02-05T15:24:21Z</time>
        <hdop>1.7</hdop>
        <extensions>
          <speed>1.335</speed>
        </extensions>
      </trkpt>
      <trkpt lat="56.029835" lon="28.1056367">
        <ele>127.3</ele>
        <time>2022-02-05T15:24:27Z</time>
        <hdop>1.6</hdop>
        <extensions>
          <speed>1.502</speed>
        </extensions>
      </trkpt>
      <trkpt lat="56.0297683" lon="28.1057">
        <ele>126.3</ele>
        <time>2022-02-05T15:24:33Z</time>
        <hdop>1.6</hdop>
        <extensions>
          <speed>1.275</speed>
        </extensions>
      </trkpt>
      <trkpt lat="56.02971" lon="28.1057633">
        <ele>126.3</ele>
        <time>2022-02-05T15:24:39Z</time>
        <hdop>1.6</hdop>
        <extensions>
          <speed>1.324</speed>
        </extensions>
      </trkpt>
      <trkpt lat="56.0296683" lon="28.1057867">
        <ele>127.1</ele>
        <time>2022-02-05T15:24:44Z</time>
        <hdop>1.5</hdop>
        <extensions>
          <speed>1.248</speed>
        </extensions>
      </trkpt>
      <trkpt lat="56.0296283" lon="28.1058417">
        <ele>127.1</ele>
        <time>2022-02-05T15:24:50Z</time>
        <hdop>2</hdop>
        <extensions>
          <speed>1.557</speed>
        </extensions>
      </trkpt>
      <trkpt lat="56.0296283" lon="28.1058933">
        <ele>126.9</ele>
        <time>2022-02-05T15:24:55Z</time>
        <hdop>1.9</hdop>
        <extensions>
          <speed>1.243</speed>
        </extensions>
      </trkpt>
      <trkpt lat="56.029545" lon="28.1059567">
        <ele>126.1</ele>
        <time>2022-02-05T15:25:01Z</time>
        <hdop>1.8</hdop>
        <extensions>
          <speed>1.278</speed>
        </extensions>
      </trkpt>
      <trkpt lat="56.0295117" lon="28.106015">
        <ele>126.5</ele>
        <time>2022-02-05T15:25:06Z</time>
        <hdop>1.9</hdop>
        <extensions>
          <speed>1.547</speed>
        </extensions>
      </trkpt>
      <trkpt lat="56.0294783" lon="28.106065">
        <ele>126.5</ele>
        <time>2022-02-05T15:25:12Z</time>
        <hdop>1.9</hdop>
        <extensions>
          <speed>1.175</speed>
        </extensions>
      </trkpt>
      <trkpt lat="56.0294283" lon="28.1061017">
        <ele>126.3</ele>
        <time>2022-02-05T15:25:17Z</time>
        <hdop>2.1</hdop>
        <extensions>
          <speed>1.02</speed>
        </extensions>
      </trkpt>
      <trkpt lat="56.0293533" lon="28.1061433">
        <ele>126.3</ele>
        <time>2022-02-05T15:25:23Z</time>
        <hdop>2</hdop>
        <extensions>
          <speed>1.429</speed>
        </extensions>
      </trkpt>
      <trkpt lat="56.0292833" lon="28.106175">
        <ele>126.1</ele>
        <time>2022-02-05T15:25:28Z</time>
        <hdop>2</hdop>
        <extensions>
          <speed>1.612</speed>
        </extensions>
      </trkpt>
      <trkpt lat="56.0291967" lon="28.1061967">
        <ele>126.6</ele>
        <time>2022-02-05T15:25:33Z</time>
        <hdop>1.7</hdop>
        <extensions>
          <speed>1.546</speed>
        </extensions>
      </trkpt>
      <trkpt lat="56.0291033" lon="28.1062283">
        <ele>128.3</ele>
        <time>2022-02-05T15:25:40Z</time>
        <hdop>1.6</hdop>
        <extensions>
          <speed>1.37</speed>
        </extensions>
      </trkpt>
      <trkpt lat="56.029025" lon="28.1062633">
        <ele>128</ele>
        <time>2022-02-05T15:25:45Z</time>
        <hdop>1.6</hdop>
        <extensions>
          <speed>1.364</speed>
        </extensions>
      </trkpt>
      <trkpt lat="56.02896" lon="28.1063083">
        <ele>127.1</ele>
        <time>2022-02-05T15:25:51Z</time>
        <hdop>1.6</hdop>
        <extensions>
          <speed>1.404</speed>
        </extensions>
      </trkpt>
      <trkpt lat="56.0289067" lon="28.1063433">
        <ele>127.2</ele>
        <time>2022-02-05T15:25:56Z</time>
        <hdop>1.6</hdop>
        <extensions>
          <speed>1.365</speed>
        </extensions>
      </trkpt>
      <trkpt lat="56.028895" lon="28.1063917">
        <ele>127.8</ele>
        <time>2022-02-05T15:26:02Z</time>
        <hdop>1.8</hdop>
        <extensions>
          <speed>0.914</speed>
        </extensions>
      </trkpt>
      <trkpt lat="56.0287933" lon="28.1064733">
        <ele>128.7</ele>
        <time>2022-02-05T15:26:08Z</time>
        <hdop>1.6</hdop>
        <extensions>
          <speed>1.341</speed>
        </extensions>
      </trkpt>
      <trkpt lat="56.0287183" lon="28.106535">
        <ele>128.3</ele>
        <time>2022-02-05T15:26:14Z</time>
        <hdop>1.7</hdop>
        <extensions>
          <speed>1.504</speed>
        </extensions>
      </trkpt>
      <trkpt lat="56.0286567" lon="28.106575">
        <ele>125.1</ele>
        <time>2022-02-05T15:26:19Z</time>
        <hdop>1.6</hdop>
        <extensions>
          <speed>1.33</speed>
        </extensions>
      </trkpt>
      <trkpt lat="56.02863" lon="28.1066117">
        <ele>125</ele>
        <time>2022-02-05T15:26:25Z</time>
        <hdop>1.6</hdop>
        <extensions>
          <speed>0.966</speed>
        </extensions>
      </trkpt>
      <trkpt lat="56.0285917" lon="28.10665">
        <ele>124.9</ele>
        <time>2022-02-05T15:26:31Z</time>
        <hdop>1.6</hdop>
        <extensions>
          <speed>0.637</speed>
        </extensions>
      </trkpt>
      <trkpt lat="56.0285283" lon="28.106725">
        <ele>124.3</ele>
        <time>2022-02-05T15:26:37Z</time>
        <hdop>1.5</hdop>
        <extensions>
          <speed>1.076</speed>
        </extensions>
      </trkpt>
      <trkpt lat="56.0284633" lon="28.1067933">
        <ele>124.3</ele>
        <time>2022-02-05T15:26:43Z</time>
        <hdop>1.8</hdop>
        <extensions>
          <speed>1.34</speed>
        </extensions>
      </trkpt>
      <trkpt lat="56.028425" lon="28.1068383">
        <ele>126.2</ele>
        <time>2022-02-05T15:26:48Z</time>
        <hdop>1.7</hdop>
        <extensions>
          <speed>1.345</speed>
        </extensions>
      </trkpt>
      <trkpt lat="56.0283733" lon="28.1068517">
        <ele>126.9</ele>
        <time>2022-02-05T15:26:53Z</time>
        <hdop>1.6</hdop>
        <extensions>
          <speed>1.18</speed>
        </extensions>
      </trkpt>
      <trkpt lat="56.0283033" lon="28.106895">
        <ele>127.7</ele>
        <time>2022-02-05T15:26:59Z</time>
        <hdop>1.7</hdop>
        <extensions>
          <speed>1.23</speed>
        </extensions>
      </trkpt>
      <trkpt lat="56.02826" lon="28.106945">
        <ele>126.6</ele>
        <time>2022-02-05T15:27:04Z</time>
        <hdop>1.6</hdop>
        <extensions>
          <speed>1.245</speed>
        </extensions>
      </trkpt>
      <trkpt lat="56.0282033" lon="28.106975">
        <ele>125.9</ele>
        <time>2022-02-05T15:27:09Z</time>
        <hdop>1.6</hdop>
        <extensions>
          <speed>1.263</speed>
        </extensions>
      </trkpt>
      <trkpt lat="56.0281567" lon="28.107055">
        <ele>123.2</ele>
        <time>2022-02-05T15:27:15Z</time>
        <hdop>1.8</hdop>
        <extensions>
          <speed>1.433</speed>
        </extensions>
      </trkpt>
      <trkpt lat="56.0281133" lon="28.1071217">
        <ele>121.4</ele>
        <time>2022-02-05T15:27:21Z</time>
        <hdop>1.8</hdop>
        <extensions>
          <speed>1.429</speed>
        </extensions>
      </trkpt>
      <trkpt lat="56.028035" lon="28.1071817">
        <ele>121.1</ele>
        <time>2022-02-05T15:27:27Z</time>
        <hdop>2</hdop>
        <extensions>
          <speed>1.481</speed>
        </extensions>
      </trkpt>
      <trkpt lat="56.0279617" lon="28.107245">
        <ele>120.3</ele>
        <time>2022-02-05T15:27:33Z</time>
        <hdop>2</hdop>
        <extensions>
          <speed>1.504</speed>
        </extensions>
      </trkpt>
      <trkpt lat="56.0278933" lon="28.1072733">
        <ele>120</ele>
        <time>2022-02-05T15:27:39Z</time>
        <hdop>1.8</hdop>
        <extensions>
          <speed>1.363</speed>
        </extensions>
      </trkpt>
      <trkpt lat="56.0278133" lon="28.1073583">
        <ele>122.4</ele>
        <time>2022-02-05T15:27:45Z</time>
        <hdop>1.9</hdop>
        <extensions>
          <speed>1.673</speed>
        </extensions>
      </trkpt>
      <trkpt lat="56.027765" lon="28.1073917">
        <ele>125</ele>
        <time>2022-02-05T15:27:51Z</time>
        <hdop>1.9</hdop>
        <extensions>
          <speed>1.566</speed>
        </extensions>
      </trkpt>
      <trkpt lat="56.027705" lon="28.1074183">
        <ele>124.6</ele>
        <time>2022-02-05T15:27:57Z</time>
        <hdop>1.8</hdop>
        <extensions>
          <speed>1.528</speed>
        </extensions>
      </trkpt>
      <trkpt lat="56.0276583" lon="28.1074767">
        <ele>125.1</ele>
        <time>2022-02-05T15:28:03Z</time>
        <hdop>2</hdop>
        <extensions>
          <speed>0.979</speed>
        </extensions>
      </trkpt>
      <trkpt lat="56.02757" lon="28.1075483">
        <ele>125.9</ele>
        <time>2022-02-05T15:28:09Z</time>
        <hdop>1.9</hdop>
        <extensions>
          <speed>1.43</speed>
        </extensions>
      </trkpt>
      <trkpt lat="56.0275" lon="28.107575">
        <ele>125.5</ele>
        <time>2022-02-05T15:28:15Z</time>
        <hdop>1.7</hdop>
        <extensions>
          <speed>1.255</speed>
        </extensions>
      </trkpt>
      <trkpt lat="56.02744" lon="28.1076133">
        <ele>126.4</ele>
        <time>2022-02-05T15:28:21Z</time>
        <hdop>1.6</hdop>
        <extensions>
          <speed>1.065</speed>
        </extensions>
      </trkpt>
      <trkpt lat="56.0273717" lon="28.1076467">
        <ele>126.5</ele>
        <time>2022-02-05T15:28:27Z</time>
        <hdop>1.6</hdop>
        <extensions>
          <speed>1.037</speed>
        </extensions>
      </trkpt>
      <trkpt lat="56.0273083" lon="28.107685">
        <ele>126.8</ele>
        <time>2022-02-05T15:28:33Z</time>
        <hdop>1.6</hdop>
        <extensions>
          <speed>1.125</speed>
        </extensions>
      </trkpt>
      <trkpt lat="56.0272583" lon="28.10773">
        <ele>127</ele>
        <time>2022-02-05T15:28:39Z</time>
        <hdop>1.8</hdop>
        <extensions>
          <speed>1.117</speed>
        </extensions>
      </trkpt>
      <trkpt lat="56.0272233" lon="28.10775">
        <ele>125.9</ele>
        <time>2022-02-05T15:28:45Z</time>
        <hdop>1.9</hdop>
        <extensions>
          <speed>0.985</speed>
        </extensions>
      </trkpt>
      <trkpt lat="56.0271617" lon="28.1077867">
        <ele>125.8</ele>
        <time>2022-02-05T15:28:51Z</time>
        <hdop>1.9</hdop>
        <extensions>
          <speed>1.267</speed>
        </extensions>
      </trkpt>
      <trkpt lat="56.0270933" lon="28.107835">
        <ele>126.3</ele>
        <time>2022-02-05T15:28:57Z</time>
        <hdop>2</hdop>
        <extensions>
          <speed>1.374</speed>
        </extensions>
      </trkpt>
      <trkpt lat="56.0270467" lon="28.107885">
        <ele>126.3</ele>
        <time>2022-02-05T15:29:03Z</time>
        <hdop>1.9</hdop>
        <extensions>
          <speed>1.197</speed>
        </extensions>
      </trkpt>
      <trkpt lat="56.0270083" lon="28.1079367">
        <ele>125.6</ele>
        <time>2022-02-05T15:29:09Z</time>
        <hdop>1.9</hdop>
        <extensions>
          <speed>1.058</speed>
        </extensions>
      </trkpt>
      <trkpt lat="56.0269617" lon="28.10798">
        <ele>124.9</ele>
        <time>2022-02-05T15:29:15Z</time>
        <hdop>1.8</hdop>
        <extensions>
          <speed>0.968</speed>
        </extensions>
      </trkpt>
      <trkpt lat="56.0268783" lon="28.10802">
        <ele>123.9</ele>
        <time>2022-02-05T15:29:21Z</time>
        <hdop>1.9</hdop>
        <extensions>
          <speed>1.167</speed>
        </extensions>
      </trkpt>
      <trkpt lat="56.0268283" lon="28.1080733">
        <ele>122.5</ele>
        <time>2022-02-05T15:29:27Z</time>
        <hdop>2.1</hdop>
        <extensions>
          <speed>1.204</speed>
        </extensions>
      </trkpt>
      <trkpt lat="56.0267667" lon="28.1081083">
        <ele>121</ele>
        <time>2022-02-05T15:29:33Z</time>
        <hdop>2</hdop>
        <extensions>
          <speed>0.966</speed>
        </extensions>
      </trkpt>
      <trkpt lat="56.026695" lon="28.1081533">
        <ele>119.9</ele>
        <time>2022-02-05T15:29:39Z</time>
        <hdop>2</hdop>
        <extensions>
          <speed>0.94</speed>
        </extensions>
      </trkpt>
      <trkpt lat="56.0266" lon="28.1081783">
        <ele>119.5</ele>
        <time>2022-02-05T15:29:45Z</time>
        <hdop>1.7</hdop>
        <extensions>
          <speed>1.005</speed>
        </extensions>
      </trkpt>
      <trkpt lat="56.0265767" lon="28.10817">
        <ele>120.4</ele>
        <time>2022-02-05T15:29:52Z</time>
        <hdop>1.6</hdop>
        <extensions>
          <speed>0.49</speed>
        </extensions>
      </trkpt>
      <trkpt lat="56.02657" lon="28.1082217">
        <ele>120.5</ele>
        <time>2022-02-05T15:29:57Z</time>
        <hdop>1.7</hdop>
        <extensions>
          <speed>0.495</speed>
        </extensions>
      </trkpt>
      <trkpt lat="56.0265517" lon="28.1082367">
        <ele>122.1</ele>
        <time>2022-02-05T15:31:08Z</time>
        <hdop>1.6</hdop>
      </trkpt>
      <trkpt lat="56.0265467" lon="28.1082683">
        <ele>121.9</ele>
        <time>2022-02-05T15:31:13Z</time>
        <hdop>1.8</hdop>
      </trkpt>
      <trkpt lat="56.0265167" lon="28.1083067">
        <ele>121.3</ele>
        <time>2022-02-05T15:31:19Z</time>
        <hdop>1.9</hdop>
        <extensions>
          <speed>0.547</speed>
        </extensions>
      </trkpt>
      <trkpt lat="56.0264783" lon="28.1083517">
        <ele>120.7</ele>
        <time>2022-02-05T15:31:25Z</time>
        <hdop>1.8</hdop>
        <extensions>
          <speed>0.834</speed>
        </extensions>
      </trkpt>
      <trkpt lat="56.0264517" lon="28.1083883">
        <ele>120.1</ele>
        <time>2022-02-05T15:31:31Z</time>
        <hdop>1.9</hdop>
        <extensions>
          <speed>0.706</speed>
        </extensions>
      </trkpt>
      <trkpt lat="56.0264117" lon="28.10842">
        <ele>119.1</ele>
        <time>2022-02-05T15:31:37Z</time>
        <hdop>1.8</hdop>
        <extensions>
          <speed>0.702</speed>
        </extensions>
      </trkpt>
      <trkpt lat="56.0263633" lon="28.1084533">
        <ele>118.4</ele>
        <time>2022-02-05T15:31:42Z</time>
        <hdop>1.9</hdop>
        <extensions>
          <speed>0.994</speed>
        </extensions>
      </trkpt>
      <trkpt lat="56.0263183" lon="28.1084883">
        <ele>118</ele>
        <time>2022-02-05T15:31:48Z</time>
        <hdop>1.9</hdop>
        <extensions>
          <speed>1.031</speed>
        </extensions>
      </trkpt>
      <trkpt lat="56.02625" lon="28.10854">
        <ele>117.4</ele>
        <time>2022-02-05T15:31:54Z</time>
        <hdop>1.8</hdop>
        <extensions>
          <speed>1.071</speed>
        </extensions>
      </trkpt>
      <trkpt lat="56.0261983" lon="28.10858">
        <ele>117</ele>
        <time>2022-02-05T15:32:00Z</time>
        <hdop>1.9</hdop>
        <extensions>
          <speed>1.12</speed>
        </extensions>
      </trkpt>
      <trkpt lat="56.0261167" lon="28.1086067">
        <ele>117.5</ele>
        <time>2022-02-05T15:32:06Z</time>
        <hdop>1.9</hdop>
        <extensions>
          <speed>1.221</speed>
        </extensions>
      </trkpt>
      <trkpt lat="56.02609" lon="28.10862">
        <ele>118</ele>
        <time>2022-02-05T15:32:11Z</time>
        <hdop>1.9</hdop>
        <extensions>
          <speed>1.033</speed>
        </extensions>
      </trkpt>
      <trkpt lat="56.0260433" lon="28.1086617">
        <ele>118.3</ele>
        <time>2022-02-05T15:32:17Z</time>
        <hdop>2</hdop>
        <extensions>
          <speed>0.758</speed>
        </extensions>
      </trkpt>
      <trkpt lat="56.025985" lon="28.1086967">
        <ele>118.4</ele>
        <time>2022-02-05T15:32:23Z</time>
        <hdop>2.3</hdop>
        <extensions>
          <speed>0.937</speed>
        </extensions>
      </trkpt>
      <trkpt lat="56.025935" lon="28.1087417">
        <ele>118.8</ele>
        <time>2022-02-05T15:32:29Z</time>
        <hdop>2</hdop>
        <extensions>
          <speed>1.028</speed>
        </extensions>
      </trkpt>
      <trkpt lat="56.0258683" lon="28.1087733">
        <ele>118.9</ele>
        <time>2022-02-05T15:32:34Z</time>
        <hdop>2</hdop>
        <extensions>
          <speed>1.193</speed>
        </extensions>
      </trkpt>
      <trkpt lat="56.0258333" lon="28.108795">
        <ele>119</ele>
        <time>2022-02-05T15:32:39Z</time>
        <hdop>1.9</hdop>
        <extensions>
          <speed>1.016</speed>
        </extensions>
      </trkpt>
      <trkpt lat="56.0257583" lon="28.1088317">
        <ele>119.3</ele>
        <time>2022-02-05T15:32:45Z</time>
        <hdop>2</hdop>
        <extensions>
          <speed>0.847</speed>
        </extensions>
      </trkpt>
      <trkpt lat="56.0256583" lon="28.108875">
        <ele>119.5</ele>
        <time>2022-02-05T15:32:51Z</time>
        <hdop>1.8</hdop>
        <extensions>
          <speed>1.329</speed>
        </extensions>
      </trkpt>
      <trkpt lat="56.0255717" lon="28.1089117">
        <ele>120.7</ele>
        <time>2022-02-05T15:32:57Z</time>
        <hdop>1.7</hdop>
        <extensions>
          <speed>1.411</speed>
        </extensions>
      </trkpt>
      <trkpt lat="56.0255217" lon="28.108955">
        <ele>121.1</ele>
        <time>2022-02-05T15:33:02Z</time>
        <hdop>1.6</hdop>
        <extensions>
          <speed>1.332</speed>
        </extensions>
      </trkpt>
      <trkpt lat="56.0254733" lon="28.1089933">
        <ele>121.8</ele>
        <time>2022-02-05T15:33:08Z</time>
        <hdop>2</hdop>
        <extensions>
          <speed>1.277</speed>
        </extensions>
      </trkpt>
      <trkpt lat="56.025455" lon="28.1090283">
        <ele>122.7</ele>
        <time>2022-02-05T15:33:13Z</time>
        <hdop>2</hdop>
        <extensions>
          <speed>1.077</speed>
        </extensions>
      </trkpt>
      <trkpt lat="56.02541" lon="28.1090667">
        <ele>123</ele>
        <time>2022-02-05T15:33:18Z</time>
        <hdop>2</hdop>
        <extensions>
          <speed>1.13</speed>
        </extensions>
      </trkpt>
      <trkpt lat="56.025365" lon="28.1090933">
        <ele>122.9</ele>
        <time>2022-02-05T15:33:24Z</time>
        <hdop>1.9</hdop>
        <extensions>
          <speed>1.1</speed>
        </extensions>
      </trkpt>
      <trkpt lat="56.0253117" lon="28.1091133">
        <ele>124.1</ele>
        <time>2022-02-05T15:33:29Z</time>
        <hdop>1.9</hdop>
        <extensions>
          <speed>0.977</speed>
        </extensions>
      </trkpt>
      <trkpt lat="56.0252433" lon="28.109175">
        <ele>124.1</ele>
        <time>2022-02-05T15:33:35Z</time>
        <hdop>1.9</hdop>
        <extensions>
          <speed>1.098</speed>
        </extensions>
      </trkpt>
      <trkpt lat="56.02519" lon="28.1092117">
        <ele>124.3</ele>
        <time>2022-02-05T15:33:41Z</time>
        <hdop>2</hdop>
        <extensions>
          <speed>1.011</speed>
        </extensions>
      </trkpt>
      <trkpt lat="56.0251167" lon="28.10925">
        <ele>123.5</ele>
        <time>2022-02-05T15:33:46Z</time>
        <hdop>2</hdop>
        <extensions>
          <speed>1.309</speed>
        </extensions>
      </trkpt>
      <trkpt lat="56.0250733" lon="28.1092667">
        <ele>121.8</ele>
        <time>2022-02-05T15:33:51Z</time>
        <hdop>1.9</hdop>
        <extensions>
          <speed>1.405</speed>
        </extensions>
      </trkpt>
      <trkpt lat="56.02502" lon="28.1092967">
        <ele>121.1</ele>
        <time>2022-02-05T15:33:57Z</time>
        <hdop>2.1</hdop>
        <extensions>
          <speed>1.079</speed>
        </extensions>
      </trkpt>
      <trkpt lat="56.0249533" lon="28.1093333">
        <ele>121.3</ele>
        <time>2022-02-05T15:34:03Z</time>
        <hdop>2</hdop>
        <extensions>
          <speed>1.099</speed>
        </extensions>
      </trkpt>
      <trkpt lat="56.0248967" lon="28.1093583">
        <ele>120.9</ele>
        <time>2022-02-05T15:34:09Z</time>
        <hdop>1.8</hdop>
        <extensions>
          <speed>1.127</speed>
        </extensions>
      </trkpt>
      <trkpt lat="56.024835" lon="28.1094133">
        <ele>120.5</ele>
        <time>2022-02-05T15:34:15Z</time>
        <hdop>1.9</hdop>
        <extensions>
          <speed>1.106</speed>
        </extensions>
      </trkpt>
      <trkpt lat="56.02479" lon="28.1094533">
        <ele>120.1</ele>
        <time>2022-02-05T15:34:21Z</time>
        <hdop>2.1</hdop>
        <extensions>
          <speed>1.022</speed>
        </extensions>
      </trkpt>
      <trkpt lat="56.024745" lon="28.1094917">
        <ele>119.7</ele>
        <time>2022-02-05T15:34:27Z</time>
        <hdop>2</hdop>
        <extensions>
          <speed>0.975</speed>
        </extensions>
      </trkpt>
      <trkpt lat="56.0246467" lon="28.1095233">
        <ele>119.6</ele>
        <time>2022-02-05T15:34:33Z</time>
        <hdop>2.1</hdop>
        <extensions>
          <speed>1.615</speed>
        </extensions>
      </trkpt>
      <trkpt lat="56.0245733" lon="28.10955">
        <ele>121.6</ele>
        <time>2022-02-05T15:34:39Z</time>
        <hdop>1.9</hdop>
        <extensions>
          <speed>1.678</speed>
        </extensions>
      </trkpt>
      <trkpt lat="56.0244983" lon="28.1096117">
        <ele>123.3</ele>
        <time>2022-02-05T15:34:45Z</time>
        <hdop>1.9</hdop>
        <extensions>
          <speed>1.265</speed>
        </extensions>
      </trkpt>
      <trkpt lat="56.0244317" lon="28.1096133">
        <ele>124.9</ele>
        <time>2022-02-05T15:34:51Z</time>
        <hdop>2.1</hdop>
        <extensions>
          <speed>1.218</speed>
        </extensions>
      </trkpt>
      <trkpt lat="56.0243533" lon="28.1096633">
        <ele>126.7</ele>
        <time>2022-02-05T15:34:57Z</time>
        <hdop>1.9</hdop>
        <extensions>
          <speed>1.333</speed>
        </extensions>
      </trkpt>
      <trkpt lat="56.0243067" lon="28.109705">
        <ele>127.7</ele>
        <time>2022-02-05T15:35:03Z</time>
        <hdop>1.8</hdop>
        <extensions>
          <speed>1.336</speed>
        </extensions>
      </trkpt>
      <trkpt lat="56.0242383" lon="28.109755">
        <ele>128.5</ele>
        <time>2022-02-05T15:35:09Z</time>
        <hdop>1.6</hdop>
        <extensions>
          <speed>1.213</speed>
        </extensions>
      </trkpt>
      <trkpt lat="56.0241617" lon="28.1097683">
        <ele>128.7</ele>
        <time>2022-02-05T15:35:15Z</time>
        <hdop>1.7</hdop>
        <extensions>
          <speed>1.216</speed>
        </extensions>
      </trkpt>
      <trkpt lat="56.0240917" lon="28.1098">
        <ele>128.2</ele>
        <time>2022-02-05T15:35:21Z</time>
        <hdop>2</hdop>
        <extensions>
          <speed>1.248</speed>
        </extensions>
      </trkpt>
      <trkpt lat="56.024015" lon="28.1098583">
        <ele>126.4</ele>
        <time>2022-02-05T15:35:27Z</time>
        <hdop>2.1</hdop>
        <extensions>
          <speed>1.391</speed>
        </extensions>
      </trkpt>
      <trkpt lat="56.0239683" lon="28.1098733">
        <ele>125.6</ele>
        <time>2022-02-05T15:35:33Z</time>
        <hdop>1.9</hdop>
        <extensions>
          <speed>1.161</speed>
        </extensions>
      </trkpt>
      <trkpt lat="56.0238883" lon="28.1099267">
        <ele>125.7</ele>
        <time>2022-02-05T15:35:39Z</time>
        <hdop>1.9</hdop>
        <extensions>
          <speed>0.999</speed>
        </extensions>
      </trkpt>
      <trkpt lat="56.0238333" lon="28.1099633">
        <ele>125.7</ele>
        <time>2022-02-05T15:35:45Z</time>
        <hdop>1.9</hdop>
        <extensions>
          <speed>1.444</speed>
        </extensions>
      </trkpt>
      <trkpt lat="56.02376" lon="28.1100133">
        <ele>125.7</ele>
        <time>2022-02-05T15:35:51Z</time>
        <hdop>1.9</hdop>
        <extensions>
          <speed>1.566</speed>
        </extensions>
      </trkpt>
      <trkpt lat="56.0237133" lon="28.1100567">
        <ele>124.4</ele>
        <time>2022-02-05T15:35:57Z</time>
        <hdop>1.9</hdop>
        <extensions>
          <speed>1.237</speed>
        </extensions>
      </trkpt>
      <trkpt lat="56.0236567" lon="28.1101067">
        <ele>124.3</ele>
        <time>2022-02-05T15:36:03Z</time>
        <hdop>2</hdop>
        <extensions>
          <speed>1.013</speed>
        </extensions>
      </trkpt>
      <trkpt lat="56.0235717" lon="28.1101633">
        <ele>123.9</ele>
        <time>2022-02-05T15:36:09Z</time>
        <hdop>1.9</hdop>
        <extensions>
          <speed>1.363</speed>
        </extensions>
      </trkpt>
      <trkpt lat="56.023525" lon="28.1101967">
        <ele>123.8</ele>
        <time>2022-02-05T15:36:15Z</time>
        <hdop>2</hdop>
        <extensions>
          <speed>1.194</speed>
        </extensions>
      </trkpt>
      <trkpt lat="56.023445" lon="28.1102417">
        <ele>124.4</ele>
        <time>2022-02-05T15:36:21Z</time>
        <hdop>1.9</hdop>
        <extensions>
          <speed>1.178</speed>
        </extensions>
      </trkpt>
      <trkpt lat="56.0233717" lon="28.1103017">
        <ele>124.7</ele>
        <time>2022-02-05T15:36:27Z</time>
        <hdop>1.9</hdop>
        <extensions>
          <speed>1.387</speed>
        </extensions>
      </trkpt>
      <trkpt lat="56.0233367" lon="28.110355">
        <ele>124.3</ele>
        <time>2022-02-05T15:36:33Z</time>
        <hdop>1.9</hdop>
        <extensions>
          <speed>1.299</speed>
        </extensions>
      </trkpt>
      <trkpt lat="56.0232583" lon="28.1104217">
        <ele>124.6</ele>
        <time>2022-02-05T15:36:39Z</time>
        <hdop>1.9</hdop>
        <extensions>
          <speed>1.388</speed>
        </extensions>
      </trkpt>
      <trkpt lat="56.0232" lon="28.1104733">
        <ele>124.7</ele>
        <time>2022-02-05T15:36:45Z</time>
        <hdop>1.9</hdop>
        <extensions>
          <speed>1.516</speed>
        </extensions>
      </trkpt>
      <trkpt lat="56.023155" lon="28.1105433">
        <ele>125</ele>
        <time>2022-02-05T15:36:51Z</time>
        <hdop>1.8</hdop>
        <extensions>
          <speed>1.313</speed>
        </extensions>
      </trkpt>
      <trkpt lat="56.02312" lon="28.1106183">
        <ele>126.2</ele>
        <time>2022-02-05T15:36:57Z</time>
        <hdop>1.9</hdop>
        <extensions>
          <speed>1.266</speed>
        </extensions>
      </trkpt>
      <trkpt lat="56.0230617" lon="28.11064">
        <ele>127.1</ele>
        <time>2022-02-05T15:37:03Z</time>
        <hdop>1.9</hdop>
        <extensions>
          <speed>0.95</speed>
        </extensions>
      </trkpt>
      <trkpt lat="56.023" lon="28.1107167">
        <ele>127.3</ele>
        <time>2022-02-05T15:37:09Z</time>
        <hdop>1.9</hdop>
        <extensions>
          <speed>1.088</speed>
        </extensions>
      </trkpt>
      <trkpt lat="56.02294" lon="28.110775">
        <ele>126.9</ele>
        <time>2022-02-05T15:37:15Z</time>
        <hdop>1.9</hdop>
        <extensions>
          <speed>1.267</speed>
        </extensions>
      </trkpt>
      <trkpt lat="56.0228867" lon="28.1108517">
        <ele>126.4</ele>
        <time>2022-02-05T15:37:21Z</time>
        <hdop>1.8</hdop>
        <extensions>
          <speed>1.208</speed>
        </extensions>
      </trkpt>
      <trkpt lat="56.022815" lon="28.110925">
        <ele>125.5</ele>
        <time>2022-02-05T15:37:27Z</time>
        <hdop>1.9</hdop>
        <extensions>
          <speed>1.375</speed>
        </extensions>
      </trkpt>
      <trkpt lat="56.0227683" lon="28.110995">
        <ele>125.9</ele>
        <time>2022-02-05T15:37:33Z</time>
        <hdop>1.8</hdop>
        <extensions>
          <speed>1.203</speed>
        </extensions>
      </trkpt>
      <trkpt lat="56.0226933" lon="28.1110983">
        <ele>125.6</ele>
        <time>2022-02-05T15:37:40Z</time>
        <hdop>1.8</hdop>
        <extensions>
          <speed>1.499</speed>
        </extensions>
      </trkpt>
      <trkpt lat="56.0226267" lon="28.1112">
        <ele>125.8</ele>
        <time>2022-02-05T15:37:45Z</time>
        <hdop>1.7</hdop>
        <extensions>
          <speed>1.582</speed>
        </extensions>
      </trkpt>
      <trkpt lat="56.02257" lon="28.11129">
        <ele>125.1</ele>
        <time>2022-02-05T15:37:51Z</time>
        <hdop>1.7</hdop>
        <extensions>
          <speed>1.412</speed>
        </extensions>
      </trkpt>
      <trkpt lat="56.02252" lon="28.1113783">
        <ele>124.2</ele>
        <time>2022-02-05T15:37:57Z</time>
        <hdop>1.7</hdop>
        <extensions>
          <speed>1.394</speed>
        </extensions>
      </trkpt>
      <trkpt lat="56.0225017" lon="28.1115067">
        <ele>124.2</ele>
        <time>2022-02-05T15:38:03Z</time>
        <hdop>1.7</hdop>
        <extensions>
          <speed>1.422</speed>
        </extensions>
      </trkpt>
      <trkpt lat="56.0224767" lon="28.1115817">
        <ele>122.9</ele>
        <time>2022-02-05T15:38:09Z</time>
        <hdop>1.8</hdop>
        <extensions>
          <speed>1.181</speed>
        </extensions>
      </trkpt>
      <trkpt lat="56.0224283" lon="28.1117283">
        <ele>122.3</ele>
        <time>2022-02-05T15:38:15Z</time>
        <hdop>1.8</hdop>
        <extensions>
          <speed>1.593</speed>
        </extensions>
      </trkpt>
      <trkpt lat="56.0223833" lon="28.111805">
        <ele>122.6</ele>
        <time>2022-02-05T15:38:21Z</time>
        <hdop>1.6</hdop>
        <extensions>
          <speed>1.565</speed>
        </extensions>
      </trkpt>
      <trkpt lat="56.02233" lon="28.1119">
        <ele>123.8</ele>
        <time>2022-02-05T15:38:27Z</time>
        <hdop>1.7</hdop>
        <extensions>
          <speed>1.391</speed>
        </extensions>
      </trkpt>
      <trkpt lat="56.0223067" lon="28.11203">
        <ele>125.2</ele>
        <time>2022-02-05T15:38:33Z</time>
        <hdop>1.7</hdop>
        <extensions>
          <speed>1.375</speed>
        </extensions>
      </trkpt>
      <trkpt lat="56.0222933" lon="28.1121233">
        <ele>126.6</ele>
        <time>2022-02-05T15:38:39Z</time>
        <hdop>1.7</hdop>
        <extensions>
          <speed>1.283</speed>
        </extensions>
      </trkpt>
      <trkpt lat="56.022265" lon="28.1122183">
        <ele>128.5</ele>
        <time>2022-02-05T15:38:44Z</time>
        <hdop>1.9</hdop>
        <extensions>
          <speed>1.357</speed>
        </extensions>
      </trkpt>
      <trkpt lat="56.0222433" lon="28.1123383">
        <ele>129.5</ele>
        <time>2022-02-05T15:38:50Z</time>
        <hdop>1.7</hdop>
        <extensions>
          <speed>1.49</speed>
        </extensions>
      </trkpt>
      <trkpt lat="56.02223" lon="28.112475">
        <ele>130.7</ele>
        <time>2022-02-05T15:38:56Z</time>
        <hdop>1.8</hdop>
        <extensions>
          <speed>1.519</speed>
        </extensions>
      </trkpt>
      <trkpt lat="56.02222" lon="28.1125817">
        <ele>130.7</ele>
        <time>2022-02-05T15:39:02Z</time>
        <hdop>1.8</hdop>
        <extensions>
          <speed>1.413</speed>
        </extensions>
      </trkpt>
      <trkpt lat="56.0222267" lon="28.1126967">
        <ele>130.7</ele>
        <time>2022-02-05T15:39:07Z</time>
        <hdop>1.9</hdop>
        <extensions>
          <speed>1.293</speed>
        </extensions>
      </trkpt>
      <trkpt lat="56.0222317" lon="28.1128167">
        <ele>129.8</ele>
        <time>2022-02-05T15:39:12Z</time>
        <hdop>1.8</hdop>
        <extensions>
          <speed>1.39</speed>
        </extensions>
      </trkpt>
      <trkpt lat="56.0222317" lon="28.1129017">
        <ele>129.3</ele>
        <time>2022-02-05T15:39:17Z</time>
        <hdop>1.7</hdop>
        <extensions>
          <speed>1.134</speed>
        </extensions>
      </trkpt>
      <trkpt lat="56.0222467" lon="28.1130183">
        <ele>130.2</ele>
        <time>2022-02-05T15:39:23Z</time>
        <hdop>1.6</hdop>
        <extensions>
          <speed>1.083</speed>
        </extensions>
      </trkpt>
      <trkpt lat="56.0222433" lon="28.113105">
        <ele>130.4</ele>
        <time>2022-02-05T15:39:28Z</time>
        <hdop>1.7</hdop>
        <extensions>
          <speed>1.161</speed>
        </extensions>
      </trkpt>
      <trkpt lat="56.022265" lon="28.1132233">
        <ele>130.3</ele>
        <time>2022-02-05T15:39:33Z</time>
        <hdop>1.9</hdop>
        <extensions>
          <speed>1.306</speed>
        </extensions>
      </trkpt>
      <trkpt lat="56.02224" lon="28.1132883">
        <ele>131</ele>
        <time>2022-02-05T15:39:39Z</time>
        <hdop>1.7</hdop>
        <extensions>
          <speed>1.045</speed>
        </extensions>
      </trkpt>
      <trkpt lat="56.0222183" lon="28.1133683">
        <ele>130.6</ele>
        <time>2022-02-05T15:39:45Z</time>
        <hdop>1.6</hdop>
        <extensions>
          <speed>1.034</speed>
        </extensions>
      </trkpt>
      <trkpt lat="56.0221883" lon="28.1134117">
        <ele>131</ele>
        <time>2022-02-05T15:39:51Z</time>
        <hdop>1.7</hdop>
        <extensions>
          <speed>0.853</speed>
        </extensions>
      </trkpt>
      <trkpt lat="56.0221433" lon="28.1133983">
        <ele>131.3</ele>
        <time>2022-02-05T15:39:57Z</time>
        <hdop>1.7</hdop>
        <extensions>
          <speed>0.609</speed>
        </extensions>
      </trkpt>
      <trkpt lat="56.0221083" lon="28.1135267">
        <ele>132.1</ele>
        <time>2022-02-05T15:40:03Z</time>
        <hdop>1.6</hdop>
        <extensions>
          <speed>0.936</speed>
        </extensions>
      </trkpt>
      <trkpt lat="56.022055" lon="28.1136133">
        <ele>132.2</ele>
        <time>2022-02-05T15:40:09Z</time>
        <hdop>1.6</hdop>
        <extensions>
          <speed>1.157</speed>
        </extensions>
      </trkpt>
      <trkpt lat="56.0219883" lon="28.113665">
        <ele>131.2</ele>
        <time>2022-02-05T15:40:15Z</time>
        <hdop>1.8</hdop>
        <extensions>
          <speed>1.186</speed>
        </extensions>
      </trkpt>
      <trkpt lat="56.0219183" lon="28.1137133">
        <ele>129.3</ele>
        <time>2022-02-05T15:40:21Z</time>
        <hdop>1.8</hdop>
        <extensions>
          <speed>1.341</speed>
        </extensions>
      </trkpt>
      <trkpt lat="56.0218717" lon="28.1137267">
        <ele>126.2</ele>
        <time>2022-02-05T15:40:27Z</time>
        <hdop>1.9</hdop>
        <extensions>
          <speed>1.105</speed>
        </extensions>
      </trkpt>
      <trkpt lat="56.0218283" lon="28.1137583">
        <ele>124.5</ele>
        <time>2022-02-05T15:40:33Z</time>
        <hdop>2.2</hdop>
        <extensions>
          <speed>1.048</speed>
        </extensions>
      </trkpt>
      <trkpt lat="56.0217933" lon="28.1137617">
        <ele>123.9</ele>
        <time>2022-02-05T15:40:39Z</time>
        <hdop>2.2</hdop>
        <extensions>
          <speed>0.838</speed>
        </extensions>
      </trkpt>
      <trkpt lat="56.0217717" lon="28.1137633">
        <ele>124.1</ele>
        <time>2022-02-05T15:40:45Z</time>
        <hdop>2.3</hdop>
        <extensions>
          <speed>0.602</speed>
        </extensions>
      </trkpt>
      <trkpt lat="56.0217067" lon="28.1137567">
        <ele>124</ele>
        <time>2022-02-05T15:40:51Z</time>
        <hdop>2.2</hdop>
      </trkpt>
      <trkpt lat="56.0216983" lon="28.1137267">
        <ele>124.3</ele>
        <time>2022-02-05T15:41:21Z</time>
        <hdop>2.5</hdop>
      </trkpt>
      <trkpt lat="56.0216917" lon="28.1137767">
        <ele>125.3</ele>
        <time>2022-02-05T15:42:27Z</time>
        <hdop>2.2</hdop>
      </trkpt>
      <trkpt lat="56.021725" lon="28.11377">
        <ele>123.8</ele>
        <time>2022-02-05T15:45:16Z</time>
        <hdop>3</hdop>
      </trkpt>
      <trkpt lat="56.0217683" lon="28.1137867">
        <ele>124.3</ele>
        <time>2022-02-05T15:45:21Z</time>
        <hdop>3.1</hdop>
      </trkpt>
      <trkpt lat="56.02173" lon="28.1137617">
        <ele>124.6</ele>
        <time>2022-02-05T15:45:27Z</time>
        <hdop>3.1</hdop>
      </trkpt>
      <trkpt lat="56.0217033" lon="28.113755">
        <ele>124.3</ele>
        <time>2022-02-05T15:45:33Z</time>
        <hdop>3.1</hdop>
      </trkpt>
      <trkpt lat="56.0217367" lon="28.1137683">
        <ele>124.6</ele>
        <time>2022-02-05T15:45:39Z</time>
        <hdop>3</hdop>
      </trkpt>
      <trkpt lat="56.0217433" lon="28.1138083">
        <ele>125.1</ele>
        <time>2022-02-05T15:46:13Z</time>
        <hdop>2</hdop>
        <extensions>
          <speed>0.348</speed>
        </extensions>
      </trkpt>
      <trkpt lat="56.02171" lon="28.1138217">
        <ele>127.7</ele>
        <time>2022-02-05T15:46:19Z</time>
        <hdop>1.8</hdop>
      </trkpt>
      <trkpt lat="56.021735" lon="28.1138317">
        <ele>128.2</ele>
        <time>2022-02-05T15:46:25Z</time>
        <hdop>1.7</hdop>
        <extensions>
          <speed>0.219</speed>
        </extensions>
      </trkpt>
      <trkpt lat="56.021755" lon="28.1138033">
        <ele>129.4</ele>
        <time>2022-02-05T15:47:20Z</time>
        <hdop>1.4</hdop>
        <extensions>
          <speed>0.221</speed>
        </extensions>
      </trkpt>
      <trkpt lat="56.0217817" lon="28.113825">
        <ele>130.3</ele>
        <time>2022-02-05T15:49:52Z</time>
        <hdop>1.3</hdop>
        <extensions>
          <speed>0.256</speed>
        </extensions>
      </trkpt>
      <trkpt lat="56.0217467" lon="28.1138083">
        <ele>130.5</ele>
        <time>2022-02-05T15:51:05Z</time>
        <hdop>1.8</hdop>
        <extensions>
          <speed>0.257</speed>
        </extensions>
      </trkpt>
      <trkpt lat="56.0217017" lon="28.1137983">
        <ele>130.3</ele>
        <time>2022-02-05T15:51:10Z</time>
        <hdop>1.8</hdop>
        <extensions>
          <speed>0.617</speed>
        </extensions>
      </trkpt>
      <trkpt lat="56.0217" lon="28.11376">
        <ele>130.9</ele>
        <time>2022-02-05T15:51:19Z</time>
        <hdop>1.9</hdop>
        <extensions>
          <speed>0.573</speed>
        </extensions>
      </trkpt>
      <trkpt lat="56.021685" lon="28.1136767">
        <ele>131.9</ele>
        <time>2022-02-05T15:51:25Z</time>
        <hdop>2</hdop>
        <extensions>
          <speed>0.765</speed>
        </extensions>
      </trkpt>
      <trkpt lat="56.0216333" lon="28.1136133">
        <ele>132.7</ele>
        <time>2022-02-05T15:51:30Z</time>
        <hdop>2</hdop>
        <extensions>
          <speed>1.015</speed>
        </extensions>
      </trkpt>
      <trkpt lat="56.0216017" lon="28.1135417">
        <ele>133.1</ele>
        <time>2022-02-05T15:51:35Z</time>
        <hdop>1.9</hdop>
        <extensions>
          <speed>1.198</speed>
        </extensions>
      </trkpt>
      <trkpt lat="56.0215583" lon="28.11346">
        <ele>134.3</ele>
        <time>2022-02-05T15:51:41Z</time>
        <hdop>1.9</hdop>
        <extensions>
          <speed>1.263</speed>
        </extensions>
      </trkpt>
      <trkpt lat="56.0215217" lon="28.1133767">
        <ele>135.5</ele>
        <time>2022-02-05T15:51:47Z</time>
        <hdop>1.9</hdop>
        <extensions>
          <speed>1.29</speed>
        </extensions>
      </trkpt>
      <trkpt lat="56.0215033" lon="28.1132833">
        <ele>136.1</ele>
        <time>2022-02-05T15:51:53Z</time>
        <hdop>1.9</hdop>
        <extensions>
          <speed>1.228</speed>
        </extensions>
      </trkpt>
      <trkpt lat="56.0214717" lon="28.1131417">
        <ele>137.3</ele>
        <time>2022-02-05T15:51:59Z</time>
        <hdop>1.9</hdop>
        <extensions>
          <speed>1.232</speed>
        </extensions>
      </trkpt>
      <trkpt lat="56.0214633" lon="28.1130333">
        <ele>137.8</ele>
        <time>2022-02-05T15:52:04Z</time>
        <hdop>1.9</hdop>
        <extensions>
          <speed>1.31</speed>
        </extensions>
      </trkpt>
      <trkpt lat="56.02146" lon="28.112945">
        <ele>138.3</ele>
        <time>2022-02-05T15:52:09Z</time>
        <hdop>1.9</hdop>
        <extensions>
          <speed>1.362</speed>
        </extensions>
      </trkpt>
      <trkpt lat="56.0214417" lon="28.1128233">
        <ele>137.7</ele>
        <time>2022-02-05T15:52:15Z</time>
        <hdop>1.9</hdop>
        <extensions>
          <speed>1.523</speed>
        </extensions>
      </trkpt>
      <trkpt lat="56.0214267" lon="28.1127383">
        <ele>136.5</ele>
        <time>2022-02-05T15:52:21Z</time>
        <hdop>1.9</hdop>
        <extensions>
          <speed>1.476</speed>
        </extensions>
      </trkpt>
      <trkpt lat="56.021405" lon="28.1126067">
        <ele>135.3</ele>
        <time>2022-02-05T15:52:27Z</time>
        <hdop>1.9</hdop>
        <extensions>
          <speed>0.961</speed>
        </extensions>
      </trkpt>
      <trkpt lat="56.0213833" lon="28.11249">
        <ele>134.9</ele>
        <time>2022-02-05T15:52:33Z</time>
        <hdop>1.8</hdop>
        <extensions>
          <speed>1.318</speed>
        </extensions>
      </trkpt>
      <trkpt lat="56.021365" lon="28.1123417">
        <ele>134.6</ele>
        <time>2022-02-05T15:52:39Z</time>
        <hdop>1.9</hdop>
        <extensions>
          <speed>1.375</speed>
        </extensions>
      </trkpt>
      <trkpt lat="56.0213317" lon="28.11221">
        <ele>134.8</ele>
        <time>2022-02-05T15:52:45Z</time>
        <hdop>1.9</hdop>
        <extensions>
          <speed>1.63</speed>
        </extensions>
      </trkpt>
      <trkpt lat="56.0213233" lon="28.1120733">
        <ele>135.2</ele>
        <time>2022-02-05T15:52:51Z</time>
        <hdop>1.9</hdop>
        <extensions>
          <speed>1.274</speed>
        </extensions>
      </trkpt>
      <trkpt lat="56.02132" lon="28.111925">
        <ele>134.3</ele>
        <time>2022-02-05T15:52:57Z</time>
        <hdop>2</hdop>
        <extensions>
          <speed>1.368</speed>
        </extensions>
      </trkpt>
      <trkpt lat="56.0212733" lon="28.111815">
        <ele>132.8</ele>
        <time>2022-02-05T15:53:03Z</time>
        <hdop>1.8</hdop>
        <extensions>
          <speed>1.132</speed>
        </extensions>
      </trkpt>
      <trkpt lat="56.0212033" lon="28.1116983">
        <ele>129.8</ele>
        <time>2022-02-05T15:53:09Z</time>
        <hdop>1.9</hdop>
        <extensions>
          <speed>1.302</speed>
        </extensions>
      </trkpt>
      <trkpt lat="56.02116" lon="28.1116283">
        <ele>130.6</ele>
        <time>2022-02-05T15:53:15Z</time>
        <hdop>1.9</hdop>
        <extensions>
          <speed>1.516</speed>
        </extensions>
      </trkpt>
      <trkpt lat="56.0210883" lon="28.1115933">
        <ele>131.2</ele>
        <time>2022-02-05T15:53:21Z</time>
        <hdop>1.9</hdop>
        <extensions>
          <speed>1.231</speed>
        </extensions>
      </trkpt>
      <trkpt lat="56.021015" lon="28.111525">
        <ele>131.3</ele>
        <time>2022-02-05T15:53:27Z</time>
        <hdop>1.8</hdop>
        <extensions>
          <speed>1.105</speed>
        </extensions>
      </trkpt>
      <trkpt lat="56.0209533" lon="28.111505">
        <ele>131.5</ele>
        <time>2022-02-05T15:53:33Z</time>
        <hdop>1.8</hdop>
        <extensions>
          <speed>1.296</speed>
        </extensions>
      </trkpt>
      <trkpt lat="56.02088" lon="28.1114633">
        <ele>131.6</ele>
        <time>2022-02-05T15:53:39Z</time>
        <hdop>1.8</hdop>
        <extensions>
          <speed>1.314</speed>
        </extensions>
      </trkpt>
      <trkpt lat="56.0208533" lon="28.1114367">
        <ele>132.1</ele>
        <time>2022-02-05T15:53:45Z</time>
        <hdop>1.6</hdop>
        <extensions>
          <speed>1.072</speed>
        </extensions>
      </trkpt>
      <trkpt lat="56.0208333" lon="28.1114467">
        <ele>132.6</ele>
        <time>2022-02-05T15:53:53Z</time>
        <hdop>1.8</hdop>
        <extensions>
          <speed>0.355</speed>
        </extensions>
      </trkpt>
      <trkpt lat="56.020775" lon="28.111405">
        <ele>133.4</ele>
        <time>2022-02-05T15:53:59Z</time>
        <hdop>1.8</hdop>
        <extensions>
          <speed>0.704</speed>
        </extensions>
      </trkpt>
      <trkpt lat="56.02072" lon="28.1113667">
        <ele>133.7</ele>
        <time>2022-02-05T15:54:04Z</time>
        <hdop>1.8</hdop>
        <extensions>
          <speed>1.032</speed>
        </extensions>
      </trkpt>
      <trkpt lat="56.0206767" lon="28.111335">
        <ele>133.7</ele>
        <time>2022-02-05T15:54:09Z</time>
        <hdop>1.8</hdop>
        <extensions>
          <speed>1.099</speed>
        </extensions>
      </trkpt>
      <trkpt lat="56.0206117" lon="28.11128">
        <ele>133</ele>
        <time>2022-02-05T15:54:15Z</time>
        <hdop>1.8</hdop>
        <extensions>
          <speed>1.065</speed>
        </extensions>
      </trkpt>
      <trkpt lat="56.020535" lon="28.111205">
        <ele>132.4</ele>
        <time>2022-02-05T15:54:21Z</time>
        <hdop>1.8</hdop>
        <extensions>
          <speed>1.292</speed>
        </extensions>
      </trkpt>
      <trkpt lat="56.02047" lon="28.11114">
        <ele>132.6</ele>
        <time>2022-02-05T15:54:27Z</time>
        <hdop>1.9</hdop>
        <extensions>
          <speed>1.447</speed>
        </extensions>
      </trkpt>
      <trkpt lat="56.0203967" lon="28.1111133">
        <ele>133.1</ele>
        <time>2022-02-05T15:54:33Z</time>
        <hdop>1.9</hdop>
        <extensions>
          <speed>1.158</speed>
        </extensions>
      </trkpt>
      <trkpt lat="56.0203033" lon="28.11106">
        <ele>133.9</ele>
        <time>2022-02-05T15:54:39Z</time>
        <hdop>1.9</hdop>
        <extensions>
          <speed>1.461</speed>
        </extensions>
      </trkpt>
      <trkpt lat="56.0202717" lon="28.1110217">
        <ele>135.1</ele>
        <time>2022-02-05T15:54:45Z</time>
        <hdop>1.7</hdop>
        <extensions>
          <speed>0.955</speed>
        </extensions>
      </trkpt>
      <trkpt lat="56.02026" lon="28.111065">
        <ele>132.5</ele>
        <time>2022-02-05T15:55:06Z</time>
        <hdop>1.8</hdop>
        <extensions>
          <speed>0.385</speed>
        </extensions>
      </trkpt>
      <trkpt lat="56.0201983" lon="28.1110417">
        <ele>132.3</ele>
        <time>2022-02-05T15:55:11Z</time>
        <hdop>1.7</hdop>
        <extensions>
          <speed>0.764</speed>
        </extensions>
      </trkpt>
      <trkpt lat="56.0201517" lon="28.1110067">
        <ele>132.2</ele>
        <time>2022-02-05T15:55:17Z</time>
        <hdop>1.5</hdop>
        <extensions>
          <speed>1.008</speed>
        </extensions>
      </trkpt>
      <trkpt lat="56.020085" lon="28.11097">
        <ele>132.2</ele>
        <time>2022-02-05T15:55:22Z</time>
        <hdop>1.7</hdop>
        <extensions>
          <speed>1.229</speed>
        </extensions>
      </trkpt>
      <trkpt lat="56.0200133" lon="28.11094">
        <ele>132.1</ele>
        <time>2022-02-05T15:55:28Z</time>
        <hdop>1.6</hdop>
        <extensions>
          <speed>1.388</speed>
        </extensions>
      </trkpt>
      <trkpt lat="56.01995" lon="28.1109">
        <ele>131.8</ele>
        <time>2022-02-05T15:55:33Z</time>
        <hdop>1.6</hdop>
        <extensions>
          <speed>1.364</speed>
        </extensions>
      </trkpt>
      <trkpt lat="56.0198867" lon="28.110835">
        <ele>132</ele>
        <time>2022-02-05T15:55:39Z</time>
        <hdop>1.6</hdop>
        <extensions>
          <speed>1.474</speed>
        </extensions>
      </trkpt>
      <trkpt lat="56.0198167" lon="28.1107817">
        <ele>131.5</ele>
        <time>2022-02-05T15:55:45Z</time>
        <hdop>1.6</hdop>
        <extensions>
          <speed>1.449</speed>
        </extensions>
      </trkpt>
      <trkpt lat="56.01975" lon="28.110735">
        <ele>132.1</ele>
        <time>2022-02-05T15:55:51Z</time>
        <hdop>2</hdop>
        <extensions>
          <speed>1.509</speed>
        </extensions>
      </trkpt>
      <trkpt lat="56.0196767" lon="28.1106667">
        <ele>133.3</ele>
        <time>2022-02-05T15:55:57Z</time>
        <hdop>1.7</hdop>
        <extensions>
          <speed>1.285</speed>
        </extensions>
      </trkpt>
      <trkpt lat="56.0196067" lon="28.1105983">
        <ele>133.1</ele>
        <time>2022-02-05T15:56:03Z</time>
        <hdop>1.8</hdop>
        <extensions>
          <speed>1.19</speed>
        </extensions>
      </trkpt>
      <trkpt lat="56.0195217" lon="28.1105383">
        <ele>133</ele>
        <time>2022-02-05T15:56:09Z</time>
        <hdop>1.9</hdop>
        <extensions>
          <speed>1.676</speed>
        </extensions>
      </trkpt>
      <trkpt lat="56.0194617" lon="28.1104917">
        <ele>133.9</ele>
        <time>2022-02-05T15:56:15Z</time>
        <hdop>1.8</hdop>
        <extensions>
          <speed>1.494</speed>
        </extensions>
      </trkpt>
      <trkpt lat="56.0194067" lon="28.1104933">
        <ele>133.8</ele>
        <time>2022-02-05T15:56:21Z</time>
        <hdop>1.9</hdop>
        <extensions>
          <speed>0.91</speed>
        </extensions>
      </trkpt>
      <trkpt lat="56.0193433" lon="28.11046">
        <ele>134.8</ele>
        <time>2022-02-05T15:56:27Z</time>
        <hdop>1.7</hdop>
        <extensions>
          <speed>0.993</speed>
        </extensions>
      </trkpt>
      <trkpt lat="56.019325" lon="28.11046">
        <ele>135.6</ele>
        <time>2022-02-05T15:56:33Z</time>
        <hdop>1.8</hdop>
        <extensions>
          <speed>0.728</speed>
        </extensions>
      </trkpt>
      <trkpt lat="56.0193017" lon="28.1104683">
        <ele>134.7</ele>
        <time>2022-02-05T15:56:39Z</time>
        <hdop>1.7</hdop>
      </trkpt>
      <trkpt lat="56.0193317" lon="28.1104617">
        <ele>134.1</ele>
        <time>2022-02-05T15:56:53Z</time>
        <hdop>1.7</hdop>
        <extensions>
          <speed>0.246</speed>
        </extensions>
      </trkpt>
      <trkpt lat="56.019365" lon="28.1104217">
        <ele>133.8</ele>
        <time>2022-02-05T15:56:59Z</time>
        <hdop>1.9</hdop>
        <extensions>
          <speed>0.531</speed>
        </extensions>
      </trkpt>
      <trkpt lat="56.01934" lon="28.1104133">
        <ele>133.6</ele>
        <time>2022-02-05T15:57:35Z</time>
        <hdop>1.8</hdop>
        <extensions>
          <speed>0.188</speed>
        </extensions>
      </trkpt>
      <trkpt lat="56.01931" lon="28.1104533">
        <ele>133.5</ele>
        <time>2022-02-05T15:57:41Z</time>
        <hdop>1.9</hdop>
        <extensions>
          <speed>0.492</speed>
        </extensions>
      </trkpt>
      <trkpt lat="56.0192783" lon="28.1104183">
        <ele>134</ele>
        <time>2022-02-05T15:57:46Z</time>
        <hdop>1.8</hdop>
        <extensions>
          <speed>0.653</speed>
        </extensions>
      </trkpt>
      <trkpt lat="56.01923" lon="28.1103633">
        <ele>134</ele>
        <time>2022-02-05T15:57:51Z</time>
        <hdop>1.8</hdop>
        <extensions>
          <speed>0.812</speed>
        </extensions>
      </trkpt>
      <trkpt lat="56.0191683" lon="28.1103233">
        <ele>134.2</ele>
        <time>2022-02-05T15:57:57Z</time>
        <hdop>1.8</hdop>
        <extensions>
          <speed>0.963</speed>
        </extensions>
      </trkpt>
      <trkpt lat="56.0190833" lon="28.11026">
        <ele>133.6</ele>
        <time>2022-02-05T15:58:03Z</time>
        <hdop>1.8</hdop>
        <extensions>
          <speed>1.231</speed>
        </extensions>
      </trkpt>
      <trkpt lat="56.019" lon="28.1102133">
        <ele>134.2</ele>
        <time>2022-02-05T15:58:09Z</time>
        <hdop>1.7</hdop>
        <extensions>
          <speed>1.725</speed>
        </extensions>
      </trkpt>
      <trkpt lat="56.0189333" lon="28.110165">
        <ele>134.5</ele>
        <time>2022-02-05T15:58:15Z</time>
        <hdop>1.8</hdop>
        <extensions>
          <speed>1.297</speed>
        </extensions>
      </trkpt>
      <trkpt lat="56.01886" lon="28.1101117">
        <ele>134.3</ele>
        <time>2022-02-05T15:58:21Z</time>
        <hdop>1.7</hdop>
        <extensions>
          <speed>1.172</speed>
        </extensions>
      </trkpt>
      <trkpt lat="56.01878" lon="28.11006">
        <ele>133.6</ele>
        <time>2022-02-05T15:58:27Z</time>
        <hdop>1.8</hdop>
        <extensions>
          <speed>1.467</speed>
        </extensions>
      </trkpt>
      <trkpt lat="56.0187033" lon="28.11001">
        <ele>133.4</ele>
        <time>2022-02-05T15:58:33Z</time>
        <hdop>1.8</hdop>
        <extensions>
          <speed>1.509</speed>
        </extensions>
      </trkpt>
      <trkpt lat="56.0186433" lon="28.10997">
        <ele>133.6</ele>
        <time>2022-02-05T15:58:39Z</time>
        <hdop>1.8</hdop>
        <extensions>
          <speed>1.142</speed>
        </extensions>
      </trkpt>
      <trkpt lat="56.01855" lon="28.1099133">
        <ele>132.5</ele>
        <time>2022-02-05T15:58:45Z</time>
        <hdop>1.8</hdop>
        <extensions>
          <speed>1.354</speed>
        </extensions>
      </trkpt>
      <trkpt lat="56.0184933" lon="28.1098683">
        <ele>132.3</ele>
        <time>2022-02-05T15:58:51Z</time>
        <hdop>1.9</hdop>
        <extensions>
          <speed>1.355</speed>
        </extensions>
      </trkpt>
      <trkpt lat="56.0184117" lon="28.10983">
        <ele>132.6</ele>
        <time>2022-02-05T15:58:57Z</time>
        <hdop>1.9</hdop>
        <extensions>
          <speed>1.316</speed>
        </extensions>
      </trkpt>
      <trkpt lat="56.018345" lon="28.1097817">
        <ele>132.2</ele>
        <time>2022-02-05T15:59:03Z</time>
        <hdop>1.8</hdop>
        <extensions>
          <speed>1.321</speed>
        </extensions>
      </trkpt>
      <trkpt lat="56.0182583" lon="28.1097267">
        <ele>131.9</ele>
        <time>2022-02-05T15:59:09Z</time>
        <hdop>1.8</hdop>
        <extensions>
          <speed>1.283</speed>
        </extensions>
      </trkpt>
      <trkpt lat="56.018185" lon="28.10968">
        <ele>132.5</ele>
        <time>2022-02-05T15:59:15Z</time>
        <hdop>1.7</hdop>
        <extensions>
          <speed>1.702</speed>
        </extensions>
      </trkpt>
      <trkpt lat="56.01811" lon="28.1096133">
        <ele>132.2</ele>
        <time>2022-02-05T15:59:21Z</time>
        <hdop>2</hdop>
        <extensions>
          <speed>1.376</speed>
        </extensions>
      </trkpt>
      <trkpt lat="56.0180633" lon="28.1095883">
        <ele>130.8</ele>
        <time>2022-02-05T15:59:27Z</time>
        <hdop>2</hdop>
        <extensions>
          <speed>1.073</speed>
        </extensions>
      </trkpt>
      <trkpt lat="56.0179633" lon="28.10953">
        <ele>131.1</ele>
        <time>2022-02-05T15:59:33Z</time>
        <hdop>1.9</hdop>
        <extensions>
          <speed>1.359</speed>
        </extensions>
      </trkpt>
      <trkpt lat="56.0179167" lon="28.1094833">
        <ele>131.3</ele>
        <time>2022-02-05T15:59:38Z</time>
        <hdop>1.8</hdop>
        <extensions>
          <speed>1.296</speed>
        </extensions>
      </trkpt>
      <trkpt lat="56.0178383" lon="28.10944">
        <ele>131.7</ele>
        <time>2022-02-05T15:59:44Z</time>
        <hdop>2</hdop>
        <extensions>
          <speed>1.278</speed>
        </extensions>
      </trkpt>
      <trkpt lat="56.0177617" lon="28.1093967">
        <ele>133</ele>
        <time>2022-02-05T15:59:50Z</time>
        <hdop>1.9</hdop>
        <extensions>
          <speed>1.419</speed>
        </extensions>
      </trkpt>
      <trkpt lat="56.0177533" lon="28.1094683">
        <ele>133.6</ele>
        <time>2022-02-05T16:00:15Z</time>
        <hdop>1.6</hdop>
        <extensions>
          <speed>0.26</speed>
        </extensions>
      </trkpt>
      <trkpt lat="56.0177967" lon="28.10954">
        <ele>133.5</ele>
        <time>2022-02-05T16:00:20Z</time>
        <hdop>1.6</hdop>
        <extensions>
          <speed>0.707</speed>
        </extensions>
      </trkpt>
      <trkpt lat="56.0178033" lon="28.109615">
        <ele>132.9</ele>
        <time>2022-02-05T16:00:26Z</time>
        <hdop>1.6</hdop>
        <extensions>
          <speed>1.17</speed>
        </extensions>
      </trkpt>
      <trkpt lat="56.0177683" lon="28.1097483">
        <ele>129.8</ele>
        <time>2022-02-05T16:00:32Z</time>
        <hdop>1.6</hdop>
        <extensions>
          <speed>1.375</speed>
        </extensions>
      </trkpt>
      <trkpt lat="56.0177333" lon="28.1098717">
        <ele>127.9</ele>
        <time>2022-02-05T16:00:37Z</time>
        <hdop>1.7</hdop>
        <extensions>
          <speed>1.665</speed>
        </extensions>
      </trkpt>
      <trkpt lat="56.0176983" lon="28.10999">
        <ele>128.1</ele>
        <time>2022-02-05T16:00:42Z</time>
        <hdop>1.6</hdop>
        <extensions>
          <speed>1.624</speed>
        </extensions>
      </trkpt>
      <trkpt lat="56.0176633" lon="28.110135">
        <ele>130.1</ele>
        <time>2022-02-05T16:00:48Z</time>
        <hdop>1.6</hdop>
        <extensions>
          <speed>1.55</speed>
        </extensions>
      </trkpt>
      <trkpt lat="56.0176533" lon="28.1102617">
        <ele>132.7</ele>
        <time>2022-02-05T16:00:53Z</time>
        <hdop>1.7</hdop>
        <extensions>
          <speed>1.452</speed>
        </extensions>
      </trkpt>
      <trkpt lat="56.0176383" lon="28.1104117">
        <ele>135</ele>
        <time>2022-02-05T16:00:59Z</time>
        <hdop>1.7</hdop>
        <extensions>
          <speed>1.489</speed>
        </extensions>
      </trkpt>
      <trkpt lat="56.0176083" lon="28.1105183">
        <ele>137.1</ele>
        <time>2022-02-05T16:01:04Z</time>
        <hdop>1.8</hdop>
        <extensions>
          <speed>1.492</speed>
        </extensions>
      </trkpt>
      <trkpt lat="56.0175717" lon="28.110595">
        <ele>137</ele>
        <time>2022-02-05T16:01:09Z</time>
        <hdop>1.7</hdop>
        <extensions>
          <speed>1.315</speed>
        </extensions>
      </trkpt>
      <trkpt lat="56.0175683" lon="28.1107283">
        <ele>135.9</ele>
        <time>2022-02-05T16:01:15Z</time>
        <hdop>1.9</hdop>
        <extensions>
          <speed>1.245</speed>
        </extensions>
      </trkpt>
      <trkpt lat="56.0175483" lon="28.1108883">
        <ele>133.8</ele>
        <time>2022-02-05T16:01:21Z</time>
        <hdop>1.8</hdop>
        <extensions>
          <speed>1.294</speed>
        </extensions>
      </trkpt>
      <trkpt lat="56.01751" lon="28.11102">
        <ele>132.9</ele>
        <time>2022-02-05T16:01:26Z</time>
        <hdop>1.9</hdop>
        <extensions>
          <speed>1.914</speed>
        </extensions>
      </trkpt>
      <trkpt lat="56.0174633" lon="28.11116">
        <ele>131.5</ele>
        <time>2022-02-05T16:01:32Z</time>
        <hdop>1.8</hdop>
        <extensions>
          <speed>1.792</speed>
        </extensions>
      </trkpt>
      <trkpt lat="56.017455" lon="28.1112983">
        <ele>129.7</ele>
        <time>2022-02-05T16:01:38Z</time>
        <hdop>1.7</hdop>
        <extensions>
          <speed>1.369</speed>
        </extensions>
      </trkpt>
      <trkpt lat="56.017425" lon="28.1114083">
        <ele>128.8</ele>
        <time>2022-02-05T16:01:43Z</time>
        <hdop>1.6</hdop>
        <extensions>
          <speed>1.414</speed>
        </extensions>
      </trkpt>
      <trkpt lat="56.01739" lon="28.1115517">
        <ele>129.4</ele>
        <time>2022-02-05T16:01:49Z</time>
        <hdop>1.7</hdop>
        <extensions>
          <speed>1.549</speed>
        </extensions>
      </trkpt>
      <trkpt lat="56.017365" lon="28.1116867">
        <ele>129.9</ele>
        <time>2022-02-05T16:01:55Z</time>
        <hdop>1.8</hdop>
        <extensions>
          <speed>1.615</speed>
        </extensions>
      </trkpt>
      <trkpt lat="56.0173283" lon="28.1118433">
        <ele>132.3</ele>
        <time>2022-02-05T16:02:01Z</time>
        <hdop>1.8</hdop>
        <extensions>
          <speed>1.608</speed>
        </extensions>
      </trkpt>
      <trkpt lat="56.017295" lon="28.1119817">
        <ele>134.1</ele>
        <time>2022-02-05T16:02:07Z</time>
        <hdop>1.7</hdop>
        <extensions>
          <speed>1.686</speed>
        </extensions>
      </trkpt>
      <trkpt lat="56.0172533" lon="28.112035">
        <ele>134.3</ele>
        <time>2022-02-05T16:02:12Z</time>
        <hdop>1.7</hdop>
        <extensions>
          <speed>1.415</speed>
        </extensions>
      </trkpt>
      <trkpt lat="56.017185" lon="28.111945">
        <ele>134.8</ele>
        <time>2022-02-05T16:02:18Z</time>
        <hdop>1.7</hdop>
        <extensions>
          <speed>1.614</speed>
        </extensions>
      </trkpt>
      <trkpt lat="56.017125" lon="28.1119117">
        <ele>134.6</ele>
        <time>2022-02-05T16:02:23Z</time>
        <hdop>1.7</hdop>
        <extensions>
          <speed>1.488</speed>
        </extensions>
      </trkpt>
      <trkpt lat="56.01706" lon="28.1118567">
        <ele>133.8</ele>
        <time>2022-02-05T16:02:29Z</time>
        <hdop>1.7</hdop>
        <extensions>
          <speed>1.047</speed>
        </extensions>
      </trkpt>
      <trkpt lat="56.0170017" lon="28.111805">
        <ele>133.7</ele>
        <time>2022-02-05T16:02:34Z</time>
        <hdop>1.6</hdop>
        <extensions>
          <speed>0.949</speed>
        </extensions>
      </trkpt>
      <trkpt lat="56.0169417" lon="28.11174">
        <ele>133.9</ele>
        <time>2022-02-05T16:02:39Z</time>
        <hdop>1.6</hdop>
        <extensions>
          <speed>0.997</speed>
        </extensions>
      </trkpt>
      <trkpt lat="56.0168633" lon="28.111685">
        <ele>133.7</ele>
        <time>2022-02-05T16:02:45Z</time>
        <hdop>1.9</hdop>
        <extensions>
          <speed>1.359</speed>
        </extensions>
      </trkpt>
      <trkpt lat="56.0168017" lon="28.1116417">
        <ele>134.2</ele>
        <time>2022-02-05T16:02:51Z</time>
        <hdop>1.8</hdop>
        <extensions>
          <speed>1.249</speed>
        </extensions>
      </trkpt>
      <trkpt lat="56.016725" lon="28.11159">
        <ele>135.2</ele>
        <time>2022-02-05T16:02:57Z</time>
        <hdop>1.7</hdop>
        <extensions>
          <speed>1.044</speed>
        </extensions>
      </trkpt>
      <trkpt lat="56.0166517" lon="28.1115433">
        <ele>135.3</ele>
        <time>2022-02-05T16:03:03Z</time>
        <hdop>1.7</hdop>
        <extensions>
          <speed>1.25</speed>
        </extensions>
      </trkpt>
      <trkpt lat="56.0165717" lon="28.11148">
        <ele>135.5</ele>
        <time>2022-02-05T16:03:09Z</time>
        <hdop>1.9</hdop>
        <extensions>
          <speed>1.498</speed>
        </extensions>
      </trkpt>
      <trkpt lat="56.0164717" lon="28.1114317">
        <ele>136.4</ele>
        <time>2022-02-05T16:03:15Z</time>
        <hdop>1.9</hdop>
        <extensions>
          <speed>1.657</speed>
        </extensions>
      </trkpt>
      <trkpt lat="56.01639" lon="28.1113967">
        <ele>139.7</ele>
        <time>2022-02-05T16:03:21Z</time>
        <hdop>1.8</hdop>
        <extensions>
          <speed>1.825</speed>
        </extensions>
      </trkpt>
      <trkpt lat="56.0163433" lon="28.1113417">
        <ele>140.4</ele>
        <time>2022-02-05T16:03:27Z</time>
        <hdop>1.9</hdop>
        <extensions>
          <speed>1.532</speed>
        </extensions>
      </trkpt>
      <trkpt lat="56.0162683" lon="28.1113033">
        <ele>141.5</ele>
        <time>2022-02-05T16:03:33Z</time>
        <hdop>1.7</hdop>
        <extensions>
          <speed>1.107</speed>
        </extensions>
      </trkpt>
      <trkpt lat="56.01618" lon="28.1112833">
        <ele>141.4</ele>
        <time>2022-02-05T16:03:39Z</time>
        <hdop>1.7</hdop>
        <extensions>
          <speed>1.122</speed>
        </extensions>
      </trkpt>
      <trkpt lat="56.0160983" lon="28.1112183">
        <ele>140.1</ele>
        <time>2022-02-05T16:03:45Z</time>
        <hdop>1.8</hdop>
        <extensions>
          <speed>1.28</speed>
        </extensions>
      </trkpt>
      <trkpt lat="56.0159917" lon="28.1111433">
        <ele>138.1</ele>
        <time>2022-02-05T16:03:51Z</time>
        <hdop>1.8</hdop>
        <extensions>
          <speed>1.471</speed>
        </extensions>
      </trkpt>
      <trkpt lat="56.0159017" lon="28.1111117">
        <ele>138</ele>
        <time>2022-02-05T16:03:57Z</time>
        <hdop>1.8</hdop>
        <extensions>
          <speed>1.752</speed>
        </extensions>
      </trkpt>
      <trkpt lat="56.0158417" lon="28.11107">
        <ele>138.8</ele>
        <time>2022-02-05T16:04:03Z</time>
        <hdop>1.7</hdop>
        <extensions>
          <speed>1.564</speed>
        </extensions>
      </trkpt>
      <trkpt lat="56.01578" lon="28.11102">
        <ele>138.6</ele>
        <time>2022-02-05T16:04:09Z</time>
        <hdop>1.7</hdop>
        <extensions>
          <speed>1.04</speed>
        </extensions>
      </trkpt>
      <trkpt lat="56.0156933" lon="28.1110267">
        <ele>137.6</ele>
        <time>2022-02-05T16:04:15Z</time>
        <hdop>1.9</hdop>
        <extensions>
          <speed>1.341</speed>
        </extensions>
      </trkpt>
      <trkpt lat="56.0156167" lon="28.1110683">
        <ele>139.6</ele>
        <time>2022-02-05T16:04:21Z</time>
        <hdop>1.8</hdop>
        <extensions>
          <speed>1.529</speed>
        </extensions>
      </trkpt>
      <trkpt lat="56.0155717" lon="28.1111883">
        <ele>137.9</ele>
        <time>2022-02-05T16:04:27Z</time>
        <hdop>1.6</hdop>
        <extensions>
          <speed>1.132</speed>
        </extensions>
      </trkpt>
      <trkpt lat="56.0155333" lon="28.1113317">
        <ele>135.7</ele>
        <time>2022-02-05T16:04:33Z</time>
        <hdop>1.7</hdop>
        <extensions>
          <speed>1.505</speed>
        </extensions>
      </trkpt>
      <trkpt lat="56.0154933" lon="28.1114717">
        <ele>134.3</ele>
        <time>2022-02-05T16:04:39Z</time>
        <hdop>1.6</hdop>
        <extensions>
          <speed>1.527</speed>
        </extensions>
      </trkpt>
      <trkpt lat="56.0154767" lon="28.11158">
        <ele>133.2</ele>
        <time>2022-02-05T16:04:45Z</time>
        <hdop>1.6</hdop>
        <extensions>
          <speed>1.138</speed>
        </extensions>
      </trkpt>
      <trkpt lat="56.01544" lon="28.1117233">
        <ele>133.3</ele>
        <time>2022-02-05T16:04:51Z</time>
        <hdop>1.6</hdop>
        <extensions>
          <speed>1.126</speed>
        </extensions>
      </trkpt>
      <trkpt lat="56.0153883" lon="28.1118633">
        <ele>132.8</ele>
        <time>2022-02-05T16:04:57Z</time>
        <hdop>1.6</hdop>
        <extensions>
          <speed>1.592</speed>
        </extensions>
      </trkpt>
      <trkpt lat="56.01533" lon="28.111975">
        <ele>132.5</ele>
        <time>2022-02-05T16:05:03Z</time>
        <hdop>1.7</hdop>
        <extensions>
          <speed>1.618</speed>
        </extensions>
      </trkpt>
      <trkpt lat="56.0152767" lon="28.1120617">
        <ele>133.4</ele>
        <time>2022-02-05T16:05:09Z</time>
        <hdop>1.7</hdop>
        <extensions>
          <speed>1.501</speed>
        </extensions>
      </trkpt>
      <trkpt lat="56.0152283" lon="28.1121417">
        <ele>133.1</ele>
        <time>2022-02-05T16:05:15Z</time>
        <hdop>1.8</hdop>
        <extensions>
          <speed>1.484</speed>
        </extensions>
      </trkpt>
      <trkpt lat="56.01514" lon="28.1121617">
        <ele>133.3</ele>
        <time>2022-02-05T16:05:21Z</time>
        <hdop>1.7</hdop>
        <extensions>
          <speed>1.127</speed>
        </extensions>
      </trkpt>
      <trkpt lat="56.0150733" lon="28.1121983">
        <ele>133.5</ele>
        <time>2022-02-05T16:05:27Z</time>
        <hdop>1.7</hdop>
        <extensions>
          <speed>0.91</speed>
        </extensions>
      </trkpt>
      <trkpt lat="56.0149967" lon="28.1122333">
        <ele>133.3</ele>
        <time>2022-02-05T16:05:33Z</time>
        <hdop>1.8</hdop>
        <extensions>
          <speed>1.069</speed>
        </extensions>
      </trkpt>
      <trkpt lat="56.0149117" lon="28.1122533">
        <ele>133.3</ele>
        <time>2022-02-05T16:05:39Z</time>
        <hdop>1.8</hdop>
        <extensions>
          <speed>1.215</speed>
        </extensions>
      </trkpt>
      <trkpt lat="56.0148133" lon="28.1122717">
        <ele>133.9</ele>
        <time>2022-02-05T16:05:45Z</time>
        <hdop>1.7</hdop>
        <extensions>
          <speed>1.512</speed>
        </extensions>
      </trkpt>
    </trkseg>
  </trk>
</gpx>