<?xml version='1.0' encoding='UTF-8' standalone='yes' ?>
<gpx version="1.1" creator="OsmAnd~ 3.7.4" xmlns="http://www.topografix.com/GPX/1/1" xmlns:xsi="http://www.w3.org/2001/XMLSchema-instance" xsi:schemaLocation="http://www.topografix.com/GPX/1/1 http://www.topografix.com/GPX/1/1/gpx.xsd">
  <metadata>
    <name>2023-01-28_06-45_Sat</name>
  </metadata>
  <trk>
    <trkseg>
      <trkpt lat="55.6010733" lon="27.4974167">
        <ele>146.9</ele>
        <time>2023-01-28T03:45:05Z</time>
        <hdop>5</hdop>
      </trkpt>
      <trkpt lat="55.6010917" lon="27.4974367">
        <ele>143</ele>
        <time>2023-01-28T03:45:11Z</time>
        <hdop>4.5</hdop>
        <extensions>
          <speed>1.08</speed>
        </extensions>
      </trkpt>
      <trkpt lat="55.60107" lon="27.4974317">
        <ele>136.2</ele>
        <time>2023-01-28T03:45:16Z</time>
        <hdop>4.2</hdop>
      </trkpt>
      <trkpt lat="55.6010383" lon="27.4974767">
        <ele>137.6</ele>
        <time>2023-01-28T03:45:22Z</time>
        <hdop>4</hdop>
      </trkpt>
      <trkpt lat="55.6010217" lon="27.4975267">
        <ele>140.6</ele>
        <time>2023-01-28T03:45:27Z</time>
        <hdop>3.8</hdop>
      </trkpt>
      <trkpt lat="55.6010033" lon="27.49754">
        <ele>144</ele>
        <time>2023-01-28T03:45:33Z</time>
        <hdop>4</hdop>
      </trkpt>
      <trkpt lat="55.6009667" lon="27.49756">
        <ele>147.1</ele>
        <time>2023-01-28T03:45:38Z</time>
        <hdop>4.1</hdop>
      </trkpt>
      <trkpt lat="55.6009267" lon="27.4975333">
        <ele>148.4</ele>
        <time>2023-01-28T03:45:44Z</time>
        <hdop>4.2</hdop>
      </trkpt>
      <trkpt lat="55.6008933" lon="27.4975167">
        <ele>149.4</ele>
        <time>2023-01-28T03:45:50Z</time>
        <hdop>4.7</hdop>
        <extensions>
          <speed>1.487</speed>
        </extensions>
      </trkpt>
      <trkpt lat="55.6008767" lon="27.4975">
        <ele>151.7</ele>
        <time>2023-01-28T03:46:07Z</time>
        <hdop>2.5</hdop>
      </trkpt>
      <trkpt lat="55.6008433" lon="27.4974767">
        <ele>152.7</ele>
        <time>2023-01-28T03:46:13Z</time>
        <hdop>3.7</hdop>
      </trkpt>
      <trkpt lat="55.6008233" lon="27.497465">
        <ele>153.4</ele>
        <time>2023-01-28T03:46:20Z</time>
        <hdop>4.1</hdop>
      </trkpt>
      <trkpt lat="55.6008817" lon="27.49747">
        <ele>153.9</ele>
        <time>2023-01-28T03:46:26Z</time>
        <hdop>3.7</hdop>
      </trkpt>
      <trkpt lat="55.60089" lon="27.4974383">
        <ele>154.5</ele>
        <time>2023-01-28T03:46:33Z</time>
        <hdop>3.5</hdop>
      </trkpt>
      <trkpt lat="55.6009233" lon="27.4974433">
        <ele>154.8</ele>
        <time>2023-01-28T03:46:38Z</time>
        <hdop>3.1</hdop>
      </trkpt>
      <trkpt lat="55.6009167" lon="27.4975167">
        <ele>153.7</ele>
        <time>2023-01-28T03:47:21Z</time>
        <hdop>2.9</hdop>
      </trkpt>
      <trkpt lat="55.6009533" lon="27.4975617">
        <ele>153.9</ele>
        <time>2023-01-28T03:47:26Z</time>
        <hdop>3.5</hdop>
      </trkpt>
      <trkpt lat="55.600965" lon="27.4975967">
        <ele>154.1</ele>
        <time>2023-01-28T03:47:32Z</time>
        <hdop>3.7</hdop>
      </trkpt>
      <trkpt lat="55.6009867" lon="27.4976467">
        <ele>154.2</ele>
        <time>2023-01-28T03:47:38Z</time>
        <hdop>3.8</hdop>
      </trkpt>
      <trkpt lat="55.6010117" lon="27.49765">
        <ele>154.4</ele>
        <time>2023-01-28T03:47:44Z</time>
        <hdop>4</hdop>
      </trkpt>
      <trkpt lat="55.6011033" lon="27.497665">
        <ele>154.1</ele>
        <time>2023-01-28T03:47:54Z</time>
        <hdop>4</hdop>
      </trkpt>
      <trkpt lat="55.6011867" lon="27.49771">
        <ele>153.9</ele>
        <time>2023-01-28T03:48:00Z</time>
        <hdop>4.1</hdop>
      </trkpt>
      <trkpt lat="55.6013517" lon="27.4977233">
        <ele>154</ele>
        <time>2023-01-28T03:48:05Z</time>
        <hdop>3.6</hdop>
        <extensions>
          <speed>1</speed>
        </extensions>
      </trkpt>
      <trkpt lat="55.6014817" lon="27.497685">
        <ele>152.9</ele>
        <time>2023-01-28T03:48:11Z</time>
        <hdop>3.5</hdop>
        <extensions>
          <speed>1.153</speed>
        </extensions>
      </trkpt>
      <trkpt lat="55.6015717" lon="27.49767">
        <ele>151.7</ele>
        <time>2023-01-28T03:48:17Z</time>
        <hdop>3.5</hdop>
        <extensions>
          <speed>1.395</speed>
        </extensions>
      </trkpt>
      <trkpt lat="55.601655" lon="27.4976367">
        <ele>149</ele>
        <time>2023-01-28T03:48:23Z</time>
        <hdop>3.8</hdop>
        <extensions>
          <speed>1.388</speed>
        </extensions>
      </trkpt>
      <trkpt lat="55.6017267" lon="27.4976533">
        <ele>147.1</ele>
        <time>2023-01-28T03:48:29Z</time>
        <hdop>3.9</hdop>
        <extensions>
          <speed>0.985</speed>
        </extensions>
      </trkpt>
      <trkpt lat="55.6017217" lon="27.4976867">
        <ele>147.3</ele>
        <time>2023-01-28T03:48:35Z</time>
        <hdop>3.8</hdop>
      </trkpt>
      <trkpt lat="55.601745" lon="27.4977033">
        <ele>147.9</ele>
        <time>2023-01-28T03:48:41Z</time>
        <hdop>3.8</hdop>
      </trkpt>
      <trkpt lat="55.6018183" lon="27.49771">
        <ele>148.5</ele>
        <time>2023-01-28T03:48:46Z</time>
        <hdop>3.9</hdop>
      </trkpt>
      <trkpt lat="55.601865" lon="27.4977183">
        <ele>148.7</ele>
        <time>2023-01-28T03:48:51Z</time>
        <hdop>3.7</hdop>
      </trkpt>
      <trkpt lat="55.6019317" lon="27.49771">
        <ele>148.8</ele>
        <time>2023-01-28T03:48:57Z</time>
        <hdop>3.7</hdop>
      </trkpt>
      <trkpt lat="55.601955" lon="27.4977067">
        <ele>148.6</ele>
        <time>2023-01-28T03:49:02Z</time>
        <hdop>3.8</hdop>
      </trkpt>
      <trkpt lat="55.602045" lon="27.497715">
        <ele>149.2</ele>
        <time>2023-01-28T03:49:08Z</time>
        <hdop>3.7</hdop>
      </trkpt>
      <trkpt lat="55.6021167" lon="27.497715">
        <ele>149.9</ele>
        <time>2023-01-28T03:49:14Z</time>
        <hdop>3.7</hdop>
      </trkpt>
      <trkpt lat="55.60218" lon="27.4977017">
        <ele>150.1</ele>
        <time>2023-01-28T03:49:20Z</time>
        <hdop>3.6</hdop>
      </trkpt>
      <trkpt lat="55.6023167" lon="27.4976783">
        <ele>148.9</ele>
        <time>2023-01-28T03:49:26Z</time>
        <hdop>3.3</hdop>
        <extensions>
          <speed>0.589</speed>
        </extensions>
      </trkpt>
      <trkpt lat="55.602385" lon="27.4976533">
        <ele>148</ele>
        <time>2023-01-28T03:49:31Z</time>
        <hdop>3.3</hdop>
        <extensions>
          <speed>0.878</speed>
        </extensions>
      </trkpt>
      <trkpt lat="55.6024533" lon="27.4976483">
        <ele>147.1</ele>
        <time>2023-01-28T03:49:36Z</time>
        <hdop>3.2</hdop>
      </trkpt>
      <trkpt lat="55.6025317" lon="27.4976317">
        <ele>146.3</ele>
        <time>2023-01-28T03:49:42Z</time>
        <hdop>3.4</hdop>
      </trkpt>
      <trkpt lat="55.60259" lon="27.4976217">
        <ele>145.7</ele>
        <time>2023-01-28T03:49:48Z</time>
        <hdop>3.4</hdop>
        <extensions>
          <speed>0.618</speed>
        </extensions>
      </trkpt>
      <trkpt lat="55.6026533" lon="27.4975867">
        <ele>144.7</ele>
        <time>2023-01-28T03:49:53Z</time>
        <hdop>3.2</hdop>
      </trkpt>
      <trkpt lat="55.602765" lon="27.4975633">
        <ele>144.7</ele>
        <time>2023-01-28T03:49:59Z</time>
        <hdop>3.2</hdop>
      </trkpt>
      <trkpt lat="55.6028217" lon="27.4975517">
        <ele>143.8</ele>
        <time>2023-01-28T03:50:04Z</time>
        <hdop>3.2</hdop>
        <extensions>
          <speed>0.565</speed>
        </extensions>
      </trkpt>
      <trkpt lat="55.6029167" lon="27.4975367">
        <ele>143.7</ele>
        <time>2023-01-28T03:50:09Z</time>
        <hdop>3.1</hdop>
        <extensions>
          <speed>0.896</speed>
        </extensions>
      </trkpt>
      <trkpt lat="55.60299" lon="27.497505">
        <ele>143.5</ele>
        <time>2023-01-28T03:50:14Z</time>
        <hdop>3</hdop>
      </trkpt>
      <trkpt lat="55.6030383" lon="27.4974483">
        <ele>143.6</ele>
        <time>2023-01-28T03:50:20Z</time>
        <hdop>3</hdop>
        <extensions>
          <speed>0.877</speed>
        </extensions>
      </trkpt>
      <trkpt lat="55.6030667" lon="27.497395">
        <ele>142</ele>
        <time>2023-01-28T03:50:25Z</time>
        <hdop>2.9</hdop>
        <extensions>
          <speed>0.501</speed>
        </extensions>
      </trkpt>
      <trkpt lat="55.6031017" lon="27.4973733">
        <ele>142</ele>
        <time>2023-01-28T03:50:30Z</time>
        <hdop>2.9</hdop>
      </trkpt>
      <trkpt lat="55.6032183" lon="27.4973183">
        <ele>140.7</ele>
        <time>2023-01-28T03:50:36Z</time>
        <hdop>2.7</hdop>
        <extensions>
          <speed>0.941</speed>
        </extensions>
      </trkpt>
      <trkpt lat="55.6032917" lon="27.4972583">
        <ele>138.6</ele>
        <time>2023-01-28T03:50:42Z</time>
        <hdop>2.5</hdop>
        <extensions>
          <speed>0.98</speed>
        </extensions>
      </trkpt>
      <trkpt lat="55.6033733" lon="27.4972283">
        <ele>137</ele>
        <time>2023-01-28T03:50:48Z</time>
        <hdop>2.5</hdop>
        <extensions>
          <speed>0.801</speed>
        </extensions>
      </trkpt>
      <trkpt lat="55.6034167" lon="27.497185">
        <ele>136.6</ele>
        <time>2023-01-28T03:50:54Z</time>
        <hdop>2.4</hdop>
      </trkpt>
      <trkpt lat="55.6034733" lon="27.4971433">
        <ele>135.9</ele>
        <time>2023-01-28T03:51:00Z</time>
        <hdop>2.6</hdop>
      </trkpt>
      <trkpt lat="55.6035333" lon="27.4970833">
        <ele>135.2</ele>
        <time>2023-01-28T03:51:05Z</time>
        <hdop>2.6</hdop>
      </trkpt>
      <trkpt lat="55.6035867" lon="27.4970333">
        <ele>134.7</ele>
        <time>2023-01-28T03:51:11Z</time>
        <hdop>2.5</hdop>
      </trkpt>
      <trkpt lat="55.603645" lon="27.4970067">
        <ele>134.5</ele>
        <time>2023-01-28T03:51:17Z</time>
        <hdop>2.8</hdop>
      </trkpt>
      <trkpt lat="55.60372" lon="27.4969583">
        <ele>134.7</ele>
        <time>2023-01-28T03:51:23Z</time>
        <hdop>2.9</hdop>
        <extensions>
          <speed>0.719</speed>
        </extensions>
      </trkpt>
      <trkpt lat="55.6038117" lon="27.4969133">
        <ele>135.3</ele>
        <time>2023-01-28T03:51:29Z</time>
        <hdop>2.8</hdop>
      </trkpt>
      <trkpt lat="55.6039" lon="27.496885">
        <ele>135.8</ele>
        <time>2023-01-28T03:51:34Z</time>
        <hdop>2.7</hdop>
      </trkpt>
      <trkpt lat="55.6039783" lon="27.4967667">
        <ele>136.8</ele>
        <time>2023-01-28T03:51:40Z</time>
        <hdop>2.4</hdop>
        <extensions>
          <speed>1.149</speed>
        </extensions>
      </trkpt>
      <trkpt lat="55.6040483" lon="27.4966817">
        <ele>137.8</ele>
        <time>2023-01-28T03:51:45Z</time>
        <hdop>2.3</hdop>
        <extensions>
          <speed>1.061</speed>
        </extensions>
      </trkpt>
      <trkpt lat="55.6041167" lon="27.4966283">
        <ele>136.9</ele>
        <time>2023-01-28T03:51:50Z</time>
        <hdop>2.4</hdop>
        <extensions>
          <speed>1.322</speed>
        </extensions>
      </trkpt>
      <trkpt lat="55.6041733" lon="27.49656">
        <ele>137.3</ele>
        <time>2023-01-28T03:51:55Z</time>
        <hdop>2.5</hdop>
        <extensions>
          <speed>1.357</speed>
        </extensions>
      </trkpt>
      <trkpt lat="55.6042267" lon="27.4964967">
        <ele>137.3</ele>
        <time>2023-01-28T03:52:01Z</time>
        <hdop>2.3</hdop>
        <extensions>
          <speed>1.013</speed>
        </extensions>
      </trkpt>
      <trkpt lat="55.604275" lon="27.4964267">
        <ele>136.9</ele>
        <time>2023-01-28T03:52:06Z</time>
        <hdop>2.5</hdop>
        <extensions>
          <speed>0.954</speed>
        </extensions>
      </trkpt>
      <trkpt lat="55.6043283" lon="27.4963583">
        <ele>136.7</ele>
        <time>2023-01-28T03:52:12Z</time>
        <hdop>2.5</hdop>
      </trkpt>
      <trkpt lat="55.6043817" lon="27.49629">
        <ele>136.3</ele>
        <time>2023-01-28T03:52:18Z</time>
        <hdop>2.4</hdop>
      </trkpt>
      <trkpt lat="55.6044333" lon="27.4962317">
        <ele>136.4</ele>
        <time>2023-01-28T03:52:23Z</time>
        <hdop>2.3</hdop>
        <extensions>
          <speed>0.932</speed>
        </extensions>
      </trkpt>
      <trkpt lat="55.60451" lon="27.4961867">
        <ele>136.3</ele>
        <time>2023-01-28T03:52:29Z</time>
        <hdop>2.5</hdop>
        <extensions>
          <speed>1.091</speed>
        </extensions>
      </trkpt>
      <trkpt lat="55.6045833" lon="27.4961267">
        <ele>136.4</ele>
        <time>2023-01-28T03:52:35Z</time>
        <hdop>2.5</hdop>
        <extensions>
          <speed>1.168</speed>
        </extensions>
      </trkpt>
      <trkpt lat="55.6046433" lon="27.4960817">
        <ele>136.5</ele>
        <time>2023-01-28T03:52:40Z</time>
        <hdop>2.4</hdop>
        <extensions>
          <speed>0.947</speed>
        </extensions>
      </trkpt>
      <trkpt lat="55.6047133" lon="27.4960517">
        <ele>135.5</ele>
        <time>2023-01-28T03:52:46Z</time>
        <hdop>2.5</hdop>
        <extensions>
          <speed>0.916</speed>
        </extensions>
      </trkpt>
      <trkpt lat="55.6047767" lon="27.4960183">
        <ele>134.5</ele>
        <time>2023-01-28T03:52:51Z</time>
        <hdop>2.4</hdop>
      </trkpt>
      <trkpt lat="55.604835" lon="27.4959217">
        <ele>133.9</ele>
        <time>2023-01-28T03:52:57Z</time>
        <hdop>2.4</hdop>
        <extensions>
          <speed>1.134</speed>
        </extensions>
      </trkpt>
      <trkpt lat="55.6048767" lon="27.4958467">
        <ele>134.5</ele>
        <time>2023-01-28T03:53:02Z</time>
        <hdop>2.3</hdop>
        <extensions>
          <speed>0.973</speed>
        </extensions>
      </trkpt>
      <trkpt lat="55.6049517" lon="27.4957783">
        <ele>135.4</ele>
        <time>2023-01-28T03:53:08Z</time>
        <hdop>2.2</hdop>
        <extensions>
          <speed>0.976</speed>
        </extensions>
      </trkpt>
      <trkpt lat="55.60501" lon="27.4957483">
        <ele>135.6</ele>
        <time>2023-01-28T03:53:14Z</time>
        <hdop>2.3</hdop>
      </trkpt>
      <trkpt lat="55.6050333" lon="27.4956567">
        <ele>136.1</ele>
        <time>2023-01-28T03:53:20Z</time>
        <hdop>2.5</hdop>
        <extensions>
          <speed>0.534</speed>
        </extensions>
      </trkpt>
      <trkpt lat="55.6050783" lon="27.4956467">
        <ele>135.6</ele>
        <time>2023-01-28T03:53:25Z</time>
        <hdop>2.7</hdop>
      </trkpt>
      <trkpt lat="55.60512" lon="27.4956383">
        <ele>135.4</ele>
        <time>2023-01-28T03:53:31Z</time>
        <hdop>3</hdop>
      </trkpt>
      <trkpt lat="55.6051767" lon="27.4955517">
        <ele>134.6</ele>
        <time>2023-01-28T03:53:36Z</time>
        <hdop>2.9</hdop>
      </trkpt>
      <trkpt lat="55.605255" lon="27.4955">
        <ele>132</ele>
        <time>2023-01-28T03:53:42Z</time>
        <hdop>2.9</hdop>
      </trkpt>
      <trkpt lat="55.6053067" lon="27.4954717">
        <ele>131.1</ele>
        <time>2023-01-28T03:53:47Z</time>
        <hdop>2.9</hdop>
      </trkpt>
      <trkpt lat="55.605375" lon="27.495395">
        <ele>130.1</ele>
        <time>2023-01-28T03:53:53Z</time>
        <hdop>2.8</hdop>
      </trkpt>
      <trkpt lat="55.6054433" lon="27.49535">
        <ele>128.5</ele>
        <time>2023-01-28T03:53:58Z</time>
        <hdop>2.9</hdop>
      </trkpt>
      <trkpt lat="55.60548" lon="27.495245">
        <ele>127.6</ele>
        <time>2023-01-28T03:54:03Z</time>
        <hdop>2.8</hdop>
        <extensions>
          <speed>1.043</speed>
        </extensions>
      </trkpt>
      <trkpt lat="55.6055283" lon="27.4951883">
        <ele>127.2</ele>
        <time>2023-01-28T03:54:08Z</time>
        <hdop>2.8</hdop>
        <extensions>
          <speed>0.776</speed>
        </extensions>
      </trkpt>
      <trkpt lat="55.6055433" lon="27.4950783">
        <ele>128.7</ele>
        <time>2023-01-28T03:54:14Z</time>
        <hdop>2.7</hdop>
      </trkpt>
      <trkpt lat="55.6056033" lon="27.4950567">
        <ele>130.3</ele>
        <time>2023-01-28T03:54:20Z</time>
        <hdop>2.7</hdop>
      </trkpt>
      <trkpt lat="55.6056217" lon="27.49505">
        <ele>131.8</ele>
        <time>2023-01-28T03:54:26Z</time>
        <hdop>2.7</hdop>
      </trkpt>
      <trkpt lat="55.6056383" lon="27.49502">
        <ele>134.2</ele>
        <time>2023-01-28T03:54:31Z</time>
        <hdop>2.6</hdop>
        <extensions>
          <speed>0.407</speed>
        </extensions>
      </trkpt>
      <trkpt lat="55.605665" lon="27.4949967">
        <ele>138.9</ele>
        <time>2023-01-28T03:54:37Z</time>
        <hdop>2.2</hdop>
        <extensions>
          <speed>0.387</speed>
        </extensions>
      </trkpt>
      <trkpt lat="55.605715" lon="27.4948983">
        <ele>143</ele>
        <time>2023-01-28T03:54:43Z</time>
        <hdop>2</hdop>
        <extensions>
          <speed>0.87</speed>
        </extensions>
      </trkpt>
      <trkpt lat="55.6057133" lon="27.49482">
        <ele>142.9</ele>
        <time>2023-01-28T03:54:48Z</time>
        <hdop>2.1</hdop>
        <extensions>
          <speed>1.058</speed>
        </extensions>
      </trkpt>
      <trkpt lat="55.6057383" lon="27.4947333">
        <ele>139.9</ele>
        <time>2023-01-28T03:54:54Z</time>
        <hdop>2</hdop>
        <extensions>
          <speed>0.887</speed>
        </extensions>
      </trkpt>
      <trkpt lat="55.6057667" lon="27.4946983">
        <ele>138.1</ele>
        <time>2023-01-28T03:55:00Z</time>
        <hdop>2.1</hdop>
      </trkpt>
      <trkpt lat="55.605805" lon="27.4946317">
        <ele>135.8</ele>
        <time>2023-01-28T03:55:06Z</time>
        <hdop>2.3</hdop>
      </trkpt>
      <trkpt lat="55.605825" lon="27.4945217">
        <ele>135.4</ele>
        <time>2023-01-28T03:55:12Z</time>
        <hdop>2.3</hdop>
        <extensions>
          <speed>0.926</speed>
        </extensions>
      </trkpt>
      <trkpt lat="55.605865" lon="27.49438">
        <ele>135.3</ele>
        <time>2023-01-28T03:55:18Z</time>
        <hdop>2.2</hdop>
        <extensions>
          <speed>1.204</speed>
        </extensions>
      </trkpt>
      <trkpt lat="55.605925" lon="27.4943083">
        <ele>134.4</ele>
        <time>2023-01-28T03:55:24Z</time>
        <hdop>2.3</hdop>
        <extensions>
          <speed>1.325</speed>
        </extensions>
      </trkpt>
      <trkpt lat="55.6059367" lon="27.4942">
        <ele>134.1</ele>
        <time>2023-01-28T03:55:29Z</time>
        <hdop>2.3</hdop>
        <extensions>
          <speed>1.219</speed>
        </extensions>
      </trkpt>
      <trkpt lat="55.6059817" lon="27.4941517">
        <ele>134.1</ele>
        <time>2023-01-28T03:55:34Z</time>
        <hdop>2.5</hdop>
        <extensions>
          <speed>1.066</speed>
        </extensions>
      </trkpt>
      <trkpt lat="55.6060283" lon="27.4941">
        <ele>134</ele>
        <time>2023-01-28T03:55:40Z</time>
        <hdop>2.7</hdop>
        <extensions>
          <speed>0.83</speed>
        </extensions>
      </trkpt>
      <trkpt lat="55.60611" lon="27.4940883">
        <ele>133.4</ele>
        <time>2023-01-28T03:55:46Z</time>
        <hdop>2.7</hdop>
      </trkpt>
      <trkpt lat="55.6061583" lon="27.4940433">
        <ele>132.5</ele>
        <time>2023-01-28T03:55:51Z</time>
        <hdop>2.7</hdop>
      </trkpt>
      <trkpt lat="55.6062017" lon="27.493955">
        <ele>131.6</ele>
        <time>2023-01-28T03:55:56Z</time>
        <hdop>2.8</hdop>
        <extensions>
          <speed>0.901</speed>
        </extensions>
      </trkpt>
      <trkpt lat="55.60624" lon="27.493895">
        <ele>130.5</ele>
        <time>2023-01-28T03:56:01Z</time>
        <hdop>2.8</hdop>
      </trkpt>
      <trkpt lat="55.6062683" lon="27.493765">
        <ele>129.4</ele>
        <time>2023-01-28T03:56:07Z</time>
        <hdop>2.9</hdop>
        <extensions>
          <speed>1.05</speed>
        </extensions>
      </trkpt>
      <trkpt lat="55.6063" lon="27.4936483">
        <ele>128.4</ele>
        <time>2023-01-28T03:56:13Z</time>
        <hdop>2.9</hdop>
      </trkpt>
      <trkpt lat="55.6063" lon="27.4935433">
        <ele>127.9</ele>
        <time>2023-01-28T03:56:18Z</time>
        <hdop>2.9</hdop>
      </trkpt>
      <trkpt lat="55.6063233" lon="27.4934433">
        <ele>127.4</ele>
        <time>2023-01-28T03:56:24Z</time>
        <hdop>3</hdop>
      </trkpt>
      <trkpt lat="55.60637" lon="27.4933917">
        <ele>127</ele>
        <time>2023-01-28T03:56:29Z</time>
        <hdop>3</hdop>
      </trkpt>
      <trkpt lat="55.6064233" lon="27.4933183">
        <ele>126.7</ele>
        <time>2023-01-28T03:56:35Z</time>
        <hdop>3</hdop>
      </trkpt>
      <trkpt lat="55.60646" lon="27.4932067">
        <ele>126.2</ele>
        <time>2023-01-28T03:56:41Z</time>
        <hdop>2.9</hdop>
        <extensions>
          <speed>0.805</speed>
        </extensions>
      </trkpt>
      <trkpt lat="55.6064917" lon="27.4931417">
        <ele>126.3</ele>
        <time>2023-01-28T03:56:46Z</time>
        <hdop>3</hdop>
        <extensions>
          <speed>0.728</speed>
        </extensions>
      </trkpt>
      <trkpt lat="55.6065167" lon="27.49303">
        <ele>125.8</ele>
        <time>2023-01-28T03:56:52Z</time>
        <hdop>3</hdop>
      </trkpt>
      <trkpt lat="55.6065433" lon="27.4929383">
        <ele>125.8</ele>
        <time>2023-01-28T03:56:58Z</time>
        <hdop>3</hdop>
        <extensions>
          <speed>0.556</speed>
        </extensions>
      </trkpt>
      <trkpt lat="55.6065783" lon="27.4928567">
        <ele>126</ele>
        <time>2023-01-28T03:57:03Z</time>
        <hdop>2.9</hdop>
        <extensions>
          <speed>0.54</speed>
        </extensions>
      </trkpt>
      <trkpt lat="55.6066117" lon="27.4928117">
        <ele>126.3</ele>
        <time>2023-01-28T03:57:08Z</time>
        <hdop>2.9</hdop>
        <extensions>
          <speed>0.535</speed>
        </extensions>
      </trkpt>
      <trkpt lat="55.60664" lon="27.4926667">
        <ele>127.3</ele>
        <time>2023-01-28T03:57:14Z</time>
        <hdop>3</hdop>
        <extensions>
          <speed>0.607</speed>
        </extensions>
      </trkpt>
      <trkpt lat="55.6066483" lon="27.492565">
        <ele>128.2</ele>
        <time>2023-01-28T03:57:20Z</time>
        <hdop>3.2</hdop>
      </trkpt>
      <trkpt lat="55.606725" lon="27.4924417">
        <ele>130.2</ele>
        <time>2023-01-28T03:57:26Z</time>
        <hdop>3</hdop>
        <extensions>
          <speed>0.91</speed>
        </extensions>
      </trkpt>
      <trkpt lat="55.6067717" lon="27.4923467">
        <ele>131.4</ele>
        <time>2023-01-28T03:57:32Z</time>
        <hdop>2.5</hdop>
        <extensions>
          <speed>0.911</speed>
        </extensions>
      </trkpt>
      <trkpt lat="55.6068283" lon="27.4923533">
        <ele>136.1</ele>
        <time>2023-01-28T03:57:38Z</time>
        <hdop>2</hdop>
        <extensions>
          <speed>0.591</speed>
        </extensions>
      </trkpt>
      <trkpt lat="55.6068417" lon="27.4923883">
        <ele>135.3</ele>
        <time>2023-01-28T03:57:44Z</time>
        <hdop>1.7</hdop>
      </trkpt>
      <trkpt lat="55.606885" lon="27.4924517">
        <ele>135.2</ele>
        <time>2023-01-28T03:57:50Z</time>
        <hdop>2</hdop>
        <extensions>
          <speed>0.732</speed>
        </extensions>
      </trkpt>
      <trkpt lat="55.6068967" lon="27.4925683">
        <ele>134.9</ele>
        <time>2023-01-28T03:57:55Z</time>
        <hdop>2.3</hdop>
      </trkpt>
      <trkpt lat="55.606915" lon="27.49266">
        <ele>135</ele>
        <time>2023-01-28T03:58:00Z</time>
        <hdop>2.4</hdop>
      </trkpt>
      <trkpt lat="55.6069317" lon="27.492635">
        <ele>135</ele>
        <time>2023-01-28T03:58:08Z</time>
        <hdop>2.3</hdop>
        <extensions>
          <speed>0.576</speed>
        </extensions>
      </trkpt>
      <trkpt lat="55.6070033" lon="27.4925917">
        <ele>135.3</ele>
        <time>2023-01-28T03:58:14Z</time>
        <hdop>2.5</hdop>
      </trkpt>
      <trkpt lat="55.6069917" lon="27.4926967">
        <ele>137.8</ele>
        <time>2023-01-28T03:58:20Z</time>
        <hdop>2.4</hdop>
        <extensions>
          <speed>0.851</speed>
        </extensions>
      </trkpt>
      <trkpt lat="55.6069383" lon="27.4927867">
        <ele>140.2</ele>
        <time>2023-01-28T03:58:26Z</time>
        <hdop>2.5</hdop>
        <extensions>
          <speed>1.188</speed>
        </extensions>
      </trkpt>
      <trkpt lat="55.6069633" lon="27.4928867">
        <ele>142.5</ele>
        <time>2023-01-28T03:58:32Z</time>
        <hdop>2.7</hdop>
        <extensions>
          <speed>1.294</speed>
        </extensions>
      </trkpt>
      <trkpt lat="55.607025" lon="27.4930383">
        <ele>142.5</ele>
        <time>2023-01-28T03:58:38Z</time>
        <hdop>2.7</hdop>
        <extensions>
          <speed>1.34</speed>
        </extensions>
      </trkpt>
      <trkpt lat="55.60705" lon="27.4930817">
        <ele>141.3</ele>
        <time>2023-01-28T03:58:44Z</time>
        <hdop>2.5</hdop>
        <extensions>
          <speed>0.728</speed>
        </extensions>
      </trkpt>
      <trkpt lat="55.6070783" lon="27.4930783">
        <ele>137.9</ele>
        <time>2023-01-28T03:58:50Z</time>
        <hdop>2.3</hdop>
        <extensions>
          <speed>0.602</speed>
        </extensions>
      </trkpt>
      <trkpt lat="55.6070717" lon="27.4931267">
        <ele>141.6</ele>
        <time>2023-01-28T03:59:00Z</time>
        <hdop>2</hdop>
        <extensions>
          <speed>0.744</speed>
        </extensions>
      </trkpt>
      <trkpt lat="55.6070817" lon="27.4932167">
        <ele>145.6</ele>
        <time>2023-01-28T03:59:06Z</time>
        <hdop>2.3</hdop>
        <extensions>
          <speed>1.004</speed>
        </extensions>
      </trkpt>
      <trkpt lat="55.6070717" lon="27.4931783">
        <ele>146.6</ele>
        <time>2023-01-28T03:59:12Z</time>
        <hdop>2.1</hdop>
      </trkpt>
      <trkpt lat="55.60708" lon="27.4931167">
        <ele>144.8</ele>
        <time>2023-01-28T03:59:17Z</time>
        <hdop>2.2</hdop>
      </trkpt>
      <trkpt lat="55.6071083" lon="27.4930617">
        <ele>143.4</ele>
        <time>2023-01-28T03:59:23Z</time>
        <hdop>2.6</hdop>
      </trkpt>
      <trkpt lat="55.6071483" lon="27.4930267">
        <ele>142.7</ele>
        <time>2023-01-28T03:59:28Z</time>
        <hdop>2.7</hdop>
        <extensions>
          <speed>0.418</speed>
        </extensions>
      </trkpt>
      <trkpt lat="55.60719" lon="27.4929633">
        <ele>142</ele>
        <time>2023-01-28T03:59:33Z</time>
        <hdop>2.1</hdop>
        <extensions>
          <speed>0.486</speed>
        </extensions>
      </trkpt>
      <trkpt lat="55.6072183" lon="27.492905">
        <ele>141.2</ele>
        <time>2023-01-28T03:59:39Z</time>
        <hdop>2.1</hdop>
        <extensions>
          <speed>0.467</speed>
        </extensions>
      </trkpt>
      <trkpt lat="55.607235" lon="27.492885">
        <ele>140.5</ele>
        <time>2023-01-28T03:59:44Z</time>
        <hdop>2.2</hdop>
      </trkpt>
      <trkpt lat="55.6072517" lon="27.492915">
        <ele>139.8</ele>
        <time>2023-01-28T03:59:51Z</time>
        <hdop>1.9</hdop>
        <extensions>
          <speed>0.369</speed>
        </extensions>
      </trkpt>
      <trkpt lat="55.6072733" lon="27.4929767">
        <ele>140.5</ele>
        <time>2023-01-28T03:59:57Z</time>
        <hdop>2.1</hdop>
        <extensions>
          <speed>0.416</speed>
        </extensions>
      </trkpt>
      <trkpt lat="55.6072583" lon="27.4929967">
        <ele>141.1</ele>
        <time>2023-01-28T04:00:03Z</time>
        <hdop>1.5</hdop>
        <extensions>
          <speed>0.339</speed>
        </extensions>
      </trkpt>
      <trkpt lat="55.6072333" lon="27.4929683">
        <ele>141</ele>
        <time>2023-01-28T04:00:08Z</time>
        <hdop>1.7</hdop>
        <extensions>
          <speed>0.429</speed>
        </extensions>
      </trkpt>
      <trkpt lat="55.6071883" lon="27.4929417">
        <ele>140.7</ele>
        <time>2023-01-28T04:00:14Z</time>
        <hdop>2</hdop>
        <extensions>
          <speed>0.559</speed>
        </extensions>
      </trkpt>
      <trkpt lat="55.60717" lon="27.492965">
        <ele>140.9</ele>
        <time>2023-01-28T04:00:20Z</time>
        <hdop>1.7</hdop>
      </trkpt>
      <trkpt lat="55.6071133" lon="27.4930167">
        <ele>141.2</ele>
        <time>2023-01-28T04:00:26Z</time>
        <hdop>2.1</hdop>
        <extensions>
          <speed>0.763</speed>
        </extensions>
      </trkpt>
      <trkpt lat="55.6070583" lon="27.4930317">
        <ele>141.6</ele>
        <time>2023-01-28T04:00:31Z</time>
        <hdop>2</hdop>
        <extensions>
          <speed>0.987</speed>
        </extensions>
      </trkpt>
      <trkpt lat="55.60702" lon="27.4930233">
        <ele>142.3</ele>
        <time>2023-01-28T04:00:37Z</time>
        <hdop>2.1</hdop>
      </trkpt>
      <trkpt lat="55.607005" lon="27.49297">
        <ele>142.3</ele>
        <time>2023-01-28T04:00:42Z</time>
        <hdop>2.2</hdop>
        <extensions>
          <speed>0.682</speed>
        </extensions>
      </trkpt>
      <trkpt lat="55.6069583" lon="27.4928233">
        <ele>141.8</ele>
        <time>2023-01-28T04:00:48Z</time>
        <hdop>2.1</hdop>
        <extensions>
          <speed>0.9</speed>
        </extensions>
      </trkpt>
      <trkpt lat="55.6069267" lon="27.4927">
        <ele>141.3</ele>
        <time>2023-01-28T04:00:53Z</time>
        <hdop>2.1</hdop>
        <extensions>
          <speed>1.117</speed>
        </extensions>
      </trkpt>
      <trkpt lat="55.606905" lon="27.49258">
        <ele>140.5</ele>
        <time>2023-01-28T04:00:59Z</time>
        <hdop>2.4</hdop>
        <extensions>
          <speed>1.216</speed>
        </extensions>
      </trkpt>
      <trkpt lat="55.60688" lon="27.49255">
        <ele>139.8</ele>
        <time>2023-01-28T04:01:04Z</time>
        <hdop>2.3</hdop>
        <extensions>
          <speed>0.901</speed>
        </extensions>
      </trkpt>
      <trkpt lat="55.60689" lon="27.492515">
        <ele>140.3</ele>
        <time>2023-01-28T04:01:10Z</time>
        <hdop>2.2</hdop>
        <extensions>
          <speed>0.453</speed>
        </extensions>
      </trkpt>
      <trkpt lat="55.60689" lon="27.4924633">
        <ele>140.7</ele>
        <time>2023-01-28T04:01:18Z</time>
        <hdop>2.3</hdop>
        <extensions>
          <speed>0.225</speed>
        </extensions>
      </trkpt>
      <trkpt lat="55.6068583" lon="27.4923833">
        <ele>141.1</ele>
        <time>2023-01-28T04:01:23Z</time>
        <hdop>2.2</hdop>
        <extensions>
          <speed>0.415</speed>
        </extensions>
      </trkpt>
      <trkpt lat="55.60689" lon="27.4922433">
        <ele>140.5</ele>
        <time>2023-01-28T04:01:29Z</time>
        <hdop>2.5</hdop>
      </trkpt>
      <trkpt lat="55.6069217" lon="27.4922017">
        <ele>140.5</ele>
        <time>2023-01-28T04:01:34Z</time>
        <hdop>2.9</hdop>
        <extensions>
          <speed>0.768</speed>
        </extensions>
      </trkpt>
      <trkpt lat="55.607" lon="27.4921817">
        <ele>141.3</ele>
        <time>2023-01-28T04:01:40Z</time>
        <hdop>3.1</hdop>
      </trkpt>
      <trkpt lat="55.6070067" lon="27.4920967">
        <ele>141.5</ele>
        <time>2023-01-28T04:01:45Z</time>
        <hdop>3.1</hdop>
        <extensions>
          <speed>0.743</speed>
        </extensions>
      </trkpt>
      <trkpt lat="55.6070633" lon="27.4920317">
        <ele>141.8</ele>
        <time>2023-01-28T04:01:50Z</time>
        <hdop>3.1</hdop>
      </trkpt>
      <trkpt lat="55.6071367" lon="27.4919617">
        <ele>141.9</ele>
        <time>2023-01-28T04:01:56Z</time>
        <hdop>3.2</hdop>
      </trkpt>
      <trkpt lat="55.607225" lon="27.4917983">
        <ele>142.2</ele>
        <time>2023-01-28T04:02:02Z</time>
        <hdop>2.6</hdop>
      </trkpt>
      <trkpt lat="55.6072517" lon="27.49174">
        <ele>141.3</ele>
        <time>2023-01-28T04:02:07Z</time>
        <hdop>2.1</hdop>
      </trkpt>
      <trkpt lat="55.6073" lon="27.4917517">
        <ele>141.5</ele>
        <time>2023-01-28T04:02:13Z</time>
        <hdop>2.2</hdop>
        <extensions>
          <speed>0.299</speed>
        </extensions>
      </trkpt>
      <trkpt lat="55.6073583" lon="27.491705">
        <ele>140.9</ele>
        <time>2023-01-28T04:02:18Z</time>
        <hdop>2.3</hdop>
      </trkpt>
      <trkpt lat="55.6073967" lon="27.49166">
        <ele>141.3</ele>
        <time>2023-01-28T04:02:24Z</time>
        <hdop>2.5</hdop>
      </trkpt>
      <trkpt lat="55.60743" lon="27.4916483">
        <ele>141.4</ele>
        <time>2023-01-28T04:02:29Z</time>
        <hdop>2.1</hdop>
        <extensions>
          <speed>0.538</speed>
        </extensions>
      </trkpt>
      <trkpt lat="55.6074567" lon="27.4915833">
        <ele>140.9</ele>
        <time>2023-01-28T04:02:35Z</time>
        <hdop>2.2</hdop>
        <extensions>
          <speed>0.56</speed>
        </extensions>
      </trkpt>
      <trkpt lat="55.6074717" lon="27.4915367">
        <ele>140.9</ele>
        <time>2023-01-28T04:02:40Z</time>
        <hdop>2.3</hdop>
        <extensions>
          <speed>0.543</speed>
        </extensions>
      </trkpt>
      <trkpt lat="55.6075083" lon="27.4915417">
        <ele>141.4</ele>
        <time>2023-01-28T04:02:46Z</time>
        <hdop>2.4</hdop>
      </trkpt>
      <trkpt lat="55.60756" lon="27.49153">
        <ele>141.4</ele>
        <time>2023-01-28T04:02:53Z</time>
        <hdop>2.4</hdop>
        <extensions>
          <speed>0.344</speed>
        </extensions>
      </trkpt>
      <trkpt lat="55.6075783" lon="27.4915617">
        <ele>142.7</ele>
        <time>2023-01-28T04:02:59Z</time>
        <hdop>2.6</hdop>
      </trkpt>
      <trkpt lat="55.6076233" lon="27.4914967">
        <ele>142.5</ele>
        <time>2023-01-28T04:03:13Z</time>
        <hdop>2.9</hdop>
      </trkpt>
      <trkpt lat="55.607655" lon="27.4914317">
        <ele>142.3</ele>
        <time>2023-01-28T04:03:19Z</time>
        <hdop>3.2</hdop>
      </trkpt>
      <trkpt lat="55.6076867" lon="27.4914133">
        <ele>142.2</ele>
        <time>2023-01-28T04:03:24Z</time>
        <hdop>3.2</hdop>
      </trkpt>
      <trkpt lat="55.6077283" lon="27.491385">
        <ele>143</ele>
        <time>2023-01-28T04:03:30Z</time>
        <hdop>2.6</hdop>
      </trkpt>
      <trkpt lat="55.6077417" lon="27.4913133">
        <ele>145.1</ele>
        <time>2023-01-28T04:03:48Z</time>
        <hdop>2.1</hdop>
        <extensions>
          <speed>0.273</speed>
        </extensions>
      </trkpt>
      <trkpt lat="55.607765" lon="27.4912367">
        <ele>145.3</ele>
        <time>2023-01-28T04:03:54Z</time>
        <hdop>2.6</hdop>
      </trkpt>
      <trkpt lat="55.6077983" lon="27.49119">
        <ele>145</ele>
        <time>2023-01-28T04:04:00Z</time>
        <hdop>2.4</hdop>
        <extensions>
          <speed>0.626</speed>
        </extensions>
      </trkpt>
      <trkpt lat="55.607825" lon="27.491195">
        <ele>145.2</ele>
        <time>2023-01-28T04:04:06Z</time>
        <hdop>2.3</hdop>
      </trkpt>
      <trkpt lat="55.6078133" lon="27.49117">
        <ele>146.5</ele>
        <time>2023-01-28T04:04:13Z</time>
        <hdop>1.8</hdop>
      </trkpt>
      <trkpt lat="55.60782" lon="27.4911167">
        <ele>148.3</ele>
        <time>2023-01-28T04:04:19Z</time>
        <hdop>2.4</hdop>
      </trkpt>
      <trkpt lat="55.6078867" lon="27.4910367">
        <ele>149.1</ele>
        <time>2023-01-28T04:04:25Z</time>
        <hdop>2.4</hdop>
      </trkpt>
      <trkpt lat="55.6079367" lon="27.4909883">
        <ele>149.3</ele>
        <time>2023-01-28T04:04:30Z</time>
        <hdop>2.6</hdop>
      </trkpt>
      <trkpt lat="55.6079767" lon="27.49091">
        <ele>149.6</ele>
        <time>2023-01-28T04:04:36Z</time>
        <hdop>2.6</hdop>
      </trkpt>
      <trkpt lat="55.607995" lon="27.4909033">
        <ele>147.2</ele>
        <time>2023-01-28T04:04:44Z</time>
        <hdop>2.8</hdop>
      </trkpt>
      <trkpt lat="55.6079867" lon="27.490995">
        <ele>147.3</ele>
        <time>2023-01-28T04:04:50Z</time>
        <hdop>2.4</hdop>
        <extensions>
          <speed>0.439</speed>
        </extensions>
      </trkpt>
      <trkpt lat="55.6079083" lon="27.4910367">
        <ele>147.3</ele>
        <time>2023-01-28T04:04:56Z</time>
        <hdop>2.2</hdop>
      </trkpt>
      <trkpt lat="55.607845" lon="27.4911067">
        <ele>146.6</ele>
        <time>2023-01-28T04:05:16Z</time>
        <hdop>1.6</hdop>
        <extensions>
          <speed>0.31</speed>
        </extensions>
      </trkpt>
      <trkpt lat="55.6078183" lon="27.4911367">
        <ele>146.7</ele>
        <time>2023-01-28T04:05:22Z</time>
        <hdop>1.8</hdop>
      </trkpt>
      <trkpt lat="55.6077783" lon="27.4910983">
        <ele>146.5</ele>
        <time>2023-01-28T04:05:28Z</time>
        <hdop>1.8</hdop>
      </trkpt>
      <trkpt lat="55.6077933" lon="27.490995">
        <ele>145.6</ele>
        <time>2023-01-28T04:05:42Z</time>
        <hdop>2</hdop>
        <extensions>
          <speed>0.273</speed>
        </extensions>
      </trkpt>
      <trkpt lat="55.6078433" lon="27.4909683">
        <ele>145.1</ele>
        <time>2023-01-28T04:05:56Z</time>
        <hdop>2.1</hdop>
        <extensions>
          <speed>0.21</speed>
        </extensions>
      </trkpt>
      <trkpt lat="55.60786" lon="27.4910117">
        <ele>144.9</ele>
        <time>2023-01-28T04:06:01Z</time>
        <hdop>2.2</hdop>
        <extensions>
          <speed>0.365</speed>
        </extensions>
      </trkpt>
      <trkpt lat="55.6078783" lon="27.4910183">
        <ele>145</ele>
        <time>2023-01-28T04:06:06Z</time>
        <hdop>2.2</hdop>
      </trkpt>
      <trkpt lat="55.6078033" lon="27.49101">
        <ele>140.8</ele>
        <time>2023-01-28T04:07:50Z</time>
        <hdop>1.7</hdop>
        <extensions>
          <speed>0.257</speed>
        </extensions>
      </trkpt>
      <trkpt lat="55.60777" lon="27.4909833">
        <ele>141.8</ele>
        <time>2023-01-28T04:08:04Z</time>
        <hdop>1.5</hdop>
        <extensions>
          <speed>0.214</speed>
        </extensions>
      </trkpt>
      <trkpt lat="55.6078017" lon="27.4909733">
        <ele>142</ele>
        <time>2023-01-28T04:08:10Z</time>
        <hdop>2.1</hdop>
        <extensions>
          <speed>0.329</speed>
        </extensions>
      </trkpt>
      <trkpt lat="55.6078117" lon="27.490935">
        <ele>142.2</ele>
        <time>2023-01-28T04:08:15Z</time>
        <hdop>2</hdop>
      </trkpt>
      <trkpt lat="55.607795" lon="27.4909">
        <ele>142.1</ele>
        <time>2023-01-28T04:08:25Z</time>
        <hdop>2.2</hdop>
      </trkpt>
      <trkpt lat="55.6077917" lon="27.4909367">
        <ele>141.7</ele>
        <time>2023-01-28T04:08:31Z</time>
        <hdop>2</hdop>
      </trkpt>
      <trkpt lat="55.60788" lon="27.4909783">
        <ele>140.8</ele>
        <time>2023-01-28T04:08:52Z</time>
        <hdop>2</hdop>
        <extensions>
          <speed>0.41</speed>
        </extensions>
      </trkpt>
      <trkpt lat="55.607815" lon="27.4909667">
        <ele>140.4</ele>
        <time>2023-01-28T04:09:36Z</time>
        <hdop>2.1</hdop>
      </trkpt>
      <trkpt lat="55.6078117" lon="27.4909317">
        <ele>140.7</ele>
        <time>2023-01-28T04:09:48Z</time>
        <hdop>1.8</hdop>
      </trkpt>
      <trkpt lat="55.6078183" lon="27.4908967">
        <ele>140.9</ele>
        <time>2023-01-28T04:09:54Z</time>
        <hdop>2.6</hdop>
      </trkpt>
      <trkpt lat="55.6079" lon="27.4909817">
        <ele>140.5</ele>
        <time>2023-01-28T04:10:11Z</time>
        <hdop>2.6</hdop>
      </trkpt>
      <trkpt lat="55.6078883" lon="27.491015">
        <ele>139.6</ele>
        <time>2023-01-28T04:10:16Z</time>
        <hdop>2.2</hdop>
      </trkpt>
      <trkpt lat="55.60786" lon="27.490995">
        <ele>139.1</ele>
        <time>2023-01-28T04:10:49Z</time>
        <hdop>2.2</hdop>
      </trkpt>
      <trkpt lat="55.6078267" lon="27.491035">
        <ele>139.1</ele>
        <time>2023-01-28T04:11:00Z</time>
        <hdop>1.5</hdop>
        <extensions>
          <speed>0.327</speed>
        </extensions>
      </trkpt>
      <trkpt lat="55.6078333" lon="27.491115">
        <ele>139.9</ele>
        <time>2023-01-28T04:11:06Z</time>
        <hdop>1.9</hdop>
        <extensions>
          <speed>0.585</speed>
        </extensions>
      </trkpt>
      <trkpt lat="55.6078033" lon="27.4911567">
        <ele>140</ele>
        <time>2023-01-28T04:11:11Z</time>
        <hdop>1.9</hdop>
        <extensions>
          <speed>0.496</speed>
        </extensions>
      </trkpt>
      <trkpt lat="55.607795" lon="27.491185">
        <ele>140.2</ele>
        <time>2023-01-28T04:11:17Z</time>
        <hdop>1.7</hdop>
      </trkpt>
      <trkpt lat="55.6077833" lon="27.4912367">
        <ele>140.6</ele>
        <time>2023-01-28T04:11:25Z</time>
        <hdop>1.9</hdop>
        <extensions>
          <speed>0.293</speed>
        </extensions>
      </trkpt>
      <trkpt lat="55.6077767" lon="27.491315">
        <ele>140.4</ele>
        <time>2023-01-28T04:11:40Z</time>
        <hdop>2</hdop>
        <extensions>
          <speed>0.245</speed>
        </extensions>
      </trkpt>
      <trkpt lat="55.6078217" lon="27.4913067">
        <ele>140.7</ele>
        <time>2023-01-28T04:11:45Z</time>
        <hdop>2</hdop>
        <extensions>
          <speed>0.442</speed>
        </extensions>
      </trkpt>
      <trkpt lat="55.6078733" lon="27.4912917">
        <ele>141.2</ele>
        <time>2023-01-28T04:11:50Z</time>
        <hdop>2</hdop>
      </trkpt>
      <trkpt lat="55.60792" lon="27.491285">
        <ele>141.4</ele>
        <time>2023-01-28T04:11:56Z</time>
        <hdop>2.1</hdop>
      </trkpt>
      <trkpt lat="55.6079433" lon="27.491265">
        <ele>141.8</ele>
        <time>2023-01-28T04:12:02Z</time>
        <hdop>2</hdop>
        <extensions>
          <speed>0.256</speed>
        </extensions>
      </trkpt>
      <trkpt lat="55.607945" lon="27.4912183">
        <ele>142.2</ele>
        <time>2023-01-28T04:12:08Z</time>
        <hdop>2.1</hdop>
      </trkpt>
      <trkpt lat="55.6079033" lon="27.4911383">
        <ele>141.2</ele>
        <time>2023-01-28T04:12:14Z</time>
        <hdop>2</hdop>
      </trkpt>
      <trkpt lat="55.6079083" lon="27.491105">
        <ele>141.1</ele>
        <time>2023-01-28T04:12:20Z</time>
        <hdop>2.3</hdop>
      </trkpt>
      <trkpt lat="55.6078767" lon="27.49108">
        <ele>141.1</ele>
        <time>2023-01-28T04:12:35Z</time>
        <hdop>2</hdop>
        <extensions>
          <speed>0.248</speed>
        </extensions>
      </trkpt>
      <trkpt lat="55.60785" lon="27.4910833">
        <ele>140.8</ele>
        <time>2023-01-28T04:12:40Z</time>
        <hdop>1.9</hdop>
      </trkpt>
      <trkpt lat="55.6078667" lon="27.4909417">
        <ele>141.8</ele>
        <time>2023-01-28T04:13:04Z</time>
        <hdop>2.1</hdop>
        <extensions>
          <speed>0.3</speed>
        </extensions>
      </trkpt>
      <trkpt lat="55.6078483" lon="27.49094">
        <ele>141.5</ele>
        <time>2023-01-28T04:13:09Z</time>
        <hdop>2</hdop>
      </trkpt>
      <trkpt lat="55.6078367" lon="27.490985">
        <ele>140.3</ele>
        <time>2023-01-28T04:13:54Z</time>
        <hdop>2.3</hdop>
      </trkpt>
      <trkpt lat="55.6078467" lon="27.4909333">
        <ele>139.9</ele>
        <time>2023-01-28T04:14:06Z</time>
        <hdop>2.4</hdop>
      </trkpt>
      <trkpt lat="55.6078467" lon="27.490975">
        <ele>139.4</ele>
        <time>2023-01-28T04:14:12Z</time>
        <hdop>2.1</hdop>
      </trkpt>
      <trkpt lat="55.6078483" lon="27.4910183">
        <ele>139.9</ele>
        <time>2023-01-28T04:14:32Z</time>
        <hdop>2.2</hdop>
        <extensions>
          <speed>0.286</speed>
        </extensions>
      </trkpt>
      <trkpt lat="55.60787" lon="27.4909217">
        <ele>139.3</ele>
        <time>2023-01-28T04:14:46Z</time>
        <hdop>2.4</hdop>
      </trkpt>
      <trkpt lat="55.6079" lon="27.4909133">
        <ele>139.6</ele>
        <time>2023-01-28T04:14:52Z</time>
        <hdop>2.4</hdop>
      </trkpt>
      <trkpt lat="55.607925" lon="27.4909067">
        <ele>138.9</ele>
        <time>2023-01-28T04:14:58Z</time>
        <hdop>2.4</hdop>
      </trkpt>
      <trkpt lat="55.6079583" lon="27.4909383">
        <ele>138.5</ele>
        <time>2023-01-28T04:15:09Z</time>
        <hdop>2</hdop>
        <extensions>
          <speed>0.274</speed>
        </extensions>
      </trkpt>
      <trkpt lat="55.6079817" lon="27.4909167">
        <ele>138.6</ele>
        <time>2023-01-28T04:15:15Z</time>
        <hdop>2.2</hdop>
        <extensions>
          <speed>0.397</speed>
        </extensions>
      </trkpt>
      <trkpt lat="55.608015" lon="27.49089">
        <ele>138.6</ele>
        <time>2023-01-28T04:15:20Z</time>
        <hdop>2.2</hdop>
        <extensions>
          <speed>0.445</speed>
        </extensions>
      </trkpt>
      <trkpt lat="55.6080367" lon="27.4908433">
        <ele>138.9</ele>
        <time>2023-01-28T04:15:26Z</time>
        <hdop>2.1</hdop>
        <extensions>
          <speed>0.458</speed>
        </extensions>
      </trkpt>
      <trkpt lat="55.6080183" lon="27.4908083">
        <ele>139</ele>
        <time>2023-01-28T04:15:31Z</time>
        <hdop>2.2</hdop>
      </trkpt>
      <trkpt lat="55.607995" lon="27.4907867">
        <ele>138.4</ele>
        <time>2023-01-28T04:15:39Z</time>
        <hdop>2</hdop>
        <extensions>
          <speed>0.225</speed>
        </extensions>
      </trkpt>
      <trkpt lat="55.607995" lon="27.4907267">
        <ele>138.4</ele>
        <time>2023-01-28T04:15:46Z</time>
        <hdop>2.2</hdop>
        <extensions>
          <speed>0.369</speed>
        </extensions>
      </trkpt>
      <trkpt lat="55.6080117" lon="27.490675">
        <ele>138.8</ele>
        <time>2023-01-28T04:15:51Z</time>
        <hdop>2</hdop>
        <extensions>
          <speed>0.429</speed>
        </extensions>
      </trkpt>
      <trkpt lat="55.60803" lon="27.4906567">
        <ele>138.9</ele>
        <time>2023-01-28T04:15:58Z</time>
        <hdop>1.8</hdop>
      </trkpt>
      <trkpt lat="55.60805" lon="27.4906">
        <ele>138.8</ele>
        <time>2023-01-28T04:16:03Z</time>
        <hdop>2.2</hdop>
      </trkpt>
      <trkpt lat="55.6080717" lon="27.4905833">
        <ele>138.7</ele>
        <time>2023-01-28T04:16:08Z</time>
        <hdop>2.3</hdop>
        <extensions>
          <speed>0.45</speed>
        </extensions>
      </trkpt>
      <trkpt lat="55.6080617" lon="27.4905467">
        <ele>138.9</ele>
        <time>2023-01-28T04:16:14Z</time>
        <hdop>2.2</hdop>
      </trkpt>
      <trkpt lat="55.6080267" lon="27.490425">
        <ele>140.8</ele>
        <time>2023-01-28T04:16:38Z</time>
        <hdop>2.6</hdop>
        <extensions>
          <speed>0.223</speed>
        </extensions>
      </trkpt>
      <trkpt lat="55.6080167" lon="27.4903833">
        <ele>142</ele>
        <time>2023-01-28T04:16:57Z</time>
        <hdop>2.2</hdop>
      </trkpt>
      <trkpt lat="55.60805" lon="27.4903917">
        <ele>142.9</ele>
        <time>2023-01-28T04:17:02Z</time>
        <hdop>2.1</hdop>
      </trkpt>
      <trkpt lat="55.608085" lon="27.4903983">
        <ele>143.2</ele>
        <time>2023-01-28T04:17:13Z</time>
        <hdop>1.9</hdop>
        <extensions>
          <speed>0.292</speed>
        </extensions>
      </trkpt>
      <trkpt lat="55.6081133" lon="27.4902417">
        <ele>143.2</ele>
        <time>2023-01-28T04:17:33Z</time>
        <hdop>2.1</hdop>
        <extensions>
          <speed>0.322</speed>
        </extensions>
      </trkpt>
      <trkpt lat="55.6081267" lon="27.4901883">
        <ele>143.2</ele>
        <time>2023-01-28T04:17:38Z</time>
        <hdop>2.3</hdop>
      </trkpt>
      <trkpt lat="55.6081517" lon="27.49021">
        <ele>143.2</ele>
        <time>2023-01-28T04:17:44Z</time>
        <hdop>2.2</hdop>
      </trkpt>
      <trkpt lat="55.6081817" lon="27.4902583">
        <ele>143.1</ele>
        <time>2023-01-28T04:17:57Z</time>
        <hdop>2.3</hdop>
      </trkpt>
      <trkpt lat="55.6082667" lon="27.4901733">
        <ele>142.7</ele>
        <time>2023-01-28T04:18:07Z</time>
        <hdop>2.2</hdop>
        <extensions>
          <speed>0.21</speed>
        </extensions>
      </trkpt>
      <trkpt lat="55.6082533" lon="27.4902417">
        <ele>143.2</ele>
        <time>2023-01-28T04:18:18Z</time>
        <hdop>1.8</hdop>
        <extensions>
          <speed>0.311</speed>
        </extensions>
      </trkpt>
      <trkpt lat="55.6082333" lon="27.4903033">
        <ele>144.6</ele>
        <time>2023-01-28T04:18:23Z</time>
        <hdop>2</hdop>
        <extensions>
          <speed>0.503</speed>
        </extensions>
      </trkpt>
      <trkpt lat="55.608225" lon="27.490265">
        <ele>145.7</ele>
        <time>2023-01-28T04:18:29Z</time>
        <hdop>2.1</hdop>
      </trkpt>
      <trkpt lat="55.6082283" lon="27.490225">
        <ele>145.7</ele>
        <time>2023-01-28T04:18:34Z</time>
        <hdop>2</hdop>
      </trkpt>
      <trkpt lat="55.6081967" lon="27.490065">
        <ele>145.6</ele>
        <time>2023-01-28T04:18:40Z</time>
        <hdop>1.9</hdop>
        <extensions>
          <speed>0.519</speed>
        </extensions>
      </trkpt>
      <trkpt lat="55.6081667" lon="27.489995">
        <ele>145.4</ele>
        <time>2023-01-28T04:18:46Z</time>
        <hdop>2.1</hdop>
        <extensions>
          <speed>0.49</speed>
        </extensions>
      </trkpt>
      <trkpt lat="55.6081633" lon="27.4899433">
        <ele>144.8</ele>
        <time>2023-01-28T04:18:57Z</time>
        <hdop>1.8</hdop>
        <extensions>
          <speed>0.249</speed>
        </extensions>
      </trkpt>
      <trkpt lat="55.6081517" lon="27.4898783">
        <ele>144.4</ele>
        <time>2023-01-28T04:19:02Z</time>
        <hdop>2.1</hdop>
      </trkpt>
      <trkpt lat="55.60811" lon="27.489795">
        <ele>143.3</ele>
        <time>2023-01-28T04:19:08Z</time>
        <hdop>1.9</hdop>
        <extensions>
          <speed>0.591</speed>
        </extensions>
      </trkpt>
      <trkpt lat="55.6080883" lon="27.4897283">
        <ele>142.6</ele>
        <time>2023-01-28T04:19:14Z</time>
        <hdop>1.9</hdop>
        <extensions>
          <speed>0.558</speed>
        </extensions>
      </trkpt>
      <trkpt lat="55.6080717" lon="27.4896483">
        <ele>141.1</ele>
        <time>2023-01-28T04:19:20Z</time>
        <hdop>1.8</hdop>
        <extensions>
          <speed>0.452</speed>
        </extensions>
      </trkpt>
      <trkpt lat="55.60806" lon="27.4896033">
        <ele>140.3</ele>
        <time>2023-01-28T04:19:26Z</time>
        <hdop>1.9</hdop>
      </trkpt>
      <trkpt lat="55.6080517" lon="27.4895667">
        <ele>140.2</ele>
        <time>2023-01-28T04:19:32Z</time>
        <hdop>2</hdop>
        <extensions>
          <speed>0.364</speed>
        </extensions>
      </trkpt>
      <trkpt lat="55.6080117" lon="27.4895383">
        <ele>139.5</ele>
        <time>2023-01-28T04:19:38Z</time>
        <hdop>2</hdop>
        <extensions>
          <speed>0.47</speed>
        </extensions>
      </trkpt>
      <trkpt lat="55.6080183" lon="27.4894967">
        <ele>138.9</ele>
        <time>2023-01-28T04:19:44Z</time>
        <hdop>1.9</hdop>
        <extensions>
          <speed>0.425</speed>
        </extensions>
      </trkpt>
      <trkpt lat="55.60801" lon="27.489435">
        <ele>138.6</ele>
        <time>2023-01-28T04:19:50Z</time>
        <hdop>1.8</hdop>
      </trkpt>
      <trkpt lat="55.607975" lon="27.4894">
        <ele>138.5</ele>
        <time>2023-01-28T04:19:56Z</time>
        <hdop>2</hdop>
        <extensions>
          <speed>0.469</speed>
        </extensions>
      </trkpt>
      <trkpt lat="55.6079183" lon="27.4893867">
        <ele>139</ele>
        <time>2023-01-28T04:20:02Z</time>
        <hdop>2.1</hdop>
        <extensions>
          <speed>0.697</speed>
        </extensions>
      </trkpt>
      <trkpt lat="55.6078867" lon="27.4893767">
        <ele>139.9</ele>
        <time>2023-01-28T04:20:08Z</time>
        <hdop>1.9</hdop>
        <extensions>
          <speed>0.714</speed>
        </extensions>
      </trkpt>
      <trkpt lat="55.6078533" lon="27.48935">
        <ele>140.2</ele>
        <time>2023-01-28T04:20:14Z</time>
        <hdop>2.1</hdop>
      </trkpt>
      <trkpt lat="55.6078467" lon="27.4893817">
        <ele>140.5</ele>
        <time>2023-01-28T04:20:20Z</time>
        <hdop>2.1</hdop>
      </trkpt>
      <trkpt lat="55.6078333" lon="27.4893083">
        <ele>140.7</ele>
        <time>2023-01-28T04:20:45Z</time>
        <hdop>2.2</hdop>
        <extensions>
          <speed>0.268</speed>
        </extensions>
      </trkpt>
      <trkpt lat="55.6077667" lon="27.48926">
        <ele>140</ele>
        <time>2023-01-28T04:20:50Z</time>
        <hdop>2.1</hdop>
        <extensions>
          <speed>0.654</speed>
        </extensions>
      </trkpt>
      <trkpt lat="55.607745" lon="27.4892167">
        <ele>139.8</ele>
        <time>2023-01-28T04:20:56Z</time>
        <hdop>1.9</hdop>
        <extensions>
          <speed>0.482</speed>
        </extensions>
      </trkpt>
      <trkpt lat="55.607725" lon="27.489195">
        <ele>139.7</ele>
        <time>2023-01-28T04:21:04Z</time>
        <hdop>2.1</hdop>
      </trkpt>
      <trkpt lat="55.6076617" lon="27.4892183">
        <ele>140</ele>
        <time>2023-01-28T04:21:10Z</time>
        <hdop>2.1</hdop>
        <extensions>
          <speed>0.413</speed>
        </extensions>
      </trkpt>
      <trkpt lat="55.607615" lon="27.4892083">
        <ele>139.3</ele>
        <time>2023-01-28T04:21:16Z</time>
        <hdop>2</hdop>
      </trkpt>
      <trkpt lat="55.607585" lon="27.4891633">
        <ele>138.4</ele>
        <time>2023-01-28T04:21:21Z</time>
        <hdop>2.1</hdop>
      </trkpt>
      <trkpt lat="55.6075967" lon="27.489135">
        <ele>138.4</ele>
        <time>2023-01-28T04:21:36Z</time>
        <hdop>2.1</hdop>
        <extensions>
          <speed>0.548</speed>
        </extensions>
      </trkpt>
      <trkpt lat="55.6076267" lon="27.4890967">
        <ele>137.8</ele>
        <time>2023-01-28T04:21:42Z</time>
        <hdop>2.2</hdop>
        <extensions>
          <speed>0.541</speed>
        </extensions>
      </trkpt>
      <trkpt lat="55.607615" lon="27.4890417">
        <ele>137.4</ele>
        <time>2023-01-28T04:21:47Z</time>
        <hdop>2.1</hdop>
      </trkpt>
      <trkpt lat="55.6075483" lon="27.4890117">
        <ele>137.4</ele>
        <time>2023-01-28T04:21:52Z</time>
        <hdop>2</hdop>
        <extensions>
          <speed>0.423</speed>
        </extensions>
      </trkpt>
      <trkpt lat="55.6075083" lon="27.4889483">
        <ele>137.4</ele>
        <time>2023-01-28T04:21:58Z</time>
        <hdop>2</hdop>
        <extensions>
          <speed>0.6</speed>
        </extensions>
      </trkpt>
      <trkpt lat="55.6075067" lon="27.488895">
        <ele>137.8</ele>
        <time>2023-01-28T04:22:04Z</time>
        <hdop>1.9</hdop>
        <extensions>
          <speed>0.486</speed>
        </extensions>
      </trkpt>
      <trkpt lat="55.6075183" lon="27.4888617">
        <ele>137.9</ele>
        <time>2023-01-28T04:22:10Z</time>
        <hdop>2</hdop>
      </trkpt>
      <trkpt lat="55.6075383" lon="27.48888">
        <ele>139</ele>
        <time>2023-01-28T04:22:24Z</time>
        <hdop>1.8</hdop>
        <extensions>
          <speed>0.395</speed>
        </extensions>
      </trkpt>
      <trkpt lat="55.6075233" lon="27.4888483">
        <ele>139.5</ele>
        <time>2023-01-28T04:22:33Z</time>
        <hdop>1.9</hdop>
        <extensions>
          <speed>0.589</speed>
        </extensions>
      </trkpt>
      <trkpt lat="55.60752" lon="27.4887733">
        <ele>139.1</ele>
        <time>2023-01-28T04:22:38Z</time>
        <hdop>1.9</hdop>
        <extensions>
          <speed>0.503</speed>
        </extensions>
      </trkpt>
      <trkpt lat="55.6075517" lon="27.48874">
        <ele>138.9</ele>
        <time>2023-01-28T04:22:44Z</time>
        <hdop>2</hdop>
        <extensions>
          <speed>0.527</speed>
        </extensions>
      </trkpt>
      <trkpt lat="55.6075533" lon="27.4886717">
        <ele>138.6</ele>
        <time>2023-01-28T04:22:50Z</time>
        <hdop>2</hdop>
        <extensions>
          <speed>0.633</speed>
        </extensions>
      </trkpt>
      <trkpt lat="55.6075517" lon="27.488635">
        <ele>139</ele>
        <time>2023-01-28T04:22:57Z</time>
        <hdop>2</hdop>
      </trkpt>
      <trkpt lat="55.6075533" lon="27.4886767">
        <ele>139.4</ele>
        <time>2023-01-28T04:23:02Z</time>
        <hdop>2</hdop>
      </trkpt>
      <trkpt lat="55.6075383" lon="27.4888117">
        <ele>139.8</ele>
        <time>2023-01-28T04:23:08Z</time>
        <hdop>2.2</hdop>
        <extensions>
          <speed>0.894</speed>
        </extensions>
      </trkpt>
      <trkpt lat="55.6075133" lon="27.4888967">
        <ele>140.4</ele>
        <time>2023-01-28T04:23:14Z</time>
        <hdop>2</hdop>
        <extensions>
          <speed>0.835</speed>
        </extensions>
      </trkpt>
      <trkpt lat="55.6074817" lon="27.48893">
        <ele>144.4</ele>
        <time>2023-01-28T04:25:27Z</time>
        <hdop>1.8</hdop>
      </trkpt>
      <trkpt lat="55.6074833" lon="27.4888917">
        <ele>145.5</ele>
        <time>2023-01-28T04:25:40Z</time>
        <hdop>2</hdop>
        <extensions>
          <speed>0.32</speed>
        </extensions>
      </trkpt>
      <trkpt lat="55.6075" lon="27.4887867">
        <ele>146.5</ele>
        <time>2023-01-28T04:25:46Z</time>
        <hdop>2.2</hdop>
      </trkpt>
      <trkpt lat="55.6075333" lon="27.488655">
        <ele>146.9</ele>
        <time>2023-01-28T04:25:51Z</time>
        <hdop>2.1</hdop>
        <extensions>
          <speed>0.863</speed>
        </extensions>
      </trkpt>
      <trkpt lat="55.6075433" lon="27.4885667">
        <ele>147.1</ele>
        <time>2023-01-28T04:25:56Z</time>
        <hdop>2.2</hdop>
        <extensions>
          <speed>0.895</speed>
        </extensions>
      </trkpt>
      <trkpt lat="55.607565" lon="27.4885333">
        <ele>146.9</ele>
        <time>2023-01-28T04:26:02Z</time>
        <hdop>2.2</hdop>
        <extensions>
          <speed>0.636</speed>
        </extensions>
      </trkpt>
      <trkpt lat="55.6075617" lon="27.4884533">
        <ele>146</ele>
        <time>2023-01-28T04:26:08Z</time>
        <hdop>2.3</hdop>
        <extensions>
          <speed>0.538</speed>
        </extensions>
      </trkpt>
      <trkpt lat="55.60757" lon="27.48838">
        <ele>144.6</ele>
        <time>2023-01-28T04:26:14Z</time>
        <hdop>2.3</hdop>
      </trkpt>
      <trkpt lat="55.6075783" lon="27.4883167">
        <ele>144</ele>
        <time>2023-01-28T04:26:20Z</time>
        <hdop>2.4</hdop>
      </trkpt>
      <trkpt lat="55.60759" lon="27.4882383">
        <ele>142.8</ele>
        <time>2023-01-28T04:26:25Z</time>
        <hdop>2.3</hdop>
        <extensions>
          <speed>0.545</speed>
        </extensions>
      </trkpt>
      <trkpt lat="55.607605" lon="27.4882017">
        <ele>141.3</ele>
        <time>2023-01-28T04:26:34Z</time>
        <hdop>2.3</hdop>
        <extensions>
          <speed>0.359</speed>
        </extensions>
      </trkpt>
      <trkpt lat="55.6076117" lon="27.4881483">
        <ele>141.1</ele>
        <time>2023-01-28T04:26:40Z</time>
        <hdop>2.1</hdop>
        <extensions>
          <speed>0.499</speed>
        </extensions>
      </trkpt>
      <trkpt lat="55.6076" lon="27.4880717">
        <ele>141.3</ele>
        <time>2023-01-28T04:26:46Z</time>
        <hdop>2.2</hdop>
      </trkpt>
      <trkpt lat="55.6076433" lon="27.4880283">
        <ele>142.1</ele>
        <time>2023-01-28T04:26:54Z</time>
        <hdop>2.2</hdop>
        <extensions>
          <speed>0.319</speed>
        </extensions>
      </trkpt>
      <trkpt lat="55.6076667" lon="27.4880117">
        <ele>142.1</ele>
        <time>2023-01-28T04:26:59Z</time>
        <hdop>2.2</hdop>
      </trkpt>
      <trkpt lat="55.6076783" lon="27.4879283">
        <ele>141.4</ele>
        <time>2023-01-28T04:27:20Z</time>
        <hdop>1.5</hdop>
        <extensions>
          <speed>0.307</speed>
        </extensions>
      </trkpt>
      <trkpt lat="55.6076967" lon="27.487905">
        <ele>141.3</ele>
        <time>2023-01-28T04:27:26Z</time>
        <hdop>1.9</hdop>
        <extensions>
          <speed>0.423</speed>
        </extensions>
      </trkpt>
      <trkpt lat="55.6077283" lon="27.4878567">
        <ele>141.3</ele>
        <time>2023-01-28T04:27:32Z</time>
        <hdop>1.9</hdop>
        <extensions>
          <speed>0.501</speed>
        </extensions>
      </trkpt>
      <trkpt lat="55.6077517" lon="27.48782">
        <ele>141.5</ele>
        <time>2023-01-28T04:27:38Z</time>
        <hdop>1.9</hdop>
        <extensions>
          <speed>0.595</speed>
        </extensions>
      </trkpt>
      <trkpt lat="55.6077817" lon="27.4877933">
        <ele>141.5</ele>
        <time>2023-01-28T04:27:44Z</time>
        <hdop>1.9</hdop>
        <extensions>
          <speed>0.525</speed>
        </extensions>
      </trkpt>
      <trkpt lat="55.607785" lon="27.487755">
        <ele>141.5</ele>
        <time>2023-01-28T04:27:50Z</time>
        <hdop>1.9</hdop>
      </trkpt>
      <trkpt lat="55.6078083" lon="27.4877233">
        <ele>141.3</ele>
        <time>2023-01-28T04:27:56Z</time>
        <hdop>1.9</hdop>
        <extensions>
          <speed>0.318</speed>
        </extensions>
      </trkpt>
      <trkpt lat="55.6078267" lon="27.4876817">
        <ele>141.5</ele>
        <time>2023-01-28T04:28:01Z</time>
        <hdop>1.9</hdop>
      </trkpt>
      <trkpt lat="55.6078333" lon="27.4876167">
        <ele>141.2</ele>
        <time>2023-01-28T04:28:07Z</time>
        <hdop>1.9</hdop>
        <extensions>
          <speed>0.463</speed>
        </extensions>
      </trkpt>
      <trkpt lat="55.607835" lon="27.487565">
        <ele>141.1</ele>
        <time>2023-01-28T04:28:13Z</time>
        <hdop>2</hdop>
      </trkpt>
      <trkpt lat="55.6078167" lon="27.4875217">
        <ele>141.3</ele>
        <time>2023-01-28T04:28:18Z</time>
        <hdop>1.9</hdop>
        <extensions>
          <speed>0.382</speed>
        </extensions>
      </trkpt>
      <trkpt lat="55.6078217" lon="27.4874867">
        <ele>141.7</ele>
        <time>2023-01-28T04:28:23Z</time>
        <hdop>2</hdop>
        <extensions>
          <speed>0.469</speed>
        </extensions>
      </trkpt>
      <trkpt lat="55.6078333" lon="27.4874617">
        <ele>141.4</ele>
        <time>2023-01-28T04:28:30Z</time>
        <hdop>2</hdop>
        <extensions>
          <speed>0.482</speed>
        </extensions>
      </trkpt>
      <trkpt lat="55.6078533" lon="27.487445">
        <ele>141.4</ele>
        <time>2023-01-28T04:28:36Z</time>
        <hdop>1.9</hdop>
        <extensions>
          <speed>0.492</speed>
        </extensions>
      </trkpt>
      <trkpt lat="55.6078683" lon="27.487425">
        <ele>141.4</ele>
        <time>2023-01-28T04:28:41Z</time>
        <hdop>2</hdop>
      </trkpt>
      <trkpt lat="55.607885" lon="27.4873367">
        <ele>139.9</ele>
        <time>2023-01-28T04:28:52Z</time>
        <hdop>2</hdop>
        <extensions>
          <speed>0.356</speed>
        </extensions>
      </trkpt>
      <trkpt lat="55.6079067" lon="27.487295">
        <ele>138.8</ele>
        <time>2023-01-28T04:28:58Z</time>
        <hdop>1.9</hdop>
        <extensions>
          <speed>0.481</speed>
        </extensions>
      </trkpt>
      <trkpt lat="55.6079083" lon="27.4872483">
        <ele>137.8</ele>
        <time>2023-01-28T04:29:03Z</time>
        <hdop>1.9</hdop>
        <extensions>
          <speed>0.434</speed>
        </extensions>
      </trkpt>
      <trkpt lat="55.6079067" lon="27.4872083">
        <ele>137.5</ele>
        <time>2023-01-28T04:29:11Z</time>
        <hdop>1.8</hdop>
      </trkpt>
      <trkpt lat="55.60792" lon="27.48718">
        <ele>138.3</ele>
        <time>2023-01-28T04:29:19Z</time>
        <hdop>2</hdop>
        <extensions>
          <speed>0.307</speed>
        </extensions>
      </trkpt>
      <trkpt lat="55.60794" lon="27.4871817">
        <ele>138.6</ele>
        <time>2023-01-28T04:29:24Z</time>
        <hdop>2.2</hdop>
      </trkpt>
      <trkpt lat="55.6079783" lon="27.4871767">
        <ele>138.8</ele>
        <time>2023-01-28T04:29:30Z</time>
        <hdop>2.3</hdop>
      </trkpt>
      <trkpt lat="55.6079917" lon="27.4871517">
        <ele>139.1</ele>
        <time>2023-01-28T04:29:40Z</time>
        <hdop>2</hdop>
      </trkpt>
      <trkpt lat="55.6080583" lon="27.487145">
        <ele>139.3</ele>
        <time>2023-01-28T04:29:46Z</time>
        <hdop>2.1</hdop>
        <extensions>
          <speed>0.604</speed>
        </extensions>
      </trkpt>
      <trkpt lat="55.6080717" lon="27.4871133">
        <ele>139.9</ele>
        <time>2023-01-28T04:29:56Z</time>
        <hdop>2.3</hdop>
      </trkpt>
      <trkpt lat="55.6081067" lon="27.4870933">
        <ele>140.1</ele>
        <time>2023-01-28T04:30:02Z</time>
        <hdop>2.3</hdop>
      </trkpt>
      <trkpt lat="55.60814" lon="27.4870483">
        <ele>139.9</ele>
        <time>2023-01-28T04:30:10Z</time>
        <hdop>2.4</hdop>
      </trkpt>
      <trkpt lat="55.60816" lon="27.4870367">
        <ele>139.5</ele>
        <time>2023-01-28T04:30:16Z</time>
        <hdop>2.3</hdop>
      </trkpt>
      <trkpt lat="55.6082" lon="27.4870083">
        <ele>140</ele>
        <time>2023-01-28T04:30:22Z</time>
        <hdop>2.3</hdop>
      </trkpt>
      <trkpt lat="55.6082283" lon="27.4869617">
        <ele>140.4</ele>
        <time>2023-01-28T04:30:28Z</time>
        <hdop>2.4</hdop>
        <extensions>
          <speed>0.485</speed>
        </extensions>
      </trkpt>
      <trkpt lat="55.6082483" lon="27.486925">
        <ele>138.7</ele>
        <time>2023-01-28T04:30:34Z</time>
        <hdop>2.2</hdop>
        <extensions>
          <speed>0.529</speed>
        </extensions>
      </trkpt>
      <trkpt lat="55.6082633" lon="27.4868833">
        <ele>138.4</ele>
        <time>2023-01-28T04:30:42Z</time>
        <hdop>2.1</hdop>
      </trkpt>
      <trkpt lat="55.608255" lon="27.4868533">
        <ele>140</ele>
        <time>2023-01-28T04:30:52Z</time>
        <hdop>2.4</hdop>
        <extensions>
          <speed>0.461</speed>
        </extensions>
      </trkpt>
      <trkpt lat="55.6082683" lon="27.48682">
        <ele>141.1</ele>
        <time>2023-01-28T04:31:00Z</time>
        <hdop>2.2</hdop>
        <extensions>
          <speed>0.404</speed>
        </extensions>
      </trkpt>
      <trkpt lat="55.6082733" lon="27.4867883">
        <ele>142.3</ele>
        <time>2023-01-28T04:31:06Z</time>
        <hdop>2.2</hdop>
      </trkpt>
      <trkpt lat="55.608275" lon="27.4867217">
        <ele>142.3</ele>
        <time>2023-01-28T04:31:11Z</time>
        <hdop>2.3</hdop>
      </trkpt>
      <trkpt lat="55.6083033" lon="27.4866383">
        <ele>142.9</ele>
        <time>2023-01-28T04:31:17Z</time>
        <hdop>2.3</hdop>
        <extensions>
          <speed>0.852</speed>
        </extensions>
      </trkpt>
      <trkpt lat="55.6083333" lon="27.4865817">
        <ele>143.5</ele>
        <time>2023-01-28T04:31:22Z</time>
        <hdop>2.2</hdop>
      </trkpt>
      <trkpt lat="55.608335" lon="27.48653">
        <ele>143.7</ele>
        <time>2023-01-28T04:31:28Z</time>
        <hdop>2.3</hdop>
        <extensions>
          <speed>0.579</speed>
        </extensions>
      </trkpt>
      <trkpt lat="55.608365" lon="27.486485">
        <ele>144</ele>
        <time>2023-01-28T04:31:34Z</time>
        <hdop>2.1</hdop>
        <extensions>
          <speed>0.437</speed>
        </extensions>
      </trkpt>
      <trkpt lat="55.608375" lon="27.4864533">
        <ele>144.2</ele>
        <time>2023-01-28T04:31:40Z</time>
        <hdop>2</hdop>
      </trkpt>
      <trkpt lat="55.608375" lon="27.4864033">
        <ele>144.1</ele>
        <time>2023-01-28T04:31:48Z</time>
        <hdop>1.5</hdop>
        <extensions>
          <speed>0.298</speed>
        </extensions>
      </trkpt>
      <trkpt lat="55.6083933" lon="27.4863833">
        <ele>144</ele>
        <time>2023-01-28T04:31:53Z</time>
        <hdop>1.4</hdop>
        <extensions>
          <speed>0.437</speed>
        </extensions>
      </trkpt>
      <trkpt lat="55.6084167" lon="27.4863483">
        <ele>143.6</ele>
        <time>2023-01-28T04:31:59Z</time>
        <hdop>2</hdop>
        <extensions>
          <speed>0.464</speed>
        </extensions>
      </trkpt>
      <trkpt lat="55.608445" lon="27.4863">
        <ele>143.3</ele>
        <time>2023-01-28T04:32:04Z</time>
        <hdop>2.4</hdop>
      </trkpt>
      <trkpt lat="55.6084733" lon="27.4862633">
        <ele>142.7</ele>
        <time>2023-01-28T04:32:10Z</time>
        <hdop>2.5</hdop>
      </trkpt>
      <trkpt lat="55.6084733" lon="27.4862267">
        <ele>142</ele>
        <time>2023-01-28T04:32:16Z</time>
        <hdop>2.2</hdop>
      </trkpt>
      <trkpt lat="55.6084933" lon="27.48614">
        <ele>142.1</ele>
        <time>2023-01-28T04:32:22Z</time>
        <hdop>2.2</hdop>
        <extensions>
          <speed>0.454</speed>
        </extensions>
      </trkpt>
      <trkpt lat="55.6085167" lon="27.4860767">
        <ele>142.5</ele>
        <time>2023-01-28T04:32:28Z</time>
        <hdop>2.1</hdop>
        <extensions>
          <speed>0.528</speed>
        </extensions>
      </trkpt>
      <trkpt lat="55.60854" lon="27.4860367">
        <ele>142.5</ele>
        <time>2023-01-28T04:32:33Z</time>
        <hdop>2</hdop>
        <extensions>
          <speed>0.461</speed>
        </extensions>
      </trkpt>
      <trkpt lat="55.608545" lon="27.4859883">
        <ele>142.6</ele>
        <time>2023-01-28T04:32:38Z</time>
        <hdop>2</hdop>
      </trkpt>
      <trkpt lat="55.608565" lon="27.4859283">
        <ele>141.6</ele>
        <time>2023-01-28T04:32:46Z</time>
        <hdop>2</hdop>
        <extensions>
          <speed>0.287</speed>
        </extensions>
      </trkpt>
      <trkpt lat="55.6086" lon="27.485895">
        <ele>140.8</ele>
        <time>2023-01-28T04:32:52Z</time>
        <hdop>2</hdop>
        <extensions>
          <speed>0.563</speed>
        </extensions>
      </trkpt>
      <trkpt lat="55.6086283" lon="27.4858567">
        <ele>140.5</ele>
        <time>2023-01-28T04:32:57Z</time>
        <hdop>2</hdop>
        <extensions>
          <speed>0.512</speed>
        </extensions>
      </trkpt>
      <trkpt lat="55.6086383" lon="27.485825">
        <ele>140.4</ele>
        <time>2023-01-28T04:33:03Z</time>
        <hdop>1.5</hdop>
      </trkpt>
      <trkpt lat="55.6086633" lon="27.4858">
        <ele>140.5</ele>
        <time>2023-01-28T04:33:08Z</time>
        <hdop>2.1</hdop>
        <extensions>
          <speed>0.365</speed>
        </extensions>
      </trkpt>
      <trkpt lat="55.60871" lon="27.4857933">
        <ele>140.4</ele>
        <time>2023-01-28T04:33:14Z</time>
        <hdop>2.3</hdop>
      </trkpt>
      <trkpt lat="55.60875" lon="27.4857667">
        <ele>140.3</ele>
        <time>2023-01-28T04:33:20Z</time>
        <hdop>2.2</hdop>
        <extensions>
          <speed>0.691</speed>
        </extensions>
      </trkpt>
      <trkpt lat="55.60876" lon="27.48574">
        <ele>139.8</ele>
        <time>2023-01-28T04:33:28Z</time>
        <hdop>2</hdop>
      </trkpt>
      <trkpt lat="55.6088283" lon="27.4857367">
        <ele>139.6</ele>
        <time>2023-01-28T04:33:38Z</time>
        <hdop>2.3</hdop>
        <extensions>
          <speed>0.451</speed>
        </extensions>
      </trkpt>
      <trkpt lat="55.6088683" lon="27.4857383">
        <ele>139.8</ele>
        <time>2023-01-28T04:33:44Z</time>
        <hdop>2.4</hdop>
      </trkpt>
      <trkpt lat="55.6089033" lon="27.4857333">
        <ele>139.5</ele>
        <time>2023-01-28T04:33:50Z</time>
        <hdop>2.5</hdop>
      </trkpt>
      <trkpt lat="55.6089233" lon="27.485705">
        <ele>138.8</ele>
        <time>2023-01-28T04:33:56Z</time>
        <hdop>2.2</hdop>
      </trkpt>
      <trkpt lat="55.6089433" lon="27.4856717">
        <ele>138.6</ele>
        <time>2023-01-28T04:34:02Z</time>
        <hdop>2.5</hdop>
      </trkpt>
      <trkpt lat="55.6089633" lon="27.4856083">
        <ele>136.9</ele>
        <time>2023-01-28T04:34:08Z</time>
        <hdop>2.4</hdop>
      </trkpt>
      <trkpt lat="55.608955" lon="27.4855683">
        <ele>135.3</ele>
        <time>2023-01-28T04:34:14Z</time>
        <hdop>2.2</hdop>
        <extensions>
          <speed>0.534</speed>
        </extensions>
      </trkpt>
      <trkpt lat="55.608955" lon="27.485515">
        <ele>134.9</ele>
        <time>2023-01-28T04:34:20Z</time>
        <hdop>2.2</hdop>
        <extensions>
          <speed>0.505</speed>
        </extensions>
      </trkpt>
      <trkpt lat="55.608975" lon="27.48547">
        <ele>134.6</ele>
        <time>2023-01-28T04:34:26Z</time>
        <hdop>2.3</hdop>
      </trkpt>
      <trkpt lat="55.608975" lon="27.48541">
        <ele>133.9</ele>
        <time>2023-01-28T04:34:32Z</time>
        <hdop>2.3</hdop>
      </trkpt>
      <trkpt lat="55.60897" lon="27.4853767">
        <ele>133.4</ele>
        <time>2023-01-28T04:34:39Z</time>
        <hdop>2.1</hdop>
      </trkpt>
      <trkpt lat="55.60896" lon="27.485305">
        <ele>134.6</ele>
        <time>2023-01-28T04:34:50Z</time>
        <hdop>2.2</hdop>
        <extensions>
          <speed>0.317</speed>
        </extensions>
      </trkpt>
      <trkpt lat="55.6089567" lon="27.4852433">
        <ele>135.1</ele>
        <time>2023-01-28T04:34:56Z</time>
        <hdop>2.3</hdop>
      </trkpt>
      <trkpt lat="55.6089667" lon="27.4851633">
        <ele>136.3</ele>
        <time>2023-01-28T04:35:02Z</time>
        <hdop>2.2</hdop>
        <extensions>
          <speed>0.6</speed>
        </extensions>
      </trkpt>
      <trkpt lat="55.608955" lon="27.4850983">
        <ele>137.5</ele>
        <time>2023-01-28T04:35:08Z</time>
        <hdop>2.1</hdop>
        <extensions>
          <speed>0.621</speed>
        </extensions>
      </trkpt>
      <trkpt lat="55.6089567" lon="27.485065">
        <ele>138</ele>
        <time>2023-01-28T04:35:14Z</time>
        <hdop>2.2</hdop>
      </trkpt>
      <trkpt lat="55.6089633" lon="27.485035">
        <ele>138.3</ele>
        <time>2023-01-28T04:35:21Z</time>
        <hdop>2.2</hdop>
        <extensions>
          <speed>0.279</speed>
        </extensions>
      </trkpt>
      <trkpt lat="55.6089683" lon="27.48499">
        <ele>138</ele>
        <time>2023-01-28T04:35:26Z</time>
        <hdop>2</hdop>
        <extensions>
          <speed>0.426</speed>
        </extensions>
      </trkpt>
      <trkpt lat="55.6089783" lon="27.4849067">
        <ele>137.5</ele>
        <time>2023-01-28T04:35:32Z</time>
        <hdop>1.8</hdop>
        <extensions>
          <speed>0.745</speed>
        </extensions>
      </trkpt>
      <trkpt lat="55.60898" lon="27.4848517">
        <ele>137.1</ele>
        <time>2023-01-28T04:35:38Z</time>
        <hdop>1.6</hdop>
        <extensions>
          <speed>0.653</speed>
        </extensions>
      </trkpt>
      <trkpt lat="55.6089883" lon="27.4847833">
        <ele>136.9</ele>
        <time>2023-01-28T04:35:44Z</time>
        <hdop>1.7</hdop>
        <extensions>
          <speed>0.538</speed>
        </extensions>
      </trkpt>
      <trkpt lat="55.608995" lon="27.4847167">
        <ele>137</ele>
        <time>2023-01-28T04:35:50Z</time>
        <hdop>1.8</hdop>
        <extensions>
          <speed>0.67</speed>
        </extensions>
      </trkpt>
      <trkpt lat="55.6089983" lon="27.4846633">
        <ele>136.7</ele>
        <time>2023-01-28T04:35:56Z</time>
        <hdop>2.2</hdop>
      </trkpt>
      <trkpt lat="55.609015" lon="27.484615">
        <ele>136.6</ele>
        <time>2023-01-28T04:36:02Z</time>
        <hdop>2.1</hdop>
        <extensions>
          <speed>0.516</speed>
        </extensions>
      </trkpt>
      <trkpt lat="55.609035" lon="27.4845517">
        <ele>135.7</ele>
        <time>2023-01-28T04:36:08Z</time>
        <hdop>2.2</hdop>
      </trkpt>
      <trkpt lat="55.6090517" lon="27.484495">
        <ele>135.1</ele>
        <time>2023-01-28T04:36:14Z</time>
        <hdop>2</hdop>
        <extensions>
          <speed>0.513</speed>
        </extensions>
      </trkpt>
      <trkpt lat="55.6090633" lon="27.484415">
        <ele>135.1</ele>
        <time>2023-01-28T04:36:20Z</time>
        <hdop>2.1</hdop>
      </trkpt>
      <trkpt lat="55.6090967" lon="27.4843917">
        <ele>135</ele>
        <time>2023-01-28T04:36:26Z</time>
        <hdop>2</hdop>
        <extensions>
          <speed>0.54</speed>
        </extensions>
      </trkpt>
      <trkpt lat="55.609115" lon="27.48436">
        <ele>134.3</ele>
        <time>2023-01-28T04:36:34Z</time>
        <hdop>2.1</hdop>
        <extensions>
          <speed>0.326</speed>
        </extensions>
      </trkpt>
      <trkpt lat="55.6091083" lon="27.4843067">
        <ele>133.7</ele>
        <time>2023-01-28T04:36:39Z</time>
        <hdop>2</hdop>
      </trkpt>
      <trkpt lat="55.6091333" lon="27.48428">
        <ele>134.4</ele>
        <time>2023-01-28T04:36:45Z</time>
        <hdop>2</hdop>
      </trkpt>
      <trkpt lat="55.60915" lon="27.4842333">
        <ele>135.8</ele>
        <time>2023-01-28T04:36:50Z</time>
        <hdop>1.9</hdop>
        <extensions>
          <speed>0.402</speed>
        </extensions>
      </trkpt>
      <trkpt lat="55.60919" lon="27.484185">
        <ele>137</ele>
        <time>2023-01-28T04:37:27Z</time>
        <hdop>2.4</hdop>
      </trkpt>
      <trkpt lat="55.6091667" lon="27.4841633">
        <ele>137.3</ele>
        <time>2023-01-28T04:37:32Z</time>
        <hdop>2</hdop>
      </trkpt>
      <trkpt lat="55.6092" lon="27.4841983">
        <ele>139.5</ele>
        <time>2023-01-28T04:37:49Z</time>
        <hdop>1.8</hdop>
        <extensions>
          <speed>0.381</speed>
        </extensions>
      </trkpt>
      <trkpt lat="55.60919" lon="27.4842333">
        <ele>138.2</ele>
        <time>2023-01-28T04:38:47Z</time>
        <hdop>2</hdop>
      </trkpt>
      <trkpt lat="55.609195" lon="27.4842">
        <ele>138.1</ele>
        <time>2023-01-28T04:38:52Z</time>
        <hdop>2</hdop>
      </trkpt>
      <trkpt lat="55.6092117" lon="27.4841383">
        <ele>138</ele>
        <time>2023-01-28T04:39:00Z</time>
        <hdop>1.9</hdop>
        <extensions>
          <speed>0.31</speed>
        </extensions>
      </trkpt>
      <trkpt lat="55.6092333" lon="27.4840667">
        <ele>137.8</ele>
        <time>2023-01-28T04:39:06Z</time>
        <hdop>2.1</hdop>
        <extensions>
          <speed>0.58</speed>
        </extensions>
      </trkpt>
      <trkpt lat="55.60924" lon="27.48403">
        <ele>138</ele>
        <time>2023-01-28T04:39:11Z</time>
        <hdop>2</hdop>
        <extensions>
          <speed>0.489</speed>
        </extensions>
      </trkpt>
      <trkpt lat="55.6092683" lon="27.4840233">
        <ele>137.8</ele>
        <time>2023-01-28T04:39:21Z</time>
        <hdop>1.8</hdop>
        <extensions>
          <speed>0.33</speed>
        </extensions>
      </trkpt>
      <trkpt lat="55.6092967" lon="27.4840167">
        <ele>137.3</ele>
        <time>2023-01-28T04:39:26Z</time>
        <hdop>1.9</hdop>
      </trkpt>
      <trkpt lat="55.60935" lon="27.4839867">
        <ele>136.8</ele>
        <time>2023-01-28T04:39:32Z</time>
        <hdop>2</hdop>
        <extensions>
          <speed>0.421</speed>
        </extensions>
      </trkpt>
      <trkpt lat="55.6093917" lon="27.4839417">
        <ele>136.3</ele>
        <time>2023-01-28T04:39:38Z</time>
        <hdop>1.8</hdop>
        <extensions>
          <speed>0.505</speed>
        </extensions>
      </trkpt>
      <trkpt lat="55.60941" lon="27.4839233">
        <ele>136.3</ele>
        <time>2023-01-28T04:39:44Z</time>
        <hdop>1.6</hdop>
        <extensions>
          <speed>0.522</speed>
        </extensions>
      </trkpt>
      <trkpt lat="55.6094383" lon="27.4839117">
        <ele>136.6</ele>
        <time>2023-01-28T04:39:50Z</time>
        <hdop>1.7</hdop>
        <extensions>
          <speed>0.514</speed>
        </extensions>
      </trkpt>
      <trkpt lat="55.60946" lon="27.4839083">
        <ele>136.1</ele>
        <time>2023-01-28T04:39:56Z</time>
        <hdop>1.7</hdop>
        <extensions>
          <speed>0.534</speed>
        </extensions>
      </trkpt>
      <trkpt lat="55.6094983" lon="27.4838917">
        <ele>135.3</ele>
        <time>2023-01-28T04:40:02Z</time>
        <hdop>1.8</hdop>
        <extensions>
          <speed>0.836</speed>
        </extensions>
      </trkpt>
      <trkpt lat="55.6095367" lon="27.4838817">
        <ele>134.3</ele>
        <time>2023-01-28T04:40:08Z</time>
        <hdop>1.8</hdop>
        <extensions>
          <speed>0.778</speed>
        </extensions>
      </trkpt>
      <trkpt lat="55.609565" lon="27.4838433">
        <ele>135.1</ele>
        <time>2023-01-28T04:40:14Z</time>
        <hdop>1.9</hdop>
        <extensions>
          <speed>0.659</speed>
        </extensions>
      </trkpt>
      <trkpt lat="55.60957" lon="27.4838083">
        <ele>135.9</ele>
        <time>2023-01-28T04:40:20Z</time>
        <hdop>2</hdop>
        <extensions>
          <speed>0.547</speed>
        </extensions>
      </trkpt>
      <trkpt lat="55.609585" lon="27.483745">
        <ele>136.4</ele>
        <time>2023-01-28T04:40:26Z</time>
        <hdop>1.9</hdop>
        <extensions>
          <speed>0.535</speed>
        </extensions>
      </trkpt>
      <trkpt lat="55.609615" lon="27.4837283">
        <ele>136.4</ele>
        <time>2023-01-28T04:40:31Z</time>
        <hdop>1.9</hdop>
        <extensions>
          <speed>0.607</speed>
        </extensions>
      </trkpt>
      <trkpt lat="55.6096383" lon="27.4837">
        <ele>136.8</ele>
        <time>2023-01-28T04:40:36Z</time>
        <hdop>2</hdop>
        <extensions>
          <speed>0.654</speed>
        </extensions>
      </trkpt>
      <trkpt lat="55.609645" lon="27.48364">
        <ele>137.4</ele>
        <time>2023-01-28T04:40:41Z</time>
        <hdop>1.8</hdop>
        <extensions>
          <speed>0.638</speed>
        </extensions>
      </trkpt>
      <trkpt lat="55.6096633" lon="27.483625">
        <ele>138</ele>
        <time>2023-01-28T04:40:47Z</time>
        <hdop>1.9</hdop>
        <extensions>
          <speed>0.465</speed>
        </extensions>
      </trkpt>
      <trkpt lat="55.6096583" lon="27.483575">
        <ele>139.8</ele>
        <time>2023-01-28T04:40:53Z</time>
        <hdop>1.8</hdop>
        <extensions>
          <speed>0.596</speed>
        </extensions>
      </trkpt>
      <trkpt lat="55.60967" lon="27.48355">
        <ele>140</ele>
        <time>2023-01-28T04:41:00Z</time>
        <hdop>2</hdop>
        <extensions>
          <speed>0.466</speed>
        </extensions>
      </trkpt>
      <trkpt lat="55.609685" lon="27.4835117">
        <ele>139</ele>
        <time>2023-01-28T04:41:05Z</time>
        <hdop>1.9</hdop>
        <extensions>
          <speed>0.464</speed>
        </extensions>
      </trkpt>
      <trkpt lat="55.6096867" lon="27.4834517">
        <ele>139</ele>
        <time>2023-01-28T04:41:10Z</time>
        <hdop>2.1</hdop>
        <extensions>
          <speed>0.596</speed>
        </extensions>
      </trkpt>
      <trkpt lat="55.6097067" lon="27.4834317">
        <ele>139</ele>
        <time>2023-01-28T04:41:15Z</time>
        <hdop>2</hdop>
        <extensions>
          <speed>0.63</speed>
        </extensions>
      </trkpt>
      <trkpt lat="55.6097183" lon="27.4834">
        <ele>138.6</ele>
        <time>2023-01-28T04:41:20Z</time>
        <hdop>2.1</hdop>
        <extensions>
          <speed>0.563</speed>
        </extensions>
      </trkpt>
      <trkpt lat="55.6097267" lon="27.4833483">
        <ele>138.3</ele>
        <time>2023-01-28T04:41:26Z</time>
        <hdop>2</hdop>
        <extensions>
          <speed>0.466</speed>
        </extensions>
      </trkpt>
      <trkpt lat="55.60973" lon="27.483315">
        <ele>137.8</ele>
        <time>2023-01-28T04:41:34Z</time>
        <hdop>2</hdop>
        <extensions>
          <speed>0.448</speed>
        </extensions>
      </trkpt>
      <trkpt lat="55.6097567" lon="27.483255">
        <ele>138.2</ele>
        <time>2023-01-28T04:41:40Z</time>
        <hdop>2</hdop>
        <extensions>
          <speed>0.513</speed>
        </extensions>
      </trkpt>
      <trkpt lat="55.60976" lon="27.4832133">
        <ele>137.9</ele>
        <time>2023-01-28T04:41:45Z</time>
        <hdop>2.1</hdop>
        <extensions>
          <speed>0.484</speed>
        </extensions>
      </trkpt>
      <trkpt lat="55.6097667" lon="27.4831683">
        <ele>136.6</ele>
        <time>2023-01-28T04:41:51Z</time>
        <hdop>1.7</hdop>
        <extensions>
          <speed>0.411</speed>
        </extensions>
      </trkpt>
      <trkpt lat="55.6097833" lon="27.483155">
        <ele>136.5</ele>
        <time>2023-01-28T04:41:57Z</time>
        <hdop>1.7</hdop>
        <extensions>
          <speed>0.498</speed>
        </extensions>
      </trkpt>
      <trkpt lat="55.6097683" lon="27.4831233">
        <ele>137.1</ele>
        <time>2023-01-28T04:42:07Z</time>
        <hdop>1.9</hdop>
      </trkpt>
      <trkpt lat="55.609785" lon="27.4830933">
        <ele>137.1</ele>
        <time>2023-01-28T04:42:12Z</time>
        <hdop>1.9</hdop>
        <extensions>
          <speed>0.424</speed>
        </extensions>
      </trkpt>
      <trkpt lat="55.6097767" lon="27.4830467">
        <ele>136.8</ele>
        <time>2023-01-28T04:42:17Z</time>
        <hdop>2</hdop>
        <extensions>
          <speed>0.589</speed>
        </extensions>
      </trkpt>
      <trkpt lat="55.6098017" lon="27.4830117">
        <ele>136.7</ele>
        <time>2023-01-28T04:42:23Z</time>
        <hdop>1.9</hdop>
        <extensions>
          <speed>0.574</speed>
        </extensions>
      </trkpt>
      <trkpt lat="55.6097917" lon="27.4829817">
        <ele>136.2</ele>
        <time>2023-01-28T04:42:29Z</time>
        <hdop>1.8</hdop>
        <extensions>
          <speed>0.602</speed>
        </extensions>
      </trkpt>
      <trkpt lat="55.6097933" lon="27.482935">
        <ele>136.3</ele>
        <time>2023-01-28T04:42:34Z</time>
        <hdop>1.8</hdop>
        <extensions>
          <speed>0.453</speed>
        </extensions>
      </trkpt>
      <trkpt lat="55.609815" lon="27.482875">
        <ele>136.6</ele>
        <time>2023-01-28T04:42:40Z</time>
        <hdop>1.8</hdop>
        <extensions>
          <speed>0.535</speed>
        </extensions>
      </trkpt>
      <trkpt lat="55.6098367" lon="27.4828317">
        <ele>136.5</ele>
        <time>2023-01-28T04:42:45Z</time>
        <hdop>1.7</hdop>
        <extensions>
          <speed>0.58</speed>
        </extensions>
      </trkpt>
      <trkpt lat="55.6098567" lon="27.4827883">
        <ele>136</ele>
        <time>2023-01-28T04:42:50Z</time>
        <hdop>1.8</hdop>
        <extensions>
          <speed>0.585</speed>
        </extensions>
      </trkpt>
      <trkpt lat="55.6098733" lon="27.4827433">
        <ele>136</ele>
        <time>2023-01-28T04:42:56Z</time>
        <hdop>1.7</hdop>
        <extensions>
          <speed>0.598</speed>
        </extensions>
      </trkpt>
      <trkpt lat="55.6098933" lon="27.4827217">
        <ele>136.6</ele>
        <time>2023-01-28T04:43:02Z</time>
        <hdop>1.6</hdop>
        <extensions>
          <speed>0.419</speed>
        </extensions>
      </trkpt>
      <trkpt lat="55.6099" lon="27.482755">
        <ele>140.5</ele>
        <time>2023-01-28T04:45:35Z</time>
        <hdop>2</hdop>
        <extensions>
          <speed>0.419</speed>
        </extensions>
      </trkpt>
      <trkpt lat="55.609855" lon="27.4827283">
        <ele>137.4</ele>
        <time>2023-01-28T04:45:40Z</time>
        <hdop>1.9</hdop>
        <extensions>
          <speed>0.467</speed>
        </extensions>
      </trkpt>
      <trkpt lat="55.6098733" lon="27.48272">
        <ele>138.7</ele>
        <time>2023-01-28T04:45:53Z</time>
        <hdop>1.6</hdop>
      </trkpt>
      <trkpt lat="55.6099167" lon="27.482735">
        <ele>139.9</ele>
        <time>2023-01-28T04:47:01Z</time>
        <hdop>1.8</hdop>
        <extensions>
          <speed>0.367</speed>
        </extensions>
      </trkpt>
      <trkpt lat="55.6099333" lon="27.4827633">
        <ele>138.2</ele>
        <time>2023-01-28T04:47:07Z</time>
        <hdop>2</hdop>
        <extensions>
          <speed>0.452</speed>
        </extensions>
      </trkpt>
      <trkpt lat="55.6098833" lon="27.482725">
        <ele>142.6</ele>
        <time>2023-01-28T04:48:16Z</time>
        <hdop>1.7</hdop>
        <extensions>
          <speed>0.267</speed>
        </extensions>
      </trkpt>
      <trkpt lat="55.60991" lon="27.482655">
        <ele>142.1</ele>
        <time>2023-01-28T04:49:38Z</time>
        <hdop>1.7</hdop>
        <extensions>
          <speed>0.386</speed>
        </extensions>
      </trkpt>
      <trkpt lat="55.6099433" lon="27.48261">
        <ele>142</ele>
        <time>2023-01-28T04:49:44Z</time>
        <hdop>1.9</hdop>
        <extensions>
          <speed>0.572</speed>
        </extensions>
      </trkpt>
      <trkpt lat="55.609955" lon="27.48255">
        <ele>141.5</ele>
        <time>2023-01-28T04:49:50Z</time>
        <hdop>1.7</hdop>
        <extensions>
          <speed>0.593</speed>
        </extensions>
      </trkpt>
      <trkpt lat="55.609985" lon="27.482515">
        <ele>141.1</ele>
        <time>2023-01-28T04:49:56Z</time>
        <hdop>1.7</hdop>
        <extensions>
          <speed>0.614</speed>
        </extensions>
      </trkpt>
      <trkpt lat="55.609975" lon="27.4824533">
        <ele>140.2</ele>
        <time>2023-01-28T04:50:02Z</time>
        <hdop>1.7</hdop>
        <extensions>
          <speed>0.532</speed>
        </extensions>
      </trkpt>
      <trkpt lat="55.6099967" lon="27.48241">
        <ele>139.6</ele>
        <time>2023-01-28T04:50:08Z</time>
        <hdop>1.7</hdop>
        <extensions>
          <speed>0.454</speed>
        </extensions>
      </trkpt>
      <trkpt lat="55.610015" lon="27.4823733">
        <ele>139.7</ele>
        <time>2023-01-28T04:50:14Z</time>
        <hdop>1.7</hdop>
        <extensions>
          <speed>0.472</speed>
        </extensions>
      </trkpt>
      <trkpt lat="55.610025" lon="27.4823167">
        <ele>139.9</ele>
        <time>2023-01-28T04:50:20Z</time>
        <hdop>1.8</hdop>
        <extensions>
          <speed>0.487</speed>
        </extensions>
      </trkpt>
      <trkpt lat="55.61005" lon="27.4822717">
        <ele>140.2</ele>
        <time>2023-01-28T04:50:26Z</time>
        <hdop>1.8</hdop>
      </trkpt>
      <trkpt lat="55.61006" lon="27.4822367">
        <ele>140.4</ele>
        <time>2023-01-28T04:50:32Z</time>
        <hdop>1.6</hdop>
        <extensions>
          <speed>0.475</speed>
        </extensions>
      </trkpt>
      <trkpt lat="55.6100817" lon="27.4822183">
        <ele>140.1</ele>
        <time>2023-01-28T04:50:40Z</time>
        <hdop>1.8</hdop>
        <extensions>
          <speed>0.415</speed>
        </extensions>
      </trkpt>
      <trkpt lat="55.6100983" lon="27.48224">
        <ele>139.8</ele>
        <time>2023-01-28T04:50:45Z</time>
        <hdop>1.9</hdop>
        <extensions>
          <speed>0.424</speed>
        </extensions>
      </trkpt>
      <trkpt lat="55.6101567" lon="27.4821917">
        <ele>138.2</ele>
        <time>2023-01-28T04:51:04Z</time>
        <hdop>1.8</hdop>
        <extensions>
          <speed>0.359</speed>
        </extensions>
      </trkpt>
      <trkpt lat="55.61019" lon="27.4821467">
        <ele>139.6</ele>
        <time>2023-01-28T04:51:10Z</time>
        <hdop>1.8</hdop>
        <extensions>
          <speed>0.611</speed>
        </extensions>
      </trkpt>
      <trkpt lat="55.610205" lon="27.4821033">
        <ele>140.5</ele>
        <time>2023-01-28T04:51:16Z</time>
        <hdop>1.8</hdop>
        <extensions>
          <speed>0.641</speed>
        </extensions>
      </trkpt>
      <trkpt lat="55.610225" lon="27.4820783">
        <ele>141</ele>
        <time>2023-01-28T04:51:21Z</time>
        <hdop>1.9</hdop>
        <extensions>
          <speed>0.583</speed>
        </extensions>
      </trkpt>
      <trkpt lat="55.6102483" lon="27.4820683">
        <ele>141.3</ele>
        <time>2023-01-28T04:51:26Z</time>
        <hdop>1.8</hdop>
        <extensions>
          <speed>0.404</speed>
        </extensions>
      </trkpt>
      <trkpt lat="55.61027" lon="27.4820267">
        <ele>140.9</ele>
        <time>2023-01-28T04:51:32Z</time>
        <hdop>1.8</hdop>
      </trkpt>
      <trkpt lat="55.6102967" lon="27.482">
        <ele>140.9</ele>
        <time>2023-01-28T04:51:38Z</time>
        <hdop>1.8</hdop>
        <extensions>
          <speed>0.411</speed>
        </extensions>
      </trkpt>
      <trkpt lat="55.6103117" lon="27.4819717">
        <ele>140.7</ele>
        <time>2023-01-28T04:51:44Z</time>
        <hdop>1.9</hdop>
      </trkpt>
      <trkpt lat="55.61033" lon="27.4819683">
        <ele>140.3</ele>
        <time>2023-01-28T04:51:51Z</time>
        <hdop>1.8</hdop>
        <extensions>
          <speed>0.378</speed>
        </extensions>
      </trkpt>
      <trkpt lat="55.61035" lon="27.48198">
        <ele>139.9</ele>
        <time>2023-01-28T04:51:57Z</time>
        <hdop>1.8</hdop>
        <extensions>
          <speed>0.448</speed>
        </extensions>
      </trkpt>
      <trkpt lat="55.61037" lon="27.4819567">
        <ele>139.5</ele>
        <time>2023-01-28T04:52:02Z</time>
        <hdop>1.8</hdop>
        <extensions>
          <speed>0.398</speed>
        </extensions>
      </trkpt>
      <trkpt lat="55.610385" lon="27.481935">
        <ele>138.9</ele>
        <time>2023-01-28T04:52:08Z</time>
        <hdop>1.2</hdop>
      </trkpt>
      <trkpt lat="55.610425" lon="27.4818933">
        <ele>137.7</ele>
        <time>2023-01-28T04:52:14Z</time>
        <hdop>1.7</hdop>
        <extensions>
          <speed>0.518</speed>
        </extensions>
      </trkpt>
      <trkpt lat="55.6104433" lon="27.4818533">
        <ele>137.1</ele>
        <time>2023-01-28T04:52:20Z</time>
        <hdop>1.6</hdop>
        <extensions>
          <speed>0.408</speed>
        </extensions>
      </trkpt>
      <trkpt lat="55.6104617" lon="27.48185">
        <ele>136.9</ele>
        <time>2023-01-28T04:52:26Z</time>
        <hdop>1.8</hdop>
        <extensions>
          <speed>0.326</speed>
        </extensions>
      </trkpt>
      <trkpt lat="55.6104917" lon="27.4818683">
        <ele>136.8</ele>
        <time>2023-01-28T04:52:34Z</time>
        <hdop>1.9</hdop>
        <extensions>
          <speed>0.447</speed>
        </extensions>
      </trkpt>
      <trkpt lat="55.6105167" lon="27.4818833">
        <ele>136.3</ele>
        <time>2023-01-28T04:52:40Z</time>
        <hdop>1.8</hdop>
        <extensions>
          <speed>0.503</speed>
        </extensions>
      </trkpt>
      <trkpt lat="55.6105483" lon="27.4818767">
        <ele>135.8</ele>
        <time>2023-01-28T04:52:46Z</time>
        <hdop>1.8</hdop>
        <extensions>
          <speed>0.459</speed>
        </extensions>
      </trkpt>
      <trkpt lat="55.6105883" lon="27.4818617">
        <ele>135.7</ele>
        <time>2023-01-28T04:52:52Z</time>
        <hdop>1.8</hdop>
        <extensions>
          <speed>0.562</speed>
        </extensions>
      </trkpt>
      <trkpt lat="55.61062" lon="27.48184">
        <ele>136</ele>
        <time>2023-01-28T04:52:57Z</time>
        <hdop>1.9</hdop>
        <extensions>
          <speed>0.581</speed>
        </extensions>
      </trkpt>
      <trkpt lat="55.610635" lon="27.4818083">
        <ele>136.6</ele>
        <time>2023-01-28T04:53:08Z</time>
        <hdop>1.7</hdop>
        <extensions>
          <speed>0.438</speed>
        </extensions>
      </trkpt>
      <trkpt lat="55.6106383" lon="27.4817717">
        <ele>139.5</ele>
        <time>2023-01-28T04:53:25Z</time>
        <hdop>1.8</hdop>
        <extensions>
          <speed>0.409</speed>
        </extensions>
      </trkpt>
      <trkpt lat="55.6106533" lon="27.4817467">
        <ele>139.8</ele>
        <time>2023-01-28T04:53:31Z</time>
        <hdop>1.8</hdop>
      </trkpt>
      <trkpt lat="55.6106417" lon="27.4817167">
        <ele>141</ele>
        <time>2023-01-28T04:54:15Z</time>
        <hdop>1.7</hdop>
        <extensions>
          <speed>0.393</speed>
        </extensions>
      </trkpt>
      <trkpt lat="55.610635" lon="27.4816817">
        <ele>141.2</ele>
        <time>2023-01-28T04:54:20Z</time>
        <hdop>1.8</hdop>
        <extensions>
          <speed>0.466</speed>
        </extensions>
      </trkpt>
      <trkpt lat="55.610635" lon="27.4816067">
        <ele>141.8</ele>
        <time>2023-01-28T04:54:26Z</time>
        <hdop>1.8</hdop>
        <extensions>
          <speed>0.556</speed>
        </extensions>
      </trkpt>
      <trkpt lat="55.6106383" lon="27.4815217">
        <ele>142.3</ele>
        <time>2023-01-28T04:54:32Z</time>
        <hdop>1.8</hdop>
        <extensions>
          <speed>0.684</speed>
        </extensions>
      </trkpt>
      <trkpt lat="55.6106283" lon="27.4814733">
        <ele>142.5</ele>
        <time>2023-01-28T04:54:38Z</time>
        <hdop>1.8</hdop>
        <extensions>
          <speed>0.653</speed>
        </extensions>
      </trkpt>
      <trkpt lat="55.6106167" lon="27.4814367">
        <ele>142.4</ele>
        <time>2023-01-28T04:54:44Z</time>
        <hdop>1.8</hdop>
        <extensions>
          <speed>0.501</speed>
        </extensions>
      </trkpt>
      <trkpt lat="55.610615" lon="27.481335">
        <ele>143.6</ele>
        <time>2023-01-28T04:54:50Z</time>
        <hdop>1.8</hdop>
        <extensions>
          <speed>0.799</speed>
        </extensions>
      </trkpt>
      <trkpt lat="55.61061" lon="27.4812883">
        <ele>143.8</ele>
        <time>2023-01-28T04:54:56Z</time>
        <hdop>1.7</hdop>
        <extensions>
          <speed>0.568</speed>
        </extensions>
      </trkpt>
      <trkpt lat="55.610605" lon="27.48121">
        <ele>144.4</ele>
        <time>2023-01-28T04:55:02Z</time>
        <hdop>1.7</hdop>
        <extensions>
          <speed>0.467</speed>
        </extensions>
      </trkpt>
      <trkpt lat="55.6105933" lon="27.48116">
        <ele>143.8</ele>
        <time>2023-01-28T04:55:08Z</time>
        <hdop>1.6</hdop>
        <extensions>
          <speed>0.486</speed>
        </extensions>
      </trkpt>
      <trkpt lat="55.610585" lon="27.4811183">
        <ele>143.4</ele>
        <time>2023-01-28T04:55:14Z</time>
        <hdop>1.5</hdop>
        <extensions>
          <speed>0.401</speed>
        </extensions>
      </trkpt>
      <trkpt lat="55.6105717" lon="27.48109">
        <ele>142.4</ele>
        <time>2023-01-28T04:55:21Z</time>
        <hdop>1.7</hdop>
      </trkpt>
      <trkpt lat="55.6105433" lon="27.4810483">
        <ele>142.2</ele>
        <time>2023-01-28T04:55:28Z</time>
        <hdop>1.6</hdop>
        <extensions>
          <speed>0.319</speed>
        </extensions>
      </trkpt>
      <trkpt lat="55.6105383" lon="27.4809833">
        <ele>142.9</ele>
        <time>2023-01-28T04:55:34Z</time>
        <hdop>1.4</hdop>
      </trkpt>
      <trkpt lat="55.6105217" lon="27.480925">
        <ele>143.5</ele>
        <time>2023-01-28T04:55:40Z</time>
        <hdop>1.4</hdop>
        <extensions>
          <speed>0.521</speed>
        </extensions>
      </trkpt>
      <trkpt lat="55.6105017" lon="27.4808833">
        <ele>143.8</ele>
        <time>2023-01-28T04:55:45Z</time>
        <hdop>1.4</hdop>
        <extensions>
          <speed>0.683</speed>
        </extensions>
      </trkpt>
      <trkpt lat="55.6104883" lon="27.4808517">
        <ele>144.5</ele>
        <time>2023-01-28T04:55:51Z</time>
        <hdop>1.4</hdop>
        <extensions>
          <speed>0.531</speed>
        </extensions>
      </trkpt>
      <trkpt lat="55.6104783" lon="27.4808183">
        <ele>144.8</ele>
        <time>2023-01-28T04:55:56Z</time>
        <hdop>1.6</hdop>
        <extensions>
          <speed>0.449</speed>
        </extensions>
      </trkpt>
      <trkpt lat="55.610475" lon="27.4807783">
        <ele>144.8</ele>
        <time>2023-01-28T04:56:02Z</time>
        <hdop>1.8</hdop>
        <extensions>
          <speed>0.412</speed>
        </extensions>
      </trkpt>
      <trkpt lat="55.610475" lon="27.4807217">
        <ele>144.8</ele>
        <time>2023-01-28T04:56:08Z</time>
        <hdop>1.8</hdop>
        <extensions>
          <speed>0.525</speed>
        </extensions>
      </trkpt>
      <trkpt lat="55.6104617" lon="27.480655">
        <ele>144.7</ele>
        <time>2023-01-28T04:56:14Z</time>
        <hdop>1.7</hdop>
        <extensions>
          <speed>0.509</speed>
        </extensions>
      </trkpt>
      <trkpt lat="55.6104483" lon="27.4806133">
        <ele>144.5</ele>
        <time>2023-01-28T04:56:20Z</time>
        <hdop>1.7</hdop>
        <extensions>
          <speed>0.45</speed>
        </extensions>
      </trkpt>
      <trkpt lat="55.610445" lon="27.48058">
        <ele>145.2</ele>
        <time>2023-01-28T04:56:26Z</time>
        <hdop>1.6</hdop>
        <extensions>
          <speed>0.514</speed>
        </extensions>
      </trkpt>
      <trkpt lat="55.61042" lon="27.4805367">
        <ele>145.9</ele>
        <time>2023-01-28T04:56:32Z</time>
        <hdop>1.7</hdop>
        <extensions>
          <speed>0.687</speed>
        </extensions>
      </trkpt>
      <trkpt lat="55.61041" lon="27.4804583">
        <ele>145.7</ele>
        <time>2023-01-28T04:56:38Z</time>
        <hdop>1.8</hdop>
        <extensions>
          <speed>0.776</speed>
        </extensions>
      </trkpt>
      <trkpt lat="55.6104167" lon="27.4804183">
        <ele>146.3</ele>
        <time>2023-01-28T04:56:45Z</time>
        <hdop>1.9</hdop>
        <extensions>
          <speed>0.597</speed>
        </extensions>
      </trkpt>
      <trkpt lat="55.6104167" lon="27.4803833">
        <ele>146.2</ele>
        <time>2023-01-28T04:56:50Z</time>
        <hdop>1.9</hdop>
        <extensions>
          <speed>0.506</speed>
        </extensions>
      </trkpt>
      <trkpt lat="55.6104417" lon="27.4803233">
        <ele>146.9</ele>
        <time>2023-01-28T04:56:56Z</time>
        <hdop>1.9</hdop>
        <extensions>
          <speed>0.555</speed>
        </extensions>
      </trkpt>
      <trkpt lat="55.610435" lon="27.48029">
        <ele>147.2</ele>
        <time>2023-01-28T04:57:05Z</time>
        <hdop>1.8</hdop>
        <extensions>
          <speed>0.415</speed>
        </extensions>
      </trkpt>
      <trkpt lat="55.6104383" lon="27.4802183">
        <ele>146.8</ele>
        <time>2023-01-28T04:57:17Z</time>
        <hdop>1.8</hdop>
        <extensions>
          <speed>0.341</speed>
        </extensions>
      </trkpt>
      <trkpt lat="55.6104233" lon="27.4802">
        <ele>146.8</ele>
        <time>2023-01-28T04:57:23Z</time>
        <hdop>1.6</hdop>
      </trkpt>
      <trkpt lat="55.6104183" lon="27.4801417">
        <ele>147.7</ele>
        <time>2023-01-28T04:57:43Z</time>
        <hdop>1.8</hdop>
        <extensions>
          <speed>0.354</speed>
        </extensions>
      </trkpt>
      <trkpt lat="55.6104167" lon="27.4800967">
        <ele>147.4</ele>
        <time>2023-01-28T04:57:48Z</time>
        <hdop>1.8</hdop>
        <extensions>
          <speed>0.426</speed>
        </extensions>
      </trkpt>
      <trkpt lat="55.6104117" lon="27.4800567">
        <ele>147.5</ele>
        <time>2023-01-28T04:57:54Z</time>
        <hdop>1.8</hdop>
      </trkpt>
      <trkpt lat="55.610425" lon="27.479965">
        <ele>145.6</ele>
        <time>2023-01-28T04:58:13Z</time>
        <hdop>1.7</hdop>
        <extensions>
          <speed>0.259</speed>
        </extensions>
      </trkpt>
      <trkpt lat="55.6104117" lon="27.4799117">
        <ele>144.9</ele>
        <time>2023-01-28T04:58:19Z</time>
        <hdop>1.7</hdop>
        <extensions>
          <speed>0.432</speed>
        </extensions>
      </trkpt>
      <trkpt lat="55.61042" lon="27.4798733">
        <ele>144.2</ele>
        <time>2023-01-28T04:58:29Z</time>
        <hdop>1.7</hdop>
        <extensions>
          <speed>0.331</speed>
        </extensions>
      </trkpt>
      <trkpt lat="55.6104317" lon="27.4798333">
        <ele>144.1</ele>
        <time>2023-01-28T04:58:35Z</time>
        <hdop>1.8</hdop>
        <extensions>
          <speed>0.508</speed>
        </extensions>
      </trkpt>
      <trkpt lat="55.6104117" lon="27.479825">
        <ele>144</ele>
        <time>2023-01-28T04:58:47Z</time>
        <hdop>1.7</hdop>
        <extensions>
          <speed>0.271</speed>
        </extensions>
      </trkpt>
      <trkpt lat="55.61042" lon="27.4796883">
        <ele>141.8</ele>
        <time>2023-01-28T04:59:29Z</time>
        <hdop>2.3</hdop>
      </trkpt>
      <trkpt lat="55.610395" lon="27.479665">
        <ele>141.8</ele>
        <time>2023-01-28T04:59:35Z</time>
        <hdop>1.9</hdop>
      </trkpt>
      <trkpt lat="55.6104083" lon="27.47962">
        <ele>141.4</ele>
        <time>2023-01-28T04:59:47Z</time>
        <hdop>1.6</hdop>
        <extensions>
          <speed>0.379</speed>
        </extensions>
      </trkpt>
      <trkpt lat="55.6104333" lon="27.4796167">
        <ele>141</ele>
        <time>2023-01-28T04:59:56Z</time>
        <hdop>1.6</hdop>
        <extensions>
          <speed>0.366</speed>
        </extensions>
      </trkpt>
      <trkpt lat="55.610415" lon="27.4795383">
        <ele>144.2</ele>
        <time>2023-01-28T05:00:15Z</time>
        <hdop>1.7</hdop>
        <extensions>
          <speed>0.365</speed>
        </extensions>
      </trkpt>
      <trkpt lat="55.6104183" lon="27.4795017">
        <ele>144.7</ele>
        <time>2023-01-28T05:00:26Z</time>
        <hdop>1.6</hdop>
      </trkpt>
      <trkpt lat="55.610415" lon="27.4794633">
        <ele>144.6</ele>
        <time>2023-01-28T05:00:38Z</time>
        <hdop>1.4</hdop>
        <extensions>
          <speed>0.295</speed>
        </extensions>
      </trkpt>
      <trkpt lat="55.6104117" lon="27.4794283">
        <ele>144.2</ele>
        <time>2023-01-28T05:00:44Z</time>
        <hdop>1.6</hdop>
        <extensions>
          <speed>0.515</speed>
        </extensions>
      </trkpt>
      <trkpt lat="55.6104283" lon="27.47937">
        <ele>143.1</ele>
        <time>2023-01-28T05:01:17Z</time>
        <hdop>1.7</hdop>
        <extensions>
          <speed>0.331</speed>
        </extensions>
      </trkpt>
      <trkpt lat="55.6104217" lon="27.4793333">
        <ele>143</ele>
        <time>2023-01-28T05:01:23Z</time>
        <hdop>1.7</hdop>
        <extensions>
          <speed>0.492</speed>
        </extensions>
      </trkpt>
      <trkpt lat="55.61042" lon="27.4793">
        <ele>142.8</ele>
        <time>2023-01-28T05:01:28Z</time>
        <hdop>1.6</hdop>
      </trkpt>
      <trkpt lat="55.61042" lon="27.4792633">
        <ele>143</ele>
        <time>2023-01-28T05:01:34Z</time>
        <hdop>1.7</hdop>
      </trkpt>
      <trkpt lat="55.610435" lon="27.47918">
        <ele>142.1</ele>
        <time>2023-01-28T05:01:48Z</time>
        <hdop>1.7</hdop>
        <extensions>
          <speed>0.39</speed>
        </extensions>
      </trkpt>
      <trkpt lat="55.6104533" lon="27.4791017">
        <ele>141.5</ele>
        <time>2023-01-28T05:01:54Z</time>
        <hdop>1.7</hdop>
        <extensions>
          <speed>0.564</speed>
        </extensions>
      </trkpt>
      <trkpt lat="55.6104617" lon="27.47907">
        <ele>141.5</ele>
        <time>2023-01-28T05:02:06Z</time>
        <hdop>1.3</hdop>
        <extensions>
          <speed>0.252</speed>
        </extensions>
      </trkpt>
      <trkpt lat="55.61047" lon="27.4790283">
        <ele>141.3</ele>
        <time>2023-01-28T05:02:11Z</time>
        <hdop>1.6</hdop>
        <extensions>
          <speed>0.377</speed>
        </extensions>
      </trkpt>
      <trkpt lat="55.6104817" lon="27.478995">
        <ele>141</ele>
        <time>2023-01-28T05:02:17Z</time>
        <hdop>1.7</hdop>
        <extensions>
          <speed>0.415</speed>
        </extensions>
      </trkpt>
      <trkpt lat="55.6104867" lon="27.47896">
        <ele>140.6</ele>
        <time>2023-01-28T05:02:26Z</time>
        <hdop>1.7</hdop>
        <extensions>
          <speed>0.33</speed>
        </extensions>
      </trkpt>
      <trkpt lat="55.6105083" lon="27.478925">
        <ele>140.5</ele>
        <time>2023-01-28T05:02:32Z</time>
        <hdop>1.7</hdop>
        <extensions>
          <speed>0.434</speed>
        </extensions>
      </trkpt>
      <trkpt lat="55.6105183" lon="27.4788967">
        <ele>141</ele>
        <time>2023-01-28T05:02:38Z</time>
        <hdop>1.7</hdop>
      </trkpt>
      <trkpt lat="55.6105017" lon="27.478825">
        <ele>141.7</ele>
        <time>2023-01-28T05:02:50Z</time>
        <hdop>1.9</hdop>
        <extensions>
          <speed>0.547</speed>
        </extensions>
      </trkpt>
      <trkpt lat="55.6104833" lon="27.4788367">
        <ele>139.7</ele>
        <time>2023-01-28T05:03:01Z</time>
        <hdop>1.8</hdop>
        <extensions>
          <speed>0.667</speed>
        </extensions>
      </trkpt>
      <trkpt lat="55.6104867" lon="27.4788">
        <ele>141.3</ele>
        <time>2023-01-28T05:03:42Z</time>
        <hdop>1.5</hdop>
        <extensions>
          <speed>0.439</speed>
        </extensions>
      </trkpt>
      <trkpt lat="55.6105017" lon="27.4787633">
        <ele>140.9</ele>
        <time>2023-01-28T05:03:47Z</time>
        <hdop>1.5</hdop>
        <extensions>
          <speed>0.618</speed>
        </extensions>
      </trkpt>
      <trkpt lat="55.6105217" lon="27.4787583">
        <ele>141.1</ele>
        <time>2023-01-28T05:05:05Z</time>
        <hdop>1.6</hdop>
        <extensions>
          <speed>0.254</speed>
        </extensions>
      </trkpt>
      <trkpt lat="55.6105117" lon="27.4787017">
        <ele>141.1</ele>
        <time>2023-01-28T05:05:11Z</time>
        <hdop>1.7</hdop>
        <extensions>
          <speed>0.422</speed>
        </extensions>
      </trkpt>
      <trkpt lat="55.6105167" lon="27.478645">
        <ele>140.9</ele>
        <time>2023-01-28T05:05:17Z</time>
        <hdop>1.6</hdop>
        <extensions>
          <speed>0.46</speed>
        </extensions>
      </trkpt>
      <trkpt lat="55.6105367" lon="27.478605">
        <ele>140.9</ele>
        <time>2023-01-28T05:05:22Z</time>
        <hdop>1.6</hdop>
        <extensions>
          <speed>0.531</speed>
        </extensions>
      </trkpt>
      <trkpt lat="55.6105567" lon="27.4785617">
        <ele>141.1</ele>
        <time>2023-01-28T05:05:27Z</time>
        <hdop>1.6</hdop>
        <extensions>
          <speed>0.592</speed>
        </extensions>
      </trkpt>
      <trkpt lat="55.6105683" lon="27.4785">
        <ele>141.2</ele>
        <time>2023-01-28T05:05:32Z</time>
        <hdop>1.7</hdop>
        <extensions>
          <speed>0.657</speed>
        </extensions>
      </trkpt>
      <trkpt lat="55.6105767" lon="27.4784567">
        <ele>141.2</ele>
        <time>2023-01-28T05:05:38Z</time>
        <hdop>1.7</hdop>
        <extensions>
          <speed>0.564</speed>
        </extensions>
      </trkpt>
      <trkpt lat="55.6105817" lon="27.478415">
        <ele>141</ele>
        <time>2023-01-28T05:05:44Z</time>
        <hdop>1.8</hdop>
        <extensions>
          <speed>0.435</speed>
        </extensions>
      </trkpt>
      <trkpt lat="55.610595" lon="27.4783433">
        <ele>140.7</ele>
        <time>2023-01-28T05:05:50Z</time>
        <hdop>1.7</hdop>
        <extensions>
          <speed>0.5</speed>
        </extensions>
      </trkpt>
      <trkpt lat="55.6105917" lon="27.47831">
        <ele>139.4</ele>
        <time>2023-01-28T05:05:58Z</time>
        <hdop>1.6</hdop>
      </trkpt>
      <trkpt lat="55.610595" lon="27.4782583">
        <ele>139.1</ele>
        <time>2023-01-28T05:06:03Z</time>
        <hdop>1.7</hdop>
        <extensions>
          <speed>0.492</speed>
        </extensions>
      </trkpt>
      <trkpt lat="55.610595" lon="27.4782233">
        <ele>139.7</ele>
        <time>2023-01-28T05:06:11Z</time>
        <hdop>1.6</hdop>
      </trkpt>
      <trkpt lat="55.610595" lon="27.4781867">
        <ele>140.2</ele>
        <time>2023-01-28T05:06:16Z</time>
        <hdop>1.6</hdop>
      </trkpt>
      <trkpt lat="55.6105917" lon="27.478155">
        <ele>140.4</ele>
        <time>2023-01-28T05:06:23Z</time>
        <hdop>1.6</hdop>
      </trkpt>
      <trkpt lat="55.610575" lon="27.4780983">
        <ele>141</ele>
        <time>2023-01-28T05:06:28Z</time>
        <hdop>1.5</hdop>
        <extensions>
          <speed>0.395</speed>
        </extensions>
      </trkpt>
      <trkpt lat="55.6105783" lon="27.4780467">
        <ele>141.6</ele>
        <time>2023-01-28T05:06:34Z</time>
        <hdop>1.6</hdop>
        <extensions>
          <speed>0.45</speed>
        </extensions>
      </trkpt>
      <trkpt lat="55.610575" lon="27.47801">
        <ele>141.8</ele>
        <time>2023-01-28T05:06:39Z</time>
        <hdop>1.6</hdop>
        <extensions>
          <speed>0.445</speed>
        </extensions>
      </trkpt>
      <trkpt lat="55.610575" lon="27.4779733">
        <ele>141.9</ele>
        <time>2023-01-28T05:06:45Z</time>
        <hdop>1.7</hdop>
        <extensions>
          <speed>0.412</speed>
        </extensions>
      </trkpt>
      <trkpt lat="55.610575" lon="27.4779317">
        <ele>141.8</ele>
        <time>2023-01-28T05:06:50Z</time>
        <hdop>1.6</hdop>
        <extensions>
          <speed>0.377</speed>
        </extensions>
      </trkpt>
      <trkpt lat="55.6105817" lon="27.4778767">
        <ele>141.6</ele>
        <time>2023-01-28T05:06:56Z</time>
        <hdop>1.6</hdop>
        <extensions>
          <speed>0.473</speed>
        </extensions>
      </trkpt>
      <trkpt lat="55.610565" lon="27.477815">
        <ele>141.2</ele>
        <time>2023-01-28T05:07:02Z</time>
        <hdop>1.6</hdop>
        <extensions>
          <speed>0.563</speed>
        </extensions>
      </trkpt>
      <trkpt lat="55.6106033" lon="27.4777533">
        <ele>142.4</ele>
        <time>2023-01-28T05:07:08Z</time>
        <hdop>1.6</hdop>
        <extensions>
          <speed>0.722</speed>
        </extensions>
      </trkpt>
      <trkpt lat="55.6105917" lon="27.4777167">
        <ele>143.4</ele>
        <time>2023-01-28T05:07:14Z</time>
        <hdop>1.6</hdop>
        <extensions>
          <speed>0.597</speed>
        </extensions>
      </trkpt>
      <trkpt lat="55.610585" lon="27.4776483">
        <ele>144.3</ele>
        <time>2023-01-28T05:07:20Z</time>
        <hdop>1.5</hdop>
        <extensions>
          <speed>0.506</speed>
        </extensions>
      </trkpt>
      <trkpt lat="55.6105683" lon="27.4776117">
        <ele>144.1</ele>
        <time>2023-01-28T05:07:26Z</time>
        <hdop>1.6</hdop>
        <extensions>
          <speed>0.602</speed>
        </extensions>
      </trkpt>
      <trkpt lat="55.6105617" lon="27.4775667">
        <ele>144</ele>
        <time>2023-01-28T05:07:32Z</time>
        <hdop>1.6</hdop>
        <extensions>
          <speed>0.519</speed>
        </extensions>
      </trkpt>
      <trkpt lat="55.6105517" lon="27.4774983">
        <ele>144.6</ele>
        <time>2023-01-28T05:07:38Z</time>
        <hdop>1.6</hdop>
        <extensions>
          <speed>0.666</speed>
        </extensions>
      </trkpt>
      <trkpt lat="55.6105317" lon="27.4774433">
        <ele>144.7</ele>
        <time>2023-01-28T05:07:44Z</time>
        <hdop>1.5</hdop>
        <extensions>
          <speed>0.713</speed>
        </extensions>
      </trkpt>
      <trkpt lat="55.6105017" lon="27.4774267">
        <ele>144.9</ele>
        <time>2023-01-28T05:07:50Z</time>
        <hdop>1.5</hdop>
        <extensions>
          <speed>0.615</speed>
        </extensions>
      </trkpt>
      <trkpt lat="55.61047" lon="27.4774067">
        <ele>145</ele>
        <time>2023-01-28T05:07:56Z</time>
        <hdop>1.5</hdop>
        <extensions>
          <speed>0.678</speed>
        </extensions>
      </trkpt>
      <trkpt lat="55.61043" lon="27.477385">
        <ele>145.8</ele>
        <time>2023-01-28T05:08:02Z</time>
        <hdop>1.5</hdop>
        <extensions>
          <speed>0.712</speed>
        </extensions>
      </trkpt>
      <trkpt lat="55.6104017" lon="27.4773267">
        <ele>146</ele>
        <time>2023-01-28T05:08:08Z</time>
        <hdop>1.6</hdop>
        <extensions>
          <speed>0.803</speed>
        </extensions>
      </trkpt>
      <trkpt lat="55.610375" lon="27.4772617">
        <ele>145.8</ele>
        <time>2023-01-28T05:08:14Z</time>
        <hdop>1.7</hdop>
        <extensions>
          <speed>0.968</speed>
        </extensions>
      </trkpt>
      <trkpt lat="55.6103583" lon="27.4772433">
        <ele>143.4</ele>
        <time>2023-01-28T05:08:26Z</time>
        <hdop>1.5</hdop>
      </trkpt>
      <trkpt lat="55.6103767" lon="27.4772267">
        <ele>143.4</ele>
        <time>2023-01-28T05:08:35Z</time>
        <hdop>1.5</hdop>
        <extensions>
          <speed>0.402</speed>
        </extensions>
      </trkpt>
      <trkpt lat="55.6103917" lon="27.4772033">
        <ele>143.5</ele>
        <time>2023-01-28T05:08:40Z</time>
        <hdop>1.4</hdop>
        <extensions>
          <speed>0.512</speed>
        </extensions>
      </trkpt>
      <trkpt lat="55.6103733" lon="27.4772117">
        <ele>143.8</ele>
        <time>2023-01-28T05:08:54Z</time>
        <hdop>1.2</hdop>
        <extensions>
          <speed>0.213</speed>
        </extensions>
      </trkpt>
      <trkpt lat="55.61034" lon="27.4772267">
        <ele>143.9</ele>
        <time>2023-01-28T05:09:00Z</time>
        <hdop>1.5</hdop>
        <extensions>
          <speed>0.565</speed>
        </extensions>
      </trkpt>
      <trkpt lat="55.6103233" lon="27.4771917">
        <ele>144.2</ele>
        <time>2023-01-28T05:09:06Z</time>
        <hdop>1.5</hdop>
        <extensions>
          <speed>0.548</speed>
        </extensions>
      </trkpt>
      <trkpt lat="55.6103317" lon="27.47716">
        <ele>144.3</ele>
        <time>2023-01-28T05:09:13Z</time>
        <hdop>1.6</hdop>
      </trkpt>
      <trkpt lat="55.6103233" lon="27.4771133">
        <ele>144.5</ele>
        <time>2023-01-28T05:09:18Z</time>
        <hdop>1.7</hdop>
      </trkpt>
      <trkpt lat="55.6103017" lon="27.477085">
        <ele>145.9</ele>
        <time>2023-01-28T05:09:38Z</time>
        <hdop>1.7</hdop>
        <extensions>
          <speed>0.306</speed>
        </extensions>
      </trkpt>
      <trkpt lat="55.61027" lon="27.4770717">
        <ele>146.5</ele>
        <time>2023-01-28T05:09:44Z</time>
        <hdop>1.7</hdop>
        <extensions>
          <speed>0.467</speed>
        </extensions>
      </trkpt>
      <trkpt lat="55.6102883" lon="27.47707">
        <ele>147.1</ele>
        <time>2023-01-28T05:09:51Z</time>
        <hdop>1.6</hdop>
      </trkpt>
      <trkpt lat="55.6102867" lon="27.4771067">
        <ele>145.3</ele>
        <time>2023-01-28T05:11:10Z</time>
        <hdop>1.3</hdop>
        <extensions>
          <speed>0.259</speed>
        </extensions>
      </trkpt>
      <trkpt lat="55.6103067" lon="27.4770883">
        <ele>142.9</ele>
        <time>2023-01-28T05:11:36Z</time>
        <hdop>1.9</hdop>
        <extensions>
          <speed>0.223</speed>
        </extensions>
      </trkpt>
      <trkpt lat="55.6102817" lon="27.4770583">
        <ele>141.6</ele>
        <time>2023-01-28T05:14:09Z</time>
        <hdop>1.4</hdop>
        <extensions>
          <speed>0.242</speed>
        </extensions>
      </trkpt>
      <trkpt lat="55.6102767" lon="27.4771117">
        <ele>140.6</ele>
        <time>2023-01-28T05:14:31Z</time>
        <hdop>1.7</hdop>
        <extensions>
          <speed>0.303</speed>
        </extensions>
      </trkpt>
      <trkpt lat="55.6103233" lon="27.477145">
        <ele>137.4</ele>
        <time>2023-01-28T05:17:34Z</time>
        <hdop>1.7</hdop>
        <extensions>
          <speed>0.281</speed>
        </extensions>
      </trkpt>
      <trkpt lat="55.61033" lon="27.477195">
        <ele>137.1</ele>
        <time>2023-01-28T05:17:40Z</time>
        <hdop>1.8</hdop>
        <extensions>
          <speed>0.385</speed>
        </extensions>
      </trkpt>
      <trkpt lat="55.6103317" lon="27.47724">
        <ele>136.7</ele>
        <time>2023-01-28T05:17:45Z</time>
        <hdop>1.8</hdop>
        <extensions>
          <speed>0.444</speed>
        </extensions>
      </trkpt>
      <trkpt lat="55.6103133" lon="27.4772683">
        <ele>136.4</ele>
        <time>2023-01-28T05:18:05Z</time>
        <hdop>1.8</hdop>
        <extensions>
          <speed>0.408</speed>
        </extensions>
      </trkpt>
      <trkpt lat="55.6103533" lon="27.47733">
        <ele>136.4</ele>
        <time>2023-01-28T05:18:50Z</time>
        <hdop>1.2</hdop>
        <extensions>
          <speed>0.278</speed>
        </extensions>
      </trkpt>
      <trkpt lat="55.6103867" lon="27.4773483">
        <ele>136.8</ele>
        <time>2023-01-28T05:18:56Z</time>
        <hdop>1.5</hdop>
        <extensions>
          <speed>0.518</speed>
        </extensions>
      </trkpt>
      <trkpt lat="55.6104033" lon="27.4774033">
        <ele>136.6</ele>
        <time>2023-01-28T05:19:02Z</time>
        <hdop>1.4</hdop>
        <extensions>
          <speed>0.555</speed>
        </extensions>
      </trkpt>
      <trkpt lat="55.6104317" lon="27.4774083">
        <ele>138.4</ele>
        <time>2023-01-28T05:19:08Z</time>
        <hdop>1.4</hdop>
        <extensions>
          <speed>0.424</speed>
        </extensions>
      </trkpt>
      <trkpt lat="55.61046" lon="27.4774133">
        <ele>138.8</ele>
        <time>2023-01-28T05:19:15Z</time>
        <hdop>1.4</hdop>
        <extensions>
          <speed>0.299</speed>
        </extensions>
      </trkpt>
      <trkpt lat="55.610485" lon="27.4773967">
        <ele>138.6</ele>
        <time>2023-01-28T05:19:20Z</time>
        <hdop>1.4</hdop>
        <extensions>
          <speed>0.473</speed>
        </extensions>
      </trkpt>
      <trkpt lat="55.6104967" lon="27.47743">
        <ele>139.1</ele>
        <time>2023-01-28T05:19:26Z</time>
        <hdop>1.6</hdop>
        <extensions>
          <speed>0.521</speed>
        </extensions>
      </trkpt>
      <trkpt lat="55.6105333" lon="27.4774567">
        <ele>140.4</ele>
        <time>2023-01-28T05:19:32Z</time>
        <hdop>1.5</hdop>
        <extensions>
          <speed>0.672</speed>
        </extensions>
      </trkpt>
      <trkpt lat="55.6105583" lon="27.477475">
        <ele>139.7</ele>
        <time>2023-01-28T05:19:38Z</time>
        <hdop>1.4</hdop>
        <extensions>
          <speed>0.626</speed>
        </extensions>
      </trkpt>
      <trkpt lat="55.6105933" lon="27.4775167">
        <ele>139.9</ele>
        <time>2023-01-28T05:19:44Z</time>
        <hdop>1.5</hdop>
        <extensions>
          <speed>0.666</speed>
        </extensions>
      </trkpt>
      <trkpt lat="55.6106217" lon="27.477535">
        <ele>139.7</ele>
        <time>2023-01-28T05:19:49Z</time>
        <hdop>1.4</hdop>
        <extensions>
          <speed>0.665</speed>
        </extensions>
      </trkpt>
      <trkpt lat="55.61064" lon="27.4775783">
        <ele>138.7</ele>
        <time>2023-01-28T05:19:55Z</time>
        <hdop>1.5</hdop>
        <extensions>
          <speed>0.628</speed>
        </extensions>
      </trkpt>
      <trkpt lat="55.610665" lon="27.477605">
        <ele>138.9</ele>
        <time>2023-01-28T05:20:00Z</time>
        <hdop>1.4</hdop>
        <extensions>
          <speed>0.577</speed>
        </extensions>
      </trkpt>
      <trkpt lat="55.610695" lon="27.4776383">
        <ele>138.1</ele>
        <time>2023-01-28T05:20:06Z</time>
        <hdop>1.5</hdop>
        <extensions>
          <speed>0.585</speed>
        </extensions>
      </trkpt>
      <trkpt lat="55.6107" lon="27.4776867">
        <ele>137.1</ele>
        <time>2023-01-28T05:20:11Z</time>
        <hdop>1.5</hdop>
        <extensions>
          <speed>0.699</speed>
        </extensions>
      </trkpt>
      <trkpt lat="55.61072" lon="27.47772">
        <ele>136.4</ele>
        <time>2023-01-28T05:20:16Z</time>
        <hdop>1.5</hdop>
        <extensions>
          <speed>0.746</speed>
        </extensions>
      </trkpt>
      <trkpt lat="55.6107433" lon="27.4777283">
        <ele>135.6</ele>
        <time>2023-01-28T05:20:21Z</time>
        <hdop>1.9</hdop>
        <extensions>
          <speed>0.674</speed>
        </extensions>
      </trkpt>
      <trkpt lat="55.61078" lon="27.4777217">
        <ele>135.5</ele>
        <time>2023-01-28T05:20:26Z</time>
        <hdop>1.9</hdop>
        <extensions>
          <speed>0.742</speed>
        </extensions>
      </trkpt>
      <trkpt lat="55.6108117" lon="27.4777683">
        <ele>135.4</ele>
        <time>2023-01-28T05:20:32Z</time>
        <hdop>2</hdop>
      </trkpt>
      <trkpt lat="55.6108283" lon="27.47781">
        <ele>135.9</ele>
        <time>2023-01-28T05:20:38Z</time>
        <hdop>1.9</hdop>
        <extensions>
          <speed>0.687</speed>
        </extensions>
      </trkpt>
      <trkpt lat="55.610865" lon="27.4778017">
        <ele>136.1</ele>
        <time>2023-01-28T05:20:44Z</time>
        <hdop>1.9</hdop>
        <extensions>
          <speed>0.689</speed>
        </extensions>
      </trkpt>
      <trkpt lat="55.610885" lon="27.4777917">
        <ele>136.5</ele>
        <time>2023-01-28T05:20:50Z</time>
        <hdop>2</hdop>
        <extensions>
          <speed>0.593</speed>
        </extensions>
      </trkpt>
      <trkpt lat="55.6109067" lon="27.477755">
        <ele>136.2</ele>
        <time>2023-01-28T05:20:56Z</time>
        <hdop>1.9</hdop>
        <extensions>
          <speed>0.603</speed>
        </extensions>
      </trkpt>
      <trkpt lat="55.610935" lon="27.4777317">
        <ele>136.9</ele>
        <time>2023-01-28T05:21:02Z</time>
        <hdop>1.9</hdop>
        <extensions>
          <speed>0.667</speed>
        </extensions>
      </trkpt>
      <trkpt lat="55.6109633" lon="27.4777517">
        <ele>137.7</ele>
        <time>2023-01-28T05:21:08Z</time>
        <hdop>1.9</hdop>
        <extensions>
          <speed>0.592</speed>
        </extensions>
      </trkpt>
      <trkpt lat="55.610985" lon="27.477745">
        <ele>137.9</ele>
        <time>2023-01-28T05:21:14Z</time>
        <hdop>1.9</hdop>
        <extensions>
          <speed>0.553</speed>
        </extensions>
      </trkpt>
      <trkpt lat="55.6110017" lon="27.477705">
        <ele>138.9</ele>
        <time>2023-01-28T05:21:20Z</time>
        <hdop>1.9</hdop>
        <extensions>
          <speed>0.617</speed>
        </extensions>
      </trkpt>
      <trkpt lat="55.611045" lon="27.477645">
        <ele>139.3</ele>
        <time>2023-01-28T05:21:26Z</time>
        <hdop>1.9</hdop>
        <extensions>
          <speed>0.65</speed>
        </extensions>
      </trkpt>
      <trkpt lat="55.6111267" lon="27.4775833">
        <ele>143.2</ele>
        <time>2023-01-28T05:21:32Z</time>
        <hdop>1.6</hdop>
        <extensions>
          <speed>0.834</speed>
        </extensions>
      </trkpt>
      <trkpt lat="55.6111283" lon="27.4775483">
        <ele>142.5</ele>
        <time>2023-01-28T05:21:39Z</time>
        <hdop>1.8</hdop>
        <extensions>
          <speed>0.703</speed>
        </extensions>
      </trkpt>
      <trkpt lat="55.6111633" lon="27.4775383">
        <ele>142.3</ele>
        <time>2023-01-28T05:21:44Z</time>
        <hdop>1.8</hdop>
        <extensions>
          <speed>0.656</speed>
        </extensions>
      </trkpt>
      <trkpt lat="55.6111967" lon="27.4775017">
        <ele>142.2</ele>
        <time>2023-01-28T05:21:50Z</time>
        <hdop>1.8</hdop>
        <extensions>
          <speed>0.683</speed>
        </extensions>
      </trkpt>
      <trkpt lat="55.6112433" lon="27.4774683">
        <ele>143.2</ele>
        <time>2023-01-28T05:21:56Z</time>
        <hdop>1.7</hdop>
        <extensions>
          <speed>0.559</speed>
        </extensions>
      </trkpt>
      <trkpt lat="55.6112667" lon="27.4774317">
        <ele>143</ele>
        <time>2023-01-28T05:22:02Z</time>
        <hdop>1.8</hdop>
        <extensions>
          <speed>0.581</speed>
        </extensions>
      </trkpt>
      <trkpt lat="55.6113" lon="27.4774233">
        <ele>142.4</ele>
        <time>2023-01-28T05:22:08Z</time>
        <hdop>1.8</hdop>
        <extensions>
          <speed>0.637</speed>
        </extensions>
      </trkpt>
      <trkpt lat="55.6113433" lon="27.4773767">
        <ele>142.1</ele>
        <time>2023-01-28T05:22:14Z</time>
        <hdop>1.8</hdop>
        <extensions>
          <speed>0.72</speed>
        </extensions>
      </trkpt>
      <trkpt lat="55.611375" lon="27.4773067">
        <ele>142.1</ele>
        <time>2023-01-28T05:22:20Z</time>
        <hdop>1.7</hdop>
        <extensions>
          <speed>0.798</speed>
        </extensions>
      </trkpt>
      <trkpt lat="55.6114217" lon="27.4772517">
        <ele>141.8</ele>
        <time>2023-01-28T05:22:26Z</time>
        <hdop>1.7</hdop>
        <extensions>
          <speed>0.824</speed>
        </extensions>
      </trkpt>
      <trkpt lat="55.61144" lon="27.477205">
        <ele>141.6</ele>
        <time>2023-01-28T05:22:32Z</time>
        <hdop>1.7</hdop>
        <extensions>
          <speed>0.744</speed>
        </extensions>
      </trkpt>
      <trkpt lat="55.611465" lon="27.477165">
        <ele>141.7</ele>
        <time>2023-01-28T05:22:38Z</time>
        <hdop>1.7</hdop>
        <extensions>
          <speed>0.614</speed>
        </extensions>
      </trkpt>
      <trkpt lat="55.611495" lon="27.4771467">
        <ele>141.9</ele>
        <time>2023-01-28T05:22:44Z</time>
        <hdop>1.7</hdop>
        <extensions>
          <speed>0.54</speed>
        </extensions>
      </trkpt>
      <trkpt lat="55.6115283" lon="27.4771367">
        <ele>142.1</ele>
        <time>2023-01-28T05:22:50Z</time>
        <hdop>1.7</hdop>
        <extensions>
          <speed>0.557</speed>
        </extensions>
      </trkpt>
      <trkpt lat="55.611565" lon="27.477135">
        <ele>141.9</ele>
        <time>2023-01-28T05:22:56Z</time>
        <hdop>1.8</hdop>
        <extensions>
          <speed>0.604</speed>
        </extensions>
      </trkpt>
      <trkpt lat="55.611595" lon="27.47709">
        <ele>141.1</ele>
        <time>2023-01-28T05:23:02Z</time>
        <hdop>1.8</hdop>
        <extensions>
          <speed>0.626</speed>
        </extensions>
      </trkpt>
      <trkpt lat="55.6116183" lon="27.4771483">
        <ele>139.4</ele>
        <time>2023-01-28T05:23:08Z</time>
        <hdop>1.8</hdop>
        <extensions>
          <speed>0.625</speed>
        </extensions>
      </trkpt>
      <trkpt lat="55.6116517" lon="27.4771517">
        <ele>140.4</ele>
        <time>2023-01-28T05:23:38Z</time>
        <hdop>1.7</hdop>
        <extensions>
          <speed>0.347</speed>
        </extensions>
      </trkpt>
      <trkpt lat="55.61166" lon="27.47718">
        <ele>139.1</ele>
        <time>2023-01-28T05:23:50Z</time>
        <hdop>1.6</hdop>
        <extensions>
          <speed>0.474</speed>
        </extensions>
      </trkpt>
      <trkpt lat="55.61164" lon="27.477155">
        <ele>140.4</ele>
        <time>2023-01-28T05:24:01Z</time>
        <hdop>1.3</hdop>
        <extensions>
          <speed>0.272</speed>
        </extensions>
      </trkpt>
      <trkpt lat="55.6116483" lon="27.477125">
        <ele>141.3</ele>
        <time>2023-01-28T05:24:07Z</time>
        <hdop>1.6</hdop>
      </trkpt>
      <trkpt lat="55.6116517" lon="27.4770917">
        <ele>142.9</ele>
        <time>2023-01-28T05:24:38Z</time>
        <hdop>1.7</hdop>
        <extensions>
          <speed>0.432</speed>
        </extensions>
      </trkpt>
      <trkpt lat="55.6116833" lon="27.4770867">
        <ele>144.3</ele>
        <time>2023-01-28T05:24:44Z</time>
        <hdop>1.8</hdop>
        <extensions>
          <speed>0.551</speed>
        </extensions>
      </trkpt>
      <trkpt lat="55.6117183" lon="27.4770433">
        <ele>145.7</ele>
        <time>2023-01-28T05:24:50Z</time>
        <hdop>1.6</hdop>
        <extensions>
          <speed>0.507</speed>
        </extensions>
      </trkpt>
      <trkpt lat="55.611735" lon="27.4770233">
        <ele>145.5</ele>
        <time>2023-01-28T05:24:56Z</time>
        <hdop>1.7</hdop>
        <extensions>
          <speed>0.427</speed>
        </extensions>
      </trkpt>
      <trkpt lat="55.61176" lon="27.47698">
        <ele>145.7</ele>
        <time>2023-01-28T05:25:02Z</time>
        <hdop>1.7</hdop>
        <extensions>
          <speed>0.591</speed>
        </extensions>
      </trkpt>
      <trkpt lat="55.611795" lon="27.4769933">
        <ele>145.4</ele>
        <time>2023-01-28T05:25:08Z</time>
        <hdop>1.8</hdop>
        <extensions>
          <speed>0.544</speed>
        </extensions>
      </trkpt>
      <trkpt lat="55.61183" lon="27.4769417">
        <ele>145.2</ele>
        <time>2023-01-28T05:25:14Z</time>
        <hdop>1.7</hdop>
        <extensions>
          <speed>0.676</speed>
        </extensions>
      </trkpt>
      <trkpt lat="55.6118583" lon="27.4768933">
        <ele>144.5</ele>
        <time>2023-01-28T05:25:20Z</time>
        <hdop>1.7</hdop>
        <extensions>
          <speed>0.776</speed>
        </extensions>
      </trkpt>
      <trkpt lat="55.6118867" lon="27.4768417">
        <ele>144.3</ele>
        <time>2023-01-28T05:25:26Z</time>
        <hdop>1.8</hdop>
        <extensions>
          <speed>0.757</speed>
        </extensions>
      </trkpt>
      <trkpt lat="55.6119133" lon="27.4767883">
        <ele>143.9</ele>
        <time>2023-01-28T05:25:32Z</time>
        <hdop>1.8</hdop>
        <extensions>
          <speed>0.835</speed>
        </extensions>
      </trkpt>
      <trkpt lat="55.61195" lon="27.4767733">
        <ele>143</ele>
        <time>2023-01-28T05:25:38Z</time>
        <hdop>1.8</hdop>
        <extensions>
          <speed>0.712</speed>
        </extensions>
      </trkpt>
      <trkpt lat="55.6120083" lon="27.4767433">
        <ele>141.9</ele>
        <time>2023-01-28T05:25:44Z</time>
        <hdop>1.8</hdop>
        <extensions>
          <speed>0.814</speed>
        </extensions>
      </trkpt>
      <trkpt lat="55.6120483" lon="27.4767517">
        <ele>141.3</ele>
        <time>2023-01-28T05:25:50Z</time>
        <hdop>1.7</hdop>
        <extensions>
          <speed>0.886</speed>
        </extensions>
      </trkpt>
      <trkpt lat="55.6120767" lon="27.4767433">
        <ele>140.9</ele>
        <time>2023-01-28T05:25:56Z</time>
        <hdop>1.8</hdop>
        <extensions>
          <speed>0.747</speed>
        </extensions>
      </trkpt>
      <trkpt lat="55.6120967" lon="27.4767633">
        <ele>140.7</ele>
        <time>2023-01-28T05:26:02Z</time>
        <hdop>1.8</hdop>
        <extensions>
          <speed>0.57</speed>
        </extensions>
      </trkpt>
      <trkpt lat="55.61214" lon="27.476735">
        <ele>139.9</ele>
        <time>2023-01-28T05:26:08Z</time>
        <hdop>1.6</hdop>
        <extensions>
          <speed>0.666</speed>
        </extensions>
      </trkpt>
      <trkpt lat="55.6121933" lon="27.4767083">
        <ele>142</ele>
        <time>2023-01-28T05:26:14Z</time>
        <hdop>1.5</hdop>
        <extensions>
          <speed>0.811</speed>
        </extensions>
      </trkpt>
      <trkpt lat="55.612235" lon="27.4767383">
        <ele>141.8</ele>
        <time>2023-01-28T05:26:20Z</time>
        <hdop>1.6</hdop>
        <extensions>
          <speed>0.778</speed>
        </extensions>
      </trkpt>
      <trkpt lat="55.6122667" lon="27.4767633">
        <ele>141.5</ele>
        <time>2023-01-28T05:26:26Z</time>
        <hdop>1.8</hdop>
        <extensions>
          <speed>0.694</speed>
        </extensions>
      </trkpt>
      <trkpt lat="55.6122967" lon="27.4767617">
        <ele>140.4</ele>
        <time>2023-01-28T05:26:32Z</time>
        <hdop>1.8</hdop>
        <extensions>
          <speed>0.644</speed>
        </extensions>
      </trkpt>
      <trkpt lat="55.6123333" lon="27.476735">
        <ele>139.9</ele>
        <time>2023-01-28T05:26:38Z</time>
        <hdop>1.7</hdop>
        <extensions>
          <speed>0.608</speed>
        </extensions>
      </trkpt>
      <trkpt lat="55.6123683" lon="27.4766683">
        <ele>140.6</ele>
        <time>2023-01-28T05:26:44Z</time>
        <hdop>1.8</hdop>
        <extensions>
          <speed>0.69</speed>
        </extensions>
      </trkpt>
      <trkpt lat="55.6124083" lon="27.4766817">
        <ele>142</ele>
        <time>2023-01-28T05:26:50Z</time>
        <hdop>1.8</hdop>
        <extensions>
          <speed>0.785</speed>
        </extensions>
      </trkpt>
      <trkpt lat="55.612445" lon="27.4766833">
        <ele>142.8</ele>
        <time>2023-01-28T05:26:56Z</time>
        <hdop>1.9</hdop>
        <extensions>
          <speed>0.743</speed>
        </extensions>
      </trkpt>
      <trkpt lat="55.61249" lon="27.476665">
        <ele>143.2</ele>
        <time>2023-01-28T05:27:02Z</time>
        <hdop>1.8</hdop>
        <extensions>
          <speed>0.803</speed>
        </extensions>
      </trkpt>
      <trkpt lat="55.612515" lon="27.4766233">
        <ele>143.3</ele>
        <time>2023-01-28T05:27:08Z</time>
        <hdop>1.8</hdop>
        <extensions>
          <speed>0.833</speed>
        </extensions>
      </trkpt>
      <trkpt lat="55.6125533" lon="27.4766217">
        <ele>143.4</ele>
        <time>2023-01-28T05:27:14Z</time>
        <hdop>1.8</hdop>
        <extensions>
          <speed>0.708</speed>
        </extensions>
      </trkpt>
      <trkpt lat="55.612595" lon="27.4765983">
        <ele>143.9</ele>
        <time>2023-01-28T05:27:20Z</time>
        <hdop>1.8</hdop>
        <extensions>
          <speed>0.745</speed>
        </extensions>
      </trkpt>
      <trkpt lat="55.612645" lon="27.4766083">
        <ele>143.9</ele>
        <time>2023-01-28T05:27:26Z</time>
        <hdop>1.8</hdop>
        <extensions>
          <speed>0.835</speed>
        </extensions>
      </trkpt>
      <trkpt lat="55.6127017" lon="27.4766">
        <ele>143.8</ele>
        <time>2023-01-28T05:27:32Z</time>
        <hdop>1.7</hdop>
        <extensions>
          <speed>0.817</speed>
        </extensions>
      </trkpt>
      <trkpt lat="55.6127533" lon="27.47659">
        <ele>144.5</ele>
        <time>2023-01-28T05:27:38Z</time>
        <hdop>1.7</hdop>
        <extensions>
          <speed>0.878</speed>
        </extensions>
      </trkpt>
      <trkpt lat="55.6127933" lon="27.47657">
        <ele>144.7</ele>
        <time>2023-01-28T05:27:44Z</time>
        <hdop>1.7</hdop>
        <extensions>
          <speed>0.755</speed>
        </extensions>
      </trkpt>
      <trkpt lat="55.61283" lon="27.476515">
        <ele>144.6</ele>
        <time>2023-01-28T05:27:50Z</time>
        <hdop>1.7</hdop>
        <extensions>
          <speed>0.796</speed>
        </extensions>
      </trkpt>
      <trkpt lat="55.61286" lon="27.476455">
        <ele>144.7</ele>
        <time>2023-01-28T05:27:56Z</time>
        <hdop>1.8</hdop>
        <extensions>
          <speed>0.845</speed>
        </extensions>
      </trkpt>
      <trkpt lat="55.6128917" lon="27.47644">
        <ele>144.6</ele>
        <time>2023-01-28T05:28:02Z</time>
        <hdop>1.9</hdop>
        <extensions>
          <speed>0.692</speed>
        </extensions>
      </trkpt>
      <trkpt lat="55.61294" lon="27.476465">
        <ele>143.9</ele>
        <time>2023-01-28T05:28:08Z</time>
        <hdop>1.9</hdop>
        <extensions>
          <speed>0.648</speed>
        </extensions>
      </trkpt>
      <trkpt lat="55.6129817" lon="27.4764683">
        <ele>142.6</ele>
        <time>2023-01-28T05:28:14Z</time>
        <hdop>1.8</hdop>
        <extensions>
          <speed>0.79</speed>
        </extensions>
      </trkpt>
      <trkpt lat="55.6130167" lon="27.4764533">
        <ele>142.1</ele>
        <time>2023-01-28T05:28:20Z</time>
        <hdop>1.7</hdop>
        <extensions>
          <speed>0.858</speed>
        </extensions>
      </trkpt>
      <trkpt lat="55.613045" lon="27.4764333">
        <ele>141.4</ele>
        <time>2023-01-28T05:28:26Z</time>
        <hdop>1.6</hdop>
        <extensions>
          <speed>0.764</speed>
        </extensions>
      </trkpt>
      <trkpt lat="55.6130817" lon="27.4763983">
        <ele>140.3</ele>
        <time>2023-01-28T05:28:32Z</time>
        <hdop>1.6</hdop>
        <extensions>
          <speed>0.74</speed>
        </extensions>
      </trkpt>
      <trkpt lat="55.6131217" lon="27.476385">
        <ele>140.2</ele>
        <time>2023-01-28T05:28:38Z</time>
        <hdop>1.7</hdop>
        <extensions>
          <speed>0.726</speed>
        </extensions>
      </trkpt>
      <trkpt lat="55.6131583" lon="27.4764067">
        <ele>139.4</ele>
        <time>2023-01-28T05:28:44Z</time>
        <hdop>1.7</hdop>
        <extensions>
          <speed>0.743</speed>
        </extensions>
      </trkpt>
      <trkpt lat="55.6131717" lon="27.4763833">
        <ele>138.3</ele>
        <time>2023-01-28T05:28:54Z</time>
        <hdop>1.6</hdop>
        <extensions>
          <speed>0.421</speed>
        </extensions>
      </trkpt>
      <trkpt lat="55.6131883" lon="27.47636">
        <ele>138.7</ele>
        <time>2023-01-28T05:28:59Z</time>
        <hdop>1.6</hdop>
        <extensions>
          <speed>0.515</speed>
        </extensions>
      </trkpt>
      <trkpt lat="55.61322" lon="27.4763133">
        <ele>140.8</ele>
        <time>2023-01-28T05:29:22Z</time>
        <hdop>1.6</hdop>
        <extensions>
          <speed>0.307</speed>
        </extensions>
      </trkpt>
      <trkpt lat="55.61323" lon="27.4762633">
        <ele>140.3</ele>
        <time>2023-01-28T05:29:28Z</time>
        <hdop>1.5</hdop>
        <extensions>
          <speed>0.546</speed>
        </extensions>
      </trkpt>
      <trkpt lat="55.6132483" lon="27.4762533">
        <ele>140.1</ele>
        <time>2023-01-28T05:29:37Z</time>
        <hdop>1.6</hdop>
        <extensions>
          <speed>0.361</speed>
        </extensions>
      </trkpt>
      <trkpt lat="55.6132733" lon="27.476285">
        <ele>139.9</ele>
        <time>2023-01-28T05:29:42Z</time>
        <hdop>1.7</hdop>
        <extensions>
          <speed>0.541</speed>
        </extensions>
      </trkpt>
      <trkpt lat="55.6132867" lon="27.4763533">
        <ele>139.3</ele>
        <time>2023-01-28T05:29:48Z</time>
        <hdop>1.7</hdop>
        <extensions>
          <speed>0.662</speed>
        </extensions>
      </trkpt>
      <trkpt lat="55.6133267" lon="27.476355">
        <ele>139</ele>
        <time>2023-01-28T05:29:54Z</time>
        <hdop>1.5</hdop>
        <extensions>
          <speed>0.537</speed>
        </extensions>
      </trkpt>
      <trkpt lat="55.6133167" lon="27.4763217">
        <ele>140.1</ele>
        <time>2023-01-28T05:30:02Z</time>
        <hdop>1.7</hdop>
        <extensions>
          <speed>0.432</speed>
        </extensions>
      </trkpt>
      <trkpt lat="55.6133033" lon="27.476265">
        <ele>140.4</ele>
        <time>2023-01-28T05:30:08Z</time>
        <hdop>1.6</hdop>
        <extensions>
          <speed>0.466</speed>
        </extensions>
      </trkpt>
      <trkpt lat="55.6132933" lon="27.4762283">
        <ele>141.1</ele>
        <time>2023-01-28T05:30:18Z</time>
        <hdop>1.5</hdop>
        <extensions>
          <speed>0.332</speed>
        </extensions>
      </trkpt>
      <trkpt lat="55.6132917" lon="27.4761767">
        <ele>141</ele>
        <time>2023-01-28T05:30:23Z</time>
        <hdop>1.6</hdop>
        <extensions>
          <speed>0.447</speed>
        </extensions>
      </trkpt>
      <trkpt lat="55.61328" lon="27.4761517">
        <ele>141.7</ele>
        <time>2023-01-28T05:30:30Z</time>
        <hdop>1.6</hdop>
        <extensions>
          <speed>0.481</speed>
        </extensions>
      </trkpt>
      <trkpt lat="55.6132967" lon="27.4761117">
        <ele>142.8</ele>
        <time>2023-01-28T05:30:36Z</time>
        <hdop>1.5</hdop>
        <extensions>
          <speed>0.51</speed>
        </extensions>
      </trkpt>
      <trkpt lat="55.613305" lon="27.47604">
        <ele>141.9</ele>
        <time>2023-01-28T05:30:42Z</time>
        <hdop>1.6</hdop>
        <extensions>
          <speed>0.514</speed>
        </extensions>
      </trkpt>
      <trkpt lat="55.6133067" lon="27.475985">
        <ele>141.3</ele>
        <time>2023-01-28T05:30:48Z</time>
        <hdop>1.6</hdop>
        <extensions>
          <speed>0.587</speed>
        </extensions>
      </trkpt>
      <trkpt lat="55.6133083" lon="27.47594">
        <ele>140.9</ele>
        <time>2023-01-28T05:30:54Z</time>
        <hdop>1.6</hdop>
        <extensions>
          <speed>0.403</speed>
        </extensions>
      </trkpt>
      <trkpt lat="55.6133233" lon="27.4758933">
        <ele>140.6</ele>
        <time>2023-01-28T05:31:00Z</time>
        <hdop>1.6</hdop>
        <extensions>
          <speed>0.528</speed>
        </extensions>
      </trkpt>
      <trkpt lat="55.613335" lon="27.4758267">
        <ele>140.6</ele>
        <time>2023-01-28T05:31:06Z</time>
        <hdop>1.6</hdop>
        <extensions>
          <speed>0.657</speed>
        </extensions>
      </trkpt>
      <trkpt lat="55.6133583" lon="27.475765">
        <ele>140.6</ele>
        <time>2023-01-28T05:31:12Z</time>
        <hdop>1.6</hdop>
        <extensions>
          <speed>0.711</speed>
        </extensions>
      </trkpt>
      <trkpt lat="55.613375" lon="27.4757367">
        <ele>140.2</ele>
        <time>2023-01-28T05:31:18Z</time>
        <hdop>1.6</hdop>
        <extensions>
          <speed>0.604</speed>
        </extensions>
      </trkpt>
      <trkpt lat="55.6133667" lon="27.4757083">
        <ele>140</ele>
        <time>2023-01-28T05:31:26Z</time>
        <hdop>1.3</hdop>
        <extensions>
          <speed>0.324</speed>
        </extensions>
      </trkpt>
      <trkpt lat="55.61336" lon="27.4756733">
        <ele>140.2</ele>
        <time>2023-01-28T05:31:32Z</time>
        <hdop>1.5</hdop>
      </trkpt>
      <trkpt lat="55.6134633" lon="27.475655">
        <ele>142.3</ele>
        <time>2023-01-28T05:33:48Z</time>
        <hdop>1.6</hdop>
        <extensions>
          <speed>0.366</speed>
        </extensions>
      </trkpt>
      <trkpt lat="55.6134867" lon="27.475685">
        <ele>142.1</ele>
        <time>2023-01-28T05:33:54Z</time>
        <hdop>1.6</hdop>
        <extensions>
          <speed>0.496</speed>
        </extensions>
      </trkpt>
      <trkpt lat="55.6135083" lon="27.4756683">
        <ele>141.9</ele>
        <time>2023-01-28T05:34:00Z</time>
        <hdop>1.6</hdop>
        <extensions>
          <speed>0.451</speed>
        </extensions>
      </trkpt>
      <trkpt lat="55.613535" lon="27.4756583">
        <ele>141.5</ele>
        <time>2023-01-28T05:34:06Z</time>
        <hdop>1.6</hdop>
        <extensions>
          <speed>0.436</speed>
        </extensions>
      </trkpt>
      <trkpt lat="55.6135533" lon="27.4756617">
        <ele>141.5</ele>
        <time>2023-01-28T05:34:12Z</time>
        <hdop>1.5</hdop>
        <extensions>
          <speed>0.402</speed>
        </extensions>
      </trkpt>
      <trkpt lat="55.6135833" lon="27.4756683">
        <ele>141.2</ele>
        <time>2023-01-28T05:34:18Z</time>
        <hdop>1.6</hdop>
        <extensions>
          <speed>0.429</speed>
        </extensions>
      </trkpt>
      <trkpt lat="55.61361" lon="27.4756533">
        <ele>141</ele>
        <time>2023-01-28T05:34:23Z</time>
        <hdop>1.4</hdop>
        <extensions>
          <speed>0.559</speed>
        </extensions>
      </trkpt>
      <trkpt lat="55.61363" lon="27.4755867">
        <ele>141.6</ele>
        <time>2023-01-28T05:34:29Z</time>
        <hdop>1.4</hdop>
        <extensions>
          <speed>0.676</speed>
        </extensions>
      </trkpt>
      <trkpt lat="55.61364" lon="27.4756183">
        <ele>142.2</ele>
        <time>2023-01-28T05:34:36Z</time>
        <hdop>1.4</hdop>
        <extensions>
          <speed>0.523</speed>
        </extensions>
      </trkpt>
      <trkpt lat="55.6136717" lon="27.4756567">
        <ele>142.3</ele>
        <time>2023-01-28T05:34:41Z</time>
        <hdop>1.5</hdop>
        <extensions>
          <speed>0.638</speed>
        </extensions>
      </trkpt>
      <trkpt lat="55.61372" lon="27.4756483">
        <ele>142.2</ele>
        <time>2023-01-28T05:34:47Z</time>
        <hdop>1.4</hdop>
        <extensions>
          <speed>0.867</speed>
        </extensions>
      </trkpt>
      <trkpt lat="55.6137467" lon="27.4756667">
        <ele>142</ele>
        <time>2023-01-28T05:34:52Z</time>
        <hdop>1.5</hdop>
        <extensions>
          <speed>0.764</speed>
        </extensions>
      </trkpt>
      <trkpt lat="55.6137517" lon="27.4757033">
        <ele>141.3</ele>
        <time>2023-01-28T05:34:58Z</time>
        <hdop>1.5</hdop>
        <extensions>
          <speed>0.471</speed>
        </extensions>
      </trkpt>
      <trkpt lat="55.6137717" lon="27.4757167">
        <ele>141.1</ele>
        <time>2023-01-28T05:35:03Z</time>
        <hdop>1.6</hdop>
        <extensions>
          <speed>0.422</speed>
        </extensions>
      </trkpt>
      <trkpt lat="55.6138083" lon="27.4757167">
        <ele>140.9</ele>
        <time>2023-01-28T05:35:08Z</time>
        <hdop>1.5</hdop>
        <extensions>
          <speed>0.604</speed>
        </extensions>
      </trkpt>
      <trkpt lat="55.6138417" lon="27.47572">
        <ele>140.3</ele>
        <time>2023-01-28T05:35:14Z</time>
        <hdop>1.5</hdop>
        <extensions>
          <speed>0.705</speed>
        </extensions>
      </trkpt>
      <trkpt lat="55.6138767" lon="27.4757617">
        <ele>139.8</ele>
        <time>2023-01-28T05:35:20Z</time>
        <hdop>1.5</hdop>
        <extensions>
          <speed>0.753</speed>
        </extensions>
      </trkpt>
      <trkpt lat="55.6139183" lon="27.47576">
        <ele>139.5</ele>
        <time>2023-01-28T05:35:26Z</time>
        <hdop>1.4</hdop>
        <extensions>
          <speed>0.719</speed>
        </extensions>
      </trkpt>
      <trkpt lat="55.6139417" lon="27.475785">
        <ele>139.5</ele>
        <time>2023-01-28T05:35:32Z</time>
        <hdop>1.5</hdop>
        <extensions>
          <speed>0.55</speed>
        </extensions>
      </trkpt>
      <trkpt lat="55.613985" lon="27.4758033">
        <ele>139.3</ele>
        <time>2023-01-28T05:35:38Z</time>
        <hdop>1.5</hdop>
        <extensions>
          <speed>0.766</speed>
        </extensions>
      </trkpt>
      <trkpt lat="55.6140083" lon="27.475785">
        <ele>139.7</ele>
        <time>2023-01-28T05:35:44Z</time>
        <hdop>1.4</hdop>
        <extensions>
          <speed>0.656</speed>
        </extensions>
      </trkpt>
      <trkpt lat="55.6140267" lon="27.4757883">
        <ele>140.2</ele>
        <time>2023-01-28T05:36:00Z</time>
        <hdop>1.5</hdop>
        <extensions>
          <speed>0.34</speed>
        </extensions>
      </trkpt>
      <trkpt lat="55.61407" lon="27.4757883">
        <ele>140.4</ele>
        <time>2023-01-28T05:36:06Z</time>
        <hdop>1.5</hdop>
        <extensions>
          <speed>0.774</speed>
        </extensions>
      </trkpt>
      <trkpt lat="55.6141167" lon="27.4757633">
        <ele>139.8</ele>
        <time>2023-01-28T05:36:12Z</time>
        <hdop>1.6</hdop>
        <extensions>
          <speed>0.934</speed>
        </extensions>
      </trkpt>
      <trkpt lat="55.6141767" lon="27.4757517">
        <ele>139.9</ele>
        <time>2023-01-28T05:36:17Z</time>
        <hdop>1.4</hdop>
        <extensions>
          <speed>0.946</speed>
        </extensions>
      </trkpt>
      <trkpt lat="55.6142183" lon="27.4757267">
        <ele>139.9</ele>
        <time>2023-01-28T05:36:23Z</time>
        <hdop>1.5</hdop>
        <extensions>
          <speed>0.982</speed>
        </extensions>
      </trkpt>
      <trkpt lat="55.6142633" lon="27.4756733">
        <ele>140.6</ele>
        <time>2023-01-28T05:36:29Z</time>
        <hdop>1.6</hdop>
        <extensions>
          <speed>0.848</speed>
        </extensions>
      </trkpt>
      <trkpt lat="55.61431" lon="27.4756883">
        <ele>140.9</ele>
        <time>2023-01-28T05:36:34Z</time>
        <hdop>1.5</hdop>
        <extensions>
          <speed>0.967</speed>
        </extensions>
      </trkpt>
      <trkpt lat="55.6143617" lon="27.4756917">
        <ele>141.8</ele>
        <time>2023-01-28T05:36:40Z</time>
        <hdop>1.6</hdop>
        <extensions>
          <speed>1.001</speed>
        </extensions>
      </trkpt>
      <trkpt lat="55.6143983" lon="27.47567">
        <ele>142.8</ele>
        <time>2023-01-28T05:36:46Z</time>
        <hdop>1.6</hdop>
        <extensions>
          <speed>0.668</speed>
        </extensions>
      </trkpt>
      <trkpt lat="55.6144367" lon="27.4756083">
        <ele>143.8</ele>
        <time>2023-01-28T05:36:52Z</time>
        <hdop>1.5</hdop>
        <extensions>
          <speed>0.737</speed>
        </extensions>
      </trkpt>
      <trkpt lat="55.6144567" lon="27.4755267">
        <ele>144.4</ele>
        <time>2023-01-28T05:36:57Z</time>
        <hdop>1.5</hdop>
        <extensions>
          <speed>0.997</speed>
        </extensions>
      </trkpt>
      <trkpt lat="55.6144767" lon="27.4754383">
        <ele>145.2</ele>
        <time>2023-01-28T05:37:02Z</time>
        <hdop>1.4</hdop>
        <extensions>
          <speed>1.052</speed>
        </extensions>
      </trkpt>
      <trkpt lat="55.61448" lon="27.4753533">
        <ele>145.4</ele>
        <time>2023-01-28T05:37:08Z</time>
        <hdop>1.5</hdop>
        <extensions>
          <speed>0.853</speed>
        </extensions>
      </trkpt>
      <trkpt lat="55.6144833" lon="27.4753167">
        <ele>145.1</ele>
        <time>2023-01-28T05:37:14Z</time>
        <hdop>1.4</hdop>
        <extensions>
          <speed>0.616</speed>
        </extensions>
      </trkpt>
      <trkpt lat="55.6144983" lon="27.475295">
        <ele>145.2</ele>
        <time>2023-01-28T05:37:20Z</time>
        <hdop>1.4</hdop>
      </trkpt>
      <trkpt lat="55.6145017" lon="27.4752533">
        <ele>144.9</ele>
        <time>2023-01-28T05:37:26Z</time>
        <hdop>1.4</hdop>
      </trkpt>
      <trkpt lat="55.61452" lon="27.47522">
        <ele>144.1</ele>
        <time>2023-01-28T05:37:34Z</time>
        <hdop>1.4</hdop>
        <extensions>
          <speed>0.341</speed>
        </extensions>
      </trkpt>
      <trkpt lat="55.6145283" lon="27.475185">
        <ele>143.9</ele>
        <time>2023-01-28T05:37:40Z</time>
        <hdop>1.4</hdop>
        <extensions>
          <speed>0.469</speed>
        </extensions>
      </trkpt>
      <trkpt lat="55.614515" lon="27.47512">
        <ele>143.8</ele>
        <time>2023-01-28T05:37:56Z</time>
        <hdop>1.5</hdop>
        <extensions>
          <speed>0.314</speed>
        </extensions>
      </trkpt>
      <trkpt lat="55.6145283" lon="27.47506">
        <ele>143.9</ele>
        <time>2023-01-28T05:38:30Z</time>
        <hdop>1.3</hdop>
        <extensions>
          <speed>0.271</speed>
        </extensions>
      </trkpt>
      <trkpt lat="55.6145117" lon="27.475035">
        <ele>143</ele>
        <time>2023-01-28T05:42:14Z</time>
        <hdop>1.2</hdop>
        <extensions>
          <speed>0.19</speed>
        </extensions>
      </trkpt>
      <trkpt lat="55.614495" lon="27.4750767">
        <ele>143.4</ele>
        <time>2023-01-28T05:43:19Z</time>
        <hdop>1.5</hdop>
        <extensions>
          <speed>0.22</speed>
        </extensions>
      </trkpt>
      <trkpt lat="55.6144817" lon="27.4750483">
        <ele>143.1</ele>
        <time>2023-01-28T05:46:43Z</time>
        <hdop>1.2</hdop>
        <extensions>
          <speed>0.29</speed>
        </extensions>
      </trkpt>
      <trkpt lat="55.6144683" lon="27.4751217">
        <ele>141.9</ele>
        <time>2023-01-28T05:46:49Z</time>
        <hdop>1.6</hdop>
        <extensions>
          <speed>0.578</speed>
        </extensions>
      </trkpt>
      <trkpt lat="55.614465" lon="27.475155">
        <ele>142.1</ele>
        <time>2023-01-28T05:46:59Z</time>
        <hdop>1.7</hdop>
        <extensions>
          <speed>0.333</speed>
        </extensions>
      </trkpt>
      <trkpt lat="55.6144883" lon="27.475195">
        <ele>142</ele>
        <time>2023-01-28T05:47:05Z</time>
        <hdop>1.5</hdop>
        <extensions>
          <speed>0.434</speed>
        </extensions>
      </trkpt>
      <trkpt lat="55.6144983" lon="27.4752317">
        <ele>141.9</ele>
        <time>2023-01-28T05:47:10Z</time>
        <hdop>1.7</hdop>
        <extensions>
          <speed>0.463</speed>
        </extensions>
      </trkpt>
      <trkpt lat="55.61448" lon="27.4752783">
        <ele>145.9</ele>
        <time>2023-01-28T05:49:38Z</time>
        <hdop>1.6</hdop>
        <extensions>
          <speed>0.219</speed>
        </extensions>
      </trkpt>
      <trkpt lat="55.6144683" lon="27.4753083">
        <ele>144.8</ele>
        <time>2023-01-28T05:49:51Z</time>
        <hdop>1.6</hdop>
        <extensions>
          <speed>0.259</speed>
        </extensions>
      </trkpt>
      <trkpt lat="55.6145067" lon="27.4753517">
        <ele>143.9</ele>
        <time>2023-01-28T05:50:36Z</time>
        <hdop>1.5</hdop>
        <extensions>
          <speed>0.313</speed>
        </extensions>
      </trkpt>
      <trkpt lat="55.6145367" lon="27.4753883">
        <ele>143.6</ele>
        <time>2023-01-28T05:50:42Z</time>
        <hdop>1.5</hdop>
        <extensions>
          <speed>0.637</speed>
        </extensions>
      </trkpt>
      <trkpt lat="55.6145667" lon="27.47541">
        <ele>143.7</ele>
        <time>2023-01-28T05:50:48Z</time>
        <hdop>1.5</hdop>
        <extensions>
          <speed>0.686</speed>
        </extensions>
      </trkpt>
      <trkpt lat="55.6145817" lon="27.4754483">
        <ele>144.2</ele>
        <time>2023-01-28T05:50:53Z</time>
        <hdop>1.5</hdop>
        <extensions>
          <speed>0.53</speed>
        </extensions>
      </trkpt>
      <trkpt lat="55.6146067" lon="27.4754767">
        <ele>144.4</ele>
        <time>2023-01-28T05:50:59Z</time>
        <hdop>1.5</hdop>
        <extensions>
          <speed>0.461</speed>
        </extensions>
      </trkpt>
      <trkpt lat="55.6146283" lon="27.47549">
        <ele>145.2</ele>
        <time>2023-01-28T05:51:18Z</time>
        <hdop>1.4</hdop>
        <extensions>
          <speed>0.256</speed>
        </extensions>
      </trkpt>
      <trkpt lat="55.6146667" lon="27.4754983">
        <ele>145.6</ele>
        <time>2023-01-28T05:51:24Z</time>
        <hdop>1.5</hdop>
        <extensions>
          <speed>0.596</speed>
        </extensions>
      </trkpt>
      <trkpt lat="55.6146967" lon="27.4755283">
        <ele>145.7</ele>
        <time>2023-01-28T05:51:29Z</time>
        <hdop>1.5</hdop>
        <extensions>
          <speed>0.677</speed>
        </extensions>
      </trkpt>
      <trkpt lat="55.6147383" lon="27.4755217">
        <ele>145.6</ele>
        <time>2023-01-28T05:51:35Z</time>
        <hdop>1.5</hdop>
        <extensions>
          <speed>0.753</speed>
        </extensions>
      </trkpt>
      <trkpt lat="55.61477" lon="27.4755083">
        <ele>145.3</ele>
        <time>2023-01-28T05:51:41Z</time>
        <hdop>1.5</hdop>
        <extensions>
          <speed>0.708</speed>
        </extensions>
      </trkpt>
      <trkpt lat="55.614785" lon="27.4755267">
        <ele>145</ele>
        <time>2023-01-28T05:51:48Z</time>
        <hdop>1.5</hdop>
        <extensions>
          <speed>0.468</speed>
        </extensions>
      </trkpt>
      <trkpt lat="55.6148383" lon="27.4755283">
        <ele>144.8</ele>
        <time>2023-01-28T05:51:54Z</time>
        <hdop>1.5</hdop>
        <extensions>
          <speed>0.696</speed>
        </extensions>
      </trkpt>
      <trkpt lat="55.6148867" lon="27.4755433">
        <ele>144.5</ele>
        <time>2023-01-28T05:52:00Z</time>
        <hdop>1.4</hdop>
        <extensions>
          <speed>0.885</speed>
        </extensions>
      </trkpt>
      <trkpt lat="55.6149383" lon="27.4755667">
        <ele>144.4</ele>
        <time>2023-01-28T05:52:06Z</time>
        <hdop>1.5</hdop>
        <extensions>
          <speed>0.87</speed>
        </extensions>
      </trkpt>
      <trkpt lat="55.61499" lon="27.4755717">
        <ele>143.9</ele>
        <time>2023-01-28T05:52:11Z</time>
        <hdop>1.5</hdop>
        <extensions>
          <speed>0.92</speed>
        </extensions>
      </trkpt>
      <trkpt lat="55.61504" lon="27.4755583">
        <ele>143.4</ele>
        <time>2023-01-28T05:52:17Z</time>
        <hdop>1.5</hdop>
        <extensions>
          <speed>0.906</speed>
        </extensions>
      </trkpt>
      <trkpt lat="55.6150867" lon="27.4755417">
        <ele>143.2</ele>
        <time>2023-01-28T05:52:23Z</time>
        <hdop>1.6</hdop>
        <extensions>
          <speed>0.792</speed>
        </extensions>
      </trkpt>
      <trkpt lat="55.6151283" lon="27.4755283">
        <ele>143</ele>
        <time>2023-01-28T05:52:29Z</time>
        <hdop>1.5</hdop>
        <extensions>
          <speed>0.685</speed>
        </extensions>
      </trkpt>
      <trkpt lat="55.615165" lon="27.4755167">
        <ele>143.1</ele>
        <time>2023-01-28T05:52:34Z</time>
        <hdop>1.5</hdop>
        <extensions>
          <speed>0.693</speed>
        </extensions>
      </trkpt>
      <trkpt lat="55.6152083" lon="27.475535">
        <ele>143</ele>
        <time>2023-01-28T05:52:40Z</time>
        <hdop>1.5</hdop>
        <extensions>
          <speed>0.76</speed>
        </extensions>
      </trkpt>
      <trkpt lat="55.6152467" lon="27.4755333">
        <ele>143.1</ele>
        <time>2023-01-28T05:52:46Z</time>
        <hdop>1.5</hdop>
        <extensions>
          <speed>0.763</speed>
        </extensions>
      </trkpt>
      <trkpt lat="55.6152867" lon="27.4755183">
        <ele>143.2</ele>
        <time>2023-01-28T05:52:51Z</time>
        <hdop>1.5</hdop>
        <extensions>
          <speed>0.784</speed>
        </extensions>
      </trkpt>
      <trkpt lat="55.6153267" lon="27.4755167">
        <ele>143.1</ele>
        <time>2023-01-28T05:52:56Z</time>
        <hdop>1.6</hdop>
        <extensions>
          <speed>0.775</speed>
        </extensions>
      </trkpt>
      <trkpt lat="55.61536" lon="27.47549">
        <ele>142.8</ele>
        <time>2023-01-28T05:53:02Z</time>
        <hdop>1.6</hdop>
        <extensions>
          <speed>0.681</speed>
        </extensions>
      </trkpt>
      <trkpt lat="55.6154117" lon="27.4755083">
        <ele>142.9</ele>
        <time>2023-01-28T05:53:08Z</time>
        <hdop>1.5</hdop>
        <extensions>
          <speed>0.759</speed>
        </extensions>
      </trkpt>
      <trkpt lat="55.6154717" lon="27.4755333">
        <ele>143.3</ele>
        <time>2023-01-28T05:53:14Z</time>
        <hdop>1.6</hdop>
        <extensions>
          <speed>0.962</speed>
        </extensions>
      </trkpt>
      <trkpt lat="55.6155267" lon="27.4755117">
        <ele>142.8</ele>
        <time>2023-01-28T05:53:20Z</time>
        <hdop>1.6</hdop>
        <extensions>
          <speed>1.123</speed>
        </extensions>
      </trkpt>
      <trkpt lat="55.615585" lon="27.4755">
        <ele>142.2</ele>
        <time>2023-01-28T05:53:26Z</time>
        <hdop>1.5</hdop>
        <extensions>
          <speed>1.018</speed>
        </extensions>
      </trkpt>
      <trkpt lat="55.6156283" lon="27.4754667">
        <ele>143</ele>
        <time>2023-01-28T05:53:32Z</time>
        <hdop>1.5</hdop>
        <extensions>
          <speed>0.906</speed>
        </extensions>
      </trkpt>
      <trkpt lat="55.615685" lon="27.4754667">
        <ele>143.8</ele>
        <time>2023-01-28T05:53:38Z</time>
        <hdop>1.6</hdop>
        <extensions>
          <speed>0.886</speed>
        </extensions>
      </trkpt>
      <trkpt lat="55.6157417" lon="27.4755033">
        <ele>144.6</ele>
        <time>2023-01-28T05:53:44Z</time>
        <hdop>1.6</hdop>
        <extensions>
          <speed>1.003</speed>
        </extensions>
      </trkpt>
      <trkpt lat="55.6158033" lon="27.475495">
        <ele>144.9</ele>
        <time>2023-01-28T05:53:50Z</time>
        <hdop>1.5</hdop>
        <extensions>
          <speed>1.052</speed>
        </extensions>
      </trkpt>
      <trkpt lat="55.6158533" lon="27.47549">
        <ele>144.4</ele>
        <time>2023-01-28T05:53:56Z</time>
        <hdop>1.5</hdop>
        <extensions>
          <speed>1.023</speed>
        </extensions>
      </trkpt>
      <trkpt lat="55.6159167" lon="27.4755217">
        <ele>144.4</ele>
        <time>2023-01-28T05:54:02Z</time>
        <hdop>1.6</hdop>
        <extensions>
          <speed>1.102</speed>
        </extensions>
      </trkpt>
      <trkpt lat="55.615965" lon="27.4755267">
        <ele>144.9</ele>
        <time>2023-01-28T05:54:08Z</time>
        <hdop>1.5</hdop>
        <extensions>
          <speed>0.972</speed>
        </extensions>
      </trkpt>
      <trkpt lat="55.616015" lon="27.475505">
        <ele>144.6</ele>
        <time>2023-01-28T05:54:14Z</time>
        <hdop>1.6</hdop>
        <extensions>
          <speed>0.871</speed>
        </extensions>
      </trkpt>
      <trkpt lat="55.61607" lon="27.4755167">
        <ele>144.3</ele>
        <time>2023-01-28T05:54:20Z</time>
        <hdop>1.5</hdop>
        <extensions>
          <speed>0.959</speed>
        </extensions>
      </trkpt>
      <trkpt lat="55.61612" lon="27.47557">
        <ele>144.4</ele>
        <time>2023-01-28T05:54:26Z</time>
        <hdop>1.7</hdop>
        <extensions>
          <speed>1.017</speed>
        </extensions>
      </trkpt>
      <trkpt lat="55.61618" lon="27.4755867">
        <ele>144.6</ele>
        <time>2023-01-28T05:54:32Z</time>
        <hdop>1.7</hdop>
        <extensions>
          <speed>1.007</speed>
        </extensions>
      </trkpt>
      <trkpt lat="55.6162317" lon="27.4756083">
        <ele>144.6</ele>
        <time>2023-01-28T05:54:38Z</time>
        <hdop>1.7</hdop>
        <extensions>
          <speed>1.029</speed>
        </extensions>
      </trkpt>
      <trkpt lat="55.6162783" lon="27.4756167">
        <ele>144.2</ele>
        <time>2023-01-28T05:54:44Z</time>
        <hdop>1.6</hdop>
        <extensions>
          <speed>1.021</speed>
        </extensions>
      </trkpt>
      <trkpt lat="55.6163167" lon="27.4756383">
        <ele>144</ele>
        <time>2023-01-28T05:54:50Z</time>
        <hdop>1.6</hdop>
        <extensions>
          <speed>0.852</speed>
        </extensions>
      </trkpt>
      <trkpt lat="55.6163783" lon="27.4756683">
        <ele>144.4</ele>
        <time>2023-01-28T05:54:56Z</time>
        <hdop>1.6</hdop>
        <extensions>
          <speed>0.955</speed>
        </extensions>
      </trkpt>
      <trkpt lat="55.6164183" lon="27.4756983">
        <ele>144.3</ele>
        <time>2023-01-28T05:55:02Z</time>
        <hdop>1.6</hdop>
        <extensions>
          <speed>0.951</speed>
        </extensions>
      </trkpt>
      <trkpt lat="55.6164533" lon="27.4756983">
        <ele>143.7</ele>
        <time>2023-01-28T05:55:08Z</time>
        <hdop>1.5</hdop>
        <extensions>
          <speed>0.821</speed>
        </extensions>
      </trkpt>
      <trkpt lat="55.6164733" lon="27.4756817">
        <ele>142.7</ele>
        <time>2023-01-28T05:55:14Z</time>
        <hdop>1.5</hdop>
        <extensions>
          <speed>0.75</speed>
        </extensions>
      </trkpt>
      <trkpt lat="55.6165017" lon="27.47571">
        <ele>143.3</ele>
        <time>2023-01-28T05:55:20Z</time>
        <hdop>1.5</hdop>
        <extensions>
          <speed>0.463</speed>
        </extensions>
      </trkpt>
      <trkpt lat="55.6164883" lon="27.4756383">
        <ele>142.9</ele>
        <time>2023-01-28T05:55:26Z</time>
        <hdop>1.6</hdop>
        <extensions>
          <speed>0.532</speed>
        </extensions>
      </trkpt>
      <trkpt lat="55.616475" lon="27.47553">
        <ele>142.6</ele>
        <time>2023-01-28T05:55:32Z</time>
        <hdop>1.5</hdop>
        <extensions>
          <speed>0.826</speed>
        </extensions>
      </trkpt>
      <trkpt lat="55.6164883" lon="27.4754517">
        <ele>142.1</ele>
        <time>2023-01-28T05:55:38Z</time>
        <hdop>1.6</hdop>
        <extensions>
          <speed>0.887</speed>
        </extensions>
      </trkpt>
      <trkpt lat="55.6164733" lon="27.4753867">
        <ele>141.3</ele>
        <time>2023-01-28T05:55:44Z</time>
        <hdop>1.6</hdop>
        <extensions>
          <speed>0.828</speed>
        </extensions>
      </trkpt>
      <trkpt lat="55.616445" lon="27.475335">
        <ele>141</ele>
        <time>2023-01-28T05:55:50Z</time>
        <hdop>1.6</hdop>
        <extensions>
          <speed>0.769</speed>
        </extensions>
      </trkpt>
      <trkpt lat="55.6164433" lon="27.4752967">
        <ele>140.6</ele>
        <time>2023-01-28T05:55:58Z</time>
        <hdop>1.6</hdop>
        <extensions>
          <speed>0.538</speed>
        </extensions>
      </trkpt>
      <trkpt lat="55.6164183" lon="27.4752667">
        <ele>140.2</ele>
        <time>2023-01-28T05:56:03Z</time>
        <hdop>1.5</hdop>
        <extensions>
          <speed>0.6</speed>
        </extensions>
      </trkpt>
      <trkpt lat="55.616405" lon="27.4752183">
        <ele>140.1</ele>
        <time>2023-01-28T05:56:08Z</time>
        <hdop>1.6</hdop>
        <extensions>
          <speed>0.654</speed>
        </extensions>
      </trkpt>
      <trkpt lat="55.6163933" lon="27.47519">
        <ele>140.2</ele>
        <time>2023-01-28T05:56:14Z</time>
        <hdop>1.5</hdop>
        <extensions>
          <speed>0.589</speed>
        </extensions>
      </trkpt>
      <trkpt lat="55.6163933" lon="27.4751267">
        <ele>139.9</ele>
        <time>2023-01-28T05:56:20Z</time>
        <hdop>1.4</hdop>
        <extensions>
          <speed>0.424</speed>
        </extensions>
      </trkpt>
      <trkpt lat="55.6163933" lon="27.4750783">
        <ele>139.6</ele>
        <time>2023-01-28T05:56:26Z</time>
        <hdop>1.4</hdop>
      </trkpt>
      <trkpt lat="55.6164217" lon="27.4750767">
        <ele>140.1</ele>
        <time>2023-01-28T05:56:32Z</time>
        <hdop>1.3</hdop>
        <extensions>
          <speed>0.397</speed>
        </extensions>
      </trkpt>
      <trkpt lat="55.61648" lon="27.4750683">
        <ele>140.8</ele>
        <time>2023-01-28T05:56:38Z</time>
        <hdop>1.4</hdop>
        <extensions>
          <speed>0.853</speed>
        </extensions>
      </trkpt>
      <trkpt lat="55.6165083" lon="27.475075">
        <ele>141.7</ele>
        <time>2023-01-28T05:56:44Z</time>
        <hdop>1.5</hdop>
        <extensions>
          <speed>0.837</speed>
        </extensions>
      </trkpt>
      <trkpt lat="55.6165617" lon="27.47508">
        <ele>142.4</ele>
        <time>2023-01-28T05:56:50Z</time>
        <hdop>1.5</hdop>
        <extensions>
          <speed>0.94</speed>
        </extensions>
      </trkpt>
      <trkpt lat="55.6166017" lon="27.4750833">
        <ele>142.7</ele>
        <time>2023-01-28T05:56:56Z</time>
        <hdop>1.5</hdop>
        <extensions>
          <speed>0.924</speed>
        </extensions>
      </trkpt>
      <trkpt lat="55.6166467" lon="27.4750617">
        <ele>142.7</ele>
        <time>2023-01-28T05:57:02Z</time>
        <hdop>1.4</hdop>
        <extensions>
          <speed>0.876</speed>
        </extensions>
      </trkpt>
      <trkpt lat="55.6166717" lon="27.475035">
        <ele>142.9</ele>
        <time>2023-01-28T05:57:08Z</time>
        <hdop>1.4</hdop>
        <extensions>
          <speed>0.765</speed>
        </extensions>
      </trkpt>
      <trkpt lat="55.6166967" lon="27.475035">
        <ele>143.5</ele>
        <time>2023-01-28T05:57:14Z</time>
        <hdop>1.5</hdop>
        <extensions>
          <speed>0.462</speed>
        </extensions>
      </trkpt>
      <trkpt lat="55.6167033" lon="27.475005">
        <ele>143.5</ele>
        <time>2023-01-28T05:57:21Z</time>
        <hdop>1.6</hdop>
        <extensions>
          <speed>0.446</speed>
        </extensions>
      </trkpt>
      <trkpt lat="55.6167183" lon="27.4749683">
        <ele>143</ele>
        <time>2023-01-28T05:57:26Z</time>
        <hdop>1.5</hdop>
        <extensions>
          <speed>0.474</speed>
        </extensions>
      </trkpt>
      <trkpt lat="55.6167317" lon="27.47489">
        <ele>142.4</ele>
        <time>2023-01-28T05:57:32Z</time>
        <hdop>1.5</hdop>
        <extensions>
          <speed>0.668</speed>
        </extensions>
      </trkpt>
      <trkpt lat="55.61675" lon="27.4748383">
        <ele>141.8</ele>
        <time>2023-01-28T05:57:38Z</time>
        <hdop>1.4</hdop>
        <extensions>
          <speed>0.709</speed>
        </extensions>
      </trkpt>
      <trkpt lat="55.6167667" lon="27.474805">
        <ele>141.2</ele>
        <time>2023-01-28T05:57:44Z</time>
        <hdop>1.4</hdop>
        <extensions>
          <speed>0.429</speed>
        </extensions>
      </trkpt>
      <trkpt lat="55.6167567" lon="27.47477">
        <ele>141.8</ele>
        <time>2023-01-28T05:58:00Z</time>
        <hdop>1.5</hdop>
        <extensions>
          <speed>0.226</speed>
        </extensions>
      </trkpt>
      <trkpt lat="55.616785" lon="27.4747667">
        <ele>142.3</ele>
        <time>2023-01-28T05:58:51Z</time>
        <hdop>1</hdop>
        <extensions>
          <speed>0.255</speed>
        </extensions>
      </trkpt>
      <trkpt lat="55.6167983" lon="27.4747417">
        <ele>143.2</ele>
        <time>2023-01-28T06:00:32Z</time>
        <hdop>1.6</hdop>
        <extensions>
          <speed>0.308</speed>
        </extensions>
      </trkpt>
      <trkpt lat="55.6168183" lon="27.4746967">
        <ele>143.8</ele>
        <time>2023-01-28T06:00:38Z</time>
        <hdop>1.7</hdop>
        <extensions>
          <speed>0.649</speed>
        </extensions>
      </trkpt>
      <trkpt lat="55.6168183" lon="27.47461">
        <ele>144.3</ele>
        <time>2023-01-28T06:00:44Z</time>
        <hdop>1.8</hdop>
        <extensions>
          <speed>0.797</speed>
        </extensions>
      </trkpt>
      <trkpt lat="55.6168333" lon="27.4745067">
        <ele>145.1</ele>
        <time>2023-01-28T06:00:50Z</time>
        <hdop>1.9</hdop>
        <extensions>
          <speed>0.867</speed>
        </extensions>
      </trkpt>
      <trkpt lat="55.6168267" lon="27.47447">
        <ele>145.3</ele>
        <time>2023-01-28T06:00:56Z</time>
        <hdop>1.7</hdop>
        <extensions>
          <speed>0.58</speed>
        </extensions>
      </trkpt>
      <trkpt lat="55.61685" lon="27.47447">
        <ele>144.6</ele>
        <time>2023-01-28T06:01:02Z</time>
        <hdop>1.7</hdop>
      </trkpt>
      <trkpt lat="55.616865" lon="27.4744083">
        <ele>143.9</ele>
        <time>2023-01-28T06:01:08Z</time>
        <hdop>1.7</hdop>
        <extensions>
          <speed>0.545</speed>
        </extensions>
      </trkpt>
      <trkpt lat="55.6169017" lon="27.4743267">
        <ele>143.7</ele>
        <time>2023-01-28T06:01:14Z</time>
        <hdop>1.6</hdop>
        <extensions>
          <speed>0.871</speed>
        </extensions>
      </trkpt>
      <trkpt lat="55.6169333" lon="27.4742683">
        <ele>144</ele>
        <time>2023-01-28T06:01:20Z</time>
        <hdop>1.7</hdop>
        <extensions>
          <speed>0.939</speed>
        </extensions>
      </trkpt>
      <trkpt lat="55.61695" lon="27.474195">
        <ele>142.6</ele>
        <time>2023-01-28T06:01:26Z</time>
        <hdop>1.7</hdop>
        <extensions>
          <speed>0.736</speed>
        </extensions>
      </trkpt>
      <trkpt lat="55.61697" lon="27.47413">
        <ele>142.3</ele>
        <time>2023-01-28T06:01:32Z</time>
        <hdop>1.7</hdop>
        <extensions>
          <speed>0.844</speed>
        </extensions>
      </trkpt>
      <trkpt lat="55.6169783" lon="27.474045">
        <ele>141.8</ele>
        <time>2023-01-28T06:01:38Z</time>
        <hdop>1.6</hdop>
        <extensions>
          <speed>0.737</speed>
        </extensions>
      </trkpt>
      <trkpt lat="55.6169767" lon="27.4739683">
        <ele>140.6</ele>
        <time>2023-01-28T06:01:44Z</time>
        <hdop>1.7</hdop>
        <extensions>
          <speed>0.922</speed>
        </extensions>
      </trkpt>
      <trkpt lat="55.6169783" lon="27.4739083">
        <ele>139.5</ele>
        <time>2023-01-28T06:01:50Z</time>
        <hdop>1.6</hdop>
        <extensions>
          <speed>0.859</speed>
        </extensions>
      </trkpt>
      <trkpt lat="55.6169983" lon="27.4738533">
        <ele>138.7</ele>
        <time>2023-01-28T06:01:56Z</time>
        <hdop>1.6</hdop>
        <extensions>
          <speed>0.74</speed>
        </extensions>
      </trkpt>
      <trkpt lat="55.6170183" lon="27.4737733">
        <ele>138.3</ele>
        <time>2023-01-28T06:02:02Z</time>
        <hdop>1.6</hdop>
        <extensions>
          <speed>0.759</speed>
        </extensions>
      </trkpt>
      <trkpt lat="55.6170167" lon="27.4737267">
        <ele>137.9</ele>
        <time>2023-01-28T06:02:08Z</time>
        <hdop>1.6</hdop>
        <extensions>
          <speed>0.622</speed>
        </extensions>
      </trkpt>
      <trkpt lat="55.6170283" lon="27.4736917">
        <ele>138.3</ele>
        <time>2023-01-28T06:02:14Z</time>
        <hdop>1.6</hdop>
        <extensions>
          <speed>0.458</speed>
        </extensions>
      </trkpt>
      <trkpt lat="55.6170383" lon="27.4735933">
        <ele>138.4</ele>
        <time>2023-01-28T06:02:20Z</time>
        <hdop>1.6</hdop>
        <extensions>
          <speed>0.785</speed>
        </extensions>
      </trkpt>
      <trkpt lat="55.6170633" lon="27.47349">
        <ele>138.5</ele>
        <time>2023-01-28T06:02:26Z</time>
        <hdop>1.7</hdop>
        <extensions>
          <speed>1.179</speed>
        </extensions>
      </trkpt>
      <trkpt lat="55.6170983" lon="27.4734317">
        <ele>138.8</ele>
        <time>2023-01-28T06:02:32Z</time>
        <hdop>1.7</hdop>
        <extensions>
          <speed>1.115</speed>
        </extensions>
      </trkpt>
      <trkpt lat="55.6171367" lon="27.4733733">
        <ele>139.3</ele>
        <time>2023-01-28T06:02:38Z</time>
        <hdop>1.7</hdop>
        <extensions>
          <speed>0.911</speed>
        </extensions>
      </trkpt>
      <trkpt lat="55.6171767" lon="27.4732933">
        <ele>140.2</ele>
        <time>2023-01-28T06:02:44Z</time>
        <hdop>1.7</hdop>
        <extensions>
          <speed>1.006</speed>
        </extensions>
      </trkpt>
      <trkpt lat="55.617195" lon="27.4731917">
        <ele>140.2</ele>
        <time>2023-01-28T06:02:50Z</time>
        <hdop>1.7</hdop>
        <extensions>
          <speed>1.124</speed>
        </extensions>
      </trkpt>
      <trkpt lat="55.6172283" lon="27.4730867">
        <ele>140.2</ele>
        <time>2023-01-28T06:02:56Z</time>
        <hdop>1.7</hdop>
        <extensions>
          <speed>1.217</speed>
        </extensions>
      </trkpt>
      <trkpt lat="55.6172617" lon="27.473015">
        <ele>140.5</ele>
        <time>2023-01-28T06:03:02Z</time>
        <hdop>1.7</hdop>
        <extensions>
          <speed>1.129</speed>
        </extensions>
      </trkpt>
      <trkpt lat="55.6172833" lon="27.4729433">
        <ele>140.6</ele>
        <time>2023-01-28T06:03:08Z</time>
        <hdop>1.7</hdop>
        <extensions>
          <speed>0.906</speed>
        </extensions>
      </trkpt>
      <trkpt lat="55.617305" lon="27.472825">
        <ele>140.7</ele>
        <time>2023-01-28T06:03:14Z</time>
        <hdop>1.7</hdop>
        <extensions>
          <speed>1.038</speed>
        </extensions>
      </trkpt>
      <trkpt lat="55.6173367" lon="27.47274">
        <ele>141</ele>
        <time>2023-01-28T06:03:20Z</time>
        <hdop>1.6</hdop>
        <extensions>
          <speed>1.061</speed>
        </extensions>
      </trkpt>
      <trkpt lat="55.6173683" lon="27.4726433">
        <ele>141.4</ele>
        <time>2023-01-28T06:03:26Z</time>
        <hdop>1.7</hdop>
        <extensions>
          <speed>0.939</speed>
        </extensions>
      </trkpt>
      <trkpt lat="55.6174133" lon="27.47255">
        <ele>141</ele>
        <time>2023-01-28T06:03:32Z</time>
        <hdop>1.8</hdop>
        <extensions>
          <speed>1.078</speed>
        </extensions>
      </trkpt>
      <trkpt lat="55.617465" lon="27.47246">
        <ele>139.4</ele>
        <time>2023-01-28T06:03:38Z</time>
        <hdop>1.8</hdop>
        <extensions>
          <speed>1.156</speed>
        </extensions>
      </trkpt>
      <trkpt lat="55.6175017" lon="27.4723767">
        <ele>138.1</ele>
        <time>2023-01-28T06:03:44Z</time>
        <hdop>1.8</hdop>
        <extensions>
          <speed>1.315</speed>
        </extensions>
      </trkpt>
      <trkpt lat="55.6175267" lon="27.4723033">
        <ele>137.2</ele>
        <time>2023-01-28T06:03:50Z</time>
        <hdop>1.7</hdop>
        <extensions>
          <speed>0.995</speed>
        </extensions>
      </trkpt>
      <trkpt lat="55.6175617" lon="27.472235">
        <ele>136.2</ele>
        <time>2023-01-28T06:03:56Z</time>
        <hdop>1.7</hdop>
        <extensions>
          <speed>0.811</speed>
        </extensions>
      </trkpt>
      <trkpt lat="55.61762" lon="27.4721717">
        <ele>136.4</ele>
        <time>2023-01-28T06:04:02Z</time>
        <hdop>1.7</hdop>
        <extensions>
          <speed>0.768</speed>
        </extensions>
      </trkpt>
      <trkpt lat="55.6176567" lon="27.47213">
        <ele>136.4</ele>
        <time>2023-01-28T06:04:08Z</time>
        <hdop>1.7</hdop>
        <extensions>
          <speed>0.978</speed>
        </extensions>
      </trkpt>
      <trkpt lat="55.6176767" lon="27.4720567">
        <ele>136.5</ele>
        <time>2023-01-28T06:04:14Z</time>
        <hdop>1.8</hdop>
        <extensions>
          <speed>0.918</speed>
        </extensions>
      </trkpt>
      <trkpt lat="55.61771" lon="27.47202">
        <ele>137.4</ele>
        <time>2023-01-28T06:04:20Z</time>
        <hdop>1.7</hdop>
        <extensions>
          <speed>0.777</speed>
        </extensions>
      </trkpt>
      <trkpt lat="55.6177667" lon="27.472005">
        <ele>137.6</ele>
        <time>2023-01-28T06:04:26Z</time>
        <hdop>1.7</hdop>
        <extensions>
          <speed>0.789</speed>
        </extensions>
      </trkpt>
      <trkpt lat="55.6178117" lon="27.4720017">
        <ele>137.7</ele>
        <time>2023-01-28T06:04:32Z</time>
        <hdop>1.7</hdop>
        <extensions>
          <speed>0.848</speed>
        </extensions>
      </trkpt>
      <trkpt lat="55.6178433" lon="27.4719467">
        <ele>137.6</ele>
        <time>2023-01-28T06:04:38Z</time>
        <hdop>1.7</hdop>
        <extensions>
          <speed>0.785</speed>
        </extensions>
      </trkpt>
      <trkpt lat="55.6178767" lon="27.4718833">
        <ele>137.5</ele>
        <time>2023-01-28T06:04:44Z</time>
        <hdop>1.8</hdop>
        <extensions>
          <speed>0.837</speed>
        </extensions>
      </trkpt>
      <trkpt lat="55.6178983" lon="27.4718033">
        <ele>137.7</ele>
        <time>2023-01-28T06:04:50Z</time>
        <hdop>1.7</hdop>
        <extensions>
          <speed>0.984</speed>
        </extensions>
      </trkpt>
      <trkpt lat="55.6179333" lon="27.47172">
        <ele>138.6</ele>
        <time>2023-01-28T06:04:56Z</time>
        <hdop>1.8</hdop>
        <extensions>
          <speed>0.978</speed>
        </extensions>
      </trkpt>
      <trkpt lat="55.6179833" lon="27.4716617">
        <ele>139.2</ele>
        <time>2023-01-28T06:05:02Z</time>
        <hdop>1.8</hdop>
        <extensions>
          <speed>0.994</speed>
        </extensions>
      </trkpt>
      <trkpt lat="55.6180233" lon="27.4716233">
        <ele>139.7</ele>
        <time>2023-01-28T06:05:08Z</time>
        <hdop>1.9</hdop>
        <extensions>
          <speed>0.869</speed>
        </extensions>
      </trkpt>
      <trkpt lat="55.6180817" lon="27.4715967">
        <ele>139.3</ele>
        <time>2023-01-28T06:05:14Z</time>
        <hdop>1.8</hdop>
        <extensions>
          <speed>0.902</speed>
        </extensions>
      </trkpt>
      <trkpt lat="55.6181117" lon="27.4715133">
        <ele>139.6</ele>
        <time>2023-01-28T06:05:20Z</time>
        <hdop>1.7</hdop>
        <extensions>
          <speed>0.988</speed>
        </extensions>
      </trkpt>
      <trkpt lat="55.6181483" lon="27.4714433">
        <ele>139.9</ele>
        <time>2023-01-28T06:05:26Z</time>
        <hdop>1.6</hdop>
        <extensions>
          <speed>0.888</speed>
        </extensions>
      </trkpt>
      <trkpt lat="55.6181683" lon="27.4714333">
        <ele>141.1</ele>
        <time>2023-01-28T06:05:32Z</time>
        <hdop>1.8</hdop>
        <extensions>
          <speed>0.547</speed>
        </extensions>
      </trkpt>
      <trkpt lat="55.6181717" lon="27.4713983">
        <ele>143.4</ele>
        <time>2023-01-28T06:06:29Z</time>
        <hdop>1.6</hdop>
        <extensions>
          <speed>0.314</speed>
        </extensions>
      </trkpt>
      <trkpt lat="55.6181867" lon="27.47135">
        <ele>143.8</ele>
        <time>2023-01-28T06:06:35Z</time>
        <hdop>1.8</hdop>
        <extensions>
          <speed>0.62</speed>
        </extensions>
      </trkpt>
      <trkpt lat="55.6182233" lon="27.4713233">
        <ele>144.3</ele>
        <time>2023-01-28T06:06:41Z</time>
        <hdop>1.8</hdop>
        <extensions>
          <speed>0.651</speed>
        </extensions>
      </trkpt>
      <trkpt lat="55.618255" lon="27.4712367">
        <ele>144.6</ele>
        <time>2023-01-28T06:06:47Z</time>
        <hdop>1.8</hdop>
        <extensions>
          <speed>0.79</speed>
        </extensions>
      </trkpt>
      <trkpt lat="55.6182683" lon="27.4711217">
        <ele>144.2</ele>
        <time>2023-01-28T06:06:53Z</time>
        <hdop>1.7</hdop>
        <extensions>
          <speed>0.991</speed>
        </extensions>
      </trkpt>
      <trkpt lat="55.6182933" lon="27.4710767">
        <ele>144.7</ele>
        <time>2023-01-28T06:06:58Z</time>
        <hdop>1.6</hdop>
        <extensions>
          <speed>0.854</speed>
        </extensions>
      </trkpt>
      <trkpt lat="55.6183333" lon="27.4710717">
        <ele>145</ele>
        <time>2023-01-28T06:07:03Z</time>
        <hdop>1.7</hdop>
        <extensions>
          <speed>0.676</speed>
        </extensions>
      </trkpt>
      <trkpt lat="55.6183583" lon="27.4710817">
        <ele>145</ele>
        <time>2023-01-28T06:07:08Z</time>
        <hdop>1.7</hdop>
        <extensions>
          <speed>0.64</speed>
        </extensions>
      </trkpt>
      <trkpt lat="55.618335" lon="27.4710817">
        <ele>142.3</ele>
        <time>2023-01-28T06:08:01Z</time>
        <hdop>1.5</hdop>
        <extensions>
          <speed>0.199</speed>
        </extensions>
      </trkpt>
      <trkpt lat="55.618365" lon="27.4710983">
        <ele>141.9</ele>
        <time>2023-01-28T06:08:06Z</time>
        <hdop>1.6</hdop>
        <extensions>
          <speed>0.459</speed>
        </extensions>
      </trkpt>
      <trkpt lat="55.618385" lon="27.4710583">
        <ele>141.4</ele>
        <time>2023-01-28T06:08:11Z</time>
        <hdop>1.7</hdop>
        <extensions>
          <speed>0.65</speed>
        </extensions>
      </trkpt>
      <trkpt lat="55.6184167" lon="27.4709817">
        <ele>140.7</ele>
        <time>2023-01-28T06:08:17Z</time>
        <hdop>1.6</hdop>
        <extensions>
          <speed>0.907</speed>
        </extensions>
      </trkpt>
      <trkpt lat="55.6184333" lon="27.4709467">
        <ele>140.3</ele>
        <time>2023-01-28T06:08:22Z</time>
        <hdop>1.5</hdop>
        <extensions>
          <speed>0.873</speed>
        </extensions>
      </trkpt>
      <trkpt lat="55.6184433" lon="27.4708533">
        <ele>139.6</ele>
        <time>2023-01-28T06:08:28Z</time>
        <hdop>1.6</hdop>
        <extensions>
          <speed>0.769</speed>
        </extensions>
      </trkpt>
      <trkpt lat="55.6184767" lon="27.470785">
        <ele>139.5</ele>
        <time>2023-01-28T06:08:33Z</time>
        <hdop>1.6</hdop>
        <extensions>
          <speed>0.892</speed>
        </extensions>
      </trkpt>
      <trkpt lat="55.6185083" lon="27.4707433">
        <ele>139.2</ele>
        <time>2023-01-28T06:08:38Z</time>
        <hdop>1.6</hdop>
        <extensions>
          <speed>0.9</speed>
        </extensions>
      </trkpt>
      <trkpt lat="55.618545" lon="27.4706733">
        <ele>138.6</ele>
        <time>2023-01-28T06:08:44Z</time>
        <hdop>1.6</hdop>
        <extensions>
          <speed>0.873</speed>
        </extensions>
      </trkpt>
      <trkpt lat="55.61859" lon="27.47061">
        <ele>137.8</ele>
        <time>2023-01-28T06:08:50Z</time>
        <hdop>1.7</hdop>
        <extensions>
          <speed>0.916</speed>
        </extensions>
      </trkpt>
      <trkpt lat="55.6186333" lon="27.4705517">
        <ele>137.3</ele>
        <time>2023-01-28T06:08:56Z</time>
        <hdop>1.6</hdop>
        <extensions>
          <speed>0.915</speed>
        </extensions>
      </trkpt>
      <trkpt lat="55.6186783" lon="27.47047">
        <ele>136.6</ele>
        <time>2023-01-28T06:09:02Z</time>
        <hdop>1.6</hdop>
        <extensions>
          <speed>1.1</speed>
        </extensions>
      </trkpt>
      <trkpt lat="55.6187183" lon="27.4703533">
        <ele>136.4</ele>
        <time>2023-01-28T06:09:08Z</time>
        <hdop>1.6</hdop>
        <extensions>
          <speed>1.26</speed>
        </extensions>
      </trkpt>
      <trkpt lat="55.6187417" lon="27.4702467">
        <ele>136.8</ele>
        <time>2023-01-28T06:09:14Z</time>
        <hdop>1.7</hdop>
        <extensions>
          <speed>1.219</speed>
        </extensions>
      </trkpt>
      <trkpt lat="55.618765" lon="27.4701817">
        <ele>137.7</ele>
        <time>2023-01-28T06:09:20Z</time>
        <hdop>1.7</hdop>
        <extensions>
          <speed>0.91</speed>
        </extensions>
      </trkpt>
      <trkpt lat="55.6188017" lon="27.47009">
        <ele>138.3</ele>
        <time>2023-01-28T06:09:26Z</time>
        <hdop>1.6</hdop>
        <extensions>
          <speed>0.933</speed>
        </extensions>
      </trkpt>
      <trkpt lat="55.6188183" lon="27.47002">
        <ele>139</ele>
        <time>2023-01-28T06:09:32Z</time>
        <hdop>1.6</hdop>
        <extensions>
          <speed>0.871</speed>
        </extensions>
      </trkpt>
      <trkpt lat="55.6188517" lon="27.469965">
        <ele>139.6</ele>
        <time>2023-01-28T06:09:38Z</time>
        <hdop>1.5</hdop>
        <extensions>
          <speed>0.635</speed>
        </extensions>
      </trkpt>
      <trkpt lat="55.61888" lon="27.469885">
        <ele>139.4</ele>
        <time>2023-01-28T06:09:44Z</time>
        <hdop>1.7</hdop>
        <extensions>
          <speed>0.881</speed>
        </extensions>
      </trkpt>
      <trkpt lat="55.6188817" lon="27.4699267">
        <ele>138.9</ele>
        <time>2023-01-28T06:09:52Z</time>
        <hdop>1.7</hdop>
        <extensions>
          <speed>0.259</speed>
        </extensions>
      </trkpt>
      <trkpt lat="55.618885" lon="27.469855">
        <ele>138.4</ele>
        <time>2023-01-28T06:10:05Z</time>
        <hdop>1.4</hdop>
        <extensions>
          <speed>0.393</speed>
        </extensions>
      </trkpt>
      <trkpt lat="55.6188917" lon="27.4697933">
        <ele>138.1</ele>
        <time>2023-01-28T06:10:10Z</time>
        <hdop>1.9</hdop>
        <extensions>
          <speed>0.592</speed>
        </extensions>
      </trkpt>
      <trkpt lat="55.618935" lon="27.469705">
        <ele>139</ele>
        <time>2023-01-28T06:10:16Z</time>
        <hdop>1.8</hdop>
        <extensions>
          <speed>1.052</speed>
        </extensions>
      </trkpt>
      <trkpt lat="55.61898" lon="27.4696133">
        <ele>140.6</ele>
        <time>2023-01-28T06:10:22Z</time>
        <hdop>1.8</hdop>
        <extensions>
          <speed>1.332</speed>
        </extensions>
      </trkpt>
      <trkpt lat="55.61901" lon="27.4695117">
        <ele>142</ele>
        <time>2023-01-28T06:10:27Z</time>
        <hdop>1.8</hdop>
        <extensions>
          <speed>1.27</speed>
        </extensions>
      </trkpt>
      <trkpt lat="55.6190267" lon="27.4694183">
        <ele>142.7</ele>
        <time>2023-01-28T06:10:32Z</time>
        <hdop>1.9</hdop>
        <extensions>
          <speed>1.176</speed>
        </extensions>
      </trkpt>
      <trkpt lat="55.6190417" lon="27.469325">
        <ele>143.2</ele>
        <time>2023-01-28T06:10:38Z</time>
        <hdop>1.8</hdop>
        <extensions>
          <speed>1.12</speed>
        </extensions>
      </trkpt>
      <trkpt lat="55.619025" lon="27.46923">
        <ele>142.6</ele>
        <time>2023-01-28T06:10:44Z</time>
        <hdop>1.8</hdop>
        <extensions>
          <speed>1.115</speed>
        </extensions>
      </trkpt>
      <trkpt lat="55.6190333" lon="27.46918">
        <ele>143</ele>
        <time>2023-01-28T06:10:50Z</time>
        <hdop>1.8</hdop>
        <extensions>
          <speed>0.733</speed>
        </extensions>
      </trkpt>
      <trkpt lat="55.6190567" lon="27.46913">
        <ele>143.3</ele>
        <time>2023-01-28T06:10:56Z</time>
        <hdop>1.7</hdop>
        <extensions>
          <speed>0.566</speed>
        </extensions>
      </trkpt>
      <trkpt lat="55.6190633" lon="27.469075">
        <ele>142.9</ele>
        <time>2023-01-28T06:11:02Z</time>
        <hdop>1.7</hdop>
        <extensions>
          <speed>0.567</speed>
        </extensions>
      </trkpt>
      <trkpt lat="55.619085" lon="27.468975">
        <ele>143.8</ele>
        <time>2023-01-28T06:11:08Z</time>
        <hdop>1.7</hdop>
        <extensions>
          <speed>0.758</speed>
        </extensions>
      </trkpt>
      <trkpt lat="55.61912" lon="27.4688767">
        <ele>144.4</ele>
        <time>2023-01-28T06:11:14Z</time>
        <hdop>1.7</hdop>
        <extensions>
          <speed>0.933</speed>
        </extensions>
      </trkpt>
      <trkpt lat="55.6191217" lon="27.4688067">
        <ele>144.8</ele>
        <time>2023-01-28T06:11:20Z</time>
        <hdop>1.8</hdop>
        <extensions>
          <speed>0.899</speed>
        </extensions>
      </trkpt>
      <trkpt lat="55.6191483" lon="27.4687083">
        <ele>145.4</ele>
        <time>2023-01-28T06:11:26Z</time>
        <hdop>1.8</hdop>
        <extensions>
          <speed>0.893</speed>
        </extensions>
      </trkpt>
      <trkpt lat="55.619155" lon="27.46861">
        <ele>145.6</ele>
        <time>2023-01-28T06:11:32Z</time>
        <hdop>1.8</hdop>
        <extensions>
          <speed>0.899</speed>
        </extensions>
      </trkpt>
      <trkpt lat="55.61917" lon="27.46851">
        <ele>145.7</ele>
        <time>2023-01-28T06:11:38Z</time>
        <hdop>1.7</hdop>
        <extensions>
          <speed>0.932</speed>
        </extensions>
      </trkpt>
      <trkpt lat="55.6191933" lon="27.4684317">
        <ele>145.3</ele>
        <time>2023-01-28T06:11:44Z</time>
        <hdop>1.7</hdop>
        <extensions>
          <speed>1.009</speed>
        </extensions>
      </trkpt>
      <trkpt lat="55.6192267" lon="27.4683717">
        <ele>144.6</ele>
        <time>2023-01-28T06:11:50Z</time>
        <hdop>1.6</hdop>
        <extensions>
          <speed>0.935</speed>
        </extensions>
      </trkpt>
      <trkpt lat="55.61925" lon="27.4682883">
        <ele>144.5</ele>
        <time>2023-01-28T06:11:56Z</time>
        <hdop>1.7</hdop>
        <extensions>
          <speed>0.933</speed>
        </extensions>
      </trkpt>
      <trkpt lat="55.6192417" lon="27.4681917">
        <ele>144.3</ele>
        <time>2023-01-28T06:12:02Z</time>
        <hdop>1.9</hdop>
        <extensions>
          <speed>0.946</speed>
        </extensions>
      </trkpt>
      <trkpt lat="55.6192417" lon="27.4680483">
        <ele>144.4</ele>
        <time>2023-01-28T06:12:08Z</time>
        <hdop>1.8</hdop>
        <extensions>
          <speed>0.944</speed>
        </extensions>
      </trkpt>
      <trkpt lat="55.6192517" lon="27.4679867">
        <ele>144.3</ele>
        <time>2023-01-28T06:12:14Z</time>
        <hdop>1.7</hdop>
        <extensions>
          <speed>0.739</speed>
        </extensions>
      </trkpt>
      <trkpt lat="55.6192533" lon="27.4679283">
        <ele>140.8</ele>
        <time>2023-01-28T06:13:53Z</time>
        <hdop>1.8</hdop>
        <extensions>
          <speed>0.321</speed>
        </extensions>
      </trkpt>
      <trkpt lat="55.6192433" lon="27.46786">
        <ele>140.3</ele>
        <time>2023-01-28T06:13:58Z</time>
        <hdop>1.9</hdop>
        <extensions>
          <speed>0.689</speed>
        </extensions>
      </trkpt>
      <trkpt lat="55.619225" lon="27.46784">
        <ele>140.5</ele>
        <time>2023-01-28T06:14:04Z</time>
        <hdop>1.9</hdop>
        <extensions>
          <speed>0.672</speed>
        </extensions>
      </trkpt>
      <trkpt lat="55.619215" lon="27.4677967">
        <ele>140.1</ele>
        <time>2023-01-28T06:14:10Z</time>
        <hdop>2</hdop>
        <extensions>
          <speed>0.445</speed>
        </extensions>
      </trkpt>
      <trkpt lat="55.6192217" lon="27.4677317">
        <ele>138.9</ele>
        <time>2023-01-28T06:14:16Z</time>
        <hdop>1.8</hdop>
        <extensions>
          <speed>0.54</speed>
        </extensions>
      </trkpt>
      <trkpt lat="55.6192383" lon="27.4676733">
        <ele>138.8</ele>
        <time>2023-01-28T06:14:21Z</time>
        <hdop>1.9</hdop>
        <extensions>
          <speed>0.629</speed>
        </extensions>
      </trkpt>
      <trkpt lat="55.6192633" lon="27.4675867">
        <ele>138.4</ele>
        <time>2023-01-28T06:14:26Z</time>
        <hdop>1.8</hdop>
        <extensions>
          <speed>0.8</speed>
        </extensions>
      </trkpt>
      <trkpt lat="55.6192767" lon="27.46749">
        <ele>138.5</ele>
        <time>2023-01-28T06:14:32Z</time>
        <hdop>1.6</hdop>
        <extensions>
          <speed>0.862</speed>
        </extensions>
      </trkpt>
      <trkpt lat="55.6193033" lon="27.4674233">
        <ele>138.2</ele>
        <time>2023-01-28T06:14:38Z</time>
        <hdop>1.8</hdop>
        <extensions>
          <speed>0.739</speed>
        </extensions>
      </trkpt>
      <trkpt lat="55.61933" lon="27.4673317">
        <ele>138.9</ele>
        <time>2023-01-28T06:14:44Z</time>
        <hdop>1.6</hdop>
        <extensions>
          <speed>0.82</speed>
        </extensions>
      </trkpt>
      <trkpt lat="55.61937" lon="27.4672733">
        <ele>140.1</ele>
        <time>2023-01-28T06:14:50Z</time>
        <hdop>1.8</hdop>
        <extensions>
          <speed>0.676</speed>
        </extensions>
      </trkpt>
      <trkpt lat="55.61939" lon="27.4672767">
        <ele>141.2</ele>
        <time>2023-01-28T06:14:58Z</time>
        <hdop>1.6</hdop>
        <extensions>
          <speed>0.269</speed>
        </extensions>
      </trkpt>
      <trkpt lat="55.61942" lon="27.4672917">
        <ele>142.4</ele>
        <time>2023-01-28T06:15:09Z</time>
        <hdop>1.9</hdop>
        <extensions>
          <speed>0.333</speed>
        </extensions>
      </trkpt>
      <trkpt lat="55.6193683" lon="27.4672467">
        <ele>142</ele>
        <time>2023-01-28T06:15:30Z</time>
        <hdop>1.8</hdop>
        <extensions>
          <speed>0.289</speed>
        </extensions>
      </trkpt>
      <trkpt lat="55.61937" lon="27.467175">
        <ele>142.1</ele>
        <time>2023-01-28T06:15:36Z</time>
        <hdop>1.7</hdop>
        <extensions>
          <speed>0.444</speed>
        </extensions>
      </trkpt>
      <trkpt lat="55.6193783" lon="27.4671317">
        <ele>142.6</ele>
        <time>2023-01-28T06:15:42Z</time>
        <hdop>1.7</hdop>
        <extensions>
          <speed>0.396</speed>
        </extensions>
      </trkpt>
      <trkpt lat="55.6193783" lon="27.467065">
        <ele>143</ele>
        <time>2023-01-28T06:15:48Z</time>
        <hdop>1.7</hdop>
        <extensions>
          <speed>0.47</speed>
        </extensions>
      </trkpt>
      <trkpt lat="55.6193983" lon="27.4670417">
        <ele>143.4</ele>
        <time>2023-01-28T06:15:57Z</time>
        <hdop>1.4</hdop>
        <extensions>
          <speed>0.361</speed>
        </extensions>
      </trkpt>
      <trkpt lat="55.6194067" lon="27.4670117">
        <ele>143.8</ele>
        <time>2023-01-28T06:16:02Z</time>
        <hdop>1.7</hdop>
        <extensions>
          <speed>0.495</speed>
        </extensions>
      </trkpt>
      <trkpt lat="55.6194117" lon="27.4669767">
        <ele>144.1</ele>
        <time>2023-01-28T06:16:08Z</time>
        <hdop>1.7</hdop>
      </trkpt>
      <trkpt lat="55.6194233" lon="27.46693">
        <ele>144</ele>
        <time>2023-01-28T06:16:17Z</time>
        <hdop>1.7</hdop>
        <extensions>
          <speed>0.284</speed>
        </extensions>
      </trkpt>
      <trkpt lat="55.61942" lon="27.4668867">
        <ele>143.7</ele>
        <time>2023-01-28T06:16:23Z</time>
        <hdop>1.7</hdop>
        <extensions>
          <speed>0.414</speed>
        </extensions>
      </trkpt>
      <trkpt lat="55.6194317" lon="27.4668533">
        <ele>144.1</ele>
        <time>2023-01-28T06:16:28Z</time>
        <hdop>1.7</hdop>
        <extensions>
          <speed>0.423</speed>
        </extensions>
      </trkpt>
      <trkpt lat="55.6194267" lon="27.4668033">
        <ele>144.1</ele>
        <time>2023-01-28T06:16:34Z</time>
        <hdop>1.8</hdop>
      </trkpt>
      <trkpt lat="55.619425" lon="27.4667317">
        <ele>144.8</ele>
        <time>2023-01-28T06:16:48Z</time>
        <hdop>1.4</hdop>
        <extensions>
          <speed>0.279</speed>
        </extensions>
      </trkpt>
      <trkpt lat="55.619445" lon="27.466695">
        <ele>144.8</ele>
        <time>2023-01-28T06:17:05Z</time>
        <hdop>1.5</hdop>
        <extensions>
          <speed>0.324</speed>
        </extensions>
      </trkpt>
      <trkpt lat="55.619455" lon="27.46666">
        <ele>144.5</ele>
        <time>2023-01-28T06:17:10Z</time>
        <hdop>1.6</hdop>
        <extensions>
          <speed>0.462</speed>
        </extensions>
      </trkpt>
      <trkpt lat="55.6194667" lon="27.466635">
        <ele>144.3</ele>
        <time>2023-01-28T06:17:26Z</time>
        <hdop>1.5</hdop>
      </trkpt>
      <trkpt lat="55.6194833" lon="27.4666">
        <ele>144.4</ele>
        <time>2023-01-28T06:17:32Z</time>
        <hdop>1.8</hdop>
      </trkpt>
      <trkpt lat="55.6195033" lon="27.46657">
        <ele>144.6</ele>
        <time>2023-01-28T06:17:38Z</time>
        <hdop>1.9</hdop>
      </trkpt>
      <trkpt lat="55.6195217" lon="27.4665167">
        <ele>144.6</ele>
        <time>2023-01-28T06:17:44Z</time>
        <hdop>1.7</hdop>
        <extensions>
          <speed>0.354</speed>
        </extensions>
      </trkpt>
      <trkpt lat="55.6195383" lon="27.4664083">
        <ele>144.6</ele>
        <time>2023-01-28T06:17:50Z</time>
        <hdop>2</hdop>
        <extensions>
          <speed>0.652</speed>
        </extensions>
      </trkpt>
      <trkpt lat="55.6195583" lon="27.4663517">
        <ele>144.7</ele>
        <time>2023-01-28T06:17:56Z</time>
        <hdop>1.9</hdop>
        <extensions>
          <speed>0.687</speed>
        </extensions>
      </trkpt>
      <trkpt lat="55.6195833" lon="27.4663133">
        <ele>144.6</ele>
        <time>2023-01-28T06:18:02Z</time>
        <hdop>1.9</hdop>
        <extensions>
          <speed>0.605</speed>
        </extensions>
      </trkpt>
      <trkpt lat="55.6196233" lon="27.46628">
        <ele>144.3</ele>
        <time>2023-01-28T06:18:08Z</time>
        <hdop>2</hdop>
        <extensions>
          <speed>0.546</speed>
        </extensions>
      </trkpt>
      <trkpt lat="55.61967" lon="27.4662367">
        <ele>143.9</ele>
        <time>2023-01-28T06:18:14Z</time>
        <hdop>2</hdop>
      </trkpt>
      <trkpt lat="55.61971" lon="27.4662017">
        <ele>143.2</ele>
        <time>2023-01-28T06:18:20Z</time>
        <hdop>2.1</hdop>
        <extensions>
          <speed>0.483</speed>
        </extensions>
      </trkpt>
      <trkpt lat="55.6197467" lon="27.4661517">
        <ele>142.5</ele>
        <time>2023-01-28T06:18:26Z</time>
        <hdop>2.1</hdop>
        <extensions>
          <speed>0.589</speed>
        </extensions>
      </trkpt>
      <trkpt lat="55.6197683" lon="27.4660933">
        <ele>141.7</ele>
        <time>2023-01-28T06:18:32Z</time>
        <hdop>2</hdop>
        <extensions>
          <speed>0.488</speed>
        </extensions>
      </trkpt>
      <trkpt lat="55.6198067" lon="27.4660617">
        <ele>141.6</ele>
        <time>2023-01-28T06:18:38Z</time>
        <hdop>1.9</hdop>
        <extensions>
          <speed>0.544</speed>
        </extensions>
      </trkpt>
      <trkpt lat="55.619835" lon="27.4660133">
        <ele>141.6</ele>
        <time>2023-01-28T06:18:44Z</time>
        <hdop>2</hdop>
      </trkpt>
      <trkpt lat="55.6198933" lon="27.4660267">
        <ele>141.7</ele>
        <time>2023-01-28T06:18:50Z</time>
        <hdop>1.9</hdop>
        <extensions>
          <speed>0.703</speed>
        </extensions>
      </trkpt>
      <trkpt lat="55.6199267" lon="27.4660183">
        <ele>141.6</ele>
        <time>2023-01-28T06:18:56Z</time>
        <hdop>2</hdop>
        <extensions>
          <speed>0.719</speed>
        </extensions>
      </trkpt>
      <trkpt lat="55.619945" lon="27.4659783">
        <ele>141.6</ele>
        <time>2023-01-28T06:19:02Z</time>
        <hdop>1.9</hdop>
        <extensions>
          <speed>0.475</speed>
        </extensions>
      </trkpt>
      <trkpt lat="55.6199883" lon="27.4659433">
        <ele>140.9</ele>
        <time>2023-01-28T06:19:08Z</time>
        <hdop>1.9</hdop>
      </trkpt>
      <trkpt lat="55.620025" lon="27.4659033">
        <ele>141.1</ele>
        <time>2023-01-28T06:19:14Z</time>
        <hdop>2</hdop>
        <extensions>
          <speed>0.505</speed>
        </extensions>
      </trkpt>
      <trkpt lat="55.62008" lon="27.46585">
        <ele>141.5</ele>
        <time>2023-01-28T06:19:20Z</time>
        <hdop>1.9</hdop>
        <extensions>
          <speed>0.575</speed>
        </extensions>
      </trkpt>
      <trkpt lat="55.6201217" lon="27.4657983">
        <ele>142.6</ele>
        <time>2023-01-28T06:19:26Z</time>
        <hdop>1.9</hdop>
        <extensions>
          <speed>0.738</speed>
        </extensions>
      </trkpt>
      <trkpt lat="55.62018" lon="27.4657633">
        <ele>143.9</ele>
        <time>2023-01-28T06:19:32Z</time>
        <hdop>1.8</hdop>
        <extensions>
          <speed>0.732</speed>
        </extensions>
      </trkpt>
      <trkpt lat="55.6202383" lon="27.4657417">
        <ele>144.7</ele>
        <time>2023-01-28T06:19:38Z</time>
        <hdop>1.8</hdop>
        <extensions>
          <speed>0.925</speed>
        </extensions>
      </trkpt>
      <trkpt lat="55.6202533" lon="27.46568">
        <ele>143.2</ele>
        <time>2023-01-28T06:19:44Z</time>
        <hdop>1.9</hdop>
        <extensions>
          <speed>0.721</speed>
        </extensions>
      </trkpt>
      <trkpt lat="55.62027" lon="27.46566">
        <ele>142.9</ele>
        <time>2023-01-28T06:19:51Z</time>
        <hdop>2</hdop>
      </trkpt>
      <trkpt lat="55.6203267" lon="27.4656383">
        <ele>143.5</ele>
        <time>2023-01-28T06:19:56Z</time>
        <hdop>2</hdop>
        <extensions>
          <speed>0.458</speed>
        </extensions>
      </trkpt>
      <trkpt lat="55.6203767" lon="27.4655783">
        <ele>144.8</ele>
        <time>2023-01-28T06:20:02Z</time>
        <hdop>1.9</hdop>
        <extensions>
          <speed>0.715</speed>
        </extensions>
      </trkpt>
      <trkpt lat="55.62041" lon="27.4655433">
        <ele>145.5</ele>
        <time>2023-01-28T06:20:08Z</time>
        <hdop>1.9</hdop>
        <extensions>
          <speed>0.655</speed>
        </extensions>
      </trkpt>
      <trkpt lat="55.620465" lon="27.4654933">
        <ele>145.9</ele>
        <time>2023-01-28T06:20:14Z</time>
        <hdop>1.9</hdop>
        <extensions>
          <speed>0.61</speed>
        </extensions>
      </trkpt>
      <trkpt lat="55.6205033" lon="27.4654267">
        <ele>146.3</ele>
        <time>2023-01-28T06:20:20Z</time>
        <hdop>1.9</hdop>
        <extensions>
          <speed>0.742</speed>
        </extensions>
      </trkpt>
      <trkpt lat="55.6205533" lon="27.4654133">
        <ele>146.9</ele>
        <time>2023-01-28T06:20:26Z</time>
        <hdop>1.9</hdop>
        <extensions>
          <speed>0.715</speed>
        </extensions>
      </trkpt>
      <trkpt lat="55.6205917" lon="27.4653917">
        <ele>147.4</ele>
        <time>2023-01-28T06:20:32Z</time>
        <hdop>2</hdop>
        <extensions>
          <speed>0.538</speed>
        </extensions>
      </trkpt>
      <trkpt lat="55.6206467" lon="27.465345">
        <ele>148.1</ele>
        <time>2023-01-28T06:20:38Z</time>
        <hdop>1.9</hdop>
      </trkpt>
      <trkpt lat="55.6206917" lon="27.46533">
        <ele>148.5</ele>
        <time>2023-01-28T06:20:44Z</time>
        <hdop>1.9</hdop>
        <extensions>
          <speed>0.696</speed>
        </extensions>
      </trkpt>
      <trkpt lat="55.62072" lon="27.4652833">
        <ele>148.2</ele>
        <time>2023-01-28T06:20:50Z</time>
        <hdop>1.9</hdop>
        <extensions>
          <speed>0.706</speed>
        </extensions>
      </trkpt>
      <trkpt lat="55.6207767" lon="27.4652833">
        <ele>147.7</ele>
        <time>2023-01-28T06:20:56Z</time>
        <hdop>1.9</hdop>
        <extensions>
          <speed>0.636</speed>
        </extensions>
      </trkpt>
      <trkpt lat="55.62085" lon="27.465275">
        <ele>147.6</ele>
        <time>2023-01-28T06:21:02Z</time>
        <hdop>2</hdop>
        <extensions>
          <speed>0.869</speed>
        </extensions>
      </trkpt>
      <trkpt lat="55.620895" lon="27.4652983">
        <ele>147.8</ele>
        <time>2023-01-28T06:21:08Z</time>
        <hdop>1.9</hdop>
        <extensions>
          <speed>0.884</speed>
        </extensions>
      </trkpt>
      <trkpt lat="55.6209383" lon="27.465315">
        <ele>148.6</ele>
        <time>2023-01-28T06:21:14Z</time>
        <hdop>1.9</hdop>
        <extensions>
          <speed>0.617</speed>
        </extensions>
      </trkpt>
      <trkpt lat="55.620975" lon="27.4653067">
        <ele>148.3</ele>
        <time>2023-01-28T06:21:20Z</time>
        <hdop>1.9</hdop>
        <extensions>
          <speed>0.657</speed>
        </extensions>
      </trkpt>
      <trkpt lat="55.621045" lon="27.465275">
        <ele>148.3</ele>
        <time>2023-01-28T06:21:26Z</time>
        <hdop>1.9</hdop>
        <extensions>
          <speed>0.674</speed>
        </extensions>
      </trkpt>
      <trkpt lat="55.621095" lon="27.46525">
        <ele>148.3</ele>
        <time>2023-01-28T06:21:32Z</time>
        <hdop>2</hdop>
      </trkpt>
      <trkpt lat="55.6211517" lon="27.4652383">
        <ele>148.7</ele>
        <time>2023-01-28T06:21:38Z</time>
        <hdop>2</hdop>
        <extensions>
          <speed>0.706</speed>
        </extensions>
      </trkpt>
      <trkpt lat="55.6212" lon="27.46528">
        <ele>148.8</ele>
        <time>2023-01-28T06:21:44Z</time>
        <hdop>2.1</hdop>
      </trkpt>
      <trkpt lat="55.6212067" lon="27.4653117">
        <ele>149.2</ele>
        <time>2023-01-28T06:21:50Z</time>
        <hdop>1.8</hdop>
        <extensions>
          <speed>0.418</speed>
        </extensions>
      </trkpt>
      <trkpt lat="55.6212283" lon="27.46535">
        <ele>149.8</ele>
        <time>2023-01-28T06:21:56Z</time>
        <hdop>1.8</hdop>
        <extensions>
          <speed>0.448</speed>
        </extensions>
      </trkpt>
      <trkpt lat="55.6212633" lon="27.465385">
        <ele>150.1</ele>
        <time>2023-01-28T06:22:02Z</time>
        <hdop>1.9</hdop>
        <extensions>
          <speed>0.563</speed>
        </extensions>
      </trkpt>
      <trkpt lat="55.621315" lon="27.465395">
        <ele>149</ele>
        <time>2023-01-28T06:22:08Z</time>
        <hdop>2</hdop>
        <extensions>
          <speed>0.583</speed>
        </extensions>
      </trkpt>
      <trkpt lat="55.6213583" lon="27.4654067">
        <ele>148.2</ele>
        <time>2023-01-28T06:22:14Z</time>
        <hdop>2</hdop>
        <extensions>
          <speed>0.501</speed>
        </extensions>
      </trkpt>
      <trkpt lat="55.6214183" lon="27.46539">
        <ele>146.7</ele>
        <time>2023-01-28T06:22:20Z</time>
        <hdop>1.9</hdop>
        <extensions>
          <speed>0.561</speed>
        </extensions>
      </trkpt>
      <trkpt lat="55.6214533" lon="27.4653317">
        <ele>145.2</ele>
        <time>2023-01-28T06:22:26Z</time>
        <hdop>1.8</hdop>
        <extensions>
          <speed>0.628</speed>
        </extensions>
      </trkpt>
      <trkpt lat="55.62148" lon="27.46532">
        <ele>144.3</ele>
        <time>2023-01-28T06:22:32Z</time>
        <hdop>1.8</hdop>
        <extensions>
          <speed>0.631</speed>
        </extensions>
      </trkpt>
      <trkpt lat="55.6214967" lon="27.4652867">
        <ele>143.7</ele>
        <time>2023-01-28T06:22:38Z</time>
        <hdop>1.8</hdop>
      </trkpt>
      <trkpt lat="55.6215317" lon="27.4652333">
        <ele>143.2</ele>
        <time>2023-01-28T06:22:44Z</time>
        <hdop>2</hdop>
      </trkpt>
      <trkpt lat="55.6215783" lon="27.4652033">
        <ele>144.7</ele>
        <time>2023-01-28T06:22:50Z</time>
        <hdop>2.1</hdop>
        <extensions>
          <speed>0.536</speed>
        </extensions>
      </trkpt>
      <trkpt lat="55.6215733" lon="27.4651467">
        <ele>145.6</ele>
        <time>2023-01-28T06:22:56Z</time>
        <hdop>2</hdop>
        <extensions>
          <speed>0.523</speed>
        </extensions>
      </trkpt>
      <trkpt lat="55.6215783" lon="27.465085">
        <ele>146.5</ele>
        <time>2023-01-28T06:23:02Z</time>
        <hdop>2</hdop>
      </trkpt>
      <trkpt lat="55.621635" lon="27.4650517">
        <ele>146.9</ele>
        <time>2023-01-28T06:23:08Z</time>
        <hdop>2</hdop>
        <extensions>
          <speed>0.63</speed>
        </extensions>
      </trkpt>
      <trkpt lat="55.6216633" lon="27.4650267">
        <ele>147</ele>
        <time>2023-01-28T06:23:14Z</time>
        <hdop>2</hdop>
        <extensions>
          <speed>0.631</speed>
        </extensions>
      </trkpt>
      <trkpt lat="55.6217133" lon="27.4650183">
        <ele>146.6</ele>
        <time>2023-01-28T06:23:20Z</time>
        <hdop>1.9</hdop>
        <extensions>
          <speed>0.586</speed>
        </extensions>
      </trkpt>
      <trkpt lat="55.6217883" lon="27.4650167">
        <ele>146.9</ele>
        <time>2023-01-28T06:23:26Z</time>
        <hdop>1.9</hdop>
        <extensions>
          <speed>0.79</speed>
        </extensions>
      </trkpt>
      <trkpt lat="55.62181" lon="27.4650533">
        <ele>148</ele>
        <time>2023-01-28T06:23:32Z</time>
        <hdop>2</hdop>
      </trkpt>
      <trkpt lat="55.62185" lon="27.4650633">
        <ele>148.2</ele>
        <time>2023-01-28T06:23:38Z</time>
        <hdop>1.8</hdop>
        <extensions>
          <speed>0.462</speed>
        </extensions>
      </trkpt>
      <trkpt lat="55.6218633" lon="27.4650267">
        <ele>148.1</ele>
        <time>2023-01-28T06:23:44Z</time>
        <hdop>2</hdop>
      </trkpt>
      <trkpt lat="55.62191" lon="27.46503">
        <ele>147.4</ele>
        <time>2023-01-28T06:23:50Z</time>
        <hdop>2</hdop>
        <extensions>
          <speed>0.413</speed>
        </extensions>
      </trkpt>
      <trkpt lat="55.621945" lon="27.4650183">
        <ele>146.3</ele>
        <time>2023-01-28T06:23:56Z</time>
        <hdop>2</hdop>
        <extensions>
          <speed>0.572</speed>
        </extensions>
      </trkpt>
      <trkpt lat="55.62201" lon="27.4650017">
        <ele>145.4</ele>
        <time>2023-01-28T06:24:02Z</time>
        <hdop>2</hdop>
        <extensions>
          <speed>0.842</speed>
        </extensions>
      </trkpt>
      <trkpt lat="55.622045" lon="27.4650017">
        <ele>144.6</ele>
        <time>2023-01-28T06:24:08Z</time>
        <hdop>2</hdop>
        <extensions>
          <speed>0.716</speed>
        </extensions>
      </trkpt>
      <trkpt lat="55.622075" lon="27.4649817">
        <ele>144.3</ele>
        <time>2023-01-28T06:24:14Z</time>
        <hdop>1.9</hdop>
        <extensions>
          <speed>0.46</speed>
        </extensions>
      </trkpt>
      <trkpt lat="55.6221333" lon="27.4649633">
        <ele>144.3</ele>
        <time>2023-01-28T06:24:20Z</time>
        <hdop>1.9</hdop>
        <extensions>
          <speed>0.588</speed>
        </extensions>
      </trkpt>
      <trkpt lat="55.62217" lon="27.4649667">
        <ele>145</ele>
        <time>2023-01-28T06:24:26Z</time>
        <hdop>1.9</hdop>
        <extensions>
          <speed>0.586</speed>
        </extensions>
      </trkpt>
      <trkpt lat="55.6222433" lon="27.4649683">
        <ele>145.1</ele>
        <time>2023-01-28T06:24:32Z</time>
        <hdop>1.9</hdop>
        <extensions>
          <speed>0.506</speed>
        </extensions>
      </trkpt>
      <trkpt lat="55.6222767" lon="27.4649617">
        <ele>144.7</ele>
        <time>2023-01-28T06:24:38Z</time>
        <hdop>1.8</hdop>
        <extensions>
          <speed>0.6</speed>
        </extensions>
      </trkpt>
      <trkpt lat="55.6223" lon="27.464975">
        <ele>143.7</ele>
        <time>2023-01-28T06:24:44Z</time>
        <hdop>2</hdop>
        <extensions>
          <speed>0.423</speed>
        </extensions>
      </trkpt>
      <trkpt lat="55.622355" lon="27.4649433">
        <ele>143</ele>
        <time>2023-01-28T06:24:50Z</time>
        <hdop>2</hdop>
        <extensions>
          <speed>0.563</speed>
        </extensions>
      </trkpt>
      <trkpt lat="55.622395" lon="27.4649067">
        <ele>142.6</ele>
        <time>2023-01-28T06:24:56Z</time>
        <hdop>2</hdop>
      </trkpt>
      <trkpt lat="55.6224517" lon="27.46484">
        <ele>141.9</ele>
        <time>2023-01-28T06:25:02Z</time>
        <hdop>1.7</hdop>
        <extensions>
          <speed>0.756</speed>
        </extensions>
      </trkpt>
      <trkpt lat="55.6224867" lon="27.4647433">
        <ele>141.1</ele>
        <time>2023-01-28T06:25:08Z</time>
        <hdop>1.5</hdop>
        <extensions>
          <speed>0.68</speed>
        </extensions>
      </trkpt>
      <trkpt lat="55.6224883" lon="27.4646683">
        <ele>140.5</ele>
        <time>2023-01-28T06:25:14Z</time>
        <hdop>1.6</hdop>
        <extensions>
          <speed>0.549</speed>
        </extensions>
      </trkpt>
      <trkpt lat="55.622495" lon="27.464625">
        <ele>140.4</ele>
        <time>2023-01-28T06:25:20Z</time>
        <hdop>1.8</hdop>
        <extensions>
          <speed>0.415</speed>
        </extensions>
      </trkpt>
      <trkpt lat="55.6225017" lon="27.46457">
        <ele>141.1</ele>
        <time>2023-01-28T06:25:26Z</time>
        <hdop>2</hdop>
        <extensions>
          <speed>0.583</speed>
        </extensions>
      </trkpt>
      <trkpt lat="55.6225033" lon="27.4645333">
        <ele>141.2</ele>
        <time>2023-01-28T06:25:32Z</time>
        <hdop>2</hdop>
        <extensions>
          <speed>0.534</speed>
        </extensions>
      </trkpt>
      <trkpt lat="55.62252" lon="27.4644767">
        <ele>141.2</ele>
        <time>2023-01-28T06:25:38Z</time>
        <hdop>2</hdop>
        <extensions>
          <speed>0.474</speed>
        </extensions>
      </trkpt>
      <trkpt lat="55.62253" lon="27.4644267">
        <ele>141</ele>
        <time>2023-01-28T06:25:44Z</time>
        <hdop>1.9</hdop>
        <extensions>
          <speed>0.487</speed>
        </extensions>
      </trkpt>
      <trkpt lat="55.6225333" lon="27.4643683">
        <ele>140.5</ele>
        <time>2023-01-28T06:25:50Z</time>
        <hdop>2</hdop>
        <extensions>
          <speed>0.417</speed>
        </extensions>
      </trkpt>
      <trkpt lat="55.6225733" lon="27.4643167">
        <ele>140</ele>
        <time>2023-01-28T06:25:55Z</time>
        <hdop>1.7</hdop>
        <extensions>
          <speed>0.552</speed>
        </extensions>
      </trkpt>
      <trkpt lat="55.6225967" lon="27.464255">
        <ele>139.8</ele>
        <time>2023-01-28T06:26:00Z</time>
        <hdop>1.8</hdop>
        <extensions>
          <speed>0.739</speed>
        </extensions>
      </trkpt>
      <trkpt lat="55.62259" lon="27.4641833">
        <ele>138</ele>
        <time>2023-01-28T06:26:06Z</time>
        <hdop>1.7</hdop>
        <extensions>
          <speed>0.631</speed>
        </extensions>
      </trkpt>
      <trkpt lat="55.6225617" lon="27.464135">
        <ele>137.6</ele>
        <time>2023-01-28T06:26:12Z</time>
        <hdop>1.9</hdop>
        <extensions>
          <speed>0.519</speed>
        </extensions>
      </trkpt>
      <trkpt lat="55.6225333" lon="27.464055">
        <ele>137.3</ele>
        <time>2023-01-28T06:26:18Z</time>
        <hdop>2.1</hdop>
        <extensions>
          <speed>0.729</speed>
        </extensions>
      </trkpt>
      <trkpt lat="55.6225333" lon="27.4639817">
        <ele>137.2</ele>
        <time>2023-01-28T06:26:23Z</time>
        <hdop>2</hdop>
        <extensions>
          <speed>0.731</speed>
        </extensions>
      </trkpt>
      <trkpt lat="55.62253" lon="27.46391">
        <ele>138</ele>
        <time>2023-01-28T06:26:29Z</time>
        <hdop>2</hdop>
        <extensions>
          <speed>0.625</speed>
        </extensions>
      </trkpt>
      <trkpt lat="55.6225283" lon="27.463855">
        <ele>138.7</ele>
        <time>2023-01-28T06:26:34Z</time>
        <hdop>1.9</hdop>
        <extensions>
          <speed>0.586</speed>
        </extensions>
      </trkpt>
      <trkpt lat="55.622515" lon="27.4637767">
        <ele>139.1</ele>
        <time>2023-01-28T06:26:40Z</time>
        <hdop>2</hdop>
        <extensions>
          <speed>0.66</speed>
        </extensions>
      </trkpt>
      <trkpt lat="55.6225183" lon="27.4637333">
        <ele>139.6</ele>
        <time>2023-01-28T06:26:45Z</time>
        <hdop>2</hdop>
        <extensions>
          <speed>0.714</speed>
        </extensions>
      </trkpt>
      <trkpt lat="55.622505" lon="27.4636583">
        <ele>140</ele>
        <time>2023-01-28T06:26:50Z</time>
        <hdop>1.8</hdop>
        <extensions>
          <speed>0.749</speed>
        </extensions>
      </trkpt>
      <trkpt lat="55.6225117" lon="27.4635667">
        <ele>139.6</ele>
        <time>2023-01-28T06:26:56Z</time>
        <hdop>1.9</hdop>
        <extensions>
          <speed>0.713</speed>
        </extensions>
      </trkpt>
      <trkpt lat="55.6224933" lon="27.4634917">
        <ele>139.6</ele>
        <time>2023-01-28T06:27:02Z</time>
        <hdop>1.8</hdop>
        <extensions>
          <speed>0.528</speed>
        </extensions>
      </trkpt>
      <trkpt lat="55.6225117" lon="27.4634017">
        <ele>139.4</ele>
        <time>2023-01-28T06:27:08Z</time>
        <hdop>1.7</hdop>
        <extensions>
          <speed>0.57</speed>
        </extensions>
      </trkpt>
      <trkpt lat="55.622515" lon="27.4633283">
        <ele>139.7</ele>
        <time>2023-01-28T06:27:14Z</time>
        <hdop>1.7</hdop>
        <extensions>
          <speed>0.581</speed>
        </extensions>
      </trkpt>
      <trkpt lat="55.6225217" lon="27.4632533">
        <ele>139.7</ele>
        <time>2023-01-28T06:27:20Z</time>
        <hdop>1.8</hdop>
        <extensions>
          <speed>0.58</speed>
        </extensions>
      </trkpt>
      <trkpt lat="55.6225317" lon="27.4632">
        <ele>139.7</ele>
        <time>2023-01-28T06:27:26Z</time>
        <hdop>1.9</hdop>
        <extensions>
          <speed>0.554</speed>
        </extensions>
      </trkpt>
      <trkpt lat="55.622545" lon="27.4631267">
        <ele>139.5</ele>
        <time>2023-01-28T06:27:32Z</time>
        <hdop>1.9</hdop>
        <extensions>
          <speed>0.62</speed>
        </extensions>
      </trkpt>
      <trkpt lat="55.6225817" lon="27.4630767">
        <ele>139.5</ele>
        <time>2023-01-28T06:27:38Z</time>
        <hdop>2</hdop>
        <extensions>
          <speed>0.659</speed>
        </extensions>
      </trkpt>
      <trkpt lat="55.6226233" lon="27.463025">
        <ele>139.7</ele>
        <time>2023-01-28T06:27:44Z</time>
        <hdop>2</hdop>
        <extensions>
          <speed>0.694</speed>
        </extensions>
      </trkpt>
      <trkpt lat="55.6226367" lon="27.46297">
        <ele>140.4</ele>
        <time>2023-01-28T06:27:50Z</time>
        <hdop>2.1</hdop>
        <extensions>
          <speed>0.714</speed>
        </extensions>
      </trkpt>
      <trkpt lat="55.6226417" lon="27.4629183">
        <ele>140.9</ele>
        <time>2023-01-28T06:27:56Z</time>
        <hdop>2.3</hdop>
      </trkpt>
      <trkpt lat="55.62266" lon="27.462835">
        <ele>141.4</ele>
        <time>2023-01-28T06:28:02Z</time>
        <hdop>2.3</hdop>
        <extensions>
          <speed>0.592</speed>
        </extensions>
      </trkpt>
      <trkpt lat="55.6226767" lon="27.4627467">
        <ele>142.2</ele>
        <time>2023-01-28T06:28:08Z</time>
        <hdop>2</hdop>
        <extensions>
          <speed>0.623</speed>
        </extensions>
      </trkpt>
      <trkpt lat="55.6226983" lon="27.4626667">
        <ele>142.3</ele>
        <time>2023-01-28T06:28:14Z</time>
        <hdop>1.9</hdop>
        <extensions>
          <speed>0.674</speed>
        </extensions>
      </trkpt>
      <trkpt lat="55.622715" lon="27.4625883">
        <ele>142.5</ele>
        <time>2023-01-28T06:28:20Z</time>
        <hdop>2</hdop>
        <extensions>
          <speed>0.729</speed>
        </extensions>
      </trkpt>
      <trkpt lat="55.6227333" lon="27.4625233">
        <ele>142.7</ele>
        <time>2023-01-28T06:28:26Z</time>
        <hdop>1.9</hdop>
        <extensions>
          <speed>0.664</speed>
        </extensions>
      </trkpt>
      <trkpt lat="55.6227267" lon="27.4624433">
        <ele>142.4</ele>
        <time>2023-01-28T06:28:32Z</time>
        <hdop>1.7</hdop>
        <extensions>
          <speed>0.681</speed>
        </extensions>
      </trkpt>
      <trkpt lat="55.62272" lon="27.4623467">
        <ele>142</ele>
        <time>2023-01-28T06:28:38Z</time>
        <hdop>1.7</hdop>
        <extensions>
          <speed>0.726</speed>
        </extensions>
      </trkpt>
      <trkpt lat="55.622745" lon="27.462275">
        <ele>142.2</ele>
        <time>2023-01-28T06:28:44Z</time>
        <hdop>1.7</hdop>
        <extensions>
          <speed>0.759</speed>
        </extensions>
      </trkpt>
      <trkpt lat="55.6227517" lon="27.4622083">
        <ele>142.1</ele>
        <time>2023-01-28T06:28:50Z</time>
        <hdop>1.7</hdop>
        <extensions>
          <speed>0.656</speed>
        </extensions>
      </trkpt>
      <trkpt lat="55.622735" lon="27.46214">
        <ele>141.8</ele>
        <time>2023-01-28T06:28:56Z</time>
        <hdop>1.7</hdop>
        <extensions>
          <speed>0.621</speed>
        </extensions>
      </trkpt>
      <trkpt lat="55.6227533" lon="27.46207">
        <ele>142.3</ele>
        <time>2023-01-28T06:29:02Z</time>
        <hdop>1.6</hdop>
        <extensions>
          <speed>0.583</speed>
        </extensions>
      </trkpt>
      <trkpt lat="55.622775" lon="27.4620367">
        <ele>142.5</ele>
        <time>2023-01-28T06:29:08Z</time>
        <hdop>1.9</hdop>
      </trkpt>
      <trkpt lat="55.6227983" lon="27.4619883">
        <ele>142.4</ele>
        <time>2023-01-28T06:29:16Z</time>
        <hdop>2</hdop>
        <extensions>
          <speed>0.338</speed>
        </extensions>
      </trkpt>
      <trkpt lat="55.622795" lon="27.4619417">
        <ele>141.8</ele>
        <time>2023-01-28T06:29:22Z</time>
        <hdop>1.7</hdop>
        <extensions>
          <speed>0.43</speed>
        </extensions>
      </trkpt>
      <trkpt lat="55.6227983" lon="27.4619">
        <ele>141.4</ele>
        <time>2023-01-28T06:29:27Z</time>
        <hdop>1.7</hdop>
        <extensions>
          <speed>0.422</speed>
        </extensions>
      </trkpt>
      <trkpt lat="55.62282" lon="27.4618433">
        <ele>141</ele>
        <time>2023-01-28T06:29:32Z</time>
        <hdop>1.6</hdop>
        <extensions>
          <speed>0.51</speed>
        </extensions>
      </trkpt>
      <trkpt lat="55.622825" lon="27.4617733">
        <ele>140.8</ele>
        <time>2023-01-28T06:29:38Z</time>
        <hdop>1.6</hdop>
        <extensions>
          <speed>0.614</speed>
        </extensions>
      </trkpt>
      <trkpt lat="55.6228333" lon="27.4616883">
        <ele>140.5</ele>
        <time>2023-01-28T06:29:44Z</time>
        <hdop>1.6</hdop>
        <extensions>
          <speed>0.775</speed>
        </extensions>
      </trkpt>
      <trkpt lat="55.62283" lon="27.4616483">
        <ele>140.7</ele>
        <time>2023-01-28T06:29:50Z</time>
        <hdop>1.7</hdop>
        <extensions>
          <speed>0.492</speed>
        </extensions>
      </trkpt>
      <trkpt lat="55.622875" lon="27.4616467">
        <ele>145.5</ele>
        <time>2023-01-28T06:30:18Z</time>
        <hdop>1.6</hdop>
        <extensions>
          <speed>0.294</speed>
        </extensions>
      </trkpt>
      <trkpt lat="55.62292" lon="27.4616233">
        <ele>146.3</ele>
        <time>2023-01-28T06:30:24Z</time>
        <hdop>1.6</hdop>
        <extensions>
          <speed>0.6</speed>
        </extensions>
      </trkpt>
      <trkpt lat="55.6229783" lon="27.4616033">
        <ele>147</ele>
        <time>2023-01-28T06:30:30Z</time>
        <hdop>1.6</hdop>
        <extensions>
          <speed>0.785</speed>
        </extensions>
      </trkpt>
      <trkpt lat="55.6230167" lon="27.4615917">
        <ele>147.4</ele>
        <time>2023-01-28T06:30:35Z</time>
        <hdop>1.6</hdop>
        <extensions>
          <speed>0.74</speed>
        </extensions>
      </trkpt>
      <trkpt lat="55.6230367" lon="27.4615817">
        <ele>147.9</ele>
        <time>2023-01-28T06:30:41Z</time>
        <hdop>1.6</hdop>
      </trkpt>
      <trkpt lat="55.6230267" lon="27.461555">
        <ele>147</ele>
        <time>2023-01-28T06:30:59Z</time>
        <hdop>1.5</hdop>
      </trkpt>
      <trkpt lat="55.6230083" lon="27.461555">
        <ele>146.8</ele>
        <time>2023-01-28T06:31:05Z</time>
        <hdop>1.7</hdop>
      </trkpt>
      <trkpt lat="55.622965" lon="27.4615733">
        <ele>144</ele>
        <time>2023-01-28T06:31:23Z</time>
        <hdop>1</hdop>
        <extensions>
          <speed>0.18</speed>
        </extensions>
      </trkpt>
    </trkseg>
    <trkseg>
      <trkpt lat="55.62301" lon="27.4616283">
        <ele>142.8</ele>
        <time>2023-01-28T06:45:21Z</time>
        <hdop>1.3</hdop>
        <extensions>
          <speed>0.243</speed>
        </extensions>
      </trkpt>
      <trkpt lat="55.62301" lon="27.4615933">
        <ele>142.9</ele>
        <time>2023-01-28T06:45:26Z</time>
        <hdop>1.6</hdop>
      </trkpt>
      <trkpt lat="55.6230083" lon="27.4616283">
        <ele>141.9</ele>
        <time>2023-01-28T06:46:16Z</time>
        <hdop>1.3</hdop>
        <extensions>
          <speed>0.212</speed>
        </extensions>
      </trkpt>
      <trkpt lat="55.6230033" lon="27.461595">
        <ele>141.6</ele>
        <time>2023-01-28T06:46:47Z</time>
        <hdop>1.8</hdop>
        <extensions>
          <speed>0.303</speed>
        </extensions>
      </trkpt>
      <trkpt lat="55.6230267" lon="27.4615967">
        <ele>142.2</ele>
        <time>2023-01-28T06:46:56Z</time>
        <hdop>1.8</hdop>
        <extensions>
          <speed>0.443</speed>
        </extensions>
      </trkpt>
      <trkpt lat="55.6230733" lon="27.4615933">
        <ele>143.2</ele>
        <time>2023-01-28T06:47:02Z</time>
        <hdop>1.9</hdop>
        <extensions>
          <speed>0.698</speed>
        </extensions>
      </trkpt>
      <trkpt lat="55.6231183" lon="27.4615933">
        <ele>144.1</ele>
        <time>2023-01-28T06:47:08Z</time>
        <hdop>1.9</hdop>
        <extensions>
          <speed>0.737</speed>
        </extensions>
      </trkpt>
      <trkpt lat="55.623145" lon="27.46159">
        <ele>144.6</ele>
        <time>2023-01-28T06:47:14Z</time>
        <hdop>1.8</hdop>
        <extensions>
          <speed>0.599</speed>
        </extensions>
      </trkpt>
      <trkpt lat="55.6231817" lon="27.4615767">
        <ele>145.5</ele>
        <time>2023-01-28T06:47:20Z</time>
        <hdop>1.8</hdop>
        <extensions>
          <speed>0.589</speed>
        </extensions>
      </trkpt>
      <trkpt lat="55.62323" lon="27.4615833">
        <ele>146.2</ele>
        <time>2023-01-28T06:47:26Z</time>
        <hdop>1.8</hdop>
        <extensions>
          <speed>0.756</speed>
        </extensions>
      </trkpt>
      <trkpt lat="55.6232733" lon="27.4615733">
        <ele>146.8</ele>
        <time>2023-01-28T06:47:32Z</time>
        <hdop>1.8</hdop>
        <extensions>
          <speed>0.672</speed>
        </extensions>
      </trkpt>
      <trkpt lat="55.6233117" lon="27.4615467">
        <ele>147</ele>
        <time>2023-01-28T06:47:38Z</time>
        <hdop>1.9</hdop>
        <extensions>
          <speed>0.601</speed>
        </extensions>
      </trkpt>
      <trkpt lat="55.62336" lon="27.4615283">
        <ele>147.2</ele>
        <time>2023-01-28T06:47:44Z</time>
        <hdop>1.8</hdop>
        <extensions>
          <speed>0.751</speed>
        </extensions>
      </trkpt>
      <trkpt lat="55.6234117" lon="27.4615133">
        <ele>147.2</ele>
        <time>2023-01-28T06:47:50Z</time>
        <hdop>1.8</hdop>
        <extensions>
          <speed>0.791</speed>
        </extensions>
      </trkpt>
      <trkpt lat="55.6234567" lon="27.46151">
        <ele>147.3</ele>
        <time>2023-01-28T06:47:56Z</time>
        <hdop>1.9</hdop>
        <extensions>
          <speed>0.771</speed>
        </extensions>
      </trkpt>
      <trkpt lat="55.6234917" lon="27.4614883">
        <ele>147.6</ele>
        <time>2023-01-28T06:48:02Z</time>
        <hdop>1.9</hdop>
        <extensions>
          <speed>0.683</speed>
        </extensions>
      </trkpt>
      <trkpt lat="55.6235317" lon="27.4614733">
        <ele>147.7</ele>
        <time>2023-01-28T06:48:08Z</time>
        <hdop>1.9</hdop>
        <extensions>
          <speed>0.627</speed>
        </extensions>
      </trkpt>
      <trkpt lat="55.6235683" lon="27.46144">
        <ele>147.8</ele>
        <time>2023-01-28T06:48:14Z</time>
        <hdop>1.9</hdop>
        <extensions>
          <speed>0.599</speed>
        </extensions>
      </trkpt>
      <trkpt lat="55.6236" lon="27.4614183">
        <ele>148.5</ele>
        <time>2023-01-28T06:48:20Z</time>
        <hdop>1.9</hdop>
        <extensions>
          <speed>0.54</speed>
        </extensions>
      </trkpt>
      <trkpt lat="55.6236217" lon="27.4614083">
        <ele>149.1</ele>
        <time>2023-01-28T06:48:26Z</time>
        <hdop>1.9</hdop>
        <extensions>
          <speed>0.462</speed>
        </extensions>
      </trkpt>
      <trkpt lat="55.6236667" lon="27.4614067">
        <ele>149.7</ele>
        <time>2023-01-28T06:48:32Z</time>
        <hdop>1.9</hdop>
        <extensions>
          <speed>0.513</speed>
        </extensions>
      </trkpt>
      <trkpt lat="55.6236983" lon="27.4613867">
        <ele>150.3</ele>
        <time>2023-01-28T06:48:38Z</time>
        <hdop>1.8</hdop>
        <extensions>
          <speed>0.602</speed>
        </extensions>
      </trkpt>
      <trkpt lat="55.623735" lon="27.4613617">
        <ele>150.5</ele>
        <time>2023-01-28T06:48:44Z</time>
        <hdop>1.8</hdop>
        <extensions>
          <speed>0.588</speed>
        </extensions>
      </trkpt>
      <trkpt lat="55.6237783" lon="27.4613267">
        <ele>150.5</ele>
        <time>2023-01-28T06:48:50Z</time>
        <hdop>1.9</hdop>
        <extensions>
          <speed>0.627</speed>
        </extensions>
      </trkpt>
      <trkpt lat="55.6238117" lon="27.46129">
        <ele>150.2</ele>
        <time>2023-01-28T06:48:56Z</time>
        <hdop>1.9</hdop>
        <extensions>
          <speed>0.621</speed>
        </extensions>
      </trkpt>
      <trkpt lat="55.6238317" lon="27.4612667">
        <ele>150</ele>
        <time>2023-01-28T06:49:02Z</time>
        <hdop>1.8</hdop>
        <extensions>
          <speed>0.501</speed>
        </extensions>
      </trkpt>
      <trkpt lat="55.6238567" lon="27.4612333">
        <ele>150</ele>
        <time>2023-01-28T06:49:08Z</time>
        <hdop>1.8</hdop>
        <extensions>
          <speed>0.469</speed>
        </extensions>
      </trkpt>
      <trkpt lat="55.6238817" lon="27.4612083">
        <ele>150</ele>
        <time>2023-01-28T06:49:14Z</time>
        <hdop>1.8</hdop>
        <extensions>
          <speed>0.413</speed>
        </extensions>
      </trkpt>
      <trkpt lat="55.6239283" lon="27.4611783">
        <ele>149.6</ele>
        <time>2023-01-28T06:49:20Z</time>
        <hdop>1.9</hdop>
        <extensions>
          <speed>0.486</speed>
        </extensions>
      </trkpt>
      <trkpt lat="55.6239783" lon="27.4611417">
        <ele>149.2</ele>
        <time>2023-01-28T06:49:26Z</time>
        <hdop>1.9</hdop>
        <extensions>
          <speed>0.736</speed>
        </extensions>
      </trkpt>
      <trkpt lat="55.6240233" lon="27.4611117">
        <ele>148.4</ele>
        <time>2023-01-28T06:49:32Z</time>
        <hdop>1.9</hdop>
        <extensions>
          <speed>0.563</speed>
        </extensions>
      </trkpt>
      <trkpt lat="55.624055" lon="27.4610517">
        <ele>147.6</ele>
        <time>2023-01-28T06:49:38Z</time>
        <hdop>1.8</hdop>
        <extensions>
          <speed>0.58</speed>
        </extensions>
      </trkpt>
      <trkpt lat="55.6240883" lon="27.4610233">
        <ele>146.7</ele>
        <time>2023-01-28T06:49:44Z</time>
        <hdop>1.8</hdop>
        <extensions>
          <speed>0.661</speed>
        </extensions>
      </trkpt>
      <trkpt lat="55.624125" lon="27.46098">
        <ele>146.7</ele>
        <time>2023-01-28T06:49:50Z</time>
        <hdop>1.8</hdop>
        <extensions>
          <speed>0.735</speed>
        </extensions>
      </trkpt>
      <trkpt lat="55.6241617" lon="27.4609517">
        <ele>146.5</ele>
        <time>2023-01-28T06:49:56Z</time>
        <hdop>1.8</hdop>
        <extensions>
          <speed>0.68</speed>
        </extensions>
      </trkpt>
      <trkpt lat="55.6242067" lon="27.4609033">
        <ele>146.7</ele>
        <time>2023-01-28T06:50:02Z</time>
        <hdop>1.8</hdop>
        <extensions>
          <speed>0.609</speed>
        </extensions>
      </trkpt>
      <trkpt lat="55.6242417" lon="27.460865">
        <ele>146.4</ele>
        <time>2023-01-28T06:50:08Z</time>
        <hdop>1.8</hdop>
        <extensions>
          <speed>0.629</speed>
        </extensions>
      </trkpt>
      <trkpt lat="55.62428" lon="27.4608417">
        <ele>145.6</ele>
        <time>2023-01-28T06:50:14Z</time>
        <hdop>1.8</hdop>
        <extensions>
          <speed>0.673</speed>
        </extensions>
      </trkpt>
      <trkpt lat="55.6243333" lon="27.4608083">
        <ele>145.1</ele>
        <time>2023-01-28T06:50:20Z</time>
        <hdop>1.9</hdop>
        <extensions>
          <speed>0.79</speed>
        </extensions>
      </trkpt>
      <trkpt lat="55.6243883" lon="27.4607583">
        <ele>144.4</ele>
        <time>2023-01-28T06:50:26Z</time>
        <hdop>1.9</hdop>
        <extensions>
          <speed>0.905</speed>
        </extensions>
      </trkpt>
      <trkpt lat="55.6244417" lon="27.4607283">
        <ele>144.1</ele>
        <time>2023-01-28T06:50:32Z</time>
        <hdop>2</hdop>
        <extensions>
          <speed>0.917</speed>
        </extensions>
      </trkpt>
      <trkpt lat="55.6245017" lon="27.4607">
        <ele>143.9</ele>
        <time>2023-01-28T06:50:38Z</time>
        <hdop>1.8</hdop>
        <extensions>
          <speed>0.888</speed>
        </extensions>
      </trkpt>
      <trkpt lat="55.624555" lon="27.460685">
        <ele>143.8</ele>
        <time>2023-01-28T06:50:44Z</time>
        <hdop>1.9</hdop>
        <extensions>
          <speed>0.859</speed>
        </extensions>
      </trkpt>
      <trkpt lat="55.62462" lon="27.4606217">
        <ele>143.5</ele>
        <time>2023-01-28T06:50:50Z</time>
        <hdop>1.9</hdop>
        <extensions>
          <speed>0.886</speed>
        </extensions>
      </trkpt>
      <trkpt lat="55.6246433" lon="27.4605917">
        <ele>143</ele>
        <time>2023-01-28T06:50:56Z</time>
        <hdop>1.9</hdop>
        <extensions>
          <speed>0.725</speed>
        </extensions>
      </trkpt>
      <trkpt lat="55.62469" lon="27.4605667">
        <ele>142</ele>
        <time>2023-01-28T06:51:02Z</time>
        <hdop>1.7</hdop>
        <extensions>
          <speed>0.77</speed>
        </extensions>
      </trkpt>
      <trkpt lat="55.6247433" lon="27.4605583">
        <ele>141.5</ele>
        <time>2023-01-28T06:51:08Z</time>
        <hdop>1.8</hdop>
        <extensions>
          <speed>0.844</speed>
        </extensions>
      </trkpt>
      <trkpt lat="55.6247817" lon="27.46052">
        <ele>141.1</ele>
        <time>2023-01-28T06:51:14Z</time>
        <hdop>2</hdop>
        <extensions>
          <speed>0.834</speed>
        </extensions>
      </trkpt>
      <trkpt lat="55.6248067" lon="27.46048">
        <ele>140.9</ele>
        <time>2023-01-28T06:51:20Z</time>
        <hdop>2</hdop>
        <extensions>
          <speed>0.717</speed>
        </extensions>
      </trkpt>
      <trkpt lat="55.624845" lon="27.4604417">
        <ele>140.4</ele>
        <time>2023-01-28T06:51:26Z</time>
        <hdop>2</hdop>
        <extensions>
          <speed>0.642</speed>
        </extensions>
      </trkpt>
      <trkpt lat="55.6248867" lon="27.4604">
        <ele>140.3</ele>
        <time>2023-01-28T06:51:32Z</time>
        <hdop>1.8</hdop>
        <extensions>
          <speed>0.645</speed>
        </extensions>
      </trkpt>
      <trkpt lat="55.6249217" lon="27.4603383">
        <ele>140.4</ele>
        <time>2023-01-28T06:51:38Z</time>
        <hdop>1.8</hdop>
        <extensions>
          <speed>0.737</speed>
        </extensions>
      </trkpt>
      <trkpt lat="55.6249533" lon="27.4602917">
        <ele>140.6</ele>
        <time>2023-01-28T06:51:44Z</time>
        <hdop>1.9</hdop>
        <extensions>
          <speed>0.744</speed>
        </extensions>
      </trkpt>
      <trkpt lat="55.6249933" lon="27.4602667">
        <ele>141.6</ele>
        <time>2023-01-28T06:51:50Z</time>
        <hdop>2</hdop>
      </trkpt>
      <trkpt lat="55.6250367" lon="27.4602333">
        <ele>142.3</ele>
        <time>2023-01-28T06:51:56Z</time>
        <hdop>1.8</hdop>
        <extensions>
          <speed>0.716</speed>
        </extensions>
      </trkpt>
      <trkpt lat="55.625075" lon="27.46021">
        <ele>142.9</ele>
        <time>2023-01-28T06:52:02Z</time>
        <hdop>1.8</hdop>
        <extensions>
          <speed>0.711</speed>
        </extensions>
      </trkpt>
      <trkpt lat="55.6251283" lon="27.4601733">
        <ele>143.4</ele>
        <time>2023-01-28T06:52:08Z</time>
        <hdop>1.8</hdop>
        <extensions>
          <speed>0.714</speed>
        </extensions>
      </trkpt>
      <trkpt lat="55.6251767" lon="27.4601467">
        <ele>143.8</ele>
        <time>2023-01-28T06:52:14Z</time>
        <hdop>1.8</hdop>
        <extensions>
          <speed>0.734</speed>
        </extensions>
      </trkpt>
      <trkpt lat="55.6252183" lon="27.46011">
        <ele>143.9</ele>
        <time>2023-01-28T06:52:20Z</time>
        <hdop>1.8</hdop>
        <extensions>
          <speed>0.772</speed>
        </extensions>
      </trkpt>
      <trkpt lat="55.625245" lon="27.4600717">
        <ele>144.2</ele>
        <time>2023-01-28T06:52:26Z</time>
        <hdop>1.8</hdop>
        <extensions>
          <speed>0.727</speed>
        </extensions>
      </trkpt>
      <trkpt lat="55.6252883" lon="27.46005">
        <ele>144.5</ele>
        <time>2023-01-28T06:52:32Z</time>
        <hdop>1.8</hdop>
        <extensions>
          <speed>0.566</speed>
        </extensions>
      </trkpt>
      <trkpt lat="55.6253217" lon="27.4600333">
        <ele>144.6</ele>
        <time>2023-01-28T06:52:38Z</time>
        <hdop>1.8</hdop>
        <extensions>
          <speed>0.568</speed>
        </extensions>
      </trkpt>
      <trkpt lat="55.6253517" lon="27.4599617">
        <ele>144.8</ele>
        <time>2023-01-28T06:52:44Z</time>
        <hdop>1.8</hdop>
        <extensions>
          <speed>0.758</speed>
        </extensions>
      </trkpt>
      <trkpt lat="55.6253683" lon="27.459935">
        <ele>145.2</ele>
        <time>2023-01-28T06:52:50Z</time>
        <hdop>1.8</hdop>
        <extensions>
          <speed>0.66</speed>
        </extensions>
      </trkpt>
      <trkpt lat="55.6254017" lon="27.4599083">
        <ele>145.2</ele>
        <time>2023-01-28T06:52:56Z</time>
        <hdop>1.7</hdop>
        <extensions>
          <speed>0.514</speed>
        </extensions>
      </trkpt>
      <trkpt lat="55.62544" lon="27.45988">
        <ele>145.5</ele>
        <time>2023-01-28T06:53:02Z</time>
        <hdop>1.7</hdop>
        <extensions>
          <speed>0.592</speed>
        </extensions>
      </trkpt>
      <trkpt lat="55.6254833" lon="27.4598283">
        <ele>145.7</ele>
        <time>2023-01-28T06:53:08Z</time>
        <hdop>1.7</hdop>
        <extensions>
          <speed>0.706</speed>
        </extensions>
      </trkpt>
      <trkpt lat="55.6255283" lon="27.4597883">
        <ele>145.7</ele>
        <time>2023-01-28T06:53:14Z</time>
        <hdop>1.9</hdop>
        <extensions>
          <speed>0.784</speed>
        </extensions>
      </trkpt>
      <trkpt lat="55.6255583" lon="27.4597517">
        <ele>145.9</ele>
        <time>2023-01-28T06:53:20Z</time>
        <hdop>1.8</hdop>
        <extensions>
          <speed>0.722</speed>
        </extensions>
      </trkpt>
      <trkpt lat="55.625595" lon="27.45971">
        <ele>146.3</ele>
        <time>2023-01-28T06:53:26Z</time>
        <hdop>1.8</hdop>
        <extensions>
          <speed>0.532</speed>
        </extensions>
      </trkpt>
      <trkpt lat="55.6256317" lon="27.4596767">
        <ele>146.3</ele>
        <time>2023-01-28T06:53:32Z</time>
        <hdop>1.8</hdop>
        <extensions>
          <speed>0.639</speed>
        </extensions>
      </trkpt>
      <trkpt lat="55.6256533" lon="27.4596533">
        <ele>146.2</ele>
        <time>2023-01-28T06:53:38Z</time>
        <hdop>1.8</hdop>
        <extensions>
          <speed>0.593</speed>
        </extensions>
      </trkpt>
      <trkpt lat="55.6256783" lon="27.45963">
        <ele>146</ele>
        <time>2023-01-28T06:53:44Z</time>
        <hdop>1.8</hdop>
      </trkpt>
      <trkpt lat="55.6257017" lon="27.4596517">
        <ele>145.9</ele>
        <time>2023-01-28T06:53:50Z</time>
        <hdop>1.7</hdop>
        <extensions>
          <speed>0.286</speed>
        </extensions>
      </trkpt>
      <trkpt lat="55.6257283" lon="27.4596267">
        <ele>145.2</ele>
        <time>2023-01-28T06:53:56Z</time>
        <hdop>1.8</hdop>
        <extensions>
          <speed>0.463</speed>
        </extensions>
      </trkpt>
      <trkpt lat="55.6257617" lon="27.4595883">
        <ele>144.2</ele>
        <time>2023-01-28T06:54:02Z</time>
        <hdop>1.8</hdop>
        <extensions>
          <speed>0.633</speed>
        </extensions>
      </trkpt>
      <trkpt lat="55.6257967" lon="27.4595517">
        <ele>143.1</ele>
        <time>2023-01-28T06:54:08Z</time>
        <hdop>1.8</hdop>
        <extensions>
          <speed>0.637</speed>
        </extensions>
      </trkpt>
      <trkpt lat="55.62582" lon="27.4595317">
        <ele>142.3</ele>
        <time>2023-01-28T06:54:14Z</time>
        <hdop>1.8</hdop>
        <extensions>
          <speed>0.561</speed>
        </extensions>
      </trkpt>
      <trkpt lat="55.625855" lon="27.4595">
        <ele>141.1</ele>
        <time>2023-01-28T06:54:20Z</time>
        <hdop>1.8</hdop>
        <extensions>
          <speed>0.531</speed>
        </extensions>
      </trkpt>
      <trkpt lat="55.6259017" lon="27.45946">
        <ele>140.7</ele>
        <time>2023-01-28T06:54:26Z</time>
        <hdop>1.7</hdop>
        <extensions>
          <speed>0.76</speed>
        </extensions>
      </trkpt>
      <trkpt lat="55.62595" lon="27.45942">
        <ele>140.2</ele>
        <time>2023-01-28T06:54:32Z</time>
        <hdop>1.8</hdop>
        <extensions>
          <speed>0.928</speed>
        </extensions>
      </trkpt>
      <trkpt lat="55.626" lon="27.4593983">
        <ele>140.1</ele>
        <time>2023-01-28T06:54:38Z</time>
        <hdop>1.8</hdop>
        <extensions>
          <speed>0.92</speed>
        </extensions>
      </trkpt>
      <trkpt lat="55.6260333" lon="27.459375">
        <ele>139.9</ele>
        <time>2023-01-28T06:54:44Z</time>
        <hdop>1.7</hdop>
        <extensions>
          <speed>0.8</speed>
        </extensions>
      </trkpt>
      <trkpt lat="55.6260533" lon="27.45936">
        <ele>140.3</ele>
        <time>2023-01-28T06:54:50Z</time>
        <hdop>1.7</hdop>
        <extensions>
          <speed>0.608</speed>
        </extensions>
      </trkpt>
      <trkpt lat="55.626075" lon="27.4593667">
        <ele>141.1</ele>
        <time>2023-01-28T06:54:56Z</time>
        <hdop>1.7</hdop>
      </trkpt>
      <trkpt lat="55.6261083" lon="27.4593533">
        <ele>141.5</ele>
        <time>2023-01-28T06:55:02Z</time>
        <hdop>1.7</hdop>
        <extensions>
          <speed>0.483</speed>
        </extensions>
      </trkpt>
      <trkpt lat="55.6261467" lon="27.4593267">
        <ele>141.6</ele>
        <time>2023-01-28T06:55:08Z</time>
        <hdop>1.8</hdop>
        <extensions>
          <speed>0.59</speed>
        </extensions>
      </trkpt>
      <trkpt lat="55.6261867" lon="27.4593067">
        <ele>140.8</ele>
        <time>2023-01-28T06:55:14Z</time>
        <hdop>1.8</hdop>
        <extensions>
          <speed>0.669</speed>
        </extensions>
      </trkpt>
      <trkpt lat="55.626225" lon="27.45929">
        <ele>140.3</ele>
        <time>2023-01-28T06:55:20Z</time>
        <hdop>1.9</hdop>
        <extensions>
          <speed>0.679</speed>
        </extensions>
      </trkpt>
      <trkpt lat="55.6262683" lon="27.45927">
        <ele>140</ele>
        <time>2023-01-28T06:55:26Z</time>
        <hdop>1.9</hdop>
        <extensions>
          <speed>0.602</speed>
        </extensions>
      </trkpt>
      <trkpt lat="55.6263117" lon="27.45924">
        <ele>140.4</ele>
        <time>2023-01-28T06:55:32Z</time>
        <hdop>1.7</hdop>
        <extensions>
          <speed>0.598</speed>
        </extensions>
      </trkpt>
      <trkpt lat="55.6263533" lon="27.4592083">
        <ele>140.9</ele>
        <time>2023-01-28T06:55:38Z</time>
        <hdop>1.7</hdop>
        <extensions>
          <speed>0.743</speed>
        </extensions>
      </trkpt>
      <trkpt lat="55.626405" lon="27.4591883">
        <ele>141.5</ele>
        <time>2023-01-28T06:55:44Z</time>
        <hdop>1.9</hdop>
        <extensions>
          <speed>0.766</speed>
        </extensions>
      </trkpt>
      <trkpt lat="55.6264583" lon="27.4591433">
        <ele>141.2</ele>
        <time>2023-01-28T06:55:50Z</time>
        <hdop>1.7</hdop>
        <extensions>
          <speed>0.81</speed>
        </extensions>
      </trkpt>
      <trkpt lat="55.6264933" lon="27.4591317">
        <ele>141.4</ele>
        <time>2023-01-28T06:55:56Z</time>
        <hdop>1.8</hdop>
        <extensions>
          <speed>0.787</speed>
        </extensions>
      </trkpt>
      <trkpt lat="55.6265267" lon="27.45911">
        <ele>142.1</ele>
        <time>2023-01-28T06:56:02Z</time>
        <hdop>1.7</hdop>
        <extensions>
          <speed>0.664</speed>
        </extensions>
      </trkpt>
      <trkpt lat="55.6265733" lon="27.4590833">
        <ele>142.5</ele>
        <time>2023-01-28T06:56:08Z</time>
        <hdop>1.7</hdop>
        <extensions>
          <speed>0.675</speed>
        </extensions>
      </trkpt>
      <trkpt lat="55.6266117" lon="27.4590583">
        <ele>142.6</ele>
        <time>2023-01-28T06:56:14Z</time>
        <hdop>1.7</hdop>
        <extensions>
          <speed>0.731</speed>
        </extensions>
      </trkpt>
      <trkpt lat="55.626635" lon="27.4590467">
        <ele>143.1</ele>
        <time>2023-01-28T06:56:20Z</time>
        <hdop>1.7</hdop>
        <extensions>
          <speed>0.59</speed>
        </extensions>
      </trkpt>
      <trkpt lat="55.6266733" lon="27.4590383">
        <ele>143.5</ele>
        <time>2023-01-28T06:56:26Z</time>
        <hdop>1.8</hdop>
        <extensions>
          <speed>0.6</speed>
        </extensions>
      </trkpt>
      <trkpt lat="55.6267183" lon="27.4590217">
        <ele>144</ele>
        <time>2023-01-28T06:56:32Z</time>
        <hdop>1.8</hdop>
        <extensions>
          <speed>0.725</speed>
        </extensions>
      </trkpt>
      <trkpt lat="55.6267817" lon="27.4589667">
        <ele>144.3</ele>
        <time>2023-01-28T06:56:38Z</time>
        <hdop>1.7</hdop>
        <extensions>
          <speed>0.869</speed>
        </extensions>
      </trkpt>
      <trkpt lat="55.626825" lon="27.458925">
        <ele>144.2</ele>
        <time>2023-01-28T06:56:44Z</time>
        <hdop>1.7</hdop>
        <extensions>
          <speed>0.844</speed>
        </extensions>
      </trkpt>
      <trkpt lat="55.62685" lon="27.4589083">
        <ele>144.1</ele>
        <time>2023-01-28T06:56:50Z</time>
        <hdop>1.7</hdop>
        <extensions>
          <speed>0.628</speed>
        </extensions>
      </trkpt>
      <trkpt lat="55.6269033" lon="27.4588917">
        <ele>144.4</ele>
        <time>2023-01-28T06:56:56Z</time>
        <hdop>1.8</hdop>
        <extensions>
          <speed>0.635</speed>
        </extensions>
      </trkpt>
      <trkpt lat="55.626955" lon="27.4588733">
        <ele>145.6</ele>
        <time>2023-01-28T06:57:02Z</time>
        <hdop>1.7</hdop>
        <extensions>
          <speed>0.759</speed>
        </extensions>
      </trkpt>
      <trkpt lat="55.6270017" lon="27.4588333">
        <ele>145.8</ele>
        <time>2023-01-28T06:57:08Z</time>
        <hdop>1.8</hdop>
        <extensions>
          <speed>0.701</speed>
        </extensions>
      </trkpt>
      <trkpt lat="55.6270283" lon="27.4587983">
        <ele>145.9</ele>
        <time>2023-01-28T06:57:14Z</time>
        <hdop>1.6</hdop>
        <extensions>
          <speed>0.676</speed>
        </extensions>
      </trkpt>
      <trkpt lat="55.627065" lon="27.458755">
        <ele>145.6</ele>
        <time>2023-01-28T06:57:20Z</time>
        <hdop>1.7</hdop>
        <extensions>
          <speed>0.682</speed>
        </extensions>
      </trkpt>
      <trkpt lat="55.627085" lon="27.45873">
        <ele>145.7</ele>
        <time>2023-01-28T06:57:26Z</time>
        <hdop>1.7</hdop>
        <extensions>
          <speed>0.623</speed>
        </extensions>
      </trkpt>
      <trkpt lat="55.627125" lon="27.4587017">
        <ele>145.6</ele>
        <time>2023-01-28T06:57:32Z</time>
        <hdop>1.7</hdop>
        <extensions>
          <speed>0.642</speed>
        </extensions>
      </trkpt>
      <trkpt lat="55.62717" lon="27.45867">
        <ele>145.3</ele>
        <time>2023-01-28T06:57:38Z</time>
        <hdop>1.7</hdop>
        <extensions>
          <speed>0.768</speed>
        </extensions>
      </trkpt>
      <trkpt lat="55.6272033" lon="27.458655">
        <ele>145.1</ele>
        <time>2023-01-28T06:57:44Z</time>
        <hdop>1.7</hdop>
        <extensions>
          <speed>0.693</speed>
        </extensions>
      </trkpt>
      <trkpt lat="55.6272333" lon="27.4586683">
        <ele>144.3</ele>
        <time>2023-01-28T06:57:50Z</time>
        <hdop>1.6</hdop>
        <extensions>
          <speed>0.652</speed>
        </extensions>
      </trkpt>
      <trkpt lat="55.62728" lon="27.458655">
        <ele>143.9</ele>
        <time>2023-01-28T06:57:56Z</time>
        <hdop>1.7</hdop>
        <extensions>
          <speed>0.772</speed>
        </extensions>
      </trkpt>
      <trkpt lat="55.627315" lon="27.4585883">
        <ele>143.6</ele>
        <time>2023-01-28T06:58:02Z</time>
        <hdop>1.7</hdop>
        <extensions>
          <speed>0.731</speed>
        </extensions>
      </trkpt>
      <trkpt lat="55.62734" lon="27.4585183">
        <ele>143.2</ele>
        <time>2023-01-28T06:58:08Z</time>
        <hdop>1.8</hdop>
        <extensions>
          <speed>0.71</speed>
        </extensions>
      </trkpt>
      <trkpt lat="55.627385" lon="27.4584783">
        <ele>142.8</ele>
        <time>2023-01-28T06:58:14Z</time>
        <hdop>1.9</hdop>
        <extensions>
          <speed>0.766</speed>
        </extensions>
      </trkpt>
      <trkpt lat="55.6274233" lon="27.4584383">
        <ele>142.2</ele>
        <time>2023-01-28T06:58:20Z</time>
        <hdop>1.9</hdop>
        <extensions>
          <speed>0.764</speed>
        </extensions>
      </trkpt>
      <trkpt lat="55.6274533" lon="27.45839">
        <ele>141.9</ele>
        <time>2023-01-28T06:58:26Z</time>
        <hdop>1.8</hdop>
        <extensions>
          <speed>0.75</speed>
        </extensions>
      </trkpt>
      <trkpt lat="55.6274933" lon="27.4583417">
        <ele>141.3</ele>
        <time>2023-01-28T06:58:32Z</time>
        <hdop>1.7</hdop>
        <extensions>
          <speed>0.815</speed>
        </extensions>
      </trkpt>
      <trkpt lat="55.62753" lon="27.4583017">
        <ele>141.1</ele>
        <time>2023-01-28T06:58:38Z</time>
        <hdop>1.7</hdop>
        <extensions>
          <speed>0.805</speed>
        </extensions>
      </trkpt>
      <trkpt lat="55.62756" lon="27.4582817">
        <ele>140.8</ele>
        <time>2023-01-28T06:58:44Z</time>
        <hdop>1.7</hdop>
        <extensions>
          <speed>0.607</speed>
        </extensions>
      </trkpt>
      <trkpt lat="55.6275833" lon="27.4582817">
        <ele>141.1</ele>
        <time>2023-01-28T06:58:50Z</time>
        <hdop>1.7</hdop>
      </trkpt>
      <trkpt lat="55.627615" lon="27.4582167">
        <ele>140.8</ele>
        <time>2023-01-28T06:59:11Z</time>
        <hdop>1.7</hdop>
        <extensions>
          <speed>0.342</speed>
        </extensions>
      </trkpt>
      <trkpt lat="55.6276283" lon="27.4581583">
        <ele>140.7</ele>
        <time>2023-01-28T06:59:17Z</time>
        <hdop>1.6</hdop>
        <extensions>
          <speed>0.601</speed>
        </extensions>
      </trkpt>
      <trkpt lat="55.627635" lon="27.4581283">
        <ele>140.6</ele>
        <time>2023-01-28T06:59:22Z</time>
        <hdop>1.6</hdop>
        <extensions>
          <speed>0.538</speed>
        </extensions>
      </trkpt>
      <trkpt lat="55.6276367" lon="27.45808">
        <ele>140.3</ele>
        <time>2023-01-28T06:59:28Z</time>
        <hdop>1.7</hdop>
      </trkpt>
      <trkpt lat="55.62763" lon="27.45805">
        <ele>140.2</ele>
        <time>2023-01-28T06:59:33Z</time>
        <hdop>1.7</hdop>
      </trkpt>
      <trkpt lat="55.627625" lon="27.4580167">
        <ele>139.4</ele>
        <time>2023-01-28T06:59:38Z</time>
        <hdop>1.7</hdop>
      </trkpt>
      <trkpt lat="55.6276333" lon="27.457985">
        <ele>139.5</ele>
        <time>2023-01-28T06:59:45Z</time>
        <hdop>1.7</hdop>
      </trkpt>
      <trkpt lat="55.627635" lon="27.4579383">
        <ele>139.2</ele>
        <time>2023-01-28T06:59:50Z</time>
        <hdop>1.8</hdop>
        <extensions>
          <speed>0.444</speed>
        </extensions>
      </trkpt>
      <trkpt lat="55.6276433" lon="27.4578883">
        <ele>139</ele>
        <time>2023-01-28T06:59:56Z</time>
        <hdop>1.7</hdop>
        <extensions>
          <speed>0.547</speed>
        </extensions>
      </trkpt>
      <trkpt lat="55.62765" lon="27.45784">
        <ele>138.8</ele>
        <time>2023-01-28T07:00:02Z</time>
        <hdop>1.8</hdop>
        <extensions>
          <speed>0.506</speed>
        </extensions>
      </trkpt>
      <trkpt lat="55.6276467" lon="27.4577833">
        <ele>138.5</ele>
        <time>2023-01-28T07:00:08Z</time>
        <hdop>1.8</hdop>
        <extensions>
          <speed>0.446</speed>
        </extensions>
      </trkpt>
      <trkpt lat="55.627655" lon="27.4577417">
        <ele>138.6</ele>
        <time>2023-01-28T07:00:14Z</time>
        <hdop>1.7</hdop>
        <extensions>
          <speed>0.395</speed>
        </extensions>
      </trkpt>
      <trkpt lat="55.6276683" lon="27.4576633">
        <ele>138.5</ele>
        <time>2023-01-28T07:00:20Z</time>
        <hdop>1.7</hdop>
        <extensions>
          <speed>0.492</speed>
        </extensions>
      </trkpt>
      <trkpt lat="55.6276817" lon="27.4576067">
        <ele>138.3</ele>
        <time>2023-01-28T07:00:26Z</time>
        <hdop>1.8</hdop>
        <extensions>
          <speed>0.516</speed>
        </extensions>
      </trkpt>
      <trkpt lat="55.6277" lon="27.4575867">
        <ele>138.6</ele>
        <time>2023-01-28T07:00:32Z</time>
        <hdop>1.8</hdop>
        <extensions>
          <speed>0.459</speed>
        </extensions>
      </trkpt>
      <trkpt lat="55.6277383" lon="27.4575517">
        <ele>138.4</ele>
        <time>2023-01-28T07:00:38Z</time>
        <hdop>1.7</hdop>
        <extensions>
          <speed>0.51</speed>
        </extensions>
      </trkpt>
      <trkpt lat="55.6277683" lon="27.4575267">
        <ele>139.1</ele>
        <time>2023-01-28T07:00:44Z</time>
        <hdop>1.7</hdop>
        <extensions>
          <speed>0.569</speed>
        </extensions>
      </trkpt>
      <trkpt lat="55.6277933" lon="27.45747">
        <ele>139.4</ele>
        <time>2023-01-28T07:00:50Z</time>
        <hdop>1.7</hdop>
        <extensions>
          <speed>0.557</speed>
        </extensions>
      </trkpt>
      <trkpt lat="55.6278233" lon="27.4574167">
        <ele>139.7</ele>
        <time>2023-01-28T07:00:56Z</time>
        <hdop>1.7</hdop>
        <extensions>
          <speed>0.609</speed>
        </extensions>
      </trkpt>
      <trkpt lat="55.62784" lon="27.457375">
        <ele>140.1</ele>
        <time>2023-01-28T07:01:02Z</time>
        <hdop>1.8</hdop>
        <extensions>
          <speed>0.6</speed>
        </extensions>
      </trkpt>
      <trkpt lat="55.6278567" lon="27.45736">
        <ele>140.4</ele>
        <time>2023-01-28T07:01:08Z</time>
        <hdop>1.8</hdop>
        <extensions>
          <speed>0.488</speed>
        </extensions>
      </trkpt>
      <trkpt lat="55.62788" lon="27.4573033">
        <ele>140.4</ele>
        <time>2023-01-28T07:01:14Z</time>
        <hdop>1.9</hdop>
        <extensions>
          <speed>0.462</speed>
        </extensions>
      </trkpt>
      <trkpt lat="55.627905" lon="27.45724">
        <ele>140.6</ele>
        <time>2023-01-28T07:01:20Z</time>
        <hdop>1.9</hdop>
        <extensions>
          <speed>0.613</speed>
        </extensions>
      </trkpt>
      <trkpt lat="55.627925" lon="27.4572017">
        <ele>140.8</ele>
        <time>2023-01-28T07:01:26Z</time>
        <hdop>2.1</hdop>
        <extensions>
          <speed>0.566</speed>
        </extensions>
      </trkpt>
      <trkpt lat="55.6279583" lon="27.4571533">
        <ele>140.8</ele>
        <time>2023-01-28T07:01:32Z</time>
        <hdop>1.7</hdop>
        <extensions>
          <speed>0.574</speed>
        </extensions>
      </trkpt>
      <trkpt lat="55.6279833" lon="27.4571283">
        <ele>140.7</ele>
        <time>2023-01-28T07:01:38Z</time>
        <hdop>2</hdop>
        <extensions>
          <speed>0.432</speed>
        </extensions>
      </trkpt>
      <trkpt lat="55.6279883" lon="27.4570867">
        <ele>140.1</ele>
        <time>2023-01-28T07:01:53Z</time>
        <hdop>1.8</hdop>
        <extensions>
          <speed>0.326</speed>
        </extensions>
      </trkpt>
      <trkpt lat="55.6279883" lon="27.45702">
        <ele>140.1</ele>
        <time>2023-01-28T07:01:58Z</time>
        <hdop>1.8</hdop>
        <extensions>
          <speed>0.561</speed>
        </extensions>
      </trkpt>
      <trkpt lat="55.6280033" lon="27.4569817">
        <ele>140.4</ele>
        <time>2023-01-28T07:02:03Z</time>
        <hdop>1.8</hdop>
        <extensions>
          <speed>0.547</speed>
        </extensions>
      </trkpt>
      <trkpt lat="55.6280217" lon="27.4569783">
        <ele>140.6</ele>
        <time>2023-01-28T07:02:08Z</time>
        <hdop>1.8</hdop>
      </trkpt>
      <trkpt lat="55.6280067" lon="27.4569433">
        <ele>140.5</ele>
        <time>2023-01-28T07:02:14Z</time>
        <hdop>1.8</hdop>
        <extensions>
          <speed>0.353</speed>
        </extensions>
      </trkpt>
      <trkpt lat="55.6280333" lon="27.45688">
        <ele>141</ele>
        <time>2023-01-28T07:02:20Z</time>
        <hdop>1.8</hdop>
        <extensions>
          <speed>0.666</speed>
        </extensions>
      </trkpt>
      <trkpt lat="55.62806" lon="27.4568333">
        <ele>141.8</ele>
        <time>2023-01-28T07:02:26Z</time>
        <hdop>1.8</hdop>
        <extensions>
          <speed>0.788</speed>
        </extensions>
      </trkpt>
      <trkpt lat="55.62808" lon="27.4568183">
        <ele>142.9</ele>
        <time>2023-01-28T07:02:37Z</time>
        <hdop>1.4</hdop>
        <extensions>
          <speed>0.365</speed>
        </extensions>
      </trkpt>
      <trkpt lat="55.6281" lon="27.456835">
        <ele>143.2</ele>
        <time>2023-01-28T07:03:03Z</time>
        <hdop>1.6</hdop>
        <extensions>
          <speed>0.34</speed>
        </extensions>
      </trkpt>
      <trkpt lat="55.6281217" lon="27.456825">
        <ele>143.4</ele>
        <time>2023-01-28T07:03:08Z</time>
        <hdop>1.7</hdop>
      </trkpt>
      <trkpt lat="55.628145" lon="27.45682">
        <ele>143.2</ele>
        <time>2023-01-28T07:03:14Z</time>
        <hdop>1.6</hdop>
      </trkpt>
      <trkpt lat="55.62819" lon="27.4568067">
        <ele>140.4</ele>
        <time>2023-01-28T07:04:17Z</time>
        <hdop>1.4</hdop>
        <extensions>
          <speed>0.324</speed>
        </extensions>
      </trkpt>
      <trkpt lat="55.6282183" lon="27.4568067">
        <ele>140.8</ele>
        <time>2023-01-28T07:04:22Z</time>
        <hdop>1.6</hdop>
        <extensions>
          <speed>0.591</speed>
        </extensions>
      </trkpt>
      <trkpt lat="55.6282533" lon="27.45682">
        <ele>141.3</ele>
        <time>2023-01-28T07:04:28Z</time>
        <hdop>1.7</hdop>
        <extensions>
          <speed>0.767</speed>
        </extensions>
      </trkpt>
      <trkpt lat="55.6282783" lon="27.4568">
        <ele>141.6</ele>
        <time>2023-01-28T07:04:33Z</time>
        <hdop>1.7</hdop>
        <extensions>
          <speed>0.717</speed>
        </extensions>
      </trkpt>
      <trkpt lat="55.6283133" lon="27.4567967">
        <ele>142</ele>
        <time>2023-01-28T07:04:38Z</time>
        <hdop>1.7</hdop>
        <extensions>
          <speed>0.616</speed>
        </extensions>
      </trkpt>
      <trkpt lat="55.62835" lon="27.4567833">
        <ele>142.4</ele>
        <time>2023-01-28T07:04:44Z</time>
        <hdop>1.7</hdop>
        <extensions>
          <speed>0.488</speed>
        </extensions>
      </trkpt>
      <trkpt lat="55.6283733" lon="27.4567817">
        <ele>143.2</ele>
        <time>2023-01-28T07:04:50Z</time>
        <hdop>1.7</hdop>
        <extensions>
          <speed>0.375</speed>
        </extensions>
      </trkpt>
      <trkpt lat="55.6284033" lon="27.456805">
        <ele>143.6</ele>
        <time>2023-01-28T07:04:56Z</time>
        <hdop>1.7</hdop>
        <extensions>
          <speed>0.574</speed>
        </extensions>
      </trkpt>
      <trkpt lat="55.628435" lon="27.4568383">
        <ele>144.2</ele>
        <time>2023-01-28T07:05:02Z</time>
        <hdop>1.7</hdop>
        <extensions>
          <speed>0.621</speed>
        </extensions>
      </trkpt>
      <trkpt lat="55.6284683" lon="27.4568517">
        <ele>144.4</ele>
        <time>2023-01-28T07:05:08Z</time>
        <hdop>1.7</hdop>
        <extensions>
          <speed>0.565</speed>
        </extensions>
      </trkpt>
      <trkpt lat="55.6285" lon="27.456845">
        <ele>144.2</ele>
        <time>2023-01-28T07:05:18Z</time>
        <hdop>1.9</hdop>
        <extensions>
          <speed>0.382</speed>
        </extensions>
      </trkpt>
      <trkpt lat="55.62852" lon="27.4568217">
        <ele>144.3</ele>
        <time>2023-01-28T07:05:23Z</time>
        <hdop>1.9</hdop>
        <extensions>
          <speed>0.591</speed>
        </extensions>
      </trkpt>
      <trkpt lat="55.628545" lon="27.4568317">
        <ele>143.5</ele>
        <time>2023-01-28T07:05:40Z</time>
        <hdop>1.5</hdop>
        <extensions>
          <speed>0.332</speed>
        </extensions>
      </trkpt>
      <trkpt lat="55.6285717" lon="27.4568417">
        <ele>142.9</ele>
        <time>2023-01-28T07:05:46Z</time>
        <hdop>1.7</hdop>
        <extensions>
          <speed>0.637</speed>
        </extensions>
      </trkpt>
      <trkpt lat="55.6285983" lon="27.4568517">
        <ele>142.7</ele>
        <time>2023-01-28T07:05:51Z</time>
        <hdop>1.7</hdop>
        <extensions>
          <speed>0.648</speed>
        </extensions>
      </trkpt>
      <trkpt lat="55.6286217" lon="27.4568467">
        <ele>142.7</ele>
        <time>2023-01-28T07:05:56Z</time>
        <hdop>1.7</hdop>
        <extensions>
          <speed>0.533</speed>
        </extensions>
      </trkpt>
      <trkpt lat="55.62865" lon="27.4568533">
        <ele>143.3</ele>
        <time>2023-01-28T07:06:17Z</time>
        <hdop>1.5</hdop>
        <extensions>
          <speed>0.214</speed>
        </extensions>
      </trkpt>
      <trkpt lat="55.6286767" lon="27.4568333">
        <ele>143.1</ele>
        <time>2023-01-28T07:06:26Z</time>
        <hdop>1.2</hdop>
        <extensions>
          <speed>0.301</speed>
        </extensions>
      </trkpt>
      <trkpt lat="55.6287233" lon="27.456815">
        <ele>143.3</ele>
        <time>2023-01-28T07:06:32Z</time>
        <hdop>1.6</hdop>
        <extensions>
          <speed>0.627</speed>
        </extensions>
      </trkpt>
      <trkpt lat="55.628755" lon="27.4568233">
        <ele>143.6</ele>
        <time>2023-01-28T07:06:38Z</time>
        <hdop>1.8</hdop>
        <extensions>
          <speed>0.714</speed>
        </extensions>
      </trkpt>
      <trkpt lat="55.6287783" lon="27.4568117">
        <ele>143.8</ele>
        <time>2023-01-28T07:06:44Z</time>
        <hdop>1.7</hdop>
        <extensions>
          <speed>0.538</speed>
        </extensions>
      </trkpt>
      <trkpt lat="55.6288083" lon="27.4568233">
        <ele>144</ele>
        <time>2023-01-28T07:06:50Z</time>
        <hdop>1.9</hdop>
      </trkpt>
      <trkpt lat="55.6288183" lon="27.456795">
        <ele>143.7</ele>
        <time>2023-01-28T07:07:06Z</time>
        <hdop>1.8</hdop>
        <extensions>
          <speed>0.326</speed>
        </extensions>
      </trkpt>
      <trkpt lat="55.628845" lon="27.45677">
        <ele>143.8</ele>
        <time>2023-01-28T07:07:11Z</time>
        <hdop>1.7</hdop>
        <extensions>
          <speed>0.557</speed>
        </extensions>
      </trkpt>
      <trkpt lat="55.6288617" lon="27.456755">
        <ele>144.2</ele>
        <time>2023-01-28T07:07:17Z</time>
        <hdop>1.7</hdop>
        <extensions>
          <speed>0.468</speed>
        </extensions>
      </trkpt>
      <trkpt lat="55.62888" lon="27.4567667">
        <ele>144.3</ele>
        <time>2023-01-28T07:07:24Z</time>
        <hdop>1.5</hdop>
        <extensions>
          <speed>0.351</speed>
        </extensions>
      </trkpt>
      <trkpt lat="55.628905" lon="27.4567533">
        <ele>144</ele>
        <time>2023-01-28T07:07:30Z</time>
        <hdop>1.7</hdop>
        <extensions>
          <speed>0.551</speed>
        </extensions>
      </trkpt>
      <trkpt lat="55.6289217" lon="27.456735">
        <ele>143.6</ele>
        <time>2023-01-28T07:07:36Z</time>
        <hdop>1.7</hdop>
        <extensions>
          <speed>0.463</speed>
        </extensions>
      </trkpt>
      <trkpt lat="55.628945" lon="27.4567183">
        <ele>143.4</ele>
        <time>2023-01-28T07:07:41Z</time>
        <hdop>1.7</hdop>
      </trkpt>
      <trkpt lat="55.6289633" lon="27.4566567">
        <ele>143.3</ele>
        <time>2023-01-28T07:07:47Z</time>
        <hdop>1.7</hdop>
        <extensions>
          <speed>0.418</speed>
        </extensions>
      </trkpt>
      <trkpt lat="55.62898" lon="27.4566233">
        <ele>143.7</ele>
        <time>2023-01-28T07:07:52Z</time>
        <hdop>1.7</hdop>
        <extensions>
          <speed>0.416</speed>
        </extensions>
      </trkpt>
      <trkpt lat="55.6290117" lon="27.45658">
        <ele>143.8</ele>
        <time>2023-01-28T07:07:58Z</time>
        <hdop>1.7</hdop>
        <extensions>
          <speed>0.527</speed>
        </extensions>
      </trkpt>
      <trkpt lat="55.6290433" lon="27.45652">
        <ele>143.8</ele>
        <time>2023-01-28T07:08:04Z</time>
        <hdop>1.7</hdop>
        <extensions>
          <speed>0.627</speed>
        </extensions>
      </trkpt>
      <trkpt lat="55.6290617" lon="27.4565">
        <ele>143.5</ele>
        <time>2023-01-28T07:08:11Z</time>
        <hdop>1.7</hdop>
        <extensions>
          <speed>0.636</speed>
        </extensions>
      </trkpt>
      <trkpt lat="55.6290767" lon="27.4564733">
        <ele>143.6</ele>
        <time>2023-01-28T07:08:16Z</time>
        <hdop>1.7</hdop>
        <extensions>
          <speed>0.584</speed>
        </extensions>
      </trkpt>
      <trkpt lat="55.6291033" lon="27.456445">
        <ele>143.6</ele>
        <time>2023-01-28T07:08:22Z</time>
        <hdop>1.7</hdop>
        <extensions>
          <speed>0.436</speed>
        </extensions>
      </trkpt>
      <trkpt lat="55.629145" lon="27.4564083">
        <ele>144.2</ele>
        <time>2023-01-28T07:08:27Z</time>
        <hdop>1.7</hdop>
        <extensions>
          <speed>0.393</speed>
        </extensions>
      </trkpt>
      <trkpt lat="55.629165" lon="27.4563683">
        <ele>145</ele>
        <time>2023-01-28T07:08:32Z</time>
        <hdop>1.7</hdop>
        <extensions>
          <speed>0.565</speed>
        </extensions>
      </trkpt>
      <trkpt lat="55.6291933" lon="27.4563767">
        <ele>145.8</ele>
        <time>2023-01-28T07:08:38Z</time>
        <hdop>1.7</hdop>
        <extensions>
          <speed>0.704</speed>
        </extensions>
      </trkpt>
      <trkpt lat="55.6292267" lon="27.4564067">
        <ele>145.7</ele>
        <time>2023-01-28T07:08:44Z</time>
        <hdop>1.8</hdop>
        <extensions>
          <speed>0.704</speed>
        </extensions>
      </trkpt>
      <trkpt lat="55.62926" lon="27.4564117">
        <ele>145.1</ele>
        <time>2023-01-28T07:08:50Z</time>
        <hdop>1.7</hdop>
        <extensions>
          <speed>0.491</speed>
        </extensions>
      </trkpt>
      <trkpt lat="55.6292983" lon="27.4564167">
        <ele>145.3</ele>
        <time>2023-01-28T07:08:56Z</time>
        <hdop>1.6</hdop>
        <extensions>
          <speed>0.414</speed>
        </extensions>
      </trkpt>
      <trkpt lat="55.6293317" lon="27.4563817">
        <ele>145.6</ele>
        <time>2023-01-28T07:09:02Z</time>
        <hdop>1.7</hdop>
        <extensions>
          <speed>0.631</speed>
        </extensions>
      </trkpt>
      <trkpt lat="55.6293683" lon="27.45635">
        <ele>145</ele>
        <time>2023-01-28T07:09:08Z</time>
        <hdop>1.6</hdop>
        <extensions>
          <speed>0.689</speed>
        </extensions>
      </trkpt>
      <trkpt lat="55.6294083" lon="27.4563217">
        <ele>145.2</ele>
        <time>2023-01-28T07:09:14Z</time>
        <hdop>1.6</hdop>
        <extensions>
          <speed>0.74</speed>
        </extensions>
      </trkpt>
      <trkpt lat="55.6294183" lon="27.4563667">
        <ele>144.2</ele>
        <time>2023-01-28T07:09:20Z</time>
        <hdop>1.6</hdop>
        <extensions>
          <speed>0.619</speed>
        </extensions>
      </trkpt>
      <trkpt lat="55.62944" lon="27.456405">
        <ele>143.9</ele>
        <time>2023-01-28T07:09:26Z</time>
        <hdop>1.6</hdop>
        <extensions>
          <speed>0.678</speed>
        </extensions>
      </trkpt>
      <trkpt lat="55.6294633" lon="27.4563833">
        <ele>142.7</ele>
        <time>2023-01-28T07:09:32Z</time>
        <hdop>1.5</hdop>
        <extensions>
          <speed>0.579</speed>
        </extensions>
      </trkpt>
      <trkpt lat="55.6294833" lon="27.456365">
        <ele>143.4</ele>
        <time>2023-01-28T07:09:39Z</time>
        <hdop>1.6</hdop>
        <extensions>
          <speed>0.343</speed>
        </extensions>
      </trkpt>
      <trkpt lat="55.629485" lon="27.456325">
        <ele>143.5</ele>
        <time>2023-01-28T07:09:44Z</time>
        <hdop>1.7</hdop>
        <extensions>
          <speed>0.453</speed>
        </extensions>
      </trkpt>
      <trkpt lat="55.62951" lon="27.4563217">
        <ele>143.4</ele>
        <time>2023-01-28T07:09:50Z</time>
        <hdop>1.6</hdop>
        <extensions>
          <speed>0.491</speed>
        </extensions>
      </trkpt>
      <trkpt lat="55.6295467" lon="27.456355">
        <ele>143.5</ele>
        <time>2023-01-28T07:09:56Z</time>
        <hdop>1.6</hdop>
        <extensions>
          <speed>0.63</speed>
        </extensions>
      </trkpt>
      <trkpt lat="55.629595" lon="27.4563867">
        <ele>143</ele>
        <time>2023-01-28T07:10:02Z</time>
        <hdop>1.6</hdop>
        <extensions>
          <speed>0.904</speed>
        </extensions>
      </trkpt>
      <trkpt lat="55.629645" lon="27.456345">
        <ele>142.7</ele>
        <time>2023-01-28T07:10:08Z</time>
        <hdop>1.6</hdop>
        <extensions>
          <speed>0.863</speed>
        </extensions>
      </trkpt>
      <trkpt lat="55.6296867" lon="27.4562783">
        <ele>142.6</ele>
        <time>2023-01-28T07:10:14Z</time>
        <hdop>1.5</hdop>
        <extensions>
          <speed>0.763</speed>
        </extensions>
      </trkpt>
      <trkpt lat="55.6297183" lon="27.45625">
        <ele>142.9</ele>
        <time>2023-01-28T07:10:20Z</time>
        <hdop>1.6</hdop>
        <extensions>
          <speed>0.659</speed>
        </extensions>
      </trkpt>
      <trkpt lat="55.62977" lon="27.45625">
        <ele>143.6</ele>
        <time>2023-01-28T07:10:26Z</time>
        <hdop>1.6</hdop>
        <extensions>
          <speed>0.696</speed>
        </extensions>
      </trkpt>
      <trkpt lat="55.6297883" lon="27.456265">
        <ele>145.1</ele>
        <time>2023-01-28T07:10:32Z</time>
        <hdop>1.7</hdop>
        <extensions>
          <speed>0.407</speed>
        </extensions>
      </trkpt>
      <trkpt lat="55.6298067" lon="27.456265">
        <ele>146.9</ele>
        <time>2023-01-28T07:10:47Z</time>
        <hdop>1.7</hdop>
        <extensions>
          <speed>0.484</speed>
        </extensions>
      </trkpt>
      <trkpt lat="55.6298517" lon="27.4562033">
        <ele>147</ele>
        <time>2023-01-28T07:10:53Z</time>
        <hdop>1.6</hdop>
        <extensions>
          <speed>0.651</speed>
        </extensions>
      </trkpt>
      <trkpt lat="55.6298567" lon="27.45614">
        <ele>146.9</ele>
        <time>2023-01-28T07:10:59Z</time>
        <hdop>1.7</hdop>
        <extensions>
          <speed>0.613</speed>
        </extensions>
      </trkpt>
      <trkpt lat="55.6298733" lon="27.4561017">
        <ele>146.4</ele>
        <time>2023-01-28T07:11:05Z</time>
        <hdop>1.7</hdop>
        <extensions>
          <speed>0.582</speed>
        </extensions>
      </trkpt>
      <trkpt lat="55.6298933" lon="27.4561083">
        <ele>145.5</ele>
        <time>2023-01-28T07:11:19Z</time>
        <hdop>1.7</hdop>
        <extensions>
          <speed>0.435</speed>
        </extensions>
      </trkpt>
      <trkpt lat="55.6299217" lon="27.4560867">
        <ele>145.4</ele>
        <time>2023-01-28T07:11:24Z</time>
        <hdop>1.8</hdop>
        <extensions>
          <speed>0.658</speed>
        </extensions>
      </trkpt>
      <trkpt lat="55.6299533" lon="27.4560483">
        <ele>145.4</ele>
        <time>2023-01-28T07:11:30Z</time>
        <hdop>1.7</hdop>
        <extensions>
          <speed>0.616</speed>
        </extensions>
      </trkpt>
      <trkpt lat="55.629985" lon="27.4560433">
        <ele>146</ele>
        <time>2023-01-28T07:11:36Z</time>
        <hdop>1.7</hdop>
        <extensions>
          <speed>0.569</speed>
        </extensions>
      </trkpt>
      <trkpt lat="55.6300017" lon="27.4560167">
        <ele>145.8</ele>
        <time>2023-01-28T07:11:42Z</time>
        <hdop>1.6</hdop>
        <extensions>
          <speed>0.416</speed>
        </extensions>
      </trkpt>
      <trkpt lat="55.6300267" lon="27.4559633">
        <ele>145.8</ele>
        <time>2023-01-28T07:11:48Z</time>
        <hdop>1.7</hdop>
        <extensions>
          <speed>0.619</speed>
        </extensions>
      </trkpt>
      <trkpt lat="55.6300367" lon="27.4558967">
        <ele>145.9</ele>
        <time>2023-01-28T07:11:54Z</time>
        <hdop>1.8</hdop>
        <extensions>
          <speed>0.782</speed>
        </extensions>
      </trkpt>
      <trkpt lat="55.6300533" lon="27.4558717">
        <ele>146.5</ele>
        <time>2023-01-28T07:12:00Z</time>
        <hdop>1.7</hdop>
        <extensions>
          <speed>0.611</speed>
        </extensions>
      </trkpt>
      <trkpt lat="55.6300717" lon="27.4558533">
        <ele>146.6</ele>
        <time>2023-01-28T07:12:12Z</time>
        <hdop>1.7</hdop>
        <extensions>
          <speed>0.309</speed>
        </extensions>
      </trkpt>
      <trkpt lat="55.6301067" lon="27.4558383">
        <ele>147.2</ele>
        <time>2023-01-28T07:12:17Z</time>
        <hdop>1.7</hdop>
        <extensions>
          <speed>0.512</speed>
        </extensions>
      </trkpt>
      <trkpt lat="55.6301533" lon="27.4558067">
        <ele>147.8</ele>
        <time>2023-01-28T07:12:23Z</time>
        <hdop>1.7</hdop>
        <extensions>
          <speed>0.718</speed>
        </extensions>
      </trkpt>
      <trkpt lat="55.630195" lon="27.4557833">
        <ele>148.2</ele>
        <time>2023-01-28T07:12:29Z</time>
        <hdop>1.7</hdop>
        <extensions>
          <speed>0.743</speed>
        </extensions>
      </trkpt>
      <trkpt lat="55.6302167" lon="27.4557633">
        <ele>148.3</ele>
        <time>2023-01-28T07:12:34Z</time>
        <hdop>1.7</hdop>
        <extensions>
          <speed>0.585</speed>
        </extensions>
      </trkpt>
      <trkpt lat="55.630245" lon="27.4557533">
        <ele>147.7</ele>
        <time>2023-01-28T07:12:53Z</time>
        <hdop>1.5</hdop>
        <extensions>
          <speed>0.34</speed>
        </extensions>
      </trkpt>
      <trkpt lat="55.630265" lon="27.4557167">
        <ele>147</ele>
        <time>2023-01-28T07:12:59Z</time>
        <hdop>1.6</hdop>
        <extensions>
          <speed>0.678</speed>
        </extensions>
      </trkpt>
      <trkpt lat="55.6303133" lon="27.4557083">
        <ele>146.2</ele>
        <time>2023-01-28T07:13:05Z</time>
        <hdop>1.6</hdop>
        <extensions>
          <speed>0.856</speed>
        </extensions>
      </trkpt>
      <trkpt lat="55.6303483" lon="27.4557017">
        <ele>146.3</ele>
        <time>2023-01-28T07:13:10Z</time>
        <hdop>1.7</hdop>
        <extensions>
          <speed>0.724</speed>
        </extensions>
      </trkpt>
      <trkpt lat="55.6303833" lon="27.4556467">
        <ele>146</ele>
        <time>2023-01-28T07:13:16Z</time>
        <hdop>1.9</hdop>
        <extensions>
          <speed>0.633</speed>
        </extensions>
      </trkpt>
      <trkpt lat="55.6304033" lon="27.4556183">
        <ele>146</ele>
        <time>2023-01-28T07:13:21Z</time>
        <hdop>1.8</hdop>
        <extensions>
          <speed>0.663</speed>
        </extensions>
      </trkpt>
      <trkpt lat="55.6304233" lon="27.4555733">
        <ele>146.5</ele>
        <time>2023-01-28T07:13:26Z</time>
        <hdop>1.7</hdop>
        <extensions>
          <speed>0.721</speed>
        </extensions>
      </trkpt>
      <trkpt lat="55.6304617" lon="27.4555533">
        <ele>146.1</ele>
        <time>2023-01-28T07:13:32Z</time>
        <hdop>1.7</hdop>
        <extensions>
          <speed>0.718</speed>
        </extensions>
      </trkpt>
      <trkpt lat="55.6305167" lon="27.45556">
        <ele>145.6</ele>
        <time>2023-01-28T07:13:38Z</time>
        <hdop>1.7</hdop>
        <extensions>
          <speed>0.855</speed>
        </extensions>
      </trkpt>
      <trkpt lat="55.630575" lon="27.4555867">
        <ele>145.3</ele>
        <time>2023-01-28T07:13:44Z</time>
        <hdop>1.7</hdop>
        <extensions>
          <speed>0.943</speed>
        </extensions>
      </trkpt>
      <trkpt lat="55.6306167" lon="27.455605">
        <ele>145</ele>
        <time>2023-01-28T07:13:50Z</time>
        <hdop>1.6</hdop>
        <extensions>
          <speed>0.91</speed>
        </extensions>
      </trkpt>
      <trkpt lat="55.6306583" lon="27.4556083">
        <ele>144.6</ele>
        <time>2023-01-28T07:13:56Z</time>
        <hdop>1.6</hdop>
        <extensions>
          <speed>0.84</speed>
        </extensions>
      </trkpt>
      <trkpt lat="55.6306917" lon="27.4555967">
        <ele>144.4</ele>
        <time>2023-01-28T07:14:02Z</time>
        <hdop>1.6</hdop>
        <extensions>
          <speed>0.664</speed>
        </extensions>
      </trkpt>
      <trkpt lat="55.6307283" lon="27.455595">
        <ele>144.4</ele>
        <time>2023-01-28T07:14:08Z</time>
        <hdop>1.6</hdop>
        <extensions>
          <speed>0.572</speed>
        </extensions>
      </trkpt>
      <trkpt lat="55.6307683" lon="27.45562">
        <ele>145</ele>
        <time>2023-01-28T07:14:14Z</time>
        <hdop>1.6</hdop>
        <extensions>
          <speed>0.633</speed>
        </extensions>
      </trkpt>
      <trkpt lat="55.630815" lon="27.4556233">
        <ele>145</ele>
        <time>2023-01-28T07:14:20Z</time>
        <hdop>1.6</hdop>
        <extensions>
          <speed>0.687</speed>
        </extensions>
      </trkpt>
      <trkpt lat="55.63086" lon="27.4555767">
        <ele>144.7</ele>
        <time>2023-01-28T07:14:26Z</time>
        <hdop>1.6</hdop>
        <extensions>
          <speed>0.727</speed>
        </extensions>
      </trkpt>
      <trkpt lat="55.6308917" lon="27.45561">
        <ele>145.3</ele>
        <time>2023-01-28T07:14:32Z</time>
        <hdop>1.6</hdop>
        <extensions>
          <speed>0.721</speed>
        </extensions>
      </trkpt>
      <trkpt lat="55.6308967" lon="27.4556483">
        <ele>145.5</ele>
        <time>2023-01-28T07:14:38Z</time>
        <hdop>1.7</hdop>
        <extensions>
          <speed>0.477</speed>
        </extensions>
      </trkpt>
      <trkpt lat="55.6309267" lon="27.4556717">
        <ele>146.5</ele>
        <time>2023-01-28T07:18:31Z</time>
        <hdop>1.6</hdop>
        <extensions>
          <speed>0.314</speed>
        </extensions>
      </trkpt>
      <trkpt lat="55.6309283" lon="27.4557333">
        <ele>146.3</ele>
        <time>2023-01-28T07:18:36Z</time>
        <hdop>1.6</hdop>
        <extensions>
          <speed>0.585</speed>
        </extensions>
      </trkpt>
      <trkpt lat="55.6309367" lon="27.4557633">
        <ele>145.7</ele>
        <time>2023-01-28T07:18:42Z</time>
        <hdop>1.7</hdop>
        <extensions>
          <speed>0.586</speed>
        </extensions>
      </trkpt>
      <trkpt lat="55.6309567" lon="27.4557633">
        <ele>146.1</ele>
        <time>2023-01-28T07:19:57Z</time>
        <hdop>1.6</hdop>
        <extensions>
          <speed>0.231</speed>
        </extensions>
      </trkpt>
      <trkpt lat="55.630935" lon="27.4557667">
        <ele>150.3</ele>
        <time>2023-01-28T07:24:58Z</time>
        <hdop>1.3</hdop>
        <extensions>
          <speed>0.332</speed>
        </extensions>
      </trkpt>
      <trkpt lat="55.6309417" lon="27.4557983">
        <ele>145.5</ele>
        <time>2023-01-28T07:31:14Z</time>
        <hdop>1.6</hdop>
      </trkpt>
      <trkpt lat="55.630935" lon="27.4558717">
        <ele>144.7</ele>
        <time>2023-01-28T07:32:09Z</time>
        <hdop>1.6</hdop>
        <extensions>
          <speed>0.317</speed>
        </extensions>
      </trkpt>
      <trkpt lat="55.6309483" lon="27.4559083">
        <ele>144.8</ele>
        <time>2023-01-28T07:32:18Z</time>
        <hdop>1.7</hdop>
        <extensions>
          <speed>0.426</speed>
        </extensions>
      </trkpt>
      <trkpt lat="55.6309717" lon="27.4559633">
        <ele>145.1</ele>
        <time>2023-01-28T07:32:24Z</time>
        <hdop>1.7</hdop>
        <extensions>
          <speed>0.445</speed>
        </extensions>
      </trkpt>
      <trkpt lat="55.63097" lon="27.4560367">
        <ele>144.6</ele>
        <time>2023-01-28T07:32:30Z</time>
        <hdop>1.7</hdop>
        <extensions>
          <speed>0.503</speed>
        </extensions>
      </trkpt>
      <trkpt lat="55.6309683" lon="27.4560883">
        <ele>144.7</ele>
        <time>2023-01-28T07:32:35Z</time>
        <hdop>1.7</hdop>
        <extensions>
          <speed>0.506</speed>
        </extensions>
      </trkpt>
      <trkpt lat="55.6309733" lon="27.45614">
        <ele>144.5</ele>
        <time>2023-01-28T07:32:41Z</time>
        <hdop>1.7</hdop>
        <extensions>
          <speed>0.458</speed>
        </extensions>
      </trkpt>
      <trkpt lat="55.630995" lon="27.4561817">
        <ele>144.9</ele>
        <time>2023-01-28T07:32:46Z</time>
        <hdop>1.7</hdop>
        <extensions>
          <speed>0.539</speed>
        </extensions>
      </trkpt>
      <trkpt lat="55.631025" lon="27.4562217">
        <ele>145.4</ele>
        <time>2023-01-28T07:32:52Z</time>
        <hdop>1.8</hdop>
        <extensions>
          <speed>0.572</speed>
        </extensions>
      </trkpt>
      <trkpt lat="55.6310633" lon="27.4562817">
        <ele>145.3</ele>
        <time>2023-01-28T07:32:58Z</time>
        <hdop>1.9</hdop>
      </trkpt>
      <trkpt lat="55.631105" lon="27.4563217">
        <ele>145</ele>
        <time>2023-01-28T07:33:03Z</time>
        <hdop>1.7</hdop>
        <extensions>
          <speed>0.702</speed>
        </extensions>
      </trkpt>
      <trkpt lat="55.631125" lon="27.4563267">
        <ele>144.2</ele>
        <time>2023-01-28T07:33:19Z</time>
        <hdop>1.7</hdop>
        <extensions>
          <speed>0.282</speed>
        </extensions>
      </trkpt>
      <trkpt lat="55.6311683" lon="27.4563767">
        <ele>143.6</ele>
        <time>2023-01-28T07:33:25Z</time>
        <hdop>1.8</hdop>
        <extensions>
          <speed>0.661</speed>
        </extensions>
      </trkpt>
      <trkpt lat="55.631195" lon="27.4564317">
        <ele>143.2</ele>
        <time>2023-01-28T07:33:30Z</time>
        <hdop>1.8</hdop>
        <extensions>
          <speed>0.846</speed>
        </extensions>
      </trkpt>
      <trkpt lat="55.6312083" lon="27.4564633">
        <ele>142.6</ele>
        <time>2023-01-28T07:33:35Z</time>
        <hdop>1.7</hdop>
        <extensions>
          <speed>0.708</speed>
        </extensions>
      </trkpt>
      <trkpt lat="55.6312283" lon="27.4564867">
        <ele>142.2</ele>
        <time>2023-01-28T07:33:47Z</time>
        <hdop>1.7</hdop>
        <extensions>
          <speed>0.369</speed>
        </extensions>
      </trkpt>
      <trkpt lat="55.6312583" lon="27.45647">
        <ele>142.1</ele>
        <time>2023-01-28T07:33:52Z</time>
        <hdop>1.8</hdop>
        <extensions>
          <speed>0.534</speed>
        </extensions>
      </trkpt>
      <trkpt lat="55.6313117" lon="27.45647">
        <ele>142.1</ele>
        <time>2023-01-28T07:33:58Z</time>
        <hdop>1.9</hdop>
        <extensions>
          <speed>0.642</speed>
        </extensions>
      </trkpt>
      <trkpt lat="55.6313567" lon="27.4564533">
        <ele>142.5</ele>
        <time>2023-01-28T07:34:04Z</time>
        <hdop>1.9</hdop>
        <extensions>
          <speed>0.586</speed>
        </extensions>
      </trkpt>
      <trkpt lat="55.6314017" lon="27.456465">
        <ele>142.7</ele>
        <time>2023-01-28T07:34:10Z</time>
        <hdop>2</hdop>
        <extensions>
          <speed>0.622</speed>
        </extensions>
      </trkpt>
      <trkpt lat="55.6314233" lon="27.4564417">
        <ele>142.4</ele>
        <time>2023-01-28T07:34:15Z</time>
        <hdop>1.9</hdop>
        <extensions>
          <speed>0.572</speed>
        </extensions>
      </trkpt>
      <trkpt lat="55.6314533" lon="27.4564333">
        <ele>142.9</ele>
        <time>2023-01-28T07:34:20Z</time>
        <hdop>1.9</hdop>
        <extensions>
          <speed>0.603</speed>
        </extensions>
      </trkpt>
      <trkpt lat="55.6314883" lon="27.4564283">
        <ele>143.3</ele>
        <time>2023-01-28T07:34:26Z</time>
        <hdop>1.8</hdop>
        <extensions>
          <speed>0.533</speed>
        </extensions>
      </trkpt>
      <trkpt lat="55.63152" lon="27.4564483">
        <ele>143.1</ele>
        <time>2023-01-28T07:34:32Z</time>
        <hdop>1.9</hdop>
      </trkpt>
      <trkpt lat="55.631575" lon="27.45645">
        <ele>142.5</ele>
        <time>2023-01-28T07:34:38Z</time>
        <hdop>1.8</hdop>
        <extensions>
          <speed>0.62</speed>
        </extensions>
      </trkpt>
      <trkpt lat="55.6316433" lon="27.4564133">
        <ele>141.9</ele>
        <time>2023-01-28T07:34:44Z</time>
        <hdop>1.9</hdop>
        <extensions>
          <speed>1.067</speed>
        </extensions>
      </trkpt>
      <trkpt lat="55.6317233" lon="27.4563717">
        <ele>142.3</ele>
        <time>2023-01-28T07:34:50Z</time>
        <hdop>1.8</hdop>
        <extensions>
          <speed>0.997</speed>
        </extensions>
      </trkpt>
      <trkpt lat="55.6317783" lon="27.456345">
        <ele>142.4</ele>
        <time>2023-01-28T07:34:56Z</time>
        <hdop>1.8</hdop>
        <extensions>
          <speed>0.746</speed>
        </extensions>
      </trkpt>
      <trkpt lat="55.63184" lon="27.45636">
        <ele>143.2</ele>
        <time>2023-01-28T07:35:02Z</time>
        <hdop>1.7</hdop>
        <extensions>
          <speed>0.709</speed>
        </extensions>
      </trkpt>
      <trkpt lat="55.6318617" lon="27.456345">
        <ele>143.2</ele>
        <time>2023-01-28T07:35:08Z</time>
        <hdop>1.6</hdop>
        <extensions>
          <speed>0.494</speed>
        </extensions>
      </trkpt>
      <trkpt lat="55.631905" lon="27.4563">
        <ele>142.1</ele>
        <time>2023-01-28T07:35:14Z</time>
        <hdop>1.6</hdop>
        <extensions>
          <speed>0.655</speed>
        </extensions>
      </trkpt>
      <trkpt lat="55.6319317" lon="27.456255">
        <ele>142.3</ele>
        <time>2023-01-28T07:35:20Z</time>
        <hdop>1.8</hdop>
        <extensions>
          <speed>0.69</speed>
        </extensions>
      </trkpt>
      <trkpt lat="55.631955" lon="27.45626">
        <ele>142.9</ele>
        <time>2023-01-28T07:35:29Z</time>
        <hdop>1.8</hdop>
        <extensions>
          <speed>0.27</speed>
        </extensions>
      </trkpt>
      <trkpt lat="55.6319733" lon="27.45627">
        <ele>142.6</ele>
        <time>2023-01-28T07:35:34Z</time>
        <hdop>1.7</hdop>
        <extensions>
          <speed>0.488</speed>
        </extensions>
      </trkpt>
      <trkpt lat="55.6319983" lon="27.4562367">
        <ele>142.2</ele>
        <time>2023-01-28T07:35:39Z</time>
        <hdop>1.7</hdop>
        <extensions>
          <speed>0.657</speed>
        </extensions>
      </trkpt>
      <trkpt lat="55.6320383" lon="27.4561917">
        <ele>142.2</ele>
        <time>2023-01-28T07:35:44Z</time>
        <hdop>1.7</hdop>
        <extensions>
          <speed>0.793</speed>
        </extensions>
      </trkpt>
      <trkpt lat="55.6320983" lon="27.45615">
        <ele>141.7</ele>
        <time>2023-01-28T07:35:50Z</time>
        <hdop>1.7</hdop>
        <extensions>
          <speed>0.876</speed>
        </extensions>
      </trkpt>
      <trkpt lat="55.632155" lon="27.45616">
        <ele>142.6</ele>
        <time>2023-01-28T07:35:56Z</time>
        <hdop>1.8</hdop>
        <extensions>
          <speed>0.907</speed>
        </extensions>
      </trkpt>
      <trkpt lat="55.6322017" lon="27.45619">
        <ele>143.2</ele>
        <time>2023-01-28T07:36:02Z</time>
        <hdop>1.9</hdop>
        <extensions>
          <speed>0.832</speed>
        </extensions>
      </trkpt>
      <trkpt lat="55.6322483" lon="27.4561833">
        <ele>143.1</ele>
        <time>2023-01-28T07:36:08Z</time>
        <hdop>1.9</hdop>
        <extensions>
          <speed>0.649</speed>
        </extensions>
      </trkpt>
      <trkpt lat="55.6322767" lon="27.456185">
        <ele>143.2</ele>
        <time>2023-01-28T07:36:14Z</time>
        <hdop>1.7</hdop>
        <extensions>
          <speed>0.598</speed>
        </extensions>
      </trkpt>
      <trkpt lat="55.6322967" lon="27.456185">
        <ele>143</ele>
        <time>2023-01-28T07:36:20Z</time>
        <hdop>1.5</hdop>
        <extensions>
          <speed>0.412</speed>
        </extensions>
      </trkpt>
      <trkpt lat="55.632315" lon="27.4561633">
        <ele>142.8</ele>
        <time>2023-01-28T07:36:26Z</time>
        <hdop>1.8</hdop>
      </trkpt>
      <trkpt lat="55.6323367" lon="27.4561783">
        <ele>142.8</ele>
        <time>2023-01-28T07:36:32Z</time>
        <hdop>1.8</hdop>
      </trkpt>
      <trkpt lat="55.6323533" lon="27.4561233">
        <ele>143.2</ele>
        <time>2023-01-28T07:36:58Z</time>
        <hdop>1.4</hdop>
        <extensions>
          <speed>0.293</speed>
        </extensions>
      </trkpt>
      <trkpt lat="55.6323767" lon="27.45613">
        <ele>142.6</ele>
        <time>2023-01-28T07:37:05Z</time>
        <hdop>1.7</hdop>
        <extensions>
          <speed>0.416</speed>
        </extensions>
      </trkpt>
      <trkpt lat="55.6324333" lon="27.456125">
        <ele>142.8</ele>
        <time>2023-01-28T07:37:11Z</time>
        <hdop>1.8</hdop>
        <extensions>
          <speed>0.674</speed>
        </extensions>
      </trkpt>
      <trkpt lat="55.6324833" lon="27.4561417">
        <ele>143</ele>
        <time>2023-01-28T07:37:16Z</time>
        <hdop>1.8</hdop>
        <extensions>
          <speed>0.826</speed>
        </extensions>
      </trkpt>
      <trkpt lat="55.6325483" lon="27.4561667">
        <ele>143.8</ele>
        <time>2023-01-28T07:37:22Z</time>
        <hdop>1.7</hdop>
        <extensions>
          <speed>0.899</speed>
        </extensions>
      </trkpt>
      <trkpt lat="55.6326017" lon="27.4561817">
        <ele>144.4</ele>
        <time>2023-01-28T07:37:28Z</time>
        <hdop>1.8</hdop>
        <extensions>
          <speed>0.86</speed>
        </extensions>
      </trkpt>
      <trkpt lat="55.63263" lon="27.4561833">
        <ele>145.1</ele>
        <time>2023-01-28T07:37:33Z</time>
        <hdop>1.7</hdop>
        <extensions>
          <speed>0.639</speed>
        </extensions>
      </trkpt>
      <trkpt lat="55.632675" lon="27.4561983">
        <ele>145.4</ele>
        <time>2023-01-28T07:37:38Z</time>
        <hdop>1.7</hdop>
        <extensions>
          <speed>0.618</speed>
        </extensions>
      </trkpt>
      <trkpt lat="55.6327033" lon="27.4562733">
        <ele>145.2</ele>
        <time>2023-01-28T07:37:44Z</time>
        <hdop>1.7</hdop>
        <extensions>
          <speed>0.801</speed>
        </extensions>
      </trkpt>
      <trkpt lat="55.6327217" lon="27.4563217">
        <ele>145.6</ele>
        <time>2023-01-28T07:37:50Z</time>
        <hdop>1.5</hdop>
        <extensions>
          <speed>0.704</speed>
        </extensions>
      </trkpt>
      <trkpt lat="55.6327483" lon="27.45638">
        <ele>144.9</ele>
        <time>2023-01-28T07:37:56Z</time>
        <hdop>1.5</hdop>
        <extensions>
          <speed>0.674</speed>
        </extensions>
      </trkpt>
      <trkpt lat="55.63276" lon="27.4564383">
        <ele>144.2</ele>
        <time>2023-01-28T07:38:02Z</time>
        <hdop>1.7</hdop>
        <extensions>
          <speed>0.62</speed>
        </extensions>
      </trkpt>
      <trkpt lat="55.6327867" lon="27.456475">
        <ele>144.2</ele>
        <time>2023-01-28T07:38:08Z</time>
        <hdop>1.7</hdop>
        <extensions>
          <speed>0.699</speed>
        </extensions>
      </trkpt>
      <trkpt lat="55.63282" lon="27.45649">
        <ele>144.3</ele>
        <time>2023-01-28T07:38:14Z</time>
        <hdop>1.8</hdop>
        <extensions>
          <speed>0.759</speed>
        </extensions>
      </trkpt>
      <trkpt lat="55.632855" lon="27.456475">
        <ele>144</ele>
        <time>2023-01-28T07:38:20Z</time>
        <hdop>1.8</hdop>
        <extensions>
          <speed>0.653</speed>
        </extensions>
      </trkpt>
      <trkpt lat="55.632895" lon="27.45648">
        <ele>143.7</ele>
        <time>2023-01-28T07:38:26Z</time>
        <hdop>1.9</hdop>
        <extensions>
          <speed>0.666</speed>
        </extensions>
      </trkpt>
      <trkpt lat="55.6329367" lon="27.4564833">
        <ele>143.4</ele>
        <time>2023-01-28T07:38:32Z</time>
        <hdop>1.9</hdop>
        <extensions>
          <speed>0.733</speed>
        </extensions>
      </trkpt>
      <trkpt lat="55.632965" lon="27.45646">
        <ele>143.4</ele>
        <time>2023-01-28T07:38:38Z</time>
        <hdop>1.9</hdop>
        <extensions>
          <speed>0.58</speed>
        </extensions>
      </trkpt>
      <trkpt lat="55.632995" lon="27.45648">
        <ele>143.7</ele>
        <time>2023-01-28T07:38:44Z</time>
        <hdop>1.9</hdop>
      </trkpt>
      <trkpt lat="55.6330033" lon="27.4565167">
        <ele>144</ele>
        <time>2023-01-28T07:38:50Z</time>
        <hdop>1.3</hdop>
      </trkpt>
      <trkpt lat="55.6330233" lon="27.456585">
        <ele>144.8</ele>
        <time>2023-01-28T07:39:18Z</time>
        <hdop>1.6</hdop>
        <extensions>
          <speed>0.4</speed>
        </extensions>
      </trkpt>
      <trkpt lat="55.6330383" lon="27.456615">
        <ele>145.1</ele>
        <time>2023-01-28T07:39:24Z</time>
        <hdop>1.9</hdop>
        <extensions>
          <speed>0.483</speed>
        </extensions>
      </trkpt>
      <trkpt lat="55.6330567" lon="27.45663">
        <ele>145</ele>
        <time>2023-01-28T07:39:30Z</time>
        <hdop>1.6</hdop>
      </trkpt>
      <trkpt lat="55.6330817" lon="27.45667">
        <ele>144.8</ele>
        <time>2023-01-28T07:39:35Z</time>
        <hdop>1.9</hdop>
        <extensions>
          <speed>0.435</speed>
        </extensions>
      </trkpt>
      <trkpt lat="55.633095" lon="27.4567133">
        <ele>144.5</ele>
        <time>2023-01-28T07:39:41Z</time>
        <hdop>1.8</hdop>
        <extensions>
          <speed>0.482</speed>
        </extensions>
      </trkpt>
      <trkpt lat="55.633105" lon="27.456745">
        <ele>144.8</ele>
        <time>2023-01-28T07:39:47Z</time>
        <hdop>1.8</hdop>
      </trkpt>
      <trkpt lat="55.63312" lon="27.456785">
        <ele>145.3</ele>
        <time>2023-01-28T07:39:52Z</time>
        <hdop>1.8</hdop>
      </trkpt>
      <trkpt lat="55.6331483" lon="27.4567767">
        <ele>145</ele>
        <time>2023-01-28T07:39:58Z</time>
        <hdop>1.8</hdop>
        <extensions>
          <speed>0.386</speed>
        </extensions>
      </trkpt>
      <trkpt lat="55.6331767" lon="27.4567833">
        <ele>144.8</ele>
        <time>2023-01-28T07:40:03Z</time>
        <hdop>1.7</hdop>
      </trkpt>
      <trkpt lat="55.6332017" lon="27.4568083">
        <ele>144.7</ele>
        <time>2023-01-28T07:40:08Z</time>
        <hdop>1.7</hdop>
        <extensions>
          <speed>0.495</speed>
        </extensions>
      </trkpt>
      <trkpt lat="55.633235" lon="27.4568167">
        <ele>144.4</ele>
        <time>2023-01-28T07:40:14Z</time>
        <hdop>1.8</hdop>
        <extensions>
          <speed>0.522</speed>
        </extensions>
      </trkpt>
      <trkpt lat="55.6332617" lon="27.4567933">
        <ele>143.1</ele>
        <time>2023-01-28T07:40:22Z</time>
        <hdop>1.9</hdop>
        <extensions>
          <speed>0.6</speed>
        </extensions>
      </trkpt>
      <trkpt lat="55.6332967" lon="27.4567733">
        <ele>142.1</ele>
        <time>2023-01-28T07:40:28Z</time>
        <hdop>1.7</hdop>
        <extensions>
          <speed>0.478</speed>
        </extensions>
      </trkpt>
      <trkpt lat="55.6333467" lon="27.4568117">
        <ele>142.2</ele>
        <time>2023-01-28T07:40:34Z</time>
        <hdop>1.6</hdop>
        <extensions>
          <speed>0.509</speed>
        </extensions>
      </trkpt>
      <trkpt lat="55.6333517" lon="27.4568583">
        <ele>142.4</ele>
        <time>2023-01-28T07:40:40Z</time>
        <hdop>1.5</hdop>
      </trkpt>
      <trkpt lat="55.633355" lon="27.4569167">
        <ele>142.7</ele>
        <time>2023-01-28T07:40:46Z</time>
        <hdop>1.5</hdop>
        <extensions>
          <speed>0.466</speed>
        </extensions>
      </trkpt>
      <trkpt lat="55.6333417" lon="27.45697">
        <ele>142.3</ele>
        <time>2023-01-28T07:40:52Z</time>
        <hdop>1.6</hdop>
        <extensions>
          <speed>0.517</speed>
        </extensions>
      </trkpt>
      <trkpt lat="55.6333233" lon="27.45699">
        <ele>142</ele>
        <time>2023-01-28T07:40:57Z</time>
        <hdop>1.5</hdop>
        <extensions>
          <speed>0.495</speed>
        </extensions>
      </trkpt>
      <trkpt lat="55.6332883" lon="27.457015">
        <ele>142.1</ele>
        <time>2023-01-28T07:41:02Z</time>
        <hdop>1.6</hdop>
        <extensions>
          <speed>0.569</speed>
        </extensions>
      </trkpt>
      <trkpt lat="55.63325" lon="27.45705">
        <ele>142</ele>
        <time>2023-01-28T07:41:08Z</time>
        <hdop>1.5</hdop>
        <extensions>
          <speed>0.621</speed>
        </extensions>
      </trkpt>
      <trkpt lat="55.6332167" lon="27.4571183">
        <ele>140.7</ele>
        <time>2023-01-28T07:41:14Z</time>
        <hdop>1.6</hdop>
        <extensions>
          <speed>0.709</speed>
        </extensions>
      </trkpt>
      <trkpt lat="55.6331883" lon="27.4571783">
        <ele>140</ele>
        <time>2023-01-28T07:41:20Z</time>
        <hdop>1.6</hdop>
        <extensions>
          <speed>0.729</speed>
        </extensions>
      </trkpt>
      <trkpt lat="55.63316" lon="27.4572483">
        <ele>139.6</ele>
        <time>2023-01-28T07:41:26Z</time>
        <hdop>1.6</hdop>
        <extensions>
          <speed>0.761</speed>
        </extensions>
      </trkpt>
      <trkpt lat="55.6331483" lon="27.45732">
        <ele>139.2</ele>
        <time>2023-01-28T07:41:32Z</time>
        <hdop>1.6</hdop>
        <extensions>
          <speed>0.753</speed>
        </extensions>
      </trkpt>
      <trkpt lat="55.6331383" lon="27.457375">
        <ele>140.3</ele>
        <time>2023-01-28T07:41:48Z</time>
        <hdop>1.2</hdop>
        <extensions>
          <speed>0.39</speed>
        </extensions>
      </trkpt>
      <trkpt lat="55.6331367" lon="27.457435">
        <ele>141.8</ele>
        <time>2023-01-28T07:41:53Z</time>
        <hdop>1.5</hdop>
        <extensions>
          <speed>0.673</speed>
        </extensions>
      </trkpt>
      <trkpt lat="55.633145" lon="27.4574667">
        <ele>142.7</ele>
        <time>2023-01-28T07:41:59Z</time>
        <hdop>1.5</hdop>
        <extensions>
          <speed>0.623</speed>
        </extensions>
      </trkpt>
      <trkpt lat="55.6331483" lon="27.4575183">
        <ele>142.6</ele>
        <time>2023-01-28T07:42:04Z</time>
        <hdop>1.7</hdop>
        <extensions>
          <speed>0.473</speed>
        </extensions>
      </trkpt>
      <trkpt lat="55.6331383" lon="27.457605">
        <ele>142</ele>
        <time>2023-01-28T07:42:10Z</time>
        <hdop>1.8</hdop>
        <extensions>
          <speed>0.621</speed>
        </extensions>
      </trkpt>
      <trkpt lat="55.633135" lon="27.4576733">
        <ele>141.6</ele>
        <time>2023-01-28T07:42:15Z</time>
        <hdop>1.7</hdop>
        <extensions>
          <speed>0.759</speed>
        </extensions>
      </trkpt>
      <trkpt lat="55.6331333" lon="27.4577133">
        <ele>141.6</ele>
        <time>2023-01-28T07:42:20Z</time>
        <hdop>1.8</hdop>
        <extensions>
          <speed>0.637</speed>
        </extensions>
      </trkpt>
      <trkpt lat="55.6331383" lon="27.4577817">
        <ele>141.9</ele>
        <time>2023-01-28T07:42:26Z</time>
        <hdop>1.8</hdop>
        <extensions>
          <speed>0.573</speed>
        </extensions>
      </trkpt>
      <trkpt lat="55.63313" lon="27.4578467">
        <ele>142.4</ele>
        <time>2023-01-28T07:42:32Z</time>
        <hdop>1.7</hdop>
        <extensions>
          <speed>0.517</speed>
        </extensions>
      </trkpt>
      <trkpt lat="55.6331317" lon="27.4578983">
        <ele>141.5</ele>
        <time>2023-01-28T07:42:38Z</time>
        <hdop>1.8</hdop>
        <extensions>
          <speed>0.496</speed>
        </extensions>
      </trkpt>
      <trkpt lat="55.6331433" lon="27.45795">
        <ele>141.3</ele>
        <time>2023-01-28T07:42:44Z</time>
        <hdop>1.8</hdop>
        <extensions>
          <speed>0.568</speed>
        </extensions>
      </trkpt>
      <trkpt lat="55.6331467" lon="27.4580033">
        <ele>141.1</ele>
        <time>2023-01-28T07:42:50Z</time>
        <hdop>1.8</hdop>
        <extensions>
          <speed>0.623</speed>
        </extensions>
      </trkpt>
      <trkpt lat="55.6331667" lon="27.4580683">
        <ele>141.2</ele>
        <time>2023-01-28T07:42:56Z</time>
        <hdop>1.9</hdop>
        <extensions>
          <speed>0.809</speed>
        </extensions>
      </trkpt>
      <trkpt lat="55.63318" lon="27.45811">
        <ele>141.8</ele>
        <time>2023-01-28T07:43:02Z</time>
        <hdop>1.8</hdop>
        <extensions>
          <speed>0.704</speed>
        </extensions>
      </trkpt>
      <trkpt lat="55.633185" lon="27.4581633">
        <ele>142.2</ele>
        <time>2023-01-28T07:43:08Z</time>
        <hdop>1.8</hdop>
        <extensions>
          <speed>0.527</speed>
        </extensions>
      </trkpt>
      <trkpt lat="55.633185" lon="27.4582467">
        <ele>142.1</ele>
        <time>2023-01-28T07:43:14Z</time>
        <hdop>1.7</hdop>
        <extensions>
          <speed>0.592</speed>
        </extensions>
      </trkpt>
      <trkpt lat="55.633175" lon="27.4583067">
        <ele>142.6</ele>
        <time>2023-01-28T07:43:20Z</time>
        <hdop>1.6</hdop>
        <extensions>
          <speed>0.538</speed>
        </extensions>
      </trkpt>
      <trkpt lat="55.6331933" lon="27.458335">
        <ele>142.6</ele>
        <time>2023-01-28T07:43:26Z</time>
        <hdop>1.5</hdop>
        <extensions>
          <speed>0.555</speed>
        </extensions>
      </trkpt>
      <trkpt lat="55.633205" lon="27.4583717">
        <ele>143</ele>
        <time>2023-01-28T07:43:32Z</time>
        <hdop>1.6</hdop>
        <extensions>
          <speed>0.601</speed>
        </extensions>
      </trkpt>
      <trkpt lat="55.63321" lon="27.4584417">
        <ele>142.7</ele>
        <time>2023-01-28T07:43:38Z</time>
        <hdop>1.6</hdop>
        <extensions>
          <speed>0.72</speed>
        </extensions>
      </trkpt>
      <trkpt lat="55.63323" lon="27.4584883">
        <ele>143</ele>
        <time>2023-01-28T07:43:43Z</time>
        <hdop>1.6</hdop>
        <extensions>
          <speed>0.753</speed>
        </extensions>
      </trkpt>
      <trkpt lat="55.6332367" lon="27.4585633">
        <ele>142.9</ele>
        <time>2023-01-28T07:43:49Z</time>
        <hdop>1.5</hdop>
        <extensions>
          <speed>0.829</speed>
        </extensions>
      </trkpt>
      <trkpt lat="55.6332517" lon="27.45862">
        <ele>141.9</ele>
        <time>2023-01-28T07:43:55Z</time>
        <hdop>1.5</hdop>
        <extensions>
          <speed>0.7</speed>
        </extensions>
      </trkpt>
      <trkpt lat="55.6332583" lon="27.4586817">
        <ele>142.2</ele>
        <time>2023-01-28T07:44:01Z</time>
        <hdop>1.4</hdop>
        <extensions>
          <speed>0.645</speed>
        </extensions>
      </trkpt>
      <trkpt lat="55.6332617" lon="27.4587417">
        <ele>141.7</ele>
        <time>2023-01-28T07:44:06Z</time>
        <hdop>1.4</hdop>
        <extensions>
          <speed>0.66</speed>
        </extensions>
      </trkpt>
      <trkpt lat="55.6332783" lon="27.4588133">
        <ele>141.1</ele>
        <time>2023-01-28T07:44:12Z</time>
        <hdop>1.5</hdop>
        <extensions>
          <speed>0.696</speed>
        </extensions>
      </trkpt>
      <trkpt lat="55.6332933" lon="27.45889">
        <ele>141</ele>
        <time>2023-01-28T07:44:18Z</time>
        <hdop>1.5</hdop>
        <extensions>
          <speed>0.812</speed>
        </extensions>
      </trkpt>
      <trkpt lat="55.63331" lon="27.458945">
        <ele>140.6</ele>
        <time>2023-01-28T07:44:24Z</time>
        <hdop>1.5</hdop>
        <extensions>
          <speed>0.684</speed>
        </extensions>
      </trkpt>
      <trkpt lat="55.6333217" lon="27.4589817">
        <ele>140.6</ele>
        <time>2023-01-28T07:44:29Z</time>
        <hdop>1.4</hdop>
        <extensions>
          <speed>0.566</speed>
        </extensions>
      </trkpt>
      <trkpt lat="55.63334" lon="27.4589983">
        <ele>140.3</ele>
        <time>2023-01-28T07:44:46Z</time>
        <hdop>1.3</hdop>
        <extensions>
          <speed>0.297</speed>
        </extensions>
      </trkpt>
      <trkpt lat="55.633365" lon="27.4590467">
        <ele>140.1</ele>
        <time>2023-01-28T07:44:52Z</time>
        <hdop>1.4</hdop>
        <extensions>
          <speed>0.653</speed>
        </extensions>
      </trkpt>
      <trkpt lat="55.6333783" lon="27.4591183">
        <ele>139.9</ele>
        <time>2023-01-28T07:44:57Z</time>
        <hdop>1.5</hdop>
        <extensions>
          <speed>0.878</speed>
        </extensions>
      </trkpt>
      <trkpt lat="55.6334" lon="27.459185">
        <ele>139.8</ele>
        <time>2023-01-28T07:45:02Z</time>
        <hdop>1.6</hdop>
        <extensions>
          <speed>0.981</speed>
        </extensions>
      </trkpt>
      <trkpt lat="55.6334233" lon="27.4592633">
        <ele>140.2</ele>
        <time>2023-01-28T07:45:08Z</time>
        <hdop>1.6</hdop>
        <extensions>
          <speed>1.036</speed>
        </extensions>
      </trkpt>
      <trkpt lat="55.6334417" lon="27.4593433">
        <ele>142</ele>
        <time>2023-01-28T07:45:14Z</time>
        <hdop>1.5</hdop>
        <extensions>
          <speed>1.023</speed>
        </extensions>
      </trkpt>
      <trkpt lat="55.6334467" lon="27.4594317">
        <ele>142.9</ele>
        <time>2023-01-28T07:45:20Z</time>
        <hdop>1.6</hdop>
        <extensions>
          <speed>1.057</speed>
        </extensions>
      </trkpt>
      <trkpt lat="55.6334683" lon="27.459505">
        <ele>143.9</ele>
        <time>2023-01-28T07:45:26Z</time>
        <hdop>1.6</hdop>
        <extensions>
          <speed>0.944</speed>
        </extensions>
      </trkpt>
      <trkpt lat="55.633495" lon="27.4595883">
        <ele>144.6</ele>
        <time>2023-01-28T07:45:32Z</time>
        <hdop>1.6</hdop>
        <extensions>
          <speed>0.883</speed>
        </extensions>
      </trkpt>
      <trkpt lat="55.633535" lon="27.4596467">
        <ele>144.6</ele>
        <time>2023-01-28T07:45:38Z</time>
        <hdop>1.5</hdop>
        <extensions>
          <speed>1.011</speed>
        </extensions>
      </trkpt>
      <trkpt lat="55.6335517" lon="27.4597067">
        <ele>144.8</ele>
        <time>2023-01-28T07:45:44Z</time>
        <hdop>1.5</hdop>
        <extensions>
          <speed>0.942</speed>
        </extensions>
      </trkpt>
      <trkpt lat="55.63355" lon="27.45978">
        <ele>144.3</ele>
        <time>2023-01-28T07:45:50Z</time>
        <hdop>1.6</hdop>
        <extensions>
          <speed>0.808</speed>
        </extensions>
      </trkpt>
      <trkpt lat="55.6335433" lon="27.459875">
        <ele>144</ele>
        <time>2023-01-28T07:45:56Z</time>
        <hdop>1.5</hdop>
        <extensions>
          <speed>0.91</speed>
        </extensions>
      </trkpt>
      <trkpt lat="55.63354" lon="27.4599417">
        <ele>143.7</ele>
        <time>2023-01-28T07:46:02Z</time>
        <hdop>1.5</hdop>
        <extensions>
          <speed>0.842</speed>
        </extensions>
      </trkpt>
      <trkpt lat="55.63356" lon="27.4600083">
        <ele>143</ele>
        <time>2023-01-28T07:46:08Z</time>
        <hdop>1.5</hdop>
        <extensions>
          <speed>0.742</speed>
        </extensions>
      </trkpt>
      <trkpt lat="55.6335633" lon="27.4600783">
        <ele>142.8</ele>
        <time>2023-01-28T07:46:14Z</time>
        <hdop>1.5</hdop>
        <extensions>
          <speed>0.76</speed>
        </extensions>
      </trkpt>
      <trkpt lat="55.6335683" lon="27.46016">
        <ele>142.5</ele>
        <time>2023-01-28T07:46:20Z</time>
        <hdop>1.5</hdop>
        <extensions>
          <speed>0.785</speed>
        </extensions>
      </trkpt>
      <trkpt lat="55.6335767" lon="27.4601933">
        <ele>142.8</ele>
        <time>2023-01-28T07:46:26Z</time>
        <hdop>1.5</hdop>
        <extensions>
          <speed>0.608</speed>
        </extensions>
      </trkpt>
      <trkpt lat="55.6335917" lon="27.4602267">
        <ele>142.9</ele>
        <time>2023-01-28T07:46:41Z</time>
        <hdop>1.3</hdop>
        <extensions>
          <speed>0.409</speed>
        </extensions>
      </trkpt>
      <trkpt lat="55.6336083" lon="27.460285">
        <ele>143</ele>
        <time>2023-01-28T07:46:46Z</time>
        <hdop>1.4</hdop>
        <extensions>
          <speed>0.689</speed>
        </extensions>
      </trkpt>
      <trkpt lat="55.63362" lon="27.4603483">
        <ele>142.8</ele>
        <time>2023-01-28T07:46:51Z</time>
        <hdop>1.5</hdop>
        <extensions>
          <speed>0.666</speed>
        </extensions>
      </trkpt>
      <trkpt lat="55.633645" lon="27.4604317">
        <ele>143</ele>
        <time>2023-01-28T07:46:56Z</time>
        <hdop>1.5</hdop>
        <extensions>
          <speed>0.859</speed>
        </extensions>
      </trkpt>
      <trkpt lat="55.6336733" lon="27.4604733">
        <ele>142.8</ele>
        <time>2023-01-28T07:47:02Z</time>
        <hdop>1.4</hdop>
        <extensions>
          <speed>0.895</speed>
        </extensions>
      </trkpt>
      <trkpt lat="55.63369" lon="27.46053">
        <ele>142.5</ele>
        <time>2023-01-28T07:47:08Z</time>
        <hdop>1.5</hdop>
        <extensions>
          <speed>0.563</speed>
        </extensions>
      </trkpt>
      <trkpt lat="55.633685" lon="27.4605967">
        <ele>141.6</ele>
        <time>2023-01-28T07:47:14Z</time>
        <hdop>1.4</hdop>
        <extensions>
          <speed>0.535</speed>
        </extensions>
      </trkpt>
      <trkpt lat="55.63369" lon="27.46068">
        <ele>141.5</ele>
        <time>2023-01-28T07:47:20Z</time>
        <hdop>1.4</hdop>
        <extensions>
          <speed>0.563</speed>
        </extensions>
      </trkpt>
      <trkpt lat="55.6336933" lon="27.4607383">
        <ele>141.5</ele>
        <time>2023-01-28T07:47:26Z</time>
        <hdop>1.4</hdop>
        <extensions>
          <speed>0.484</speed>
        </extensions>
      </trkpt>
      <trkpt lat="55.6337017" lon="27.4607667">
        <ele>141.6</ele>
        <time>2023-01-28T07:47:32Z</time>
        <hdop>1.4</hdop>
        <extensions>
          <speed>0.435</speed>
        </extensions>
      </trkpt>
      <trkpt lat="55.6337033" lon="27.4608417">
        <ele>140.8</ele>
        <time>2023-01-28T07:47:38Z</time>
        <hdop>1.4</hdop>
        <extensions>
          <speed>0.748</speed>
        </extensions>
      </trkpt>
      <trkpt lat="55.6337167" lon="27.460925">
        <ele>139.9</ele>
        <time>2023-01-28T07:47:44Z</time>
        <hdop>1.4</hdop>
        <extensions>
          <speed>0.932</speed>
        </extensions>
      </trkpt>
      <trkpt lat="55.63371" lon="27.4609883">
        <ele>139.9</ele>
        <time>2023-01-28T07:47:50Z</time>
        <hdop>1.5</hdop>
        <extensions>
          <speed>0.888</speed>
        </extensions>
      </trkpt>
      <trkpt lat="55.63373" lon="27.461045">
        <ele>141.3</ele>
        <time>2023-01-28T07:47:56Z</time>
        <hdop>1.4</hdop>
        <extensions>
          <speed>0.829</speed>
        </extensions>
      </trkpt>
      <trkpt lat="55.6337317" lon="27.4611317">
        <ele>142.3</ele>
        <time>2023-01-28T07:48:02Z</time>
        <hdop>1.4</hdop>
        <extensions>
          <speed>0.87</speed>
        </extensions>
      </trkpt>
      <trkpt lat="55.63375" lon="27.4611967">
        <ele>143.2</ele>
        <time>2023-01-28T07:48:08Z</time>
        <hdop>1.5</hdop>
        <extensions>
          <speed>0.864</speed>
        </extensions>
      </trkpt>
      <trkpt lat="55.6337583" lon="27.4612867">
        <ele>143.7</ele>
        <time>2023-01-28T07:48:14Z</time>
        <hdop>1.5</hdop>
        <extensions>
          <speed>0.94</speed>
        </extensions>
      </trkpt>
      <trkpt lat="55.63376" lon="27.461355">
        <ele>145.2</ele>
        <time>2023-01-28T07:48:20Z</time>
        <hdop>1.4</hdop>
        <extensions>
          <speed>0.983</speed>
        </extensions>
      </trkpt>
      <trkpt lat="55.6337517" lon="27.461395">
        <ele>145.1</ele>
        <time>2023-01-28T07:48:26Z</time>
        <hdop>1.4</hdop>
        <extensions>
          <speed>0.714</speed>
        </extensions>
      </trkpt>
      <trkpt lat="55.633735" lon="27.46145">
        <ele>144</ele>
        <time>2023-01-28T07:48:32Z</time>
        <hdop>1.5</hdop>
        <extensions>
          <speed>0.601</speed>
        </extensions>
      </trkpt>
      <trkpt lat="55.63373" lon="27.461495">
        <ele>143.9</ele>
        <time>2023-01-28T07:48:38Z</time>
        <hdop>1.4</hdop>
        <extensions>
          <speed>0.615</speed>
        </extensions>
      </trkpt>
      <trkpt lat="55.6337283" lon="27.4615483">
        <ele>143.8</ele>
        <time>2023-01-28T07:48:44Z</time>
        <hdop>1.4</hdop>
        <extensions>
          <speed>0.5</speed>
        </extensions>
      </trkpt>
      <trkpt lat="55.6337283" lon="27.4616183">
        <ele>142.9</ele>
        <time>2023-01-28T07:48:50Z</time>
        <hdop>1.4</hdop>
        <extensions>
          <speed>0.665</speed>
        </extensions>
      </trkpt>
      <trkpt lat="55.633715" lon="27.4617">
        <ele>141.9</ele>
        <time>2023-01-28T07:48:56Z</time>
        <hdop>1.4</hdop>
        <extensions>
          <speed>0.739</speed>
        </extensions>
      </trkpt>
      <trkpt lat="55.63371" lon="27.4617667">
        <ele>141.6</ele>
        <time>2023-01-28T07:49:02Z</time>
        <hdop>1.4</hdop>
        <extensions>
          <speed>0.705</speed>
        </extensions>
      </trkpt>
      <trkpt lat="55.6336867" lon="27.46182">
        <ele>141.6</ele>
        <time>2023-01-28T07:49:08Z</time>
        <hdop>1.4</hdop>
        <extensions>
          <speed>0.632</speed>
        </extensions>
      </trkpt>
      <trkpt lat="55.633665" lon="27.4618683">
        <ele>141.6</ele>
        <time>2023-01-28T07:49:13Z</time>
        <hdop>1.4</hdop>
        <extensions>
          <speed>0.642</speed>
        </extensions>
      </trkpt>
      <trkpt lat="55.6336533" lon="27.4619317">
        <ele>142</ele>
        <time>2023-01-28T07:49:19Z</time>
        <hdop>1.5</hdop>
        <extensions>
          <speed>0.612</speed>
        </extensions>
      </trkpt>
      <trkpt lat="55.6336533" lon="27.4619833">
        <ele>141.7</ele>
        <time>2023-01-28T07:49:24Z</time>
        <hdop>1.4</hdop>
        <extensions>
          <speed>0.522</speed>
        </extensions>
      </trkpt>
      <trkpt lat="55.633655" lon="27.4620433">
        <ele>140.9</ele>
        <time>2023-01-28T07:49:29Z</time>
        <hdop>1.4</hdop>
        <extensions>
          <speed>0.64</speed>
        </extensions>
      </trkpt>
      <trkpt lat="55.6336483" lon="27.4621067">
        <ele>140.5</ele>
        <time>2023-01-28T07:49:34Z</time>
        <hdop>1.5</hdop>
        <extensions>
          <speed>0.853</speed>
        </extensions>
      </trkpt>
      <trkpt lat="55.633665" lon="27.46214">
        <ele>140.3</ele>
        <time>2023-01-28T07:49:40Z</time>
        <hdop>1.5</hdop>
        <extensions>
          <speed>0.665</speed>
        </extensions>
      </trkpt>
      <trkpt lat="55.6336733" lon="27.46217">
        <ele>140.9</ele>
        <time>2023-01-28T07:49:46Z</time>
        <hdop>1.3</hdop>
      </trkpt>
      <trkpt lat="55.6336767" lon="27.4622283">
        <ele>141.6</ele>
        <time>2023-01-28T07:49:57Z</time>
        <hdop>1.3</hdop>
        <extensions>
          <speed>0.388</speed>
        </extensions>
      </trkpt>
      <trkpt lat="55.6336617" lon="27.4622883">
        <ele>141.3</ele>
        <time>2023-01-28T07:50:02Z</time>
        <hdop>1.3</hdop>
        <extensions>
          <speed>0.638</speed>
        </extensions>
      </trkpt>
      <trkpt lat="55.63367" lon="27.4623233">
        <ele>141.5</ele>
        <time>2023-01-28T07:50:20Z</time>
        <hdop>1.4</hdop>
        <extensions>
          <speed>0.435</speed>
        </extensions>
      </trkpt>
      <trkpt lat="55.633655" lon="27.462395">
        <ele>140.1</ele>
        <time>2023-01-28T07:50:26Z</time>
        <hdop>1.5</hdop>
        <extensions>
          <speed>0.783</speed>
        </extensions>
      </trkpt>
      <trkpt lat="55.6336533" lon="27.4624533">
        <ele>139.1</ele>
        <time>2023-01-28T07:50:32Z</time>
        <hdop>1.7</hdop>
        <extensions>
          <speed>0.706</speed>
        </extensions>
      </trkpt>
      <trkpt lat="55.633645" lon="27.4625217">
        <ele>138.6</ele>
        <time>2023-01-28T07:50:38Z</time>
        <hdop>1.8</hdop>
        <extensions>
          <speed>0.774</speed>
        </extensions>
      </trkpt>
      <trkpt lat="55.63363" lon="27.4625833">
        <ele>138.7</ele>
        <time>2023-01-28T07:50:44Z</time>
        <hdop>1.7</hdop>
        <extensions>
          <speed>0.573</speed>
        </extensions>
      </trkpt>
      <trkpt lat="55.6336333" lon="27.462615">
        <ele>138.9</ele>
        <time>2023-01-28T07:50:51Z</time>
        <hdop>1.6</hdop>
      </trkpt>
      <trkpt lat="55.6336633" lon="27.46259">
        <ele>140.4</ele>
        <time>2023-01-28T07:51:13Z</time>
        <hdop>1.5</hdop>
        <extensions>
          <speed>0.388</speed>
        </extensions>
      </trkpt>
      <trkpt lat="55.63373" lon="27.46262">
        <ele>139.8</ele>
        <time>2023-01-28T07:51:19Z</time>
        <hdop>1.6</hdop>
        <extensions>
          <speed>0.99</speed>
        </extensions>
      </trkpt>
      <trkpt lat="55.633755" lon="27.4626367">
        <ele>139.9</ele>
        <time>2023-01-28T07:51:24Z</time>
        <hdop>1.5</hdop>
        <extensions>
          <speed>0.639</speed>
        </extensions>
      </trkpt>
      <trkpt lat="55.6337083" lon="27.4626417">
        <ele>140.8</ele>
        <time>2023-01-28T07:51:30Z</time>
        <hdop>1.5</hdop>
        <extensions>
          <speed>0.92</speed>
        </extensions>
      </trkpt>
      <trkpt lat="55.6336733" lon="27.4626133">
        <ele>141.4</ele>
        <time>2023-01-28T07:51:36Z</time>
        <hdop>1.5</hdop>
        <extensions>
          <speed>0.933</speed>
        </extensions>
      </trkpt>
      <trkpt lat="55.63371" lon="27.4626067">
        <ele>142</ele>
        <time>2023-01-28T07:51:42Z</time>
        <hdop>1.5</hdop>
        <extensions>
          <speed>0.532</speed>
        </extensions>
      </trkpt>
      <trkpt lat="55.6337317" lon="27.4626167">
        <ele>142.1</ele>
        <time>2023-01-28T07:52:35Z</time>
        <hdop>2</hdop>
        <extensions>
          <speed>0.253</speed>
        </extensions>
      </trkpt>
      <trkpt lat="55.6337433" lon="27.4625783">
        <ele>143.4</ele>
        <time>2023-01-28T07:52:50Z</time>
        <hdop>2</hdop>
        <extensions>
          <speed>0.292</speed>
        </extensions>
      </trkpt>
      <trkpt lat="55.6337517" lon="27.4626183">
        <ele>143.3</ele>
        <time>2023-01-28T07:53:09Z</time>
        <hdop>1.5</hdop>
        <extensions>
          <speed>0.319</speed>
        </extensions>
      </trkpt>
      <trkpt lat="55.6337783" lon="27.4626317">
        <ele>142.2</ele>
        <time>2023-01-28T07:55:22Z</time>
        <hdop>1.9</hdop>
        <extensions>
          <speed>0.186</speed>
        </extensions>
      </trkpt>
      <trkpt lat="55.6337583" lon="27.4626333">
        <ele>142.8</ele>
        <time>2023-01-28T07:55:40Z</time>
        <hdop>1.3</hdop>
        <extensions>
          <speed>0.304</speed>
        </extensions>
      </trkpt>
      <trkpt lat="55.6337783" lon="27.4626383">
        <ele>142.8</ele>
        <time>2023-01-28T07:55:56Z</time>
        <hdop>1.1</hdop>
        <extensions>
          <speed>0.277</speed>
        </extensions>
      </trkpt>
      <trkpt lat="55.633775" lon="27.4626783">
        <ele>141.9</ele>
        <time>2023-01-28T07:56:28Z</time>
        <hdop>1.6</hdop>
        <extensions>
          <speed>0.343</speed>
        </extensions>
      </trkpt>
      <trkpt lat="55.6337467" lon="27.462765">
        <ele>140.2</ele>
        <time>2023-01-28T07:56:33Z</time>
        <hdop>1.8</hdop>
        <extensions>
          <speed>0.793</speed>
        </extensions>
      </trkpt>
      <trkpt lat="55.6337433" lon="27.4628317">
        <ele>138.6</ele>
        <time>2023-01-28T07:56:38Z</time>
        <hdop>1.8</hdop>
        <extensions>
          <speed>0.927</speed>
        </extensions>
      </trkpt>
      <trkpt lat="55.633725" lon="27.4628783">
        <ele>137</ele>
        <time>2023-01-28T07:56:44Z</time>
        <hdop>1.8</hdop>
        <extensions>
          <speed>0.727</speed>
        </extensions>
      </trkpt>
      <trkpt lat="55.6337017" lon="27.4629767">
        <ele>136.3</ele>
        <time>2023-01-28T07:56:50Z</time>
        <hdop>1.8</hdop>
        <extensions>
          <speed>0.825</speed>
        </extensions>
      </trkpt>
      <trkpt lat="55.6337167" lon="27.4630517">
        <ele>135.7</ele>
        <time>2023-01-28T07:56:56Z</time>
        <hdop>1.9</hdop>
        <extensions>
          <speed>0.761</speed>
        </extensions>
      </trkpt>
      <trkpt lat="55.633705" lon="27.4631167">
        <ele>135.2</ele>
        <time>2023-01-28T07:57:02Z</time>
        <hdop>1.9</hdop>
        <extensions>
          <speed>0.603</speed>
        </extensions>
      </trkpt>
      <trkpt lat="55.633695" lon="27.4631883">
        <ele>134.2</ele>
        <time>2023-01-28T07:57:08Z</time>
        <hdop>1.9</hdop>
        <extensions>
          <speed>0.665</speed>
        </extensions>
      </trkpt>
      <trkpt lat="55.633685" lon="27.4632567">
        <ele>133.8</ele>
        <time>2023-01-28T07:57:14Z</time>
        <hdop>1.9</hdop>
        <extensions>
          <speed>0.627</speed>
        </extensions>
      </trkpt>
      <trkpt lat="55.6336767" lon="27.4633117">
        <ele>133.9</ele>
        <time>2023-01-28T07:57:20Z</time>
        <hdop>1.9</hdop>
        <extensions>
          <speed>0.541</speed>
        </extensions>
      </trkpt>
      <trkpt lat="55.6336767" lon="27.4634017">
        <ele>133.2</ele>
        <time>2023-01-28T07:57:26Z</time>
        <hdop>2</hdop>
        <extensions>
          <speed>0.616</speed>
        </extensions>
      </trkpt>
      <trkpt lat="55.63366" lon="27.4634867">
        <ele>133</ele>
        <time>2023-01-28T07:57:32Z</time>
        <hdop>2</hdop>
      </trkpt>
      <trkpt lat="55.6336467" lon="27.4635683">
        <ele>132.9</ele>
        <time>2023-01-28T07:57:38Z</time>
        <hdop>2</hdop>
        <extensions>
          <speed>0.64</speed>
        </extensions>
      </trkpt>
      <trkpt lat="55.6336317" lon="27.4636383">
        <ele>133.2</ele>
        <time>2023-01-28T07:57:44Z</time>
        <hdop>2</hdop>
        <extensions>
          <speed>0.726</speed>
        </extensions>
      </trkpt>
      <trkpt lat="55.6336167" lon="27.4636917">
        <ele>133.6</ele>
        <time>2023-01-28T07:57:50Z</time>
        <hdop>2.1</hdop>
        <extensions>
          <speed>0.739</speed>
        </extensions>
      </trkpt>
      <trkpt lat="55.6336283" lon="27.4637183">
        <ele>133.2</ele>
        <time>2023-01-28T07:57:57Z</time>
        <hdop>2</hdop>
        <extensions>
          <speed>0.403</speed>
        </extensions>
      </trkpt>
      <trkpt lat="55.6336083" lon="27.4637717">
        <ele>133.1</ele>
        <time>2023-01-28T07:58:02Z</time>
        <hdop>1.9</hdop>
        <extensions>
          <speed>0.381</speed>
        </extensions>
      </trkpt>
      <trkpt lat="55.633595" lon="27.4638033">
        <ele>133.3</ele>
        <time>2023-01-28T07:58:08Z</time>
        <hdop>2</hdop>
      </trkpt>
      <trkpt lat="55.633605" lon="27.4638683">
        <ele>133.4</ele>
        <time>2023-01-28T07:58:19Z</time>
        <hdop>1.9</hdop>
        <extensions>
          <speed>0.377</speed>
        </extensions>
      </trkpt>
      <trkpt lat="55.633605" lon="27.46393">
        <ele>134.4</ele>
        <time>2023-01-28T07:58:25Z</time>
        <hdop>1.9</hdop>
        <extensions>
          <speed>0.598</speed>
        </extensions>
      </trkpt>
      <trkpt lat="55.6336117" lon="27.4639867">
        <ele>135.3</ele>
        <time>2023-01-28T07:58:30Z</time>
        <hdop>1.9</hdop>
        <extensions>
          <speed>0.598</speed>
        </extensions>
      </trkpt>
      <trkpt lat="55.6336317" lon="27.4640417">
        <ele>135.8</ele>
        <time>2023-01-28T07:58:36Z</time>
        <hdop>1.9</hdop>
        <extensions>
          <speed>0.567</speed>
        </extensions>
      </trkpt>
      <trkpt lat="55.6336333" lon="27.464115">
        <ele>136.6</ele>
        <time>2023-01-28T07:58:42Z</time>
        <hdop>2</hdop>
        <extensions>
          <speed>0.497</speed>
        </extensions>
      </trkpt>
      <trkpt lat="55.6336167" lon="27.464195">
        <ele>136.9</ele>
        <time>2023-01-28T07:58:48Z</time>
        <hdop>1.9</hdop>
        <extensions>
          <speed>0.568</speed>
        </extensions>
      </trkpt>
      <trkpt lat="55.6336217" lon="27.4642567">
        <ele>137</ele>
        <time>2023-01-28T07:58:54Z</time>
        <hdop>1.9</hdop>
        <extensions>
          <speed>0.671</speed>
        </extensions>
      </trkpt>
      <trkpt lat="55.6336517" lon="27.46431">
        <ele>137.4</ele>
        <time>2023-01-28T07:58:59Z</time>
        <hdop>2</hdop>
      </trkpt>
      <trkpt lat="55.6336683" lon="27.4643967">
        <ele>137.6</ele>
        <time>2023-01-28T07:59:05Z</time>
        <hdop>2.2</hdop>
      </trkpt>
      <trkpt lat="55.6336867" lon="27.46444">
        <ele>138</ele>
        <time>2023-01-28T07:59:10Z</time>
        <hdop>2.2</hdop>
        <extensions>
          <speed>0.516</speed>
        </extensions>
      </trkpt>
      <trkpt lat="55.6336867" lon="27.4645267">
        <ele>137.7</ele>
        <time>2023-01-28T07:59:23Z</time>
        <hdop>1.9</hdop>
        <extensions>
          <speed>0.367</speed>
        </extensions>
      </trkpt>
      <trkpt lat="55.6336367" lon="27.4645967">
        <ele>137.4</ele>
        <time>2023-01-28T07:59:29Z</time>
        <hdop>1.8</hdop>
        <extensions>
          <speed>0.725</speed>
        </extensions>
      </trkpt>
      <trkpt lat="55.6336" lon="27.4646617">
        <ele>137.4</ele>
        <time>2023-01-28T07:59:34Z</time>
        <hdop>1.7</hdop>
        <extensions>
          <speed>0.951</speed>
        </extensions>
      </trkpt>
      <trkpt lat="55.6335933" lon="27.46472">
        <ele>137.2</ele>
        <time>2023-01-28T07:59:39Z</time>
        <hdop>1.8</hdop>
        <extensions>
          <speed>0.857</speed>
        </extensions>
      </trkpt>
      <trkpt lat="55.633595" lon="27.4647933">
        <ele>137.1</ele>
        <time>2023-01-28T07:59:45Z</time>
        <hdop>1.8</hdop>
        <extensions>
          <speed>0.783</speed>
        </extensions>
      </trkpt>
      <trkpt lat="55.63359" lon="27.46485">
        <ele>137.3</ele>
        <time>2023-01-28T07:59:50Z</time>
        <hdop>1.8</hdop>
        <extensions>
          <speed>0.799</speed>
        </extensions>
      </trkpt>
      <trkpt lat="55.633575" lon="27.4649233">
        <ele>137.2</ele>
        <time>2023-01-28T07:59:56Z</time>
        <hdop>1.9</hdop>
        <extensions>
          <speed>0.674</speed>
        </extensions>
      </trkpt>
      <trkpt lat="55.6335683" lon="27.465">
        <ele>137</ele>
        <time>2023-01-28T08:00:02Z</time>
        <hdop>1.8</hdop>
        <extensions>
          <speed>0.631</speed>
        </extensions>
      </trkpt>
      <trkpt lat="55.63356" lon="27.4650783">
        <ele>136.5</ele>
        <time>2023-01-28T08:00:07Z</time>
        <hdop>1.8</hdop>
        <extensions>
          <speed>0.739</speed>
        </extensions>
      </trkpt>
      <trkpt lat="55.6335433" lon="27.465135">
        <ele>136.1</ele>
        <time>2023-01-28T08:00:13Z</time>
        <hdop>1.9</hdop>
        <extensions>
          <speed>0.747</speed>
        </extensions>
      </trkpt>
      <trkpt lat="55.6335217" lon="27.4651467">
        <ele>137.1</ele>
        <time>2023-01-28T08:00:19Z</time>
        <hdop>1.7</hdop>
      </trkpt>
      <trkpt lat="55.6335233" lon="27.4652067">
        <ele>137</ele>
        <time>2023-01-28T08:00:24Z</time>
        <hdop>1.7</hdop>
        <extensions>
          <speed>0.367</speed>
        </extensions>
      </trkpt>
      <trkpt lat="55.6335133" lon="27.465275">
        <ele>136.9</ele>
        <time>2023-01-28T08:00:30Z</time>
        <hdop>1.8</hdop>
        <extensions>
          <speed>0.598</speed>
        </extensions>
      </trkpt>
      <trkpt lat="55.63348" lon="27.4652983">
        <ele>138.7</ele>
        <time>2023-01-28T08:02:19Z</time>
        <hdop>1.6</hdop>
        <extensions>
          <speed>0.263</speed>
        </extensions>
      </trkpt>
      <trkpt lat="55.6334817" lon="27.4652583">
        <ele>139.2</ele>
        <time>2023-01-28T08:02:28Z</time>
        <hdop>1.5</hdop>
        <extensions>
          <speed>0.396</speed>
        </extensions>
      </trkpt>
      <trkpt lat="55.633505" lon="27.465255">
        <ele>140.2</ele>
        <time>2023-01-28T08:02:39Z</time>
        <hdop>1.6</hdop>
        <extensions>
          <speed>0.515</speed>
        </extensions>
      </trkpt>
      <trkpt lat="55.633545" lon="27.46528">
        <ele>140.3</ele>
        <time>2023-01-28T08:02:44Z</time>
        <hdop>1.7</hdop>
        <extensions>
          <speed>0.726</speed>
        </extensions>
      </trkpt>
      <trkpt lat="55.6335783" lon="27.4652617">
        <ele>141</ele>
        <time>2023-01-28T08:02:50Z</time>
        <hdop>1.7</hdop>
        <extensions>
          <speed>0.684</speed>
        </extensions>
      </trkpt>
      <trkpt lat="55.6336083" lon="27.46526">
        <ele>142.6</ele>
        <time>2023-01-28T08:02:56Z</time>
        <hdop>1.7</hdop>
      </trkpt>
      <trkpt lat="55.6335933" lon="27.465285">
        <ele>143.2</ele>
        <time>2023-01-28T08:03:02Z</time>
        <hdop>1.7</hdop>
        <extensions>
          <speed>0.305</speed>
        </extensions>
      </trkpt>
      <trkpt lat="55.6335467" lon="27.4653383">
        <ele>143.1</ele>
        <time>2023-01-28T08:03:08Z</time>
        <hdop>1.7</hdop>
        <extensions>
          <speed>0.615</speed>
        </extensions>
      </trkpt>
      <trkpt lat="55.6335333" lon="27.4654133">
        <ele>142.7</ele>
        <time>2023-01-28T08:03:14Z</time>
        <hdop>1.8</hdop>
        <extensions>
          <speed>0.935</speed>
        </extensions>
      </trkpt>
      <trkpt lat="55.63355" lon="27.46548">
        <ele>142.2</ele>
        <time>2023-01-28T08:03:20Z</time>
        <hdop>1.9</hdop>
        <extensions>
          <speed>0.837</speed>
        </extensions>
      </trkpt>
      <trkpt lat="55.6335517" lon="27.46556">
        <ele>141.5</ele>
        <time>2023-01-28T08:03:26Z</time>
        <hdop>2</hdop>
        <extensions>
          <speed>0.679</speed>
        </extensions>
      </trkpt>
      <trkpt lat="55.63353" lon="27.4656317">
        <ele>141.2</ele>
        <time>2023-01-28T08:03:32Z</time>
        <hdop>1.9</hdop>
        <extensions>
          <speed>0.717</speed>
        </extensions>
      </trkpt>
      <trkpt lat="55.6335183" lon="27.4656667">
        <ele>141.6</ele>
        <time>2023-01-28T08:03:38Z</time>
        <hdop>1.8</hdop>
        <extensions>
          <speed>0.723</speed>
        </extensions>
      </trkpt>
      <trkpt lat="55.6334683" lon="27.4657167">
        <ele>141.7</ele>
        <time>2023-01-28T08:03:44Z</time>
        <hdop>1.7</hdop>
        <extensions>
          <speed>0.707</speed>
        </extensions>
      </trkpt>
      <trkpt lat="55.6334217" lon="27.4657467">
        <ele>141.2</ele>
        <time>2023-01-28T08:03:50Z</time>
        <hdop>1.7</hdop>
        <extensions>
          <speed>0.801</speed>
        </extensions>
      </trkpt>
      <trkpt lat="55.6333783" lon="27.4657317">
        <ele>141.8</ele>
        <time>2023-01-28T08:03:56Z</time>
        <hdop>1.7</hdop>
        <extensions>
          <speed>0.774</speed>
        </extensions>
      </trkpt>
      <trkpt lat="55.633425" lon="27.465685">
        <ele>142.1</ele>
        <time>2023-01-28T08:04:02Z</time>
        <hdop>1.8</hdop>
        <extensions>
          <speed>0.807</speed>
        </extensions>
      </trkpt>
      <trkpt lat="55.6334333" lon="27.465715">
        <ele>142.4</ele>
        <time>2023-01-28T08:04:08Z</time>
        <hdop>1.8</hdop>
        <extensions>
          <speed>0.735</speed>
        </extensions>
      </trkpt>
      <trkpt lat="55.6334017" lon="27.4657183">
        <ele>142.5</ele>
        <time>2023-01-28T08:04:14Z</time>
        <hdop>1.7</hdop>
        <extensions>
          <speed>0.551</speed>
        </extensions>
      </trkpt>
      <trkpt lat="55.6333783" lon="27.465645">
        <ele>143.4</ele>
        <time>2023-01-28T08:04:20Z</time>
        <hdop>1.7</hdop>
        <extensions>
          <speed>0.584</speed>
        </extensions>
      </trkpt>
      <trkpt lat="55.63337" lon="27.465615">
        <ele>143.7</ele>
        <time>2023-01-28T08:04:30Z</time>
        <hdop>1.6</hdop>
      </trkpt>
      <trkpt lat="55.6333933" lon="27.46562">
        <ele>144.1</ele>
        <time>2023-01-28T08:04:36Z</time>
        <hdop>1.6</hdop>
        <extensions>
          <speed>0.426</speed>
        </extensions>
      </trkpt>
      <trkpt lat="55.6334167" lon="27.46567">
        <ele>144.5</ele>
        <time>2023-01-28T08:04:41Z</time>
        <hdop>1.8</hdop>
        <extensions>
          <speed>0.711</speed>
        </extensions>
      </trkpt>
      <trkpt lat="55.6334533" lon="27.4657083">
        <ele>144.8</ele>
        <time>2023-01-28T08:04:47Z</time>
        <hdop>1.8</hdop>
        <extensions>
          <speed>0.92</speed>
        </extensions>
      </trkpt>
      <trkpt lat="55.6334783" lon="27.4657683">
        <ele>144.6</ele>
        <time>2023-01-28T08:04:52Z</time>
        <hdop>1.8</hdop>
        <extensions>
          <speed>0.871</speed>
        </extensions>
      </trkpt>
      <trkpt lat="55.6334817" lon="27.465855">
        <ele>144.9</ele>
        <time>2023-01-28T08:04:58Z</time>
        <hdop>1.8</hdop>
        <extensions>
          <speed>0.755</speed>
        </extensions>
      </trkpt>
      <trkpt lat="55.6335033" lon="27.46591">
        <ele>144.9</ele>
        <time>2023-01-28T08:05:03Z</time>
        <hdop>1.8</hdop>
        <extensions>
          <speed>0.772</speed>
        </extensions>
      </trkpt>
      <trkpt lat="55.63352" lon="27.465985">
        <ele>145</ele>
        <time>2023-01-28T08:05:08Z</time>
        <hdop>1.9</hdop>
        <extensions>
          <speed>0.908</speed>
        </extensions>
      </trkpt>
      <trkpt lat="55.6335267" lon="27.4660633">
        <ele>145.4</ele>
        <time>2023-01-28T08:05:14Z</time>
        <hdop>2</hdop>
        <extensions>
          <speed>0.864</speed>
        </extensions>
      </trkpt>
      <trkpt lat="55.6335333" lon="27.4661867">
        <ele>145.1</ele>
        <time>2023-01-28T08:05:20Z</time>
        <hdop>2</hdop>
        <extensions>
          <speed>0.918</speed>
        </extensions>
      </trkpt>
      <trkpt lat="55.6335217" lon="27.4662183">
        <ele>144.8</ele>
        <time>2023-01-28T08:05:26Z</time>
        <hdop>1.9</hdop>
        <extensions>
          <speed>0.603</speed>
        </extensions>
      </trkpt>
      <trkpt lat="55.6335233" lon="27.4662783">
        <ele>145.1</ele>
        <time>2023-01-28T08:05:32Z</time>
        <hdop>1.9</hdop>
        <extensions>
          <speed>0.485</speed>
        </extensions>
      </trkpt>
      <trkpt lat="55.633545" lon="27.4663233">
        <ele>145.3</ele>
        <time>2023-01-28T08:05:38Z</time>
        <hdop>2</hdop>
        <extensions>
          <speed>0.665</speed>
        </extensions>
      </trkpt>
      <trkpt lat="55.633555" lon="27.4663867">
        <ele>145.3</ele>
        <time>2023-01-28T08:05:44Z</time>
        <hdop>1.8</hdop>
        <extensions>
          <speed>0.686</speed>
        </extensions>
      </trkpt>
      <trkpt lat="55.6335533" lon="27.4664633">
        <ele>145.3</ele>
        <time>2023-01-28T08:05:50Z</time>
        <hdop>1.8</hdop>
        <extensions>
          <speed>0.697</speed>
        </extensions>
      </trkpt>
      <trkpt lat="55.63354" lon="27.466485">
        <ele>144.8</ele>
        <time>2023-01-28T08:05:56Z</time>
        <hdop>1.8</hdop>
        <extensions>
          <speed>0.62</speed>
        </extensions>
      </trkpt>
      <trkpt lat="55.63353" lon="27.466565">
        <ele>144.2</ele>
        <time>2023-01-28T08:06:02Z</time>
        <hdop>1.9</hdop>
        <extensions>
          <speed>0.681</speed>
        </extensions>
      </trkpt>
      <trkpt lat="55.6335367" lon="27.4666133">
        <ele>144.1</ele>
        <time>2023-01-28T08:06:19Z</time>
        <hdop>1.9</hdop>
        <extensions>
          <speed>0.308</speed>
        </extensions>
      </trkpt>
      <trkpt lat="55.63352" lon="27.466725">
        <ele>143.7</ele>
        <time>2023-01-28T08:06:24Z</time>
        <hdop>2</hdop>
        <extensions>
          <speed>0.707</speed>
        </extensions>
      </trkpt>
      <trkpt lat="55.6335083" lon="27.466825">
        <ele>142.9</ele>
        <time>2023-01-28T08:06:30Z</time>
        <hdop>2</hdop>
        <extensions>
          <speed>0.917</speed>
        </extensions>
      </trkpt>
      <trkpt lat="55.6335067" lon="27.466885">
        <ele>142.8</ele>
        <time>2023-01-28T08:06:36Z</time>
        <hdop>2</hdop>
        <extensions>
          <speed>0.688</speed>
        </extensions>
      </trkpt>
      <trkpt lat="55.6334933" lon="27.466955">
        <ele>142</ele>
        <time>2023-01-28T08:06:42Z</time>
        <hdop>2</hdop>
        <extensions>
          <speed>0.648</speed>
        </extensions>
      </trkpt>
      <trkpt lat="55.633485" lon="27.46704">
        <ele>141.4</ele>
        <time>2023-01-28T08:06:47Z</time>
        <hdop>1.9</hdop>
        <extensions>
          <speed>0.774</speed>
        </extensions>
      </trkpt>
      <trkpt lat="55.6335" lon="27.4671317">
        <ele>140.7</ele>
        <time>2023-01-28T08:06:53Z</time>
        <hdop>1.9</hdop>
        <extensions>
          <speed>1.006</speed>
        </extensions>
      </trkpt>
      <trkpt lat="55.6334983" lon="27.4671967">
        <ele>140</ele>
        <time>2023-01-28T08:06:59Z</time>
        <hdop>2</hdop>
        <extensions>
          <speed>0.853</speed>
        </extensions>
      </trkpt>
      <trkpt lat="55.6334967" lon="27.467245">
        <ele>140.1</ele>
        <time>2023-01-28T08:07:04Z</time>
        <hdop>1.9</hdop>
        <extensions>
          <speed>0.695</speed>
        </extensions>
      </trkpt>
      <trkpt lat="55.6334767" lon="27.4672683">
        <ele>140.3</ele>
        <time>2023-01-28T08:07:09Z</time>
        <hdop>1.8</hdop>
        <extensions>
          <speed>0.548</speed>
        </extensions>
      </trkpt>
      <trkpt lat="55.6334433" lon="27.4672867">
        <ele>140.5</ele>
        <time>2023-01-28T08:07:14Z</time>
        <hdop>1.7</hdop>
        <extensions>
          <speed>0.43</speed>
        </extensions>
      </trkpt>
      <trkpt lat="55.6334067" lon="27.46737">
        <ele>140.7</ele>
        <time>2023-01-28T08:07:20Z</time>
        <hdop>1.9</hdop>
        <extensions>
          <speed>0.582</speed>
        </extensions>
      </trkpt>
      <trkpt lat="55.63337" lon="27.4674417">
        <ele>140.8</ele>
        <time>2023-01-28T08:07:26Z</time>
        <hdop>1.9</hdop>
        <extensions>
          <speed>0.89</speed>
        </extensions>
      </trkpt>
      <trkpt lat="55.6333683" lon="27.4675267">
        <ele>140.7</ele>
        <time>2023-01-28T08:07:32Z</time>
        <hdop>1.9</hdop>
        <extensions>
          <speed>0.715</speed>
        </extensions>
      </trkpt>
      <trkpt lat="55.6333783" lon="27.4676183">
        <ele>140.8</ele>
        <time>2023-01-28T08:07:38Z</time>
        <hdop>1.8</hdop>
        <extensions>
          <speed>0.71</speed>
        </extensions>
      </trkpt>
      <trkpt lat="55.63338" lon="27.4676833">
        <ele>141.6</ele>
        <time>2023-01-28T08:07:44Z</time>
        <hdop>1.9</hdop>
        <extensions>
          <speed>0.606</speed>
        </extensions>
      </trkpt>
      <trkpt lat="55.633365" lon="27.467755">
        <ele>141.9</ele>
        <time>2023-01-28T08:07:50Z</time>
        <hdop>1.8</hdop>
        <extensions>
          <speed>0.588</speed>
        </extensions>
      </trkpt>
      <trkpt lat="55.6333817" lon="27.4677383">
        <ele>142.5</ele>
        <time>2023-01-28T08:07:59Z</time>
        <hdop>1.4</hdop>
        <extensions>
          <speed>0.235</speed>
        </extensions>
      </trkpt>
      <trkpt lat="55.63337" lon="27.467765">
        <ele>143.1</ele>
        <time>2023-01-28T08:08:06Z</time>
        <hdop>1.7</hdop>
        <extensions>
          <speed>0.269</speed>
        </extensions>
      </trkpt>
      <trkpt lat="55.6333633" lon="27.4677317">
        <ele>142</ele>
        <time>2023-01-28T08:09:57Z</time>
        <hdop>2.1</hdop>
        <extensions>
          <speed>0.347</speed>
        </extensions>
      </trkpt>
      <trkpt lat="55.6333667" lon="27.46778">
        <ele>140.4</ele>
        <time>2023-01-28T08:10:04Z</time>
        <hdop>2.1</hdop>
        <extensions>
          <speed>0.354</speed>
        </extensions>
      </trkpt>
      <trkpt lat="55.633315" lon="27.4677617">
        <ele>142.1</ele>
        <time>2023-01-28T08:15:27Z</time>
        <hdop>1.9</hdop>
        <extensions>
          <speed>0.168</speed>
        </extensions>
      </trkpt>
      <trkpt lat="55.6333633" lon="27.46773">
        <ele>146.3</ele>
        <time>2023-01-28T08:15:57Z</time>
        <hdop>2</hdop>
        <extensions>
          <speed>0.246</speed>
        </extensions>
      </trkpt>
      <trkpt lat="55.6333417" lon="27.4678033">
        <ele>146.4</ele>
        <time>2023-01-28T08:17:08Z</time>
        <hdop>1.8</hdop>
        <extensions>
          <speed>0.313</speed>
        </extensions>
      </trkpt>
      <trkpt lat="55.6333417" lon="27.4678383">
        <ele>146.2</ele>
        <time>2023-01-28T08:17:14Z</time>
        <hdop>2</hdop>
      </trkpt>
      <trkpt lat="55.6333367" lon="27.467875">
        <ele>146</ele>
        <time>2023-01-28T08:17:20Z</time>
        <hdop>2.1</hdop>
      </trkpt>
      <trkpt lat="55.6333267" lon="27.46794">
        <ele>146.1</ele>
        <time>2023-01-28T08:17:26Z</time>
        <hdop>2.1</hdop>
        <extensions>
          <speed>0.465</speed>
        </extensions>
      </trkpt>
      <trkpt lat="55.6333" lon="27.4679783">
        <ele>145.9</ele>
        <time>2023-01-28T08:17:32Z</time>
        <hdop>1.8</hdop>
        <extensions>
          <speed>0.419</speed>
        </extensions>
      </trkpt>
      <trkpt lat="55.6333067" lon="27.4678583">
        <ele>146.1</ele>
        <time>2023-01-28T08:17:38Z</time>
        <hdop>2</hdop>
        <extensions>
          <speed>0.673</speed>
        </extensions>
      </trkpt>
      <trkpt lat="55.6333233" lon="27.4677817">
        <ele>146.3</ele>
        <time>2023-01-28T08:17:44Z</time>
        <hdop>1.8</hdop>
        <extensions>
          <speed>0.959</speed>
        </extensions>
      </trkpt>
      <trkpt lat="55.6333267" lon="27.4678167">
        <ele>145.5</ele>
        <time>2023-01-28T08:17:55Z</time>
        <hdop>2</hdop>
        <extensions>
          <speed>0.389</speed>
        </extensions>
      </trkpt>
      <trkpt lat="55.6333" lon="27.4679067">
        <ele>145.8</ele>
        <time>2023-01-28T08:18:01Z</time>
        <hdop>2.2</hdop>
      </trkpt>
      <trkpt lat="55.6332867" lon="27.467935">
        <ele>145.6</ele>
        <time>2023-01-28T08:18:11Z</time>
        <hdop>1.9</hdop>
      </trkpt>
      <trkpt lat="55.63328" lon="27.4679683">
        <ele>145.8</ele>
        <time>2023-01-28T08:18:17Z</time>
        <hdop>2.1</hdop>
        <extensions>
          <speed>0.326</speed>
        </extensions>
      </trkpt>
      <trkpt lat="55.63327" lon="27.46807">
        <ele>146.1</ele>
        <time>2023-01-28T08:18:22Z</time>
        <hdop>2.1</hdop>
        <extensions>
          <speed>0.877</speed>
        </extensions>
      </trkpt>
      <trkpt lat="55.6332467" lon="27.468135">
        <ele>146.4</ele>
        <time>2023-01-28T08:18:27Z</time>
        <hdop>1.9</hdop>
        <extensions>
          <speed>0.946</speed>
        </extensions>
      </trkpt>
      <trkpt lat="55.6332333" lon="27.4681617">
        <ele>146.2</ele>
        <time>2023-01-28T08:18:35Z</time>
        <hdop>1.8</hdop>
        <extensions>
          <speed>0.228</speed>
        </extensions>
      </trkpt>
      <trkpt lat="55.633205" lon="27.4682267">
        <ele>146</ele>
        <time>2023-01-28T08:18:40Z</time>
        <hdop>1.8</hdop>
        <extensions>
          <speed>0.568</speed>
        </extensions>
      </trkpt>
      <trkpt lat="55.6331667" lon="27.4682467">
        <ele>145.5</ele>
        <time>2023-01-28T08:18:45Z</time>
        <hdop>1.7</hdop>
        <extensions>
          <speed>0.86</speed>
        </extensions>
      </trkpt>
      <trkpt lat="55.6331217" lon="27.46828">
        <ele>145.4</ele>
        <time>2023-01-28T08:18:50Z</time>
        <hdop>1.8</hdop>
        <extensions>
          <speed>0.911</speed>
        </extensions>
      </trkpt>
      <trkpt lat="55.6330767" lon="27.4683017">
        <ele>145.5</ele>
        <time>2023-01-28T08:18:56Z</time>
        <hdop>2</hdop>
        <extensions>
          <speed>0.884</speed>
        </extensions>
      </trkpt>
      <trkpt lat="55.63302" lon="27.4683417">
        <ele>145</ele>
        <time>2023-01-28T08:19:02Z</time>
        <hdop>1.9</hdop>
        <extensions>
          <speed>0.86</speed>
        </extensions>
      </trkpt>
      <trkpt lat="55.632975" lon="27.4683617">
        <ele>144.5</ele>
        <time>2023-01-28T08:19:08Z</time>
        <hdop>1.8</hdop>
        <extensions>
          <speed>0.872</speed>
        </extensions>
      </trkpt>
      <trkpt lat="55.63292" lon="27.468385">
        <ele>143.8</ele>
        <time>2023-01-28T08:19:14Z</time>
        <hdop>1.9</hdop>
        <extensions>
          <speed>0.797</speed>
        </extensions>
      </trkpt>
      <trkpt lat="55.6328683" lon="27.468395">
        <ele>143</ele>
        <time>2023-01-28T08:19:20Z</time>
        <hdop>1.9</hdop>
        <extensions>
          <speed>0.798</speed>
        </extensions>
      </trkpt>
      <trkpt lat="55.6328033" lon="27.4683933">
        <ele>142.7</ele>
        <time>2023-01-28T08:19:26Z</time>
        <hdop>1.9</hdop>
        <extensions>
          <speed>0.85</speed>
        </extensions>
      </trkpt>
      <trkpt lat="55.6327517" lon="27.4683233">
        <ele>143.1</ele>
        <time>2023-01-28T08:19:32Z</time>
        <hdop>1.8</hdop>
        <extensions>
          <speed>0.884</speed>
        </extensions>
      </trkpt>
      <trkpt lat="55.632725" lon="27.4683517">
        <ele>142.6</ele>
        <time>2023-01-28T08:19:38Z</time>
        <hdop>1.9</hdop>
        <extensions>
          <speed>0.705</speed>
        </extensions>
      </trkpt>
      <trkpt lat="55.6327033" lon="27.4683833">
        <ele>142.4</ele>
        <time>2023-01-28T08:19:44Z</time>
        <hdop>1.9</hdop>
        <extensions>
          <speed>0.526</speed>
        </extensions>
      </trkpt>
      <trkpt lat="55.6326467" lon="27.4683517">
        <ele>142.3</ele>
        <time>2023-01-28T08:19:50Z</time>
        <hdop>1.7</hdop>
        <extensions>
          <speed>0.626</speed>
        </extensions>
      </trkpt>
      <trkpt lat="55.6325883" lon="27.4683683">
        <ele>142.7</ele>
        <time>2023-01-28T08:19:56Z</time>
        <hdop>1.8</hdop>
        <extensions>
          <speed>0.768</speed>
        </extensions>
      </trkpt>
      <trkpt lat="55.6325467" lon="27.4683733">
        <ele>143</ele>
        <time>2023-01-28T08:20:02Z</time>
        <hdop>1.6</hdop>
        <extensions>
          <speed>0.549</speed>
        </extensions>
      </trkpt>
      <trkpt lat="55.6325083" lon="27.4683883">
        <ele>142.8</ele>
        <time>2023-01-28T08:20:07Z</time>
        <hdop>1.7</hdop>
        <extensions>
          <speed>0.603</speed>
        </extensions>
      </trkpt>
      <trkpt lat="55.6324967" lon="27.468455">
        <ele>142.3</ele>
        <time>2023-01-28T08:20:13Z</time>
        <hdop>1.9</hdop>
        <extensions>
          <speed>0.763</speed>
        </extensions>
      </trkpt>
      <trkpt lat="55.6324883" lon="27.4685133">
        <ele>141.8</ele>
        <time>2023-01-28T08:20:18Z</time>
        <hdop>2</hdop>
        <extensions>
          <speed>0.695</speed>
        </extensions>
      </trkpt>
      <trkpt lat="55.6324367" lon="27.4685667">
        <ele>141.5</ele>
        <time>2023-01-28T08:20:23Z</time>
        <hdop>2</hdop>
        <extensions>
          <speed>0.826</speed>
        </extensions>
      </trkpt>
      <trkpt lat="55.6324" lon="27.4685933">
        <ele>141.4</ele>
        <time>2023-01-28T08:20:29Z</time>
        <hdop>2</hdop>
        <extensions>
          <speed>0.884</speed>
        </extensions>
      </trkpt>
      <trkpt lat="55.6323533" lon="27.4686217">
        <ele>141.3</ele>
        <time>2023-01-28T08:20:34Z</time>
        <hdop>2</hdop>
        <extensions>
          <speed>0.807</speed>
        </extensions>
      </trkpt>
      <trkpt lat="55.6323083" lon="27.4686583">
        <ele>141.2</ele>
        <time>2023-01-28T08:20:40Z</time>
        <hdop>1.9</hdop>
        <extensions>
          <speed>0.919</speed>
        </extensions>
      </trkpt>
      <trkpt lat="55.6322933" lon="27.468705">
        <ele>141.8</ele>
        <time>2023-01-28T08:20:45Z</time>
        <hdop>2</hdop>
        <extensions>
          <speed>0.74</speed>
        </extensions>
      </trkpt>
      <trkpt lat="55.6322633" lon="27.46872">
        <ele>141.8</ele>
        <time>2023-01-28T08:20:50Z</time>
        <hdop>1.9</hdop>
        <extensions>
          <speed>0.66</speed>
        </extensions>
      </trkpt>
      <trkpt lat="55.6322217" lon="27.4687417">
        <ele>141.6</ele>
        <time>2023-01-28T08:20:56Z</time>
        <hdop>1.8</hdop>
        <extensions>
          <speed>0.603</speed>
        </extensions>
      </trkpt>
      <trkpt lat="55.6321883" lon="27.4687883">
        <ele>141.7</ele>
        <time>2023-01-28T08:21:02Z</time>
        <hdop>1.9</hdop>
        <extensions>
          <speed>0.552</speed>
        </extensions>
      </trkpt>
      <trkpt lat="55.6321567" lon="27.4688467">
        <ele>141.8</ele>
        <time>2023-01-28T08:21:08Z</time>
        <hdop>2</hdop>
        <extensions>
          <speed>0.678</speed>
        </extensions>
      </trkpt>
      <trkpt lat="55.63213" lon="27.46888">
        <ele>141.9</ele>
        <time>2023-01-28T08:21:14Z</time>
        <hdop>2</hdop>
        <extensions>
          <speed>0.688</speed>
        </extensions>
      </trkpt>
      <trkpt lat="55.6321083" lon="27.4689133">
        <ele>142</ele>
        <time>2023-01-28T08:21:20Z</time>
        <hdop>1.9</hdop>
        <extensions>
          <speed>0.545</speed>
        </extensions>
      </trkpt>
      <trkpt lat="55.6320783" lon="27.468925">
        <ele>142.1</ele>
        <time>2023-01-28T08:21:26Z</time>
        <hdop>1.9</hdop>
        <extensions>
          <speed>0.469</speed>
        </extensions>
      </trkpt>
      <trkpt lat="55.6320467" lon="27.4690033">
        <ele>141.9</ele>
        <time>2023-01-28T08:21:32Z</time>
        <hdop>2</hdop>
        <extensions>
          <speed>0.661</speed>
        </extensions>
      </trkpt>
      <trkpt lat="55.6320467" lon="27.46907">
        <ele>141.8</ele>
        <time>2023-01-28T08:21:38Z</time>
        <hdop>2</hdop>
        <extensions>
          <speed>0.584</speed>
        </extensions>
      </trkpt>
      <trkpt lat="55.6320167" lon="27.469145">
        <ele>142.4</ele>
        <time>2023-01-28T08:21:44Z</time>
        <hdop>2</hdop>
        <extensions>
          <speed>0.702</speed>
        </extensions>
      </trkpt>
      <trkpt lat="55.6319867" lon="27.4692283">
        <ele>142.3</ele>
        <time>2023-01-28T08:21:50Z</time>
        <hdop>1.8</hdop>
        <extensions>
          <speed>0.986</speed>
        </extensions>
      </trkpt>
      <trkpt lat="55.6319767" lon="27.4692683">
        <ele>142.4</ele>
        <time>2023-01-28T08:21:56Z</time>
        <hdop>1.6</hdop>
        <extensions>
          <speed>0.611</speed>
        </extensions>
      </trkpt>
      <trkpt lat="55.63195" lon="27.4693433">
        <ele>142.5</ele>
        <time>2023-01-28T08:22:02Z</time>
        <hdop>1.7</hdop>
        <extensions>
          <speed>0.515</speed>
        </extensions>
      </trkpt>
      <trkpt lat="55.63194" lon="27.4694283">
        <ele>142.3</ele>
        <time>2023-01-28T08:22:08Z</time>
        <hdop>1.6</hdop>
        <extensions>
          <speed>0.821</speed>
        </extensions>
      </trkpt>
      <trkpt lat="55.63194" lon="27.4695083">
        <ele>141.7</ele>
        <time>2023-01-28T08:22:14Z</time>
        <hdop>2.1</hdop>
        <extensions>
          <speed>0.74</speed>
        </extensions>
      </trkpt>
      <trkpt lat="55.631935" lon="27.4696017">
        <ele>140.6</ele>
        <time>2023-01-28T08:22:20Z</time>
        <hdop>1.9</hdop>
        <extensions>
          <speed>0.718</speed>
        </extensions>
      </trkpt>
      <trkpt lat="55.6319183" lon="27.4696817">
        <ele>139.5</ele>
        <time>2023-01-28T08:22:26Z</time>
        <hdop>1.9</hdop>
        <extensions>
          <speed>0.871</speed>
        </extensions>
      </trkpt>
      <trkpt lat="55.6318883" lon="27.4697583">
        <ele>138.5</ele>
        <time>2023-01-28T08:22:32Z</time>
        <hdop>1.9</hdop>
        <extensions>
          <speed>0.749</speed>
        </extensions>
      </trkpt>
      <trkpt lat="55.631865" lon="27.4698467">
        <ele>137.4</ele>
        <time>2023-01-28T08:22:38Z</time>
        <hdop>1.9</hdop>
        <extensions>
          <speed>0.77</speed>
        </extensions>
      </trkpt>
      <trkpt lat="55.63184" lon="27.4699167">
        <ele>136.6</ele>
        <time>2023-01-28T08:22:44Z</time>
        <hdop>1.9</hdop>
        <extensions>
          <speed>0.731</speed>
        </extensions>
      </trkpt>
      <trkpt lat="55.63184" lon="27.469995">
        <ele>135.5</ele>
        <time>2023-01-28T08:22:50Z</time>
        <hdop>2</hdop>
        <extensions>
          <speed>0.765</speed>
        </extensions>
      </trkpt>
      <trkpt lat="55.63184" lon="27.4700417">
        <ele>134.9</ele>
        <time>2023-01-28T08:22:56Z</time>
        <hdop>1.9</hdop>
        <extensions>
          <speed>0.658</speed>
        </extensions>
      </trkpt>
      <trkpt lat="55.6318467" lon="27.4701183">
        <ele>134.5</ele>
        <time>2023-01-28T08:23:02Z</time>
        <hdop>2</hdop>
        <extensions>
          <speed>0.602</speed>
        </extensions>
      </trkpt>
      <trkpt lat="55.6318617" lon="27.470205">
        <ele>134.5</ele>
        <time>2023-01-28T08:23:08Z</time>
        <hdop>2</hdop>
        <extensions>
          <speed>0.626</speed>
        </extensions>
      </trkpt>
      <trkpt lat="55.6318683" lon="27.4702567">
        <ele>134.1</ele>
        <time>2023-01-28T08:23:14Z</time>
        <hdop>2.1</hdop>
        <extensions>
          <speed>0.482</speed>
        </extensions>
      </trkpt>
      <trkpt lat="55.631875" lon="27.470315">
        <ele>133.8</ele>
        <time>2023-01-28T08:23:20Z</time>
        <hdop>2.1</hdop>
        <extensions>
          <speed>0.536</speed>
        </extensions>
      </trkpt>
      <trkpt lat="55.6318667" lon="27.47039">
        <ele>133.5</ele>
        <time>2023-01-28T08:23:26Z</time>
        <hdop>2.1</hdop>
        <extensions>
          <speed>0.563</speed>
        </extensions>
      </trkpt>
      <trkpt lat="55.6318533" lon="27.470475">
        <ele>133.6</ele>
        <time>2023-01-28T08:23:32Z</time>
        <hdop>2.2</hdop>
        <extensions>
          <speed>0.662</speed>
        </extensions>
      </trkpt>
      <trkpt lat="55.6318233" lon="27.47056">
        <ele>133.4</ele>
        <time>2023-01-28T08:23:38Z</time>
        <hdop>2.2</hdop>
        <extensions>
          <speed>0.681</speed>
        </extensions>
      </trkpt>
      <trkpt lat="55.6318083" lon="27.4706433">
        <ele>133.3</ele>
        <time>2023-01-28T08:23:44Z</time>
        <hdop>2.3</hdop>
        <extensions>
          <speed>0.727</speed>
        </extensions>
      </trkpt>
      <trkpt lat="55.631795" lon="27.4707133">
        <ele>133.7</ele>
        <time>2023-01-28T08:23:50Z</time>
        <hdop>2.2</hdop>
        <extensions>
          <speed>0.655</speed>
        </extensions>
      </trkpt>
      <trkpt lat="55.6317733" lon="27.4707983">
        <ele>133.7</ele>
        <time>2023-01-28T08:23:56Z</time>
        <hdop>2.1</hdop>
        <extensions>
          <speed>0.606</speed>
        </extensions>
      </trkpt>
      <trkpt lat="55.6317533" lon="27.4708683">
        <ele>133.8</ele>
        <time>2023-01-28T08:24:02Z</time>
        <hdop>2.2</hdop>
        <extensions>
          <speed>0.623</speed>
        </extensions>
      </trkpt>
      <trkpt lat="55.6317317" lon="27.4709517">
        <ele>133.5</ele>
        <time>2023-01-28T08:24:08Z</time>
        <hdop>2.2</hdop>
        <extensions>
          <speed>0.679</speed>
        </extensions>
      </trkpt>
      <trkpt lat="55.6317067" lon="27.47106">
        <ele>133.4</ele>
        <time>2023-01-28T08:24:14Z</time>
        <hdop>2.1</hdop>
        <extensions>
          <speed>0.887</speed>
        </extensions>
      </trkpt>
      <trkpt lat="55.6317083" lon="27.4711667">
        <ele>133.5</ele>
        <time>2023-01-28T08:24:20Z</time>
        <hdop>2</hdop>
        <extensions>
          <speed>0.987</speed>
        </extensions>
      </trkpt>
      <trkpt lat="55.6316983" lon="27.471255">
        <ele>133.2</ele>
        <time>2023-01-28T08:24:26Z</time>
        <hdop>2.1</hdop>
        <extensions>
          <speed>0.845</speed>
        </extensions>
      </trkpt>
      <trkpt lat="55.6316917" lon="27.4713333">
        <ele>132.9</ele>
        <time>2023-01-28T08:24:32Z</time>
        <hdop>2</hdop>
        <extensions>
          <speed>0.677</speed>
        </extensions>
      </trkpt>
      <trkpt lat="55.63167" lon="27.4714233">
        <ele>132.7</ele>
        <time>2023-01-28T08:24:38Z</time>
        <hdop>2</hdop>
        <extensions>
          <speed>0.732</speed>
        </extensions>
      </trkpt>
      <trkpt lat="55.631675" lon="27.4714917">
        <ele>132.7</ele>
        <time>2023-01-28T08:24:44Z</time>
        <hdop>2.1</hdop>
        <extensions>
          <speed>0.721</speed>
        </extensions>
      </trkpt>
      <trkpt lat="55.6316783" lon="27.4715533">
        <ele>133</ele>
        <time>2023-01-28T08:24:50Z</time>
        <hdop>2</hdop>
        <extensions>
          <speed>0.613</speed>
        </extensions>
      </trkpt>
      <trkpt lat="55.6316783" lon="27.47163">
        <ele>133.4</ele>
        <time>2023-01-28T08:24:56Z</time>
        <hdop>2</hdop>
        <extensions>
          <speed>0.624</speed>
        </extensions>
      </trkpt>
      <trkpt lat="55.6316583" lon="27.4716833">
        <ele>132.7</ele>
        <time>2023-01-28T08:25:02Z</time>
        <hdop>2.1</hdop>
      </trkpt>
      <trkpt lat="55.6316567" lon="27.4717667">
        <ele>133.2</ele>
        <time>2023-01-28T08:25:08Z</time>
        <hdop>2.1</hdop>
        <extensions>
          <speed>0.464</speed>
        </extensions>
      </trkpt>
      <trkpt lat="55.63161" lon="27.4718617">
        <ele>134</ele>
        <time>2023-01-28T08:25:14Z</time>
        <hdop>2</hdop>
        <extensions>
          <speed>0.482</speed>
        </extensions>
      </trkpt>
      <trkpt lat="55.6316017" lon="27.4719233">
        <ele>133.4</ele>
        <time>2023-01-28T08:25:20Z</time>
        <hdop>2.1</hdop>
        <extensions>
          <speed>0.467</speed>
        </extensions>
      </trkpt>
      <trkpt lat="55.6316083" lon="27.4719583">
        <ele>133.5</ele>
        <time>2023-01-28T08:25:26Z</time>
        <hdop>2.1</hdop>
        <extensions>
          <speed>0.444</speed>
        </extensions>
      </trkpt>
      <trkpt lat="55.6315767" lon="27.4720167">
        <ele>133.4</ele>
        <time>2023-01-28T08:25:32Z</time>
        <hdop>2.2</hdop>
      </trkpt>
      <trkpt lat="55.631545" lon="27.47211">
        <ele>132.8</ele>
        <time>2023-01-28T08:25:38Z</time>
        <hdop>2.2</hdop>
        <extensions>
          <speed>0.685</speed>
        </extensions>
      </trkpt>
      <trkpt lat="55.6315417" lon="27.4721733">
        <ele>131.8</ele>
        <time>2023-01-28T08:25:44Z</time>
        <hdop>1.9</hdop>
        <extensions>
          <speed>0.749</speed>
        </extensions>
      </trkpt>
      <trkpt lat="55.631545" lon="27.4722133">
        <ele>131</ele>
        <time>2023-01-28T08:25:50Z</time>
        <hdop>2.5</hdop>
        <extensions>
          <speed>0.518</speed>
        </extensions>
      </trkpt>
      <trkpt lat="55.6315567" lon="27.47225">
        <ele>130.7</ele>
        <time>2023-01-28T08:25:57Z</time>
        <hdop>2.6</hdop>
        <extensions>
          <speed>0.278</speed>
        </extensions>
      </trkpt>
      <trkpt lat="55.6315617" lon="27.4723083">
        <ele>130.6</ele>
        <time>2023-01-28T08:26:02Z</time>
        <hdop>2.7</hdop>
        <extensions>
          <speed>0.37</speed>
        </extensions>
      </trkpt>
      <trkpt lat="55.6315617" lon="27.472395">
        <ele>130.6</ele>
        <time>2023-01-28T08:26:08Z</time>
        <hdop>2.8</hdop>
        <extensions>
          <speed>0.564</speed>
        </extensions>
      </trkpt>
      <trkpt lat="55.63155" lon="27.4724817">
        <ele>130.7</ele>
        <time>2023-01-28T08:26:14Z</time>
        <hdop>2.7</hdop>
        <extensions>
          <speed>0.537</speed>
        </extensions>
      </trkpt>
      <trkpt lat="55.6315767" lon="27.4725467">
        <ele>130.8</ele>
        <time>2023-01-28T08:26:20Z</time>
        <hdop>2.6</hdop>
        <extensions>
          <speed>0.639</speed>
        </extensions>
      </trkpt>
      <trkpt lat="55.6315683" lon="27.4726617">
        <ele>131.8</ele>
        <time>2023-01-28T08:26:26Z</time>
        <hdop>2.4</hdop>
        <extensions>
          <speed>0.633</speed>
        </extensions>
      </trkpt>
      <trkpt lat="55.63157" lon="27.4727333">
        <ele>133.5</ele>
        <time>2023-01-28T08:26:32Z</time>
        <hdop>2.2</hdop>
        <extensions>
          <speed>0.573</speed>
        </extensions>
      </trkpt>
      <trkpt lat="55.63157" lon="27.4728283">
        <ele>135.2</ele>
        <time>2023-01-28T08:26:38Z</time>
        <hdop>2.1</hdop>
        <extensions>
          <speed>0.731</speed>
        </extensions>
      </trkpt>
      <trkpt lat="55.6315533" lon="27.472905">
        <ele>136.4</ele>
        <time>2023-01-28T08:26:44Z</time>
        <hdop>1.9</hdop>
        <extensions>
          <speed>0.687</speed>
        </extensions>
      </trkpt>
      <trkpt lat="55.63154" lon="27.4729367">
        <ele>137.1</ele>
        <time>2023-01-28T08:26:50Z</time>
        <hdop>1.9</hdop>
        <extensions>
          <speed>0.469</speed>
        </extensions>
      </trkpt>
      <trkpt lat="55.6315117" lon="27.4729967">
        <ele>137.3</ele>
        <time>2023-01-28T08:26:56Z</time>
        <hdop>2.1</hdop>
        <extensions>
          <speed>0.407</speed>
        </extensions>
      </trkpt>
      <trkpt lat="55.6314833" lon="27.47302">
        <ele>137.4</ele>
        <time>2023-01-28T08:27:02Z</time>
        <hdop>1.9</hdop>
      </trkpt>
      <trkpt lat="55.6314733" lon="27.4730483">
        <ele>137.2</ele>
        <time>2023-01-28T08:27:14Z</time>
        <hdop>2</hdop>
      </trkpt>
      <trkpt lat="55.6314533" lon="27.473105">
        <ele>137.1</ele>
        <time>2023-01-28T08:27:20Z</time>
        <hdop>2.1</hdop>
        <extensions>
          <speed>0.432</speed>
        </extensions>
      </trkpt>
      <trkpt lat="55.6314433" lon="27.4731533">
        <ele>137.3</ele>
        <time>2023-01-28T08:27:26Z</time>
        <hdop>2.1</hdop>
        <extensions>
          <speed>0.48</speed>
        </extensions>
      </trkpt>
      <trkpt lat="55.6314217" lon="27.4732">
        <ele>137.4</ele>
        <time>2023-01-28T08:27:32Z</time>
        <hdop>2.1</hdop>
        <extensions>
          <speed>0.494</speed>
        </extensions>
      </trkpt>
      <trkpt lat="55.631405" lon="27.4732533">
        <ele>137.6</ele>
        <time>2023-01-28T08:27:38Z</time>
        <hdop>2.2</hdop>
        <extensions>
          <speed>0.492</speed>
        </extensions>
      </trkpt>
      <trkpt lat="55.63139" lon="27.4733483">
        <ele>137.4</ele>
        <time>2023-01-28T08:27:44Z</time>
        <hdop>2.1</hdop>
        <extensions>
          <speed>0.618</speed>
        </extensions>
      </trkpt>
      <trkpt lat="55.6313583" lon="27.473435">
        <ele>137.2</ele>
        <time>2023-01-28T08:27:50Z</time>
        <hdop>2.2</hdop>
        <extensions>
          <speed>0.754</speed>
        </extensions>
      </trkpt>
      <trkpt lat="55.631345" lon="27.4734733">
        <ele>136.8</ele>
        <time>2023-01-28T08:27:56Z</time>
        <hdop>2.2</hdop>
        <extensions>
          <speed>0.502</speed>
        </extensions>
      </trkpt>
      <trkpt lat="55.631345" lon="27.4735167">
        <ele>136.9</ele>
        <time>2023-01-28T08:28:02Z</time>
        <hdop>1.7</hdop>
        <extensions>
          <speed>0.355</speed>
        </extensions>
      </trkpt>
      <trkpt lat="55.6313217" lon="27.473565">
        <ele>137.3</ele>
        <time>2023-01-28T08:28:08Z</time>
        <hdop>2</hdop>
        <extensions>
          <speed>0.504</speed>
        </extensions>
      </trkpt>
      <trkpt lat="55.6313133" lon="27.4736133">
        <ele>137.6</ele>
        <time>2023-01-28T08:28:14Z</time>
        <hdop>2.2</hdop>
        <extensions>
          <speed>0.501</speed>
        </extensions>
      </trkpt>
      <trkpt lat="55.6312767" lon="27.47365">
        <ele>138.1</ele>
        <time>2023-01-28T08:28:20Z</time>
        <hdop>2</hdop>
        <extensions>
          <speed>0.41</speed>
        </extensions>
      </trkpt>
      <trkpt lat="55.6312333" lon="27.4736833">
        <ele>139.1</ele>
        <time>2023-01-28T08:28:26Z</time>
        <hdop>1.9</hdop>
        <extensions>
          <speed>0.505</speed>
        </extensions>
      </trkpt>
      <trkpt lat="55.6312017" lon="27.4737">
        <ele>140.4</ele>
        <time>2023-01-28T08:28:32Z</time>
        <hdop>1.7</hdop>
        <extensions>
          <speed>0.442</speed>
        </extensions>
      </trkpt>
      <trkpt lat="55.63119" lon="27.4737333">
        <ele>141.6</ele>
        <time>2023-01-28T08:28:52Z</time>
        <hdop>1.7</hdop>
        <extensions>
          <speed>0.322</speed>
        </extensions>
      </trkpt>
      <trkpt lat="55.63117" lon="27.4737483">
        <ele>141.7</ele>
        <time>2023-01-28T08:28:58Z</time>
        <hdop>1.8</hdop>
        <extensions>
          <speed>0.534</speed>
        </extensions>
      </trkpt>
      <trkpt lat="55.631155" lon="27.4737667">
        <ele>142.5</ele>
        <time>2023-01-28T08:29:07Z</time>
        <hdop>1.8</hdop>
        <extensions>
          <speed>0.412</speed>
        </extensions>
      </trkpt>
      <trkpt lat="55.6311183" lon="27.4737833">
        <ele>143.3</ele>
        <time>2023-01-28T08:29:13Z</time>
        <hdop>1.5</hdop>
        <extensions>
          <speed>0.628</speed>
        </extensions>
      </trkpt>
      <trkpt lat="55.6310767" lon="27.4738367">
        <ele>143.1</ele>
        <time>2023-01-28T08:29:19Z</time>
        <hdop>1.7</hdop>
        <extensions>
          <speed>0.71</speed>
        </extensions>
      </trkpt>
      <trkpt lat="55.63105" lon="27.4738733">
        <ele>142.2</ele>
        <time>2023-01-28T08:29:24Z</time>
        <hdop>1.6</hdop>
        <extensions>
          <speed>0.672</speed>
        </extensions>
      </trkpt>
      <trkpt lat="55.63102" lon="27.473905">
        <ele>141.7</ele>
        <time>2023-01-28T08:29:29Z</time>
        <hdop>1.6</hdop>
        <extensions>
          <speed>0.621</speed>
        </extensions>
      </trkpt>
      <trkpt lat="55.630985" lon="27.47395">
        <ele>141.6</ele>
        <time>2023-01-28T08:29:35Z</time>
        <hdop>1.7</hdop>
        <extensions>
          <speed>0.779</speed>
        </extensions>
      </trkpt>
      <trkpt lat="55.6309733" lon="27.4739817">
        <ele>140</ele>
        <time>2023-01-28T08:29:42Z</time>
        <hdop>1.9</hdop>
        <extensions>
          <speed>0.886</speed>
        </extensions>
      </trkpt>
      <trkpt lat="55.6309767" lon="27.474015">
        <ele>137.5</ele>
        <time>2023-01-28T08:29:50Z</time>
        <hdop>1.8</hdop>
        <extensions>
          <speed>0.578</speed>
        </extensions>
      </trkpt>
      <trkpt lat="55.63095" lon="27.4740733">
        <ele>136.1</ele>
        <time>2023-01-28T08:29:56Z</time>
        <hdop>1.9</hdop>
        <extensions>
          <speed>0.575</speed>
        </extensions>
      </trkpt>
      <trkpt lat="55.6309367" lon="27.4740983">
        <ele>135.3</ele>
        <time>2023-01-28T08:30:06Z</time>
        <hdop>2</hdop>
      </trkpt>
      <trkpt lat="55.6309117" lon="27.47411">
        <ele>136.1</ele>
        <time>2023-01-28T08:30:11Z</time>
        <hdop>2</hdop>
        <extensions>
          <speed>0.358</speed>
        </extensions>
      </trkpt>
      <trkpt lat="55.6308817" lon="27.47413">
        <ele>137.9</ele>
        <time>2023-01-28T08:30:17Z</time>
        <hdop>1.9</hdop>
      </trkpt>
      <trkpt lat="55.6308633" lon="27.4741067">
        <ele>143</ele>
        <time>2023-01-28T08:32:02Z</time>
        <hdop>1.8</hdop>
        <extensions>
          <speed>0.206</speed>
        </extensions>
      </trkpt>
      <trkpt lat="55.630855" lon="27.4741367">
        <ele>143</ele>
        <time>2023-01-28T08:33:15Z</time>
        <hdop>2</hdop>
      </trkpt>
      <trkpt lat="55.6308533" lon="27.4742117">
        <ele>142.2</ele>
        <time>2023-01-28T08:33:20Z</time>
        <hdop>2.1</hdop>
        <extensions>
          <speed>0.526</speed>
        </extensions>
      </trkpt>
      <trkpt lat="55.6308417" lon="27.4743017">
        <ele>141</ele>
        <time>2023-01-28T08:33:26Z</time>
        <hdop>2.1</hdop>
        <extensions>
          <speed>0.686</speed>
        </extensions>
      </trkpt>
      <trkpt lat="55.630835" lon="27.4743583">
        <ele>140.2</ele>
        <time>2023-01-28T08:33:32Z</time>
        <hdop>2.1</hdop>
        <extensions>
          <speed>0.645</speed>
        </extensions>
      </trkpt>
      <trkpt lat="55.6308033" lon="27.4744783">
        <ele>139.4</ele>
        <time>2023-01-28T08:33:38Z</time>
        <hdop>2</hdop>
      </trkpt>
      <trkpt lat="55.6308033" lon="27.47455">
        <ele>138.8</ele>
        <time>2023-01-28T08:33:44Z</time>
        <hdop>2</hdop>
        <extensions>
          <speed>0.809</speed>
        </extensions>
      </trkpt>
      <trkpt lat="55.6307933" lon="27.4746383">
        <ele>138.2</ele>
        <time>2023-01-28T08:33:50Z</time>
        <hdop>2</hdop>
        <extensions>
          <speed>0.799</speed>
        </extensions>
      </trkpt>
      <trkpt lat="55.6307817" lon="27.4747233">
        <ele>138.4</ele>
        <time>2023-01-28T08:33:56Z</time>
        <hdop>2.1</hdop>
        <extensions>
          <speed>0.816</speed>
        </extensions>
      </trkpt>
      <trkpt lat="55.630765" lon="27.474775">
        <ele>138.1</ele>
        <time>2023-01-28T08:34:02Z</time>
        <hdop>2.1</hdop>
        <extensions>
          <speed>0.706</speed>
        </extensions>
      </trkpt>
      <trkpt lat="55.6307383" lon="27.4748067">
        <ele>138</ele>
        <time>2023-01-28T08:34:08Z</time>
        <hdop>2.2</hdop>
      </trkpt>
      <trkpt lat="55.6306817" lon="27.4748833">
        <ele>139.7</ele>
        <time>2023-01-28T08:34:14Z</time>
        <hdop>1.8</hdop>
        <extensions>
          <speed>0.712</speed>
        </extensions>
      </trkpt>
      <trkpt lat="55.63065" lon="27.4749467">
        <ele>140.6</ele>
        <time>2023-01-28T08:34:20Z</time>
        <hdop>1.8</hdop>
        <extensions>
          <speed>0.837</speed>
        </extensions>
      </trkpt>
      <trkpt lat="55.6306233" lon="27.4749283">
        <ele>140.4</ele>
        <time>2023-01-28T08:34:25Z</time>
        <hdop>1.7</hdop>
        <extensions>
          <speed>0.55</speed>
        </extensions>
      </trkpt>
      <trkpt lat="55.6305967" lon="27.47495">
        <ele>141</ele>
        <time>2023-01-28T08:34:31Z</time>
        <hdop>1.7</hdop>
        <extensions>
          <speed>0.49</speed>
        </extensions>
      </trkpt>
      <trkpt lat="55.630615" lon="27.4749833">
        <ele>141.6</ele>
        <time>2023-01-28T08:34:36Z</time>
        <hdop>1.7</hdop>
        <extensions>
          <speed>0.478</speed>
        </extensions>
      </trkpt>
      <trkpt lat="55.6306267" lon="27.4750433">
        <ele>142.1</ele>
        <time>2023-01-28T08:34:41Z</time>
        <hdop>2</hdop>
        <extensions>
          <speed>0.505</speed>
        </extensions>
      </trkpt>
      <trkpt lat="55.6306183" lon="27.474995">
        <ele>143.7</ele>
        <time>2023-01-28T08:35:05Z</time>
        <hdop>1.3</hdop>
        <extensions>
          <speed>0.257</speed>
        </extensions>
      </trkpt>
      <trkpt lat="55.6305633" lon="27.475045">
        <ele>143.9</ele>
        <time>2023-01-28T08:35:23Z</time>
        <hdop>2</hdop>
        <extensions>
          <speed>0.332</speed>
        </extensions>
      </trkpt>
      <trkpt lat="55.6305317" lon="27.4750417">
        <ele>143.7</ele>
        <time>2023-01-28T08:35:28Z</time>
        <hdop>2</hdop>
        <extensions>
          <speed>0.528</speed>
        </extensions>
      </trkpt>
      <trkpt lat="55.630515" lon="27.4750833">
        <ele>143.1</ele>
        <time>2023-01-28T08:35:34Z</time>
        <hdop>2</hdop>
        <extensions>
          <speed>0.525</speed>
        </extensions>
      </trkpt>
      <trkpt lat="55.6304983" lon="27.4751217">
        <ele>142.5</ele>
        <time>2023-01-28T08:35:40Z</time>
        <hdop>2</hdop>
        <extensions>
          <speed>0.493</speed>
        </extensions>
      </trkpt>
      <trkpt lat="55.6304633" lon="27.4751533">
        <ele>141.9</ele>
        <time>2023-01-28T08:35:46Z</time>
        <hdop>1.9</hdop>
        <extensions>
          <speed>0.661</speed>
        </extensions>
      </trkpt>
      <trkpt lat="55.630435" lon="27.4751883">
        <ele>141.1</ele>
        <time>2023-01-28T08:35:52Z</time>
        <hdop>2</hdop>
        <extensions>
          <speed>0.733</speed>
        </extensions>
      </trkpt>
      <trkpt lat="55.6304067" lon="27.4752683">
        <ele>139.9</ele>
        <time>2023-01-28T08:35:58Z</time>
        <hdop>2.1</hdop>
        <extensions>
          <speed>0.619</speed>
        </extensions>
      </trkpt>
      <trkpt lat="55.6303717" lon="27.47534">
        <ele>139.3</ele>
        <time>2023-01-28T08:36:03Z</time>
        <hdop>2</hdop>
        <extensions>
          <speed>0.727</speed>
        </extensions>
      </trkpt>
      <trkpt lat="55.63036" lon="27.475395">
        <ele>138.4</ele>
        <time>2023-01-28T08:36:08Z</time>
        <hdop>1.9</hdop>
        <extensions>
          <speed>0.806</speed>
        </extensions>
      </trkpt>
      <trkpt lat="55.63038" lon="27.4754467">
        <ele>136.9</ele>
        <time>2023-01-28T08:36:14Z</time>
        <hdop>2</hdop>
        <extensions>
          <speed>0.68</speed>
        </extensions>
      </trkpt>
      <trkpt lat="55.6303933" lon="27.47547">
        <ele>136.3</ele>
        <time>2023-01-28T08:36:22Z</time>
        <hdop>2</hdop>
      </trkpt>
      <trkpt lat="55.6303933" lon="27.4755083">
        <ele>136.2</ele>
        <time>2023-01-28T08:36:37Z</time>
        <hdop>2</hdop>
        <extensions>
          <speed>0.259</speed>
        </extensions>
      </trkpt>
      <trkpt lat="55.630415" lon="27.47552">
        <ele>136.9</ele>
        <time>2023-01-28T08:37:12Z</time>
        <hdop>1.9</hdop>
      </trkpt>
      <trkpt lat="55.63049" lon="27.4755367">
        <ele>139.6</ele>
        <time>2023-01-28T08:37:18Z</time>
        <hdop>1.9</hdop>
        <extensions>
          <speed>0.652</speed>
        </extensions>
      </trkpt>
      <trkpt lat="55.6304767" lon="27.4755867">
        <ele>141.4</ele>
        <time>2023-01-28T08:37:24Z</time>
        <hdop>2</hdop>
        <extensions>
          <speed>0.563</speed>
        </extensions>
      </trkpt>
      <trkpt lat="55.6304833" lon="27.47567">
        <ele>142.5</ele>
        <time>2023-01-28T08:37:30Z</time>
        <hdop>2.1</hdop>
      </trkpt>
      <trkpt lat="55.6304617" lon="27.4757017">
        <ele>142.8</ele>
        <time>2023-01-28T08:37:35Z</time>
        <hdop>2.1</hdop>
        <extensions>
          <speed>0.595</speed>
        </extensions>
      </trkpt>
      <trkpt lat="55.6304483" lon="27.47575">
        <ele>143</ele>
        <time>2023-01-28T08:37:41Z</time>
        <hdop>2.2</hdop>
        <extensions>
          <speed>0.45</speed>
        </extensions>
      </trkpt>
      <trkpt lat="55.6304233" lon="27.475785">
        <ele>137.4</ele>
        <time>2023-01-28T08:39:25Z</time>
        <hdop>1.6</hdop>
        <extensions>
          <speed>0.318</speed>
        </extensions>
      </trkpt>
      <trkpt lat="55.630445" lon="27.4758083">
        <ele>137</ele>
        <time>2023-01-28T08:39:48Z</time>
        <hdop>2</hdop>
        <extensions>
          <speed>0.195</speed>
        </extensions>
      </trkpt>
      <trkpt lat="55.6304583" lon="27.47583">
        <ele>134.4</ele>
        <time>2023-01-28T08:40:08Z</time>
        <hdop>1.9</hdop>
        <extensions>
          <speed>0.467</speed>
        </extensions>
      </trkpt>
      <trkpt lat="55.63045" lon="27.4758833">
        <ele>134.5</ele>
        <time>2023-01-28T08:40:29Z</time>
        <hdop>1.8</hdop>
        <extensions>
          <speed>0.3</speed>
        </extensions>
      </trkpt>
      <trkpt lat="55.630505" lon="27.4758867">
        <ele>133.8</ele>
        <time>2023-01-28T08:40:49Z</time>
        <hdop>2</hdop>
        <extensions>
          <speed>0.314</speed>
        </extensions>
      </trkpt>
      <trkpt lat="55.6304917" lon="27.47591">
        <ele>134.7</ele>
        <time>2023-01-28T08:41:51Z</time>
        <hdop>1.9</hdop>
        <extensions>
          <speed>0.333</speed>
        </extensions>
      </trkpt>
      <trkpt lat="55.63048" lon="27.4759367">
        <ele>134.7</ele>
        <time>2023-01-28T08:41:56Z</time>
        <hdop>2</hdop>
      </trkpt>
      <trkpt lat="55.6304717" lon="27.4759083">
        <ele>134.4</ele>
        <time>2023-01-28T08:42:06Z</time>
        <hdop>1.8</hdop>
      </trkpt>
      <trkpt lat="55.6304583" lon="27.475885">
        <ele>134.4</ele>
        <time>2023-01-28T08:42:15Z</time>
        <hdop>1.8</hdop>
        <extensions>
          <speed>0.254</speed>
        </extensions>
      </trkpt>
      <trkpt lat="55.630465" lon="27.475915">
        <ele>135.5</ele>
        <time>2023-01-28T08:43:06Z</time>
        <hdop>1.4</hdop>
        <extensions>
          <speed>0.234</speed>
        </extensions>
      </trkpt>
      <trkpt lat="55.6304483" lon="27.4758883">
        <ele>135.8</ele>
        <time>2023-01-28T08:44:13Z</time>
        <hdop>1.7</hdop>
        <extensions>
          <speed>0.434</speed>
        </extensions>
      </trkpt>
      <trkpt lat="55.63043" lon="27.4758817">
        <ele>136.1</ele>
        <time>2023-01-28T08:44:25Z</time>
        <hdop>1.8</hdop>
        <extensions>
          <speed>0.298</speed>
        </extensions>
      </trkpt>
      <trkpt lat="55.63041" lon="27.4758667">
        <ele>136</ele>
        <time>2023-01-28T08:44:42Z</time>
        <hdop>1.8</hdop>
        <extensions>
          <speed>0.333</speed>
        </extensions>
      </trkpt>
      <trkpt lat="55.6304067" lon="27.475835">
        <ele>135.7</ele>
        <time>2023-01-28T08:44:49Z</time>
        <hdop>1.8</hdop>
      </trkpt>
      <trkpt lat="55.6304367" lon="27.4758083">
        <ele>139.2</ele>
        <time>2023-01-28T08:46:08Z</time>
        <hdop>1.3</hdop>
        <extensions>
          <speed>0.251</speed>
        </extensions>
      </trkpt>
      <trkpt lat="55.6303783" lon="27.4758683">
        <ele>137.4</ele>
        <time>2023-01-28T08:46:30Z</time>
        <hdop>1.9</hdop>
        <extensions>
          <speed>0.346</speed>
        </extensions>
      </trkpt>
      <trkpt lat="55.6304017" lon="27.4758383">
        <ele>139.6</ele>
        <time>2023-01-28T08:48:33Z</time>
        <hdop>1.8</hdop>
        <extensions>
          <speed>0.296</speed>
        </extensions>
      </trkpt>
      <trkpt lat="55.630405" lon="27.4757867">
        <ele>142.4</ele>
        <time>2023-01-28T08:51:39Z</time>
        <hdop>1.5</hdop>
        <extensions>
          <speed>0.223</speed>
        </extensions>
      </trkpt>
      <trkpt lat="55.6304117" lon="27.475865">
        <ele>140.4</ele>
        <time>2023-01-28T08:52:48Z</time>
        <hdop>1.6</hdop>
        <extensions>
          <speed>0.344</speed>
        </extensions>
      </trkpt>
      <trkpt lat="55.630415" lon="27.4758967">
        <ele>138.5</ele>
        <time>2023-01-28T08:52:56Z</time>
        <hdop>1.8</hdop>
        <extensions>
          <speed>0.411</speed>
        </extensions>
      </trkpt>
      <trkpt lat="55.6304283" lon="27.4759667">
        <ele>137.4</ele>
        <time>2023-01-28T08:53:10Z</time>
        <hdop>1.8</hdop>
        <extensions>
          <speed>0.274</speed>
        </extensions>
      </trkpt>
      <trkpt lat="55.6304367" lon="27.4759233">
        <ele>137.4</ele>
        <time>2023-01-28T08:53:23Z</time>
        <hdop>1.8</hdop>
      </trkpt>
      <trkpt lat="55.6304133" lon="27.47593">
        <ele>138.4</ele>
        <time>2023-01-28T08:53:37Z</time>
        <hdop>1.9</hdop>
      </trkpt>
      <trkpt lat="55.6304233" lon="27.4759667">
        <ele>138.4</ele>
        <time>2023-01-28T08:56:12Z</time>
        <hdop>1.7</hdop>
        <extensions>
          <speed>0.265</speed>
        </extensions>
      </trkpt>
      <trkpt lat="55.63044" lon="27.4759883">
        <ele>137.4</ele>
        <time>2023-01-28T08:56:28Z</time>
        <hdop>1.7</hdop>
        <extensions>
          <speed>0.269</speed>
        </extensions>
      </trkpt>
      <trkpt lat="55.6304517" lon="27.4760217">
        <ele>138.7</ele>
        <time>2023-01-28T08:57:35Z</time>
        <hdop>1.7</hdop>
        <extensions>
          <speed>0.302</speed>
        </extensions>
      </trkpt>
      <trkpt lat="55.6304517" lon="27.4760583">
        <ele>138.1</ele>
        <time>2023-01-28T08:57:41Z</time>
        <hdop>1.7</hdop>
        <extensions>
          <speed>0.605</speed>
        </extensions>
      </trkpt>
      <trkpt lat="55.6304667" lon="27.4761083">
        <ele>137.6</ele>
        <time>2023-01-28T08:57:46Z</time>
        <hdop>1.8</hdop>
        <extensions>
          <speed>0.73</speed>
        </extensions>
      </trkpt>
      <trkpt lat="55.6304933" lon="27.476165">
        <ele>136.9</ele>
        <time>2023-01-28T08:57:51Z</time>
        <hdop>1.7</hdop>
        <extensions>
          <speed>0.818</speed>
        </extensions>
      </trkpt>
      <trkpt lat="55.6305017" lon="27.4762333">
        <ele>136.3</ele>
        <time>2023-01-28T08:57:56Z</time>
        <hdop>1.7</hdop>
        <extensions>
          <speed>0.808</speed>
        </extensions>
      </trkpt>
      <trkpt lat="55.6305283" lon="27.47632">
        <ele>135.7</ele>
        <time>2023-01-28T08:58:02Z</time>
        <hdop>1.7</hdop>
        <extensions>
          <speed>0.928</speed>
        </extensions>
      </trkpt>
      <trkpt lat="55.6305367" lon="27.4763767">
        <ele>135.2</ele>
        <time>2023-01-28T08:58:08Z</time>
        <hdop>1.8</hdop>
        <extensions>
          <speed>0.789</speed>
        </extensions>
      </trkpt>
      <trkpt lat="55.63056" lon="27.4764233">
        <ele>135</ele>
        <time>2023-01-28T08:58:14Z</time>
        <hdop>1.8</hdop>
        <extensions>
          <speed>0.594</speed>
        </extensions>
      </trkpt>
      <trkpt lat="55.6305867" lon="27.476485">
        <ele>135</ele>
        <time>2023-01-28T08:58:20Z</time>
        <hdop>1.9</hdop>
        <extensions>
          <speed>0.625</speed>
        </extensions>
      </trkpt>
      <trkpt lat="55.6305817" lon="27.4765467">
        <ele>134.9</ele>
        <time>2023-01-28T08:58:26Z</time>
        <hdop>1.8</hdop>
        <extensions>
          <speed>0.585</speed>
        </extensions>
      </trkpt>
      <trkpt lat="55.63057" lon="27.47661">
        <ele>134.9</ele>
        <time>2023-01-28T08:58:32Z</time>
        <hdop>1.7</hdop>
        <extensions>
          <speed>0.552</speed>
        </extensions>
      </trkpt>
      <trkpt lat="55.6305583" lon="27.476675">
        <ele>135.1</ele>
        <time>2023-01-28T08:58:38Z</time>
        <hdop>1.7</hdop>
        <extensions>
          <speed>0.546</speed>
        </extensions>
      </trkpt>
      <trkpt lat="55.6305533" lon="27.4767067">
        <ele>135.4</ele>
        <time>2023-01-28T08:58:44Z</time>
        <hdop>1.8</hdop>
        <extensions>
          <speed>0.451</speed>
        </extensions>
      </trkpt>
      <trkpt lat="55.6305317" lon="27.4767433">
        <ele>135</ele>
        <time>2023-01-28T08:59:01Z</time>
        <hdop>1.6</hdop>
        <extensions>
          <speed>0.282</speed>
        </extensions>
      </trkpt>
      <trkpt lat="55.6305467" lon="27.476795">
        <ele>134.9</ele>
        <time>2023-01-28T08:59:07Z</time>
        <hdop>1.8</hdop>
        <extensions>
          <speed>0.434</speed>
        </extensions>
      </trkpt>
      <trkpt lat="55.6305467" lon="27.476855">
        <ele>135.2</ele>
        <time>2023-01-28T08:59:12Z</time>
        <hdop>1.8</hdop>
        <extensions>
          <speed>0.504</speed>
        </extensions>
      </trkpt>
      <trkpt lat="55.6305467" lon="27.4769117">
        <ele>135.4</ele>
        <time>2023-01-28T08:59:17Z</time>
        <hdop>2</hdop>
        <extensions>
          <speed>0.698</speed>
        </extensions>
      </trkpt>
      <trkpt lat="55.6305317" lon="27.476955">
        <ele>135.4</ele>
        <time>2023-01-28T08:59:23Z</time>
        <hdop>1.9</hdop>
        <extensions>
          <speed>0.577</speed>
        </extensions>
      </trkpt>
      <trkpt lat="55.6305583" lon="27.4770017">
        <ele>135.4</ele>
        <time>2023-01-28T08:59:29Z</time>
        <hdop>2</hdop>
        <extensions>
          <speed>0.379</speed>
        </extensions>
      </trkpt>
      <trkpt lat="55.63056" lon="27.477035">
        <ele>135.3</ele>
        <time>2023-01-28T08:59:34Z</time>
        <hdop>2</hdop>
      </trkpt>
      <trkpt lat="55.630555" lon="27.477075">
        <ele>135.3</ele>
        <time>2023-01-28T08:59:39Z</time>
        <hdop>1.9</hdop>
      </trkpt>
      <trkpt lat="55.6305467" lon="27.4771333">
        <ele>135.4</ele>
        <time>2023-01-28T08:59:44Z</time>
        <hdop>2</hdop>
        <extensions>
          <speed>0.371</speed>
        </extensions>
      </trkpt>
      <trkpt lat="55.6305333" lon="27.4771767">
        <ele>134.9</ele>
        <time>2023-01-28T08:59:50Z</time>
        <hdop>2</hdop>
        <extensions>
          <speed>0.458</speed>
        </extensions>
      </trkpt>
      <trkpt lat="55.6305167" lon="27.47726">
        <ele>134.7</ele>
        <time>2023-01-28T08:59:56Z</time>
        <hdop>2</hdop>
        <extensions>
          <speed>0.534</speed>
        </extensions>
      </trkpt>
      <trkpt lat="55.6305067" lon="27.4773033">
        <ele>135.2</ele>
        <time>2023-01-28T09:00:02Z</time>
        <hdop>1.9</hdop>
        <extensions>
          <speed>0.561</speed>
        </extensions>
      </trkpt>
      <trkpt lat="55.6304967" lon="27.47734">
        <ele>135.7</ele>
        <time>2023-01-28T09:00:12Z</time>
        <hdop>1.9</hdop>
        <extensions>
          <speed>0.399</speed>
        </extensions>
      </trkpt>
      <trkpt lat="55.630515" lon="27.4773467">
        <ele>135.8</ele>
        <time>2023-01-28T09:00:19Z</time>
        <hdop>2.1</hdop>
      </trkpt>
      <trkpt lat="55.63061" lon="27.4773417">
        <ele>142.9</ele>
        <time>2023-01-28T09:01:50Z</time>
        <hdop>2</hdop>
      </trkpt>
      <trkpt lat="55.6306033" lon="27.4773717">
        <ele>144.3</ele>
        <time>2023-01-28T09:02:02Z</time>
        <hdop>1.1</hdop>
        <extensions>
          <speed>0.458</speed>
        </extensions>
      </trkpt>
      <trkpt lat="55.6305817" lon="27.4773883">
        <ele>144.1</ele>
        <time>2023-01-28T09:02:08Z</time>
        <hdop>1.9</hdop>
        <extensions>
          <speed>0.448</speed>
        </extensions>
      </trkpt>
      <trkpt lat="55.63056" lon="27.4773917">
        <ele>144.4</ele>
        <time>2023-01-28T09:02:15Z</time>
        <hdop>2</hdop>
        <extensions>
          <speed>0.289</speed>
        </extensions>
      </trkpt>
      <trkpt lat="55.6305817" lon="27.4773483">
        <ele>144.4</ele>
        <time>2023-01-28T09:02:46Z</time>
        <hdop>2</hdop>
      </trkpt>
      <trkpt lat="55.6305733" lon="27.47738">
        <ele>142.9</ele>
        <time>2023-01-28T09:02:51Z</time>
        <hdop>2.1</hdop>
        <extensions>
          <speed>0.484</speed>
        </extensions>
      </trkpt>
      <trkpt lat="55.630585" lon="27.4774067">
        <ele>143.8</ele>
        <time>2023-01-28T09:02:56Z</time>
        <hdop>2.1</hdop>
        <extensions>
          <speed>0.405</speed>
        </extensions>
      </trkpt>
      <trkpt lat="55.630605" lon="27.4773517">
        <ele>145.8</ele>
        <time>2023-01-28T09:03:49Z</time>
        <hdop>1.4</hdop>
        <extensions>
          <speed>0.215</speed>
        </extensions>
      </trkpt>
      <trkpt lat="55.630575" lon="27.477445">
        <ele>147</ele>
        <time>2023-01-28T09:05:35Z</time>
        <hdop>2.1</hdop>
        <extensions>
          <speed>0.247</speed>
        </extensions>
      </trkpt>
      <trkpt lat="55.63056" lon="27.4775">
        <ele>146.7</ele>
        <time>2023-01-28T09:05:40Z</time>
        <hdop>1.9</hdop>
      </trkpt>
      <trkpt lat="55.6305233" lon="27.4775667">
        <ele>146.3</ele>
        <time>2023-01-28T09:05:46Z</time>
        <hdop>1.9</hdop>
        <extensions>
          <speed>0.448</speed>
        </extensions>
      </trkpt>
      <trkpt lat="55.6304983" lon="27.4776167">
        <ele>145.9</ele>
        <time>2023-01-28T09:05:52Z</time>
        <hdop>1.9</hdop>
        <extensions>
          <speed>0.518</speed>
        </extensions>
      </trkpt>
      <trkpt lat="55.6304783" lon="27.4776067">
        <ele>145.2</ele>
        <time>2023-01-28T09:06:00Z</time>
        <hdop>1.9</hdop>
      </trkpt>
      <trkpt lat="55.630405" lon="27.4777">
        <ele>143.1</ele>
        <time>2023-01-28T09:06:26Z</time>
        <hdop>1.9</hdop>
        <extensions>
          <speed>0.279</speed>
        </extensions>
      </trkpt>
      <trkpt lat="55.6303817" lon="27.4777233">
        <ele>141.8</ele>
        <time>2023-01-28T09:06:36Z</time>
        <hdop>2.1</hdop>
      </trkpt>
      <trkpt lat="55.6303833" lon="27.4777833">
        <ele>141.3</ele>
        <time>2023-01-28T09:06:43Z</time>
        <hdop>2</hdop>
        <extensions>
          <speed>0.416</speed>
        </extensions>
      </trkpt>
      <trkpt lat="55.6303467" lon="27.4778017">
        <ele>140.5</ele>
        <time>2023-01-28T09:06:58Z</time>
        <hdop>1.3</hdop>
        <extensions>
          <speed>0.241</speed>
        </extensions>
      </trkpt>
      <trkpt lat="55.6303367" lon="27.477835">
        <ele>140.4</ele>
        <time>2023-01-28T09:07:03Z</time>
        <hdop>1.8</hdop>
        <extensions>
          <speed>0.405</speed>
        </extensions>
      </trkpt>
      <trkpt lat="55.6303367" lon="27.47788">
        <ele>140.4</ele>
        <time>2023-01-28T09:07:08Z</time>
        <hdop>2</hdop>
        <extensions>
          <speed>0.491</speed>
        </extensions>
      </trkpt>
      <trkpt lat="55.6303633" lon="27.4779">
        <ele>140</ele>
        <time>2023-01-28T09:07:14Z</time>
        <hdop>2</hdop>
      </trkpt>
      <trkpt lat="55.6303433" lon="27.4779083">
        <ele>139.8</ele>
        <time>2023-01-28T09:07:20Z</time>
        <hdop>2</hdop>
      </trkpt>
      <trkpt lat="55.6302983" lon="27.4779133">
        <ele>139.9</ele>
        <time>2023-01-28T09:07:26Z</time>
        <hdop>2</hdop>
      </trkpt>
      <trkpt lat="55.63027" lon="27.4779033">
        <ele>138.5</ele>
        <time>2023-01-28T09:07:32Z</time>
        <hdop>2.1</hdop>
        <extensions>
          <speed>0.64</speed>
        </extensions>
      </trkpt>
      <trkpt lat="55.63027" lon="27.4779433">
        <ele>137.9</ele>
        <time>2023-01-28T09:07:38Z</time>
        <hdop>2.1</hdop>
      </trkpt>
      <trkpt lat="55.63028" lon="27.4779817">
        <ele>138</ele>
        <time>2023-01-28T09:07:44Z</time>
        <hdop>1.9</hdop>
        <extensions>
          <speed>0.285</speed>
        </extensions>
      </trkpt>
      <trkpt lat="55.6303383" lon="27.4781283">
        <ele>138.2</ele>
        <time>2023-01-28T09:09:23Z</time>
        <hdop>2.1</hdop>
        <extensions>
          <speed>0.205</speed>
        </extensions>
      </trkpt>
      <trkpt lat="55.6303733" lon="27.4781483">
        <ele>139.8</ele>
        <time>2023-01-28T09:09:41Z</time>
        <hdop>1.9</hdop>
        <extensions>
          <speed>0.305</speed>
        </extensions>
      </trkpt>
      <trkpt lat="55.6303933" lon="27.4781683">
        <ele>140.7</ele>
        <time>2023-01-28T09:09:46Z</time>
        <hdop>1.9</hdop>
        <extensions>
          <speed>0.393</speed>
        </extensions>
      </trkpt>
      <trkpt lat="55.6304117" lon="27.478145">
        <ele>141.2</ele>
        <time>2023-01-28T09:09:51Z</time>
        <hdop>2.1</hdop>
      </trkpt>
      <trkpt lat="55.6303817" lon="27.4781633">
        <ele>139.9</ele>
        <time>2023-01-28T09:10:19Z</time>
        <hdop>2</hdop>
        <extensions>
          <speed>0.311</speed>
        </extensions>
      </trkpt>
      <trkpt lat="55.63042" lon="27.478235">
        <ele>139.7</ele>
        <time>2023-01-28T09:10:25Z</time>
        <hdop>2.2</hdop>
        <extensions>
          <speed>0.591</speed>
        </extensions>
      </trkpt>
      <trkpt lat="55.6304483" lon="27.4782717">
        <ele>139.7</ele>
        <time>2023-01-28T09:10:30Z</time>
        <hdop>2</hdop>
        <extensions>
          <speed>0.715</speed>
        </extensions>
      </trkpt>
      <trkpt lat="55.6304717" lon="27.47833">
        <ele>139.7</ele>
        <time>2023-01-28T09:10:36Z</time>
        <hdop>2.1</hdop>
        <extensions>
          <speed>0.661</speed>
        </extensions>
      </trkpt>
      <trkpt lat="55.6305033" lon="27.478425">
        <ele>139.5</ele>
        <time>2023-01-28T09:10:41Z</time>
        <hdop>2</hdop>
        <extensions>
          <speed>0.593</speed>
        </extensions>
      </trkpt>
      <trkpt lat="55.6305283" lon="27.4784683">
        <ele>139.5</ele>
        <time>2023-01-28T09:10:46Z</time>
        <hdop>2.2</hdop>
        <extensions>
          <speed>0.588</speed>
        </extensions>
      </trkpt>
      <trkpt lat="55.63055" lon="27.47848">
        <ele>139</ele>
        <time>2023-01-28T09:10:53Z</time>
        <hdop>2.4</hdop>
        <extensions>
          <speed>0.526</speed>
        </extensions>
      </trkpt>
      <trkpt lat="55.6306" lon="27.4785533">
        <ele>137.2</ele>
        <time>2023-01-28T09:10:59Z</time>
        <hdop>2.1</hdop>
        <extensions>
          <speed>0.504</speed>
        </extensions>
      </trkpt>
      <trkpt lat="55.6306333" lon="27.4785867">
        <ele>136.2</ele>
        <time>2023-01-28T09:11:05Z</time>
        <hdop>2.1</hdop>
        <extensions>
          <speed>0.546</speed>
        </extensions>
      </trkpt>
      <trkpt lat="55.630665" lon="27.478585">
        <ele>135.6</ele>
        <time>2023-01-28T09:11:10Z</time>
        <hdop>2.2</hdop>
      </trkpt>
      <trkpt lat="55.6306883" lon="27.4785967">
        <ele>135.1</ele>
        <time>2023-01-28T09:11:15Z</time>
        <hdop>2.4</hdop>
        <extensions>
          <speed>0.55</speed>
        </extensions>
      </trkpt>
      <trkpt lat="55.63071" lon="27.4786233">
        <ele>135</ele>
        <time>2023-01-28T09:11:20Z</time>
        <hdop>2.6</hdop>
        <extensions>
          <speed>0.479</speed>
        </extensions>
      </trkpt>
      <trkpt lat="55.630745" lon="27.4786117">
        <ele>134.8</ele>
        <time>2023-01-28T09:11:26Z</time>
        <hdop>2.6</hdop>
        <extensions>
          <speed>0.492</speed>
        </extensions>
      </trkpt>
      <trkpt lat="55.6307783" lon="27.478625">
        <ele>134.4</ele>
        <time>2023-01-28T09:11:32Z</time>
        <hdop>2.7</hdop>
        <extensions>
          <speed>0.516</speed>
        </extensions>
      </trkpt>
      <trkpt lat="55.6308233" lon="27.4786367">
        <ele>134.1</ele>
        <time>2023-01-28T09:11:38Z</time>
        <hdop>2.8</hdop>
        <extensions>
          <speed>0.556</speed>
        </extensions>
      </trkpt>
      <trkpt lat="55.6308683" lon="27.4786333">
        <ele>134</ele>
        <time>2023-01-28T09:11:44Z</time>
        <hdop>2.7</hdop>
        <extensions>
          <speed>0.67</speed>
        </extensions>
      </trkpt>
      <trkpt lat="55.6309217" lon="27.4786417">
        <ele>134.1</ele>
        <time>2023-01-28T09:11:50Z</time>
        <hdop>2.6</hdop>
        <extensions>
          <speed>0.503</speed>
        </extensions>
      </trkpt>
      <trkpt lat="55.630965" lon="27.4786933">
        <ele>134.1</ele>
        <time>2023-01-28T09:11:56Z</time>
        <hdop>2.6</hdop>
        <extensions>
          <speed>0.479</speed>
        </extensions>
      </trkpt>
      <trkpt lat="55.6310033" lon="27.4787733">
        <ele>134.3</ele>
        <time>2023-01-28T09:12:02Z</time>
        <hdop>2.6</hdop>
        <extensions>
          <speed>0.716</speed>
        </extensions>
      </trkpt>
      <trkpt lat="55.6310183" lon="27.4788083">
        <ele>133.7</ele>
        <time>2023-01-28T09:12:08Z</time>
        <hdop>2.6</hdop>
        <extensions>
          <speed>0.595</speed>
        </extensions>
      </trkpt>
      <trkpt lat="55.6310383" lon="27.4788583">
        <ele>133.5</ele>
        <time>2023-01-28T09:12:14Z</time>
        <hdop>2.6</hdop>
        <extensions>
          <speed>0.416</speed>
        </extensions>
      </trkpt>
      <trkpt lat="55.6310733" lon="27.4789233">
        <ele>133.5</ele>
        <time>2023-01-28T09:12:20Z</time>
        <hdop>2.6</hdop>
        <extensions>
          <speed>0.441</speed>
        </extensions>
      </trkpt>
      <trkpt lat="55.6311017" lon="27.47899">
        <ele>133.3</ele>
        <time>2023-01-28T09:12:26Z</time>
        <hdop>2.6</hdop>
        <extensions>
          <speed>0.488</speed>
        </extensions>
      </trkpt>
      <trkpt lat="55.63114" lon="27.4790533">
        <ele>133.2</ele>
        <time>2023-01-28T09:12:32Z</time>
        <hdop>2.6</hdop>
        <extensions>
          <speed>0.516</speed>
        </extensions>
      </trkpt>
      <trkpt lat="55.631195" lon="27.479095">
        <ele>133</ele>
        <time>2023-01-28T09:12:38Z</time>
        <hdop>2.5</hdop>
        <extensions>
          <speed>0.627</speed>
        </extensions>
      </trkpt>
      <trkpt lat="55.63126" lon="27.4791267">
        <ele>132.8</ele>
        <time>2023-01-28T09:12:44Z</time>
        <hdop>2.4</hdop>
        <extensions>
          <speed>0.638</speed>
        </extensions>
      </trkpt>
      <trkpt lat="55.6313067" lon="27.4791633">
        <ele>132.7</ele>
        <time>2023-01-28T09:12:50Z</time>
        <hdop>2.5</hdop>
        <extensions>
          <speed>0.716</speed>
        </extensions>
      </trkpt>
      <trkpt lat="55.6313333" lon="27.4792333">
        <ele>134.3</ele>
        <time>2023-01-28T09:12:56Z</time>
        <hdop>2.1</hdop>
        <extensions>
          <speed>0.579</speed>
        </extensions>
      </trkpt>
      <trkpt lat="55.631365" lon="27.4792733">
        <ele>135.9</ele>
        <time>2023-01-28T09:13:02Z</time>
        <hdop>2</hdop>
      </trkpt>
      <trkpt lat="55.6313533" lon="27.4793883">
        <ele>135.1</ele>
        <time>2023-01-28T09:13:42Z</time>
        <hdop>2.5</hdop>
      </trkpt>
      <trkpt lat="55.631365" lon="27.4794217">
        <ele>135.2</ele>
        <time>2023-01-28T09:13:51Z</time>
        <hdop>2</hdop>
        <extensions>
          <speed>0.284</speed>
        </extensions>
      </trkpt>
      <trkpt lat="55.6313717" lon="27.4794533">
        <ele>135.1</ele>
        <time>2023-01-28T09:13:56Z</time>
        <hdop>2.4</hdop>
        <extensions>
          <speed>0.431</speed>
        </extensions>
      </trkpt>
      <trkpt lat="55.6313983" lon="27.4794817">
        <ele>135</ele>
        <time>2023-01-28T09:14:02Z</time>
        <hdop>2.6</hdop>
        <extensions>
          <speed>0.443</speed>
        </extensions>
      </trkpt>
      <trkpt lat="55.6314133" lon="27.4795183">
        <ele>135</ele>
        <time>2023-01-28T09:14:08Z</time>
        <hdop>2.6</hdop>
        <extensions>
          <speed>0.403</speed>
        </extensions>
      </trkpt>
      <trkpt lat="55.6314433" lon="27.479575">
        <ele>134.7</ele>
        <time>2023-01-28T09:14:14Z</time>
        <hdop>2.6</hdop>
      </trkpt>
      <trkpt lat="55.6314583" lon="27.4796167">
        <ele>134.6</ele>
        <time>2023-01-28T09:14:20Z</time>
        <hdop>2.6</hdop>
        <extensions>
          <speed>0.462</speed>
        </extensions>
      </trkpt>
      <trkpt lat="55.63147" lon="27.4796583">
        <ele>134.6</ele>
        <time>2023-01-28T09:14:26Z</time>
        <hdop>2.7</hdop>
      </trkpt>
      <trkpt lat="55.6314617" lon="27.4797867">
        <ele>134.8</ele>
        <time>2023-01-28T09:14:32Z</time>
        <hdop>2.6</hdop>
        <extensions>
          <speed>0.515</speed>
        </extensions>
      </trkpt>
      <trkpt lat="55.63146" lon="27.4798717">
        <ele>134.8</ele>
        <time>2023-01-28T09:14:38Z</time>
        <hdop>2.7</hdop>
      </trkpt>
      <trkpt lat="55.631435" lon="27.4799433">
        <ele>135</ele>
        <time>2023-01-28T09:14:44Z</time>
        <hdop>2.5</hdop>
        <extensions>
          <speed>0.518</speed>
        </extensions>
      </trkpt>
      <trkpt lat="55.631425" lon="27.47999">
        <ele>135.7</ele>
        <time>2023-01-28T09:14:50Z</time>
        <hdop>2.3</hdop>
        <extensions>
          <speed>0.416</speed>
        </extensions>
      </trkpt>
      <trkpt lat="55.63144" lon="27.4800383">
        <ele>137.1</ele>
        <time>2023-01-28T09:15:06Z</time>
        <hdop>1.8</hdop>
        <extensions>
          <speed>0.318</speed>
        </extensions>
      </trkpt>
      <trkpt lat="55.6314383" lon="27.4800867">
        <ele>137.7</ele>
        <time>2023-01-28T09:15:12Z</time>
        <hdop>2</hdop>
        <extensions>
          <speed>0.561</speed>
        </extensions>
      </trkpt>
      <trkpt lat="55.6314417" lon="27.480125">
        <ele>138.1</ele>
        <time>2023-01-28T09:15:18Z</time>
        <hdop>2.3</hdop>
      </trkpt>
      <trkpt lat="55.6314483" lon="27.480155">
        <ele>138</ele>
        <time>2023-01-28T09:15:23Z</time>
        <hdop>2.3</hdop>
      </trkpt>
      <trkpt lat="55.631465" lon="27.4802683">
        <ele>138.4</ele>
        <time>2023-01-28T09:15:29Z</time>
        <hdop>2.2</hdop>
        <extensions>
          <speed>0.416</speed>
        </extensions>
      </trkpt>
      <trkpt lat="55.6314767" lon="27.4803017">
        <ele>138.8</ele>
        <time>2023-01-28T09:15:35Z</time>
        <hdop>2.2</hdop>
      </trkpt>
      <trkpt lat="55.6315233" lon="27.4803783">
        <ele>139.4</ele>
        <time>2023-01-28T09:16:04Z</time>
        <hdop>2.2</hdop>
      </trkpt>
      <trkpt lat="55.6315517" lon="27.4804217">
        <ele>139.6</ele>
        <time>2023-01-28T09:16:10Z</time>
        <hdop>2.2</hdop>
        <extensions>
          <speed>0.521</speed>
        </extensions>
      </trkpt>
      <trkpt lat="55.631585" lon="27.4804483">
        <ele>139.8</ele>
        <time>2023-01-28T09:16:15Z</time>
        <hdop>2.3</hdop>
      </trkpt>
      <trkpt lat="55.6315967" lon="27.480475">
        <ele>139.9</ele>
        <time>2023-01-28T09:16:21Z</time>
        <hdop>2.6</hdop>
      </trkpt>
      <trkpt lat="55.6316267" lon="27.4804917">
        <ele>142.6</ele>
        <time>2023-01-28T09:16:59Z</time>
        <hdop>1.7</hdop>
        <extensions>
          <speed>0.181</speed>
        </extensions>
      </trkpt>
      <trkpt lat="55.6316" lon="27.4804983">
        <ele>142.5</ele>
        <time>2023-01-28T09:17:05Z</time>
        <hdop>2.4</hdop>
        <extensions>
          <speed>0.401</speed>
        </extensions>
      </trkpt>
      <trkpt lat="55.6315767" lon="27.4805333">
        <ele>142.2</ele>
        <time>2023-01-28T09:17:13Z</time>
        <hdop>2.7</hdop>
        <extensions>
          <speed>0.351</speed>
        </extensions>
      </trkpt>
      <trkpt lat="55.6315683" lon="27.4805617">
        <ele>141.8</ele>
        <time>2023-01-28T09:17:18Z</time>
        <hdop>2.2</hdop>
      </trkpt>
      <trkpt lat="55.6315517" lon="27.4806067">
        <ele>141.4</ele>
        <time>2023-01-28T09:17:36Z</time>
        <hdop>2</hdop>
        <extensions>
          <speed>0.292</speed>
        </extensions>
      </trkpt>
      <trkpt lat="55.631605" lon="27.4804667">
        <ele>143.5</ele>
        <time>2023-01-28T09:18:01Z</time>
        <hdop>2.1</hdop>
      </trkpt>
      <trkpt lat="55.6316367" lon="27.4804467">
        <ele>143.9</ele>
        <time>2023-01-28T09:18:06Z</time>
        <hdop>2.4</hdop>
      </trkpt>
      <trkpt lat="55.631655" lon="27.4804483">
        <ele>145.9</ele>
        <time>2023-01-28T09:18:13Z</time>
        <hdop>2.4</hdop>
      </trkpt>
      <trkpt lat="55.63165" lon="27.4804833">
        <ele>147.2</ele>
        <time>2023-01-28T09:18:18Z</time>
        <hdop>2.2</hdop>
        <extensions>
          <speed>0.435</speed>
        </extensions>
      </trkpt>
      <trkpt lat="55.6316117" lon="27.4805383">
        <ele>146.9</ele>
        <time>2023-01-28T09:18:24Z</time>
        <hdop>2.2</hdop>
      </trkpt>
      <trkpt lat="55.6315867" lon="27.4805533">
        <ele>147.5</ele>
        <time>2023-01-28T09:18:29Z</time>
        <hdop>2.1</hdop>
      </trkpt>
      <trkpt lat="55.6315533" lon="27.4806233">
        <ele>147.7</ele>
        <time>2023-01-28T09:18:39Z</time>
        <hdop>2.2</hdop>
        <extensions>
          <speed>0.377</speed>
        </extensions>
      </trkpt>
      <trkpt lat="55.63151" lon="27.4806533">
        <ele>145.8</ele>
        <time>2023-01-28T09:18:51Z</time>
        <hdop>2.1</hdop>
        <extensions>
          <speed>0.378</speed>
        </extensions>
      </trkpt>
      <trkpt lat="55.6315117" lon="27.4806867">
        <ele>145.4</ele>
        <time>2023-01-28T09:18:57Z</time>
        <hdop>2.3</hdop>
      </trkpt>
      <trkpt lat="55.631515" lon="27.48081">
        <ele>144.3</ele>
        <time>2023-01-28T09:19:24Z</time>
        <hdop>1.6</hdop>
        <extensions>
          <speed>0.289</speed>
        </extensions>
      </trkpt>
      <trkpt lat="55.6315267" lon="27.48087">
        <ele>144.1</ele>
        <time>2023-01-28T09:19:29Z</time>
        <hdop>2</hdop>
        <extensions>
          <speed>0.427</speed>
        </extensions>
      </trkpt>
      <trkpt lat="55.6315833" lon="27.48103">
        <ele>144</ele>
        <time>2023-01-28T09:20:22Z</time>
        <hdop>2.4</hdop>
        <extensions>
          <speed>0.167</speed>
        </extensions>
      </trkpt>
      <trkpt lat="55.6316033" lon="27.481025">
        <ele>144</ele>
        <time>2023-01-28T09:20:27Z</time>
        <hdop>2.4</hdop>
      </trkpt>
      <trkpt lat="55.631585" lon="27.480995">
        <ele>143.7</ele>
        <time>2023-01-28T09:20:55Z</time>
        <hdop>2.1</hdop>
        <extensions>
          <speed>0.306</speed>
        </extensions>
      </trkpt>
      <trkpt lat="55.6315583" lon="27.48105">
        <ele>143.5</ele>
        <time>2023-01-28T09:21:01Z</time>
        <hdop>2.2</hdop>
      </trkpt>
      <trkpt lat="55.6315483" lon="27.4811333">
        <ele>143.5</ele>
        <time>2023-01-28T09:21:07Z</time>
        <hdop>2.3</hdop>
      </trkpt>
      <trkpt lat="55.6315383" lon="27.4811983">
        <ele>143.5</ele>
        <time>2023-01-28T09:21:13Z</time>
        <hdop>2.2</hdop>
        <extensions>
          <speed>0.415</speed>
        </extensions>
      </trkpt>
      <trkpt lat="55.6315983" lon="27.4811933">
        <ele>142</ele>
        <time>2023-01-28T09:21:18Z</time>
        <hdop>2.2</hdop>
        <extensions>
          <speed>0.583</speed>
        </extensions>
      </trkpt>
      <trkpt lat="55.6316133" lon="27.4812567">
        <ele>141.7</ele>
        <time>2023-01-28T09:21:23Z</time>
        <hdop>2.1</hdop>
      </trkpt>
      <trkpt lat="55.6316183" lon="27.4812967">
        <ele>141.4</ele>
        <time>2023-01-28T09:21:29Z</time>
        <hdop>2.4</hdop>
      </trkpt>
      <trkpt lat="55.6316" lon="27.481465">
        <ele>141.3</ele>
        <time>2023-01-28T09:21:45Z</time>
        <hdop>2.3</hdop>
        <extensions>
          <speed>0.231</speed>
        </extensions>
      </trkpt>
      <trkpt lat="55.6316" lon="27.4815083">
        <ele>142.1</ele>
        <time>2023-01-28T09:21:50Z</time>
        <hdop>2.4</hdop>
      </trkpt>
      <trkpt lat="55.6316717" lon="27.481555">
        <ele>143.4</ele>
        <time>2023-01-28T09:21:57Z</time>
        <hdop>2.1</hdop>
        <extensions>
          <speed>0.313</speed>
        </extensions>
      </trkpt>
      <trkpt lat="55.6316983" lon="27.481515">
        <ele>144.3</ele>
        <time>2023-01-28T09:22:02Z</time>
        <hdop>2</hdop>
      </trkpt>
      <trkpt lat="55.6316767" lon="27.4815367">
        <ele>144.7</ele>
        <time>2023-01-28T09:22:21Z</time>
        <hdop>2</hdop>
        <extensions>
          <speed>0.276</speed>
        </extensions>
      </trkpt>
      <trkpt lat="55.631665" lon="27.4815833">
        <ele>144.9</ele>
        <time>2023-01-28T09:22:26Z</time>
        <hdop>2.2</hdop>
      </trkpt>
      <trkpt lat="55.6316233" lon="27.4815417">
        <ele>145.1</ele>
        <time>2023-01-28T09:22:45Z</time>
        <hdop>2.1</hdop>
        <extensions>
          <speed>0.32</speed>
        </extensions>
      </trkpt>
      <trkpt lat="55.6315867" lon="27.481545">
        <ele>145.3</ele>
        <time>2023-01-28T09:22:50Z</time>
        <hdop>2.3</hdop>
      </trkpt>
      <trkpt lat="55.6316017" lon="27.48161">
        <ele>144.3</ele>
        <time>2023-01-28T09:23:04Z</time>
        <hdop>2.1</hdop>
        <extensions>
          <speed>0.413</speed>
        </extensions>
      </trkpt>
      <trkpt lat="55.631605" lon="27.481645">
        <ele>144.3</ele>
        <time>2023-01-28T09:23:10Z</time>
        <hdop>2.2</hdop>
      </trkpt>
      <trkpt lat="55.63156" lon="27.4816017">
        <ele>145.3</ele>
        <time>2023-01-28T09:23:25Z</time>
        <hdop>2.4</hdop>
        <extensions>
          <speed>0.362</speed>
        </extensions>
      </trkpt>
      <trkpt lat="55.6315383" lon="27.48161">
        <ele>147.5</ele>
        <time>2023-01-28T09:23:30Z</time>
        <hdop>2.4</hdop>
      </trkpt>
      <trkpt lat="55.63156" lon="27.4816483">
        <ele>149.1</ele>
        <time>2023-01-28T09:23:40Z</time>
        <hdop>2.7</hdop>
      </trkpt>
      <trkpt lat="55.6315883" lon="27.48164">
        <ele>148.7</ele>
        <time>2023-01-28T09:23:48Z</time>
        <hdop>2.4</hdop>
      </trkpt>
      <trkpt lat="55.6315983" lon="27.4817033">
        <ele>146.9</ele>
        <time>2023-01-28T09:24:02Z</time>
        <hdop>2.5</hdop>
      </trkpt>
      <trkpt lat="55.6315517" lon="27.4816383">
        <ele>149.7</ele>
        <time>2023-01-28T09:24:08Z</time>
        <hdop>2.3</hdop>
        <extensions>
          <speed>0.532</speed>
        </extensions>
      </trkpt>
      <trkpt lat="55.631575" lon="27.4816317">
        <ele>150.8</ele>
        <time>2023-01-28T09:24:14Z</time>
        <hdop>2.2</hdop>
      </trkpt>
      <trkpt lat="55.6316417" lon="27.4816433">
        <ele>151.5</ele>
        <time>2023-01-28T09:24:20Z</time>
        <hdop>1.2</hdop>
      </trkpt>
      <trkpt lat="55.6316633" lon="27.4816417">
        <ele>147.8</ele>
        <time>2023-01-28T09:25:53Z</time>
        <hdop>1.7</hdop>
      </trkpt>
      <trkpt lat="55.6316767" lon="27.4816917">
        <ele>147</ele>
        <time>2023-01-28T09:25:59Z</time>
        <hdop>2.2</hdop>
        <extensions>
          <speed>0.488</speed>
        </extensions>
      </trkpt>
      <trkpt lat="55.6316867" lon="27.481745">
        <ele>145.9</ele>
        <time>2023-01-28T09:26:04Z</time>
        <hdop>2.1</hdop>
      </trkpt>
      <trkpt lat="55.6317383" lon="27.481775">
        <ele>145.3</ele>
        <time>2023-01-28T09:26:10Z</time>
        <hdop>1.9</hdop>
      </trkpt>
      <trkpt lat="55.631735" lon="27.4817">
        <ele>144.9</ele>
        <time>2023-01-28T09:26:36Z</time>
        <hdop>1.8</hdop>
        <extensions>
          <speed>0.265</speed>
        </extensions>
      </trkpt>
      <trkpt lat="55.6316367" lon="27.4816967">
        <ele>143.7</ele>
        <time>2023-01-28T09:27:05Z</time>
        <hdop>2.2</hdop>
        <extensions>
          <speed>0.281</speed>
        </extensions>
      </trkpt>
      <trkpt lat="55.6316317" lon="27.4817467">
        <ele>143.7</ele>
        <time>2023-01-28T09:27:11Z</time>
        <hdop>2.5</hdop>
      </trkpt>
      <trkpt lat="55.63165" lon="27.4817517">
        <ele>143.2</ele>
        <time>2023-01-28T09:27:16Z</time>
        <hdop>2.1</hdop>
      </trkpt>
      <trkpt lat="55.6316283" lon="27.48175">
        <ele>142.9</ele>
        <time>2023-01-28T09:27:23Z</time>
        <hdop>1.9</hdop>
        <extensions>
          <speed>0.337</speed>
        </extensions>
      </trkpt>
      <trkpt lat="55.6316483" lon="27.4817483">
        <ele>143.5</ele>
        <time>2023-01-28T09:27:29Z</time>
        <hdop>1.9</hdop>
        <extensions>
          <speed>0.455</speed>
        </extensions>
      </trkpt>
      <trkpt lat="55.6316317" lon="27.481735">
        <ele>144.3</ele>
        <time>2023-01-28T09:27:37Z</time>
        <hdop>1.9</hdop>
      </trkpt>
      <trkpt lat="55.631535" lon="27.48176">
        <ele>144.5</ele>
        <time>2023-01-28T09:28:04Z</time>
        <hdop>1.6</hdop>
        <extensions>
          <speed>0.221</speed>
        </extensions>
      </trkpt>
      <trkpt lat="55.63161" lon="27.4818283">
        <ele>144.5</ele>
        <time>2023-01-28T09:28:31Z</time>
        <hdop>2.3</hdop>
        <extensions>
          <speed>0.344</speed>
        </extensions>
      </trkpt>
      <trkpt lat="55.6316233" lon="27.481855">
        <ele>143.7</ele>
        <time>2023-01-28T09:28:40Z</time>
        <hdop>2.2</hdop>
      </trkpt>
      <trkpt lat="55.6316133" lon="27.4817983">
        <ele>145.1</ele>
        <time>2023-01-28T09:28:46Z</time>
        <hdop>2.1</hdop>
        <extensions>
          <speed>0.586</speed>
        </extensions>
      </trkpt>
      <trkpt lat="55.6316383" lon="27.481755">
        <ele>145.3</ele>
        <time>2023-01-28T09:28:51Z</time>
        <hdop>2</hdop>
        <extensions>
          <speed>0.624</speed>
        </extensions>
      </trkpt>
      <trkpt lat="55.6316617" lon="27.48171">
        <ele>145.7</ele>
        <time>2023-01-28T09:28:56Z</time>
        <hdop>1.9</hdop>
      </trkpt>
      <trkpt lat="55.6316583" lon="27.4816683">
        <ele>145.5</ele>
        <time>2023-01-28T09:29:02Z</time>
        <hdop>2.1</hdop>
        <extensions>
          <speed>0.373</speed>
        </extensions>
      </trkpt>
      <trkpt lat="55.63168" lon="27.481635">
        <ele>144.9</ele>
        <time>2023-01-28T09:29:08Z</time>
        <hdop>2</hdop>
        <extensions>
          <speed>0.481</speed>
        </extensions>
      </trkpt>
      <trkpt lat="55.6316467" lon="27.4815883">
        <ele>145.2</ele>
        <time>2023-01-28T09:29:14Z</time>
        <hdop>2.1</hdop>
        <extensions>
          <speed>0.423</speed>
        </extensions>
      </trkpt>
      <trkpt lat="55.6316233" lon="27.4816267">
        <ele>146.4</ele>
        <time>2023-01-28T09:29:20Z</time>
        <hdop>2</hdop>
        <extensions>
          <speed>0.477</speed>
        </extensions>
      </trkpt>
      <trkpt lat="55.6316033" lon="27.4815467">
        <ele>147.3</ele>
        <time>2023-01-28T09:29:26Z</time>
        <hdop>2</hdop>
        <extensions>
          <speed>0.405</speed>
        </extensions>
      </trkpt>
      <trkpt lat="55.6315933" lon="27.4815133">
        <ele>147.8</ele>
        <time>2023-01-28T09:29:32Z</time>
        <hdop>2.2</hdop>
      </trkpt>
      <trkpt lat="55.6315467" lon="27.4816483">
        <ele>147.1</ele>
        <time>2023-01-28T09:30:07Z</time>
        <hdop>2</hdop>
        <extensions>
          <speed>0.225</speed>
        </extensions>
      </trkpt>
      <trkpt lat="55.6315583" lon="27.4816833">
        <ele>146.8</ele>
        <time>2023-01-28T09:30:13Z</time>
        <hdop>2</hdop>
      </trkpt>
      <trkpt lat="55.631605" lon="27.481645">
        <ele>146.7</ele>
        <time>2023-01-28T09:30:27Z</time>
        <hdop>2.1</hdop>
        <extensions>
          <speed>0.263</speed>
        </extensions>
      </trkpt>
      <trkpt lat="55.63164" lon="27.481665">
        <ele>147.1</ele>
        <time>2023-01-28T09:30:32Z</time>
        <hdop>2</hdop>
        <extensions>
          <speed>0.457</speed>
        </extensions>
      </trkpt>
      <trkpt lat="55.6316183" lon="27.4817033">
        <ele>147</ele>
        <time>2023-01-28T09:30:38Z</time>
        <hdop>2.1</hdop>
        <extensions>
          <speed>0.462</speed>
        </extensions>
      </trkpt>
      <trkpt lat="55.631595" lon="27.4817217">
        <ele>146.9</ele>
        <time>2023-01-28T09:30:44Z</time>
        <hdop>2.3</hdop>
      </trkpt>
      <trkpt lat="55.6316083" lon="27.4817433">
        <ele>147.9</ele>
        <time>2023-01-28T09:31:09Z</time>
        <hdop>2</hdop>
        <extensions>
          <speed>0.338</speed>
        </extensions>
      </trkpt>
      <trkpt lat="55.6316083" lon="27.4816617">
        <ele>149.1</ele>
        <time>2023-01-28T09:31:30Z</time>
        <hdop>1.5</hdop>
        <extensions>
          <speed>0.296</speed>
        </extensions>
      </trkpt>
      <trkpt lat="55.6316233" lon="27.481565">
        <ele>148.3</ele>
        <time>2023-01-28T09:31:36Z</time>
        <hdop>2</hdop>
      </trkpt>
      <trkpt lat="55.631675" lon="27.481545">
        <ele>147.5</ele>
        <time>2023-01-28T09:31:42Z</time>
        <hdop>2.2</hdop>
        <extensions>
          <speed>0.592</speed>
        </extensions>
      </trkpt>
      <trkpt lat="55.631715" lon="27.4815317">
        <ele>147.8</ele>
        <time>2023-01-28T09:31:47Z</time>
        <hdop>2</hdop>
        <extensions>
          <speed>0.505</speed>
        </extensions>
      </trkpt>
      <trkpt lat="55.6317167" lon="27.481485">
        <ele>148.3</ele>
        <time>2023-01-28T09:31:52Z</time>
        <hdop>2</hdop>
        <extensions>
          <speed>0.439</speed>
        </extensions>
      </trkpt>
      <trkpt lat="55.631715" lon="27.4814417">
        <ele>148.8</ele>
        <time>2023-01-28T09:31:59Z</time>
        <hdop>2.2</hdop>
        <extensions>
          <speed>0.431</speed>
        </extensions>
      </trkpt>
      <trkpt lat="55.6317117" lon="27.4813717">
        <ele>148.7</ele>
        <time>2023-01-28T09:32:04Z</time>
        <hdop>2.1</hdop>
        <extensions>
          <speed>0.637</speed>
        </extensions>
      </trkpt>
      <trkpt lat="55.63171" lon="27.4813333">
        <ele>148.7</ele>
        <time>2023-01-28T09:32:14Z</time>
        <hdop>2.1</hdop>
        <extensions>
          <speed>0.414</speed>
        </extensions>
      </trkpt>
      <trkpt lat="55.6317183" lon="27.4812883">
        <ele>148.7</ele>
        <time>2023-01-28T09:32:20Z</time>
        <hdop>2</hdop>
        <extensions>
          <speed>0.543</speed>
        </extensions>
      </trkpt>
      <trkpt lat="55.63174" lon="27.48128">
        <ele>148.6</ele>
        <time>2023-01-28T09:32:26Z</time>
        <hdop>2.1</hdop>
      </trkpt>
      <trkpt lat="55.63172" lon="27.4812017">
        <ele>149.2</ele>
        <time>2023-01-28T09:32:34Z</time>
        <hdop>2</hdop>
        <extensions>
          <speed>0.31</speed>
        </extensions>
      </trkpt>
      <trkpt lat="55.6317017" lon="27.4811567">
        <ele>149.2</ele>
        <time>2023-01-28T09:32:39Z</time>
        <hdop>2.1</hdop>
        <extensions>
          <speed>0.628</speed>
        </extensions>
      </trkpt>
      <trkpt lat="55.6317283" lon="27.4811067">
        <ele>149.3</ele>
        <time>2023-01-28T09:32:44Z</time>
        <hdop>2.2</hdop>
        <extensions>
          <speed>0.604</speed>
        </extensions>
      </trkpt>
      <trkpt lat="55.63176" lon="27.4810517">
        <ele>149.3</ele>
        <time>2023-01-28T09:32:50Z</time>
        <hdop>2.2</hdop>
        <extensions>
          <speed>0.411</speed>
        </extensions>
      </trkpt>
      <trkpt lat="55.6317467" lon="27.4810067">
        <ele>149.4</ele>
        <time>2023-01-28T09:33:16Z</time>
        <hdop>1.7</hdop>
        <extensions>
          <speed>0.29</speed>
        </extensions>
      </trkpt>
      <trkpt lat="55.6316983" lon="27.4809383">
        <ele>148.5</ele>
        <time>2023-01-28T09:33:32Z</time>
        <hdop>2.2</hdop>
        <extensions>
          <speed>0.356</speed>
        </extensions>
      </trkpt>
      <trkpt lat="55.6316917" lon="27.480975">
        <ele>148</ele>
        <time>2023-01-28T09:33:38Z</time>
        <hdop>2.7</hdop>
        <extensions>
          <speed>0.429</speed>
        </extensions>
      </trkpt>
      <trkpt lat="55.6316817" lon="27.4810033">
        <ele>147.8</ele>
        <time>2023-01-28T09:33:44Z</time>
        <hdop>2.9</hdop>
      </trkpt>
      <trkpt lat="55.6316183" lon="27.4810117">
        <ele>147</ele>
        <time>2023-01-28T09:33:54Z</time>
        <hdop>2.4</hdop>
      </trkpt>
      <trkpt lat="55.6315567" lon="27.4811117">
        <ele>144.2</ele>
        <time>2023-01-28T09:34:16Z</time>
        <hdop>2.2</hdop>
        <extensions>
          <speed>0.291</speed>
        </extensions>
      </trkpt>
      <trkpt lat="55.631565" lon="27.48108">
        <ele>144.4</ele>
        <time>2023-01-28T09:34:21Z</time>
        <hdop>2</hdop>
      </trkpt>
      <trkpt lat="55.6315617" lon="27.48124">
        <ele>142.4</ele>
        <time>2023-01-28T09:34:45Z</time>
        <hdop>2.4</hdop>
        <extensions>
          <speed>0.282</speed>
        </extensions>
      </trkpt>
      <trkpt lat="55.63156" lon="27.48128">
        <ele>142.1</ele>
        <time>2023-01-28T09:34:50Z</time>
        <hdop>2.3</hdop>
      </trkpt>
      <trkpt lat="55.6315333" lon="27.4813633">
        <ele>141.1</ele>
        <time>2023-01-28T09:34:56Z</time>
        <hdop>2.3</hdop>
        <extensions>
          <speed>0.488</speed>
        </extensions>
      </trkpt>
      <trkpt lat="55.6315067" lon="27.4813783">
        <ele>140.8</ele>
        <time>2023-01-28T09:35:02Z</time>
        <hdop>2.4</hdop>
        <extensions>
          <speed>0.474</speed>
        </extensions>
      </trkpt>
      <trkpt lat="55.6315417" lon="27.4815417">
        <ele>140.9</ele>
        <time>2023-01-28T09:35:31Z</time>
        <hdop>2.9</hdop>
      </trkpt>
      <trkpt lat="55.6315667" lon="27.4816133">
        <ele>141.2</ele>
        <time>2023-01-28T09:35:36Z</time>
        <hdop>3.2</hdop>
      </trkpt>
      <trkpt lat="55.6316167" lon="27.481665">
        <ele>141.6</ele>
        <time>2023-01-28T09:35:42Z</time>
        <hdop>3.1</hdop>
      </trkpt>
      <trkpt lat="55.6316333" lon="27.4816867">
        <ele>141.6</ele>
        <time>2023-01-28T09:35:48Z</time>
        <hdop>3.2</hdop>
        <extensions>
          <speed>0.664</speed>
        </extensions>
      </trkpt>
      <trkpt lat="55.631615" lon="27.4816883">
        <ele>141.6</ele>
        <time>2023-01-28T09:35:53Z</time>
        <hdop>1.2</hdop>
      </trkpt>
      <trkpt lat="55.6315867" lon="27.4816883">
        <ele>141.9</ele>
        <time>2023-01-28T09:35:58Z</time>
        <hdop>2.6</hdop>
      </trkpt>
      <trkpt lat="55.6315683" lon="27.4816733">
        <ele>142.6</ele>
        <time>2023-01-28T09:36:12Z</time>
        <hdop>2.3</hdop>
      </trkpt>
      <trkpt lat="55.6315417" lon="27.481685">
        <ele>142.6</ele>
        <time>2023-01-28T09:36:17Z</time>
        <hdop>2.8</hdop>
        <extensions>
          <speed>0.528</speed>
        </extensions>
      </trkpt>
      <trkpt lat="55.6314933" lon="27.4816517">
        <ele>142.7</ele>
        <time>2023-01-28T09:36:23Z</time>
        <hdop>2.8</hdop>
      </trkpt>
      <trkpt lat="55.6314283" lon="27.4816717">
        <ele>143.6</ele>
        <time>2023-01-28T09:36:28Z</time>
        <hdop>2.2</hdop>
        <extensions>
          <speed>0.555</speed>
        </extensions>
      </trkpt>
      <trkpt lat="55.6314483" lon="27.4816983">
        <ele>143.9</ele>
        <time>2023-01-28T09:36:34Z</time>
        <hdop>2.3</hdop>
        <extensions>
          <speed>0.528</speed>
        </extensions>
      </trkpt>
      <trkpt lat="55.631485" lon="27.4816367">
        <ele>144.6</ele>
        <time>2023-01-28T09:37:20Z</time>
        <hdop>2.5</hdop>
        <extensions>
          <speed>0.348</speed>
        </extensions>
      </trkpt>
      <trkpt lat="55.6315033" lon="27.481615">
        <ele>144.4</ele>
        <time>2023-01-28T09:37:34Z</time>
        <hdop>2.3</hdop>
      </trkpt>
      <trkpt lat="55.6315517" lon="27.4816483">
        <ele>146.3</ele>
        <time>2023-01-28T09:38:47Z</time>
        <hdop>3</hdop>
      </trkpt>
      <trkpt lat="55.6316017" lon="27.481655">
        <ele>146</ele>
        <time>2023-01-28T09:39:00Z</time>
        <hdop>3.1</hdop>
      </trkpt>
      <trkpt lat="55.6316217" lon="27.4815933">
        <ele>146.3</ele>
        <time>2023-01-28T09:39:34Z</time>
        <hdop>2.2</hdop>
        <extensions>
          <speed>0.285</speed>
        </extensions>
      </trkpt>
      <trkpt lat="55.6315783" lon="27.4816483">
        <ele>144</ele>
        <time>2023-01-28T09:40:04Z</time>
        <hdop>2</hdop>
        <extensions>
          <speed>0.229</speed>
        </extensions>
      </trkpt>
      <trkpt lat="55.6315467" lon="27.4816033">
        <ele>143.9</ele>
        <time>2023-01-28T09:40:09Z</time>
        <hdop>2.3</hdop>
        <extensions>
          <speed>0.519</speed>
        </extensions>
      </trkpt>
      <trkpt lat="55.6315267" lon="27.4815883">
        <ele>143.5</ele>
        <time>2023-01-28T09:40:17Z</time>
        <hdop>2.3</hdop>
        <extensions>
          <speed>0.471</speed>
        </extensions>
      </trkpt>
      <trkpt lat="55.6315183" lon="27.481625">
        <ele>144.1</ele>
        <time>2023-01-28T09:40:44Z</time>
        <hdop>2.9</hdop>
      </trkpt>
      <trkpt lat="55.6314583" lon="27.4815783">
        <ele>144.2</ele>
        <time>2023-01-28T09:40:50Z</time>
        <hdop>3.1</hdop>
      </trkpt>
      <trkpt lat="55.6314217" lon="27.481515">
        <ele>143.3</ele>
        <time>2023-01-28T09:40:56Z</time>
        <hdop>3.2</hdop>
      </trkpt>
      <trkpt lat="55.6314" lon="27.4815967">
        <ele>143</ele>
        <time>2023-01-28T09:41:02Z</time>
        <hdop>2.7</hdop>
        <extensions>
          <speed>0.388</speed>
        </extensions>
      </trkpt>
      <trkpt lat="55.631485" lon="27.4816283">
        <ele>143.8</ele>
        <time>2023-01-28T09:41:41Z</time>
        <hdop>1.8</hdop>
      </trkpt>
      <trkpt lat="55.6315067" lon="27.481635">
        <ele>142.5</ele>
        <time>2023-01-28T09:41:58Z</time>
        <hdop>2.3</hdop>
      </trkpt>
      <trkpt lat="55.631595" lon="27.4816867">
        <ele>143</ele>
        <time>2023-01-28T09:42:04Z</time>
        <hdop>2.4</hdop>
        <extensions>
          <speed>0.456</speed>
        </extensions>
      </trkpt>
      <trkpt lat="55.63155" lon="27.4816467">
        <ele>144.8</ele>
        <time>2023-01-28T09:42:28Z</time>
        <hdop>2.1</hdop>
        <extensions>
          <speed>0.352</speed>
        </extensions>
      </trkpt>
      <trkpt lat="55.6315667" lon="27.48163">
        <ele>145.7</ele>
        <time>2023-01-28T09:42:35Z</time>
        <hdop>2.3</hdop>
        <extensions>
          <speed>0.492</speed>
        </extensions>
      </trkpt>
      <trkpt lat="55.6315817" lon="27.48166">
        <ele>145.8</ele>
        <time>2023-01-28T09:42:41Z</time>
        <hdop>2.7</hdop>
      </trkpt>
      <trkpt lat="55.6316017" lon="27.481675">
        <ele>145.9</ele>
        <time>2023-01-28T09:42:50Z</time>
        <hdop>3</hdop>
      </trkpt>
      <trkpt lat="55.6315533" lon="27.4816983">
        <ele>145.7</ele>
        <time>2023-01-28T09:43:30Z</time>
        <hdop>2.8</hdop>
        <extensions>
          <speed>0.33</speed>
        </extensions>
      </trkpt>
      <trkpt lat="55.6315967" lon="27.4817033">
        <ele>146.2</ele>
        <time>2023-01-28T09:45:44Z</time>
        <hdop>2.4</hdop>
        <extensions>
          <speed>0.232</speed>
        </extensions>
      </trkpt>
      <trkpt lat="55.631585" lon="27.4816517">
        <ele>145.7</ele>
        <time>2023-01-28T09:45:50Z</time>
        <hdop>2.6</hdop>
      </trkpt>
      <trkpt lat="55.6315017" lon="27.4816883">
        <ele>147</ele>
        <time>2023-01-28T09:47:00Z</time>
        <hdop>2.5</hdop>
      </trkpt>
      <trkpt lat="55.6314733" lon="27.4816617">
        <ele>149.2</ele>
        <time>2023-01-28T09:47:15Z</time>
        <hdop>2.9</hdop>
      </trkpt>
      <trkpt lat="55.6315017" lon="27.4816417">
        <ele>149.3</ele>
        <time>2023-01-28T09:48:13Z</time>
        <hdop>1.9</hdop>
        <extensions>
          <speed>0.29</speed>
        </extensions>
      </trkpt>
      <trkpt lat="55.63149" lon="27.48161">
        <ele>149</ele>
        <time>2023-01-28T09:48:19Z</time>
        <hdop>2.3</hdop>
      </trkpt>
      <trkpt lat="55.631525" lon="27.4816283">
        <ele>147.8</ele>
        <time>2023-01-28T09:48:29Z</time>
        <hdop>2.1</hdop>
        <extensions>
          <speed>0.293</speed>
        </extensions>
      </trkpt>
      <trkpt lat="55.6315733" lon="27.4817433">
        <ele>145.3</ele>
        <time>2023-01-28T09:50:46Z</time>
        <hdop>2.2</hdop>
        <extensions>
          <speed>0.334</speed>
        </extensions>
      </trkpt>
      <trkpt lat="55.6316133" lon="27.4817467">
        <ele>145.6</ele>
        <time>2023-01-28T09:50:51Z</time>
        <hdop>2.3</hdop>
      </trkpt>
      <trkpt lat="55.6316" lon="27.481725">
        <ele>146</ele>
        <time>2023-01-28T09:50:57Z</time>
        <hdop>1.2</hdop>
      </trkpt>
      <trkpt lat="55.6315517" lon="27.4817">
        <ele>147.3</ele>
        <time>2023-01-28T09:51:29Z</time>
        <hdop>2</hdop>
        <extensions>
          <speed>0.224</speed>
        </extensions>
      </trkpt>
      <trkpt lat="55.6315817" lon="27.481745">
        <ele>146.6</ele>
        <time>2023-01-28T09:53:50Z</time>
        <hdop>2.8</hdop>
      </trkpt>
      <trkpt lat="55.6315867" lon="27.4817883">
        <ele>146</ele>
        <time>2023-01-28T09:53:56Z</time>
        <hdop>2.6</hdop>
      </trkpt>
      <trkpt lat="55.6315333" lon="27.48166">
        <ele>145.8</ele>
        <time>2023-01-28T09:54:40Z</time>
        <hdop>1.8</hdop>
        <extensions>
          <speed>0.182</speed>
        </extensions>
      </trkpt>
      <trkpt lat="55.6314733" lon="27.481655">
        <ele>145.3</ele>
        <time>2023-01-28T09:54:59Z</time>
        <hdop>2.3</hdop>
      </trkpt>
      <trkpt lat="55.631505" lon="27.481605">
        <ele>146.7</ele>
        <time>2023-01-28T09:55:42Z</time>
        <hdop>2.3</hdop>
      </trkpt>
      <trkpt lat="55.63154" lon="27.4816133">
        <ele>146.2</ele>
        <time>2023-01-28T09:56:00Z</time>
        <hdop>2.2</hdop>
      </trkpt>
      <trkpt lat="55.6315567" lon="27.481645">
        <ele>143.6</ele>
        <time>2023-01-28T09:58:15Z</time>
        <hdop>2.3</hdop>
      </trkpt>
      <trkpt lat="55.63154" lon="27.481625">
        <ele>143.6</ele>
        <time>2023-01-28T09:58:20Z</time>
        <hdop>2.4</hdop>
      </trkpt>
      <trkpt lat="55.6315633" lon="27.4816083">
        <ele>143.6</ele>
        <time>2023-01-28T09:58:26Z</time>
        <hdop>2.4</hdop>
      </trkpt>
      <trkpt lat="55.6316133" lon="27.4816817">
        <ele>144</ele>
        <time>2023-01-28T09:58:32Z</time>
        <hdop>2.5</hdop>
      </trkpt>
      <trkpt lat="55.631595" lon="27.4816917">
        <ele>144.3</ele>
        <time>2023-01-28T09:58:39Z</time>
        <hdop>2.6</hdop>
      </trkpt>
      <trkpt lat="55.631565" lon="27.481655">
        <ele>143.6</ele>
        <time>2023-01-28T09:58:44Z</time>
        <hdop>2.5</hdop>
      </trkpt>
      <trkpt lat="55.6315083" lon="27.4816583">
        <ele>142.2</ele>
        <time>2023-01-28T09:58:59Z</time>
        <hdop>2.7</hdop>
      </trkpt>
      <trkpt lat="55.6314667" lon="27.4815817">
        <ele>142.1</ele>
        <time>2023-01-28T09:59:04Z</time>
        <hdop>2.5</hdop>
      </trkpt>
      <trkpt lat="55.6314883" lon="27.481595">
        <ele>141.8</ele>
        <time>2023-01-28T09:59:13Z</time>
        <hdop>2.1</hdop>
      </trkpt>
      <trkpt lat="55.6315417" lon="27.4816583">
        <ele>141.3</ele>
        <time>2023-01-28T09:59:18Z</time>
        <hdop>2.4</hdop>
      </trkpt>
      <trkpt lat="55.6315567" lon="27.48169">
        <ele>141.4</ele>
        <time>2023-01-28T09:59:25Z</time>
        <hdop>2.6</hdop>
      </trkpt>
      <trkpt lat="55.6315367" lon="27.4816617">
        <ele>141.6</ele>
        <time>2023-01-28T09:59:30Z</time>
        <hdop>2.4</hdop>
      </trkpt>
      <trkpt lat="55.6315017" lon="27.4816033">
        <ele>141.8</ele>
        <time>2023-01-28T10:00:53Z</time>
        <hdop>2</hdop>
        <extensions>
          <speed>0.248</speed>
        </extensions>
      </trkpt>
      <trkpt lat="55.631535" lon="27.4816833">
        <ele>141.2</ele>
        <time>2023-01-28T10:03:01Z</time>
        <hdop>2.2</hdop>
      </trkpt>
      <trkpt lat="55.6315683" lon="27.4817533">
        <ele>141.6</ele>
        <time>2023-01-28T10:03:18Z</time>
        <hdop>2.3</hdop>
      </trkpt>
      <trkpt lat="55.6315583" lon="27.4817017">
        <ele>141.8</ele>
        <time>2023-01-28T10:03:33Z</time>
        <hdop>2.3</hdop>
      </trkpt>
      <trkpt lat="55.6315467" lon="27.4816333">
        <ele>142.2</ele>
        <time>2023-01-28T10:03:53Z</time>
        <hdop>2.3</hdop>
      </trkpt>
      <trkpt lat="55.6315683" lon="27.481595">
        <ele>141.8</ele>
        <time>2023-01-28T10:03:59Z</time>
        <hdop>2.4</hdop>
      </trkpt>
      <trkpt lat="55.63156" lon="27.4816267">
        <ele>141.5</ele>
        <time>2023-01-28T10:04:06Z</time>
        <hdop>2.3</hdop>
      </trkpt>
      <trkpt lat="55.6315117" lon="27.4816467">
        <ele>139.8</ele>
        <time>2023-01-28T10:05:19Z</time>
        <hdop>2</hdop>
        <extensions>
          <speed>0.248</speed>
        </extensions>
      </trkpt>
      <trkpt lat="55.6315717" lon="27.4816583">
        <ele>137.9</ele>
        <time>2023-01-28T10:06:02Z</time>
        <hdop>1.6</hdop>
        <extensions>
          <speed>0.237</speed>
        </extensions>
      </trkpt>
      <trkpt lat="55.63149" lon="27.48174">
        <ele>138.4</ele>
        <time>2023-01-28T10:06:29Z</time>
        <hdop>2.1</hdop>
        <extensions>
          <speed>0.279</speed>
        </extensions>
      </trkpt>
      <trkpt lat="55.6315017" lon="27.4817667">
        <ele>139.9</ele>
        <time>2023-01-28T10:06:47Z</time>
        <hdop>1.9</hdop>
      </trkpt>
      <trkpt lat="55.6315167" lon="27.4817883">
        <ele>139.9</ele>
        <time>2023-01-28T10:06:52Z</time>
        <hdop>2</hdop>
      </trkpt>
      <trkpt lat="55.6315583" lon="27.4817933">
        <ele>140.2</ele>
        <time>2023-01-28T10:07:02Z</time>
        <hdop>2</hdop>
      </trkpt>
      <trkpt lat="55.6316033" lon="27.4818467">
        <ele>140.1</ele>
        <time>2023-01-28T10:07:08Z</time>
        <hdop>2.1</hdop>
        <extensions>
          <speed>0.569</speed>
        </extensions>
      </trkpt>
      <trkpt lat="55.631655" lon="27.4819183">
        <ele>140.3</ele>
        <time>2023-01-28T10:07:14Z</time>
        <hdop>2</hdop>
      </trkpt>
      <trkpt lat="55.6316833" lon="27.482">
        <ele>140.8</ele>
        <time>2023-01-28T10:07:20Z</time>
        <hdop>2</hdop>
        <extensions>
          <speed>0.796</speed>
        </extensions>
      </trkpt>
      <trkpt lat="55.6316483" lon="27.4820517">
        <ele>141</ele>
        <time>2023-01-28T10:07:26Z</time>
        <hdop>2</hdop>
        <extensions>
          <speed>0.539</speed>
        </extensions>
      </trkpt>
      <trkpt lat="55.631645" lon="27.4821233">
        <ele>141.3</ele>
        <time>2023-01-28T10:07:32Z</time>
        <hdop>2</hdop>
        <extensions>
          <speed>0.417</speed>
        </extensions>
      </trkpt>
      <trkpt lat="55.6316233" lon="27.4821717">
        <ele>141.6</ele>
        <time>2023-01-28T10:07:38Z</time>
        <hdop>2.1</hdop>
        <extensions>
          <speed>0.451</speed>
        </extensions>
      </trkpt>
      <trkpt lat="55.6315983" lon="27.4822367">
        <ele>141.9</ele>
        <time>2023-01-28T10:07:44Z</time>
        <hdop>1.9</hdop>
      </trkpt>
      <trkpt lat="55.6315883" lon="27.4822917">
        <ele>142.3</ele>
        <time>2023-01-28T10:07:51Z</time>
        <hdop>2</hdop>
        <extensions>
          <speed>0.399</speed>
        </extensions>
      </trkpt>
      <trkpt lat="55.6315783" lon="27.48234">
        <ele>141.2</ele>
        <time>2023-01-28T10:07:57Z</time>
        <hdop>1.9</hdop>
        <extensions>
          <speed>0.508</speed>
        </extensions>
      </trkpt>
      <trkpt lat="55.6315917" lon="27.4823617">
        <ele>141.6</ele>
        <time>2023-01-28T10:08:02Z</time>
        <hdop>1.9</hdop>
        <extensions>
          <speed>0.47</speed>
        </extensions>
      </trkpt>
      <trkpt lat="55.6316083" lon="27.482415">
        <ele>141.8</ele>
        <time>2023-01-28T10:08:08Z</time>
        <hdop>2</hdop>
        <extensions>
          <speed>0.479</speed>
        </extensions>
      </trkpt>
      <trkpt lat="55.6316233" lon="27.48249">
        <ele>141.6</ele>
        <time>2023-01-28T10:08:14Z</time>
        <hdop>2.2</hdop>
        <extensions>
          <speed>0.474</speed>
        </extensions>
      </trkpt>
      <trkpt lat="55.6316217" lon="27.4825367">
        <ele>142</ele>
        <time>2023-01-28T10:08:20Z</time>
        <hdop>2.3</hdop>
        <extensions>
          <speed>0.407</speed>
        </extensions>
      </trkpt>
      <trkpt lat="55.6315683" lon="27.4826183">
        <ele>141.6</ele>
        <time>2023-01-28T10:08:26Z</time>
        <hdop>2</hdop>
        <extensions>
          <speed>0.439</speed>
        </extensions>
      </trkpt>
      <trkpt lat="55.6315383" lon="27.4827067">
        <ele>141.9</ele>
        <time>2023-01-28T10:08:32Z</time>
        <hdop>2</hdop>
        <extensions>
          <speed>0.623</speed>
        </extensions>
      </trkpt>
      <trkpt lat="55.6315217" lon="27.4828">
        <ele>141.9</ele>
        <time>2023-01-28T10:08:38Z</time>
        <hdop>1.9</hdop>
        <extensions>
          <speed>0.548</speed>
        </extensions>
      </trkpt>
      <trkpt lat="55.6314917" lon="27.482875">
        <ele>143</ele>
        <time>2023-01-28T10:08:44Z</time>
        <hdop>2</hdop>
        <extensions>
          <speed>0.514</speed>
        </extensions>
      </trkpt>
      <trkpt lat="55.6314433" lon="27.48292">
        <ele>143.2</ele>
        <time>2023-01-28T10:08:50Z</time>
        <hdop>1.9</hdop>
        <extensions>
          <speed>0.546</speed>
        </extensions>
      </trkpt>
      <trkpt lat="55.63144" lon="27.48297">
        <ele>143.8</ele>
        <time>2023-01-28T10:08:56Z</time>
        <hdop>2.1</hdop>
        <extensions>
          <speed>0.666</speed>
        </extensions>
      </trkpt>
      <trkpt lat="55.6314333" lon="27.4830483">
        <ele>143.7</ele>
        <time>2023-01-28T10:09:02Z</time>
        <hdop>2</hdop>
        <extensions>
          <speed>0.592</speed>
        </extensions>
      </trkpt>
      <trkpt lat="55.6314333" lon="27.4831133">
        <ele>144.5</ele>
        <time>2023-01-28T10:09:07Z</time>
        <hdop>2</hdop>
        <extensions>
          <speed>0.662</speed>
        </extensions>
      </trkpt>
      <trkpt lat="55.6313983" lon="27.4831433">
        <ele>146</ele>
        <time>2023-01-28T10:09:33Z</time>
        <hdop>1.8</hdop>
        <extensions>
          <speed>0.437</speed>
        </extensions>
      </trkpt>
      <trkpt lat="55.6313633" lon="27.4831617">
        <ele>146.1</ele>
        <time>2023-01-28T10:09:38Z</time>
        <hdop>1.9</hdop>
        <extensions>
          <speed>0.453</speed>
        </extensions>
      </trkpt>
      <trkpt lat="55.6313417" lon="27.4831917">
        <ele>146</ele>
        <time>2023-01-28T10:09:43Z</time>
        <hdop>2</hdop>
        <extensions>
          <speed>0.512</speed>
        </extensions>
      </trkpt>
      <trkpt lat="55.6313067" lon="27.4832333">
        <ele>145.8</ele>
        <time>2023-01-28T10:09:49Z</time>
        <hdop>1.9</hdop>
        <extensions>
          <speed>0.655</speed>
        </extensions>
      </trkpt>
      <trkpt lat="55.631275" lon="27.4832783">
        <ele>145.8</ele>
        <time>2023-01-28T10:09:54Z</time>
        <hdop>2</hdop>
        <extensions>
          <speed>0.606</speed>
        </extensions>
      </trkpt>
      <trkpt lat="55.6312433" lon="27.48333">
        <ele>146.4</ele>
        <time>2023-01-28T10:09:59Z</time>
        <hdop>2</hdop>
        <extensions>
          <speed>0.597</speed>
        </extensions>
      </trkpt>
      <trkpt lat="55.631235" lon="27.4834167">
        <ele>145.1</ele>
        <time>2023-01-28T10:10:05Z</time>
        <hdop>2.1</hdop>
        <extensions>
          <speed>0.614</speed>
        </extensions>
      </trkpt>
      <trkpt lat="55.6312117" lon="27.483475">
        <ele>144.9</ele>
        <time>2023-01-28T10:10:10Z</time>
        <hdop>2.3</hdop>
      </trkpt>
      <trkpt lat="55.6311933" lon="27.483595">
        <ele>144.4</ele>
        <time>2023-01-28T10:10:15Z</time>
        <hdop>2.2</hdop>
        <extensions>
          <speed>0.626</speed>
        </extensions>
      </trkpt>
      <trkpt lat="55.6312067" lon="27.48372">
        <ele>144.3</ele>
        <time>2023-01-28T10:10:20Z</time>
        <hdop>2.1</hdop>
        <extensions>
          <speed>0.943</speed>
        </extensions>
      </trkpt>
      <trkpt lat="55.631235" lon="27.4838033">
        <ele>142.9</ele>
        <time>2023-01-28T10:10:26Z</time>
        <hdop>2.2</hdop>
        <extensions>
          <speed>1.007</speed>
        </extensions>
      </trkpt>
      <trkpt lat="55.6312217" lon="27.4839117">
        <ele>141.7</ele>
        <time>2023-01-28T10:10:32Z</time>
        <hdop>2.1</hdop>
        <extensions>
          <speed>0.595</speed>
        </extensions>
      </trkpt>
      <trkpt lat="55.6312167" lon="27.4840467">
        <ele>141.4</ele>
        <time>2023-01-28T10:10:38Z</time>
        <hdop>1.9</hdop>
        <extensions>
          <speed>0.55</speed>
        </extensions>
      </trkpt>
      <trkpt lat="55.631195" lon="27.4841083">
        <ele>141.7</ele>
        <time>2023-01-28T10:10:44Z</time>
        <hdop>2</hdop>
        <extensions>
          <speed>0.761</speed>
        </extensions>
      </trkpt>
      <trkpt lat="55.63118" lon="27.4841683">
        <ele>142.1</ele>
        <time>2023-01-28T10:10:49Z</time>
        <hdop>2.2</hdop>
      </trkpt>
      <trkpt lat="55.63118" lon="27.484265">
        <ele>141.5</ele>
        <time>2023-01-28T10:10:55Z</time>
        <hdop>2.1</hdop>
        <extensions>
          <speed>0.781</speed>
        </extensions>
      </trkpt>
      <trkpt lat="55.631175" lon="27.4843383">
        <ele>141.8</ele>
        <time>2023-01-28T10:11:01Z</time>
        <hdop>2.2</hdop>
      </trkpt>
      <trkpt lat="55.6311633" lon="27.4844433">
        <ele>141.4</ele>
        <time>2023-01-28T10:11:06Z</time>
        <hdop>2.3</hdop>
        <extensions>
          <speed>0.612</speed>
        </extensions>
      </trkpt>
      <trkpt lat="55.63114" lon="27.4845083">
        <ele>142.4</ele>
        <time>2023-01-28T10:11:11Z</time>
        <hdop>2.3</hdop>
        <extensions>
          <speed>0.602</speed>
        </extensions>
      </trkpt>
      <trkpt lat="55.6311283" lon="27.4845617">
        <ele>143.4</ele>
        <time>2023-01-28T10:11:16Z</time>
        <hdop>2.2</hdop>
        <extensions>
          <speed>0.534</speed>
        </extensions>
      </trkpt>
      <trkpt lat="55.6311133" lon="27.4846333">
        <ele>143.8</ele>
        <time>2023-01-28T10:11:22Z</time>
        <hdop>2.1</hdop>
        <extensions>
          <speed>0.436</speed>
        </extensions>
      </trkpt>
      <trkpt lat="55.6311067" lon="27.4847133">
        <ele>144.5</ele>
        <time>2023-01-28T10:11:27Z</time>
        <hdop>2.3</hdop>
      </trkpt>
      <trkpt lat="55.6311017" lon="27.4847683">
        <ele>144.3</ele>
        <time>2023-01-28T10:11:32Z</time>
        <hdop>2.2</hdop>
        <extensions>
          <speed>0.455</speed>
        </extensions>
      </trkpt>
      <trkpt lat="55.63114" lon="27.4848417">
        <ele>143.3</ele>
        <time>2023-01-28T10:11:38Z</time>
        <hdop>2.2</hdop>
        <extensions>
          <speed>0.486</speed>
        </extensions>
      </trkpt>
      <trkpt lat="55.631155" lon="27.484905">
        <ele>143.2</ele>
        <time>2023-01-28T10:11:44Z</time>
        <hdop>2.2</hdop>
        <extensions>
          <speed>0.491</speed>
        </extensions>
      </trkpt>
      <trkpt lat="55.6311433" lon="27.4850333">
        <ele>144.1</ele>
        <time>2023-01-28T10:11:50Z</time>
        <hdop>2.1</hdop>
        <extensions>
          <speed>0.474</speed>
        </extensions>
      </trkpt>
      <trkpt lat="55.6311233" lon="27.4850467">
        <ele>144.7</ele>
        <time>2023-01-28T10:11:56Z</time>
        <hdop>2.2</hdop>
        <extensions>
          <speed>0.478</speed>
        </extensions>
      </trkpt>
      <trkpt lat="55.631115" lon="27.48514">
        <ele>145.3</ele>
        <time>2023-01-28T10:12:01Z</time>
        <hdop>2</hdop>
        <extensions>
          <speed>0.426</speed>
        </extensions>
      </trkpt>
      <trkpt lat="55.631165" lon="27.4851883">
        <ele>145.9</ele>
        <time>2023-01-28T10:12:07Z</time>
        <hdop>1.9</hdop>
        <extensions>
          <speed>0.631</speed>
        </extensions>
      </trkpt>
      <trkpt lat="55.63119" lon="27.4852233">
        <ele>145.7</ele>
        <time>2023-01-28T10:12:12Z</time>
        <hdop>2</hdop>
        <extensions>
          <speed>0.659</speed>
        </extensions>
      </trkpt>
      <trkpt lat="55.6312" lon="27.48529">
        <ele>145.4</ele>
        <time>2023-01-28T10:12:18Z</time>
        <hdop>1.6</hdop>
        <extensions>
          <speed>0.628</speed>
        </extensions>
      </trkpt>
      <trkpt lat="55.6312067" lon="27.4853683">
        <ele>145.2</ele>
        <time>2023-01-28T10:12:24Z</time>
        <hdop>1.9</hdop>
        <extensions>
          <speed>0.486</speed>
        </extensions>
      </trkpt>
      <trkpt lat="55.6311867" lon="27.4854167">
        <ele>145</ele>
        <time>2023-01-28T10:12:30Z</time>
        <hdop>2</hdop>
      </trkpt>
      <trkpt lat="55.6311717" lon="27.4854633">
        <ele>145.4</ele>
        <time>2023-01-28T10:12:35Z</time>
        <hdop>2</hdop>
      </trkpt>
      <trkpt lat="55.6311517" lon="27.485505">
        <ele>145</ele>
        <time>2023-01-28T10:12:40Z</time>
        <hdop>2.1</hdop>
        <extensions>
          <speed>0.431</speed>
        </extensions>
      </trkpt>
      <trkpt lat="55.6311183" lon="27.4855517">
        <ele>145.4</ele>
        <time>2023-01-28T10:12:46Z</time>
        <hdop>2.1</hdop>
        <extensions>
          <speed>0.524</speed>
        </extensions>
      </trkpt>
      <trkpt lat="55.631075" lon="27.4856233">
        <ele>143.2</ele>
        <time>2023-01-28T10:12:52Z</time>
        <hdop>2</hdop>
        <extensions>
          <speed>0.59</speed>
        </extensions>
      </trkpt>
      <trkpt lat="55.6310567" lon="27.4856567">
        <ele>143.1</ele>
        <time>2023-01-28T10:12:57Z</time>
        <hdop>1.8</hdop>
        <extensions>
          <speed>0.416</speed>
        </extensions>
      </trkpt>
      <trkpt lat="55.6310417" lon="27.4856933">
        <ele>144.1</ele>
        <time>2023-01-28T10:13:04Z</time>
        <hdop>1.8</hdop>
      </trkpt>
      <trkpt lat="55.631055" lon="27.48576">
        <ele>144.8</ele>
        <time>2023-01-28T10:13:09Z</time>
        <hdop>1.8</hdop>
        <extensions>
          <speed>0.444</speed>
        </extensions>
      </trkpt>
      <trkpt lat="55.6310933" lon="27.485825">
        <ele>145.3</ele>
        <time>2023-01-28T10:13:14Z</time>
        <hdop>1.8</hdop>
        <extensions>
          <speed>0.645</speed>
        </extensions>
      </trkpt>
      <trkpt lat="55.6311083" lon="27.485895">
        <ele>146.5</ele>
        <time>2023-01-28T10:13:20Z</time>
        <hdop>1.8</hdop>
        <extensions>
          <speed>0.726</speed>
        </extensions>
      </trkpt>
      <trkpt lat="55.6311467" lon="27.4859583">
        <ele>147.3</ele>
        <time>2023-01-28T10:13:26Z</time>
        <hdop>1.9</hdop>
        <extensions>
          <speed>0.665</speed>
        </extensions>
      </trkpt>
      <trkpt lat="55.6311733" lon="27.4860483">
        <ele>148.1</ele>
        <time>2023-01-28T10:13:32Z</time>
        <hdop>1.8</hdop>
        <extensions>
          <speed>0.73</speed>
        </extensions>
      </trkpt>
      <trkpt lat="55.6311533" lon="27.4861017">
        <ele>148.3</ele>
        <time>2023-01-28T10:13:37Z</time>
        <hdop>1.8</hdop>
        <extensions>
          <speed>0.74</speed>
        </extensions>
      </trkpt>
      <trkpt lat="55.6311417" lon="27.4861533">
        <ele>148.9</ele>
        <time>2023-01-28T10:13:43Z</time>
        <hdop>1.7</hdop>
        <extensions>
          <speed>0.416</speed>
        </extensions>
      </trkpt>
      <trkpt lat="55.6311433" lon="27.48627">
        <ele>149.5</ele>
        <time>2023-01-28T10:13:48Z</time>
        <hdop>1.7</hdop>
        <extensions>
          <speed>0.491</speed>
        </extensions>
      </trkpt>
      <trkpt lat="55.6311317" lon="27.4863167">
        <ele>149.6</ele>
        <time>2023-01-28T10:13:53Z</time>
        <hdop>1.7</hdop>
        <extensions>
          <speed>0.663</speed>
        </extensions>
      </trkpt>
      <trkpt lat="55.6311333" lon="27.4863767">
        <ele>149.5</ele>
        <time>2023-01-28T10:13:59Z</time>
        <hdop>1.8</hdop>
        <extensions>
          <speed>0.631</speed>
        </extensions>
      </trkpt>
      <trkpt lat="55.63112" lon="27.4864">
        <ele>149.7</ele>
        <time>2023-01-28T10:14:05Z</time>
        <hdop>2</hdop>
        <extensions>
          <speed>0.503</speed>
        </extensions>
      </trkpt>
      <trkpt lat="55.6311033" lon="27.486415">
        <ele>149.2</ele>
        <time>2023-01-28T10:14:13Z</time>
        <hdop>1.9</hdop>
      </trkpt>
      <trkpt lat="55.6311033" lon="27.4865867">
        <ele>147.2</ele>
        <time>2023-01-28T10:15:11Z</time>
        <hdop>1.7</hdop>
        <extensions>
          <speed>0.321</speed>
        </extensions>
      </trkpt>
      <trkpt lat="55.6310817" lon="27.48662">
        <ele>146.1</ele>
        <time>2023-01-28T10:15:32Z</time>
        <hdop>1.7</hdop>
        <extensions>
          <speed>0.246</speed>
        </extensions>
      </trkpt>
      <trkpt lat="55.6310383" lon="27.486675">
        <ele>144.8</ele>
        <time>2023-01-28T10:15:42Z</time>
        <hdop>1.7</hdop>
        <extensions>
          <speed>0.387</speed>
        </extensions>
      </trkpt>
      <trkpt lat="55.631015" lon="27.4866883">
        <ele>144.3</ele>
        <time>2023-01-28T10:15:48Z</time>
        <hdop>1.8</hdop>
        <extensions>
          <speed>0.423</speed>
        </extensions>
      </trkpt>
      <trkpt lat="55.63103" lon="27.4867917">
        <ele>144.7</ele>
        <time>2023-01-28T10:16:12Z</time>
        <hdop>1.8</hdop>
        <extensions>
          <speed>0.356</speed>
        </extensions>
      </trkpt>
      <trkpt lat="55.631035" lon="27.4868433">
        <ele>145.6</ele>
        <time>2023-01-28T10:16:18Z</time>
        <hdop>1.7</hdop>
        <extensions>
          <speed>0.441</speed>
        </extensions>
      </trkpt>
      <trkpt lat="55.6310183" lon="27.4869133">
        <ele>146.1</ele>
        <time>2023-01-28T10:16:24Z</time>
        <hdop>1.7</hdop>
        <extensions>
          <speed>0.408</speed>
        </extensions>
      </trkpt>
      <trkpt lat="55.6309833" lon="27.4869717">
        <ele>146.9</ele>
        <time>2023-01-28T10:16:30Z</time>
        <hdop>1.6</hdop>
        <extensions>
          <speed>0.406</speed>
        </extensions>
      </trkpt>
      <trkpt lat="55.6309633" lon="27.48703">
        <ele>147.4</ele>
        <time>2023-01-28T10:16:36Z</time>
        <hdop>1.7</hdop>
        <extensions>
          <speed>0.406</speed>
        </extensions>
      </trkpt>
      <trkpt lat="55.6309417" lon="27.4870967">
        <ele>148.7</ele>
        <time>2023-01-28T10:16:42Z</time>
        <hdop>1.8</hdop>
        <extensions>
          <speed>0.497</speed>
        </extensions>
      </trkpt>
      <trkpt lat="55.63094" lon="27.4871417">
        <ele>149.4</ele>
        <time>2023-01-28T10:16:47Z</time>
        <hdop>1.7</hdop>
        <extensions>
          <speed>0.531</speed>
        </extensions>
      </trkpt>
      <trkpt lat="55.6309467" lon="27.4872133">
        <ele>149.9</ele>
        <time>2023-01-28T10:16:53Z</time>
        <hdop>1.7</hdop>
        <extensions>
          <speed>0.587</speed>
        </extensions>
      </trkpt>
      <trkpt lat="55.6309483" lon="27.4872467">
        <ele>150</ele>
        <time>2023-01-28T10:16:58Z</time>
        <hdop>1.8</hdop>
        <extensions>
          <speed>0.584</speed>
        </extensions>
      </trkpt>
      <trkpt lat="55.6309533" lon="27.4872783">
        <ele>149.5</ele>
        <time>2023-01-28T10:17:03Z</time>
        <hdop>1.9</hdop>
        <extensions>
          <speed>0.5</speed>
        </extensions>
      </trkpt>
      <trkpt lat="55.6309483" lon="27.4873233">
        <ele>148.7</ele>
        <time>2023-01-28T10:17:08Z</time>
        <hdop>1.8</hdop>
        <extensions>
          <speed>0.495</speed>
        </extensions>
      </trkpt>
      <trkpt lat="55.6309567" lon="27.4874083">
        <ele>147.9</ele>
        <time>2023-01-28T10:17:14Z</time>
        <hdop>1.8</hdop>
        <extensions>
          <speed>0.709</speed>
        </extensions>
      </trkpt>
      <trkpt lat="55.6309433" lon="27.4874483">
        <ele>147.6</ele>
        <time>2023-01-28T10:17:20Z</time>
        <hdop>1.5</hdop>
        <extensions>
          <speed>0.662</speed>
        </extensions>
      </trkpt>
      <trkpt lat="55.6309183" lon="27.4874783">
        <ele>147.3</ele>
        <time>2023-01-28T10:17:26Z</time>
        <hdop>1.8</hdop>
        <extensions>
          <speed>0.554</speed>
        </extensions>
      </trkpt>
      <trkpt lat="55.63087" lon="27.4874833">
        <ele>146.1</ele>
        <time>2023-01-28T10:17:32Z</time>
        <hdop>1.7</hdop>
        <extensions>
          <speed>0.61</speed>
        </extensions>
      </trkpt>
      <trkpt lat="55.630845" lon="27.4874967">
        <ele>145.3</ele>
        <time>2023-01-28T10:17:38Z</time>
        <hdop>1.7</hdop>
        <extensions>
          <speed>0.569</speed>
        </extensions>
      </trkpt>
      <trkpt lat="55.63082" lon="27.4875117">
        <ele>144.6</ele>
        <time>2023-01-28T10:17:44Z</time>
        <hdop>1.7</hdop>
      </trkpt>
      <trkpt lat="55.6307733" lon="27.4875483">
        <ele>144.5</ele>
        <time>2023-01-28T10:17:50Z</time>
        <hdop>1.7</hdop>
        <extensions>
          <speed>0.63</speed>
        </extensions>
      </trkpt>
      <trkpt lat="55.6307567" lon="27.487625">
        <ele>144.5</ele>
        <time>2023-01-28T10:17:56Z</time>
        <hdop>1.6</hdop>
        <extensions>
          <speed>0.514</speed>
        </extensions>
      </trkpt>
      <trkpt lat="55.6307517" lon="27.4876767">
        <ele>144.9</ele>
        <time>2023-01-28T10:18:03Z</time>
        <hdop>1.7</hdop>
        <extensions>
          <speed>0.425</speed>
        </extensions>
      </trkpt>
      <trkpt lat="55.6307433" lon="27.4877083">
        <ele>145.9</ele>
        <time>2023-01-28T10:18:12Z</time>
        <hdop>1.7</hdop>
        <extensions>
          <speed>0.341</speed>
        </extensions>
      </trkpt>
      <trkpt lat="55.63073" lon="27.48773">
        <ele>145.7</ele>
        <time>2023-01-28T10:18:17Z</time>
        <hdop>1.7</hdop>
      </trkpt>
      <trkpt lat="55.6307433" lon="27.487755">
        <ele>145.8</ele>
        <time>2023-01-28T10:18:40Z</time>
        <hdop>1.2</hdop>
        <extensions>
          <speed>0.278</speed>
        </extensions>
      </trkpt>
      <trkpt lat="55.6307283" lon="27.4877733">
        <ele>147.3</ele>
        <time>2023-01-28T10:18:45Z</time>
        <hdop>1.6</hdop>
        <extensions>
          <speed>0.499</speed>
        </extensions>
      </trkpt>
      <trkpt lat="55.630705" lon="27.487765">
        <ele>148.6</ele>
        <time>2023-01-28T10:18:58Z</time>
        <hdop>1.7</hdop>
      </trkpt>
      <trkpt lat="55.6306783" lon="27.4877533">
        <ele>148.6</ele>
        <time>2023-01-28T10:19:03Z</time>
        <hdop>1.8</hdop>
        <extensions>
          <speed>0.447</speed>
        </extensions>
      </trkpt>
      <trkpt lat="55.630655" lon="27.4877783">
        <ele>148.7</ele>
        <time>2023-01-28T10:19:08Z</time>
        <hdop>1.8</hdop>
        <extensions>
          <speed>0.494</speed>
        </extensions>
      </trkpt>
      <trkpt lat="55.6306433" lon="27.4878133">
        <ele>148.6</ele>
        <time>2023-01-28T10:19:14Z</time>
        <hdop>1.6</hdop>
        <extensions>
          <speed>0.428</speed>
        </extensions>
      </trkpt>
      <trkpt lat="55.6306233" lon="27.4878183">
        <ele>148.7</ele>
        <time>2023-01-28T10:19:20Z</time>
        <hdop>1.8</hdop>
        <extensions>
          <speed>0.411</speed>
        </extensions>
      </trkpt>
      <trkpt lat="55.6305767" lon="27.487825">
        <ele>148.4</ele>
        <time>2023-01-28T10:19:26Z</time>
        <hdop>1.9</hdop>
        <extensions>
          <speed>0.445</speed>
        </extensions>
      </trkpt>
      <trkpt lat="55.6305467" lon="27.4878567">
        <ele>148.5</ele>
        <time>2023-01-28T10:19:32Z</time>
        <hdop>1.9</hdop>
        <extensions>
          <speed>0.561</speed>
        </extensions>
      </trkpt>
      <trkpt lat="55.6305167" lon="27.487875">
        <ele>148.2</ele>
        <time>2023-01-28T10:19:38Z</time>
        <hdop>1.9</hdop>
        <extensions>
          <speed>0.54</speed>
        </extensions>
      </trkpt>
      <trkpt lat="55.6305017" lon="27.48791">
        <ele>148</ele>
        <time>2023-01-28T10:19:44Z</time>
        <hdop>1.9</hdop>
        <extensions>
          <speed>0.447</speed>
        </extensions>
      </trkpt>
      <trkpt lat="55.6304917" lon="27.4879417">
        <ele>148.3</ele>
        <time>2023-01-28T10:19:52Z</time>
        <hdop>1.8</hdop>
      </trkpt>
      <trkpt lat="55.630465" lon="27.48797">
        <ele>148.2</ele>
        <time>2023-01-28T10:19:59Z</time>
        <hdop>1.6</hdop>
        <extensions>
          <speed>0.408</speed>
        </extensions>
      </trkpt>
      <trkpt lat="55.6304233" lon="27.48799">
        <ele>148.1</ele>
        <time>2023-01-28T10:20:04Z</time>
        <hdop>1.7</hdop>
        <extensions>
          <speed>0.605</speed>
        </extensions>
      </trkpt>
      <trkpt lat="55.6304183" lon="27.4880333">
        <ele>148.6</ele>
        <time>2023-01-28T10:20:10Z</time>
        <hdop>1.7</hdop>
        <extensions>
          <speed>0.646</speed>
        </extensions>
      </trkpt>
      <trkpt lat="55.630405" lon="27.4880733">
        <ele>148</ele>
        <time>2023-01-28T10:20:15Z</time>
        <hdop>1.6</hdop>
      </trkpt>
      <trkpt lat="55.63041" lon="27.4881117">
        <ele>147.4</ele>
        <time>2023-01-28T10:20:22Z</time>
        <hdop>1.5</hdop>
        <extensions>
          <speed>0.336</speed>
        </extensions>
      </trkpt>
      <trkpt lat="55.6304067" lon="27.4881883">
        <ele>146.8</ele>
        <time>2023-01-28T10:20:27Z</time>
        <hdop>1.6</hdop>
        <extensions>
          <speed>0.583</speed>
        </extensions>
      </trkpt>
      <trkpt lat="55.630365" lon="27.4882283">
        <ele>146.1</ele>
        <time>2023-01-28T10:20:32Z</time>
        <hdop>1.6</hdop>
        <extensions>
          <speed>0.735</speed>
        </extensions>
      </trkpt>
      <trkpt lat="55.63033" lon="27.48826">
        <ele>145.2</ele>
        <time>2023-01-28T10:20:38Z</time>
        <hdop>1.5</hdop>
        <extensions>
          <speed>0.698</speed>
        </extensions>
      </trkpt>
      <trkpt lat="55.630315" lon="27.4883067">
        <ele>144.7</ele>
        <time>2023-01-28T10:20:50Z</time>
        <hdop>1.6</hdop>
        <extensions>
          <speed>0.296</speed>
        </extensions>
      </trkpt>
      <trkpt lat="55.6302833" lon="27.4883217">
        <ele>144.4</ele>
        <time>2023-01-28T10:20:56Z</time>
        <hdop>1.7</hdop>
        <extensions>
          <speed>0.475</speed>
        </extensions>
      </trkpt>
      <trkpt lat="55.6302367" lon="27.4883333">
        <ele>144.2</ele>
        <time>2023-01-28T10:21:02Z</time>
        <hdop>1.8</hdop>
        <extensions>
          <speed>0.531</speed>
        </extensions>
      </trkpt>
      <trkpt lat="55.6302133" lon="27.4883283">
        <ele>144</ele>
        <time>2023-01-28T10:21:08Z</time>
        <hdop>1.8</hdop>
      </trkpt>
      <trkpt lat="55.6301883" lon="27.48834">
        <ele>144.6</ele>
        <time>2023-01-28T10:21:59Z</time>
        <hdop>1.9</hdop>
        <extensions>
          <speed>0.339</speed>
        </extensions>
      </trkpt>
      <trkpt lat="55.6301667" lon="27.4883517">
        <ele>142.9</ele>
        <time>2023-01-28T10:22:40Z</time>
        <hdop>1.6</hdop>
        <extensions>
          <speed>0.441</speed>
        </extensions>
      </trkpt>
      <trkpt lat="55.6301517" lon="27.4883917">
        <ele>142.3</ele>
        <time>2023-01-28T10:22:45Z</time>
        <hdop>1.6</hdop>
        <extensions>
          <speed>0.498</speed>
        </extensions>
      </trkpt>
      <trkpt lat="55.63012" lon="27.4884267">
        <ele>141.8</ele>
        <time>2023-01-28T10:22:50Z</time>
        <hdop>1.6</hdop>
        <extensions>
          <speed>0.518</speed>
        </extensions>
      </trkpt>
      <trkpt lat="55.630085" lon="27.488455">
        <ele>141.2</ele>
        <time>2023-01-28T10:22:56Z</time>
        <hdop>1.7</hdop>
        <extensions>
          <speed>0.531</speed>
        </extensions>
      </trkpt>
      <trkpt lat="55.6300517" lon="27.4884667">
        <ele>140.5</ele>
        <time>2023-01-28T10:23:02Z</time>
        <hdop>1.6</hdop>
        <extensions>
          <speed>0.491</speed>
        </extensions>
      </trkpt>
      <trkpt lat="55.630015" lon="27.4884783">
        <ele>139.9</ele>
        <time>2023-01-28T10:23:08Z</time>
        <hdop>1.6</hdop>
        <extensions>
          <speed>0.564</speed>
        </extensions>
      </trkpt>
      <trkpt lat="55.6299967" lon="27.4884983">
        <ele>139.5</ele>
        <time>2023-01-28T10:23:14Z</time>
        <hdop>1.5</hdop>
        <extensions>
          <speed>0.483</speed>
        </extensions>
      </trkpt>
      <trkpt lat="55.6299767" lon="27.4884933">
        <ele>139.7</ele>
        <time>2023-01-28T10:23:20Z</time>
        <hdop>1.7</hdop>
      </trkpt>
      <trkpt lat="55.6299167" lon="27.4884783">
        <ele>139.6</ele>
        <time>2023-01-28T10:23:26Z</time>
        <hdop>1.7</hdop>
        <extensions>
          <speed>0.589</speed>
        </extensions>
      </trkpt>
      <trkpt lat="55.6298567" lon="27.4884883">
        <ele>139.3</ele>
        <time>2023-01-28T10:23:32Z</time>
        <hdop>1.6</hdop>
        <extensions>
          <speed>0.843</speed>
        </extensions>
      </trkpt>
      <trkpt lat="55.6298517" lon="27.4885233">
        <ele>139</ele>
        <time>2023-01-28T10:23:42Z</time>
        <hdop>1.2</hdop>
      </trkpt>
      <trkpt lat="55.629825" lon="27.4885667">
        <ele>138.5</ele>
        <time>2023-01-28T10:23:47Z</time>
        <hdop>1.5</hdop>
        <extensions>
          <speed>0.366</speed>
        </extensions>
      </trkpt>
      <trkpt lat="55.6297883" lon="27.4886133">
        <ele>137.9</ele>
        <time>2023-01-28T10:23:53Z</time>
        <hdop>1.7</hdop>
        <extensions>
          <speed>0.61</speed>
        </extensions>
      </trkpt>
      <trkpt lat="55.6297767" lon="27.4886567">
        <ele>137.5</ele>
        <time>2023-01-28T10:23:58Z</time>
        <hdop>1.7</hdop>
        <extensions>
          <speed>0.578</speed>
        </extensions>
      </trkpt>
      <trkpt lat="55.62976" lon="27.488705">
        <ele>137.3</ele>
        <time>2023-01-28T10:24:03Z</time>
        <hdop>1.7</hdop>
        <extensions>
          <speed>0.582</speed>
        </extensions>
      </trkpt>
      <trkpt lat="55.6297483" lon="27.4887467">
        <ele>137.2</ele>
        <time>2023-01-28T10:24:08Z</time>
        <hdop>1.7</hdop>
        <extensions>
          <speed>0.572</speed>
        </extensions>
      </trkpt>
      <trkpt lat="55.6297367" lon="27.488815">
        <ele>137.1</ele>
        <time>2023-01-28T10:24:14Z</time>
        <hdop>1.7</hdop>
        <extensions>
          <speed>0.567</speed>
        </extensions>
      </trkpt>
      <trkpt lat="55.62972" lon="27.48887">
        <ele>136.8</ele>
        <time>2023-01-28T10:24:20Z</time>
        <hdop>1.7</hdop>
        <extensions>
          <speed>0.5</speed>
        </extensions>
      </trkpt>
      <trkpt lat="55.6297083" lon="27.4889517">
        <ele>136.7</ele>
        <time>2023-01-28T10:24:26Z</time>
        <hdop>1.7</hdop>
        <extensions>
          <speed>0.529</speed>
        </extensions>
      </trkpt>
      <trkpt lat="55.62969" lon="27.4890017">
        <ele>136.7</ele>
        <time>2023-01-28T10:24:32Z</time>
        <hdop>1.8</hdop>
        <extensions>
          <speed>0.592</speed>
        </extensions>
      </trkpt>
      <trkpt lat="55.6296767" lon="27.4890717">
        <ele>136.6</ele>
        <time>2023-01-28T10:24:38Z</time>
        <hdop>1.8</hdop>
        <extensions>
          <speed>0.651</speed>
        </extensions>
      </trkpt>
      <trkpt lat="55.6296567" lon="27.4890983">
        <ele>136.6</ele>
        <time>2023-01-28T10:24:44Z</time>
        <hdop>1.7</hdop>
        <extensions>
          <speed>0.581</speed>
        </extensions>
      </trkpt>
      <trkpt lat="55.629635" lon="27.4891067">
        <ele>136.7</ele>
        <time>2023-01-28T10:24:54Z</time>
        <hdop>1.5</hdop>
        <extensions>
          <speed>0.257</speed>
        </extensions>
      </trkpt>
      <trkpt lat="55.6296017" lon="27.4891017">
        <ele>136.9</ele>
        <time>2023-01-28T10:25:00Z</time>
        <hdop>1.7</hdop>
        <extensions>
          <speed>0.542</speed>
        </extensions>
      </trkpt>
      <trkpt lat="55.6295817" lon="27.4890917">
        <ele>136.9</ele>
        <time>2023-01-28T10:25:06Z</time>
        <hdop>1.7</hdop>
        <extensions>
          <speed>0.405</speed>
        </extensions>
      </trkpt>
      <trkpt lat="55.6295533" lon="27.4890867">
        <ele>136.9</ele>
        <time>2023-01-28T10:25:11Z</time>
        <hdop>1.6</hdop>
        <extensions>
          <speed>0.421</speed>
        </extensions>
      </trkpt>
      <trkpt lat="55.6295267" lon="27.4890833">
        <ele>137.1</ele>
        <time>2023-01-28T10:25:17Z</time>
        <hdop>1.7</hdop>
        <extensions>
          <speed>0.547</speed>
        </extensions>
      </trkpt>
      <trkpt lat="55.6295033" lon="27.4890883">
        <ele>137.1</ele>
        <time>2023-01-28T10:25:23Z</time>
        <hdop>1.8</hdop>
        <extensions>
          <speed>0.507</speed>
        </extensions>
      </trkpt>
      <trkpt lat="55.6294633" lon="27.489115">
        <ele>137</ele>
        <time>2023-01-28T10:25:35Z</time>
        <hdop>1.6</hdop>
        <extensions>
          <speed>0.36</speed>
        </extensions>
      </trkpt>
      <trkpt lat="55.6294433" lon="27.4891317">
        <ele>137.4</ele>
        <time>2023-01-28T10:25:41Z</time>
        <hdop>1.6</hdop>
        <extensions>
          <speed>0.469</speed>
        </extensions>
      </trkpt>
      <trkpt lat="55.629425" lon="27.48915">
        <ele>137.7</ele>
        <time>2023-01-28T10:25:47Z</time>
        <hdop>1.6</hdop>
        <extensions>
          <speed>0.412</speed>
        </extensions>
      </trkpt>
      <trkpt lat="55.6294067" lon="27.4891783">
        <ele>137.8</ele>
        <time>2023-01-28T10:25:54Z</time>
        <hdop>1.7</hdop>
        <extensions>
          <speed>0.355</speed>
        </extensions>
      </trkpt>
      <trkpt lat="55.629385" lon="27.4892017">
        <ele>137.6</ele>
        <time>2023-01-28T10:25:59Z</time>
        <hdop>1.7</hdop>
        <extensions>
          <speed>0.475</speed>
        </extensions>
      </trkpt>
      <trkpt lat="55.62937" lon="27.4892333">
        <ele>137.4</ele>
        <time>2023-01-28T10:26:05Z</time>
        <hdop>1.6</hdop>
        <extensions>
          <speed>0.405</speed>
        </extensions>
      </trkpt>
      <trkpt lat="55.6293433" lon="27.4892983">
        <ele>137.4</ele>
        <time>2023-01-28T10:26:18Z</time>
        <hdop>1.7</hdop>
        <extensions>
          <speed>0.311</speed>
        </extensions>
      </trkpt>
      <trkpt lat="55.629295" lon="27.4893083">
        <ele>136.1</ele>
        <time>2023-01-28T10:26:33Z</time>
        <hdop>1.7</hdop>
        <extensions>
          <speed>0.298</speed>
        </extensions>
      </trkpt>
      <trkpt lat="55.6292717" lon="27.4893217">
        <ele>136.6</ele>
        <time>2023-01-28T10:26:38Z</time>
        <hdop>1.7</hdop>
        <extensions>
          <speed>0.482</speed>
        </extensions>
      </trkpt>
      <trkpt lat="55.6292567" lon="27.4893533">
        <ele>136.7</ele>
        <time>2023-01-28T10:26:44Z</time>
        <hdop>1.7</hdop>
        <extensions>
          <speed>0.505</speed>
        </extensions>
      </trkpt>
      <trkpt lat="55.62923" lon="27.4894067">
        <ele>138.6</ele>
        <time>2023-01-28T10:27:09Z</time>
        <hdop>1.3</hdop>
        <extensions>
          <speed>0.308</speed>
        </extensions>
      </trkpt>
      <trkpt lat="55.6292417" lon="27.4894467">
        <ele>138.5</ele>
        <time>2023-01-28T10:27:14Z</time>
        <hdop>1.6</hdop>
        <extensions>
          <speed>0.566</speed>
        </extensions>
      </trkpt>
      <trkpt lat="55.629255" lon="27.48948">
        <ele>138.4</ele>
        <time>2023-01-28T10:27:20Z</time>
        <hdop>1.7</hdop>
        <extensions>
          <speed>0.461</speed>
        </extensions>
      </trkpt>
      <trkpt lat="55.6292533" lon="27.4894417">
        <ele>138.5</ele>
        <time>2023-01-28T10:27:28Z</time>
        <hdop>1.6</hdop>
        <extensions>
          <speed>0.296</speed>
        </extensions>
      </trkpt>
      <trkpt lat="55.629245" lon="27.4894">
        <ele>138.8</ele>
        <time>2023-01-28T10:27:33Z</time>
        <hdop>1.7</hdop>
        <extensions>
          <speed>0.466</speed>
        </extensions>
      </trkpt>
      <trkpt lat="55.6292517" lon="27.489335">
        <ele>138.2</ele>
        <time>2023-01-28T10:28:46Z</time>
        <hdop>1.9</hdop>
        <extensions>
          <speed>0.287</speed>
        </extensions>
      </trkpt>
      <trkpt lat="55.6292267" lon="27.48931">
        <ele>137.8</ele>
        <time>2023-01-28T10:28:51Z</time>
        <hdop>1.8</hdop>
        <extensions>
          <speed>0.466</speed>
        </extensions>
      </trkpt>
      <trkpt lat="55.6291917" lon="27.4892617">
        <ele>137.6</ele>
        <time>2023-01-28T10:28:56Z</time>
        <hdop>1.8</hdop>
        <extensions>
          <speed>0.679</speed>
        </extensions>
      </trkpt>
      <trkpt lat="55.6291783" lon="27.4892167">
        <ele>137.9</ele>
        <time>2023-01-28T10:29:02Z</time>
        <hdop>1.7</hdop>
        <extensions>
          <speed>0.652</speed>
        </extensions>
      </trkpt>
      <trkpt lat="55.62916" lon="27.4891917">
        <ele>137.1</ele>
        <time>2023-01-28T10:29:16Z</time>
        <hdop>1.7</hdop>
        <extensions>
          <speed>0.322</speed>
        </extensions>
      </trkpt>
      <trkpt lat="55.6291783" lon="27.4891833">
        <ele>136.9</ele>
        <time>2023-01-28T10:29:43Z</time>
        <hdop>1.7</hdop>
        <extensions>
          <speed>0.215</speed>
        </extensions>
      </trkpt>
      <trkpt lat="55.629155" lon="27.4892083">
        <ele>137.2</ele>
        <time>2023-01-28T10:29:48Z</time>
        <hdop>1.8</hdop>
        <extensions>
          <speed>0.361</speed>
        </extensions>
      </trkpt>
      <trkpt lat="55.6291183" lon="27.4892333">
        <ele>137.7</ele>
        <time>2023-01-28T10:29:54Z</time>
        <hdop>1.7</hdop>
        <extensions>
          <speed>0.498</speed>
        </extensions>
      </trkpt>
      <trkpt lat="55.6290767" lon="27.489225">
        <ele>138.8</ele>
        <time>2023-01-28T10:30:00Z</time>
        <hdop>1.6</hdop>
        <extensions>
          <speed>0.612</speed>
        </extensions>
      </trkpt>
      <trkpt lat="55.6290483" lon="27.4892433">
        <ele>139.4</ele>
        <time>2023-01-28T10:30:05Z</time>
        <hdop>1.7</hdop>
        <extensions>
          <speed>0.686</speed>
        </extensions>
      </trkpt>
      <trkpt lat="55.629025" lon="27.48926">
        <ele>139.5</ele>
        <time>2023-01-28T10:30:10Z</time>
        <hdop>1.7</hdop>
        <extensions>
          <speed>0.554</speed>
        </extensions>
      </trkpt>
      <trkpt lat="55.6290233" lon="27.489365">
        <ele>140.1</ele>
        <time>2023-01-28T10:30:16Z</time>
        <hdop>1.6</hdop>
        <extensions>
          <speed>0.707</speed>
        </extensions>
      </trkpt>
      <trkpt lat="55.62901" lon="27.4894633">
        <ele>141.4</ele>
        <time>2023-01-28T10:30:22Z</time>
        <hdop>1.6</hdop>
        <extensions>
          <speed>1.026</speed>
        </extensions>
      </trkpt>
      <trkpt lat="55.62899" lon="27.48946">
        <ele>142.2</ele>
        <time>2023-01-28T10:30:29Z</time>
        <hdop>1.5</hdop>
        <extensions>
          <speed>0.486</speed>
        </extensions>
      </trkpt>
      <trkpt lat="55.6289633" lon="27.4894617">
        <ele>143.8</ele>
        <time>2023-01-28T10:30:40Z</time>
        <hdop>1.5</hdop>
        <extensions>
          <speed>0.252</speed>
        </extensions>
      </trkpt>
      <trkpt lat="55.6289367" lon="27.4894817">
        <ele>144</ele>
        <time>2023-01-28T10:30:46Z</time>
        <hdop>1.6</hdop>
        <extensions>
          <speed>0.526</speed>
        </extensions>
      </trkpt>
      <trkpt lat="55.6289183" lon="27.489505">
        <ele>144.2</ele>
        <time>2023-01-28T10:30:51Z</time>
        <hdop>1.6</hdop>
        <extensions>
          <speed>0.561</speed>
        </extensions>
      </trkpt>
      <trkpt lat="55.6288917" lon="27.4895367">
        <ele>144.8</ele>
        <time>2023-01-28T10:30:56Z</time>
        <hdop>1.6</hdop>
        <extensions>
          <speed>0.562</speed>
        </extensions>
      </trkpt>
      <trkpt lat="55.6288617" lon="27.4895467">
        <ele>145.7</ele>
        <time>2023-01-28T10:31:02Z</time>
        <hdop>1.6</hdop>
        <extensions>
          <speed>0.585</speed>
        </extensions>
      </trkpt>
      <trkpt lat="55.6288433" lon="27.4895367">
        <ele>146.2</ele>
        <time>2023-01-28T10:31:08Z</time>
        <hdop>1.6</hdop>
      </trkpt>
      <trkpt lat="55.62879" lon="27.4895333">
        <ele>146.7</ele>
        <time>2023-01-28T10:31:19Z</time>
        <hdop>1.6</hdop>
        <extensions>
          <speed>0.316</speed>
        </extensions>
      </trkpt>
      <trkpt lat="55.62876" lon="27.489525">
        <ele>146.7</ele>
        <time>2023-01-28T10:31:24Z</time>
        <hdop>1.6</hdop>
        <extensions>
          <speed>0.475</speed>
        </extensions>
      </trkpt>
      <trkpt lat="55.62873" lon="27.4895267">
        <ele>146.8</ele>
        <time>2023-01-28T10:31:30Z</time>
        <hdop>1.6</hdop>
        <extensions>
          <speed>0.576</speed>
        </extensions>
      </trkpt>
      <trkpt lat="55.6286967" lon="27.4895667">
        <ele>146.6</ele>
        <time>2023-01-28T10:31:36Z</time>
        <hdop>1.6</hdop>
        <extensions>
          <speed>0.597</speed>
        </extensions>
      </trkpt>
      <trkpt lat="55.6286717" lon="27.4895783">
        <ele>146.6</ele>
        <time>2023-01-28T10:31:42Z</time>
        <hdop>1.5</hdop>
        <extensions>
          <speed>0.514</speed>
        </extensions>
      </trkpt>
      <trkpt lat="55.62865" lon="27.489605">
        <ele>146.4</ele>
        <time>2023-01-28T10:31:47Z</time>
        <hdop>1.6</hdop>
        <extensions>
          <speed>0.673</speed>
        </extensions>
      </trkpt>
      <trkpt lat="55.6286167" lon="27.4895933">
        <ele>145.7</ele>
        <time>2023-01-28T10:31:53Z</time>
        <hdop>1.5</hdop>
        <extensions>
          <speed>0.714</speed>
        </extensions>
      </trkpt>
      <trkpt lat="55.6285917" lon="27.489605">
        <ele>145.5</ele>
        <time>2023-01-28T10:31:58Z</time>
        <hdop>1.6</hdop>
        <extensions>
          <speed>0.663</speed>
        </extensions>
      </trkpt>
      <trkpt lat="55.6285733" lon="27.48962">
        <ele>145.1</ele>
        <time>2023-01-28T10:32:05Z</time>
        <hdop>1.6</hdop>
        <extensions>
          <speed>0.596</speed>
        </extensions>
      </trkpt>
      <trkpt lat="55.6285617" lon="27.4896517">
        <ele>145.4</ele>
        <time>2023-01-28T10:32:10Z</time>
        <hdop>1.7</hdop>
        <extensions>
          <speed>0.423</speed>
        </extensions>
      </trkpt>
      <trkpt lat="55.6285383" lon="27.4896683">
        <ele>145.3</ele>
        <time>2023-01-28T10:32:15Z</time>
        <hdop>1.7</hdop>
        <extensions>
          <speed>0.595</speed>
        </extensions>
      </trkpt>
      <trkpt lat="55.628505" lon="27.4897117">
        <ele>144.8</ele>
        <time>2023-01-28T10:32:20Z</time>
        <hdop>1.6</hdop>
        <extensions>
          <speed>0.728</speed>
        </extensions>
      </trkpt>
      <trkpt lat="55.6284767" lon="27.4897583">
        <ele>144.4</ele>
        <time>2023-01-28T10:32:26Z</time>
        <hdop>1.9</hdop>
      </trkpt>
      <trkpt lat="55.6284317" lon="27.4897217">
        <ele>145.5</ele>
        <time>2023-01-28T10:32:32Z</time>
        <hdop>1.8</hdop>
        <extensions>
          <speed>0.707</speed>
        </extensions>
      </trkpt>
      <trkpt lat="55.6283967" lon="27.4897383">
        <ele>146</ele>
        <time>2023-01-28T10:32:38Z</time>
        <hdop>1.6</hdop>
        <extensions>
          <speed>0.631</speed>
        </extensions>
      </trkpt>
      <trkpt lat="55.62836" lon="27.4897717">
        <ele>145</ele>
        <time>2023-01-28T10:32:44Z</time>
        <hdop>1.6</hdop>
        <extensions>
          <speed>0.609</speed>
        </extensions>
      </trkpt>
      <trkpt lat="55.6283233" lon="27.4897867">
        <ele>144.4</ele>
        <time>2023-01-28T10:32:50Z</time>
        <hdop>1.6</hdop>
        <extensions>
          <speed>0.543</speed>
        </extensions>
      </trkpt>
      <trkpt lat="55.6282767" lon="27.4897783">
        <ele>144.1</ele>
        <time>2023-01-28T10:32:56Z</time>
        <hdop>1.6</hdop>
        <extensions>
          <speed>0.614</speed>
        </extensions>
      </trkpt>
      <trkpt lat="55.62823" lon="27.4897783">
        <ele>143.8</ele>
        <time>2023-01-28T10:33:02Z</time>
        <hdop>1.7</hdop>
        <extensions>
          <speed>0.792</speed>
        </extensions>
      </trkpt>
      <trkpt lat="55.6281983" lon="27.4897833">
        <ele>143.1</ele>
        <time>2023-01-28T10:33:08Z</time>
        <hdop>1.8</hdop>
        <extensions>
          <speed>0.755</speed>
        </extensions>
      </trkpt>
      <trkpt lat="55.6281833" lon="27.4898417">
        <ele>142.8</ele>
        <time>2023-01-28T10:33:14Z</time>
        <hdop>1.6</hdop>
        <extensions>
          <speed>0.587</speed>
        </extensions>
      </trkpt>
      <trkpt lat="55.6281467" lon="27.4898883">
        <ele>142.6</ele>
        <time>2023-01-28T10:33:20Z</time>
        <hdop>1.5</hdop>
        <extensions>
          <speed>0.614</speed>
        </extensions>
      </trkpt>
      <trkpt lat="55.62812" lon="27.4899183">
        <ele>142</ele>
        <time>2023-01-28T10:33:26Z</time>
        <hdop>1.6</hdop>
        <extensions>
          <speed>0.411</speed>
        </extensions>
      </trkpt>
      <trkpt lat="55.6280833" lon="27.4899567">
        <ele>141.9</ele>
        <time>2023-01-28T10:33:32Z</time>
        <hdop>1.5</hdop>
      </trkpt>
      <trkpt lat="55.6280467" lon="27.4899967">
        <ele>142.8</ele>
        <time>2023-01-28T10:33:38Z</time>
        <hdop>1.5</hdop>
        <extensions>
          <speed>0.51</speed>
        </extensions>
      </trkpt>
      <trkpt lat="55.6280233" lon="27.4900017">
        <ele>143.4</ele>
        <time>2023-01-28T10:33:44Z</time>
        <hdop>1.7</hdop>
        <extensions>
          <speed>0.499</speed>
        </extensions>
      </trkpt>
      <trkpt lat="55.6279883" lon="27.4900267">
        <ele>143.8</ele>
        <time>2023-01-28T10:33:50Z</time>
        <hdop>1.7</hdop>
        <extensions>
          <speed>0.514</speed>
        </extensions>
      </trkpt>
      <trkpt lat="55.627965" lon="27.4900483">
        <ele>143.9</ele>
        <time>2023-01-28T10:33:56Z</time>
        <hdop>1.7</hdop>
        <extensions>
          <speed>0.441</speed>
        </extensions>
      </trkpt>
      <trkpt lat="55.62794" lon="27.49009">
        <ele>144.2</ele>
        <time>2023-01-28T10:34:02Z</time>
        <hdop>1.6</hdop>
        <extensions>
          <speed>0.302</speed>
        </extensions>
      </trkpt>
      <trkpt lat="55.627905" lon="27.490115">
        <ele>144.4</ele>
        <time>2023-01-28T10:34:08Z</time>
        <hdop>1.7</hdop>
        <extensions>
          <speed>0.5</speed>
        </extensions>
      </trkpt>
      <trkpt lat="55.6278733" lon="27.49006">
        <ele>144.7</ele>
        <time>2023-01-28T10:34:14Z</time>
        <hdop>1.9</hdop>
        <extensions>
          <speed>0.561</speed>
        </extensions>
      </trkpt>
      <trkpt lat="55.6278317" lon="27.4900683">
        <ele>144.9</ele>
        <time>2023-01-28T10:34:20Z</time>
        <hdop>1.9</hdop>
        <extensions>
          <speed>0.604</speed>
        </extensions>
      </trkpt>
      <trkpt lat="55.6277983" lon="27.490035">
        <ele>145.7</ele>
        <time>2023-01-28T10:34:26Z</time>
        <hdop>1.8</hdop>
        <extensions>
          <speed>0.516</speed>
        </extensions>
      </trkpt>
      <trkpt lat="55.6277633" lon="27.4900367">
        <ele>147.4</ele>
        <time>2023-01-28T10:34:32Z</time>
        <hdop>1.7</hdop>
        <extensions>
          <speed>0.373</speed>
        </extensions>
      </trkpt>
      <trkpt lat="55.6277233" lon="27.49007">
        <ele>146.9</ele>
        <time>2023-01-28T10:34:38Z</time>
        <hdop>1.7</hdop>
        <extensions>
          <speed>0.477</speed>
        </extensions>
      </trkpt>
      <trkpt lat="55.6276883" lon="27.490075">
        <ele>146.5</ele>
        <time>2023-01-28T10:34:44Z</time>
        <hdop>1.8</hdop>
        <extensions>
          <speed>0.522</speed>
        </extensions>
      </trkpt>
      <trkpt lat="55.627635" lon="27.4900433">
        <ele>146.1</ele>
        <time>2023-01-28T10:34:50Z</time>
        <hdop>1.8</hdop>
        <extensions>
          <speed>0.487</speed>
        </extensions>
      </trkpt>
      <trkpt lat="55.627595" lon="27.4900367">
        <ele>146</ele>
        <time>2023-01-28T10:34:56Z</time>
        <hdop>1.7</hdop>
        <extensions>
          <speed>0.56</speed>
        </extensions>
      </trkpt>
      <trkpt lat="55.6275633" lon="27.4900417">
        <ele>145.9</ele>
        <time>2023-01-28T10:35:02Z</time>
        <hdop>1.7</hdop>
        <extensions>
          <speed>0.551</speed>
        </extensions>
      </trkpt>
      <trkpt lat="55.6275283" lon="27.4900617">
        <ele>146</ele>
        <time>2023-01-28T10:35:08Z</time>
        <hdop>1.8</hdop>
        <extensions>
          <speed>0.56</speed>
        </extensions>
      </trkpt>
      <trkpt lat="55.6274983" lon="27.4901083">
        <ele>146.2</ele>
        <time>2023-01-28T10:35:14Z</time>
        <hdop>1.7</hdop>
        <extensions>
          <speed>0.498</speed>
        </extensions>
      </trkpt>
      <trkpt lat="55.627465" lon="27.49017">
        <ele>146.7</ele>
        <time>2023-01-28T10:35:20Z</time>
        <hdop>1.7</hdop>
        <extensions>
          <speed>0.528</speed>
        </extensions>
      </trkpt>
      <trkpt lat="55.6274567" lon="27.4902283">
        <ele>147.3</ele>
        <time>2023-01-28T10:35:26Z</time>
        <hdop>1.8</hdop>
        <extensions>
          <speed>0.565</speed>
        </extensions>
      </trkpt>
      <trkpt lat="55.6274367" lon="27.4902783">
        <ele>147.7</ele>
        <time>2023-01-28T10:35:32Z</time>
        <hdop>1.7</hdop>
      </trkpt>
      <trkpt lat="55.6274517" lon="27.4903133">
        <ele>148.2</ele>
        <time>2023-01-28T10:35:48Z</time>
        <hdop>1.7</hdop>
        <extensions>
          <speed>0.273</speed>
        </extensions>
      </trkpt>
      <trkpt lat="55.62745" lon="27.49041">
        <ele>150.1</ele>
        <time>2023-01-28T10:35:54Z</time>
        <hdop>1.7</hdop>
        <extensions>
          <speed>0.444</speed>
        </extensions>
      </trkpt>
      <trkpt lat="55.6274333" lon="27.4904817">
        <ele>151.5</ele>
        <time>2023-01-28T10:36:06Z</time>
        <hdop>1.5</hdop>
        <extensions>
          <speed>0.303</speed>
        </extensions>
      </trkpt>
      <trkpt lat="55.6274217" lon="27.4905083">
        <ele>149.2</ele>
        <time>2023-01-28T10:36:30Z</time>
        <hdop>1.7</hdop>
        <extensions>
          <speed>0.38</speed>
        </extensions>
      </trkpt>
      <trkpt lat="55.6274133" lon="27.4905417">
        <ele>150.5</ele>
        <time>2023-01-28T10:36:37Z</time>
        <hdop>1.8</hdop>
        <extensions>
          <speed>0.477</speed>
        </extensions>
      </trkpt>
      <trkpt lat="55.6274117" lon="27.490605">
        <ele>151.4</ele>
        <time>2023-01-28T10:36:43Z</time>
        <hdop>1.9</hdop>
        <extensions>
          <speed>0.525</speed>
        </extensions>
      </trkpt>
      <trkpt lat="55.6274033" lon="27.4906933">
        <ele>153</ele>
        <time>2023-01-28T10:36:49Z</time>
        <hdop>2</hdop>
        <extensions>
          <speed>0.483</speed>
        </extensions>
      </trkpt>
      <trkpt lat="55.62737" lon="27.4907617">
        <ele>156.1</ele>
        <time>2023-01-28T10:36:55Z</time>
        <hdop>1.8</hdop>
        <extensions>
          <speed>0.663</speed>
        </extensions>
      </trkpt>
      <trkpt lat="55.6273483" lon="27.49078">
        <ele>154.5</ele>
        <time>2023-01-28T10:37:07Z</time>
        <hdop>1.8</hdop>
        <extensions>
          <speed>0.31</speed>
        </extensions>
      </trkpt>
      <trkpt lat="55.627315" lon="27.4908167">
        <ele>154.3</ele>
        <time>2023-01-28T10:37:34Z</time>
        <hdop>1.6</hdop>
        <extensions>
          <speed>0.257</speed>
        </extensions>
      </trkpt>
      <trkpt lat="55.6273117" lon="27.490775">
        <ele>156.7</ele>
        <time>2023-01-28T10:38:35Z</time>
        <hdop>1.7</hdop>
        <extensions>
          <speed>0.309</speed>
        </extensions>
      </trkpt>
      <trkpt lat="55.627315" lon="27.490825">
        <ele>158.2</ele>
        <time>2023-01-28T10:39:32Z</time>
        <hdop>1.6</hdop>
        <extensions>
          <speed>0.261</speed>
        </extensions>
      </trkpt>
      <trkpt lat="55.6272817" lon="27.4907283">
        <ele>156.9</ele>
        <time>2023-01-28T10:39:45Z</time>
        <hdop>1.7</hdop>
        <extensions>
          <speed>0.407</speed>
        </extensions>
      </trkpt>
      <trkpt lat="55.62729" lon="27.490645">
        <ele>155.9</ele>
        <time>2023-01-28T10:39:50Z</time>
        <hdop>1.8</hdop>
        <extensions>
          <speed>0.513</speed>
        </extensions>
      </trkpt>
      <trkpt lat="55.6272767" lon="27.49059">
        <ele>154.7</ele>
        <time>2023-01-28T10:39:56Z</time>
        <hdop>1.7</hdop>
        <extensions>
          <speed>0.499</speed>
        </extensions>
      </trkpt>
      <trkpt lat="55.6272483" lon="27.4905367">
        <ele>152.4</ele>
        <time>2023-01-28T10:40:02Z</time>
        <hdop>1.6</hdop>
        <extensions>
          <speed>0.529</speed>
        </extensions>
      </trkpt>
      <trkpt lat="55.6272183" lon="27.49049">
        <ele>151.6</ele>
        <time>2023-01-28T10:40:08Z</time>
        <hdop>1.7</hdop>
        <extensions>
          <speed>0.592</speed>
        </extensions>
      </trkpt>
      <trkpt lat="55.62718" lon="27.49045">
        <ele>150.8</ele>
        <time>2023-01-28T10:40:14Z</time>
        <hdop>1.6</hdop>
        <extensions>
          <speed>0.617</speed>
        </extensions>
      </trkpt>
      <trkpt lat="55.6271317" lon="27.4904267">
        <ele>149.6</ele>
        <time>2023-01-28T10:40:20Z</time>
        <hdop>1.6</hdop>
        <extensions>
          <speed>0.627</speed>
        </extensions>
      </trkpt>
      <trkpt lat="55.6271183" lon="27.4903917">
        <ele>148.8</ele>
        <time>2023-01-28T10:40:26Z</time>
        <hdop>1.7</hdop>
        <extensions>
          <speed>0.516</speed>
        </extensions>
      </trkpt>
      <trkpt lat="55.6270983" lon="27.490385">
        <ele>147.9</ele>
        <time>2023-01-28T10:40:34Z</time>
        <hdop>1.7</hdop>
        <extensions>
          <speed>0.437</speed>
        </extensions>
      </trkpt>
      <trkpt lat="55.6270933" lon="27.4903517">
        <ele>148.3</ele>
        <time>2023-01-28T10:40:40Z</time>
        <hdop>1.7</hdop>
      </trkpt>
      <trkpt lat="55.6270667" lon="27.4903283">
        <ele>148.8</ele>
        <time>2023-01-28T10:40:45Z</time>
        <hdop>1.7</hdop>
        <extensions>
          <speed>0.484</speed>
        </extensions>
      </trkpt>
      <trkpt lat="55.6270417" lon="27.4902917">
        <ele>149.2</ele>
        <time>2023-01-28T10:40:50Z</time>
        <hdop>1.7</hdop>
        <extensions>
          <speed>0.701</speed>
        </extensions>
      </trkpt>
      <trkpt lat="55.6270083" lon="27.4902483">
        <ele>150.2</ele>
        <time>2023-01-28T10:40:56Z</time>
        <hdop>1.7</hdop>
        <extensions>
          <speed>0.526</speed>
        </extensions>
      </trkpt>
      <trkpt lat="55.626985" lon="27.4902083">
        <ele>151</ele>
        <time>2023-01-28T10:41:02Z</time>
        <hdop>1.8</hdop>
      </trkpt>
      <trkpt lat="55.6269383" lon="27.4901633">
        <ele>151</ele>
        <time>2023-01-28T10:41:08Z</time>
        <hdop>1.7</hdop>
        <extensions>
          <speed>0.415</speed>
        </extensions>
      </trkpt>
      <trkpt lat="55.6269017" lon="27.4901217">
        <ele>151</ele>
        <time>2023-01-28T10:41:14Z</time>
        <hdop>1.7</hdop>
        <extensions>
          <speed>0.522</speed>
        </extensions>
      </trkpt>
      <trkpt lat="55.626885" lon="27.4900667">
        <ele>151</ele>
        <time>2023-01-28T10:41:20Z</time>
        <hdop>1.8</hdop>
        <extensions>
          <speed>0.574</speed>
        </extensions>
      </trkpt>
      <trkpt lat="55.6268533" lon="27.4899733">
        <ele>150.8</ele>
        <time>2023-01-28T10:41:26Z</time>
        <hdop>1.8</hdop>
        <extensions>
          <speed>0.697</speed>
        </extensions>
      </trkpt>
      <trkpt lat="55.6268383" lon="27.4899217">
        <ele>150.9</ele>
        <time>2023-01-28T10:41:32Z</time>
        <hdop>1.3</hdop>
        <extensions>
          <speed>0.586</speed>
        </extensions>
      </trkpt>
      <trkpt lat="55.626825" lon="27.4898883">
        <ele>151.2</ele>
        <time>2023-01-28T10:41:38Z</time>
        <hdop>1.3</hdop>
        <extensions>
          <speed>0.406</speed>
        </extensions>
      </trkpt>
      <trkpt lat="55.6267983" lon="27.4898367">
        <ele>150.4</ele>
        <time>2023-01-28T10:41:44Z</time>
        <hdop>1.6</hdop>
        <extensions>
          <speed>0.527</speed>
        </extensions>
      </trkpt>
      <trkpt lat="55.6267733" lon="27.489775">
        <ele>150.6</ele>
        <time>2023-01-28T10:41:50Z</time>
        <hdop>1.4</hdop>
        <extensions>
          <speed>0.678</speed>
        </extensions>
      </trkpt>
      <trkpt lat="55.62671" lon="27.489725">
        <ele>151</ele>
        <time>2023-01-28T10:41:56Z</time>
        <hdop>1.8</hdop>
        <extensions>
          <speed>0.951</speed>
        </extensions>
      </trkpt>
      <trkpt lat="55.626665" lon="27.489655">
        <ele>151</ele>
        <time>2023-01-28T10:42:02Z</time>
        <hdop>1.7</hdop>
        <extensions>
          <speed>0.767</speed>
        </extensions>
      </trkpt>
      <trkpt lat="55.626635" lon="27.4896017">
        <ele>150.2</ele>
        <time>2023-01-28T10:42:08Z</time>
        <hdop>1.7</hdop>
        <extensions>
          <speed>0.544</speed>
        </extensions>
      </trkpt>
      <trkpt lat="55.62659" lon="27.4895217">
        <ele>150.2</ele>
        <time>2023-01-28T10:42:14Z</time>
        <hdop>1.6</hdop>
        <extensions>
          <speed>0.513</speed>
        </extensions>
      </trkpt>
      <trkpt lat="55.6265517" lon="27.4894867">
        <ele>150.3</ele>
        <time>2023-01-28T10:42:20Z</time>
        <hdop>1.6</hdop>
        <extensions>
          <speed>0.532</speed>
        </extensions>
      </trkpt>
      <trkpt lat="55.6265133" lon="27.4894583">
        <ele>150.5</ele>
        <time>2023-01-28T10:42:26Z</time>
        <hdop>1.8</hdop>
        <extensions>
          <speed>0.59</speed>
        </extensions>
      </trkpt>
      <trkpt lat="55.6264733" lon="27.489395">
        <ele>149.4</ele>
        <time>2023-01-28T10:42:32Z</time>
        <hdop>1.7</hdop>
        <extensions>
          <speed>0.587</speed>
        </extensions>
      </trkpt>
      <trkpt lat="55.6264383" lon="27.48933">
        <ele>148.8</ele>
        <time>2023-01-28T10:42:38Z</time>
        <hdop>1.6</hdop>
        <extensions>
          <speed>0.452</speed>
        </extensions>
      </trkpt>
      <trkpt lat="55.62642" lon="27.4892683">
        <ele>148.5</ele>
        <time>2023-01-28T10:42:44Z</time>
        <hdop>1.6</hdop>
        <extensions>
          <speed>0.478</speed>
        </extensions>
      </trkpt>
      <trkpt lat="55.6263867" lon="27.48919">
        <ele>148.4</ele>
        <time>2023-01-28T10:42:50Z</time>
        <hdop>1.7</hdop>
        <extensions>
          <speed>0.571</speed>
        </extensions>
      </trkpt>
      <trkpt lat="55.6263467" lon="27.48913">
        <ele>147.8</ele>
        <time>2023-01-28T10:42:56Z</time>
        <hdop>1.7</hdop>
        <extensions>
          <speed>0.764</speed>
        </extensions>
      </trkpt>
      <trkpt lat="55.6263133" lon="27.4890517">
        <ele>147.5</ele>
        <time>2023-01-28T10:43:02Z</time>
        <hdop>1.6</hdop>
        <extensions>
          <speed>0.757</speed>
        </extensions>
      </trkpt>
      <trkpt lat="55.62628" lon="27.488985">
        <ele>147.4</ele>
        <time>2023-01-28T10:43:08Z</time>
        <hdop>1.6</hdop>
        <extensions>
          <speed>0.706</speed>
        </extensions>
      </trkpt>
      <trkpt lat="55.6262533" lon="27.48894">
        <ele>147.5</ele>
        <time>2023-01-28T10:43:14Z</time>
        <hdop>1.6</hdop>
        <extensions>
          <speed>0.778</speed>
        </extensions>
      </trkpt>
      <trkpt lat="55.626235" lon="27.4888667">
        <ele>147.6</ele>
        <time>2023-01-28T10:43:20Z</time>
        <hdop>1.8</hdop>
        <extensions>
          <speed>0.877</speed>
        </extensions>
      </trkpt>
      <trkpt lat="55.6262117" lon="27.4888283">
        <ele>147.9</ele>
        <time>2023-01-28T10:43:26Z</time>
        <hdop>1.7</hdop>
        <extensions>
          <speed>0.771</speed>
        </extensions>
      </trkpt>
      <trkpt lat="55.6261867" lon="27.4887633">
        <ele>147.9</ele>
        <time>2023-01-28T10:43:32Z</time>
        <hdop>1.6</hdop>
        <extensions>
          <speed>0.616</speed>
        </extensions>
      </trkpt>
      <trkpt lat="55.6261683" lon="27.48867">
        <ele>147.7</ele>
        <time>2023-01-28T10:43:38Z</time>
        <hdop>1.6</hdop>
        <extensions>
          <speed>0.663</speed>
        </extensions>
      </trkpt>
      <trkpt lat="55.62616" lon="27.488605">
        <ele>147.6</ele>
        <time>2023-01-28T10:43:44Z</time>
        <hdop>1.5</hdop>
        <extensions>
          <speed>0.708</speed>
        </extensions>
      </trkpt>
      <trkpt lat="55.62613" lon="27.488555">
        <ele>147.4</ele>
        <time>2023-01-28T10:43:50Z</time>
        <hdop>1.5</hdop>
        <extensions>
          <speed>0.623</speed>
        </extensions>
      </trkpt>
      <trkpt lat="55.6261183" lon="27.488475">
        <ele>147.2</ele>
        <time>2023-01-28T10:43:56Z</time>
        <hdop>1.6</hdop>
        <extensions>
          <speed>0.582</speed>
        </extensions>
      </trkpt>
      <trkpt lat="55.626095" lon="27.4883983">
        <ele>145.8</ele>
        <time>2023-01-28T10:44:02Z</time>
        <hdop>1.6</hdop>
        <extensions>
          <speed>0.627</speed>
        </extensions>
      </trkpt>
      <trkpt lat="55.6260867" lon="27.4882983">
        <ele>145.8</ele>
        <time>2023-01-28T10:44:08Z</time>
        <hdop>1.5</hdop>
        <extensions>
          <speed>0.681</speed>
        </extensions>
      </trkpt>
      <trkpt lat="55.6260683" lon="27.488235">
        <ele>144.9</ele>
        <time>2023-01-28T10:44:14Z</time>
        <hdop>1.5</hdop>
        <extensions>
          <speed>0.6</speed>
        </extensions>
      </trkpt>
      <trkpt lat="55.626055" lon="27.4881583">
        <ele>144.7</ele>
        <time>2023-01-28T10:44:20Z</time>
        <hdop>1.5</hdop>
        <extensions>
          <speed>0.655</speed>
        </extensions>
      </trkpt>
      <trkpt lat="55.6260383" lon="27.48809">
        <ele>144.8</ele>
        <time>2023-01-28T10:44:26Z</time>
        <hdop>1.5</hdop>
        <extensions>
          <speed>0.641</speed>
        </extensions>
      </trkpt>
      <trkpt lat="55.6260267" lon="27.4880467">
        <ele>144.4</ele>
        <time>2023-01-28T10:44:32Z</time>
        <hdop>1.4</hdop>
        <extensions>
          <speed>0.59</speed>
        </extensions>
      </trkpt>
      <trkpt lat="55.6260117" lon="27.4880817">
        <ele>144.9</ele>
        <time>2023-01-28T10:44:38Z</time>
        <hdop>1.6</hdop>
      </trkpt>
      <trkpt lat="55.6260033" lon="27.4880533">
        <ele>145.1</ele>
        <time>2023-01-28T10:44:47Z</time>
        <hdop>1.5</hdop>
        <extensions>
          <speed>0.324</speed>
        </extensions>
      </trkpt>
      <trkpt lat="55.6259867" lon="27.488">
        <ele>145.3</ele>
        <time>2023-01-28T10:44:52Z</time>
        <hdop>1.6</hdop>
        <extensions>
          <speed>0.506</speed>
        </extensions>
      </trkpt>
      <trkpt lat="55.6259667" lon="27.487935">
        <ele>145.8</ele>
        <time>2023-01-28T10:44:58Z</time>
        <hdop>1.6</hdop>
        <extensions>
          <speed>0.581</speed>
        </extensions>
      </trkpt>
      <trkpt lat="55.6259533" lon="27.4878767">
        <ele>145.2</ele>
        <time>2023-01-28T10:45:04Z</time>
        <hdop>1.6</hdop>
        <extensions>
          <speed>0.598</speed>
        </extensions>
      </trkpt>
      <trkpt lat="55.6259383" lon="27.4878167">
        <ele>144.2</ele>
        <time>2023-01-28T10:45:09Z</time>
        <hdop>1.6</hdop>
        <extensions>
          <speed>0.666</speed>
        </extensions>
      </trkpt>
      <trkpt lat="55.6259217" lon="27.4877667">
        <ele>144</ele>
        <time>2023-01-28T10:45:14Z</time>
        <hdop>1.7</hdop>
        <extensions>
          <speed>0.786</speed>
        </extensions>
      </trkpt>
      <trkpt lat="55.6259033" lon="27.4877167">
        <ele>144</ele>
        <time>2023-01-28T10:45:20Z</time>
        <hdop>1.6</hdop>
        <extensions>
          <speed>0.744</speed>
        </extensions>
      </trkpt>
      <trkpt lat="55.62588" lon="27.487665">
        <ele>144.7</ele>
        <time>2023-01-28T10:45:26Z</time>
        <hdop>1.6</hdop>
        <extensions>
          <speed>0.808</speed>
        </extensions>
      </trkpt>
      <trkpt lat="55.6258467" lon="27.4876583">
        <ele>145.2</ele>
        <time>2023-01-28T10:45:32Z</time>
        <hdop>1.7</hdop>
        <extensions>
          <speed>0.686</speed>
        </extensions>
      </trkpt>
      <trkpt lat="55.6258417" lon="27.4875967">
        <ele>145.1</ele>
        <time>2023-01-28T10:45:38Z</time>
        <hdop>1.7</hdop>
        <extensions>
          <speed>0.419</speed>
        </extensions>
      </trkpt>
      <trkpt lat="55.6258117" lon="27.4875267">
        <ele>144.8</ele>
        <time>2023-01-28T10:45:44Z</time>
        <hdop>1.5</hdop>
        <extensions>
          <speed>0.713</speed>
        </extensions>
      </trkpt>
      <trkpt lat="55.625795" lon="27.4874567">
        <ele>144.8</ele>
        <time>2023-01-28T10:45:50Z</time>
        <hdop>1.5</hdop>
        <extensions>
          <speed>0.726</speed>
        </extensions>
      </trkpt>
      <trkpt lat="55.62577" lon="27.487435">
        <ele>144.9</ele>
        <time>2023-01-28T10:45:56Z</time>
        <hdop>1.5</hdop>
        <extensions>
          <speed>0.587</speed>
        </extensions>
      </trkpt>
      <trkpt lat="55.6257283" lon="27.4874083">
        <ele>145</ele>
        <time>2023-01-28T10:46:02Z</time>
        <hdop>1.5</hdop>
        <extensions>
          <speed>0.714</speed>
        </extensions>
      </trkpt>
      <trkpt lat="55.6257083" lon="27.4873633">
        <ele>145.2</ele>
        <time>2023-01-28T10:46:08Z</time>
        <hdop>1.5</hdop>
        <extensions>
          <speed>0.61</speed>
        </extensions>
      </trkpt>
      <trkpt lat="55.6257" lon="27.48729">
        <ele>145.2</ele>
        <time>2023-01-28T10:46:14Z</time>
        <hdop>1.5</hdop>
        <extensions>
          <speed>0.62</speed>
        </extensions>
      </trkpt>
      <trkpt lat="55.6256883" lon="27.4872317">
        <ele>145.2</ele>
        <time>2023-01-28T10:46:20Z</time>
        <hdop>1.5</hdop>
        <extensions>
          <speed>0.749</speed>
        </extensions>
      </trkpt>
      <trkpt lat="55.6256567" lon="27.48721">
        <ele>145</ele>
        <time>2023-01-28T10:46:26Z</time>
        <hdop>1.5</hdop>
        <extensions>
          <speed>0.726</speed>
        </extensions>
      </trkpt>
      <trkpt lat="55.6256417" lon="27.4871733">
        <ele>144.5</ele>
        <time>2023-01-28T10:46:32Z</time>
        <hdop>1.5</hdop>
        <extensions>
          <speed>0.643</speed>
        </extensions>
      </trkpt>
      <trkpt lat="55.6256133" lon="27.487145">
        <ele>144.3</ele>
        <time>2023-01-28T10:46:38Z</time>
        <hdop>1.5</hdop>
        <extensions>
          <speed>0.619</speed>
        </extensions>
      </trkpt>
      <trkpt lat="55.6255917" lon="27.4870617">
        <ele>144.6</ele>
        <time>2023-01-28T10:46:44Z</time>
        <hdop>1.4</hdop>
        <extensions>
          <speed>0.631</speed>
        </extensions>
      </trkpt>
      <trkpt lat="55.6255867" lon="27.4870233">
        <ele>144.6</ele>
        <time>2023-01-28T10:46:50Z</time>
        <hdop>1.5</hdop>
        <extensions>
          <speed>0.491</speed>
        </extensions>
      </trkpt>
      <trkpt lat="55.625575" lon="27.4869767">
        <ele>144.6</ele>
        <time>2023-01-28T10:46:56Z</time>
        <hdop>1.7</hdop>
      </trkpt>
      <trkpt lat="55.6255833" lon="27.4869433">
        <ele>143.8</ele>
        <time>2023-01-28T10:47:08Z</time>
        <hdop>1.5</hdop>
        <extensions>
          <speed>0.284</speed>
        </extensions>
      </trkpt>
      <trkpt lat="55.625565" lon="27.4869317">
        <ele>143.3</ele>
        <time>2023-01-28T10:47:51Z</time>
        <hdop>1.5</hdop>
        <extensions>
          <speed>0.528</speed>
        </extensions>
      </trkpt>
      <trkpt lat="55.6255483" lon="27.4869017">
        <ele>143.2</ele>
        <time>2023-01-28T10:47:56Z</time>
        <hdop>1.5</hdop>
        <extensions>
          <speed>0.501</speed>
        </extensions>
      </trkpt>
      <trkpt lat="55.625535" lon="27.4868483">
        <ele>143</ele>
        <time>2023-01-28T10:48:02Z</time>
        <hdop>1.5</hdop>
        <extensions>
          <speed>0.531</speed>
        </extensions>
      </trkpt>
      <trkpt lat="55.6255017" lon="27.48681">
        <ele>143.3</ele>
        <time>2023-01-28T10:48:08Z</time>
        <hdop>1.5</hdop>
        <extensions>
          <speed>0.563</speed>
        </extensions>
      </trkpt>
      <trkpt lat="55.6254833" lon="27.4867633">
        <ele>143.4</ele>
        <time>2023-01-28T10:48:14Z</time>
        <hdop>1.5</hdop>
        <extensions>
          <speed>0.61</speed>
        </extensions>
      </trkpt>
      <trkpt lat="55.6254567" lon="27.4867483">
        <ele>143.7</ele>
        <time>2023-01-28T10:48:20Z</time>
        <hdop>1.5</hdop>
        <extensions>
          <speed>0.562</speed>
        </extensions>
      </trkpt>
      <trkpt lat="55.6254333" lon="27.4867067">
        <ele>143.7</ele>
        <time>2023-01-28T10:48:26Z</time>
        <hdop>1.5</hdop>
        <extensions>
          <speed>0.53</speed>
        </extensions>
      </trkpt>
      <trkpt lat="55.6254317" lon="27.48665">
        <ele>143.7</ele>
        <time>2023-01-28T10:48:32Z</time>
        <hdop>1.6</hdop>
        <extensions>
          <speed>0.498</speed>
        </extensions>
      </trkpt>
      <trkpt lat="55.625425" lon="27.4865683">
        <ele>143.8</ele>
        <time>2023-01-28T10:48:38Z</time>
        <hdop>1.6</hdop>
        <extensions>
          <speed>0.541</speed>
        </extensions>
      </trkpt>
      <trkpt lat="55.6254033" lon="27.4865">
        <ele>144.1</ele>
        <time>2023-01-28T10:48:44Z</time>
        <hdop>1.5</hdop>
        <extensions>
          <speed>0.636</speed>
        </extensions>
      </trkpt>
      <trkpt lat="55.625375" lon="27.4864767">
        <ele>143.4</ele>
        <time>2023-01-28T10:49:05Z</time>
        <hdop>1.5</hdop>
        <extensions>
          <speed>0.318</speed>
        </extensions>
      </trkpt>
      <trkpt lat="55.6253633" lon="27.4864383">
        <ele>143.3</ele>
        <time>2023-01-28T10:49:11Z</time>
        <hdop>1.5</hdop>
        <extensions>
          <speed>0.427</speed>
        </extensions>
      </trkpt>
      <trkpt lat="55.62534" lon="27.486415">
        <ele>143.8</ele>
        <time>2023-01-28T10:49:40Z</time>
        <hdop>1.4</hdop>
        <extensions>
          <speed>0.223</speed>
        </extensions>
      </trkpt>
      <trkpt lat="55.6253617" lon="27.4863717">
        <ele>143.8</ele>
        <time>2023-01-28T10:49:53Z</time>
        <hdop>1.6</hdop>
        <extensions>
          <speed>0.215</speed>
        </extensions>
      </trkpt>
      <trkpt lat="55.6253617" lon="27.4863367">
        <ele>143.9</ele>
        <time>2023-01-28T10:49:58Z</time>
        <hdop>1.7</hdop>
        <extensions>
          <speed>0.39</speed>
        </extensions>
      </trkpt>
      <trkpt lat="55.6253433" lon="27.4863367">
        <ele>144.2</ele>
        <time>2023-01-28T10:50:04Z</time>
        <hdop>1.6</hdop>
      </trkpt>
      <trkpt lat="55.625355" lon="27.48637">
        <ele>144</ele>
        <time>2023-01-28T10:50:51Z</time>
        <hdop>1.7</hdop>
        <extensions>
          <speed>0.218</speed>
        </extensions>
      </trkpt>
      <trkpt lat="55.625345" lon="27.4863417">
        <ele>142.3</ele>
        <time>2023-01-28T10:51:39Z</time>
        <hdop>1.6</hdop>
      </trkpt>
      <trkpt lat="55.6253283" lon="27.486325">
        <ele>142.7</ele>
        <time>2023-01-28T10:52:47Z</time>
        <hdop>2.3</hdop>
        <extensions>
          <speed>0.253</speed>
        </extensions>
      </trkpt>
      <trkpt lat="55.6253617" lon="27.4862817">
        <ele>145</ele>
        <time>2023-01-28T10:54:12Z</time>
        <hdop>1.7</hdop>
        <extensions>
          <speed>0.299</speed>
        </extensions>
      </trkpt>
      <trkpt lat="55.62533" lon="27.4863117">
        <ele>145.7</ele>
        <time>2023-01-28T10:55:05Z</time>
        <hdop>1.3</hdop>
        <extensions>
          <speed>0.29</speed>
        </extensions>
      </trkpt>
      <trkpt lat="55.6253283" lon="27.486275">
        <ele>145.6</ele>
        <time>2023-01-28T10:55:46Z</time>
        <hdop>1.3</hdop>
        <extensions>
          <speed>0.221</speed>
        </extensions>
      </trkpt>
      <trkpt lat="55.6253033" lon="27.4862867">
        <ele>144.1</ele>
        <time>2023-01-28T10:57:22Z</time>
        <hdop>1.6</hdop>
        <extensions>
          <speed>0.296</speed>
        </extensions>
      </trkpt>
      <trkpt lat="55.6252833" lon="27.4862933">
        <ele>144.3</ele>
        <time>2023-01-28T10:57:29Z</time>
        <hdop>1.6</hdop>
        <extensions>
          <speed>0.485</speed>
        </extensions>
      </trkpt>
      <trkpt lat="55.62526" lon="27.48626">
        <ele>144</ele>
        <time>2023-01-28T10:57:35Z</time>
        <hdop>1.6</hdop>
        <extensions>
          <speed>0.459</speed>
        </extensions>
      </trkpt>
      <trkpt lat="55.6252333" lon="27.486235">
        <ele>143.4</ele>
        <time>2023-01-28T10:57:41Z</time>
        <hdop>1.6</hdop>
        <extensions>
          <speed>0.556</speed>
        </extensions>
      </trkpt>
      <trkpt lat="55.6252117" lon="27.4862033">
        <ele>143.1</ele>
        <time>2023-01-28T10:57:47Z</time>
        <hdop>1.6</hdop>
        <extensions>
          <speed>0.494</speed>
        </extensions>
      </trkpt>
      <trkpt lat="55.6251933" lon="27.4861483">
        <ele>143.2</ele>
        <time>2023-01-28T10:57:52Z</time>
        <hdop>1.6</hdop>
        <extensions>
          <speed>0.506</speed>
        </extensions>
      </trkpt>
      <trkpt lat="55.6251767" lon="27.48612">
        <ele>143.4</ele>
        <time>2023-01-28T10:57:58Z</time>
        <hdop>1.5</hdop>
        <extensions>
          <speed>0.536</speed>
        </extensions>
      </trkpt>
      <trkpt lat="55.6251583" lon="27.4861267">
        <ele>143.2</ele>
        <time>2023-01-28T10:58:08Z</time>
        <hdop>1.6</hdop>
        <extensions>
          <speed>0.31</speed>
        </extensions>
      </trkpt>
      <trkpt lat="55.6251233" lon="27.486085">
        <ele>143.3</ele>
        <time>2023-01-28T10:58:14Z</time>
        <hdop>1.6</hdop>
        <extensions>
          <speed>0.605</speed>
        </extensions>
      </trkpt>
      <trkpt lat="55.6250767" lon="27.4860167">
        <ele>143.6</ele>
        <time>2023-01-28T10:58:20Z</time>
        <hdop>1.6</hdop>
        <extensions>
          <speed>0.781</speed>
        </extensions>
      </trkpt>
      <trkpt lat="55.6250383" lon="27.4859667">
        <ele>143.6</ele>
        <time>2023-01-28T10:58:26Z</time>
        <hdop>1.6</hdop>
        <extensions>
          <speed>0.791</speed>
        </extensions>
      </trkpt>
      <trkpt lat="55.6250033" lon="27.485905">
        <ele>143.2</ele>
        <time>2023-01-28T10:58:32Z</time>
        <hdop>1.6</hdop>
        <extensions>
          <speed>0.77</speed>
        </extensions>
      </trkpt>
      <trkpt lat="55.62497" lon="27.4858567">
        <ele>142.5</ele>
        <time>2023-01-28T10:58:38Z</time>
        <hdop>1.5</hdop>
        <extensions>
          <speed>0.767</speed>
        </extensions>
      </trkpt>
      <trkpt lat="55.6249633" lon="27.4858183">
        <ele>141.7</ele>
        <time>2023-01-28T10:58:49Z</time>
        <hdop>1.7</hdop>
        <extensions>
          <speed>0.354</speed>
        </extensions>
      </trkpt>
      <trkpt lat="55.62493" lon="27.4857983">
        <ele>141</ele>
        <time>2023-01-28T10:58:55Z</time>
        <hdop>1.6</hdop>
        <extensions>
          <speed>0.59</speed>
        </extensions>
      </trkpt>
      <trkpt lat="55.6249067" lon="27.48578">
        <ele>140.6</ele>
        <time>2023-01-28T10:59:00Z</time>
        <hdop>1.6</hdop>
        <extensions>
          <speed>0.608</speed>
        </extensions>
      </trkpt>
      <trkpt lat="55.6248817" lon="27.4857667">
        <ele>140.1</ele>
        <time>2023-01-28T10:59:06Z</time>
        <hdop>1.6</hdop>
        <extensions>
          <speed>0.529</speed>
        </extensions>
      </trkpt>
      <trkpt lat="55.624845" lon="27.4857483">
        <ele>139.8</ele>
        <time>2023-01-28T10:59:11Z</time>
        <hdop>1.6</hdop>
        <extensions>
          <speed>0.614</speed>
        </extensions>
      </trkpt>
      <trkpt lat="55.6248083" lon="27.485705">
        <ele>139.6</ele>
        <time>2023-01-28T10:59:16Z</time>
        <hdop>1.6</hdop>
        <extensions>
          <speed>0.773</speed>
        </extensions>
      </trkpt>
      <trkpt lat="55.6247833" lon="27.4856483">
        <ele>139.9</ele>
        <time>2023-01-28T10:59:21Z</time>
        <hdop>1.5</hdop>
        <extensions>
          <speed>0.798</speed>
        </extensions>
      </trkpt>
      <trkpt lat="55.62476" lon="27.485595">
        <ele>140.2</ele>
        <time>2023-01-28T10:59:26Z</time>
        <hdop>1.6</hdop>
        <extensions>
          <speed>0.751</speed>
        </extensions>
      </trkpt>
      <trkpt lat="55.6247467" lon="27.4855517">
        <ele>140.3</ele>
        <time>2023-01-28T10:59:32Z</time>
        <hdop>1.6</hdop>
        <extensions>
          <speed>0.634</speed>
        </extensions>
      </trkpt>
      <trkpt lat="55.6247167" lon="27.4855133">
        <ele>140.4</ele>
        <time>2023-01-28T10:59:38Z</time>
        <hdop>1.5</hdop>
        <extensions>
          <speed>0.666</speed>
        </extensions>
      </trkpt>
      <trkpt lat="55.6246783" lon="27.4854967">
        <ele>140.7</ele>
        <time>2023-01-28T10:59:44Z</time>
        <hdop>1.6</hdop>
        <extensions>
          <speed>0.877</speed>
        </extensions>
      </trkpt>
      <trkpt lat="55.62465" lon="27.48547">
        <ele>140.7</ele>
        <time>2023-01-28T10:59:50Z</time>
        <hdop>1.6</hdop>
        <extensions>
          <speed>0.738</speed>
        </extensions>
      </trkpt>
      <trkpt lat="55.6246017" lon="27.48542">
        <ele>140.6</ele>
        <time>2023-01-28T10:59:56Z</time>
        <hdop>1.6</hdop>
        <extensions>
          <speed>0.769</speed>
        </extensions>
      </trkpt>
      <trkpt lat="55.6245733" lon="27.4854">
        <ele>140.5</ele>
        <time>2023-01-28T11:00:02Z</time>
        <hdop>1.6</hdop>
        <extensions>
          <speed>0.818</speed>
        </extensions>
      </trkpt>
      <trkpt lat="55.6245483" lon="27.4854167">
        <ele>140.7</ele>
        <time>2023-01-28T11:00:08Z</time>
        <hdop>1.7</hdop>
        <extensions>
          <speed>0.698</speed>
        </extensions>
      </trkpt>
      <trkpt lat="55.624515" lon="27.48537">
        <ele>139.4</ele>
        <time>2023-01-28T11:00:14Z</time>
        <hdop>1.6</hdop>
        <extensions>
          <speed>0.609</speed>
        </extensions>
      </trkpt>
      <trkpt lat="55.6244633" lon="27.4853">
        <ele>138.7</ele>
        <time>2023-01-28T11:00:20Z</time>
        <hdop>1.6</hdop>
        <extensions>
          <speed>0.907</speed>
        </extensions>
      </trkpt>
      <trkpt lat="55.6244417" lon="27.4852817">
        <ele>138.2</ele>
        <time>2023-01-28T11:00:26Z</time>
        <hdop>1.5</hdop>
        <extensions>
          <speed>0.804</speed>
        </extensions>
      </trkpt>
      <trkpt lat="55.6244067" lon="27.4852517">
        <ele>138.2</ele>
        <time>2023-01-28T11:00:32Z</time>
        <hdop>1.6</hdop>
        <extensions>
          <speed>0.754</speed>
        </extensions>
      </trkpt>
      <trkpt lat="55.62437" lon="27.4852417">
        <ele>138.4</ele>
        <time>2023-01-28T11:00:38Z</time>
        <hdop>1.6</hdop>
        <extensions>
          <speed>0.804</speed>
        </extensions>
      </trkpt>
      <trkpt lat="55.6243233" lon="27.4851983">
        <ele>138.5</ele>
        <time>2023-01-28T11:00:44Z</time>
        <hdop>1.7</hdop>
        <extensions>
          <speed>0.891</speed>
        </extensions>
      </trkpt>
      <trkpt lat="55.6242933" lon="27.4851783">
        <ele>138.5</ele>
        <time>2023-01-28T11:00:50Z</time>
        <hdop>1.6</hdop>
        <extensions>
          <speed>0.787</speed>
        </extensions>
      </trkpt>
      <trkpt lat="55.6242633" lon="27.4851367">
        <ele>139</ele>
        <time>2023-01-28T11:00:56Z</time>
        <hdop>1.6</hdop>
        <extensions>
          <speed>0.669</speed>
        </extensions>
      </trkpt>
      <trkpt lat="55.6242383" lon="27.4850567">
        <ele>139.4</ele>
        <time>2023-01-28T11:01:02Z</time>
        <hdop>1.5</hdop>
        <extensions>
          <speed>0.731</speed>
        </extensions>
      </trkpt>
      <trkpt lat="55.6241983" lon="27.4850267">
        <ele>139.8</ele>
        <time>2023-01-28T11:01:08Z</time>
        <hdop>1.6</hdop>
        <extensions>
          <speed>0.827</speed>
        </extensions>
      </trkpt>
      <trkpt lat="55.62416" lon="27.484995">
        <ele>140</ele>
        <time>2023-01-28T11:01:14Z</time>
        <hdop>1.7</hdop>
        <extensions>
          <speed>0.798</speed>
        </extensions>
      </trkpt>
      <trkpt lat="55.624125" lon="27.4849517">
        <ele>140.1</ele>
        <time>2023-01-28T11:01:20Z</time>
        <hdop>1.6</hdop>
        <extensions>
          <speed>0.677</speed>
        </extensions>
      </trkpt>
      <trkpt lat="55.62409" lon="27.48491">
        <ele>139.8</ele>
        <time>2023-01-28T11:01:26Z</time>
        <hdop>1.6</hdop>
        <extensions>
          <speed>0.773</speed>
        </extensions>
      </trkpt>
      <trkpt lat="55.6240733" lon="27.4848833">
        <ele>139.1</ele>
        <time>2023-01-28T11:01:32Z</time>
        <hdop>1.6</hdop>
        <extensions>
          <speed>0.692</speed>
        </extensions>
      </trkpt>
      <trkpt lat="55.6240517" lon="27.4848267">
        <ele>139.4</ele>
        <time>2023-01-28T11:01:38Z</time>
        <hdop>1.6</hdop>
        <extensions>
          <speed>0.547</speed>
        </extensions>
      </trkpt>
      <trkpt lat="55.6240167" lon="27.4848117">
        <ele>139.8</ele>
        <time>2023-01-28T11:01:44Z</time>
        <hdop>1.6</hdop>
        <extensions>
          <speed>0.567</speed>
        </extensions>
      </trkpt>
      <trkpt lat="55.623985" lon="27.484745">
        <ele>140.2</ele>
        <time>2023-01-28T11:01:50Z</time>
        <hdop>1.6</hdop>
        <extensions>
          <speed>0.656</speed>
        </extensions>
      </trkpt>
      <trkpt lat="55.623955" lon="27.4846917">
        <ele>140.2</ele>
        <time>2023-01-28T11:01:56Z</time>
        <hdop>1.6</hdop>
        <extensions>
          <speed>0.735</speed>
        </extensions>
      </trkpt>
      <trkpt lat="55.6239283" lon="27.48462">
        <ele>140.7</ele>
        <time>2023-01-28T11:02:02Z</time>
        <hdop>1.6</hdop>
        <extensions>
          <speed>0.744</speed>
        </extensions>
      </trkpt>
      <trkpt lat="55.6239033" lon="27.4845483">
        <ele>141.3</ele>
        <time>2023-01-28T11:02:08Z</time>
        <hdop>1.6</hdop>
        <extensions>
          <speed>0.739</speed>
        </extensions>
      </trkpt>
      <trkpt lat="55.623885" lon="27.4845067">
        <ele>141.7</ele>
        <time>2023-01-28T11:02:14Z</time>
        <hdop>1.5</hdop>
        <extensions>
          <speed>0.644</speed>
        </extensions>
      </trkpt>
      <trkpt lat="55.6238483" lon="27.4844867">
        <ele>141.8</ele>
        <time>2023-01-28T11:02:20Z</time>
        <hdop>1.5</hdop>
        <extensions>
          <speed>0.688</speed>
        </extensions>
      </trkpt>
      <trkpt lat="55.6238083" lon="27.4844517">
        <ele>141.8</ele>
        <time>2023-01-28T11:02:26Z</time>
        <hdop>1.6</hdop>
        <extensions>
          <speed>0.767</speed>
        </extensions>
      </trkpt>
      <trkpt lat="55.6237817" lon="27.484435">
        <ele>141.7</ele>
        <time>2023-01-28T11:02:32Z</time>
        <hdop>1.6</hdop>
        <extensions>
          <speed>0.677</speed>
        </extensions>
      </trkpt>
      <trkpt lat="55.6237517" lon="27.48434">
        <ele>142.5</ele>
        <time>2023-01-28T11:02:38Z</time>
        <hdop>1.6</hdop>
        <extensions>
          <speed>0.713</speed>
        </extensions>
      </trkpt>
      <trkpt lat="55.62374" lon="27.48428">
        <ele>142.9</ele>
        <time>2023-01-28T11:02:44Z</time>
        <hdop>1.6</hdop>
        <extensions>
          <speed>0.729</speed>
        </extensions>
      </trkpt>
      <trkpt lat="55.62372" lon="27.484295">
        <ele>143.1</ele>
        <time>2023-01-28T11:02:52Z</time>
        <hdop>1.6</hdop>
        <extensions>
          <speed>0.496</speed>
        </extensions>
      </trkpt>
      <trkpt lat="55.6236933" lon="27.4843183">
        <ele>143.2</ele>
        <time>2023-01-28T11:02:57Z</time>
        <hdop>1.6</hdop>
        <extensions>
          <speed>0.553</speed>
        </extensions>
      </trkpt>
      <trkpt lat="55.62367" lon="27.4843233">
        <ele>143.2</ele>
        <time>2023-01-28T11:03:02Z</time>
        <hdop>1.6</hdop>
        <extensions>
          <speed>0.627</speed>
        </extensions>
      </trkpt>
      <trkpt lat="55.6236483" lon="27.48431">
        <ele>143.2</ele>
        <time>2023-01-28T11:03:10Z</time>
        <hdop>1.6</hdop>
        <extensions>
          <speed>0.345</speed>
        </extensions>
      </trkpt>
      <trkpt lat="55.6236" lon="27.4842583">
        <ele>143.7</ele>
        <time>2023-01-28T11:03:16Z</time>
        <hdop>1.7</hdop>
        <extensions>
          <speed>0.588</speed>
        </extensions>
      </trkpt>
      <trkpt lat="55.623595" lon="27.48422">
        <ele>142.9</ele>
        <time>2023-01-28T11:03:21Z</time>
        <hdop>1.6</hdop>
        <extensions>
          <speed>0.677</speed>
        </extensions>
      </trkpt>
      <trkpt lat="55.6235867" lon="27.48425">
        <ele>143.5</ele>
        <time>2023-01-28T11:05:49Z</time>
        <hdop>1.4</hdop>
      </trkpt>
      <trkpt lat="55.623575" lon="27.4842217">
        <ele>143.3</ele>
        <time>2023-01-28T11:06:07Z</time>
        <hdop>1.4</hdop>
        <extensions>
          <speed>0.234</speed>
        </extensions>
      </trkpt>
      <trkpt lat="55.62358" lon="27.4841667">
        <ele>142.7</ele>
        <time>2023-01-28T11:06:12Z</time>
        <hdop>1.6</hdop>
        <extensions>
          <speed>0.56</speed>
        </extensions>
      </trkpt>
      <trkpt lat="55.62356" lon="27.4841317">
        <ele>141.8</ele>
        <time>2023-01-28T11:06:17Z</time>
        <hdop>1.6</hdop>
        <extensions>
          <speed>0.683</speed>
        </extensions>
      </trkpt>
      <trkpt lat="55.6235517" lon="27.4840767">
        <ele>140.8</ele>
        <time>2023-01-28T11:06:23Z</time>
        <hdop>1.6</hdop>
        <extensions>
          <speed>0.571</speed>
        </extensions>
      </trkpt>
      <trkpt lat="55.62354" lon="27.4840183">
        <ele>140.3</ele>
        <time>2023-01-28T11:06:28Z</time>
        <hdop>1.6</hdop>
        <extensions>
          <speed>0.615</speed>
        </extensions>
      </trkpt>
      <trkpt lat="55.6235167" lon="27.4839717">
        <ele>139.7</ele>
        <time>2023-01-28T11:06:33Z</time>
        <hdop>1.6</hdop>
        <extensions>
          <speed>0.678</speed>
        </extensions>
      </trkpt>
      <trkpt lat="55.6234933" lon="27.4839283">
        <ele>139.1</ele>
        <time>2023-01-28T11:06:38Z</time>
        <hdop>1.6</hdop>
        <extensions>
          <speed>0.693</speed>
        </extensions>
      </trkpt>
      <trkpt lat="55.623475" lon="27.4838867">
        <ele>138.8</ele>
        <time>2023-01-28T11:06:44Z</time>
        <hdop>1.5</hdop>
        <extensions>
          <speed>0.579</speed>
        </extensions>
      </trkpt>
      <trkpt lat="55.6234467" lon="27.483805">
        <ele>138.8</ele>
        <time>2023-01-28T11:06:50Z</time>
        <hdop>1.5</hdop>
        <extensions>
          <speed>0.63</speed>
        </extensions>
      </trkpt>
      <trkpt lat="55.6234317" lon="27.4837083">
        <ele>138.8</ele>
        <time>2023-01-28T11:06:56Z</time>
        <hdop>1.6</hdop>
        <extensions>
          <speed>0.816</speed>
        </extensions>
      </trkpt>
      <trkpt lat="55.6234067" lon="27.4836517">
        <ele>138.7</ele>
        <time>2023-01-28T11:07:02Z</time>
        <hdop>1.5</hdop>
        <extensions>
          <speed>0.845</speed>
        </extensions>
      </trkpt>
      <trkpt lat="55.62338" lon="27.4836017">
        <ele>138.5</ele>
        <time>2023-01-28T11:07:08Z</time>
        <hdop>1.6</hdop>
        <extensions>
          <speed>0.773</speed>
        </extensions>
      </trkpt>
      <trkpt lat="55.6233517" lon="27.48354">
        <ele>138.5</ele>
        <time>2023-01-28T11:07:14Z</time>
        <hdop>1.5</hdop>
        <extensions>
          <speed>0.782</speed>
        </extensions>
      </trkpt>
      <trkpt lat="55.6233133" lon="27.4834933">
        <ele>138.5</ele>
        <time>2023-01-28T11:07:20Z</time>
        <hdop>1.6</hdop>
        <extensions>
          <speed>0.833</speed>
        </extensions>
      </trkpt>
      <trkpt lat="55.6232817" lon="27.48345">
        <ele>138.8</ele>
        <time>2023-01-28T11:07:26Z</time>
        <hdop>1.5</hdop>
        <extensions>
          <speed>0.751</speed>
        </extensions>
      </trkpt>
      <trkpt lat="55.6232567" lon="27.483405">
        <ele>138.9</ele>
        <time>2023-01-28T11:07:32Z</time>
        <hdop>1.5</hdop>
        <extensions>
          <speed>0.611</speed>
        </extensions>
      </trkpt>
      <trkpt lat="55.623235" lon="27.4833567">
        <ele>139.2</ele>
        <time>2023-01-28T11:07:38Z</time>
        <hdop>1.5</hdop>
        <extensions>
          <speed>0.602</speed>
        </extensions>
      </trkpt>
      <trkpt lat="55.6232233" lon="27.4833017">
        <ele>139.9</ele>
        <time>2023-01-28T11:07:44Z</time>
        <hdop>1.6</hdop>
        <extensions>
          <speed>0.584</speed>
        </extensions>
      </trkpt>
      <trkpt lat="55.6232017" lon="27.4832317">
        <ele>140.5</ele>
        <time>2023-01-28T11:07:50Z</time>
        <hdop>1.6</hdop>
        <extensions>
          <speed>0.64</speed>
        </extensions>
      </trkpt>
      <trkpt lat="55.6231767" lon="27.4831767">
        <ele>140.8</ele>
        <time>2023-01-28T11:07:56Z</time>
        <hdop>1.5</hdop>
        <extensions>
          <speed>0.758</speed>
        </extensions>
      </trkpt>
      <trkpt lat="55.62317" lon="27.4830783">
        <ele>141.1</ele>
        <time>2023-01-28T11:08:02Z</time>
        <hdop>1.6</hdop>
        <extensions>
          <speed>0.795</speed>
        </extensions>
      </trkpt>
      <trkpt lat="55.6231617" lon="27.483025">
        <ele>140.9</ele>
        <time>2023-01-28T11:08:08Z</time>
        <hdop>1.6</hdop>
        <extensions>
          <speed>0.816</speed>
        </extensions>
      </trkpt>
      <trkpt lat="55.6231417" lon="27.4829667">
        <ele>140.9</ele>
        <time>2023-01-28T11:08:14Z</time>
        <hdop>1.6</hdop>
        <extensions>
          <speed>0.67</speed>
        </extensions>
      </trkpt>
      <trkpt lat="55.6231083" lon="27.48294">
        <ele>141.1</ele>
        <time>2023-01-28T11:08:20Z</time>
        <hdop>1.6</hdop>
        <extensions>
          <speed>0.685</speed>
        </extensions>
      </trkpt>
      <trkpt lat="55.6230767" lon="27.482905">
        <ele>141.2</ele>
        <time>2023-01-28T11:08:26Z</time>
        <hdop>1.6</hdop>
        <extensions>
          <speed>0.684</speed>
        </extensions>
      </trkpt>
      <trkpt lat="55.6230433" lon="27.4828167">
        <ele>141.2</ele>
        <time>2023-01-28T11:08:32Z</time>
        <hdop>1.6</hdop>
        <extensions>
          <speed>0.825</speed>
        </extensions>
      </trkpt>
      <trkpt lat="55.6230183" lon="27.4827333">
        <ele>141.5</ele>
        <time>2023-01-28T11:08:38Z</time>
        <hdop>1.7</hdop>
        <extensions>
          <speed>0.873</speed>
        </extensions>
      </trkpt>
      <trkpt lat="55.6230017" lon="27.4826667">
        <ele>141.1</ele>
        <time>2023-01-28T11:08:44Z</time>
        <hdop>1.7</hdop>
        <extensions>
          <speed>0.844</speed>
        </extensions>
      </trkpt>
      <trkpt lat="55.6229567" lon="27.4825817">
        <ele>140.5</ele>
        <time>2023-01-28T11:08:50Z</time>
        <hdop>1.7</hdop>
        <extensions>
          <speed>0.92</speed>
        </extensions>
      </trkpt>
      <trkpt lat="55.6229233" lon="27.4825767">
        <ele>140</ele>
        <time>2023-01-28T11:08:56Z</time>
        <hdop>1.6</hdop>
        <extensions>
          <speed>0.83</speed>
        </extensions>
      </trkpt>
      <trkpt lat="55.6228833" lon="27.482565">
        <ele>139.5</ele>
        <time>2023-01-28T11:09:02Z</time>
        <hdop>1.6</hdop>
        <extensions>
          <speed>0.795</speed>
        </extensions>
      </trkpt>
      <trkpt lat="55.6228467" lon="27.4825183">
        <ele>139.5</ele>
        <time>2023-01-28T11:09:08Z</time>
        <hdop>1.7</hdop>
        <extensions>
          <speed>0.815</speed>
        </extensions>
      </trkpt>
      <trkpt lat="55.6228333" lon="27.482425">
        <ele>139</ele>
        <time>2023-01-28T11:09:14Z</time>
        <hdop>1.7</hdop>
        <extensions>
          <speed>0.784</speed>
        </extensions>
      </trkpt>
      <trkpt lat="55.6228067" lon="27.4823333">
        <ele>139</ele>
        <time>2023-01-28T11:09:20Z</time>
        <hdop>1.7</hdop>
        <extensions>
          <speed>0.912</speed>
        </extensions>
      </trkpt>
      <trkpt lat="55.6227767" lon="27.482305">
        <ele>137.9</ele>
        <time>2023-01-28T11:09:26Z</time>
        <hdop>1.6</hdop>
        <extensions>
          <speed>0.85</speed>
        </extensions>
      </trkpt>
      <trkpt lat="55.6227417" lon="27.4822683">
        <ele>137.6</ele>
        <time>2023-01-28T11:09:32Z</time>
        <hdop>1.6</hdop>
        <extensions>
          <speed>0.746</speed>
        </extensions>
      </trkpt>
      <trkpt lat="55.6227267" lon="27.482195">
        <ele>137.5</ele>
        <time>2023-01-28T11:09:38Z</time>
        <hdop>1.6</hdop>
        <extensions>
          <speed>0.742</speed>
        </extensions>
      </trkpt>
      <trkpt lat="55.6227083" lon="27.482135">
        <ele>137.8</ele>
        <time>2023-01-28T11:09:44Z</time>
        <hdop>1.6</hdop>
        <extensions>
          <speed>0.805</speed>
        </extensions>
      </trkpt>
      <trkpt lat="55.6226633" lon="27.482115">
        <ele>138</ele>
        <time>2023-01-28T11:09:50Z</time>
        <hdop>1.6</hdop>
        <extensions>
          <speed>0.803</speed>
        </extensions>
      </trkpt>
      <trkpt lat="55.6226217" lon="27.4820667">
        <ele>137.9</ele>
        <time>2023-01-28T11:09:56Z</time>
        <hdop>1.7</hdop>
        <extensions>
          <speed>0.772</speed>
        </extensions>
      </trkpt>
      <trkpt lat="55.6225883" lon="27.482015">
        <ele>138.1</ele>
        <time>2023-01-28T11:10:02Z</time>
        <hdop>1.6</hdop>
        <extensions>
          <speed>0.607</speed>
        </extensions>
      </trkpt>
      <trkpt lat="55.622575" lon="27.481985">
        <ele>137.9</ele>
        <time>2023-01-28T11:10:08Z</time>
        <hdop>1.6</hdop>
        <extensions>
          <speed>0.446</speed>
        </extensions>
      </trkpt>
      <trkpt lat="55.6225533" lon="27.4819867">
        <ele>138</ele>
        <time>2023-01-28T11:10:14Z</time>
        <hdop>1.5</hdop>
        <extensions>
          <speed>0.443</speed>
        </extensions>
      </trkpt>
      <trkpt lat="55.6225467" lon="27.48195">
        <ele>138.2</ele>
        <time>2023-01-28T11:10:23Z</time>
        <hdop>1.3</hdop>
        <extensions>
          <speed>0.302</speed>
        </extensions>
      </trkpt>
      <trkpt lat="55.62255" lon="27.4819167">
        <ele>139</ele>
        <time>2023-01-28T11:10:30Z</time>
        <hdop>1.6</hdop>
        <extensions>
          <speed>0.546</speed>
        </extensions>
      </trkpt>
      <trkpt lat="55.6225333" lon="27.4818717">
        <ele>139.2</ele>
        <time>2023-01-28T11:10:35Z</time>
        <hdop>1.7</hdop>
        <extensions>
          <speed>0.487</speed>
        </extensions>
      </trkpt>
      <trkpt lat="55.6225167" lon="27.48179">
        <ele>139.3</ele>
        <time>2023-01-28T11:10:41Z</time>
        <hdop>1.7</hdop>
        <extensions>
          <speed>0.767</speed>
        </extensions>
      </trkpt>
      <trkpt lat="55.6224883" lon="27.4817283">
        <ele>139.4</ele>
        <time>2023-01-28T11:10:47Z</time>
        <hdop>1.7</hdop>
        <extensions>
          <speed>0.823</speed>
        </extensions>
      </trkpt>
      <trkpt lat="55.622475" lon="27.4816533">
        <ele>139.6</ele>
        <time>2023-01-28T11:10:53Z</time>
        <hdop>1.7</hdop>
        <extensions>
          <speed>0.76</speed>
        </extensions>
      </trkpt>
      <trkpt lat="55.622455" lon="27.4816167">
        <ele>139.5</ele>
        <time>2023-01-28T11:10:58Z</time>
        <hdop>1.7</hdop>
        <extensions>
          <speed>0.75</speed>
        </extensions>
      </trkpt>
      <trkpt lat="55.6224383" lon="27.4815617">
        <ele>139</ele>
        <time>2023-01-28T11:11:04Z</time>
        <hdop>1.7</hdop>
        <extensions>
          <speed>0.792</speed>
        </extensions>
      </trkpt>
      <trkpt lat="55.6224117" lon="27.481515">
        <ele>139</ele>
        <time>2023-01-28T11:11:09Z</time>
        <hdop>1.6</hdop>
        <extensions>
          <speed>0.786</speed>
        </extensions>
      </trkpt>
      <trkpt lat="55.622385" lon="27.4814683">
        <ele>139</ele>
        <time>2023-01-28T11:11:14Z</time>
        <hdop>1.6</hdop>
        <extensions>
          <speed>0.786</speed>
        </extensions>
      </trkpt>
      <trkpt lat="55.6223467" lon="27.4814467">
        <ele>139.1</ele>
        <time>2023-01-28T11:11:20Z</time>
        <hdop>1.6</hdop>
        <extensions>
          <speed>0.767</speed>
        </extensions>
      </trkpt>
      <trkpt lat="55.62232" lon="27.4814067">
        <ele>138.8</ele>
        <time>2023-01-28T11:11:26Z</time>
        <hdop>1.6</hdop>
        <extensions>
          <speed>0.722</speed>
        </extensions>
      </trkpt>
      <trkpt lat="55.622275" lon="27.4813867">
        <ele>138.7</ele>
        <time>2023-01-28T11:11:32Z</time>
        <hdop>1.6</hdop>
        <extensions>
          <speed>0.772</speed>
        </extensions>
      </trkpt>
      <trkpt lat="55.6222483" lon="27.4813617">
        <ele>138.8</ele>
        <time>2023-01-28T11:11:38Z</time>
        <hdop>1.6</hdop>
        <extensions>
          <speed>0.645</speed>
        </extensions>
      </trkpt>
      <trkpt lat="55.6222517" lon="27.48132">
        <ele>139.6</ele>
        <time>2023-01-28T11:11:48Z</time>
        <hdop>1.6</hdop>
      </trkpt>
      <trkpt lat="55.6222183" lon="27.4812967">
        <ele>139.3</ele>
        <time>2023-01-28T11:12:19Z</time>
        <hdop>1.4</hdop>
        <extensions>
          <speed>0.198</speed>
        </extensions>
      </trkpt>
      <trkpt lat="55.62224" lon="27.4812633">
        <ele>138.3</ele>
        <time>2023-01-28T11:14:33Z</time>
        <hdop>2.2</hdop>
      </trkpt>
      <trkpt lat="55.6222183" lon="27.4812767">
        <ele>137.9</ele>
        <time>2023-01-28T11:15:20Z</time>
        <hdop>1.5</hdop>
      </trkpt>
      <trkpt lat="55.6222183" lon="27.4812433">
        <ele>141.1</ele>
        <time>2023-01-28T11:17:33Z</time>
        <hdop>1.5</hdop>
      </trkpt>
      <trkpt lat="55.6222083" lon="27.4812717">
        <ele>141.7</ele>
        <time>2023-01-28T11:17:55Z</time>
        <hdop>1.2</hdop>
        <extensions>
          <speed>0.256</speed>
        </extensions>
      </trkpt>
      <trkpt lat="55.622225" lon="27.4812883">
        <ele>142</ele>
        <time>2023-01-28T11:18:00Z</time>
        <hdop>1.6</hdop>
        <extensions>
          <speed>0.447</speed>
        </extensions>
      </trkpt>
      <trkpt lat="55.6222133" lon="27.481245">
        <ele>141.4</ele>
        <time>2023-01-28T11:18:38Z</time>
        <hdop>1.7</hdop>
        <extensions>
          <speed>0.307</speed>
        </extensions>
      </trkpt>
      <trkpt lat="55.622185" lon="27.4811567">
        <ele>141.8</ele>
        <time>2023-01-28T11:18:44Z</time>
        <hdop>1.8</hdop>
        <extensions>
          <speed>0.643</speed>
        </extensions>
      </trkpt>
      <trkpt lat="55.6221767" lon="27.4810983">
        <ele>142.1</ele>
        <time>2023-01-28T11:18:50Z</time>
        <hdop>1.8</hdop>
        <extensions>
          <speed>0.738</speed>
        </extensions>
      </trkpt>
      <trkpt lat="55.6221533" lon="27.481105">
        <ele>141.7</ele>
        <time>2023-01-28T11:18:57Z</time>
        <hdop>1.7</hdop>
        <extensions>
          <speed>0.474</speed>
        </extensions>
      </trkpt>
      <trkpt lat="55.622125" lon="27.4810867">
        <ele>141.3</ele>
        <time>2023-01-28T11:19:02Z</time>
        <hdop>1.7</hdop>
        <extensions>
          <speed>0.436</speed>
        </extensions>
      </trkpt>
      <trkpt lat="55.6220983" lon="27.4810633">
        <ele>141</ele>
        <time>2023-01-28T11:19:08Z</time>
        <hdop>1.7</hdop>
        <extensions>
          <speed>0.576</speed>
        </extensions>
      </trkpt>
      <trkpt lat="55.6220967" lon="27.4810033">
        <ele>140.9</ele>
        <time>2023-01-28T11:19:14Z</time>
        <hdop>1.8</hdop>
        <extensions>
          <speed>0.628</speed>
        </extensions>
      </trkpt>
      <trkpt lat="55.622075" lon="27.4809783">
        <ele>140.3</ele>
        <time>2023-01-28T11:19:20Z</time>
        <hdop>1.7</hdop>
        <extensions>
          <speed>0.633</speed>
        </extensions>
      </trkpt>
      <trkpt lat="55.6220417" lon="27.4809617">
        <ele>140.6</ele>
        <time>2023-01-28T11:19:26Z</time>
        <hdop>1.8</hdop>
        <extensions>
          <speed>0.52</speed>
        </extensions>
      </trkpt>
      <trkpt lat="55.6219967" lon="27.48091">
        <ele>140.9</ele>
        <time>2023-01-28T11:19:32Z</time>
        <hdop>1.7</hdop>
        <extensions>
          <speed>0.556</speed>
        </extensions>
      </trkpt>
      <trkpt lat="55.6219717" lon="27.4808517">
        <ele>140.7</ele>
        <time>2023-01-28T11:19:38Z</time>
        <hdop>1.8</hdop>
        <extensions>
          <speed>0.737</speed>
        </extensions>
      </trkpt>
      <trkpt lat="55.62197" lon="27.480795">
        <ele>140.8</ele>
        <time>2023-01-28T11:19:44Z</time>
        <hdop>1.7</hdop>
        <extensions>
          <speed>0.699</speed>
        </extensions>
      </trkpt>
      <trkpt lat="55.6219517" lon="27.480745">
        <ele>140.6</ele>
        <time>2023-01-28T11:19:50Z</time>
        <hdop>1.7</hdop>
        <extensions>
          <speed>0.547</speed>
        </extensions>
      </trkpt>
      <trkpt lat="55.62194" lon="27.480685">
        <ele>140.2</ele>
        <time>2023-01-28T11:19:56Z</time>
        <hdop>1.7</hdop>
        <extensions>
          <speed>0.573</speed>
        </extensions>
      </trkpt>
      <trkpt lat="55.6219217" lon="27.480645">
        <ele>140</ele>
        <time>2023-01-28T11:20:02Z</time>
        <hdop>1.7</hdop>
        <extensions>
          <speed>0.539</speed>
        </extensions>
      </trkpt>
      <trkpt lat="55.6218983" lon="27.4806317">
        <ele>139.4</ele>
        <time>2023-01-28T11:20:08Z</time>
        <hdop>1.7</hdop>
        <extensions>
          <speed>0.472</speed>
        </extensions>
      </trkpt>
      <trkpt lat="55.6218917" lon="27.4805867">
        <ele>138.8</ele>
        <time>2023-01-28T11:20:14Z</time>
        <hdop>1.7</hdop>
      </trkpt>
      <trkpt lat="55.62187" lon="27.48056">
        <ele>139.2</ele>
        <time>2023-01-28T11:20:20Z</time>
        <hdop>1.8</hdop>
        <extensions>
          <speed>0.432</speed>
        </extensions>
      </trkpt>
      <trkpt lat="55.6218533" lon="27.48051">
        <ele>139.4</ele>
        <time>2023-01-28T11:20:26Z</time>
        <hdop>1.8</hdop>
        <extensions>
          <speed>0.411</speed>
        </extensions>
      </trkpt>
      <trkpt lat="55.62184" lon="27.4804567">
        <ele>140.4</ele>
        <time>2023-01-28T11:20:32Z</time>
        <hdop>1.8</hdop>
        <extensions>
          <speed>0.47</speed>
        </extensions>
      </trkpt>
      <trkpt lat="55.6218283" lon="27.4804183">
        <ele>140.5</ele>
        <time>2023-01-28T11:20:38Z</time>
        <hdop>1.7</hdop>
        <extensions>
          <speed>0.497</speed>
        </extensions>
      </trkpt>
      <trkpt lat="55.62179" lon="27.4803733">
        <ele>140.6</ele>
        <time>2023-01-28T11:20:44Z</time>
        <hdop>1.7</hdop>
        <extensions>
          <speed>0.694</speed>
        </extensions>
      </trkpt>
      <trkpt lat="55.6217633" lon="27.4803">
        <ele>140.7</ele>
        <time>2023-01-28T11:20:50Z</time>
        <hdop>1.6</hdop>
        <extensions>
          <speed>0.78</speed>
        </extensions>
      </trkpt>
      <trkpt lat="55.6217283" lon="27.480235">
        <ele>140.7</ele>
        <time>2023-01-28T11:20:56Z</time>
        <hdop>1.7</hdop>
        <extensions>
          <speed>0.789</speed>
        </extensions>
      </trkpt>
      <trkpt lat="55.6216983" lon="27.4801667">
        <ele>140.3</ele>
        <time>2023-01-28T11:21:02Z</time>
        <hdop>1.7</hdop>
        <extensions>
          <speed>0.872</speed>
        </extensions>
      </trkpt>
      <trkpt lat="55.6216733" lon="27.480095">
        <ele>139.5</ele>
        <time>2023-01-28T11:21:08Z</time>
        <hdop>1.7</hdop>
        <extensions>
          <speed>0.696</speed>
        </extensions>
      </trkpt>
      <trkpt lat="55.6216433" lon="27.4800417">
        <ele>138.8</ele>
        <time>2023-01-28T11:21:14Z</time>
        <hdop>1.8</hdop>
        <extensions>
          <speed>0.695</speed>
        </extensions>
      </trkpt>
      <trkpt lat="55.6216433" lon="27.4800067">
        <ele>139.6</ele>
        <time>2023-01-28T11:21:34Z</time>
        <hdop>1.1</hdop>
        <extensions>
          <speed>0.249</speed>
        </extensions>
      </trkpt>
      <trkpt lat="55.621645" lon="27.4799533">
        <ele>139</ele>
        <time>2023-01-28T11:21:39Z</time>
        <hdop>1.7</hdop>
      </trkpt>
      <trkpt lat="55.62163" lon="27.47999">
        <ele>139.7</ele>
        <time>2023-01-28T11:21:55Z</time>
        <hdop>1.5</hdop>
        <extensions>
          <speed>0.296</speed>
        </extensions>
      </trkpt>
      <trkpt lat="55.6215933" lon="27.479945">
        <ele>139.8</ele>
        <time>2023-01-28T11:22:01Z</time>
        <hdop>1.6</hdop>
        <extensions>
          <speed>0.63</speed>
        </extensions>
      </trkpt>
      <trkpt lat="55.621585" lon="27.4799">
        <ele>139.8</ele>
        <time>2023-01-28T11:22:06Z</time>
        <hdop>1.6</hdop>
        <extensions>
          <speed>0.608</speed>
        </extensions>
      </trkpt>
      <trkpt lat="55.62157" lon="27.4798367">
        <ele>139.7</ele>
        <time>2023-01-28T11:22:12Z</time>
        <hdop>1.5</hdop>
        <extensions>
          <speed>0.555</speed>
        </extensions>
      </trkpt>
      <trkpt lat="55.6215567" lon="27.4797967">
        <ele>140</ele>
        <time>2023-01-28T11:22:18Z</time>
        <hdop>1.6</hdop>
        <extensions>
          <speed>0.559</speed>
        </extensions>
      </trkpt>
      <trkpt lat="55.6215367" lon="27.4797583">
        <ele>140</ele>
        <time>2023-01-28T11:22:23Z</time>
        <hdop>1.6</hdop>
        <extensions>
          <speed>0.592</speed>
        </extensions>
      </trkpt>
      <trkpt lat="55.62152" lon="27.4797417">
        <ele>139.7</ele>
        <time>2023-01-28T11:22:29Z</time>
        <hdop>1.5</hdop>
        <extensions>
          <speed>0.526</speed>
        </extensions>
      </trkpt>
      <trkpt lat="55.6215167" lon="27.4796717">
        <ele>139.1</ele>
        <time>2023-01-28T11:22:41Z</time>
        <hdop>1.6</hdop>
        <extensions>
          <speed>0.33</speed>
        </extensions>
      </trkpt>
      <trkpt lat="55.6215" lon="27.4796283">
        <ele>139.2</ele>
        <time>2023-01-28T11:22:46Z</time>
        <hdop>1.5</hdop>
        <extensions>
          <speed>0.439</speed>
        </extensions>
      </trkpt>
      <trkpt lat="55.62148" lon="27.4795933">
        <ele>139</ele>
        <time>2023-01-28T11:22:51Z</time>
        <hdop>1.5</hdop>
        <extensions>
          <speed>0.563</speed>
        </extensions>
      </trkpt>
      <trkpt lat="55.621465" lon="27.479555">
        <ele>139.2</ele>
        <time>2023-01-28T11:22:56Z</time>
        <hdop>1.5</hdop>
        <extensions>
          <speed>0.585</speed>
        </extensions>
      </trkpt>
      <trkpt lat="55.6214333" lon="27.4794917">
        <ele>139</ele>
        <time>2023-01-28T11:23:02Z</time>
        <hdop>1.5</hdop>
        <extensions>
          <speed>0.665</speed>
        </extensions>
      </trkpt>
      <trkpt lat="55.6214133" lon="27.4794383">
        <ele>139.5</ele>
        <time>2023-01-28T11:23:08Z</time>
        <hdop>1.5</hdop>
        <extensions>
          <speed>0.682</speed>
        </extensions>
      </trkpt>
      <trkpt lat="55.6214017" lon="27.4794033">
        <ele>139.7</ele>
        <time>2023-01-28T11:23:14Z</time>
        <hdop>1.5</hdop>
        <extensions>
          <speed>0.534</speed>
        </extensions>
      </trkpt>
      <trkpt lat="55.6213833" lon="27.4793833">
        <ele>140</ele>
        <time>2023-01-28T11:23:24Z</time>
        <hdop>1.5</hdop>
      </trkpt>
      <trkpt lat="55.6213533" lon="27.4793367">
        <ele>139.5</ele>
        <time>2023-01-28T11:23:30Z</time>
        <hdop>1.5</hdop>
        <extensions>
          <speed>0.564</speed>
        </extensions>
      </trkpt>
      <trkpt lat="55.621325" lon="27.4793017">
        <ele>139.6</ele>
        <time>2023-01-28T11:23:36Z</time>
        <hdop>1.5</hdop>
        <extensions>
          <speed>0.624</speed>
        </extensions>
      </trkpt>
      <trkpt lat="55.6213033" lon="27.4792733">
        <ele>139.4</ele>
        <time>2023-01-28T11:23:42Z</time>
        <hdop>1.5</hdop>
        <extensions>
          <speed>0.54</speed>
        </extensions>
      </trkpt>
      <trkpt lat="55.62127" lon="27.479245">
        <ele>139.3</ele>
        <time>2023-01-28T11:23:47Z</time>
        <hdop>1.5</hdop>
        <extensions>
          <speed>0.74</speed>
        </extensions>
      </trkpt>
      <trkpt lat="55.6212417" lon="27.4792017">
        <ele>139.5</ele>
        <time>2023-01-28T11:23:53Z</time>
        <hdop>1.5</hdop>
        <extensions>
          <speed>0.666</speed>
        </extensions>
      </trkpt>
      <trkpt lat="55.6212017" lon="27.479165">
        <ele>139.9</ele>
        <time>2023-01-28T11:23:59Z</time>
        <hdop>1.5</hdop>
        <extensions>
          <speed>0.605</speed>
        </extensions>
      </trkpt>
      <trkpt lat="55.6211717" lon="27.4791133">
        <ele>140.6</ele>
        <time>2023-01-28T11:24:05Z</time>
        <hdop>1.6</hdop>
        <extensions>
          <speed>0.765</speed>
        </extensions>
      </trkpt>
      <trkpt lat="55.62116" lon="27.479085">
        <ele>141.2</ele>
        <time>2023-01-28T11:24:10Z</time>
        <hdop>1.5</hdop>
        <extensions>
          <speed>0.546</speed>
        </extensions>
      </trkpt>
      <trkpt lat="55.6211383" lon="27.47906">
        <ele>141.6</ele>
        <time>2023-01-28T11:24:15Z</time>
        <hdop>1.5</hdop>
        <extensions>
          <speed>0.444</speed>
        </extensions>
      </trkpt>
      <trkpt lat="55.62112" lon="27.4790483">
        <ele>141.7</ele>
        <time>2023-01-28T11:24:28Z</time>
        <hdop>1.6</hdop>
        <extensions>
          <speed>0.262</speed>
        </extensions>
      </trkpt>
      <trkpt lat="55.6211133" lon="27.4790183">
        <ele>141.4</ele>
        <time>2023-01-28T11:24:34Z</time>
        <hdop>1.5</hdop>
        <extensions>
          <speed>0.419</speed>
        </extensions>
      </trkpt>
      <trkpt lat="55.621085" lon="27.478985">
        <ele>140.7</ele>
        <time>2023-01-28T11:24:40Z</time>
        <hdop>1.6</hdop>
        <extensions>
          <speed>0.536</speed>
        </extensions>
      </trkpt>
      <trkpt lat="55.6210633" lon="27.4789667">
        <ele>140.2</ele>
        <time>2023-01-28T11:24:47Z</time>
        <hdop>1.6</hdop>
        <extensions>
          <speed>0.558</speed>
        </extensions>
      </trkpt>
      <trkpt lat="55.621035" lon="27.4789183">
        <ele>139.9</ele>
        <time>2023-01-28T11:24:53Z</time>
        <hdop>1.6</hdop>
        <extensions>
          <speed>0.612</speed>
        </extensions>
      </trkpt>
      <trkpt lat="55.621005" lon="27.4788783">
        <ele>139</ele>
        <time>2023-01-28T11:24:59Z</time>
        <hdop>1.6</hdop>
        <extensions>
          <speed>0.678</speed>
        </extensions>
      </trkpt>
      <trkpt lat="55.620985" lon="27.4788133">
        <ele>138.3</ele>
        <time>2023-01-28T11:25:05Z</time>
        <hdop>1.7</hdop>
        <extensions>
          <speed>0.763</speed>
        </extensions>
      </trkpt>
      <trkpt lat="55.6209683" lon="27.4787667">
        <ele>137.8</ele>
        <time>2023-01-28T11:25:11Z</time>
        <hdop>1.6</hdop>
        <extensions>
          <speed>0.666</speed>
        </extensions>
      </trkpt>
      <trkpt lat="55.6209533" lon="27.4787283">
        <ele>137.7</ele>
        <time>2023-01-28T11:25:16Z</time>
        <hdop>1.6</hdop>
        <extensions>
          <speed>0.489</speed>
        </extensions>
      </trkpt>
      <trkpt lat="55.62094" lon="27.4787">
        <ele>137.9</ele>
        <time>2023-01-28T11:25:22Z</time>
        <hdop>1.6</hdop>
        <extensions>
          <speed>0.43</speed>
        </extensions>
      </trkpt>
      <trkpt lat="55.620925" lon="27.4786667">
        <ele>138.5</ele>
        <time>2023-01-28T11:25:27Z</time>
        <hdop>1.6</hdop>
        <extensions>
          <speed>0.44</speed>
        </extensions>
      </trkpt>
      <trkpt lat="55.620905" lon="27.4786317">
        <ele>138.5</ele>
        <time>2023-01-28T11:25:32Z</time>
        <hdop>1.5</hdop>
        <extensions>
          <speed>0.522</speed>
        </extensions>
      </trkpt>
      <trkpt lat="55.6208917" lon="27.478605">
        <ele>139.7</ele>
        <time>2023-01-28T11:25:38Z</time>
        <hdop>1.6</hdop>
        <extensions>
          <speed>0.586</speed>
        </extensions>
      </trkpt>
      <trkpt lat="55.6208783" lon="27.4785533">
        <ele>140.9</ele>
        <time>2023-01-28T11:25:44Z</time>
        <hdop>1.7</hdop>
        <extensions>
          <speed>0.556</speed>
        </extensions>
      </trkpt>
      <trkpt lat="55.6208717" lon="27.4785017">
        <ele>142.5</ele>
        <time>2023-01-28T11:25:50Z</time>
        <hdop>1.6</hdop>
        <extensions>
          <speed>0.51</speed>
        </extensions>
      </trkpt>
      <trkpt lat="55.6208533" lon="27.47845">
        <ele>143.7</ele>
        <time>2023-01-28T11:25:56Z</time>
        <hdop>1.6</hdop>
        <extensions>
          <speed>0.43</speed>
        </extensions>
      </trkpt>
      <trkpt lat="55.620845" lon="27.4783767">
        <ele>144.7</ele>
        <time>2023-01-28T11:26:02Z</time>
        <hdop>1.6</hdop>
        <extensions>
          <speed>0.567</speed>
        </extensions>
      </trkpt>
      <trkpt lat="55.6208567" lon="27.4782917">
        <ele>145.2</ele>
        <time>2023-01-28T11:26:08Z</time>
        <hdop>1.6</hdop>
        <extensions>
          <speed>0.799</speed>
        </extensions>
      </trkpt>
      <trkpt lat="55.6208467" lon="27.4782217">
        <ele>145.7</ele>
        <time>2023-01-28T11:26:14Z</time>
        <hdop>1.5</hdop>
        <extensions>
          <speed>0.885</speed>
        </extensions>
      </trkpt>
      <trkpt lat="55.6208283" lon="27.47821">
        <ele>146.2</ele>
        <time>2023-01-28T11:26:21Z</time>
        <hdop>1.6</hdop>
        <extensions>
          <speed>0.533</speed>
        </extensions>
      </trkpt>
      <trkpt lat="55.6208133" lon="27.4781917">
        <ele>146.4</ele>
        <time>2023-01-28T11:26:26Z</time>
        <hdop>1.6</hdop>
      </trkpt>
      <trkpt lat="55.6207867" lon="27.4781667">
        <ele>146.4</ele>
        <time>2023-01-28T11:26:32Z</time>
        <hdop>1.6</hdop>
        <extensions>
          <speed>0.479</speed>
        </extensions>
      </trkpt>
      <trkpt lat="55.62075" lon="27.47814">
        <ele>146.7</ele>
        <time>2023-01-28T11:26:38Z</time>
        <hdop>1.6</hdop>
        <extensions>
          <speed>0.528</speed>
        </extensions>
      </trkpt>
      <trkpt lat="55.6207317" lon="27.47812">
        <ele>146</ele>
        <time>2023-01-28T11:26:45Z</time>
        <hdop>1.6</hdop>
        <extensions>
          <speed>0.393</speed>
        </extensions>
      </trkpt>
      <trkpt lat="55.6206933" lon="27.4781083">
        <ele>145.8</ele>
        <time>2023-01-28T11:26:50Z</time>
        <hdop>1.6</hdop>
        <extensions>
          <speed>0.529</speed>
        </extensions>
      </trkpt>
      <trkpt lat="55.62066" lon="27.4781033">
        <ele>145.8</ele>
        <time>2023-01-28T11:26:56Z</time>
        <hdop>1.6</hdop>
        <extensions>
          <speed>0.665</speed>
        </extensions>
      </trkpt>
      <trkpt lat="55.620635" lon="27.4780483">
        <ele>145.9</ele>
        <time>2023-01-28T11:27:02Z</time>
        <hdop>1.6</hdop>
        <extensions>
          <speed>0.659</speed>
        </extensions>
      </trkpt>
      <trkpt lat="55.6206" lon="27.4780133">
        <ele>145.2</ele>
        <time>2023-01-28T11:27:08Z</time>
        <hdop>1.6</hdop>
        <extensions>
          <speed>0.627</speed>
        </extensions>
      </trkpt>
      <trkpt lat="55.6205667" lon="27.4779533">
        <ele>144.6</ele>
        <time>2023-01-28T11:27:14Z</time>
        <hdop>1.6</hdop>
        <extensions>
          <speed>0.73</speed>
        </extensions>
      </trkpt>
      <trkpt lat="55.620525" lon="27.4779383">
        <ele>143.8</ele>
        <time>2023-01-28T11:27:20Z</time>
        <hdop>1.7</hdop>
        <extensions>
          <speed>0.685</speed>
        </extensions>
      </trkpt>
      <trkpt lat="55.6205" lon="27.4779283">
        <ele>142.2</ele>
        <time>2023-01-28T11:27:26Z</time>
        <hdop>1.7</hdop>
        <extensions>
          <speed>0.46</speed>
        </extensions>
      </trkpt>
      <trkpt lat="55.6204733" lon="27.4779417">
        <ele>140.2</ele>
        <time>2023-01-28T11:27:32Z</time>
        <hdop>1.6</hdop>
        <extensions>
          <speed>0.492</speed>
        </extensions>
      </trkpt>
      <trkpt lat="55.6204483" lon="27.4779283">
        <ele>139.2</ele>
        <time>2023-01-28T11:27:38Z</time>
        <hdop>1.7</hdop>
        <extensions>
          <speed>0.489</speed>
        </extensions>
      </trkpt>
      <trkpt lat="55.6204183" lon="27.4779233">
        <ele>137.5</ele>
        <time>2023-01-28T11:27:44Z</time>
        <hdop>1.7</hdop>
        <extensions>
          <speed>0.478</speed>
        </extensions>
      </trkpt>
      <trkpt lat="55.6203767" lon="27.4779233">
        <ele>136.3</ele>
        <time>2023-01-28T11:27:50Z</time>
        <hdop>1.8</hdop>
        <extensions>
          <speed>0.527</speed>
        </extensions>
      </trkpt>
      <trkpt lat="55.6203417" lon="27.4779067">
        <ele>137.1</ele>
        <time>2023-01-28T11:27:56Z</time>
        <hdop>1.8</hdop>
      </trkpt>
      <trkpt lat="55.6203433" lon="27.4778717">
        <ele>138.6</ele>
        <time>2023-01-28T11:28:03Z</time>
        <hdop>1.7</hdop>
        <extensions>
          <speed>0.271</speed>
        </extensions>
      </trkpt>
      <trkpt lat="55.6203383" lon="27.477825">
        <ele>139.7</ele>
        <time>2023-01-28T11:28:08Z</time>
        <hdop>1.7</hdop>
        <extensions>
          <speed>0.44</speed>
        </extensions>
      </trkpt>
      <trkpt lat="55.6203033" lon="27.4778317">
        <ele>140.7</ele>
        <time>2023-01-28T11:28:14Z</time>
        <hdop>1.6</hdop>
        <extensions>
          <speed>0.59</speed>
        </extensions>
      </trkpt>
      <trkpt lat="55.6202567" lon="27.4778183">
        <ele>142.2</ele>
        <time>2023-01-28T11:28:20Z</time>
        <hdop>1.7</hdop>
        <extensions>
          <speed>0.634</speed>
        </extensions>
      </trkpt>
      <trkpt lat="55.6202117" lon="27.477805">
        <ele>143.3</ele>
        <time>2023-01-28T11:28:26Z</time>
        <hdop>1.6</hdop>
        <extensions>
          <speed>0.698</speed>
        </extensions>
      </trkpt>
      <trkpt lat="55.6201633" lon="27.4777883">
        <ele>143.8</ele>
        <time>2023-01-28T11:28:32Z</time>
        <hdop>1.7</hdop>
        <extensions>
          <speed>0.81</speed>
        </extensions>
      </trkpt>
      <trkpt lat="55.6201267" lon="27.4777683">
        <ele>144.3</ele>
        <time>2023-01-28T11:28:38Z</time>
        <hdop>1.7</hdop>
        <extensions>
          <speed>0.787</speed>
        </extensions>
      </trkpt>
      <trkpt lat="55.62009" lon="27.4777117">
        <ele>145</ele>
        <time>2023-01-28T11:28:44Z</time>
        <hdop>1.6</hdop>
        <extensions>
          <speed>0.81</speed>
        </extensions>
      </trkpt>
      <trkpt lat="55.62005" lon="27.47767">
        <ele>145.3</ele>
        <time>2023-01-28T11:28:50Z</time>
        <hdop>1.6</hdop>
        <extensions>
          <speed>0.815</speed>
        </extensions>
      </trkpt>
      <trkpt lat="55.6200117" lon="27.4776317">
        <ele>145.6</ele>
        <time>2023-01-28T11:28:56Z</time>
        <hdop>1.7</hdop>
        <extensions>
          <speed>0.793</speed>
        </extensions>
      </trkpt>
      <trkpt lat="55.61997" lon="27.4775717">
        <ele>145.7</ele>
        <time>2023-01-28T11:29:02Z</time>
        <hdop>1.7</hdop>
        <extensions>
          <speed>0.753</speed>
        </extensions>
      </trkpt>
      <trkpt lat="55.6199367" lon="27.4775133">
        <ele>145.9</ele>
        <time>2023-01-28T11:29:08Z</time>
        <hdop>1.7</hdop>
        <extensions>
          <speed>0.826</speed>
        </extensions>
      </trkpt>
      <trkpt lat="55.6198933" lon="27.477465">
        <ele>145.9</ele>
        <time>2023-01-28T11:29:14Z</time>
        <hdop>1.7</hdop>
        <extensions>
          <speed>0.847</speed>
        </extensions>
      </trkpt>
      <trkpt lat="55.6198667" lon="27.47741">
        <ele>145.5</ele>
        <time>2023-01-28T11:29:20Z</time>
        <hdop>1.7</hdop>
        <extensions>
          <speed>0.784</speed>
        </extensions>
      </trkpt>
      <trkpt lat="55.6198467" lon="27.4773733">
        <ele>144.8</ele>
        <time>2023-01-28T11:29:26Z</time>
        <hdop>1.7</hdop>
        <extensions>
          <speed>0.706</speed>
        </extensions>
      </trkpt>
      <trkpt lat="55.6198133" lon="27.4773">
        <ele>144.6</ele>
        <time>2023-01-28T11:29:32Z</time>
        <hdop>1.7</hdop>
        <extensions>
          <speed>0.781</speed>
        </extensions>
      </trkpt>
      <trkpt lat="55.6197767" lon="27.4772483">
        <ele>144.7</ele>
        <time>2023-01-28T11:29:38Z</time>
        <hdop>1.7</hdop>
        <extensions>
          <speed>0.818</speed>
        </extensions>
      </trkpt>
      <trkpt lat="55.619735" lon="27.4771867">
        <ele>144.5</ele>
        <time>2023-01-28T11:29:44Z</time>
        <hdop>1.7</hdop>
        <extensions>
          <speed>0.877</speed>
        </extensions>
      </trkpt>
      <trkpt lat="55.6197017" lon="27.477105">
        <ele>144.7</ele>
        <time>2023-01-28T11:29:50Z</time>
        <hdop>1.6</hdop>
        <extensions>
          <speed>0.832</speed>
        </extensions>
      </trkpt>
      <trkpt lat="55.6196817" lon="27.47707">
        <ele>144.6</ele>
        <time>2023-01-28T11:29:56Z</time>
        <hdop>1.6</hdop>
        <extensions>
          <speed>0.724</speed>
        </extensions>
      </trkpt>
      <trkpt lat="55.619665" lon="27.4770533">
        <ele>144.5</ele>
        <time>2023-01-28T11:30:02Z</time>
        <hdop>1.7</hdop>
        <extensions>
          <speed>0.499</speed>
        </extensions>
      </trkpt>
      <trkpt lat="55.6196467" lon="27.4770217">
        <ele>144.2</ele>
        <time>2023-01-28T11:30:08Z</time>
        <hdop>1.6</hdop>
        <extensions>
          <speed>0.539</speed>
        </extensions>
      </trkpt>
      <trkpt lat="55.61965" lon="27.4769867">
        <ele>143.9</ele>
        <time>2023-01-28T11:30:16Z</time>
        <hdop>1.7</hdop>
        <extensions>
          <speed>0.235</speed>
        </extensions>
      </trkpt>
      <trkpt lat="55.6196367" lon="27.476965">
        <ele>144.1</ele>
        <time>2023-01-28T11:30:22Z</time>
        <hdop>1.8</hdop>
      </trkpt>
      <trkpt lat="55.6196167" lon="27.4769667">
        <ele>143.7</ele>
        <time>2023-01-28T11:31:04Z</time>
        <hdop>1.5</hdop>
        <extensions>
          <speed>0.257</speed>
        </extensions>
      </trkpt>
      <trkpt lat="55.6196033" lon="27.47699">
        <ele>143.5</ele>
        <time>2023-01-28T11:31:09Z</time>
        <hdop>1.7</hdop>
        <extensions>
          <speed>0.438</speed>
        </extensions>
      </trkpt>
      <trkpt lat="55.6195833" lon="27.4769917">
        <ele>143.2</ele>
        <time>2023-01-28T11:31:14Z</time>
        <hdop>1.7</hdop>
        <extensions>
          <speed>0.55</speed>
        </extensions>
      </trkpt>
      <trkpt lat="55.6195483" lon="27.47699">
        <ele>143</ele>
        <time>2023-01-28T11:31:20Z</time>
        <hdop>1.7</hdop>
        <extensions>
          <speed>0.602</speed>
        </extensions>
      </trkpt>
      <trkpt lat="55.6194933" lon="27.4769783">
        <ele>142.8</ele>
        <time>2023-01-28T11:31:26Z</time>
        <hdop>1.7</hdop>
        <extensions>
          <speed>0.753</speed>
        </extensions>
      </trkpt>
      <trkpt lat="55.6194517" lon="27.47696">
        <ele>142.6</ele>
        <time>2023-01-28T11:31:32Z</time>
        <hdop>1.6</hdop>
        <extensions>
          <speed>0.827</speed>
        </extensions>
      </trkpt>
      <trkpt lat="55.6194333" lon="27.4769467">
        <ele>143.4</ele>
        <time>2023-01-28T11:31:47Z</time>
        <hdop>1.4</hdop>
        <extensions>
          <speed>0.273</speed>
        </extensions>
      </trkpt>
      <trkpt lat="55.6193983" lon="27.476955">
        <ele>143.4</ele>
        <time>2023-01-28T11:31:53Z</time>
        <hdop>1.6</hdop>
        <extensions>
          <speed>0.579</speed>
        </extensions>
      </trkpt>
      <trkpt lat="55.6193567" lon="27.4769317">
        <ele>143.4</ele>
        <time>2023-01-28T11:31:58Z</time>
        <hdop>1.6</hdop>
        <extensions>
          <speed>0.671</speed>
        </extensions>
      </trkpt>
      <trkpt lat="55.6193067" lon="27.4768933">
        <ele>143.3</ele>
        <time>2023-01-28T11:32:04Z</time>
        <hdop>1.6</hdop>
        <extensions>
          <speed>0.754</speed>
        </extensions>
      </trkpt>
      <trkpt lat="55.6192683" lon="27.4768817">
        <ele>143.6</ele>
        <time>2023-01-28T11:32:10Z</time>
        <hdop>1.6</hdop>
        <extensions>
          <speed>0.791</speed>
        </extensions>
      </trkpt>
      <trkpt lat="55.6192283" lon="27.47687">
        <ele>143.6</ele>
        <time>2023-01-28T11:32:15Z</time>
        <hdop>1.6</hdop>
        <extensions>
          <speed>0.82</speed>
        </extensions>
      </trkpt>
      <trkpt lat="55.6191917" lon="27.4768367">
        <ele>143.8</ele>
        <time>2023-01-28T11:32:20Z</time>
        <hdop>1.5</hdop>
        <extensions>
          <speed>0.922</speed>
        </extensions>
      </trkpt>
      <trkpt lat="55.619175" lon="27.476775">
        <ele>144</ele>
        <time>2023-01-28T11:32:25Z</time>
        <hdop>1.6</hdop>
        <extensions>
          <speed>0.893</speed>
        </extensions>
      </trkpt>
      <trkpt lat="55.61915" lon="27.4767717">
        <ele>143.8</ele>
        <time>2023-01-28T11:32:31Z</time>
        <hdop>1.7</hdop>
        <extensions>
          <speed>0.628</speed>
        </extensions>
      </trkpt>
      <trkpt lat="55.6190983" lon="27.4767683">
        <ele>143</ele>
        <time>2023-01-28T11:32:37Z</time>
        <hdop>1.8</hdop>
        <extensions>
          <speed>0.96</speed>
        </extensions>
      </trkpt>
      <trkpt lat="55.6190633" lon="27.4767367">
        <ele>144.4</ele>
        <time>2023-01-28T11:32:42Z</time>
        <hdop>1.8</hdop>
        <extensions>
          <speed>1.093</speed>
        </extensions>
      </trkpt>
      <trkpt lat="55.6190267" lon="27.4767217">
        <ele>144.4</ele>
        <time>2023-01-28T11:32:47Z</time>
        <hdop>1.8</hdop>
        <extensions>
          <speed>1.128</speed>
        </extensions>
      </trkpt>
      <trkpt lat="55.6189883" lon="27.4767133">
        <ele>144.4</ele>
        <time>2023-01-28T11:32:53Z</time>
        <hdop>1.7</hdop>
        <extensions>
          <speed>1.068</speed>
        </extensions>
      </trkpt>
      <trkpt lat="55.6189583" lon="27.4766767">
        <ele>144.9</ele>
        <time>2023-01-28T11:32:59Z</time>
        <hdop>1.7</hdop>
        <extensions>
          <speed>0.716</speed>
        </extensions>
      </trkpt>
      <trkpt lat="55.6189233" lon="27.4766617">
        <ele>145</ele>
        <time>2023-01-28T11:33:04Z</time>
        <hdop>1.7</hdop>
        <extensions>
          <speed>0.81</speed>
        </extensions>
      </trkpt>
      <trkpt lat="55.618875" lon="27.4766583">
        <ele>145.9</ele>
        <time>2023-01-28T11:33:09Z</time>
        <hdop>1.8</hdop>
        <extensions>
          <speed>0.964</speed>
        </extensions>
      </trkpt>
      <trkpt lat="55.61884" lon="27.4766717">
        <ele>147</ele>
        <time>2023-01-28T11:33:14Z</time>
        <hdop>1.8</hdop>
        <extensions>
          <speed>0.957</speed>
        </extensions>
      </trkpt>
      <trkpt lat="55.618795" lon="27.4766883">
        <ele>147.6</ele>
        <time>2023-01-28T11:33:20Z</time>
        <hdop>1.7</hdop>
        <extensions>
          <speed>0.811</speed>
        </extensions>
      </trkpt>
      <trkpt lat="55.618765" lon="27.4766767">
        <ele>147.4</ele>
        <time>2023-01-28T11:33:26Z</time>
        <hdop>1.7</hdop>
        <extensions>
          <speed>0.657</speed>
        </extensions>
      </trkpt>
      <trkpt lat="55.6187333" lon="27.4766783">
        <ele>148</ele>
        <time>2023-01-28T11:33:32Z</time>
        <hdop>1.8</hdop>
      </trkpt>
      <trkpt lat="55.6187083" lon="27.4766983">
        <ele>149</ele>
        <time>2023-01-28T11:33:44Z</time>
        <hdop>1.8</hdop>
        <extensions>
          <speed>0.534</speed>
        </extensions>
      </trkpt>
      <trkpt lat="55.6186483" lon="27.476705">
        <ele>149.9</ele>
        <time>2023-01-28T11:33:50Z</time>
        <hdop>1.8</hdop>
        <extensions>
          <speed>0.868</speed>
        </extensions>
      </trkpt>
      <trkpt lat="55.6185833" lon="27.4767133">
        <ele>151</ele>
        <time>2023-01-28T11:33:56Z</time>
        <hdop>1.8</hdop>
        <extensions>
          <speed>0.975</speed>
        </extensions>
      </trkpt>
      <trkpt lat="55.6185383" lon="27.4766767">
        <ele>150.9</ele>
        <time>2023-01-28T11:34:02Z</time>
        <hdop>1.8</hdop>
        <extensions>
          <speed>0.837</speed>
        </extensions>
      </trkpt>
      <trkpt lat="55.618505" lon="27.4766067">
        <ele>150.3</ele>
        <time>2023-01-28T11:34:08Z</time>
        <hdop>1.8</hdop>
        <extensions>
          <speed>0.881</speed>
        </extensions>
      </trkpt>
      <trkpt lat="55.6184717" lon="27.4765317">
        <ele>149.6</ele>
        <time>2023-01-28T11:34:14Z</time>
        <hdop>1.7</hdop>
        <extensions>
          <speed>0.958</speed>
        </extensions>
      </trkpt>
      <trkpt lat="55.6184467" lon="27.4764633">
        <ele>148.9</ele>
        <time>2023-01-28T11:34:20Z</time>
        <hdop>1.9</hdop>
        <extensions>
          <speed>0.933</speed>
        </extensions>
      </trkpt>
      <trkpt lat="55.61843" lon="27.4764367">
        <ele>148.6</ele>
        <time>2023-01-28T11:34:26Z</time>
        <hdop>1.7</hdop>
        <extensions>
          <speed>0.744</speed>
        </extensions>
      </trkpt>
      <trkpt lat="55.618405" lon="27.4764867">
        <ele>149.1</ele>
        <time>2023-01-28T11:34:32Z</time>
        <hdop>1.6</hdop>
        <extensions>
          <speed>0.576</speed>
        </extensions>
      </trkpt>
      <trkpt lat="55.618355" lon="27.4765217">
        <ele>149.1</ele>
        <time>2023-01-28T11:34:38Z</time>
        <hdop>1.8</hdop>
        <extensions>
          <speed>0.732</speed>
        </extensions>
      </trkpt>
      <trkpt lat="55.6183067" lon="27.4765">
        <ele>148.6</ele>
        <time>2023-01-28T11:34:44Z</time>
        <hdop>1.8</hdop>
        <extensions>
          <speed>0.8</speed>
        </extensions>
      </trkpt>
      <trkpt lat="55.6182717" lon="27.476465">
        <ele>147.6</ele>
        <time>2023-01-28T11:34:50Z</time>
        <hdop>1.7</hdop>
        <extensions>
          <speed>0.604</speed>
        </extensions>
      </trkpt>
      <trkpt lat="55.618235" lon="27.4764183">
        <ele>146.9</ele>
        <time>2023-01-28T11:34:56Z</time>
        <hdop>1.7</hdop>
        <extensions>
          <speed>0.604</speed>
        </extensions>
      </trkpt>
      <trkpt lat="55.6181983" lon="27.4764133">
        <ele>146.6</ele>
        <time>2023-01-28T11:35:02Z</time>
        <hdop>1.7</hdop>
        <extensions>
          <speed>0.645</speed>
        </extensions>
      </trkpt>
      <trkpt lat="55.6181567" lon="27.4764133">
        <ele>145.4</ele>
        <time>2023-01-28T11:35:08Z</time>
        <hdop>1.7</hdop>
        <extensions>
          <speed>0.73</speed>
        </extensions>
      </trkpt>
      <trkpt lat="55.61812" lon="27.4764083">
        <ele>144.6</ele>
        <time>2023-01-28T11:35:14Z</time>
        <hdop>1.5</hdop>
        <extensions>
          <speed>0.703</speed>
        </extensions>
      </trkpt>
      <trkpt lat="55.618085" lon="27.4763933">
        <ele>144</ele>
        <time>2023-01-28T11:35:20Z</time>
        <hdop>1.5</hdop>
        <extensions>
          <speed>0.686</speed>
        </extensions>
      </trkpt>
      <trkpt lat="55.6180567" lon="27.4763667">
        <ele>143.9</ele>
        <time>2023-01-28T11:35:26Z</time>
        <hdop>1.6</hdop>
        <extensions>
          <speed>0.462</speed>
        </extensions>
      </trkpt>
      <trkpt lat="55.6180183" lon="27.4763217">
        <ele>143.8</ele>
        <time>2023-01-28T11:35:32Z</time>
        <hdop>1.7</hdop>
        <extensions>
          <speed>0.449</speed>
        </extensions>
      </trkpt>
      <trkpt lat="55.6179817" lon="27.47626">
        <ele>143.2</ele>
        <time>2023-01-28T11:35:38Z</time>
        <hdop>1.7</hdop>
        <extensions>
          <speed>0.723</speed>
        </extensions>
      </trkpt>
      <trkpt lat="55.6179433" lon="27.4762467">
        <ele>142.2</ele>
        <time>2023-01-28T11:35:44Z</time>
        <hdop>1.7</hdop>
        <extensions>
          <speed>0.677</speed>
        </extensions>
      </trkpt>
      <trkpt lat="55.6178917" lon="27.4762267">
        <ele>141.9</ele>
        <time>2023-01-28T11:35:50Z</time>
        <hdop>1.7</hdop>
        <extensions>
          <speed>0.666</speed>
        </extensions>
      </trkpt>
      <trkpt lat="55.6178467" lon="27.476185">
        <ele>142</ele>
        <time>2023-01-28T11:35:56Z</time>
        <hdop>1.6</hdop>
        <extensions>
          <speed>0.755</speed>
        </extensions>
      </trkpt>
      <trkpt lat="55.6178017" lon="27.47613">
        <ele>142.1</ele>
        <time>2023-01-28T11:36:02Z</time>
        <hdop>1.6</hdop>
        <extensions>
          <speed>0.87</speed>
        </extensions>
      </trkpt>
      <trkpt lat="55.61775" lon="27.4761">
        <ele>141.9</ele>
        <time>2023-01-28T11:36:08Z</time>
        <hdop>1.6</hdop>
        <extensions>
          <speed>0.937</speed>
        </extensions>
      </trkpt>
      <trkpt lat="55.6177217" lon="27.4760767">
        <ele>141.8</ele>
        <time>2023-01-28T11:36:14Z</time>
        <hdop>1.6</hdop>
        <extensions>
          <speed>0.811</speed>
        </extensions>
      </trkpt>
      <trkpt lat="55.6176717" lon="27.476045">
        <ele>141.5</ele>
        <time>2023-01-28T11:36:20Z</time>
        <hdop>1.7</hdop>
        <extensions>
          <speed>0.732</speed>
        </extensions>
      </trkpt>
      <trkpt lat="55.6176317" lon="27.4760167">
        <ele>141.2</ele>
        <time>2023-01-28T11:36:26Z</time>
        <hdop>1.6</hdop>
        <extensions>
          <speed>0.75</speed>
        </extensions>
      </trkpt>
      <trkpt lat="55.6175983" lon="27.4759967">
        <ele>141.2</ele>
        <time>2023-01-28T11:36:32Z</time>
        <hdop>1.7</hdop>
        <extensions>
          <speed>0.665</speed>
        </extensions>
      </trkpt>
      <trkpt lat="55.61755" lon="27.4759533">
        <ele>141.6</ele>
        <time>2023-01-28T11:36:38Z</time>
        <hdop>1.6</hdop>
        <extensions>
          <speed>0.823</speed>
        </extensions>
      </trkpt>
      <trkpt lat="55.6175" lon="27.475915">
        <ele>142.3</ele>
        <time>2023-01-28T11:36:44Z</time>
        <hdop>1.6</hdop>
        <extensions>
          <speed>0.841</speed>
        </extensions>
      </trkpt>
      <trkpt lat="55.6174517" lon="27.475865">
        <ele>142.3</ele>
        <time>2023-01-28T11:36:50Z</time>
        <hdop>1.5</hdop>
        <extensions>
          <speed>0.85</speed>
        </extensions>
      </trkpt>
      <trkpt lat="55.6174067" lon="27.4758533">
        <ele>142.5</ele>
        <time>2023-01-28T11:36:56Z</time>
        <hdop>1.6</hdop>
        <extensions>
          <speed>0.883</speed>
        </extensions>
      </trkpt>
      <trkpt lat="55.6173583" lon="27.4758367">
        <ele>143.1</ele>
        <time>2023-01-28T11:37:02Z</time>
        <hdop>1.6</hdop>
        <extensions>
          <speed>0.867</speed>
        </extensions>
      </trkpt>
      <trkpt lat="55.617325" lon="27.4757767">
        <ele>143.7</ele>
        <time>2023-01-28T11:37:08Z</time>
        <hdop>1.6</hdop>
        <extensions>
          <speed>0.854</speed>
        </extensions>
      </trkpt>
      <trkpt lat="55.61728" lon="27.4757333">
        <ele>144.1</ele>
        <time>2023-01-28T11:37:14Z</time>
        <hdop>1.6</hdop>
        <extensions>
          <speed>0.954</speed>
        </extensions>
      </trkpt>
      <trkpt lat="55.61725" lon="27.475675">
        <ele>144.8</ele>
        <time>2023-01-28T11:37:20Z</time>
        <hdop>1.7</hdop>
        <extensions>
          <speed>0.885</speed>
        </extensions>
      </trkpt>
      <trkpt lat="55.617215" lon="27.4756317">
        <ele>145.1</ele>
        <time>2023-01-28T11:37:26Z</time>
        <hdop>1.6</hdop>
        <extensions>
          <speed>0.751</speed>
        </extensions>
      </trkpt>
      <trkpt lat="55.6171733" lon="27.4755883">
        <ele>145.1</ele>
        <time>2023-01-28T11:37:32Z</time>
        <hdop>1.6</hdop>
        <extensions>
          <speed>0.893</speed>
        </extensions>
      </trkpt>
      <trkpt lat="55.6171533" lon="27.4755383">
        <ele>144.7</ele>
        <time>2023-01-28T11:37:38Z</time>
        <hdop>1.8</hdop>
        <extensions>
          <speed>0.738</speed>
        </extensions>
      </trkpt>
      <trkpt lat="55.6171333" lon="27.4754567">
        <ele>143.4</ele>
        <time>2023-01-28T11:37:43Z</time>
        <hdop>1.5</hdop>
        <extensions>
          <speed>0.676</speed>
        </extensions>
      </trkpt>
      <trkpt lat="55.6171183" lon="27.475405">
        <ele>144.2</ele>
        <time>2023-01-28T11:37:49Z</time>
        <hdop>1.5</hdop>
        <extensions>
          <speed>0.758</speed>
        </extensions>
      </trkpt>
      <trkpt lat="55.6171017" lon="27.4753733">
        <ele>144.6</ele>
        <time>2023-01-28T11:38:11Z</time>
        <hdop>1.6</hdop>
        <extensions>
          <speed>0.561</speed>
        </extensions>
      </trkpt>
      <trkpt lat="55.617055" lon="27.475295">
        <ele>144.6</ele>
        <time>2023-01-28T11:38:16Z</time>
        <hdop>1.7</hdop>
        <extensions>
          <speed>0.963</speed>
        </extensions>
      </trkpt>
      <trkpt lat="55.6170267" lon="27.47522">
        <ele>145.1</ele>
        <time>2023-01-28T11:38:21Z</time>
        <hdop>1.8</hdop>
        <extensions>
          <speed>1.117</speed>
        </extensions>
      </trkpt>
      <trkpt lat="55.6170167" lon="27.47516">
        <ele>145.1</ele>
        <time>2023-01-28T11:38:26Z</time>
        <hdop>1.7</hdop>
        <extensions>
          <speed>0.966</speed>
        </extensions>
      </trkpt>
      <trkpt lat="55.616995" lon="27.4751167">
        <ele>145.4</ele>
        <time>2023-01-28T11:38:32Z</time>
        <hdop>1.7</hdop>
        <extensions>
          <speed>0.685</speed>
        </extensions>
      </trkpt>
      <trkpt lat="55.61697" lon="27.47507">
        <ele>145.9</ele>
        <time>2023-01-28T11:38:38Z</time>
        <hdop>1.7</hdop>
        <extensions>
          <speed>0.702</speed>
        </extensions>
      </trkpt>
      <trkpt lat="55.6169333" lon="27.4749917">
        <ele>146.4</ele>
        <time>2023-01-28T11:38:44Z</time>
        <hdop>1.6</hdop>
        <extensions>
          <speed>0.78</speed>
        </extensions>
      </trkpt>
      <trkpt lat="55.6168967" lon="27.47496">
        <ele>146</ele>
        <time>2023-01-28T11:38:50Z</time>
        <hdop>1.7</hdop>
        <extensions>
          <speed>0.928</speed>
        </extensions>
      </trkpt>
      <trkpt lat="55.61685" lon="27.4748883">
        <ele>145.7</ele>
        <time>2023-01-28T11:38:56Z</time>
        <hdop>1.7</hdop>
        <extensions>
          <speed>1.013</speed>
        </extensions>
      </trkpt>
      <trkpt lat="55.6168183" lon="27.4748167">
        <ele>145.1</ele>
        <time>2023-01-28T11:39:02Z</time>
        <hdop>1.7</hdop>
        <extensions>
          <speed>0.865</speed>
        </extensions>
      </trkpt>
      <trkpt lat="55.6168217" lon="27.4747433">
        <ele>145</ele>
        <time>2023-01-28T11:39:08Z</time>
        <hdop>1.7</hdop>
        <extensions>
          <speed>0.91</speed>
        </extensions>
      </trkpt>
      <trkpt lat="55.6168367" lon="27.4746533">
        <ele>144.9</ele>
        <time>2023-01-28T11:39:14Z</time>
        <hdop>1.7</hdop>
        <extensions>
          <speed>0.791</speed>
        </extensions>
      </trkpt>
      <trkpt lat="55.6168633" lon="27.47455">
        <ele>145</ele>
        <time>2023-01-28T11:39:20Z</time>
        <hdop>1.7</hdop>
        <extensions>
          <speed>0.975</speed>
        </extensions>
      </trkpt>
      <trkpt lat="55.6168717" lon="27.474465">
        <ele>144.7</ele>
        <time>2023-01-28T11:39:26Z</time>
        <hdop>1.7</hdop>
        <extensions>
          <speed>1.044</speed>
        </extensions>
      </trkpt>
      <trkpt lat="55.6169" lon="27.4743917">
        <ele>144.7</ele>
        <time>2023-01-28T11:39:32Z</time>
        <hdop>1.6</hdop>
        <extensions>
          <speed>1.015</speed>
        </extensions>
      </trkpt>
      <trkpt lat="55.6169267" lon="27.47431">
        <ele>144.4</ele>
        <time>2023-01-28T11:39:38Z</time>
        <hdop>1.7</hdop>
        <extensions>
          <speed>1.025</speed>
        </extensions>
      </trkpt>
      <trkpt lat="55.6169383" lon="27.474235">
        <ele>143.7</ele>
        <time>2023-01-28T11:39:44Z</time>
        <hdop>1.6</hdop>
        <extensions>
          <speed>0.759</speed>
        </extensions>
      </trkpt>
      <trkpt lat="55.6169517" lon="27.474135">
        <ele>143.5</ele>
        <time>2023-01-28T11:39:50Z</time>
        <hdop>1.7</hdop>
        <extensions>
          <speed>0.88</speed>
        </extensions>
      </trkpt>
      <trkpt lat="55.6169633" lon="27.4740567">
        <ele>144</ele>
        <time>2023-01-28T11:39:56Z</time>
        <hdop>1.6</hdop>
        <extensions>
          <speed>0.866</speed>
        </extensions>
      </trkpt>
      <trkpt lat="55.6169767" lon="27.4739617">
        <ele>144.7</ele>
        <time>2023-01-28T11:40:02Z</time>
        <hdop>1.6</hdop>
        <extensions>
          <speed>0.811</speed>
        </extensions>
      </trkpt>
      <trkpt lat="55.6170033" lon="27.4738733">
        <ele>145.1</ele>
        <time>2023-01-28T11:40:08Z</time>
        <hdop>1.6</hdop>
        <extensions>
          <speed>0.92</speed>
        </extensions>
      </trkpt>
      <trkpt lat="55.61702" lon="27.4737933">
        <ele>145.4</ele>
        <time>2023-01-28T11:40:14Z</time>
        <hdop>1.7</hdop>
        <extensions>
          <speed>0.895</speed>
        </extensions>
      </trkpt>
      <trkpt lat="55.61703" lon="27.4737">
        <ele>145.4</ele>
        <time>2023-01-28T11:40:20Z</time>
        <hdop>1.7</hdop>
        <extensions>
          <speed>0.887</speed>
        </extensions>
      </trkpt>
      <trkpt lat="55.617045" lon="27.4736433">
        <ele>145.9</ele>
        <time>2023-01-28T11:40:26Z</time>
        <hdop>1.7</hdop>
        <extensions>
          <speed>0.738</speed>
        </extensions>
      </trkpt>
      <trkpt lat="55.6170483" lon="27.4735517">
        <ele>145.9</ele>
        <time>2023-01-28T11:40:32Z</time>
        <hdop>1.7</hdop>
        <extensions>
          <speed>0.744</speed>
        </extensions>
      </trkpt>
      <trkpt lat="55.6170933" lon="27.47349">
        <ele>145.5</ele>
        <time>2023-01-28T11:40:38Z</time>
        <hdop>1.6</hdop>
        <extensions>
          <speed>0.853</speed>
        </extensions>
      </trkpt>
      <trkpt lat="55.61713" lon="27.4734367">
        <ele>145.3</ele>
        <time>2023-01-28T11:40:44Z</time>
        <hdop>1.6</hdop>
        <extensions>
          <speed>0.917</speed>
        </extensions>
      </trkpt>
      <trkpt lat="55.61717" lon="27.4733783">
        <ele>145.5</ele>
        <time>2023-01-28T11:40:50Z</time>
        <hdop>1.8</hdop>
        <extensions>
          <speed>0.924</speed>
        </extensions>
      </trkpt>
      <trkpt lat="55.6171917" lon="27.4732933">
        <ele>145</ele>
        <time>2023-01-28T11:40:56Z</time>
        <hdop>1.7</hdop>
        <extensions>
          <speed>0.898</speed>
        </extensions>
      </trkpt>
      <trkpt lat="55.61721" lon="27.47319">
        <ele>144.6</ele>
        <time>2023-01-28T11:41:02Z</time>
        <hdop>1.7</hdop>
        <extensions>
          <speed>1.038</speed>
        </extensions>
      </trkpt>
      <trkpt lat="55.617235" lon="27.4730967">
        <ele>144.3</ele>
        <time>2023-01-28T11:41:08Z</time>
        <hdop>1.6</hdop>
        <extensions>
          <speed>1.041</speed>
        </extensions>
      </trkpt>
      <trkpt lat="55.617265" lon="27.4730117">
        <ele>144.3</ele>
        <time>2023-01-28T11:41:14Z</time>
        <hdop>1.6</hdop>
        <extensions>
          <speed>1.025</speed>
        </extensions>
      </trkpt>
      <trkpt lat="55.6172867" lon="27.4728917">
        <ele>144.5</ele>
        <time>2023-01-28T11:41:20Z</time>
        <hdop>1.8</hdop>
        <extensions>
          <speed>1.059</speed>
        </extensions>
      </trkpt>
      <trkpt lat="55.6173117" lon="27.4728">
        <ele>144.6</ele>
        <time>2023-01-28T11:41:26Z</time>
        <hdop>1.6</hdop>
        <extensions>
          <speed>1.015</speed>
        </extensions>
      </trkpt>
      <trkpt lat="55.61734" lon="27.4727567">
        <ele>145.4</ele>
        <time>2023-01-28T11:41:32Z</time>
        <hdop>1.7</hdop>
        <extensions>
          <speed>0.771</speed>
        </extensions>
      </trkpt>
      <trkpt lat="55.61736" lon="27.47265">
        <ele>145.7</ele>
        <time>2023-01-28T11:41:38Z</time>
        <hdop>1.6</hdop>
        <extensions>
          <speed>0.823</speed>
        </extensions>
      </trkpt>
      <trkpt lat="55.617365" lon="27.4725383">
        <ele>146</ele>
        <time>2023-01-28T11:41:44Z</time>
        <hdop>1.6</hdop>
        <extensions>
          <speed>1.025</speed>
        </extensions>
      </trkpt>
      <trkpt lat="55.6173567" lon="27.4724417">
        <ele>146.4</ele>
        <time>2023-01-28T11:41:50Z</time>
        <hdop>1.7</hdop>
        <extensions>
          <speed>0.963</speed>
        </extensions>
      </trkpt>
      <trkpt lat="55.6173717" lon="27.4723483">
        <ele>145.4</ele>
        <time>2023-01-28T11:41:56Z</time>
        <hdop>1.5</hdop>
        <extensions>
          <speed>0.971</speed>
        </extensions>
      </trkpt>
      <trkpt lat="55.61739" lon="27.472255">
        <ele>143.6</ele>
        <time>2023-01-28T11:42:02Z</time>
        <hdop>1.6</hdop>
        <extensions>
          <speed>1.033</speed>
        </extensions>
      </trkpt>
      <trkpt lat="55.61738" lon="27.4721717">
        <ele>143.3</ele>
        <time>2023-01-28T11:42:08Z</time>
        <hdop>1.7</hdop>
        <extensions>
          <speed>0.91</speed>
        </extensions>
      </trkpt>
      <trkpt lat="55.617375" lon="27.4720933">
        <ele>143.2</ele>
        <time>2023-01-28T11:42:14Z</time>
        <hdop>1.6</hdop>
        <extensions>
          <speed>0.809</speed>
        </extensions>
      </trkpt>
      <trkpt lat="55.6173733" lon="27.471995">
        <ele>142</ele>
        <time>2023-01-28T11:42:20Z</time>
        <hdop>1.5</hdop>
        <extensions>
          <speed>0.793</speed>
        </extensions>
      </trkpt>
      <trkpt lat="55.617365" lon="27.4719217">
        <ele>141.6</ele>
        <time>2023-01-28T11:42:25Z</time>
        <hdop>1.5</hdop>
        <extensions>
          <speed>0.919</speed>
        </extensions>
      </trkpt>
      <trkpt lat="55.6173533" lon="27.4718667">
        <ele>142.4</ele>
        <time>2023-01-28T11:42:31Z</time>
        <hdop>1.6</hdop>
        <extensions>
          <speed>0.777</speed>
        </extensions>
      </trkpt>
      <trkpt lat="55.6173333" lon="27.471805">
        <ele>143</ele>
        <time>2023-01-28T11:42:36Z</time>
        <hdop>1.7</hdop>
        <extensions>
          <speed>0.599</speed>
        </extensions>
      </trkpt>
      <trkpt lat="55.617305" lon="27.47171">
        <ele>144</ele>
        <time>2023-01-28T11:42:42Z</time>
        <hdop>1.7</hdop>
        <extensions>
          <speed>0.868</speed>
        </extensions>
      </trkpt>
      <trkpt lat="55.6172717" lon="27.4716233">
        <ele>144.6</ele>
        <time>2023-01-28T11:42:48Z</time>
        <hdop>1.7</hdop>
        <extensions>
          <speed>1.045</speed>
        </extensions>
      </trkpt>
      <trkpt lat="55.6172383" lon="27.47161">
        <ele>144.8</ele>
        <time>2023-01-28T11:42:53Z</time>
        <hdop>1.7</hdop>
        <extensions>
          <speed>1.075</speed>
        </extensions>
      </trkpt>
      <trkpt lat="55.6171933" lon="27.4715783">
        <ele>145.1</ele>
        <time>2023-01-28T11:42:59Z</time>
        <hdop>1.7</hdop>
        <extensions>
          <speed>0.963</speed>
        </extensions>
      </trkpt>
      <trkpt lat="55.617145" lon="27.4715283">
        <ele>144.9</ele>
        <time>2023-01-28T11:43:05Z</time>
        <hdop>1.7</hdop>
        <extensions>
          <speed>0.913</speed>
        </extensions>
      </trkpt>
      <trkpt lat="55.617105" lon="27.4714833">
        <ele>145.2</ele>
        <time>2023-01-28T11:43:11Z</time>
        <hdop>1.6</hdop>
        <extensions>
          <speed>0.848</speed>
        </extensions>
      </trkpt>
      <trkpt lat="55.6170783" lon="27.4714417">
        <ele>145.4</ele>
        <time>2023-01-28T11:43:16Z</time>
        <hdop>1.7</hdop>
        <extensions>
          <speed>0.772</speed>
        </extensions>
      </trkpt>
      <trkpt lat="55.6170467" lon="27.4713967">
        <ele>145.4</ele>
        <time>2023-01-28T11:43:21Z</time>
        <hdop>1.7</hdop>
        <extensions>
          <speed>0.745</speed>
        </extensions>
      </trkpt>
      <trkpt lat="55.6170133" lon="27.471355">
        <ele>145.3</ele>
        <time>2023-01-28T11:43:26Z</time>
        <hdop>1.7</hdop>
        <extensions>
          <speed>0.835</speed>
        </extensions>
      </trkpt>
      <trkpt lat="55.6169683" lon="27.4713633">
        <ele>145.6</ele>
        <time>2023-01-28T11:43:32Z</time>
        <hdop>1.7</hdop>
        <extensions>
          <speed>0.948</speed>
        </extensions>
      </trkpt>
      <trkpt lat="55.6169333" lon="27.4713517">
        <ele>145.4</ele>
        <time>2023-01-28T11:43:38Z</time>
        <hdop>1.7</hdop>
        <extensions>
          <speed>0.776</speed>
        </extensions>
      </trkpt>
      <trkpt lat="55.616895" lon="27.4713033">
        <ele>145.3</ele>
        <time>2023-01-28T11:43:44Z</time>
        <hdop>1.8</hdop>
        <extensions>
          <speed>0.644</speed>
        </extensions>
      </trkpt>
      <trkpt lat="55.6168617" lon="27.4713167">
        <ele>145.5</ele>
        <time>2023-01-28T11:43:50Z</time>
        <hdop>2</hdop>
        <extensions>
          <speed>0.553</speed>
        </extensions>
      </trkpt>
      <trkpt lat="55.6168217" lon="27.4712967">
        <ele>145.8</ele>
        <time>2023-01-28T11:43:56Z</time>
        <hdop>2</hdop>
        <extensions>
          <speed>0.475</speed>
        </extensions>
      </trkpt>
      <trkpt lat="55.6167683" lon="27.4712733">
        <ele>145.3</ele>
        <time>2023-01-28T11:44:02Z</time>
        <hdop>2</hdop>
        <extensions>
          <speed>0.602</speed>
        </extensions>
      </trkpt>
      <trkpt lat="55.6167167" lon="27.4712317">
        <ele>145.4</ele>
        <time>2023-01-28T11:44:08Z</time>
        <hdop>1.8</hdop>
        <extensions>
          <speed>0.736</speed>
        </extensions>
      </trkpt>
      <trkpt lat="55.61666" lon="27.4711933">
        <ele>145.8</ele>
        <time>2023-01-28T11:44:14Z</time>
        <hdop>1.6</hdop>
        <extensions>
          <speed>0.818</speed>
        </extensions>
      </trkpt>
      <trkpt lat="55.616615" lon="27.4711917">
        <ele>145.9</ele>
        <time>2023-01-28T11:44:20Z</time>
        <hdop>1.7</hdop>
        <extensions>
          <speed>0.832</speed>
        </extensions>
      </trkpt>
      <trkpt lat="55.61657" lon="27.4712033">
        <ele>145.9</ele>
        <time>2023-01-28T11:44:26Z</time>
        <hdop>1.7</hdop>
        <extensions>
          <speed>0.838</speed>
        </extensions>
      </trkpt>
      <trkpt lat="55.6165483" lon="27.471185">
        <ele>146.1</ele>
        <time>2023-01-28T11:44:32Z</time>
        <hdop>1.7</hdop>
        <extensions>
          <speed>0.602</speed>
        </extensions>
      </trkpt>
      <trkpt lat="55.6165017" lon="27.4712">
        <ele>146.2</ele>
        <time>2023-01-28T11:44:38Z</time>
        <hdop>1.7</hdop>
        <extensions>
          <speed>0.468</speed>
        </extensions>
      </trkpt>
      <trkpt lat="55.6164567" lon="27.471175">
        <ele>146.7</ele>
        <time>2023-01-28T11:44:44Z</time>
        <hdop>1.6</hdop>
        <extensions>
          <speed>0.56</speed>
        </extensions>
      </trkpt>
      <trkpt lat="55.6164217" lon="27.471205">
        <ele>146.4</ele>
        <time>2023-01-28T11:44:50Z</time>
        <hdop>1.6</hdop>
        <extensions>
          <speed>0.621</speed>
        </extensions>
      </trkpt>
      <trkpt lat="55.616375" lon="27.4711767">
        <ele>146.3</ele>
        <time>2023-01-28T11:44:56Z</time>
        <hdop>1.7</hdop>
        <extensions>
          <speed>0.773</speed>
        </extensions>
      </trkpt>
      <trkpt lat="55.6163467" lon="27.4711283">
        <ele>145.5</ele>
        <time>2023-01-28T11:45:02Z</time>
        <hdop>1.6</hdop>
        <extensions>
          <speed>0.588</speed>
        </extensions>
      </trkpt>
      <trkpt lat="55.6163133" lon="27.4711033">
        <ele>144.7</ele>
        <time>2023-01-28T11:45:08Z</time>
        <hdop>1.6</hdop>
        <extensions>
          <speed>0.492</speed>
        </extensions>
      </trkpt>
      <trkpt lat="55.61627" lon="27.4710617">
        <ele>144.5</ele>
        <time>2023-01-28T11:45:14Z</time>
        <hdop>1.6</hdop>
        <extensions>
          <speed>0.52</speed>
        </extensions>
      </trkpt>
      <trkpt lat="55.6162333" lon="27.4710483">
        <ele>143.8</ele>
        <time>2023-01-28T11:45:20Z</time>
        <hdop>1.6</hdop>
        <extensions>
          <speed>0.648</speed>
        </extensions>
      </trkpt>
      <trkpt lat="55.6161933" lon="27.4710683">
        <ele>143.6</ele>
        <time>2023-01-28T11:45:26Z</time>
        <hdop>1.6</hdop>
        <extensions>
          <speed>0.679</speed>
        </extensions>
      </trkpt>
      <trkpt lat="55.6161367" lon="27.4710767">
        <ele>143.1</ele>
        <time>2023-01-28T11:45:32Z</time>
        <hdop>1.6</hdop>
        <extensions>
          <speed>0.738</speed>
        </extensions>
      </trkpt>
      <trkpt lat="55.6160917" lon="27.47107">
        <ele>142.9</ele>
        <time>2023-01-28T11:45:38Z</time>
        <hdop>1.7</hdop>
        <extensions>
          <speed>0.735</speed>
        </extensions>
      </trkpt>
      <trkpt lat="55.6160283" lon="27.4710383">
        <ele>142.9</ele>
        <time>2023-01-28T11:45:44Z</time>
        <hdop>1.6</hdop>
        <extensions>
          <speed>0.723</speed>
        </extensions>
      </trkpt>
      <trkpt lat="55.61598" lon="27.4710033">
        <ele>142.9</ele>
        <time>2023-01-28T11:45:50Z</time>
        <hdop>1.6</hdop>
        <extensions>
          <speed>0.839</speed>
        </extensions>
      </trkpt>
      <trkpt lat="55.6159467" lon="27.47096">
        <ele>143.1</ele>
        <time>2023-01-28T11:45:56Z</time>
        <hdop>1.7</hdop>
        <extensions>
          <speed>0.712</speed>
        </extensions>
      </trkpt>
      <trkpt lat="55.6159083" lon="27.4709517">
        <ele>143.2</ele>
        <time>2023-01-28T11:46:02Z</time>
        <hdop>1.6</hdop>
        <extensions>
          <speed>0.642</speed>
        </extensions>
      </trkpt>
      <trkpt lat="55.615875" lon="27.4709433">
        <ele>143.3</ele>
        <time>2023-01-28T11:46:08Z</time>
        <hdop>1.5</hdop>
        <extensions>
          <speed>0.511</speed>
        </extensions>
      </trkpt>
      <trkpt lat="55.61587" lon="27.4709817">
        <ele>142.8</ele>
        <time>2023-01-28T11:46:14Z</time>
        <hdop>1.6</hdop>
      </trkpt>
      <trkpt lat="55.615865" lon="27.471015">
        <ele>144.7</ele>
        <time>2023-01-28T11:47:12Z</time>
        <hdop>1.6</hdop>
        <extensions>
          <speed>0.333</speed>
        </extensions>
      </trkpt>
      <trkpt lat="55.615815" lon="27.4710367">
        <ele>144.8</ele>
        <time>2023-01-28T11:47:18Z</time>
        <hdop>1.5</hdop>
        <extensions>
          <speed>0.512</speed>
        </extensions>
      </trkpt>
      <trkpt lat="55.6157667" lon="27.4709933">
        <ele>145.3</ele>
        <time>2023-01-28T11:47:23Z</time>
        <hdop>1.4</hdop>
        <extensions>
          <speed>0.615</speed>
        </extensions>
      </trkpt>
      <trkpt lat="55.6157283" lon="27.470995">
        <ele>145.4</ele>
        <time>2023-01-28T11:47:29Z</time>
        <hdop>1.5</hdop>
        <extensions>
          <speed>0.601</speed>
        </extensions>
      </trkpt>
      <trkpt lat="55.6156867" lon="27.47096">
        <ele>145.3</ele>
        <time>2023-01-28T11:47:34Z</time>
        <hdop>1.6</hdop>
        <extensions>
          <speed>0.484</speed>
        </extensions>
      </trkpt>
      <trkpt lat="55.6156417" lon="27.470935">
        <ele>145.3</ele>
        <time>2023-01-28T11:47:39Z</time>
        <hdop>1.6</hdop>
        <extensions>
          <speed>0.617</speed>
        </extensions>
      </trkpt>
      <trkpt lat="55.6155983" lon="27.4709317">
        <ele>145.4</ele>
        <time>2023-01-28T11:47:44Z</time>
        <hdop>1.6</hdop>
        <extensions>
          <speed>0.765</speed>
        </extensions>
      </trkpt>
      <trkpt lat="55.61555" lon="27.4709417">
        <ele>145.7</ele>
        <time>2023-01-28T11:47:50Z</time>
        <hdop>1.5</hdop>
        <extensions>
          <speed>0.767</speed>
        </extensions>
      </trkpt>
      <trkpt lat="55.6155167" lon="27.47092">
        <ele>145.4</ele>
        <time>2023-01-28T11:47:56Z</time>
        <hdop>1.5</hdop>
        <extensions>
          <speed>0.655</speed>
        </extensions>
      </trkpt>
      <trkpt lat="55.615485" lon="27.4708933">
        <ele>144.1</ele>
        <time>2023-01-28T11:48:02Z</time>
        <hdop>1.7</hdop>
        <extensions>
          <speed>0.505</speed>
        </extensions>
      </trkpt>
      <trkpt lat="55.6154333" lon="27.47089">
        <ele>143.9</ele>
        <time>2023-01-28T11:48:08Z</time>
        <hdop>1.7</hdop>
        <extensions>
          <speed>0.62</speed>
        </extensions>
      </trkpt>
      <trkpt lat="55.6154067" lon="27.470905">
        <ele>144.4</ele>
        <time>2023-01-28T11:48:14Z</time>
        <hdop>1.7</hdop>
        <extensions>
          <speed>0.717</speed>
        </extensions>
      </trkpt>
      <trkpt lat="55.6153683" lon="27.4709383">
        <ele>144.3</ele>
        <time>2023-01-28T11:48:20Z</time>
        <hdop>1.8</hdop>
        <extensions>
          <speed>0.686</speed>
        </extensions>
      </trkpt>
      <trkpt lat="55.6153383" lon="27.4709167">
        <ele>144.1</ele>
        <time>2023-01-28T11:48:26Z</time>
        <hdop>1.9</hdop>
      </trkpt>
      <trkpt lat="55.6153233" lon="27.470865">
        <ele>143.6</ele>
        <time>2023-01-28T11:48:32Z</time>
        <hdop>2</hdop>
        <extensions>
          <speed>0.525</speed>
        </extensions>
      </trkpt>
      <trkpt lat="55.615275" lon="27.4708167">
        <ele>143.5</ele>
        <time>2023-01-28T11:48:38Z</time>
        <hdop>1.7</hdop>
        <extensions>
          <speed>0.716</speed>
        </extensions>
      </trkpt>
      <trkpt lat="55.6152267" lon="27.4707417">
        <ele>143.5</ele>
        <time>2023-01-28T11:48:44Z</time>
        <hdop>1.7</hdop>
        <extensions>
          <speed>0.824</speed>
        </extensions>
      </trkpt>
      <trkpt lat="55.6152067" lon="27.4706817">
        <ele>143.5</ele>
        <time>2023-01-28T11:48:50Z</time>
        <hdop>1.6</hdop>
        <extensions>
          <speed>0.683</speed>
        </extensions>
      </trkpt>
      <trkpt lat="55.6151667" lon="27.470725">
        <ele>144.7</ele>
        <time>2023-01-28T11:49:12Z</time>
        <hdop>1.3</hdop>
        <extensions>
          <speed>0.249</speed>
        </extensions>
      </trkpt>
      <trkpt lat="55.6151883" lon="27.4707267">
        <ele>146.3</ele>
        <time>2023-01-28T11:49:57Z</time>
        <hdop>1.3</hdop>
        <extensions>
          <speed>0.24</speed>
        </extensions>
      </trkpt>
      <trkpt lat="55.6151883" lon="27.47064">
        <ele>148.7</ele>
        <time>2023-01-28T11:51:44Z</time>
        <hdop>1.6</hdop>
        <extensions>
          <speed>0.275</speed>
        </extensions>
      </trkpt>
      <trkpt lat="55.61517" lon="27.4706967">
        <ele>150.1</ele>
        <time>2023-01-28T11:53:40Z</time>
        <hdop>2.6</hdop>
      </trkpt>
      <trkpt lat="55.6151733" lon="27.47065">
        <ele>150.6</ele>
        <time>2023-01-28T11:53:45Z</time>
        <hdop>2.6</hdop>
      </trkpt>
      <trkpt lat="55.6151917" lon="27.47065">
        <ele>151.2</ele>
        <time>2023-01-28T11:53:50Z</time>
        <hdop>1.2</hdop>
      </trkpt>
      <trkpt lat="55.6151967" lon="27.4706183">
        <ele>148.2</ele>
        <time>2023-01-28T11:55:47Z</time>
        <hdop>1.6</hdop>
      </trkpt>
      <trkpt lat="55.615185" lon="27.47065">
        <ele>148.6</ele>
        <time>2023-01-28T11:56:07Z</time>
        <hdop>1.7</hdop>
      </trkpt>
      <trkpt lat="55.6152083" lon="27.4707283">
        <ele>149</ele>
        <time>2023-01-28T11:57:32Z</time>
        <hdop>1.5</hdop>
        <extensions>
          <speed>0.244</speed>
        </extensions>
      </trkpt>
      <trkpt lat="55.6151267" lon="27.4706367">
        <ele>148.9</ele>
        <time>2023-01-28T11:58:22Z</time>
        <hdop>1.8</hdop>
        <extensions>
          <speed>0.344</speed>
        </extensions>
      </trkpt>
      <trkpt lat="55.6151017" lon="27.4706017">
        <ele>149.1</ele>
        <time>2023-01-28T11:58:27Z</time>
        <hdop>2</hdop>
        <extensions>
          <speed>0.445</speed>
        </extensions>
      </trkpt>
      <trkpt lat="55.615075" lon="27.4706533">
        <ele>148.8</ele>
        <time>2023-01-28T11:58:32Z</time>
        <hdop>1.9</hdop>
        <extensions>
          <speed>0.444</speed>
        </extensions>
      </trkpt>
      <trkpt lat="55.6150483" lon="27.4706633">
        <ele>147.8</ele>
        <time>2023-01-28T11:58:38Z</time>
        <hdop>2</hdop>
        <extensions>
          <speed>0.415</speed>
        </extensions>
      </trkpt>
      <trkpt lat="55.61502" lon="27.4706683">
        <ele>146.9</ele>
        <time>2023-01-28T11:58:44Z</time>
        <hdop>1.9</hdop>
      </trkpt>
      <trkpt lat="55.6149733" lon="27.47069">
        <ele>145.5</ele>
        <time>2023-01-28T11:58:50Z</time>
        <hdop>1.8</hdop>
      </trkpt>
      <trkpt lat="55.6149383" lon="27.4707083">
        <ele>144.5</ele>
        <time>2023-01-28T11:58:56Z</time>
        <hdop>2</hdop>
        <extensions>
          <speed>0.473</speed>
        </extensions>
      </trkpt>
      <trkpt lat="55.6149183" lon="27.4707283">
        <ele>143.3</ele>
        <time>2023-01-28T11:59:02Z</time>
        <hdop>2.2</hdop>
        <extensions>
          <speed>0.474</speed>
        </extensions>
      </trkpt>
      <trkpt lat="55.6149" lon="27.47073">
        <ele>139.6</ele>
        <time>2023-01-28T11:59:11Z</time>
        <hdop>2.2</hdop>
      </trkpt>
      <trkpt lat="55.6148533" lon="27.47079">
        <ele>138.9</ele>
        <time>2023-01-28T11:59:17Z</time>
        <hdop>2.5</hdop>
      </trkpt>
      <trkpt lat="55.6148183" lon="27.4708183">
        <ele>138.9</ele>
        <time>2023-01-28T11:59:22Z</time>
        <hdop>2.3</hdop>
        <extensions>
          <speed>0.581</speed>
        </extensions>
      </trkpt>
      <trkpt lat="55.6147817" lon="27.4708167">
        <ele>138.3</ele>
        <time>2023-01-28T11:59:27Z</time>
        <hdop>2.1</hdop>
        <extensions>
          <speed>0.496</speed>
        </extensions>
      </trkpt>
      <trkpt lat="55.614735" lon="27.4708233">
        <ele>138.2</ele>
        <time>2023-01-28T11:59:33Z</time>
        <hdop>2.3</hdop>
      </trkpt>
      <trkpt lat="55.6146867" lon="27.4708367">
        <ele>138.5</ele>
        <time>2023-01-28T11:59:39Z</time>
        <hdop>2.4</hdop>
      </trkpt>
      <trkpt lat="55.61462" lon="27.4708333">
        <ele>139.2</ele>
        <time>2023-01-28T11:59:45Z</time>
        <hdop>2.4</hdop>
      </trkpt>
      <trkpt lat="55.6145733" lon="27.4708083">
        <ele>139.8</ele>
        <time>2023-01-28T11:59:50Z</time>
        <hdop>2.4</hdop>
      </trkpt>
      <trkpt lat="55.6145383" lon="27.470775">
        <ele>140.7</ele>
        <time>2023-01-28T11:59:56Z</time>
        <hdop>2.4</hdop>
      </trkpt>
      <trkpt lat="55.6144867" lon="27.4707583">
        <ele>141.5</ele>
        <time>2023-01-28T12:00:02Z</time>
        <hdop>2.4</hdop>
      </trkpt>
      <trkpt lat="55.6144533" lon="27.4707533">
        <ele>141.1</ele>
        <time>2023-01-28T12:00:07Z</time>
        <hdop>1.2</hdop>
      </trkpt>
      <trkpt lat="55.6144233" lon="27.4707667">
        <ele>141</ele>
        <time>2023-01-28T12:00:13Z</time>
        <hdop>2.3</hdop>
      </trkpt>
      <trkpt lat="55.6143767" lon="27.4707517">
        <ele>140.6</ele>
        <time>2023-01-28T12:00:18Z</time>
        <hdop>2.5</hdop>
        <extensions>
          <speed>0.693</speed>
        </extensions>
      </trkpt>
      <trkpt lat="55.614295" lon="27.470785">
        <ele>140</ele>
        <time>2023-01-28T12:00:23Z</time>
        <hdop>2.3</hdop>
        <extensions>
          <speed>0.912</speed>
        </extensions>
      </trkpt>
      <trkpt lat="55.6142333" lon="27.4707617">
        <ele>140.1</ele>
        <time>2023-01-28T12:00:29Z</time>
        <hdop>2.2</hdop>
        <extensions>
          <speed>0.913</speed>
        </extensions>
      </trkpt>
      <trkpt lat="55.6141883" lon="27.4707667">
        <ele>140.6</ele>
        <time>2023-01-28T12:00:34Z</time>
        <hdop>2.1</hdop>
        <extensions>
          <speed>0.675</speed>
        </extensions>
      </trkpt>
      <trkpt lat="55.614145" lon="27.4707817">
        <ele>140.2</ele>
        <time>2023-01-28T12:00:40Z</time>
        <hdop>2</hdop>
        <extensions>
          <speed>0.593</speed>
        </extensions>
      </trkpt>
      <trkpt lat="55.6141033" lon="27.4708083">
        <ele>141.1</ele>
        <time>2023-01-28T12:00:45Z</time>
        <hdop>1.9</hdop>
        <extensions>
          <speed>0.676</speed>
        </extensions>
      </trkpt>
      <trkpt lat="55.6140567" lon="27.4707833">
        <ele>142.5</ele>
        <time>2023-01-28T12:00:50Z</time>
        <hdop>1.9</hdop>
        <extensions>
          <speed>0.706</speed>
        </extensions>
      </trkpt>
      <trkpt lat="55.6140067" lon="27.4707833">
        <ele>143.6</ele>
        <time>2023-01-28T12:00:56Z</time>
        <hdop>2</hdop>
        <extensions>
          <speed>0.709</speed>
        </extensions>
      </trkpt>
      <trkpt lat="55.6139617" lon="27.4708533">
        <ele>144.5</ele>
        <time>2023-01-28T12:01:02Z</time>
        <hdop>1.8</hdop>
        <extensions>
          <speed>0.504</speed>
        </extensions>
      </trkpt>
      <trkpt lat="55.613915" lon="27.4708683">
        <ele>144.9</ele>
        <time>2023-01-28T12:01:07Z</time>
        <hdop>1.7</hdop>
        <extensions>
          <speed>0.505</speed>
        </extensions>
      </trkpt>
      <trkpt lat="55.6138883" lon="27.4708617">
        <ele>144.8</ele>
        <time>2023-01-28T12:01:12Z</time>
        <hdop>1.1</hdop>
        <extensions>
          <speed>0.519</speed>
        </extensions>
      </trkpt>
      <trkpt lat="55.6138617" lon="27.4708967">
        <ele>144.8</ele>
        <time>2023-01-28T12:01:18Z</time>
        <hdop>1.7</hdop>
        <extensions>
          <speed>0.41</speed>
        </extensions>
      </trkpt>
      <trkpt lat="55.613815" lon="27.4709333">
        <ele>145.4</ele>
        <time>2023-01-28T12:01:24Z</time>
        <hdop>1.7</hdop>
        <extensions>
          <speed>0.459</speed>
        </extensions>
      </trkpt>
      <trkpt lat="55.61377" lon="27.4709483">
        <ele>145.7</ele>
        <time>2023-01-28T12:01:29Z</time>
        <hdop>1.7</hdop>
        <extensions>
          <speed>0.409</speed>
        </extensions>
      </trkpt>
      <trkpt lat="55.6137183" lon="27.4709517">
        <ele>146.1</ele>
        <time>2023-01-28T12:01:35Z</time>
        <hdop>1.8</hdop>
        <extensions>
          <speed>0.569</speed>
        </extensions>
      </trkpt>
      <trkpt lat="55.61368" lon="27.47093">
        <ele>146.3</ele>
        <time>2023-01-28T12:01:40Z</time>
        <hdop>1.9</hdop>
        <extensions>
          <speed>0.608</speed>
        </extensions>
      </trkpt>
      <trkpt lat="55.6136383" lon="27.4709217">
        <ele>146.7</ele>
        <time>2023-01-28T12:01:45Z</time>
        <hdop>1.8</hdop>
        <extensions>
          <speed>0.595</speed>
        </extensions>
      </trkpt>
      <trkpt lat="55.6135967" lon="27.4709617">
        <ele>147.3</ele>
        <time>2023-01-28T12:01:50Z</time>
        <hdop>1.9</hdop>
        <extensions>
          <speed>0.622</speed>
        </extensions>
      </trkpt>
      <trkpt lat="55.61358" lon="27.4709817">
        <ele>147.7</ele>
        <time>2023-01-28T12:01:57Z</time>
        <hdop>1.8</hdop>
      </trkpt>
      <trkpt lat="55.6135517" lon="27.470995">
        <ele>147.6</ele>
        <time>2023-01-28T12:02:02Z</time>
        <hdop>1.1</hdop>
      </trkpt>
      <trkpt lat="55.613525" lon="27.471035">
        <ele>147.5</ele>
        <time>2023-01-28T12:02:08Z</time>
        <hdop>1.1</hdop>
        <extensions>
          <speed>0.467</speed>
        </extensions>
      </trkpt>
      <trkpt lat="55.6135" lon="27.4710583">
        <ele>148</ele>
        <time>2023-01-28T12:02:13Z</time>
        <hdop>1.7</hdop>
        <extensions>
          <speed>0.603</speed>
        </extensions>
      </trkpt>
      <trkpt lat="55.6134417" lon="27.4710567">
        <ele>149.1</ele>
        <time>2023-01-28T12:02:19Z</time>
        <hdop>1.8</hdop>
        <extensions>
          <speed>0.777</speed>
        </extensions>
      </trkpt>
      <trkpt lat="55.61338" lon="27.4710517">
        <ele>150.1</ele>
        <time>2023-01-28T12:02:25Z</time>
        <hdop>1.8</hdop>
        <extensions>
          <speed>0.754</speed>
        </extensions>
      </trkpt>
      <trkpt lat="55.6133217" lon="27.4710367">
        <ele>151</ele>
        <time>2023-01-28T12:02:30Z</time>
        <hdop>1.8</hdop>
        <extensions>
          <speed>0.823</speed>
        </extensions>
      </trkpt>
      <trkpt lat="55.6132933" lon="27.4710417">
        <ele>151.6</ele>
        <time>2023-01-28T12:02:35Z</time>
        <hdop>1.9</hdop>
        <extensions>
          <speed>0.718</speed>
        </extensions>
      </trkpt>
      <trkpt lat="55.6132317" lon="27.4710667">
        <ele>152.4</ele>
        <time>2023-01-28T12:02:41Z</time>
        <hdop>1.9</hdop>
        <extensions>
          <speed>0.626</speed>
        </extensions>
      </trkpt>
      <trkpt lat="55.613195" lon="27.4710783">
        <ele>152.7</ele>
        <time>2023-01-28T12:02:46Z</time>
        <hdop>1.9</hdop>
        <extensions>
          <speed>0.689</speed>
        </extensions>
      </trkpt>
      <trkpt lat="55.6131617" lon="27.4710533">
        <ele>152.4</ele>
        <time>2023-01-28T12:02:52Z</time>
        <hdop>1.8</hdop>
        <extensions>
          <speed>0.516</speed>
        </extensions>
      </trkpt>
      <trkpt lat="55.6131267" lon="27.4710617">
        <ele>152.4</ele>
        <time>2023-01-28T12:02:58Z</time>
        <hdop>1.8</hdop>
        <extensions>
          <speed>0.503</speed>
        </extensions>
      </trkpt>
      <trkpt lat="55.6130967" lon="27.4710717">
        <ele>152</ele>
        <time>2023-01-28T12:03:03Z</time>
        <hdop>1.8</hdop>
        <extensions>
          <speed>0.525</speed>
        </extensions>
      </trkpt>
      <trkpt lat="55.6130467" lon="27.471095">
        <ele>150.9</ele>
        <time>2023-01-28T12:03:09Z</time>
        <hdop>1.8</hdop>
        <extensions>
          <speed>0.502</speed>
        </extensions>
      </trkpt>
      <trkpt lat="55.6130017" lon="27.4711617">
        <ele>149.7</ele>
        <time>2023-01-28T12:03:14Z</time>
        <hdop>1.8</hdop>
        <extensions>
          <speed>0.592</speed>
        </extensions>
      </trkpt>
      <trkpt lat="55.6129533" lon="27.4711717">
        <ele>148</ele>
        <time>2023-01-28T12:03:20Z</time>
        <hdop>1.9</hdop>
        <extensions>
          <speed>0.53</speed>
        </extensions>
      </trkpt>
      <trkpt lat="55.6129167" lon="27.4712033">
        <ele>146.1</ele>
        <time>2023-01-28T12:03:26Z</time>
        <hdop>1.9</hdop>
        <extensions>
          <speed>0.505</speed>
        </extensions>
      </trkpt>
      <trkpt lat="55.6129033" lon="27.4712283">
        <ele>145</ele>
        <time>2023-01-28T12:03:32Z</time>
        <hdop>1.9</hdop>
        <extensions>
          <speed>0.539</speed>
        </extensions>
      </trkpt>
      <trkpt lat="55.6128667" lon="27.4712117">
        <ele>145</ele>
        <time>2023-01-28T12:03:38Z</time>
        <hdop>1.8</hdop>
        <extensions>
          <speed>0.492</speed>
        </extensions>
      </trkpt>
      <trkpt lat="55.61283" lon="27.4712367">
        <ele>143.8</ele>
        <time>2023-01-28T12:03:43Z</time>
        <hdop>1.8</hdop>
        <extensions>
          <speed>0.505</speed>
        </extensions>
      </trkpt>
      <trkpt lat="55.6127867" lon="27.47125">
        <ele>142.2</ele>
        <time>2023-01-28T12:03:49Z</time>
        <hdop>2.2</hdop>
        <extensions>
          <speed>0.596</speed>
        </extensions>
      </trkpt>
      <trkpt lat="55.61274" lon="27.4712483">
        <ele>141.1</ele>
        <time>2023-01-28T12:03:54Z</time>
        <hdop>2</hdop>
        <extensions>
          <speed>0.665</speed>
        </extensions>
      </trkpt>
      <trkpt lat="55.612695" lon="27.47125">
        <ele>140</ele>
        <time>2023-01-28T12:04:00Z</time>
        <hdop>1.9</hdop>
        <extensions>
          <speed>0.737</speed>
        </extensions>
      </trkpt>
      <trkpt lat="55.6126567" lon="27.4712567">
        <ele>139.3</ele>
        <time>2023-01-28T12:04:05Z</time>
        <hdop>1.9</hdop>
        <extensions>
          <speed>0.755</speed>
        </extensions>
      </trkpt>
      <trkpt lat="55.6126083" lon="27.4712717">
        <ele>139.6</ele>
        <time>2023-01-28T12:04:11Z</time>
        <hdop>1.9</hdop>
        <extensions>
          <speed>0.756</speed>
        </extensions>
      </trkpt>
      <trkpt lat="55.6125717" lon="27.4712783">
        <ele>139.8</ele>
        <time>2023-01-28T12:04:16Z</time>
        <hdop>1.8</hdop>
        <extensions>
          <speed>0.691</speed>
        </extensions>
      </trkpt>
      <trkpt lat="55.6125267" lon="27.4712867">
        <ele>139.5</ele>
        <time>2023-01-28T12:04:21Z</time>
        <hdop>1.9</hdop>
        <extensions>
          <speed>0.7</speed>
        </extensions>
      </trkpt>
      <trkpt lat="55.6124817" lon="27.47131">
        <ele>139.3</ele>
        <time>2023-01-28T12:04:26Z</time>
        <hdop>1.8</hdop>
        <extensions>
          <speed>0.702</speed>
        </extensions>
      </trkpt>
      <trkpt lat="55.6124367" lon="27.4712833">
        <ele>139.5</ele>
        <time>2023-01-28T12:04:32Z</time>
        <hdop>1.8</hdop>
        <extensions>
          <speed>0.565</speed>
        </extensions>
      </trkpt>
      <trkpt lat="55.6124067" lon="27.4712867">
        <ele>138.6</ele>
        <time>2023-01-28T12:04:37Z</time>
        <hdop>1.6</hdop>
        <extensions>
          <speed>0.575</speed>
        </extensions>
      </trkpt>
      <trkpt lat="55.612355" lon="27.4712517">
        <ele>137.3</ele>
        <time>2023-01-28T12:04:43Z</time>
        <hdop>1.9</hdop>
        <extensions>
          <speed>0.698</speed>
        </extensions>
      </trkpt>
      <trkpt lat="55.6123167" lon="27.471215">
        <ele>136.3</ele>
        <time>2023-01-28T12:04:48Z</time>
        <hdop>2</hdop>
        <extensions>
          <speed>0.701</speed>
        </extensions>
      </trkpt>
      <trkpt lat="55.61229" lon="27.4712">
        <ele>135.1</ele>
        <time>2023-01-28T12:04:54Z</time>
        <hdop>2.1</hdop>
        <extensions>
          <speed>0.619</speed>
        </extensions>
      </trkpt>
      <trkpt lat="55.61223" lon="27.4712167">
        <ele>134.4</ele>
        <time>2023-01-28T12:05:00Z</time>
        <hdop>2</hdop>
        <extensions>
          <speed>0.541</speed>
        </extensions>
      </trkpt>
      <trkpt lat="55.6121883" lon="27.4712167">
        <ele>134.3</ele>
        <time>2023-01-28T12:05:06Z</time>
        <hdop>2</hdop>
        <extensions>
          <speed>0.645</speed>
        </extensions>
      </trkpt>
      <trkpt lat="55.612135" lon="27.4712133">
        <ele>134.2</ele>
        <time>2023-01-28T12:05:12Z</time>
        <hdop>1.9</hdop>
        <extensions>
          <speed>0.621</speed>
        </extensions>
      </trkpt>
      <trkpt lat="55.6120783" lon="27.471225">
        <ele>134.2</ele>
        <time>2023-01-28T12:05:18Z</time>
        <hdop>1.9</hdop>
        <extensions>
          <speed>0.691</speed>
        </extensions>
      </trkpt>
      <trkpt lat="55.6120333" lon="27.4712133">
        <ele>134.8</ele>
        <time>2023-01-28T12:05:23Z</time>
        <hdop>1.9</hdop>
        <extensions>
          <speed>0.686</speed>
        </extensions>
      </trkpt>
      <trkpt lat="55.611995" lon="27.4711667">
        <ele>136.1</ele>
        <time>2023-01-28T12:05:29Z</time>
        <hdop>1.9</hdop>
        <extensions>
          <speed>0.604</speed>
        </extensions>
      </trkpt>
      <trkpt lat="55.6119833" lon="27.4711217">
        <ele>137.3</ele>
        <time>2023-01-28T12:05:34Z</time>
        <hdop>1.8</hdop>
        <extensions>
          <speed>0.549</speed>
        </extensions>
      </trkpt>
      <trkpt lat="55.6119467" lon="27.47107">
        <ele>138</ele>
        <time>2023-01-28T12:05:40Z</time>
        <hdop>1.9</hdop>
        <extensions>
          <speed>0.574</speed>
        </extensions>
      </trkpt>
      <trkpt lat="55.6119133" lon="27.4710333">
        <ele>138.9</ele>
        <time>2023-01-28T12:05:46Z</time>
        <hdop>1.8</hdop>
        <extensions>
          <speed>0.535</speed>
        </extensions>
      </trkpt>
      <trkpt lat="55.6118917" lon="27.4709983">
        <ele>138.6</ele>
        <time>2023-01-28T12:05:54Z</time>
        <hdop>1.6</hdop>
        <extensions>
          <speed>0.288</speed>
        </extensions>
      </trkpt>
      <trkpt lat="55.6118717" lon="27.4709083">
        <ele>138.5</ele>
        <time>2023-01-28T12:06:00Z</time>
        <hdop>1.8</hdop>
        <extensions>
          <speed>0.618</speed>
        </extensions>
      </trkpt>
      <trkpt lat="55.6118517" lon="27.4708683">
        <ele>138.2</ele>
        <time>2023-01-28T12:06:06Z</time>
        <hdop>1.6</hdop>
        <extensions>
          <speed>0.692</speed>
        </extensions>
      </trkpt>
      <trkpt lat="55.6118383" lon="27.470815">
        <ele>138.2</ele>
        <time>2023-01-28T12:06:11Z</time>
        <hdop>1.9</hdop>
        <extensions>
          <speed>0.481</speed>
        </extensions>
      </trkpt>
      <trkpt lat="55.6118333" lon="27.47078">
        <ele>138.3</ele>
        <time>2023-01-28T12:06:17Z</time>
        <hdop>1.9</hdop>
      </trkpt>
      <trkpt lat="55.6118" lon="27.4706533">
        <ele>138.3</ele>
        <time>2023-01-28T12:06:23Z</time>
        <hdop>2</hdop>
      </trkpt>
      <trkpt lat="55.61179" lon="27.4706017">
        <ele>138.2</ele>
        <time>2023-01-28T12:06:28Z</time>
        <hdop>2.2</hdop>
      </trkpt>
      <trkpt lat="55.6117767" lon="27.470555">
        <ele>138.6</ele>
        <time>2023-01-28T12:06:33Z</time>
        <hdop>2</hdop>
        <extensions>
          <speed>0.427</speed>
        </extensions>
      </trkpt>
      <trkpt lat="55.6117283" lon="27.4704817">
        <ele>139</ele>
        <time>2023-01-28T12:06:39Z</time>
        <hdop>1.8</hdop>
        <extensions>
          <speed>0.536</speed>
        </extensions>
      </trkpt>
      <trkpt lat="55.6116867" lon="27.470425">
        <ele>139.4</ele>
        <time>2023-01-28T12:06:44Z</time>
        <hdop>1.8</hdop>
        <extensions>
          <speed>0.706</speed>
        </extensions>
      </trkpt>
      <trkpt lat="55.6116483" lon="27.47038">
        <ele>139.8</ele>
        <time>2023-01-28T12:06:50Z</time>
        <hdop>1.8</hdop>
        <extensions>
          <speed>0.712</speed>
        </extensions>
      </trkpt>
      <trkpt lat="55.61161" lon="27.470365">
        <ele>140.1</ele>
        <time>2023-01-28T12:06:56Z</time>
        <hdop>1.8</hdop>
        <extensions>
          <speed>0.636</speed>
        </extensions>
      </trkpt>
      <trkpt lat="55.611565" lon="27.470335">
        <ele>140.3</ele>
        <time>2023-01-28T12:07:02Z</time>
        <hdop>2.3</hdop>
      </trkpt>
      <trkpt lat="55.6115133" lon="27.4703417">
        <ele>140.4</ele>
        <time>2023-01-28T12:07:08Z</time>
        <hdop>2.6</hdop>
      </trkpt>
      <trkpt lat="55.6114917" lon="27.4703733">
        <ele>140.7</ele>
        <time>2023-01-28T12:07:13Z</time>
        <hdop>2.1</hdop>
        <extensions>
          <speed>0.568</speed>
        </extensions>
      </trkpt>
      <trkpt lat="55.6114567" lon="27.4703817">
        <ele>141.2</ele>
        <time>2023-01-28T12:07:18Z</time>
        <hdop>1.9</hdop>
        <extensions>
          <speed>0.511</speed>
        </extensions>
      </trkpt>
      <trkpt lat="55.611435" lon="27.4703733">
        <ele>141.2</ele>
        <time>2023-01-28T12:07:24Z</time>
        <hdop>2</hdop>
        <extensions>
          <speed>0.445</speed>
        </extensions>
      </trkpt>
      <trkpt lat="55.6113933" lon="27.47037">
        <ele>141.1</ele>
        <time>2023-01-28T12:07:30Z</time>
        <hdop>1.9</hdop>
        <extensions>
          <speed>0.423</speed>
        </extensions>
      </trkpt>
      <trkpt lat="55.61138" lon="27.47034">
        <ele>141.1</ele>
        <time>2023-01-28T12:07:36Z</time>
        <hdop>2</hdop>
        <extensions>
          <speed>0.456</speed>
        </extensions>
      </trkpt>
      <trkpt lat="55.6113483" lon="27.4703217">
        <ele>141.4</ele>
        <time>2023-01-28T12:07:42Z</time>
        <hdop>2</hdop>
        <extensions>
          <speed>0.471</speed>
        </extensions>
      </trkpt>
      <trkpt lat="55.6113333" lon="27.470355">
        <ele>141.3</ele>
        <time>2023-01-28T12:08:04Z</time>
        <hdop>2.1</hdop>
        <extensions>
          <speed>0.419</speed>
        </extensions>
      </trkpt>
      <trkpt lat="55.611335" lon="27.47039">
        <ele>141.7</ele>
        <time>2023-01-28T12:08:14Z</time>
        <hdop>1.3</hdop>
      </trkpt>
      <trkpt lat="55.611325" lon="27.4704217">
        <ele>142.4</ele>
        <time>2023-01-28T12:08:27Z</time>
        <hdop>1.9</hdop>
        <extensions>
          <speed>0.351</speed>
        </extensions>
      </trkpt>
      <trkpt lat="55.6112917" lon="27.4704183">
        <ele>143.2</ele>
        <time>2023-01-28T12:08:32Z</time>
        <hdop>1.9</hdop>
        <extensions>
          <speed>0.544</speed>
        </extensions>
      </trkpt>
      <trkpt lat="55.61126" lon="27.4704383">
        <ele>142.8</ele>
        <time>2023-01-28T12:08:38Z</time>
        <hdop>1.7</hdop>
        <extensions>
          <speed>0.554</speed>
        </extensions>
      </trkpt>
      <trkpt lat="55.6112383" lon="27.4704733">
        <ele>141.8</ele>
        <time>2023-01-28T12:08:44Z</time>
        <hdop>1.9</hdop>
        <extensions>
          <speed>0.587</speed>
        </extensions>
      </trkpt>
      <trkpt lat="55.61123" lon="27.4705217">
        <ele>140.8</ele>
        <time>2023-01-28T12:08:50Z</time>
        <hdop>1.9</hdop>
        <extensions>
          <speed>0.54</speed>
        </extensions>
      </trkpt>
      <trkpt lat="55.6112083" lon="27.4706033">
        <ele>140</ele>
        <time>2023-01-28T12:08:56Z</time>
        <hdop>2</hdop>
        <extensions>
          <speed>0.619</speed>
        </extensions>
      </trkpt>
      <trkpt lat="55.6111717" lon="27.4706617">
        <ele>139.3</ele>
        <time>2023-01-28T12:09:02Z</time>
        <hdop>2</hdop>
        <extensions>
          <speed>0.698</speed>
        </extensions>
      </trkpt>
      <trkpt lat="55.6111467" lon="27.47071">
        <ele>138.4</ele>
        <time>2023-01-28T12:09:08Z</time>
        <hdop>1.9</hdop>
        <extensions>
          <speed>0.643</speed>
        </extensions>
      </trkpt>
      <trkpt lat="55.6111517" lon="27.4707667">
        <ele>138.6</ele>
        <time>2023-01-28T12:09:14Z</time>
        <hdop>1.8</hdop>
        <extensions>
          <speed>0.606</speed>
        </extensions>
      </trkpt>
      <trkpt lat="55.6111533" lon="27.4708183">
        <ele>138.9</ele>
        <time>2023-01-28T12:09:20Z</time>
        <hdop>1.9</hdop>
        <extensions>
          <speed>0.549</speed>
        </extensions>
      </trkpt>
      <trkpt lat="55.61112" lon="27.4708733">
        <ele>138.8</ele>
        <time>2023-01-28T12:09:26Z</time>
        <hdop>1.9</hdop>
        <extensions>
          <speed>0.513</speed>
        </extensions>
      </trkpt>
      <trkpt lat="55.611075" lon="27.47094">
        <ele>138.6</ele>
        <time>2023-01-28T12:09:32Z</time>
        <hdop>1.9</hdop>
        <extensions>
          <speed>0.563</speed>
        </extensions>
      </trkpt>
      <trkpt lat="55.6110583" lon="27.4709683">
        <ele>138.5</ele>
        <time>2023-01-28T12:09:38Z</time>
        <hdop>1.9</hdop>
        <extensions>
          <speed>0.555</speed>
        </extensions>
      </trkpt>
      <trkpt lat="55.6110183" lon="27.4709667">
        <ele>138.5</ele>
        <time>2023-01-28T12:09:44Z</time>
        <hdop>1.9</hdop>
        <extensions>
          <speed>0.445</speed>
        </extensions>
      </trkpt>
      <trkpt lat="55.61097" lon="27.4709717">
        <ele>138.5</ele>
        <time>2023-01-28T12:09:50Z</time>
        <hdop>1.8</hdop>
        <extensions>
          <speed>0.54</speed>
        </extensions>
      </trkpt>
      <trkpt lat="55.6109333" lon="27.4709833">
        <ele>139.5</ele>
        <time>2023-01-28T12:09:56Z</time>
        <hdop>1.8</hdop>
        <extensions>
          <speed>0.427</speed>
        </extensions>
      </trkpt>
      <trkpt lat="55.610905" lon="27.4710233">
        <ele>139.5</ele>
        <time>2023-01-28T12:10:08Z</time>
        <hdop>1.7</hdop>
        <extensions>
          <speed>0.377</speed>
        </extensions>
      </trkpt>
      <trkpt lat="55.610905" lon="27.4711033">
        <ele>139.8</ele>
        <time>2023-01-28T12:10:14Z</time>
        <hdop>1.8</hdop>
        <extensions>
          <speed>0.641</speed>
        </extensions>
      </trkpt>
      <trkpt lat="55.6108933" lon="27.471215">
        <ele>139.9</ele>
        <time>2023-01-28T12:10:20Z</time>
        <hdop>1.9</hdop>
        <extensions>
          <speed>0.865</speed>
        </extensions>
      </trkpt>
      <trkpt lat="55.6108733" lon="27.47129">
        <ele>140.2</ele>
        <time>2023-01-28T12:10:26Z</time>
        <hdop>1.7</hdop>
        <extensions>
          <speed>0.836</speed>
        </extensions>
      </trkpt>
      <trkpt lat="55.61081" lon="27.4713417">
        <ele>140.1</ele>
        <time>2023-01-28T12:10:32Z</time>
        <hdop>1.8</hdop>
        <extensions>
          <speed>0.787</speed>
        </extensions>
      </trkpt>
      <trkpt lat="55.6107733" lon="27.47137">
        <ele>140.2</ele>
        <time>2023-01-28T12:10:38Z</time>
        <hdop>1.8</hdop>
        <extensions>
          <speed>0.881</speed>
        </extensions>
      </trkpt>
      <trkpt lat="55.610765" lon="27.4714317">
        <ele>140.2</ele>
        <time>2023-01-28T12:10:44Z</time>
        <hdop>1.8</hdop>
        <extensions>
          <speed>0.72</speed>
        </extensions>
      </trkpt>
      <trkpt lat="55.6107517" lon="27.47149">
        <ele>140</ele>
        <time>2023-01-28T12:10:50Z</time>
        <hdop>2</hdop>
        <extensions>
          <speed>0.611</speed>
        </extensions>
      </trkpt>
      <trkpt lat="55.61072" lon="27.471565">
        <ele>139.8</ele>
        <time>2023-01-28T12:10:56Z</time>
        <hdop>2.2</hdop>
      </trkpt>
      <trkpt lat="55.61065" lon="27.4716567">
        <ele>140.2</ele>
        <time>2023-01-28T12:11:02Z</time>
        <hdop>2.1</hdop>
        <extensions>
          <speed>0.908</speed>
        </extensions>
      </trkpt>
      <trkpt lat="55.6105833" lon="27.47169">
        <ele>140.5</ele>
        <time>2023-01-28T12:11:08Z</time>
        <hdop>2.1</hdop>
        <extensions>
          <speed>1.011</speed>
        </extensions>
      </trkpt>
      <trkpt lat="55.6105383" lon="27.4717233">
        <ele>140.3</ele>
        <time>2023-01-28T12:11:14Z</time>
        <hdop>2</hdop>
        <extensions>
          <speed>0.974</speed>
        </extensions>
      </trkpt>
      <trkpt lat="55.6104967" lon="27.4717383">
        <ele>139.8</ele>
        <time>2023-01-28T12:11:20Z</time>
        <hdop>2</hdop>
      </trkpt>
      <trkpt lat="55.61048" lon="27.4717717">
        <ele>139.3</ele>
        <time>2023-01-28T12:11:27Z</time>
        <hdop>1.9</hdop>
        <extensions>
          <speed>0.588</speed>
        </extensions>
      </trkpt>
      <trkpt lat="55.6104483" lon="27.471775">
        <ele>139.6</ele>
        <time>2023-01-28T12:11:32Z</time>
        <hdop>1.9</hdop>
        <extensions>
          <speed>0.579</speed>
        </extensions>
      </trkpt>
      <trkpt lat="55.6103967" lon="27.4717883">
        <ele>139.4</ele>
        <time>2023-01-28T12:11:38Z</time>
        <hdop>1.9</hdop>
        <extensions>
          <speed>0.7</speed>
        </extensions>
      </trkpt>
      <trkpt lat="55.610335" lon="27.47175">
        <ele>140</ele>
        <time>2023-01-28T12:11:44Z</time>
        <hdop>1.9</hdop>
        <extensions>
          <speed>0.753</speed>
        </extensions>
      </trkpt>
      <trkpt lat="55.61028" lon="27.4717217">
        <ele>140</ele>
        <time>2023-01-28T12:11:50Z</time>
        <hdop>1.8</hdop>
        <extensions>
          <speed>0.923</speed>
        </extensions>
      </trkpt>
      <trkpt lat="55.6102283" lon="27.47169">
        <ele>140.6</ele>
        <time>2023-01-28T12:11:56Z</time>
        <hdop>1.8</hdop>
        <extensions>
          <speed>0.927</speed>
        </extensions>
      </trkpt>
      <trkpt lat="55.610185" lon="27.4717067">
        <ele>140.6</ele>
        <time>2023-01-28T12:12:02Z</time>
        <hdop>1.9</hdop>
        <extensions>
          <speed>0.861</speed>
        </extensions>
      </trkpt>
      <trkpt lat="55.6101317" lon="27.4717033">
        <ele>140.7</ele>
        <time>2023-01-28T12:12:08Z</time>
        <hdop>1.9</hdop>
        <extensions>
          <speed>0.778</speed>
        </extensions>
      </trkpt>
      <trkpt lat="55.61007" lon="27.47169">
        <ele>141</ele>
        <time>2023-01-28T12:12:14Z</time>
        <hdop>1.9</hdop>
        <extensions>
          <speed>0.933</speed>
        </extensions>
      </trkpt>
      <trkpt lat="55.6100183" lon="27.471695">
        <ele>141.5</ele>
        <time>2023-01-28T12:12:20Z</time>
        <hdop>1.9</hdop>
        <extensions>
          <speed>1.02</speed>
        </extensions>
      </trkpt>
      <trkpt lat="55.60998" lon="27.4717283">
        <ele>141.6</ele>
        <time>2023-01-28T12:12:26Z</time>
        <hdop>2</hdop>
        <extensions>
          <speed>0.835</speed>
        </extensions>
      </trkpt>
      <trkpt lat="55.6099317" lon="27.471755">
        <ele>141.3</ele>
        <time>2023-01-28T12:12:32Z</time>
        <hdop>2</hdop>
        <extensions>
          <speed>0.796</speed>
        </extensions>
      </trkpt>
      <trkpt lat="55.60988" lon="27.4717733">
        <ele>141.2</ele>
        <time>2023-01-28T12:12:38Z</time>
        <hdop>2</hdop>
        <extensions>
          <speed>0.796</speed>
        </extensions>
      </trkpt>
      <trkpt lat="55.6098283" lon="27.4717683">
        <ele>141.1</ele>
        <time>2023-01-28T12:12:44Z</time>
        <hdop>1.9</hdop>
        <extensions>
          <speed>0.788</speed>
        </extensions>
      </trkpt>
      <trkpt lat="55.6097833" lon="27.4717367">
        <ele>141.2</ele>
        <time>2023-01-28T12:12:50Z</time>
        <hdop>1.9</hdop>
        <extensions>
          <speed>0.701</speed>
        </extensions>
      </trkpt>
      <trkpt lat="55.6097483" lon="27.4717483">
        <ele>141.6</ele>
        <time>2023-01-28T12:12:56Z</time>
        <hdop>1.9</hdop>
        <extensions>
          <speed>0.576</speed>
        </extensions>
      </trkpt>
      <trkpt lat="55.6097133" lon="27.4717867">
        <ele>141.7</ele>
        <time>2023-01-28T12:13:02Z</time>
        <hdop>2</hdop>
        <extensions>
          <speed>0.519</speed>
        </extensions>
      </trkpt>
      <trkpt lat="55.609675" lon="27.4717967">
        <ele>142</ele>
        <time>2023-01-28T12:13:08Z</time>
        <hdop>2</hdop>
        <extensions>
          <speed>0.508</speed>
        </extensions>
      </trkpt>
      <trkpt lat="55.609645" lon="27.4717733">
        <ele>141.9</ele>
        <time>2023-01-28T12:13:14Z</time>
        <hdop>1.9</hdop>
        <extensions>
          <speed>0.466</speed>
        </extensions>
      </trkpt>
      <trkpt lat="55.609605" lon="27.4717617">
        <ele>142.3</ele>
        <time>2023-01-28T12:13:20Z</time>
        <hdop>1.8</hdop>
        <extensions>
          <speed>0.606</speed>
        </extensions>
      </trkpt>
      <trkpt lat="55.6095583" lon="27.4717433">
        <ele>142.4</ele>
        <time>2023-01-28T12:13:26Z</time>
        <hdop>1.7</hdop>
        <extensions>
          <speed>0.707</speed>
        </extensions>
      </trkpt>
      <trkpt lat="55.6095117" lon="27.471705">
        <ele>142.4</ele>
        <time>2023-01-28T12:13:32Z</time>
        <hdop>1.8</hdop>
        <extensions>
          <speed>0.906</speed>
        </extensions>
      </trkpt>
      <trkpt lat="55.609455" lon="27.4717117">
        <ele>142.7</ele>
        <time>2023-01-28T12:13:38Z</time>
        <hdop>1.9</hdop>
        <extensions>
          <speed>0.957</speed>
        </extensions>
      </trkpt>
      <trkpt lat="55.609405" lon="27.4716983">
        <ele>143.1</ele>
        <time>2023-01-28T12:13:44Z</time>
        <hdop>1.8</hdop>
        <extensions>
          <speed>0.927</speed>
        </extensions>
      </trkpt>
      <trkpt lat="55.6093667" lon="27.471685">
        <ele>144</ele>
        <time>2023-01-28T12:13:50Z</time>
        <hdop>1.8</hdop>
        <extensions>
          <speed>0.772</speed>
        </extensions>
      </trkpt>
      <trkpt lat="55.6093483" lon="27.4716517">
        <ele>145.3</ele>
        <time>2023-01-28T12:13:56Z</time>
        <hdop>1.8</hdop>
        <extensions>
          <speed>0.563</speed>
        </extensions>
      </trkpt>
      <trkpt lat="55.6092933" lon="27.4716583">
        <ele>146.1</ele>
        <time>2023-01-28T12:14:02Z</time>
        <hdop>1.9</hdop>
        <extensions>
          <speed>0.551</speed>
        </extensions>
      </trkpt>
      <trkpt lat="55.60926" lon="27.4716433">
        <ele>147.3</ele>
        <time>2023-01-28T12:14:08Z</time>
        <hdop>1.8</hdop>
        <extensions>
          <speed>0.561</speed>
        </extensions>
      </trkpt>
      <trkpt lat="55.6092417" lon="27.471635">
        <ele>148</ele>
        <time>2023-01-28T12:14:14Z</time>
        <hdop>1.9</hdop>
      </trkpt>
      <trkpt lat="55.6092217" lon="27.471635">
        <ele>147.9</ele>
        <time>2023-01-28T12:14:20Z</time>
        <hdop>1.9</hdop>
      </trkpt>
      <trkpt lat="55.6091733" lon="27.4716333">
        <ele>147.2</ele>
        <time>2023-01-28T12:14:33Z</time>
        <hdop>1.8</hdop>
        <extensions>
          <speed>0.363</speed>
        </extensions>
      </trkpt>
      <trkpt lat="55.6091083" lon="27.4716367">
        <ele>144.9</ele>
        <time>2023-01-28T12:14:52Z</time>
        <hdop>1.9</hdop>
        <extensions>
          <speed>0.39</speed>
        </extensions>
      </trkpt>
      <trkpt lat="55.6090867" lon="27.471665">
        <ele>144.2</ele>
        <time>2023-01-28T12:14:58Z</time>
        <hdop>1.9</hdop>
        <extensions>
          <speed>0.429</speed>
        </extensions>
      </trkpt>
      <trkpt lat="55.6090617" lon="27.4716867">
        <ele>144.3</ele>
        <time>2023-01-28T12:15:04Z</time>
        <hdop>1.9</hdop>
      </trkpt>
      <trkpt lat="55.6090267" lon="27.4716933">
        <ele>144</ele>
        <time>2023-01-28T12:15:09Z</time>
        <hdop>2</hdop>
        <extensions>
          <speed>0.424</speed>
        </extensions>
      </trkpt>
      <trkpt lat="55.609005" lon="27.4717083">
        <ele>143.9</ele>
        <time>2023-01-28T12:15:14Z</time>
        <hdop>1.9</hdop>
        <extensions>
          <speed>0.447</speed>
        </extensions>
      </trkpt>
      <trkpt lat="55.609" lon="27.4717583">
        <ele>147.6</ele>
        <time>2023-01-28T12:15:46Z</time>
        <hdop>1.7</hdop>
        <extensions>
          <speed>0.255</speed>
        </extensions>
      </trkpt>
      <trkpt lat="55.6089633" lon="27.4717317">
        <ele>148.2</ele>
        <time>2023-01-28T12:15:51Z</time>
        <hdop>1.8</hdop>
        <extensions>
          <speed>0.409</speed>
        </extensions>
      </trkpt>
      <trkpt lat="55.6089283" lon="27.4717317">
        <ele>148.8</ele>
        <time>2023-01-28T12:15:56Z</time>
        <hdop>1.8</hdop>
        <extensions>
          <speed>0.548</speed>
        </extensions>
      </trkpt>
      <trkpt lat="55.6089067" lon="27.47176">
        <ele>149.1</ele>
        <time>2023-01-28T12:16:02Z</time>
        <hdop>1.8</hdop>
        <extensions>
          <speed>0.529</speed>
        </extensions>
      </trkpt>
      <trkpt lat="55.608865" lon="27.4718183">
        <ele>149.5</ele>
        <time>2023-01-28T12:16:08Z</time>
        <hdop>1.9</hdop>
        <extensions>
          <speed>0.672</speed>
        </extensions>
      </trkpt>
      <trkpt lat="55.608845" lon="27.4718317">
        <ele>149.6</ele>
        <time>2023-01-28T12:16:14Z</time>
        <hdop>1.9</hdop>
        <extensions>
          <speed>0.618</speed>
        </extensions>
      </trkpt>
      <trkpt lat="55.608825" lon="27.47185">
        <ele>149.4</ele>
        <time>2023-01-28T12:16:24Z</time>
        <hdop>1.9</hdop>
        <extensions>
          <speed>0.399</speed>
        </extensions>
      </trkpt>
      <trkpt lat="55.60879" lon="27.4718717">
        <ele>149.4</ele>
        <time>2023-01-28T12:16:29Z</time>
        <hdop>1.8</hdop>
        <extensions>
          <speed>0.484</speed>
        </extensions>
      </trkpt>
      <trkpt lat="55.6087533" lon="27.4718817">
        <ele>149.2</ele>
        <time>2023-01-28T12:16:34Z</time>
        <hdop>1.8</hdop>
        <extensions>
          <speed>0.628</speed>
        </extensions>
      </trkpt>
      <trkpt lat="55.6087133" lon="27.47188">
        <ele>149</ele>
        <time>2023-01-28T12:16:40Z</time>
        <hdop>1.9</hdop>
        <extensions>
          <speed>0.578</speed>
        </extensions>
      </trkpt>
      <trkpt lat="55.6086917" lon="27.47187">
        <ele>148.1</ele>
        <time>2023-01-28T12:16:45Z</time>
        <hdop>1.8</hdop>
        <extensions>
          <speed>0.534</speed>
        </extensions>
      </trkpt>
      <trkpt lat="55.60867" lon="27.47187">
        <ele>147.4</ele>
        <time>2023-01-28T12:16:50Z</time>
        <hdop>1.7</hdop>
        <extensions>
          <speed>0.575</speed>
        </extensions>
      </trkpt>
      <trkpt lat="55.6086417" lon="27.4718983">
        <ele>146.7</ele>
        <time>2023-01-28T12:16:56Z</time>
        <hdop>1.7</hdop>
        <extensions>
          <speed>0.648</speed>
        </extensions>
      </trkpt>
      <trkpt lat="55.6086" lon="27.47196">
        <ele>146.2</ele>
        <time>2023-01-28T12:17:02Z</time>
        <hdop>1.8</hdop>
        <extensions>
          <speed>0.714</speed>
        </extensions>
      </trkpt>
      <trkpt lat="55.6085617" lon="27.472">
        <ele>146.3</ele>
        <time>2023-01-28T12:17:08Z</time>
        <hdop>1.9</hdop>
        <extensions>
          <speed>0.704</speed>
        </extensions>
      </trkpt>
      <trkpt lat="55.6085483" lon="27.4720433">
        <ele>146.1</ele>
        <time>2023-01-28T12:17:14Z</time>
        <hdop>1.9</hdop>
        <extensions>
          <speed>0.643</speed>
        </extensions>
      </trkpt>
      <trkpt lat="55.608515" lon="27.4720567">
        <ele>146.2</ele>
        <time>2023-01-28T12:17:20Z</time>
        <hdop>1.9</hdop>
        <extensions>
          <speed>0.66</speed>
        </extensions>
      </trkpt>
      <trkpt lat="55.6084667" lon="27.4720683">
        <ele>146</ele>
        <time>2023-01-28T12:17:26Z</time>
        <hdop>1.9</hdop>
        <extensions>
          <speed>0.798</speed>
        </extensions>
      </trkpt>
      <trkpt lat="55.6084217" lon="27.472075">
        <ele>146.1</ele>
        <time>2023-01-28T12:17:32Z</time>
        <hdop>1.9</hdop>
        <extensions>
          <speed>0.876</speed>
        </extensions>
      </trkpt>
      <trkpt lat="55.60844" lon="27.4720883">
        <ele>146.3</ele>
        <time>2023-01-28T12:17:40Z</time>
        <hdop>1.8</hdop>
        <extensions>
          <speed>0.44</speed>
        </extensions>
      </trkpt>
      <trkpt lat="55.6084067" lon="27.4720617">
        <ele>146.6</ele>
        <time>2023-01-28T12:17:45Z</time>
        <hdop>1.8</hdop>
        <extensions>
          <speed>0.573</speed>
        </extensions>
      </trkpt>
      <trkpt lat="55.6083633" lon="27.47204">
        <ele>146.6</ele>
        <time>2023-01-28T12:17:50Z</time>
        <hdop>1.8</hdop>
        <extensions>
          <speed>0.907</speed>
        </extensions>
      </trkpt>
      <trkpt lat="55.60832" lon="27.4720133">
        <ele>147.2</ele>
        <time>2023-01-28T12:17:56Z</time>
        <hdop>2</hdop>
        <extensions>
          <speed>0.858</speed>
        </extensions>
      </trkpt>
      <trkpt lat="55.6082883" lon="27.4719717">
        <ele>147.4</ele>
        <time>2023-01-28T12:18:02Z</time>
        <hdop>1.9</hdop>
        <extensions>
          <speed>0.61</speed>
        </extensions>
      </trkpt>
      <trkpt lat="55.6082667" lon="27.4720333">
        <ele>148</ele>
        <time>2023-01-28T12:18:08Z</time>
        <hdop>1.8</hdop>
        <extensions>
          <speed>0.662</speed>
        </extensions>
      </trkpt>
      <trkpt lat="55.608245" lon="27.4720983">
        <ele>147.9</ele>
        <time>2023-01-28T12:18:14Z</time>
        <hdop>1.9</hdop>
        <extensions>
          <speed>0.788</speed>
        </extensions>
      </trkpt>
      <trkpt lat="55.60821" lon="27.4721217">
        <ele>147.6</ele>
        <time>2023-01-28T12:18:20Z</time>
        <hdop>2</hdop>
        <extensions>
          <speed>0.651</speed>
        </extensions>
      </trkpt>
      <trkpt lat="55.6081717" lon="27.4721783">
        <ele>147.4</ele>
        <time>2023-01-28T12:18:26Z</time>
        <hdop>1.8</hdop>
        <extensions>
          <speed>0.619</speed>
        </extensions>
      </trkpt>
      <trkpt lat="55.6081467" lon="27.472215">
        <ele>147.3</ele>
        <time>2023-01-28T12:18:32Z</time>
        <hdop>1.8</hdop>
        <extensions>
          <speed>0.588</speed>
        </extensions>
      </trkpt>
      <trkpt lat="55.6080983" lon="27.4722583">
        <ele>147.7</ele>
        <time>2023-01-28T12:18:38Z</time>
        <hdop>1.9</hdop>
        <extensions>
          <speed>0.551</speed>
        </extensions>
      </trkpt>
      <trkpt lat="55.6080417" lon="27.4722317">
        <ele>147.5</ele>
        <time>2023-01-28T12:18:44Z</time>
        <hdop>1.7</hdop>
        <extensions>
          <speed>0.692</speed>
        </extensions>
      </trkpt>
      <trkpt lat="55.6079967" lon="27.4722417">
        <ele>147.1</ele>
        <time>2023-01-28T12:18:50Z</time>
        <hdop>1.9</hdop>
        <extensions>
          <speed>0.772</speed>
        </extensions>
      </trkpt>
      <trkpt lat="55.6079383" lon="27.4722467">
        <ele>147.2</ele>
        <time>2023-01-28T12:18:56Z</time>
        <hdop>1.9</hdop>
        <extensions>
          <speed>0.768</speed>
        </extensions>
      </trkpt>
      <trkpt lat="55.6078783" lon="27.4722117">
        <ele>147.7</ele>
        <time>2023-01-28T12:19:02Z</time>
        <hdop>1.9</hdop>
        <extensions>
          <speed>0.844</speed>
        </extensions>
      </trkpt>
      <trkpt lat="55.6078183" lon="27.4721933">
        <ele>147.6</ele>
        <time>2023-01-28T12:19:08Z</time>
        <hdop>1.9</hdop>
        <extensions>
          <speed>0.947</speed>
        </extensions>
      </trkpt>
      <trkpt lat="55.60777" lon="27.4721883">
        <ele>147.7</ele>
        <time>2023-01-28T12:19:14Z</time>
        <hdop>1.8</hdop>
        <extensions>
          <speed>0.938</speed>
        </extensions>
      </trkpt>
      <trkpt lat="55.607745" lon="27.47215">
        <ele>147.9</ele>
        <time>2023-01-28T12:19:20Z</time>
        <hdop>1.8</hdop>
        <extensions>
          <speed>0.745</speed>
        </extensions>
      </trkpt>
      <trkpt lat="55.607725" lon="27.4721233">
        <ele>148.9</ele>
        <time>2023-01-28T12:19:26Z</time>
        <hdop>1.9</hdop>
        <extensions>
          <speed>0.509</speed>
        </extensions>
      </trkpt>
      <trkpt lat="55.6077067" lon="27.4721">
        <ele>149.1</ele>
        <time>2023-01-28T12:19:33Z</time>
        <hdop>1.9</hdop>
      </trkpt>
      <trkpt lat="55.6076717" lon="27.4721083">
        <ele>149.8</ele>
        <time>2023-01-28T12:19:38Z</time>
        <hdop>2</hdop>
        <extensions>
          <speed>0.435</speed>
        </extensions>
      </trkpt>
      <trkpt lat="55.607645" lon="27.472115">
        <ele>150.7</ele>
        <time>2023-01-28T12:19:44Z</time>
        <hdop>1.9</hdop>
        <extensions>
          <speed>0.547</speed>
        </extensions>
      </trkpt>
      <trkpt lat="55.6075883" lon="27.4720967">
        <ele>150.8</ele>
        <time>2023-01-28T12:19:50Z</time>
        <hdop>1.8</hdop>
        <extensions>
          <speed>0.548</speed>
        </extensions>
      </trkpt>
      <trkpt lat="55.6075483" lon="27.472075">
        <ele>151.7</ele>
        <time>2023-01-28T12:19:56Z</time>
        <hdop>1.9</hdop>
        <extensions>
          <speed>0.703</speed>
        </extensions>
      </trkpt>
      <trkpt lat="55.6075267" lon="27.4720917">
        <ele>151.4</ele>
        <time>2023-01-28T12:20:02Z</time>
        <hdop>1.9</hdop>
        <extensions>
          <speed>0.569</speed>
        </extensions>
      </trkpt>
      <trkpt lat="55.6074817" lon="27.47208">
        <ele>150.1</ele>
        <time>2023-01-28T12:20:08Z</time>
        <hdop>1.8</hdop>
        <extensions>
          <speed>0.45</speed>
        </extensions>
      </trkpt>
      <trkpt lat="55.6074583" lon="27.4721033">
        <ele>150</ele>
        <time>2023-01-28T12:20:14Z</time>
        <hdop>1.9</hdop>
        <extensions>
          <speed>0.41</speed>
        </extensions>
      </trkpt>
      <trkpt lat="55.6074217" lon="27.4721">
        <ele>150.2</ele>
        <time>2023-01-28T12:20:25Z</time>
        <hdop>1.8</hdop>
        <extensions>
          <speed>0.379</speed>
        </extensions>
      </trkpt>
      <trkpt lat="55.6074033" lon="27.47208">
        <ele>151.2</ele>
        <time>2023-01-28T12:20:35Z</time>
        <hdop>1.8</hdop>
        <extensions>
          <speed>0.307</speed>
        </extensions>
      </trkpt>
      <trkpt lat="55.6073667" lon="27.4720633">
        <ele>150.5</ele>
        <time>2023-01-28T12:20:40Z</time>
        <hdop>1.9</hdop>
        <extensions>
          <speed>0.529</speed>
        </extensions>
      </trkpt>
      <trkpt lat="55.6073367" lon="27.47204">
        <ele>150.7</ele>
        <time>2023-01-28T12:20:46Z</time>
        <hdop>2</hdop>
        <extensions>
          <speed>0.563</speed>
        </extensions>
      </trkpt>
      <trkpt lat="55.6072783" lon="27.47206">
        <ele>150.8</ele>
        <time>2023-01-28T12:21:23Z</time>
        <hdop>1.9</hdop>
        <extensions>
          <speed>0.429</speed>
        </extensions>
      </trkpt>
      <trkpt lat="55.6072333" lon="27.4720317">
        <ele>150.9</ele>
        <time>2023-01-28T12:21:28Z</time>
        <hdop>2</hdop>
        <extensions>
          <speed>0.576</speed>
        </extensions>
      </trkpt>
      <trkpt lat="55.6072067" lon="27.472055">
        <ele>151.3</ele>
        <time>2023-01-28T12:21:34Z</time>
        <hdop>2</hdop>
        <extensions>
          <speed>0.596</speed>
        </extensions>
      </trkpt>
      <trkpt lat="55.6072333" lon="27.4721217">
        <ele>152</ele>
        <time>2023-01-28T12:21:39Z</time>
        <hdop>1.8</hdop>
      </trkpt>
      <trkpt lat="55.607195" lon="27.4721483">
        <ele>153.1</ele>
        <time>2023-01-28T12:21:53Z</time>
        <hdop>2</hdop>
        <extensions>
          <speed>0.281</speed>
        </extensions>
      </trkpt>
      <trkpt lat="55.6071717" lon="27.472125">
        <ele>153.9</ele>
        <time>2023-01-28T12:21:58Z</time>
        <hdop>2.1</hdop>
        <extensions>
          <speed>0.411</speed>
        </extensions>
      </trkpt>
      <trkpt lat="55.6071967" lon="27.4721483">
        <ele>154.5</ele>
        <time>2023-01-28T12:22:04Z</time>
        <hdop>1.8</hdop>
      </trkpt>
      <trkpt lat="55.6072383" lon="27.4721667">
        <ele>156.7</ele>
        <time>2023-01-28T12:22:15Z</time>
        <hdop>1.4</hdop>
        <extensions>
          <speed>0.31</speed>
        </extensions>
      </trkpt>
      <trkpt lat="55.6071983" lon="27.4721883">
        <ele>156.5</ele>
        <time>2023-01-28T12:22:20Z</time>
        <hdop>1.9</hdop>
        <extensions>
          <speed>0.474</speed>
        </extensions>
      </trkpt>
      <trkpt lat="55.6071217" lon="27.4721883">
        <ele>155.9</ele>
        <time>2023-01-28T12:22:26Z</time>
        <hdop>2</hdop>
        <extensions>
          <speed>0.764</speed>
        </extensions>
      </trkpt>
      <trkpt lat="55.6070833" lon="27.4721783">
        <ele>155.7</ele>
        <time>2023-01-28T12:22:32Z</time>
        <hdop>2</hdop>
        <extensions>
          <speed>0.575</speed>
        </extensions>
      </trkpt>
      <trkpt lat="55.607065" lon="27.4721483">
        <ele>155.3</ele>
        <time>2023-01-28T12:22:41Z</time>
        <hdop>1.9</hdop>
        <extensions>
          <speed>0.49</speed>
        </extensions>
      </trkpt>
      <trkpt lat="55.6070267" lon="27.472135">
        <ele>155.8</ele>
        <time>2023-01-28T12:22:47Z</time>
        <hdop>1.8</hdop>
        <extensions>
          <speed>0.618</speed>
        </extensions>
      </trkpt>
      <trkpt lat="55.60701" lon="27.472155">
        <ele>156.7</ele>
        <time>2023-01-28T12:22:52Z</time>
        <hdop>2</hdop>
        <extensions>
          <speed>0.553</speed>
        </extensions>
      </trkpt>
      <trkpt lat="55.6069983" lon="27.4721983">
        <ele>157.5</ele>
        <time>2023-01-28T12:22:58Z</time>
        <hdop>2.2</hdop>
        <extensions>
          <speed>0.521</speed>
        </extensions>
      </trkpt>
      <trkpt lat="55.6069683" lon="27.4722033">
        <ele>158.7</ele>
        <time>2023-01-28T12:23:03Z</time>
        <hdop>2.1</hdop>
        <extensions>
          <speed>0.459</speed>
        </extensions>
      </trkpt>
      <trkpt lat="55.6069167" lon="27.47223">
        <ele>159.5</ele>
        <time>2023-01-28T12:23:14Z</time>
        <hdop>2.2</hdop>
        <extensions>
          <speed>0.359</speed>
        </extensions>
      </trkpt>
      <trkpt lat="55.606885" lon="27.4722033">
        <ele>160.9</ele>
        <time>2023-01-28T12:23:20Z</time>
        <hdop>2.2</hdop>
        <extensions>
          <speed>0.476</speed>
        </extensions>
      </trkpt>
      <trkpt lat="55.6068767" lon="27.4721717">
        <ele>161.3</ele>
        <time>2023-01-28T12:23:27Z</time>
        <hdop>2.4</hdop>
      </trkpt>
      <trkpt lat="55.60686" lon="27.472145">
        <ele>163.2</ele>
        <time>2023-01-28T12:23:52Z</time>
        <hdop>2.3</hdop>
        <extensions>
          <speed>0.324</speed>
        </extensions>
      </trkpt>
      <trkpt lat="55.6068267" lon="27.47216">
        <ele>165.9</ele>
        <time>2023-01-28T12:23:57Z</time>
        <hdop>2.3</hdop>
        <extensions>
          <speed>0.441</speed>
        </extensions>
      </trkpt>
      <trkpt lat="55.6067917" lon="27.4721617">
        <ele>165.9</ele>
        <time>2023-01-28T12:24:02Z</time>
        <hdop>2.2</hdop>
      </trkpt>
      <trkpt lat="55.60676" lon="27.472165">
        <ele>166.1</ele>
        <time>2023-01-28T12:24:08Z</time>
        <hdop>2.1</hdop>
        <extensions>
          <speed>0.456</speed>
        </extensions>
      </trkpt>
      <trkpt lat="55.6067433" lon="27.4721433">
        <ele>165.4</ele>
        <time>2023-01-28T12:24:15Z</time>
        <hdop>2</hdop>
      </trkpt>
      <trkpt lat="55.6066533" lon="27.4722083">
        <ele>163.5</ele>
        <time>2023-01-28T12:24:34Z</time>
        <hdop>2</hdop>
        <extensions>
          <speed>0.396</speed>
        </extensions>
      </trkpt>
      <trkpt lat="55.6066183" lon="27.4722217">
        <ele>163.1</ele>
        <time>2023-01-28T12:24:40Z</time>
        <hdop>2.1</hdop>
        <extensions>
          <speed>0.425</speed>
        </extensions>
      </trkpt>
      <trkpt lat="55.6065517" lon="27.47219">
        <ele>162.8</ele>
        <time>2023-01-28T12:24:50Z</time>
        <hdop>2.1</hdop>
        <extensions>
          <speed>0.288</speed>
        </extensions>
      </trkpt>
      <trkpt lat="55.6065233" lon="27.4722067">
        <ele>162.7</ele>
        <time>2023-01-28T12:24:56Z</time>
        <hdop>2</hdop>
        <extensions>
          <speed>0.438</speed>
        </extensions>
      </trkpt>
      <trkpt lat="55.606485" lon="27.472215">
        <ele>163.4</ele>
        <time>2023-01-28T12:25:26Z</time>
        <hdop>2.2</hdop>
        <extensions>
          <speed>0.249</speed>
        </extensions>
      </trkpt>
      <trkpt lat="55.6064383" lon="27.4722483">
        <ele>162.9</ele>
        <time>2023-01-28T12:25:32Z</time>
        <hdop>2</hdop>
        <extensions>
          <speed>0.435</speed>
        </extensions>
      </trkpt>
      <trkpt lat="55.6064117" lon="27.4722533">
        <ele>161.7</ele>
        <time>2023-01-28T12:25:38Z</time>
        <hdop>2</hdop>
        <extensions>
          <speed>0.475</speed>
        </extensions>
      </trkpt>
      <trkpt lat="55.606345" lon="27.472275">
        <ele>160.6</ele>
        <time>2023-01-28T12:25:44Z</time>
        <hdop>2</hdop>
        <extensions>
          <speed>0.507</speed>
        </extensions>
      </trkpt>
      <trkpt lat="55.6063" lon="27.4723217">
        <ele>160.2</ele>
        <time>2023-01-28T12:25:50Z</time>
        <hdop>2</hdop>
        <extensions>
          <speed>0.793</speed>
        </extensions>
      </trkpt>
      <trkpt lat="55.6062833" lon="27.4723033">
        <ele>160</ele>
        <time>2023-01-28T12:25:57Z</time>
        <hdop>2</hdop>
        <extensions>
          <speed>0.45</speed>
        </extensions>
      </trkpt>
      <trkpt lat="55.6062533" lon="27.4722883">
        <ele>159.8</ele>
        <time>2023-01-28T12:26:02Z</time>
        <hdop>2</hdop>
        <extensions>
          <speed>0.331</speed>
        </extensions>
      </trkpt>
      <trkpt lat="55.6062633" lon="27.47232">
        <ele>159.9</ele>
        <time>2023-01-28T12:26:10Z</time>
        <hdop>1.8</hdop>
      </trkpt>
      <trkpt lat="55.606275" lon="27.4723867">
        <ele>160.4</ele>
        <time>2023-01-28T12:26:34Z</time>
        <hdop>2</hdop>
        <extensions>
          <speed>0.255</speed>
        </extensions>
      </trkpt>
      <trkpt lat="55.60626" lon="27.4724083">
        <ele>159.7</ele>
        <time>2023-01-28T12:26:43Z</time>
        <hdop>2.2</hdop>
        <extensions>
          <speed>0.357</speed>
        </extensions>
      </trkpt>
      <trkpt lat="55.6062267" lon="27.4723933">
        <ele>159.5</ele>
        <time>2023-01-28T12:26:48Z</time>
        <hdop>2</hdop>
      </trkpt>
      <trkpt lat="55.6061583" lon="27.4724017">
        <ele>157.2</ele>
        <time>2023-01-28T12:27:02Z</time>
        <hdop>1.9</hdop>
        <extensions>
          <speed>0.312</speed>
        </extensions>
      </trkpt>
      <trkpt lat="55.6061017" lon="27.4724317">
        <ele>156.1</ele>
        <time>2023-01-28T12:27:08Z</time>
        <hdop>2</hdop>
        <extensions>
          <speed>0.603</speed>
        </extensions>
      </trkpt>
      <trkpt lat="55.6060783" lon="27.472445">
        <ele>155.7</ele>
        <time>2023-01-28T12:27:14Z</time>
        <hdop>1.9</hdop>
        <extensions>
          <speed>0.668</speed>
        </extensions>
      </trkpt>
      <trkpt lat="55.60605" lon="27.4724417">
        <ele>155.6</ele>
        <time>2023-01-28T12:27:20Z</time>
        <hdop>1.9</hdop>
        <extensions>
          <speed>0.417</speed>
        </extensions>
      </trkpt>
      <trkpt lat="55.60603" lon="27.47244">
        <ele>156.2</ele>
        <time>2023-01-28T12:27:26Z</time>
        <hdop>1.9</hdop>
        <extensions>
          <speed>0.508</speed>
        </extensions>
      </trkpt>
      <trkpt lat="55.6060167" lon="27.4724167">
        <ele>155.6</ele>
        <time>2023-01-28T12:27:32Z</time>
        <hdop>1.9</hdop>
      </trkpt>
      <trkpt lat="55.6059867" lon="27.4723683">
        <ele>155.6</ele>
        <time>2023-01-28T12:27:42Z</time>
        <hdop>2</hdop>
        <extensions>
          <speed>0.387</speed>
        </extensions>
      </trkpt>
      <trkpt lat="55.60595" lon="27.4723917">
        <ele>156</ele>
        <time>2023-01-28T12:27:48Z</time>
        <hdop>2</hdop>
        <extensions>
          <speed>0.43</speed>
        </extensions>
      </trkpt>
      <trkpt lat="55.60592" lon="27.4723933">
        <ele>156.3</ele>
        <time>2023-01-28T12:27:53Z</time>
        <hdop>2</hdop>
        <extensions>
          <speed>0.492</speed>
        </extensions>
      </trkpt>
      <trkpt lat="55.605895" lon="27.4723867">
        <ele>156.9</ele>
        <time>2023-01-28T12:27:58Z</time>
        <hdop>2</hdop>
        <extensions>
          <speed>0.554</speed>
        </extensions>
      </trkpt>
      <trkpt lat="55.605875" lon="27.47239">
        <ele>156.5</ele>
        <time>2023-01-28T12:28:04Z</time>
        <hdop>2</hdop>
        <extensions>
          <speed>0.552</speed>
        </extensions>
      </trkpt>
      <trkpt lat="55.6058617" lon="27.4724183">
        <ele>156.8</ele>
        <time>2023-01-28T12:28:09Z</time>
        <hdop>2.1</hdop>
        <extensions>
          <speed>0.565</speed>
        </extensions>
      </trkpt>
      <trkpt lat="55.6058217" lon="27.4724367">
        <ele>156.5</ele>
        <time>2023-01-28T12:28:14Z</time>
        <hdop>2.2</hdop>
        <extensions>
          <speed>0.64</speed>
        </extensions>
      </trkpt>
      <trkpt lat="55.60579" lon="27.472415">
        <ele>155.1</ele>
        <time>2023-01-28T12:28:20Z</time>
        <hdop>2.1</hdop>
        <extensions>
          <speed>0.596</speed>
        </extensions>
      </trkpt>
      <trkpt lat="55.60574" lon="27.4723533">
        <ele>153.3</ele>
        <time>2023-01-28T12:28:26Z</time>
        <hdop>2.2</hdop>
        <extensions>
          <speed>0.53</speed>
        </extensions>
      </trkpt>
      <trkpt lat="55.60571" lon="27.4723217">
        <ele>152.4</ele>
        <time>2023-01-28T12:28:32Z</time>
        <hdop>2.3</hdop>
        <extensions>
          <speed>0.492</speed>
        </extensions>
      </trkpt>
      <trkpt lat="55.6056817" lon="27.472335">
        <ele>153.1</ele>
        <time>2023-01-28T12:28:38Z</time>
        <hdop>2.1</hdop>
        <extensions>
          <speed>0.475</speed>
        </extensions>
      </trkpt>
      <trkpt lat="55.6057017" lon="27.4723333">
        <ele>153.7</ele>
        <time>2023-01-28T12:28:44Z</time>
        <hdop>1</hdop>
      </trkpt>
      <trkpt lat="55.60566" lon="27.4723367">
        <ele>154.4</ele>
        <time>2023-01-28T12:28:50Z</time>
        <hdop>1.9</hdop>
        <extensions>
          <speed>0.447</speed>
        </extensions>
      </trkpt>
      <trkpt lat="55.6056083" lon="27.4723183">
        <ele>155.2</ele>
        <time>2023-01-28T12:28:56Z</time>
        <hdop>1.9</hdop>
        <extensions>
          <speed>0.777</speed>
        </extensions>
      </trkpt>
      <trkpt lat="55.6055717" lon="27.4723233">
        <ele>156.4</ele>
        <time>2023-01-28T12:29:02Z</time>
        <hdop>1.8</hdop>
        <extensions>
          <speed>0.782</speed>
        </extensions>
      </trkpt>
      <trkpt lat="55.6055417" lon="27.47232">
        <ele>156.3</ele>
        <time>2023-01-28T12:29:09Z</time>
        <hdop>1.9</hdop>
        <extensions>
          <speed>0.5</speed>
        </extensions>
      </trkpt>
      <trkpt lat="55.6054983" lon="27.4723317">
        <ele>155.9</ele>
        <time>2023-01-28T12:29:14Z</time>
        <hdop>2</hdop>
        <extensions>
          <speed>0.466</speed>
        </extensions>
      </trkpt>
      <trkpt lat="55.6054617" lon="27.4724">
        <ele>155.3</ele>
        <time>2023-01-28T12:29:20Z</time>
        <hdop>1.9</hdop>
        <extensions>
          <speed>0.714</speed>
        </extensions>
      </trkpt>
      <trkpt lat="55.605445" lon="27.47246">
        <ele>154.4</ele>
        <time>2023-01-28T12:29:26Z</time>
        <hdop>2.1</hdop>
        <extensions>
          <speed>0.755</speed>
        </extensions>
      </trkpt>
      <trkpt lat="55.6054167" lon="27.4725">
        <ele>152.9</ele>
        <time>2023-01-28T12:29:32Z</time>
        <hdop>2</hdop>
        <extensions>
          <speed>0.68</speed>
        </extensions>
      </trkpt>
      <trkpt lat="55.6054017" lon="27.4725183">
        <ele>151.4</ele>
        <time>2023-01-28T12:29:39Z</time>
        <hdop>1.9</hdop>
        <extensions>
          <speed>0.514</speed>
        </extensions>
      </trkpt>
      <trkpt lat="55.605375" lon="27.4725467">
        <ele>150.7</ele>
        <time>2023-01-28T12:29:44Z</time>
        <hdop>1.9</hdop>
        <extensions>
          <speed>0.476</speed>
        </extensions>
      </trkpt>
      <trkpt lat="55.6053433" lon="27.4725567">
        <ele>150.4</ele>
        <time>2023-01-28T12:29:50Z</time>
        <hdop>1.9</hdop>
        <extensions>
          <speed>0.453</speed>
        </extensions>
      </trkpt>
      <trkpt lat="55.6053067" lon="27.47257">
        <ele>150.8</ele>
        <time>2023-01-28T12:30:00Z</time>
        <hdop>1.9</hdop>
        <extensions>
          <speed>0.385</speed>
        </extensions>
      </trkpt>
      <trkpt lat="55.6052783" lon="27.4725883">
        <ele>150.4</ele>
        <time>2023-01-28T12:30:05Z</time>
        <hdop>1.8</hdop>
        <extensions>
          <speed>0.529</speed>
        </extensions>
      </trkpt>
      <trkpt lat="55.60525" lon="27.4726433">
        <ele>150.5</ele>
        <time>2023-01-28T12:30:11Z</time>
        <hdop>1.9</hdop>
        <extensions>
          <speed>0.723</speed>
        </extensions>
      </trkpt>
      <trkpt lat="55.6052417" lon="27.4726867">
        <ele>150.6</ele>
        <time>2023-01-28T12:30:16Z</time>
        <hdop>2</hdop>
        <extensions>
          <speed>0.762</speed>
        </extensions>
      </trkpt>
      <trkpt lat="55.6052183" lon="27.4727283">
        <ele>151.4</ele>
        <time>2023-01-28T12:30:22Z</time>
        <hdop>2</hdop>
        <extensions>
          <speed>0.665</speed>
        </extensions>
      </trkpt>
      <trkpt lat="55.6051983" lon="27.4727583">
        <ele>152</ele>
        <time>2023-01-28T12:30:27Z</time>
        <hdop>2</hdop>
        <extensions>
          <speed>0.557</speed>
        </extensions>
      </trkpt>
      <trkpt lat="55.6051733" lon="27.4727833">
        <ele>152.1</ele>
        <time>2023-01-28T12:30:32Z</time>
        <hdop>2</hdop>
        <extensions>
          <speed>0.438</speed>
        </extensions>
      </trkpt>
      <trkpt lat="55.605135" lon="27.4728333">
        <ele>152.3</ele>
        <time>2023-01-28T12:30:38Z</time>
        <hdop>2</hdop>
        <extensions>
          <speed>0.64</speed>
        </extensions>
      </trkpt>
      <trkpt lat="55.605105" lon="27.472875">
        <ele>152.3</ele>
        <time>2023-01-28T12:30:44Z</time>
        <hdop>1.9</hdop>
        <extensions>
          <speed>0.662</speed>
        </extensions>
      </trkpt>
      <trkpt lat="55.6050917" lon="27.4729033">
        <ele>152.9</ele>
        <time>2023-01-28T12:30:51Z</time>
        <hdop>1.8</hdop>
        <extensions>
          <speed>0.416</speed>
        </extensions>
      </trkpt>
      <trkpt lat="55.605075" lon="27.4729183">
        <ele>153.5</ele>
        <time>2023-01-28T12:31:05Z</time>
        <hdop>1.8</hdop>
      </trkpt>
      <trkpt lat="55.60506" lon="27.4729783">
        <ele>152.8</ele>
        <time>2023-01-28T12:31:10Z</time>
        <hdop>1.9</hdop>
        <extensions>
          <speed>0.527</speed>
        </extensions>
      </trkpt>
      <trkpt lat="55.6050417" lon="27.4730317">
        <ele>152.1</ele>
        <time>2023-01-28T12:31:16Z</time>
        <hdop>1.9</hdop>
        <extensions>
          <speed>0.519</speed>
        </extensions>
      </trkpt>
      <trkpt lat="55.6050033" lon="27.47306">
        <ele>150.8</ele>
        <time>2023-01-28T12:31:21Z</time>
        <hdop>1.9</hdop>
        <extensions>
          <speed>0.498</speed>
        </extensions>
      </trkpt>
      <trkpt lat="55.604975" lon="27.4730817">
        <ele>149.4</ele>
        <time>2023-01-28T12:31:26Z</time>
        <hdop>2</hdop>
        <extensions>
          <speed>0.603</speed>
        </extensions>
      </trkpt>
      <trkpt lat="55.6049583" lon="27.4730667">
        <ele>149.2</ele>
        <time>2023-01-28T12:31:32Z</time>
        <hdop>1.9</hdop>
        <extensions>
          <speed>0.492</speed>
        </extensions>
      </trkpt>
      <trkpt lat="55.6049417" lon="27.47309">
        <ele>150.6</ele>
        <time>2023-01-28T12:31:40Z</time>
        <hdop>1.8</hdop>
        <extensions>
          <speed>0.411</speed>
        </extensions>
      </trkpt>
      <trkpt lat="55.60497" lon="27.47314">
        <ele>151.8</ele>
        <time>2023-01-28T12:31:46Z</time>
        <hdop>1.1</hdop>
      </trkpt>
      <trkpt lat="55.604975" lon="27.473185">
        <ele>153.9</ele>
        <time>2023-01-28T12:32:11Z</time>
        <hdop>1.7</hdop>
        <extensions>
          <speed>0.348</speed>
        </extensions>
      </trkpt>
      <trkpt lat="55.604915" lon="27.4732067">
        <ele>154</ele>
        <time>2023-01-28T12:32:17Z</time>
        <hdop>1.9</hdop>
        <extensions>
          <speed>0.694</speed>
        </extensions>
      </trkpt>
      <trkpt lat="55.6048717" lon="27.4732183">
        <ele>154</ele>
        <time>2023-01-28T12:32:22Z</time>
        <hdop>1.8</hdop>
        <extensions>
          <speed>0.844</speed>
        </extensions>
      </trkpt>
      <trkpt lat="55.604815" lon="27.4732533">
        <ele>153.5</ele>
        <time>2023-01-28T12:32:28Z</time>
        <hdop>1.9</hdop>
        <extensions>
          <speed>0.778</speed>
        </extensions>
      </trkpt>
      <trkpt lat="55.6047783" lon="27.47332">
        <ele>153.4</ele>
        <time>2023-01-28T12:32:34Z</time>
        <hdop>1.9</hdop>
        <extensions>
          <speed>0.83</speed>
        </extensions>
      </trkpt>
      <trkpt lat="55.6047367" lon="27.4733383">
        <ele>153.4</ele>
        <time>2023-01-28T12:32:39Z</time>
        <hdop>1.9</hdop>
        <extensions>
          <speed>0.792</speed>
        </extensions>
      </trkpt>
      <trkpt lat="55.6047067" lon="27.4733583">
        <ele>153.4</ele>
        <time>2023-01-28T12:32:44Z</time>
        <hdop>1.9</hdop>
        <extensions>
          <speed>0.711</speed>
        </extensions>
      </trkpt>
      <trkpt lat="55.6046817" lon="27.4733733">
        <ele>153.6</ele>
        <time>2023-01-28T12:32:50Z</time>
        <hdop>2.1</hdop>
        <extensions>
          <speed>0.561</speed>
        </extensions>
      </trkpt>
      <trkpt lat="55.60465" lon="27.4733883">
        <ele>154</ele>
        <time>2023-01-28T12:32:56Z</time>
        <hdop>2</hdop>
        <extensions>
          <speed>0.557</speed>
        </extensions>
      </trkpt>
      <trkpt lat="55.604595" lon="27.4734417">
        <ele>153.8</ele>
        <time>2023-01-28T12:33:02Z</time>
        <hdop>1.9</hdop>
        <extensions>
          <speed>0.64</speed>
        </extensions>
      </trkpt>
      <trkpt lat="55.6045433" lon="27.4734967">
        <ele>153</ele>
        <time>2023-01-28T12:33:08Z</time>
        <hdop>2</hdop>
        <extensions>
          <speed>0.631</speed>
        </extensions>
      </trkpt>
      <trkpt lat="55.6045" lon="27.4735383">
        <ele>152.9</ele>
        <time>2023-01-28T12:33:14Z</time>
        <hdop>2</hdop>
        <extensions>
          <speed>0.695</speed>
        </extensions>
      </trkpt>
      <trkpt lat="55.60449" lon="27.47357">
        <ele>152.2</ele>
        <time>2023-01-28T12:33:20Z</time>
        <hdop>1.8</hdop>
        <extensions>
          <speed>0.672</speed>
        </extensions>
      </trkpt>
      <trkpt lat="55.60446" lon="27.4736117">
        <ele>151.3</ele>
        <time>2023-01-28T12:33:25Z</time>
        <hdop>1.8</hdop>
        <extensions>
          <speed>0.674</speed>
        </extensions>
      </trkpt>
      <trkpt lat="55.6044617" lon="27.4736817">
        <ele>152.4</ele>
        <time>2023-01-28T12:33:31Z</time>
        <hdop>2</hdop>
        <extensions>
          <speed>0.698</speed>
        </extensions>
      </trkpt>
      <trkpt lat="55.6044483" lon="27.473705">
        <ele>151.6</ele>
        <time>2023-01-28T12:33:37Z</time>
        <hdop>2</hdop>
        <extensions>
          <speed>0.527</speed>
        </extensions>
      </trkpt>
      <trkpt lat="55.60447" lon="27.4737">
        <ele>153.2</ele>
        <time>2023-01-28T12:34:00Z</time>
        <hdop>1.9</hdop>
      </trkpt>
      <trkpt lat="55.6045133" lon="27.473755">
        <ele>153.7</ele>
        <time>2023-01-28T12:34:06Z</time>
        <hdop>1.8</hdop>
        <extensions>
          <speed>0.762</speed>
        </extensions>
      </trkpt>
      <trkpt lat="55.60456" lon="27.473765">
        <ele>153.8</ele>
        <time>2023-01-28T12:34:11Z</time>
        <hdop>1.7</hdop>
        <extensions>
          <speed>0.919</speed>
        </extensions>
      </trkpt>
      <trkpt lat="55.6046067" lon="27.473795">
        <ele>153.4</ele>
        <time>2023-01-28T12:34:17Z</time>
        <hdop>1.7</hdop>
        <extensions>
          <speed>0.889</speed>
        </extensions>
      </trkpt>
      <trkpt lat="55.6046367" lon="27.47386">
        <ele>152.8</ele>
        <time>2023-01-28T12:34:22Z</time>
        <hdop>1.7</hdop>
        <extensions>
          <speed>0.933</speed>
        </extensions>
      </trkpt>
      <trkpt lat="55.6046733" lon="27.4738933">
        <ele>152.1</ele>
        <time>2023-01-28T12:34:28Z</time>
        <hdop>1.7</hdop>
        <extensions>
          <speed>0.91</speed>
        </extensions>
      </trkpt>
      <trkpt lat="55.6047017" lon="27.4739">
        <ele>152</ele>
        <time>2023-01-28T12:34:33Z</time>
        <hdop>1.8</hdop>
        <extensions>
          <speed>0.754</speed>
        </extensions>
      </trkpt>
      <trkpt lat="55.6047117" lon="27.4738667">
        <ele>152.2</ele>
        <time>2023-01-28T12:34:38Z</time>
        <hdop>1.8</hdop>
        <extensions>
          <speed>0.774</speed>
        </extensions>
      </trkpt>
      <trkpt lat="55.6047617" lon="27.4739">
        <ele>156.1</ele>
        <time>2023-01-28T12:37:16Z</time>
        <hdop>1.6</hdop>
        <extensions>
          <speed>0.158</speed>
        </extensions>
      </trkpt>
      <trkpt lat="55.6046917" lon="27.4737933">
        <ele>149.2</ele>
        <time>2023-01-28T12:39:11Z</time>
        <hdop>1.9</hdop>
        <extensions>
          <speed>0.357</speed>
        </extensions>
      </trkpt>
      <trkpt lat="55.6046533" lon="27.473795">
        <ele>148.6</ele>
        <time>2023-01-28T12:39:17Z</time>
        <hdop>2.2</hdop>
        <extensions>
          <speed>0.614</speed>
        </extensions>
      </trkpt>
      <trkpt lat="55.6046067" lon="27.4737767">
        <ele>147.2</ele>
        <time>2023-01-28T12:39:22Z</time>
        <hdop>2.1</hdop>
        <extensions>
          <speed>0.743</speed>
        </extensions>
      </trkpt>
      <trkpt lat="55.6045317" lon="27.47375">
        <ele>147.9</ele>
        <time>2023-01-28T12:39:28Z</time>
        <hdop>2</hdop>
        <extensions>
          <speed>0.921</speed>
        </extensions>
      </trkpt>
      <trkpt lat="55.6044883" lon="27.4737417">
        <ele>148</ele>
        <time>2023-01-28T12:39:34Z</time>
        <hdop>2</hdop>
        <extensions>
          <speed>0.928</speed>
        </extensions>
      </trkpt>
      <trkpt lat="55.6044483" lon="27.4737417">
        <ele>147.4</ele>
        <time>2023-01-28T12:39:40Z</time>
        <hdop>1.9</hdop>
        <extensions>
          <speed>0.788</speed>
        </extensions>
      </trkpt>
      <trkpt lat="55.604395" lon="27.4737433">
        <ele>146.6</ele>
        <time>2023-01-28T12:39:45Z</time>
        <hdop>1.9</hdop>
        <extensions>
          <speed>0.848</speed>
        </extensions>
      </trkpt>
      <trkpt lat="55.6043417" lon="27.4737367">
        <ele>147</ele>
        <time>2023-01-28T12:39:50Z</time>
        <hdop>1.9</hdop>
        <extensions>
          <speed>0.981</speed>
        </extensions>
      </trkpt>
      <trkpt lat="55.6042967" lon="27.4736983">
        <ele>146.9</ele>
        <time>2023-01-28T12:39:56Z</time>
        <hdop>1.9</hdop>
        <extensions>
          <speed>1.096</speed>
        </extensions>
      </trkpt>
      <trkpt lat="55.60425" lon="27.4736683">
        <ele>147.4</ele>
        <time>2023-01-28T12:40:02Z</time>
        <hdop>1.9</hdop>
        <extensions>
          <speed>0.943</speed>
        </extensions>
      </trkpt>
      <trkpt lat="55.6042183" lon="27.473645">
        <ele>147.4</ele>
        <time>2023-01-28T12:40:08Z</time>
        <hdop>2</hdop>
        <extensions>
          <speed>0.861</speed>
        </extensions>
      </trkpt>
      <trkpt lat="55.60418" lon="27.4736867">
        <ele>146.8</ele>
        <time>2023-01-28T12:40:14Z</time>
        <hdop>2</hdop>
        <extensions>
          <speed>0.911</speed>
        </extensions>
      </trkpt>
      <trkpt lat="55.6041367" lon="27.4737017">
        <ele>146.6</ele>
        <time>2023-01-28T12:40:20Z</time>
        <hdop>2</hdop>
        <extensions>
          <speed>0.779</speed>
        </extensions>
      </trkpt>
      <trkpt lat="55.6040867" lon="27.4736767">
        <ele>146.4</ele>
        <time>2023-01-28T12:40:26Z</time>
        <hdop>2.1</hdop>
        <extensions>
          <speed>0.75</speed>
        </extensions>
      </trkpt>
      <trkpt lat="55.6040417" lon="27.4736917">
        <ele>145.8</ele>
        <time>2023-01-28T12:40:32Z</time>
        <hdop>2.1</hdop>
        <extensions>
          <speed>0.72</speed>
        </extensions>
      </trkpt>
      <trkpt lat="55.6039933" lon="27.473675">
        <ele>145.8</ele>
        <time>2023-01-28T12:40:38Z</time>
        <hdop>2.1</hdop>
        <extensions>
          <speed>0.684</speed>
        </extensions>
      </trkpt>
      <trkpt lat="55.6039383" lon="27.4736467">
        <ele>145.7</ele>
        <time>2023-01-28T12:40:44Z</time>
        <hdop>2</hdop>
        <extensions>
          <speed>0.686</speed>
        </extensions>
      </trkpt>
      <trkpt lat="55.603865" lon="27.4736283">
        <ele>145.7</ele>
        <time>2023-01-28T12:40:50Z</time>
        <hdop>2.1</hdop>
        <extensions>
          <speed>0.899</speed>
        </extensions>
      </trkpt>
      <trkpt lat="55.60379" lon="27.4736367">
        <ele>145.5</ele>
        <time>2023-01-28T12:40:56Z</time>
        <hdop>2</hdop>
        <extensions>
          <speed>1.102</speed>
        </extensions>
      </trkpt>
      <trkpt lat="55.6037467" lon="27.4736133">
        <ele>145.8</ele>
        <time>2023-01-28T12:41:02Z</time>
        <hdop>2</hdop>
        <extensions>
          <speed>0.925</speed>
        </extensions>
      </trkpt>
      <trkpt lat="55.6036933" lon="27.473605">
        <ele>145.3</ele>
        <time>2023-01-28T12:41:08Z</time>
        <hdop>2</hdop>
        <extensions>
          <speed>0.868</speed>
        </extensions>
      </trkpt>
      <trkpt lat="55.6036233" lon="27.473595">
        <ele>144.6</ele>
        <time>2023-01-28T12:41:14Z</time>
        <hdop>1.9</hdop>
        <extensions>
          <speed>0.98</speed>
        </extensions>
      </trkpt>
      <trkpt lat="55.6035533" lon="27.47363">
        <ele>144.8</ele>
        <time>2023-01-28T12:41:20Z</time>
        <hdop>1.9</hdop>
        <extensions>
          <speed>1.051</speed>
        </extensions>
      </trkpt>
      <trkpt lat="55.6034867" lon="27.4736533">
        <ele>145</ele>
        <time>2023-01-28T12:41:26Z</time>
        <hdop>1.8</hdop>
        <extensions>
          <speed>1.048</speed>
        </extensions>
      </trkpt>
      <trkpt lat="55.6034433" lon="27.473675">
        <ele>144.8</ele>
        <time>2023-01-28T12:41:32Z</time>
        <hdop>1.9</hdop>
        <extensions>
          <speed>0.865</speed>
        </extensions>
      </trkpt>
      <trkpt lat="55.6033867" lon="27.4736217">
        <ele>145.3</ele>
        <time>2023-01-28T12:41:38Z</time>
        <hdop>1.8</hdop>
        <extensions>
          <speed>0.748</speed>
        </extensions>
      </trkpt>
      <trkpt lat="55.60334" lon="27.47357">
        <ele>146</ele>
        <time>2023-01-28T12:41:44Z</time>
        <hdop>1.8</hdop>
        <extensions>
          <speed>0.893</speed>
        </extensions>
      </trkpt>
      <trkpt lat="55.6032983" lon="27.4735317">
        <ele>147</ele>
        <time>2023-01-28T12:41:50Z</time>
        <hdop>1.8</hdop>
        <extensions>
          <speed>0.908</speed>
        </extensions>
      </trkpt>
      <trkpt lat="55.60325" lon="27.473545">
        <ele>147.2</ele>
        <time>2023-01-28T12:41:56Z</time>
        <hdop>1.9</hdop>
        <extensions>
          <speed>0.928</speed>
        </extensions>
      </trkpt>
      <trkpt lat="55.6032017" lon="27.4735567">
        <ele>147.1</ele>
        <time>2023-01-28T12:42:02Z</time>
        <hdop>1.9</hdop>
        <extensions>
          <speed>0.861</speed>
        </extensions>
      </trkpt>
      <trkpt lat="55.6031367" lon="27.4735383">
        <ele>147.1</ele>
        <time>2023-01-28T12:42:08Z</time>
        <hdop>2</hdop>
        <extensions>
          <speed>0.878</speed>
        </extensions>
      </trkpt>
      <trkpt lat="55.6030917" lon="27.473505">
        <ele>147.6</ele>
        <time>2023-01-28T12:42:14Z</time>
        <hdop>2</hdop>
        <extensions>
          <speed>0.923</speed>
        </extensions>
      </trkpt>
      <trkpt lat="55.603055" lon="27.473455">
        <ele>148.3</ele>
        <time>2023-01-28T12:42:20Z</time>
        <hdop>1.9</hdop>
        <extensions>
          <speed>0.827</speed>
        </extensions>
      </trkpt>
      <trkpt lat="55.6030133" lon="27.47341">
        <ele>149.1</ele>
        <time>2023-01-28T12:42:26Z</time>
        <hdop>2</hdop>
        <extensions>
          <speed>0.724</speed>
        </extensions>
      </trkpt>
      <trkpt lat="55.6029667" lon="27.4733717">
        <ele>149.5</ele>
        <time>2023-01-28T12:42:32Z</time>
        <hdop>1.9</hdop>
        <extensions>
          <speed>0.613</speed>
        </extensions>
      </trkpt>
      <trkpt lat="55.60292" lon="27.4733283">
        <ele>149.4</ele>
        <time>2023-01-28T12:42:38Z</time>
        <hdop>1.9</hdop>
        <extensions>
          <speed>0.694</speed>
        </extensions>
      </trkpt>
      <trkpt lat="55.6028667" lon="27.4733017">
        <ele>149.7</ele>
        <time>2023-01-28T12:42:44Z</time>
        <hdop>2.1</hdop>
        <extensions>
          <speed>0.751</speed>
        </extensions>
      </trkpt>
      <trkpt lat="55.6028067" lon="27.4732567">
        <ele>150.6</ele>
        <time>2023-01-28T12:42:50Z</time>
        <hdop>2.1</hdop>
        <extensions>
          <speed>0.776</speed>
        </extensions>
      </trkpt>
      <trkpt lat="55.6027483" lon="27.473245">
        <ele>152</ele>
        <time>2023-01-28T12:42:56Z</time>
        <hdop>1.9</hdop>
        <extensions>
          <speed>0.853</speed>
        </extensions>
      </trkpt>
      <trkpt lat="55.6027017" lon="27.473225">
        <ele>152.5</ele>
        <time>2023-01-28T12:43:02Z</time>
        <hdop>1.9</hdop>
        <extensions>
          <speed>0.882</speed>
        </extensions>
      </trkpt>
      <trkpt lat="55.6026633" lon="27.4732033">
        <ele>151.7</ele>
        <time>2023-01-28T12:43:08Z</time>
        <hdop>2</hdop>
        <extensions>
          <speed>0.871</speed>
        </extensions>
      </trkpt>
      <trkpt lat="55.6026117" lon="27.4732117">
        <ele>150.1</ele>
        <time>2023-01-28T12:43:14Z</time>
        <hdop>2</hdop>
        <extensions>
          <speed>0.865</speed>
        </extensions>
      </trkpt>
      <trkpt lat="55.6025767" lon="27.4732333">
        <ele>149.4</ele>
        <time>2023-01-28T12:43:20Z</time>
        <hdop>2.3</hdop>
        <extensions>
          <speed>0.902</speed>
        </extensions>
      </trkpt>
      <trkpt lat="55.60253" lon="27.4731867">
        <ele>149</ele>
        <time>2023-01-28T12:43:26Z</time>
        <hdop>2.4</hdop>
        <extensions>
          <speed>0.572</speed>
        </extensions>
      </trkpt>
      <trkpt lat="55.6024867" lon="27.4731583">
        <ele>149.2</ele>
        <time>2023-01-28T12:43:32Z</time>
        <hdop>2.1</hdop>
        <extensions>
          <speed>0.537</speed>
        </extensions>
      </trkpt>
      <trkpt lat="55.602455" lon="27.4731617">
        <ele>149.5</ele>
        <time>2023-01-28T12:43:38Z</time>
        <hdop>2.6</hdop>
      </trkpt>
      <trkpt lat="55.6024367" lon="27.4731817">
        <ele>149.9</ele>
        <time>2023-01-28T12:43:44Z</time>
        <hdop>2.3</hdop>
        <extensions>
          <speed>0.584</speed>
        </extensions>
      </trkpt>
      <trkpt lat="55.6023867" lon="27.473205">
        <ele>150</ele>
        <time>2023-01-28T12:43:50Z</time>
        <hdop>2.3</hdop>
      </trkpt>
      <trkpt lat="55.6023233" lon="27.4731933">
        <ele>149.5</ele>
        <time>2023-01-28T12:43:56Z</time>
        <hdop>2.5</hdop>
        <extensions>
          <speed>0.887</speed>
        </extensions>
      </trkpt>
      <trkpt lat="55.602285" lon="27.4732217">
        <ele>149.1</ele>
        <time>2023-01-28T12:44:02Z</time>
        <hdop>2.3</hdop>
        <extensions>
          <speed>0.745</speed>
        </extensions>
      </trkpt>
      <trkpt lat="55.60221" lon="27.4732383">
        <ele>146.8</ele>
        <time>2023-01-28T12:44:08Z</time>
        <hdop>2.1</hdop>
        <extensions>
          <speed>0.748</speed>
        </extensions>
      </trkpt>
      <trkpt lat="55.60217" lon="27.4732233">
        <ele>147.3</ele>
        <time>2023-01-28T12:44:14Z</time>
        <hdop>2.1</hdop>
        <extensions>
          <speed>0.732</speed>
        </extensions>
      </trkpt>
      <trkpt lat="55.6021433" lon="27.4732567">
        <ele>147.1</ele>
        <time>2023-01-28T12:44:20Z</time>
        <hdop>1.8</hdop>
        <extensions>
          <speed>0.718</speed>
        </extensions>
      </trkpt>
      <trkpt lat="55.6021317" lon="27.4732967">
        <ele>147.6</ele>
        <time>2023-01-28T12:44:26Z</time>
        <hdop>1.8</hdop>
      </trkpt>
      <trkpt lat="55.6021433" lon="27.4732667">
        <ele>150.2</ele>
        <time>2023-01-28T12:47:07Z</time>
        <hdop>2</hdop>
        <extensions>
          <speed>0.277</speed>
        </extensions>
      </trkpt>
      <trkpt lat="55.6020967" lon="27.4733">
        <ele>144.5</ele>
        <time>2023-01-28T12:50:21Z</time>
        <hdop>1.5</hdop>
        <extensions>
          <speed>0.302</speed>
        </extensions>
      </trkpt>
      <trkpt lat="55.602095" lon="27.4733533">
        <ele>144.3</ele>
        <time>2023-01-28T12:50:26Z</time>
        <hdop>1.6</hdop>
        <extensions>
          <speed>0.46</speed>
        </extensions>
      </trkpt>
      <trkpt lat="55.6020783" lon="27.4734017">
        <ele>144</ele>
        <time>2023-01-28T12:50:32Z</time>
        <hdop>1.7</hdop>
        <extensions>
          <speed>0.56</speed>
        </extensions>
      </trkpt>
      <trkpt lat="55.6020667" lon="27.4734433">
        <ele>143.7</ele>
        <time>2023-01-28T12:50:38Z</time>
        <hdop>1.8</hdop>
        <extensions>
          <speed>0.471</speed>
        </extensions>
      </trkpt>
      <trkpt lat="55.6020517" lon="27.4734683">
        <ele>143.8</ele>
        <time>2023-01-28T12:50:45Z</time>
        <hdop>1.7</hdop>
        <extensions>
          <speed>0.292</speed>
        </extensions>
      </trkpt>
      <trkpt lat="55.602055" lon="27.4735083">
        <ele>144</ele>
        <time>2023-01-28T12:50:50Z</time>
        <hdop>1.7</hdop>
      </trkpt>
      <trkpt lat="55.60212" lon="27.4734733">
        <ele>146.3</ele>
        <time>2023-01-28T12:52:13Z</time>
        <hdop>1.5</hdop>
        <extensions>
          <speed>0.223</speed>
        </extensions>
      </trkpt>
      <trkpt lat="55.6020933" lon="27.47345">
        <ele>149.4</ele>
        <time>2023-01-28T12:53:40Z</time>
        <hdop>1.7</hdop>
        <extensions>
          <speed>0.3</speed>
        </extensions>
      </trkpt>
      <trkpt lat="55.602115" lon="27.4734433">
        <ele>149.7</ele>
        <time>2023-01-28T12:53:46Z</time>
        <hdop>1.7</hdop>
      </trkpt>
      <trkpt lat="55.6021433" lon="27.4734167">
        <ele>149.8</ele>
        <time>2023-01-28T12:53:51Z</time>
        <hdop>1.8</hdop>
        <extensions>
          <speed>0.452</speed>
        </extensions>
      </trkpt>
      <trkpt lat="55.60218" lon="27.473375">
        <ele>149.7</ele>
        <time>2023-01-28T12:53:56Z</time>
        <hdop>1.8</hdop>
        <extensions>
          <speed>0.588</speed>
        </extensions>
      </trkpt>
      <trkpt lat="55.6021467" lon="27.4733333">
        <ele>149.4</ele>
        <time>2023-01-28T12:54:02Z</time>
        <hdop>1.7</hdop>
        <extensions>
          <speed>0.467</speed>
        </extensions>
      </trkpt>
      <trkpt lat="55.602165" lon="27.4733233">
        <ele>148.2</ele>
        <time>2023-01-28T12:54:13Z</time>
        <hdop>1.8</hdop>
        <extensions>
          <speed>0.494</speed>
        </extensions>
      </trkpt>
      <trkpt lat="55.60222" lon="27.4733117">
        <ele>147.6</ele>
        <time>2023-01-28T12:54:19Z</time>
        <hdop>1.8</hdop>
        <extensions>
          <speed>0.625</speed>
        </extensions>
      </trkpt>
      <trkpt lat="55.6022583" lon="27.47329">
        <ele>147</ele>
        <time>2023-01-28T12:54:25Z</time>
        <hdop>1.7</hdop>
        <extensions>
          <speed>0.592</speed>
        </extensions>
      </trkpt>
      <trkpt lat="55.6023083" lon="27.4732617">
        <ele>146.5</ele>
        <time>2023-01-28T12:54:30Z</time>
        <hdop>1.7</hdop>
        <extensions>
          <speed>0.636</speed>
        </extensions>
      </trkpt>
      <trkpt lat="55.6023633" lon="27.4732583">
        <ele>145.9</ele>
        <time>2023-01-28T12:54:36Z</time>
        <hdop>1.7</hdop>
        <extensions>
          <speed>0.842</speed>
        </extensions>
      </trkpt>
      <trkpt lat="55.6023883" lon="27.4732533">
        <ele>145.6</ele>
        <time>2023-01-28T12:54:41Z</time>
        <hdop>1.7</hdop>
        <extensions>
          <speed>0.794</speed>
        </extensions>
      </trkpt>
      <trkpt lat="55.6024383" lon="27.4732433">
        <ele>145.1</ele>
        <time>2023-01-28T12:54:46Z</time>
        <hdop>1.7</hdop>
        <extensions>
          <speed>0.743</speed>
        </extensions>
      </trkpt>
      <trkpt lat="55.602485" lon="27.4732233">
        <ele>144.7</ele>
        <time>2023-01-28T12:54:52Z</time>
        <hdop>1.7</hdop>
        <extensions>
          <speed>0.744</speed>
        </extensions>
      </trkpt>
      <trkpt lat="55.6025283" lon="27.4732133">
        <ele>144.4</ele>
        <time>2023-01-28T12:54:58Z</time>
        <hdop>1.7</hdop>
        <extensions>
          <speed>0.593</speed>
        </extensions>
      </trkpt>
      <trkpt lat="55.6025517" lon="27.4732">
        <ele>144.5</ele>
        <time>2023-01-28T12:55:03Z</time>
        <hdop>1.7</hdop>
        <extensions>
          <speed>0.559</speed>
        </extensions>
      </trkpt>
      <trkpt lat="55.6025733" lon="27.4732117">
        <ele>144.7</ele>
        <time>2023-01-28T12:55:22Z</time>
        <hdop>1.5</hdop>
        <extensions>
          <speed>0.475</speed>
        </extensions>
      </trkpt>
      <trkpt lat="55.6026133" lon="27.4732033">
        <ele>145.3</ele>
        <time>2023-01-28T12:55:27Z</time>
        <hdop>1.6</hdop>
        <extensions>
          <speed>0.803</speed>
        </extensions>
      </trkpt>
      <trkpt lat="55.602645" lon="27.473195">
        <ele>146.2</ele>
        <time>2023-01-28T12:55:32Z</time>
        <hdop>1.7</hdop>
        <extensions>
          <speed>0.689</speed>
        </extensions>
      </trkpt>
      <trkpt lat="55.6026467" lon="27.4731433">
        <ele>146</ele>
        <time>2023-01-28T12:56:27Z</time>
        <hdop>1.7</hdop>
        <extensions>
          <speed>0.288</speed>
        </extensions>
      </trkpt>
      <trkpt lat="55.6026367" lon="27.4731733">
        <ele>145.7</ele>
        <time>2023-01-28T12:56:47Z</time>
        <hdop>1.4</hdop>
        <extensions>
          <speed>0.328</speed>
        </extensions>
      </trkpt>
      <trkpt lat="55.6025933" lon="27.4731817">
        <ele>147.2</ele>
        <time>2023-01-28T12:56:52Z</time>
        <hdop>1.8</hdop>
        <extensions>
          <speed>0.654</speed>
        </extensions>
      </trkpt>
      <trkpt lat="55.602525" lon="27.4731883">
        <ele>148.5</ele>
        <time>2023-01-28T12:56:58Z</time>
        <hdop>1.7</hdop>
        <extensions>
          <speed>0.876</speed>
        </extensions>
      </trkpt>
      <trkpt lat="55.60247" lon="27.473195">
        <ele>149.5</ele>
        <time>2023-01-28T12:57:03Z</time>
        <hdop>1.8</hdop>
        <extensions>
          <speed>0.985</speed>
        </extensions>
      </trkpt>
      <trkpt lat="55.6024267" lon="27.47323">
        <ele>150.5</ele>
        <time>2023-01-28T12:57:08Z</time>
        <hdop>1.9</hdop>
        <extensions>
          <speed>1.003</speed>
        </extensions>
      </trkpt>
      <trkpt lat="55.602365" lon="27.4732667">
        <ele>151.9</ele>
        <time>2023-01-28T12:57:14Z</time>
        <hdop>2</hdop>
        <extensions>
          <speed>0.942</speed>
        </extensions>
      </trkpt>
      <trkpt lat="55.6023083" lon="27.4732783">
        <ele>153.1</ele>
        <time>2023-01-28T12:57:20Z</time>
        <hdop>2.1</hdop>
        <extensions>
          <speed>0.953</speed>
        </extensions>
      </trkpt>
      <trkpt lat="55.6022633" lon="27.4732533">
        <ele>154.3</ele>
        <time>2023-01-28T12:57:26Z</time>
        <hdop>1.9</hdop>
        <extensions>
          <speed>0.786</speed>
        </extensions>
      </trkpt>
      <trkpt lat="55.6022017" lon="27.4732467">
        <ele>155.3</ele>
        <time>2023-01-28T12:57:32Z</time>
        <hdop>1.9</hdop>
        <extensions>
          <speed>0.67</speed>
        </extensions>
      </trkpt>
      <trkpt lat="55.60215" lon="27.4732333">
        <ele>155.7</ele>
        <time>2023-01-28T12:57:38Z</time>
        <hdop>2</hdop>
        <extensions>
          <speed>0.828</speed>
        </extensions>
      </trkpt>
      <trkpt lat="55.6020917" lon="27.4732433">
        <ele>153.9</ele>
        <time>2023-01-28T12:57:44Z</time>
        <hdop>1.9</hdop>
        <extensions>
          <speed>0.846</speed>
        </extensions>
      </trkpt>
      <trkpt lat="55.6020433" lon="27.4732833">
        <ele>151.9</ele>
        <time>2023-01-28T12:57:50Z</time>
        <hdop>1.9</hdop>
        <extensions>
          <speed>0.691</speed>
        </extensions>
      </trkpt>
      <trkpt lat="55.6020117" lon="27.4732983">
        <ele>151.6</ele>
        <time>2023-01-28T12:57:56Z</time>
        <hdop>1.9</hdop>
        <extensions>
          <speed>0.581</speed>
        </extensions>
      </trkpt>
      <trkpt lat="55.6019433" lon="27.4732817">
        <ele>151.4</ele>
        <time>2023-01-28T12:58:02Z</time>
        <hdop>2.1</hdop>
        <extensions>
          <speed>0.636</speed>
        </extensions>
      </trkpt>
      <trkpt lat="55.60189" lon="27.4732967">
        <ele>150.6</ele>
        <time>2023-01-28T12:58:08Z</time>
        <hdop>2</hdop>
        <extensions>
          <speed>0.746</speed>
        </extensions>
      </trkpt>
      <trkpt lat="55.60185" lon="27.4732967">
        <ele>150.1</ele>
        <time>2023-01-28T12:58:14Z</time>
        <hdop>1.9</hdop>
        <extensions>
          <speed>0.645</speed>
        </extensions>
      </trkpt>
      <trkpt lat="55.60179" lon="27.4733">
        <ele>150</ele>
        <time>2023-01-28T12:58:20Z</time>
        <hdop>1.9</hdop>
        <extensions>
          <speed>0.698</speed>
        </extensions>
      </trkpt>
      <trkpt lat="55.6017417" lon="27.4733167">
        <ele>149.9</ele>
        <time>2023-01-28T12:58:26Z</time>
        <hdop>2</hdop>
        <extensions>
          <speed>0.669</speed>
        </extensions>
      </trkpt>
      <trkpt lat="55.601675" lon="27.47335">
        <ele>149.4</ele>
        <time>2023-01-28T12:58:32Z</time>
        <hdop>1.9</hdop>
        <extensions>
          <speed>0.864</speed>
        </extensions>
      </trkpt>
      <trkpt lat="55.6016217" lon="27.4733933">
        <ele>149.1</ele>
        <time>2023-01-28T12:58:38Z</time>
        <hdop>1.8</hdop>
        <extensions>
          <speed>0.983</speed>
        </extensions>
      </trkpt>
      <trkpt lat="55.6015767" lon="27.4734133">
        <ele>148.6</ele>
        <time>2023-01-28T12:58:44Z</time>
        <hdop>1.8</hdop>
        <extensions>
          <speed>0.883</speed>
        </extensions>
      </trkpt>
      <trkpt lat="55.6015283" lon="27.4734517">
        <ele>148.7</ele>
        <time>2023-01-28T12:58:50Z</time>
        <hdop>2</hdop>
        <extensions>
          <speed>0.799</speed>
        </extensions>
      </trkpt>
      <trkpt lat="55.6014617" lon="27.4734717">
        <ele>149.2</ele>
        <time>2023-01-28T12:58:56Z</time>
        <hdop>2</hdop>
        <extensions>
          <speed>0.707</speed>
        </extensions>
      </trkpt>
      <trkpt lat="55.60142" lon="27.47347">
        <ele>149.9</ele>
        <time>2023-01-28T12:59:02Z</time>
        <hdop>1.9</hdop>
        <extensions>
          <speed>0.726</speed>
        </extensions>
      </trkpt>
      <trkpt lat="55.6013617" lon="27.473525">
        <ele>149.8</ele>
        <time>2023-01-28T12:59:08Z</time>
        <hdop>1.9</hdop>
        <extensions>
          <speed>0.852</speed>
        </extensions>
      </trkpt>
      <trkpt lat="55.6013117" lon="27.473565">
        <ele>150.8</ele>
        <time>2023-01-28T12:59:14Z</time>
        <hdop>2.1</hdop>
        <extensions>
          <speed>0.864</speed>
        </extensions>
      </trkpt>
      <trkpt lat="55.6012667" lon="27.4735317">
        <ele>152.6</ele>
        <time>2023-01-28T12:59:20Z</time>
        <hdop>2</hdop>
        <extensions>
          <speed>0.627</speed>
        </extensions>
      </trkpt>
      <trkpt lat="55.6012183" lon="27.4734833">
        <ele>154.2</ele>
        <time>2023-01-28T12:59:26Z</time>
        <hdop>1.9</hdop>
        <extensions>
          <speed>0.64</speed>
        </extensions>
      </trkpt>
      <trkpt lat="55.60118" lon="27.4734683">
        <ele>155</ele>
        <time>2023-01-28T12:59:32Z</time>
        <hdop>1.9</hdop>
        <extensions>
          <speed>0.657</speed>
        </extensions>
      </trkpt>
      <trkpt lat="55.60116" lon="27.4734067">
        <ele>155.7</ele>
        <time>2023-01-28T12:59:38Z</time>
        <hdop>1.8</hdop>
        <extensions>
          <speed>0.518</speed>
        </extensions>
      </trkpt>
      <trkpt lat="55.6011183" lon="27.4733833">
        <ele>155.7</ele>
        <time>2023-01-28T12:59:44Z</time>
        <hdop>1.8</hdop>
        <extensions>
          <speed>0.612</speed>
        </extensions>
      </trkpt>
      <trkpt lat="55.6010783" lon="27.4733667">
        <ele>155.8</ele>
        <time>2023-01-28T12:59:50Z</time>
        <hdop>1.9</hdop>
        <extensions>
          <speed>0.625</speed>
        </extensions>
      </trkpt>
      <trkpt lat="55.60104" lon="27.4733283">
        <ele>156.3</ele>
        <time>2023-01-28T12:59:56Z</time>
        <hdop>1.9</hdop>
        <extensions>
          <speed>0.549</speed>
        </extensions>
      </trkpt>
      <trkpt lat="55.60099" lon="27.4732867">
        <ele>156.4</ele>
        <time>2023-01-28T13:00:02Z</time>
        <hdop>2</hdop>
        <extensions>
          <speed>0.609</speed>
        </extensions>
      </trkpt>
      <trkpt lat="55.6009467" lon="27.4732967">
        <ele>155.8</ele>
        <time>2023-01-28T13:00:08Z</time>
        <hdop>1.9</hdop>
        <extensions>
          <speed>0.658</speed>
        </extensions>
      </trkpt>
      <trkpt lat="55.6009167" lon="27.4733333">
        <ele>155.4</ele>
        <time>2023-01-28T13:00:14Z</time>
        <hdop>2.2</hdop>
        <extensions>
          <speed>0.576</speed>
        </extensions>
      </trkpt>
      <trkpt lat="55.600865" lon="27.47334">
        <ele>155.1</ele>
        <time>2023-01-28T13:00:20Z</time>
        <hdop>2.3</hdop>
      </trkpt>
      <trkpt lat="55.6008283" lon="27.4733317">
        <ele>154.2</ele>
        <time>2023-01-28T13:00:26Z</time>
        <hdop>1.8</hdop>
        <extensions>
          <speed>0.495</speed>
        </extensions>
      </trkpt>
      <trkpt lat="55.6008017" lon="27.4733283">
        <ele>154.2</ele>
        <time>2023-01-28T13:00:32Z</time>
        <hdop>1.9</hdop>
        <extensions>
          <speed>0.527</speed>
        </extensions>
      </trkpt>
      <trkpt lat="55.6007667" lon="27.4733183">
        <ele>154.3</ele>
        <time>2023-01-28T13:00:38Z</time>
        <hdop>1.9</hdop>
        <extensions>
          <speed>0.538</speed>
        </extensions>
      </trkpt>
      <trkpt lat="55.600715" lon="27.473285">
        <ele>154.6</ele>
        <time>2023-01-28T13:00:44Z</time>
        <hdop>1.9</hdop>
        <extensions>
          <speed>0.653</speed>
        </extensions>
      </trkpt>
      <trkpt lat="55.6006667" lon="27.4732783">
        <ele>154.4</ele>
        <time>2023-01-28T13:00:50Z</time>
        <hdop>1.8</hdop>
        <extensions>
          <speed>0.76</speed>
        </extensions>
      </trkpt>
      <trkpt lat="55.6006117" lon="27.473255">
        <ele>154.6</ele>
        <time>2023-01-28T13:00:56Z</time>
        <hdop>1.9</hdop>
        <extensions>
          <speed>0.718</speed>
        </extensions>
      </trkpt>
      <trkpt lat="55.60056" lon="27.4732483">
        <ele>154.8</ele>
        <time>2023-01-28T13:01:02Z</time>
        <hdop>1.8</hdop>
        <extensions>
          <speed>0.783</speed>
        </extensions>
      </trkpt>
      <trkpt lat="55.60052" lon="27.4732417">
        <ele>154.8</ele>
        <time>2023-01-28T13:01:08Z</time>
        <hdop>1.8</hdop>
        <extensions>
          <speed>0.667</speed>
        </extensions>
      </trkpt>
      <trkpt lat="55.6004683" lon="27.473225">
        <ele>154.9</ele>
        <time>2023-01-28T13:01:14Z</time>
        <hdop>1.8</hdop>
        <extensions>
          <speed>0.666</speed>
        </extensions>
      </trkpt>
      <trkpt lat="55.6004117" lon="27.4732267">
        <ele>154.7</ele>
        <time>2023-01-28T13:01:20Z</time>
        <hdop>1.8</hdop>
        <extensions>
          <speed>0.709</speed>
        </extensions>
      </trkpt>
      <trkpt lat="55.600365" lon="27.47324">
        <ele>154.9</ele>
        <time>2023-01-28T13:01:26Z</time>
        <hdop>1.9</hdop>
        <extensions>
          <speed>0.736</speed>
        </extensions>
      </trkpt>
      <trkpt lat="55.6003233" lon="27.4732467">
        <ele>155.2</ele>
        <time>2023-01-28T13:01:32Z</time>
        <hdop>1.9</hdop>
        <extensions>
          <speed>0.601</speed>
        </extensions>
      </trkpt>
      <trkpt lat="55.600285" lon="27.473225">
        <ele>155.2</ele>
        <time>2023-01-28T13:01:38Z</time>
        <hdop>1.9</hdop>
        <extensions>
          <speed>0.584</speed>
        </extensions>
      </trkpt>
      <trkpt lat="55.6002283" lon="27.47323">
        <ele>153.9</ele>
        <time>2023-01-28T13:01:44Z</time>
        <hdop>1.9</hdop>
        <extensions>
          <speed>0.647</speed>
        </extensions>
      </trkpt>
      <trkpt lat="55.6001817" lon="27.473185">
        <ele>153.1</ele>
        <time>2023-01-28T13:01:50Z</time>
        <hdop>1.9</hdop>
        <extensions>
          <speed>0.64</speed>
        </extensions>
      </trkpt>
      <trkpt lat="55.600155" lon="27.4731133">
        <ele>152.7</ele>
        <time>2023-01-28T13:01:56Z</time>
        <hdop>1.9</hdop>
        <extensions>
          <speed>0.627</speed>
        </extensions>
      </trkpt>
      <trkpt lat="55.6001617" lon="27.47307">
        <ele>152.1</ele>
        <time>2023-01-28T13:02:02Z</time>
        <hdop>2</hdop>
        <extensions>
          <speed>0.456</speed>
        </extensions>
      </trkpt>
      <trkpt lat="55.6001417" lon="27.473005">
        <ele>152.4</ele>
        <time>2023-01-28T13:02:08Z</time>
        <hdop>2</hdop>
      </trkpt>
      <trkpt lat="55.6001317" lon="27.4729417">
        <ele>152.5</ele>
        <time>2023-01-28T13:02:14Z</time>
        <hdop>1.9</hdop>
      </trkpt>
      <trkpt lat="55.6000833" lon="27.4728633">
        <ele>152.5</ele>
        <time>2023-01-28T13:02:20Z</time>
        <hdop>1.9</hdop>
        <extensions>
          <speed>0.566</speed>
        </extensions>
      </trkpt>
      <trkpt lat="55.60002" lon="27.472805">
        <ele>152.5</ele>
        <time>2023-01-28T13:02:26Z</time>
        <hdop>2</hdop>
        <extensions>
          <speed>0.996</speed>
        </extensions>
      </trkpt>
      <trkpt lat="55.599995" lon="27.47276">
        <ele>153</ele>
        <time>2023-01-28T13:02:32Z</time>
        <hdop>2</hdop>
        <extensions>
          <speed>0.777</speed>
        </extensions>
      </trkpt>
      <trkpt lat="55.599955" lon="27.47274">
        <ele>152.6</ele>
        <time>2023-01-28T13:02:38Z</time>
        <hdop>1.8</hdop>
        <extensions>
          <speed>0.422</speed>
        </extensions>
      </trkpt>
      <trkpt lat="55.5999267" lon="27.472715">
        <ele>152.9</ele>
        <time>2023-01-28T13:02:44Z</time>
        <hdop>1.8</hdop>
        <extensions>
          <speed>0.419</speed>
        </extensions>
      </trkpt>
      <trkpt lat="55.5998833" lon="27.472685">
        <ele>153.6</ele>
        <time>2023-01-28T13:02:50Z</time>
        <hdop>1.9</hdop>
        <extensions>
          <speed>0.501</speed>
        </extensions>
      </trkpt>
      <trkpt lat="55.59985" lon="27.4726717">
        <ele>153.9</ele>
        <time>2023-01-28T13:02:56Z</time>
        <hdop>1.9</hdop>
        <extensions>
          <speed>0.551</speed>
        </extensions>
      </trkpt>
      <trkpt lat="55.599795" lon="27.4726567">
        <ele>154.6</ele>
        <time>2023-01-28T13:03:02Z</time>
        <hdop>1.7</hdop>
        <extensions>
          <speed>0.574</speed>
        </extensions>
      </trkpt>
      <trkpt lat="55.59976" lon="27.4726317">
        <ele>155.1</ele>
        <time>2023-01-28T13:03:08Z</time>
        <hdop>1.9</hdop>
        <extensions>
          <speed>0.611</speed>
        </extensions>
      </trkpt>
      <trkpt lat="55.599725" lon="27.4726017">
        <ele>155.5</ele>
        <time>2023-01-28T13:03:14Z</time>
        <hdop>1.9</hdop>
        <extensions>
          <speed>0.567</speed>
        </extensions>
      </trkpt>
      <trkpt lat="55.59969" lon="27.4725533">
        <ele>155.6</ele>
        <time>2023-01-28T13:03:20Z</time>
        <hdop>1.9</hdop>
        <extensions>
          <speed>0.596</speed>
        </extensions>
      </trkpt>
      <trkpt lat="55.5996483" lon="27.4724983">
        <ele>155.4</ele>
        <time>2023-01-28T13:03:26Z</time>
        <hdop>2</hdop>
        <extensions>
          <speed>0.654</speed>
        </extensions>
      </trkpt>
      <trkpt lat="55.599615" lon="27.4724533">
        <ele>154.8</ele>
        <time>2023-01-28T13:03:32Z</time>
        <hdop>2</hdop>
        <extensions>
          <speed>0.571</speed>
        </extensions>
      </trkpt>
      <trkpt lat="55.5995967" lon="27.47236">
        <ele>154.6</ele>
        <time>2023-01-28T13:03:38Z</time>
        <hdop>1.8</hdop>
        <extensions>
          <speed>0.649</speed>
        </extensions>
      </trkpt>
      <trkpt lat="55.59958" lon="27.47234">
        <ele>155.6</ele>
        <time>2023-01-28T13:03:47Z</time>
        <hdop>1.9</hdop>
        <extensions>
          <speed>0.484</speed>
        </extensions>
      </trkpt>
      <trkpt lat="55.59952" lon="27.4723267">
        <ele>156.3</ele>
        <time>2023-01-28T13:03:53Z</time>
        <hdop>1.9</hdop>
        <extensions>
          <speed>0.457</speed>
        </extensions>
      </trkpt>
      <trkpt lat="55.5994733" lon="27.472265">
        <ele>156.8</ele>
        <time>2023-01-28T13:03:59Z</time>
        <hdop>2</hdop>
        <extensions>
          <speed>0.588</speed>
        </extensions>
      </trkpt>
      <trkpt lat="55.5994283" lon="27.4722067">
        <ele>157.3</ele>
        <time>2023-01-28T13:04:04Z</time>
        <hdop>2</hdop>
        <extensions>
          <speed>0.693</speed>
        </extensions>
      </trkpt>
      <trkpt lat="55.5994083" lon="27.4721333">
        <ele>157.3</ele>
        <time>2023-01-28T13:04:10Z</time>
        <hdop>2.2</hdop>
        <extensions>
          <speed>0.7</speed>
        </extensions>
      </trkpt>
      <trkpt lat="55.59941" lon="27.47206">
        <ele>156.5</ele>
        <time>2023-01-28T13:04:15Z</time>
        <hdop>2.1</hdop>
        <extensions>
          <speed>0.633</speed>
        </extensions>
      </trkpt>
      <trkpt lat="55.59938" lon="27.472055">
        <ele>156.1</ele>
        <time>2023-01-28T13:04:20Z</time>
        <hdop>2</hdop>
        <extensions>
          <speed>0.571</speed>
        </extensions>
      </trkpt>
      <trkpt lat="55.5993183" lon="27.4720233">
        <ele>154.9</ele>
        <time>2023-01-28T13:04:26Z</time>
        <hdop>2</hdop>
      </trkpt>
      <trkpt lat="55.5992767" lon="27.4719833">
        <ele>153.7</ele>
        <time>2023-01-28T13:04:32Z</time>
        <hdop>2</hdop>
        <extensions>
          <speed>0.665</speed>
        </extensions>
      </trkpt>
      <trkpt lat="55.599235" lon="27.4719">
        <ele>152.7</ele>
        <time>2023-01-28T13:04:38Z</time>
        <hdop>2.1</hdop>
        <extensions>
          <speed>0.613</speed>
        </extensions>
      </trkpt>
      <trkpt lat="55.599185" lon="27.471835">
        <ele>152.3</ele>
        <time>2023-01-28T13:04:44Z</time>
        <hdop>1.9</hdop>
        <extensions>
          <speed>0.803</speed>
        </extensions>
      </trkpt>
      <trkpt lat="55.5991367" lon="27.47183">
        <ele>150.7</ele>
        <time>2023-01-28T13:04:50Z</time>
        <hdop>1.8</hdop>
        <extensions>
          <speed>0.669</speed>
        </extensions>
      </trkpt>
      <trkpt lat="55.599085" lon="27.4718517">
        <ele>150.6</ele>
        <time>2023-01-28T13:04:56Z</time>
        <hdop>1.8</hdop>
        <extensions>
          <speed>0.681</speed>
        </extensions>
      </trkpt>
      <trkpt lat="55.5990367" lon="27.4719033">
        <ele>150</ele>
        <time>2023-01-28T13:05:02Z</time>
        <hdop>1.8</hdop>
        <extensions>
          <speed>0.865</speed>
        </extensions>
      </trkpt>
      <trkpt lat="55.5989833" lon="27.4719367">
        <ele>149.8</ele>
        <time>2023-01-28T13:05:08Z</time>
        <hdop>1.9</hdop>
        <extensions>
          <speed>0.845</speed>
        </extensions>
      </trkpt>
      <trkpt lat="55.5989267" lon="27.4719533">
        <ele>149.5</ele>
        <time>2023-01-28T13:05:14Z</time>
        <hdop>1.9</hdop>
        <extensions>
          <speed>0.764</speed>
        </extensions>
      </trkpt>
      <trkpt lat="55.5988783" lon="27.4719867">
        <ele>149.6</ele>
        <time>2023-01-28T13:05:20Z</time>
        <hdop>1.9</hdop>
        <extensions>
          <speed>0.705</speed>
        </extensions>
      </trkpt>
      <trkpt lat="55.598825" lon="27.471975">
        <ele>150</ele>
        <time>2023-01-28T13:05:26Z</time>
        <hdop>1.9</hdop>
        <extensions>
          <speed>0.648</speed>
        </extensions>
      </trkpt>
      <trkpt lat="55.5987583" lon="27.4719517">
        <ele>150.5</ele>
        <time>2023-01-28T13:05:32Z</time>
        <hdop>1.9</hdop>
        <extensions>
          <speed>0.875</speed>
        </extensions>
      </trkpt>
      <trkpt lat="55.598705" lon="27.4718883">
        <ele>150.6</ele>
        <time>2023-01-28T13:05:38Z</time>
        <hdop>2</hdop>
        <extensions>
          <speed>0.936</speed>
        </extensions>
      </trkpt>
      <trkpt lat="55.598655" lon="27.4718583">
        <ele>150.2</ele>
        <time>2023-01-28T13:05:44Z</time>
        <hdop>2</hdop>
        <extensions>
          <speed>1.068</speed>
        </extensions>
      </trkpt>
      <trkpt lat="55.598635" lon="27.4718517">
        <ele>149.7</ele>
        <time>2023-01-28T13:05:50Z</time>
        <hdop>1.6</hdop>
        <extensions>
          <speed>0.635</speed>
        </extensions>
      </trkpt>
      <trkpt lat="55.5986033" lon="27.47179">
        <ele>149.2</ele>
        <time>2023-01-28T13:05:56Z</time>
        <hdop>2</hdop>
        <extensions>
          <speed>0.474</speed>
        </extensions>
      </trkpt>
      <trkpt lat="55.5985433" lon="27.47173">
        <ele>148.5</ele>
        <time>2023-01-28T13:06:02Z</time>
        <hdop>2</hdop>
        <extensions>
          <speed>0.681</speed>
        </extensions>
      </trkpt>
      <trkpt lat="55.5985117" lon="27.4716567">
        <ele>147.9</ele>
        <time>2023-01-28T13:06:08Z</time>
        <hdop>1.9</hdop>
        <extensions>
          <speed>0.747</speed>
        </extensions>
      </trkpt>
      <trkpt lat="55.5984733" lon="27.4715817">
        <ele>147.6</ele>
        <time>2023-01-28T13:06:14Z</time>
        <hdop>2</hdop>
        <extensions>
          <speed>0.739</speed>
        </extensions>
      </trkpt>
      <trkpt lat="55.5984283" lon="27.47154">
        <ele>147.3</ele>
        <time>2023-01-28T13:06:20Z</time>
        <hdop>2.1</hdop>
        <extensions>
          <speed>0.592</speed>
        </extensions>
      </trkpt>
      <trkpt lat="55.5984067" lon="27.4714933">
        <ele>147.9</ele>
        <time>2023-01-28T13:06:26Z</time>
        <hdop>2</hdop>
      </trkpt>
      <trkpt lat="55.59837" lon="27.4714517">
        <ele>148</ele>
        <time>2023-01-28T13:06:32Z</time>
        <hdop>2</hdop>
      </trkpt>
      <trkpt lat="55.598355" lon="27.4713717">
        <ele>147.9</ele>
        <time>2023-01-28T13:06:38Z</time>
        <hdop>2.1</hdop>
        <extensions>
          <speed>0.483</speed>
        </extensions>
      </trkpt>
      <trkpt lat="55.59832" lon="27.4713317">
        <ele>147.4</ele>
        <time>2023-01-28T13:06:43Z</time>
        <hdop>2.1</hdop>
        <extensions>
          <speed>0.442</speed>
        </extensions>
      </trkpt>
      <trkpt lat="55.5982933" lon="27.4712967">
        <ele>146.9</ele>
        <time>2023-01-28T13:06:49Z</time>
        <hdop>2.1</hdop>
        <extensions>
          <speed>0.415</speed>
        </extensions>
      </trkpt>
      <trkpt lat="55.5982817" lon="27.47124">
        <ele>146.4</ele>
        <time>2023-01-28T13:06:54Z</time>
        <hdop>2.2</hdop>
      </trkpt>
      <trkpt lat="55.598265" lon="27.47118">
        <ele>146.9</ele>
        <time>2023-01-28T13:07:00Z</time>
        <hdop>2.2</hdop>
        <extensions>
          <speed>0.526</speed>
        </extensions>
      </trkpt>
      <trkpt lat="55.5982417" lon="27.471185">
        <ele>146.9</ele>
        <time>2023-01-28T13:07:05Z</time>
        <hdop>1.9</hdop>
        <extensions>
          <speed>0.469</speed>
        </extensions>
      </trkpt>
      <trkpt lat="55.5981933" lon="27.4711767">
        <ele>147.3</ele>
        <time>2023-01-28T13:07:11Z</time>
        <hdop>2.2</hdop>
      </trkpt>
      <trkpt lat="55.5981483" lon="27.4711083">
        <ele>148</ele>
        <time>2023-01-28T13:07:16Z</time>
        <hdop>2.1</hdop>
        <extensions>
          <speed>0.521</speed>
        </extensions>
      </trkpt>
      <trkpt lat="55.5981133" lon="27.4710233">
        <ele>149</ele>
        <time>2023-01-28T13:07:21Z</time>
        <hdop>2</hdop>
        <extensions>
          <speed>0.678</speed>
        </extensions>
      </trkpt>
      <trkpt lat="55.598085" lon="27.4709333">
        <ele>149.5</ele>
        <time>2023-01-28T13:07:26Z</time>
        <hdop>2.1</hdop>
        <extensions>
          <speed>0.879</speed>
        </extensions>
      </trkpt>
      <trkpt lat="55.598055" lon="27.4708683">
        <ele>150.1</ele>
        <time>2023-01-28T13:07:32Z</time>
        <hdop>1.9</hdop>
        <extensions>
          <speed>0.797</speed>
        </extensions>
      </trkpt>
      <trkpt lat="55.5980233" lon="27.4707983">
        <ele>149.8</ele>
        <time>2023-01-28T13:07:38Z</time>
        <hdop>1.8</hdop>
        <extensions>
          <speed>0.469</speed>
        </extensions>
      </trkpt>
      <trkpt lat="55.5980117" lon="27.4706867">
        <ele>149.5</ele>
        <time>2023-01-28T13:07:44Z</time>
        <hdop>1.9</hdop>
        <extensions>
          <speed>0.701</speed>
        </extensions>
      </trkpt>
      <trkpt lat="55.59802" lon="27.470585">
        <ele>150</ele>
        <time>2023-01-28T13:07:50Z</time>
        <hdop>1.9</hdop>
        <extensions>
          <speed>0.853</speed>
        </extensions>
      </trkpt>
      <trkpt lat="55.5980183" lon="27.4705083">
        <ele>151.2</ele>
        <time>2023-01-28T13:07:56Z</time>
        <hdop>1.9</hdop>
        <extensions>
          <speed>0.535</speed>
        </extensions>
      </trkpt>
      <trkpt lat="55.597965" lon="27.470465">
        <ele>152</ele>
        <time>2023-01-28T13:08:02Z</time>
        <hdop>2</hdop>
        <extensions>
          <speed>0.563</speed>
        </extensions>
      </trkpt>
      <trkpt lat="55.5979383" lon="27.4704067">
        <ele>152</ele>
        <time>2023-01-28T13:08:08Z</time>
        <hdop>2</hdop>
        <extensions>
          <speed>0.683</speed>
        </extensions>
      </trkpt>
      <trkpt lat="55.5979317" lon="27.4703667">
        <ele>152.2</ele>
        <time>2023-01-28T13:08:14Z</time>
        <hdop>2.2</hdop>
        <extensions>
          <speed>0.405</speed>
        </extensions>
      </trkpt>
      <trkpt lat="55.5979183" lon="27.4703283">
        <ele>152</ele>
        <time>2023-01-28T13:08:20Z</time>
        <hdop>1.9</hdop>
        <extensions>
          <speed>0.352</speed>
        </extensions>
      </trkpt>
      <trkpt lat="55.5978767" lon="27.4702767">
        <ele>152</ele>
        <time>2023-01-28T13:08:26Z</time>
        <hdop>2.1</hdop>
        <extensions>
          <speed>0.512</speed>
        </extensions>
      </trkpt>
      <trkpt lat="55.597825" lon="27.4702767">
        <ele>152.2</ele>
        <time>2023-01-28T13:08:32Z</time>
        <hdop>2.2</hdop>
        <extensions>
          <speed>0.65</speed>
        </extensions>
      </trkpt>
      <trkpt lat="55.5977967" lon="27.4702283">
        <ele>152.3</ele>
        <time>2023-01-28T13:08:38Z</time>
        <hdop>2.1</hdop>
        <extensions>
          <speed>0.584</speed>
        </extensions>
      </trkpt>
      <trkpt lat="55.5977467" lon="27.4701617">
        <ele>152.3</ele>
        <time>2023-01-28T13:08:44Z</time>
        <hdop>2.1</hdop>
        <extensions>
          <speed>0.658</speed>
        </extensions>
      </trkpt>
      <trkpt lat="55.59771" lon="27.4700833">
        <ele>152.8</ele>
        <time>2023-01-28T13:08:50Z</time>
        <hdop>2.1</hdop>
      </trkpt>
      <trkpt lat="55.597655" lon="27.469985">
        <ele>153.5</ele>
        <time>2023-01-28T13:08:56Z</time>
        <hdop>2.1</hdop>
        <extensions>
          <speed>0.799</speed>
        </extensions>
      </trkpt>
      <trkpt lat="55.5976167" lon="27.4699067">
        <ele>153.6</ele>
        <time>2023-01-28T13:09:02Z</time>
        <hdop>1.9</hdop>
        <extensions>
          <speed>0.907</speed>
        </extensions>
      </trkpt>
      <trkpt lat="55.5975833" lon="27.4698283">
        <ele>153</ele>
        <time>2023-01-28T13:09:08Z</time>
        <hdop>2</hdop>
        <extensions>
          <speed>0.745</speed>
        </extensions>
      </trkpt>
      <trkpt lat="55.597545" lon="27.4697533">
        <ele>152.6</ele>
        <time>2023-01-28T13:09:14Z</time>
        <hdop>1.9</hdop>
        <extensions>
          <speed>0.671</speed>
        </extensions>
      </trkpt>
      <trkpt lat="55.59753" lon="27.4696717">
        <ele>152.2</ele>
        <time>2023-01-28T13:09:20Z</time>
        <hdop>2</hdop>
        <extensions>
          <speed>0.708</speed>
        </extensions>
      </trkpt>
      <trkpt lat="55.597515" lon="27.469605">
        <ele>152.3</ele>
        <time>2023-01-28T13:09:26Z</time>
        <hdop>1.9</hdop>
        <extensions>
          <speed>0.635</speed>
        </extensions>
      </trkpt>
      <trkpt lat="55.5974933" lon="27.469545">
        <ele>152.5</ele>
        <time>2023-01-28T13:09:32Z</time>
        <hdop>2</hdop>
        <extensions>
          <speed>0.463</speed>
        </extensions>
      </trkpt>
      <trkpt lat="55.5974783" lon="27.4695217">
        <ele>152.7</ele>
        <time>2023-01-28T13:09:38Z</time>
        <hdop>2.1</hdop>
      </trkpt>
      <trkpt lat="55.5974533" lon="27.4694917">
        <ele>152.8</ele>
        <time>2023-01-28T13:09:44Z</time>
        <hdop>1.5</hdop>
        <extensions>
          <speed>0.445</speed>
        </extensions>
      </trkpt>
      <trkpt lat="55.5974283" lon="27.4694233">
        <ele>153.8</ele>
        <time>2023-01-28T13:09:50Z</time>
        <hdop>2.1</hdop>
        <extensions>
          <speed>0.56</speed>
        </extensions>
      </trkpt>
      <trkpt lat="55.5974" lon="27.4693667">
        <ele>154.4</ele>
        <time>2023-01-28T13:09:56Z</time>
        <hdop>2.1</hdop>
        <extensions>
          <speed>0.646</speed>
        </extensions>
      </trkpt>
      <trkpt lat="55.5973833" lon="27.4692817">
        <ele>155</ele>
        <time>2023-01-28T13:10:02Z</time>
        <hdop>2</hdop>
        <extensions>
          <speed>0.479</speed>
        </extensions>
      </trkpt>
      <trkpt lat="55.5973583" lon="27.4691667">
        <ele>155</ele>
        <time>2023-01-28T13:10:08Z</time>
        <hdop>2</hdop>
        <extensions>
          <speed>0.482</speed>
        </extensions>
      </trkpt>
      <trkpt lat="55.5973483" lon="27.469075">
        <ele>154.3</ele>
        <time>2023-01-28T13:10:14Z</time>
        <hdop>2.2</hdop>
        <extensions>
          <speed>0.59</speed>
        </extensions>
      </trkpt>
      <trkpt lat="55.5973333" lon="27.4690133">
        <ele>153.3</ele>
        <time>2023-01-28T13:10:20Z</time>
        <hdop>2</hdop>
      </trkpt>
      <trkpt lat="55.597305" lon="27.4689683">
        <ele>153.6</ele>
        <time>2023-01-28T13:10:26Z</time>
        <hdop>1.1</hdop>
        <extensions>
          <speed>0.379</speed>
        </extensions>
      </trkpt>
      <trkpt lat="55.5973" lon="27.4689117">
        <ele>153.9</ele>
        <time>2023-01-28T13:10:32Z</time>
        <hdop>1.9</hdop>
        <extensions>
          <speed>0.438</speed>
        </extensions>
      </trkpt>
      <trkpt lat="55.597215" lon="27.4687967">
        <ele>153.4</ele>
        <time>2023-01-28T13:10:45Z</time>
        <hdop>2</hdop>
        <extensions>
          <speed>0.388</speed>
        </extensions>
      </trkpt>
      <trkpt lat="55.5972033" lon="27.4687633">
        <ele>153.3</ele>
        <time>2023-01-28T13:10:50Z</time>
        <hdop>2</hdop>
        <extensions>
          <speed>0.423</speed>
        </extensions>
      </trkpt>
      <trkpt lat="55.5971767" lon="27.468715">
        <ele>153.2</ele>
        <time>2023-01-28T13:10:56Z</time>
        <hdop>2.1</hdop>
        <extensions>
          <speed>0.423</speed>
        </extensions>
      </trkpt>
      <trkpt lat="55.5971433" lon="27.4687033">
        <ele>153.4</ele>
        <time>2023-01-28T13:11:02Z</time>
        <hdop>2.1</hdop>
      </trkpt>
      <trkpt lat="55.5971" lon="27.46868">
        <ele>153.5</ele>
        <time>2023-01-28T13:11:08Z</time>
        <hdop>1.1</hdop>
      </trkpt>
      <trkpt lat="55.5970783" lon="27.4687017">
        <ele>153.4</ele>
        <time>2023-01-28T13:11:14Z</time>
        <hdop>1.1</hdop>
      </trkpt>
      <trkpt lat="55.597015" lon="27.468585">
        <ele>153.4</ele>
        <time>2023-01-28T13:11:43Z</time>
        <hdop>2</hdop>
        <extensions>
          <speed>0.275</speed>
        </extensions>
      </trkpt>
      <trkpt lat="55.5969633" lon="27.4685683">
        <ele>153.7</ele>
        <time>2023-01-28T13:11:51Z</time>
        <hdop>2</hdop>
        <extensions>
          <speed>0.354</speed>
        </extensions>
      </trkpt>
      <trkpt lat="55.5969167" lon="27.46859">
        <ele>154</ele>
        <time>2023-01-28T13:11:56Z</time>
        <hdop>2.1</hdop>
        <extensions>
          <speed>0.595</speed>
        </extensions>
      </trkpt>
      <trkpt lat="55.5968767" lon="27.46859">
        <ele>154.1</ele>
        <time>2023-01-28T13:12:02Z</time>
        <hdop>2</hdop>
        <extensions>
          <speed>0.602</speed>
        </extensions>
      </trkpt>
      <trkpt lat="55.5968533" lon="27.4685767">
        <ele>153.9</ele>
        <time>2023-01-28T13:12:08Z</time>
        <hdop>2.2</hdop>
      </trkpt>
      <trkpt lat="55.596825" lon="27.468595">
        <ele>153.5</ele>
        <time>2023-01-28T13:12:51Z</time>
        <hdop>1.8</hdop>
        <extensions>
          <speed>0.333</speed>
        </extensions>
      </trkpt>
      <trkpt lat="55.5968583" lon="27.4686767">
        <ele>153.2</ele>
        <time>2023-01-28T13:13:06Z</time>
        <hdop>1.4</hdop>
        <extensions>
          <speed>0.223</speed>
        </extensions>
      </trkpt>
      <trkpt lat="55.5967917" lon="27.4686183">
        <ele>149.1</ele>
        <time>2023-01-28T13:16:52Z</time>
        <hdop>1.7</hdop>
        <extensions>
          <speed>0.241</speed>
        </extensions>
      </trkpt>
      <trkpt lat="55.5967717" lon="27.4686483">
        <ele>148.6</ele>
        <time>2023-01-28T13:16:58Z</time>
        <hdop>1.8</hdop>
        <extensions>
          <speed>0.441</speed>
        </extensions>
      </trkpt>
      <trkpt lat="55.5967467" lon="27.4686333">
        <ele>148.1</ele>
        <time>2023-01-28T13:17:03Z</time>
        <hdop>1.8</hdop>
        <extensions>
          <speed>0.482</speed>
        </extensions>
      </trkpt>
      <trkpt lat="55.59671" lon="27.46865">
        <ele>147.8</ele>
        <time>2023-01-28T13:17:08Z</time>
        <hdop>1.8</hdop>
        <extensions>
          <speed>0.579</speed>
        </extensions>
      </trkpt>
      <trkpt lat="55.5966283" lon="27.4686667">
        <ele>147.4</ele>
        <time>2023-01-28T13:17:14Z</time>
        <hdop>1.9</hdop>
        <extensions>
          <speed>0.98</speed>
        </extensions>
      </trkpt>
      <trkpt lat="55.5965633" lon="27.468645">
        <ele>147.2</ele>
        <time>2023-01-28T13:17:20Z</time>
        <hdop>2</hdop>
      </trkpt>
      <trkpt lat="55.5964883" lon="27.468635">
        <ele>147</ele>
        <time>2023-01-28T13:17:26Z</time>
        <hdop>2.1</hdop>
        <extensions>
          <speed>1.185</speed>
        </extensions>
      </trkpt>
      <trkpt lat="55.596415" lon="27.4686533">
        <ele>146.5</ele>
        <time>2023-01-28T13:17:32Z</time>
        <hdop>1.9</hdop>
        <extensions>
          <speed>1.253</speed>
        </extensions>
      </trkpt>
      <trkpt lat="55.59635" lon="27.4686183">
        <ele>145.9</ele>
        <time>2023-01-28T13:17:38Z</time>
        <hdop>1.8</hdop>
        <extensions>
          <speed>1.236</speed>
        </extensions>
      </trkpt>
      <trkpt lat="55.5962917" lon="27.4686333">
        <ele>145.4</ele>
        <time>2023-01-28T13:17:44Z</time>
        <hdop>1.9</hdop>
        <extensions>
          <speed>1.155</speed>
        </extensions>
      </trkpt>
      <trkpt lat="55.59622" lon="27.4686433">
        <ele>145.5</ele>
        <time>2023-01-28T13:17:50Z</time>
        <hdop>1.7</hdop>
        <extensions>
          <speed>1.149</speed>
        </extensions>
      </trkpt>
      <trkpt lat="55.5961383" lon="27.4686517">
        <ele>144.8</ele>
        <time>2023-01-28T13:17:56Z</time>
        <hdop>2</hdop>
        <extensions>
          <speed>1.279</speed>
        </extensions>
      </trkpt>
      <trkpt lat="55.59608" lon="27.4686783">
        <ele>144.2</ele>
        <time>2023-01-28T13:18:02Z</time>
        <hdop>2</hdop>
        <extensions>
          <speed>1.432</speed>
        </extensions>
      </trkpt>
      <trkpt lat="55.5960133" lon="27.4686917">
        <ele>143.3</ele>
        <time>2023-01-28T13:18:08Z</time>
        <hdop>2</hdop>
        <extensions>
          <speed>1.373</speed>
        </extensions>
      </trkpt>
      <trkpt lat="55.595945" lon="27.468695">
        <ele>142.7</ele>
        <time>2023-01-28T13:18:14Z</time>
        <hdop>2</hdop>
        <extensions>
          <speed>1.343</speed>
        </extensions>
      </trkpt>
      <trkpt lat="55.5958567" lon="27.4686567">
        <ele>142.5</ele>
        <time>2023-01-28T13:18:20Z</time>
        <hdop>1.8</hdop>
        <extensions>
          <speed>1.373</speed>
        </extensions>
      </trkpt>
      <trkpt lat="55.5957733" lon="27.4686433">
        <ele>142.6</ele>
        <time>2023-01-28T13:18:26Z</time>
        <hdop>2</hdop>
        <extensions>
          <speed>1.408</speed>
        </extensions>
      </trkpt>
      <trkpt lat="55.5957017" lon="27.468625">
        <ele>143.2</ele>
        <time>2023-01-28T13:18:32Z</time>
        <hdop>2.1</hdop>
        <extensions>
          <speed>1.348</speed>
        </extensions>
      </trkpt>
      <trkpt lat="55.595615" lon="27.4685983">
        <ele>144.2</ele>
        <time>2023-01-28T13:18:38Z</time>
        <hdop>2</hdop>
        <extensions>
          <speed>1.226</speed>
        </extensions>
      </trkpt>
      <trkpt lat="55.5955317" lon="27.46857">
        <ele>144.9</ele>
        <time>2023-01-28T13:18:44Z</time>
        <hdop>2</hdop>
        <extensions>
          <speed>1.199</speed>
        </extensions>
      </trkpt>
      <trkpt lat="55.5954617" lon="27.46855">
        <ele>144.9</ele>
        <time>2023-01-28T13:18:50Z</time>
        <hdop>2.1</hdop>
        <extensions>
          <speed>1.086</speed>
        </extensions>
      </trkpt>
      <trkpt lat="55.5953783" lon="27.46852">
        <ele>146.5</ele>
        <time>2023-01-28T13:18:56Z</time>
        <hdop>2</hdop>
        <extensions>
          <speed>1.182</speed>
        </extensions>
      </trkpt>
      <trkpt lat="55.595315" lon="27.4684933">
        <ele>147.6</ele>
        <time>2023-01-28T13:19:02Z</time>
        <hdop>2</hdop>
        <extensions>
          <speed>0.998</speed>
        </extensions>
      </trkpt>
      <trkpt lat="55.5952517" lon="27.4684433">
        <ele>148.5</ele>
        <time>2023-01-28T13:19:08Z</time>
        <hdop>1.9</hdop>
        <extensions>
          <speed>0.802</speed>
        </extensions>
      </trkpt>
      <trkpt lat="55.595225" lon="27.4684517">
        <ele>149.4</ele>
        <time>2023-01-28T13:19:14Z</time>
        <hdop>2</hdop>
        <extensions>
          <speed>0.754</speed>
        </extensions>
      </trkpt>
      <trkpt lat="55.59519" lon="27.4684267">
        <ele>150.1</ele>
        <time>2023-01-28T13:19:20Z</time>
        <hdop>2</hdop>
        <extensions>
          <speed>0.482</speed>
        </extensions>
      </trkpt>
      <trkpt lat="55.5951533" lon="27.4683717">
        <ele>150.9</ele>
        <time>2023-01-28T13:19:26Z</time>
        <hdop>1.9</hdop>
        <extensions>
          <speed>0.491</speed>
        </extensions>
      </trkpt>
      <trkpt lat="55.595145" lon="27.468335">
        <ele>151.8</ele>
        <time>2023-01-28T13:19:32Z</time>
        <hdop>1.9</hdop>
        <extensions>
          <speed>0.44</speed>
        </extensions>
      </trkpt>
      <trkpt lat="55.5951333" lon="27.46829">
        <ele>153.4</ele>
        <time>2023-01-28T13:19:45Z</time>
        <hdop>1.9</hdop>
        <extensions>
          <speed>0.279</speed>
        </extensions>
      </trkpt>
      <trkpt lat="55.5950917" lon="27.4683183">
        <ele>153.4</ele>
        <time>2023-01-28T13:19:50Z</time>
        <hdop>1.9</hdop>
        <extensions>
          <speed>0.426</speed>
        </extensions>
      </trkpt>
      <trkpt lat="55.59503" lon="27.468345">
        <ele>153.1</ele>
        <time>2023-01-28T13:19:56Z</time>
        <hdop>2</hdop>
        <extensions>
          <speed>0.737</speed>
        </extensions>
      </trkpt>
      <trkpt lat="55.5950133" lon="27.4682633">
        <ele>153.4</ele>
        <time>2023-01-28T13:20:02Z</time>
        <hdop>2.1</hdop>
        <extensions>
          <speed>0.739</speed>
        </extensions>
      </trkpt>
      <trkpt lat="55.5950283" lon="27.4681383">
        <ele>154.2</ele>
        <time>2023-01-28T13:20:08Z</time>
        <hdop>2.1</hdop>
        <extensions>
          <speed>0.804</speed>
        </extensions>
      </trkpt>
      <trkpt lat="55.59503" lon="27.4680217">
        <ele>156</ele>
        <time>2023-01-28T13:20:14Z</time>
        <hdop>2</hdop>
        <extensions>
          <speed>0.953</speed>
        </extensions>
      </trkpt>
      <trkpt lat="55.595035" lon="27.4679417">
        <ele>156.3</ele>
        <time>2023-01-28T13:20:20Z</time>
        <hdop>2</hdop>
        <extensions>
          <speed>0.993</speed>
        </extensions>
      </trkpt>
      <trkpt lat="55.595005" lon="27.46785">
        <ele>157.1</ele>
        <time>2023-01-28T13:20:26Z</time>
        <hdop>2.3</hdop>
        <extensions>
          <speed>0.771</speed>
        </extensions>
      </trkpt>
      <trkpt lat="55.595005" lon="27.4677383">
        <ele>158.1</ele>
        <time>2023-01-28T13:20:32Z</time>
        <hdop>2.2</hdop>
      </trkpt>
      <trkpt lat="55.59498" lon="27.4676417">
        <ele>158.6</ele>
        <time>2023-01-28T13:20:38Z</time>
        <hdop>2.1</hdop>
        <extensions>
          <speed>0.913</speed>
        </extensions>
      </trkpt>
      <trkpt lat="55.5949517" lon="27.4675817">
        <ele>157.5</ele>
        <time>2023-01-28T13:20:44Z</time>
        <hdop>2.1</hdop>
        <extensions>
          <speed>0.626</speed>
        </extensions>
      </trkpt>
      <trkpt lat="55.5949483" lon="27.4675417">
        <ele>156.8</ele>
        <time>2023-01-28T13:20:50Z</time>
        <hdop>1.9</hdop>
        <extensions>
          <speed>0.603</speed>
        </extensions>
      </trkpt>
      <trkpt lat="55.5949367" lon="27.4674917">
        <ele>155.6</ele>
        <time>2023-01-28T13:20:56Z</time>
        <hdop>1</hdop>
      </trkpt>
      <trkpt lat="55.5949433" lon="27.467525">
        <ele>155.5</ele>
        <time>2023-01-28T13:21:03Z</time>
        <hdop>1.7</hdop>
        <extensions>
          <speed>0.311</speed>
        </extensions>
      </trkpt>
      <trkpt lat="55.5949317" lon="27.467485">
        <ele>155.4</ele>
        <time>2023-01-28T13:21:12Z</time>
        <hdop>1.8</hdop>
        <extensions>
          <speed>0.626</speed>
        </extensions>
      </trkpt>
      <trkpt lat="55.5948967" lon="27.4674133">
        <ele>155.4</ele>
        <time>2023-01-28T13:21:18Z</time>
        <hdop>2.1</hdop>
      </trkpt>
      <trkpt lat="55.59482" lon="27.4674217">
        <ele>155.5</ele>
        <time>2023-01-28T13:21:23Z</time>
        <hdop>2</hdop>
        <extensions>
          <speed>1.003</speed>
        </extensions>
      </trkpt>
      <trkpt lat="55.5947617" lon="27.4674633">
        <ele>154.4</ele>
        <time>2023-01-28T13:21:29Z</time>
        <hdop>2</hdop>
        <extensions>
          <speed>0.957</speed>
        </extensions>
      </trkpt>
      <trkpt lat="55.59474" lon="27.4674183">
        <ele>153.6</ele>
        <time>2023-01-28T13:21:34Z</time>
        <hdop>2</hdop>
      </trkpt>
      <trkpt lat="55.5947317" lon="27.4674483">
        <ele>153.5</ele>
        <time>2023-01-28T13:21:41Z</time>
        <hdop>1.8</hdop>
        <extensions>
          <speed>0.481</speed>
        </extensions>
      </trkpt>
      <trkpt lat="55.5947517" lon="27.46747">
        <ele>153.1</ele>
        <time>2023-01-28T13:21:47Z</time>
        <hdop>2</hdop>
        <extensions>
          <speed>0.54</speed>
        </extensions>
      </trkpt>
      <trkpt lat="55.594735" lon="27.4674417">
        <ele>153.3</ele>
        <time>2023-01-28T13:21:52Z</time>
        <hdop>2</hdop>
      </trkpt>
      <trkpt lat="55.5947217" lon="27.4675017">
        <ele>152.3</ele>
        <time>2023-01-28T13:22:01Z</time>
        <hdop>1.9</hdop>
        <extensions>
          <speed>0.365</speed>
        </extensions>
      </trkpt>
      <trkpt lat="55.5947033" lon="27.4675183">
        <ele>151.7</ele>
        <time>2023-01-28T13:22:07Z</time>
        <hdop>1.8</hdop>
      </trkpt>
      <trkpt lat="55.5947067" lon="27.46748">
        <ele>151.6</ele>
        <time>2023-01-28T13:22:12Z</time>
        <hdop>2</hdop>
      </trkpt>
      <trkpt lat="55.59473" lon="27.4675017">
        <ele>151.8</ele>
        <time>2023-01-28T13:22:32Z</time>
        <hdop>1.7</hdop>
        <extensions>
          <speed>0.36</speed>
        </extensions>
      </trkpt>
      <trkpt lat="55.5947183" lon="27.46753">
        <ele>150.9</ele>
        <time>2023-01-28T13:23:12Z</time>
        <hdop>1.3</hdop>
        <extensions>
          <speed>0.232</speed>
        </extensions>
      </trkpt>
      <trkpt lat="55.594735" lon="27.46755">
        <ele>150.3</ele>
        <time>2023-01-28T13:23:47Z</time>
        <hdop>1.5</hdop>
        <extensions>
          <speed>0.239</speed>
        </extensions>
      </trkpt>
      <trkpt lat="55.5947333" lon="27.467485">
        <ele>150.3</ele>
        <time>2023-01-28T13:23:57Z</time>
        <hdop>1.9</hdop>
        <extensions>
          <speed>0.217</speed>
        </extensions>
      </trkpt>
      <trkpt lat="55.5947217" lon="27.467455">
        <ele>150.4</ele>
        <time>2023-01-28T13:24:02Z</time>
        <hdop>2.1</hdop>
        <extensions>
          <speed>0.369</speed>
        </extensions>
      </trkpt>
      <trkpt lat="55.59471" lon="27.4675017">
        <ele>149.7</ele>
        <time>2023-01-28T13:25:23Z</time>
        <hdop>1.3</hdop>
        <extensions>
          <speed>0.175</speed>
        </extensions>
      </trkpt>
      <trkpt lat="55.5947517" lon="27.4674283">
        <ele>149.5</ele>
        <time>2023-01-28T13:25:42Z</time>
        <hdop>2.2</hdop>
      </trkpt>
      <trkpt lat="55.59472" lon="27.467445">
        <ele>151.4</ele>
        <time>2023-01-28T13:26:42Z</time>
        <hdop>2</hdop>
        <extensions>
          <speed>0.29</speed>
        </extensions>
      </trkpt>
      <trkpt lat="55.59474" lon="27.46752">
        <ele>157.4</ele>
        <time>2023-01-28T13:30:24Z</time>
        <hdop>1.8</hdop>
        <extensions>
          <speed>0.308</speed>
        </extensions>
      </trkpt>
    </trkseg>
  </trk>
</gpx>