<?xml version='1.0' encoding='UTF-8' standalone='yes' ?>
<gpx version="1.1" creator="OsmAnd~ 3.7.4" xmlns="http://www.topografix.com/GPX/1/1" xmlns:xsi="http://www.w3.org/2001/XMLSchema-instance" xsi:schemaLocation="http://www.topografix.com/GPX/1/1 http://www.topografix.com/GPX/1/1/gpx.xsd">
  <metadata>
    <name>2024-01-13_11-50_Sat</name>
  </metadata>
  <trk>
    <trkseg>
      <trkpt lat="52.7916908" lon="24.3181032">
        <ele>203</ele>
        <time>2024-01-13T08:50:51Z</time>
        <hdop>9</hdop>
        <extensions>
          <speed>1.21</speed>
        </extensions>
      </trkpt>
      <trkpt lat="52.7915729" lon="24.3180568">
        <ele>196</ele>
        <time>2024-01-13T08:51:02Z</time>
        <hdop>3.5</hdop>
        <extensions>
          <speed>0.67</speed>
        </extensions>
      </trkpt>
      <trkpt lat="52.7914505" lon="24.3180206">
        <ele>186</ele>
        <time>2024-01-13T08:51:13Z</time>
        <hdop>3.5</hdop>
        <extensions>
          <speed>0.82</speed>
        </extensions>
      </trkpt>
      <trkpt lat="52.7913227" lon="24.3179722">
        <ele>186</ele>
        <time>2024-01-13T08:51:23Z</time>
        <hdop>2</hdop>
        <extensions>
          <speed>1.23</speed>
        </extensions>
      </trkpt>
      <trkpt lat="52.7911711" lon="24.3178681">
        <ele>185</ele>
        <time>2024-01-13T08:51:34Z</time>
        <hdop>2.5</hdop>
        <extensions>
          <speed>1.11</speed>
        </extensions>
      </trkpt>
      <trkpt lat="52.7910506" lon="24.317811">
        <ele>183</ele>
        <time>2024-01-13T08:51:45Z</time>
        <hdop>3</hdop>
        <extensions>
          <speed>0.96</speed>
        </extensions>
      </trkpt>
      <trkpt lat="52.7909298" lon="24.3177349">
        <ele>182</ele>
        <time>2024-01-13T08:51:55Z</time>
        <hdop>3.5</hdop>
        <extensions>
          <speed>1.04</speed>
        </extensions>
      </trkpt>
      <trkpt lat="52.7908202" lon="24.3176833">
        <ele>180</ele>
        <time>2024-01-13T08:52:05Z</time>
        <hdop>3.5</hdop>
        <extensions>
          <speed>0.98</speed>
        </extensions>
      </trkpt>
      <trkpt lat="52.7907226" lon="24.3176467">
        <ele>189</ele>
        <time>2024-01-13T08:52:16Z</time>
        <hdop>2</hdop>
      </trkpt>
      <trkpt lat="52.7907226" lon="24.3176467">
        <ele>189</ele>
        <time>2024-01-13T08:52:26Z</time>
        <hdop>1.5</hdop>
      </trkpt>
      <trkpt lat="52.7907226" lon="24.3176467">
        <ele>189</ele>
        <time>2024-01-13T08:52:37Z</time>
        <hdop>1.5</hdop>
      </trkpt>
      <trkpt lat="52.7906447" lon="24.317545">
        <ele>187</ele>
        <time>2024-01-13T08:52:47Z</time>
        <hdop>3</hdop>
        <extensions>
          <speed>1.08</speed>
        </extensions>
      </trkpt>
      <trkpt lat="52.790501" lon="24.3174665">
        <ele>187</ele>
        <time>2024-01-13T08:52:58Z</time>
        <hdop>2</hdop>
        <extensions>
          <speed>1.29</speed>
        </extensions>
      </trkpt>
      <trkpt lat="52.7903751" lon="24.3174204">
        <ele>187</ele>
        <time>2024-01-13T08:53:08Z</time>
        <hdop>2</hdop>
        <extensions>
          <speed>0.44</speed>
        </extensions>
      </trkpt>
      <trkpt lat="52.7902286" lon="24.3173051">
        <ele>186</ele>
        <time>2024-01-13T08:53:19Z</time>
        <hdop>2</hdop>
        <extensions>
          <speed>1.3</speed>
        </extensions>
      </trkpt>
      <trkpt lat="52.7900826" lon="24.3172168">
        <ele>187</ele>
        <time>2024-01-13T08:53:30Z</time>
        <hdop>1.5</hdop>
        <extensions>
          <speed>1.49</speed>
        </extensions>
      </trkpt>
      <trkpt lat="52.7899447" lon="24.3171381">
        <ele>187</ele>
        <time>2024-01-13T08:53:40Z</time>
        <hdop>1.5</hdop>
        <extensions>
          <speed>1.46</speed>
        </extensions>
      </trkpt>
      <trkpt lat="52.7897948" lon="24.3170535">
        <ele>187</ele>
        <time>2024-01-13T08:53:51Z</time>
        <hdop>1.5</hdop>
        <extensions>
          <speed>1.67</speed>
        </extensions>
      </trkpt>
      <trkpt lat="52.7896548" lon="24.316974">
        <ele>186</ele>
        <time>2024-01-13T08:54:02Z</time>
        <hdop>1.5</hdop>
        <extensions>
          <speed>1.4</speed>
        </extensions>
      </trkpt>
      <trkpt lat="52.7895147" lon="24.316888">
        <ele>186</ele>
        <time>2024-01-13T08:54:13Z</time>
        <hdop>2</hdop>
        <extensions>
          <speed>1.37</speed>
        </extensions>
      </trkpt>
      <trkpt lat="52.7893876" lon="24.3168141">
        <ele>185</ele>
        <time>2024-01-13T08:54:23Z</time>
        <hdop>2</hdop>
        <extensions>
          <speed>1.39</speed>
        </extensions>
      </trkpt>
      <trkpt lat="52.7892667" lon="24.3167551">
        <ele>181</ele>
        <time>2024-01-13T08:54:33Z</time>
        <hdop>3.5</hdop>
        <extensions>
          <speed>1.03</speed>
        </extensions>
      </trkpt>
      <trkpt lat="52.7891569" lon="24.3166893">
        <ele>180</ele>
        <time>2024-01-13T08:54:43Z</time>
        <hdop>3</hdop>
        <extensions>
          <speed>1.17</speed>
        </extensions>
      </trkpt>
      <trkpt lat="52.7889846" lon="24.3166077">
        <ele>180</ele>
        <time>2024-01-13T08:54:54Z</time>
        <hdop>3</hdop>
        <extensions>
          <speed>1.55</speed>
        </extensions>
      </trkpt>
      <trkpt lat="52.788818" lon="24.3164766">
        <ele>184</ele>
        <time>2024-01-13T08:55:05Z</time>
        <hdop>1.5</hdop>
        <extensions>
          <speed>1.23</speed>
        </extensions>
      </trkpt>
      <trkpt lat="52.7886811" lon="24.3164085">
        <ele>186</ele>
        <time>2024-01-13T08:55:15Z</time>
        <hdop>2.5</hdop>
        <extensions>
          <speed>1.4</speed>
        </extensions>
      </trkpt>
      <trkpt lat="52.788549" lon="24.3163547">
        <ele>187</ele>
        <time>2024-01-13T08:55:25Z</time>
        <hdop>3</hdop>
        <extensions>
          <speed>1.45</speed>
        </extensions>
      </trkpt>
      <trkpt lat="52.788436" lon="24.316244">
        <ele>184</ele>
        <time>2024-01-13T08:55:35Z</time>
        <hdop>3.5</hdop>
        <extensions>
          <speed>1.59</speed>
        </extensions>
      </trkpt>
      <trkpt lat="52.7882862" lon="24.3161614">
        <ele>185</ele>
        <time>2024-01-13T08:55:46Z</time>
        <hdop>3</hdop>
        <extensions>
          <speed>1.58</speed>
        </extensions>
      </trkpt>
      <trkpt lat="52.7881249" lon="24.3160815">
        <ele>185</ele>
        <time>2024-01-13T08:55:57Z</time>
        <hdop>2.5</hdop>
        <extensions>
          <speed>1.57</speed>
        </extensions>
      </trkpt>
      <trkpt lat="52.7879794" lon="24.3159823">
        <ele>186</ele>
        <time>2024-01-13T08:56:08Z</time>
        <hdop>2</hdop>
        <extensions>
          <speed>1.51</speed>
        </extensions>
      </trkpt>
      <trkpt lat="52.7878515" lon="24.3158825">
        <ele>185</ele>
        <time>2024-01-13T08:56:18Z</time>
        <hdop>2</hdop>
        <extensions>
          <speed>1.3</speed>
        </extensions>
      </trkpt>
      <trkpt lat="52.7877137" lon="24.3158245">
        <ele>185</ele>
        <time>2024-01-13T08:56:28Z</time>
        <hdop>2</hdop>
        <extensions>
          <speed>1.41</speed>
        </extensions>
      </trkpt>
      <trkpt lat="52.7875667" lon="24.3157138">
        <ele>183</ele>
        <time>2024-01-13T08:56:39Z</time>
        <hdop>2.5</hdop>
        <extensions>
          <speed>1.29</speed>
        </extensions>
      </trkpt>
      <trkpt lat="52.7874554" lon="24.3156957">
        <ele>183</ele>
        <time>2024-01-13T08:56:49Z</time>
        <hdop>3.5</hdop>
        <extensions>
          <speed>1.3</speed>
        </extensions>
      </trkpt>
      <trkpt lat="52.787287" lon="24.3156149">
        <ele>181</ele>
        <time>2024-01-13T08:57:00Z</time>
        <hdop>3</hdop>
        <extensions>
          <speed>1.19</speed>
        </extensions>
      </trkpt>
      <trkpt lat="52.7872407" lon="24.3155742">
        <ele>181</ele>
        <time>2024-01-13T08:57:11Z</time>
        <hdop>2</hdop>
      </trkpt>
      <trkpt lat="52.7871959" lon="24.3155553">
        <ele>185</ele>
        <time>2024-01-13T08:57:22Z</time>
        <hdop>2</hdop>
        <extensions>
          <speed>0.8</speed>
        </extensions>
      </trkpt>
      <trkpt lat="52.7871537" lon="24.3155791">
        <ele>186</ele>
        <time>2024-01-13T08:57:33Z</time>
        <hdop>1.5</hdop>
      </trkpt>
      <trkpt lat="52.7871336" lon="24.3156056">
        <ele>184</ele>
        <time>2024-01-13T08:57:43Z</time>
        <hdop>3</hdop>
      </trkpt>
      <trkpt lat="52.7870795" lon="24.3156401">
        <ele>183</ele>
        <time>2024-01-13T08:57:54Z</time>
        <hdop>3</hdop>
        <extensions>
          <speed>0.77</speed>
        </extensions>
      </trkpt>
      <trkpt lat="52.7870673" lon="24.315648">
        <ele>183</ele>
        <time>2024-01-13T08:58:05Z</time>
        <hdop>2.5</hdop>
      </trkpt>
      <trkpt lat="52.7870673" lon="24.315648">
        <ele>183</ele>
        <time>2024-01-13T08:58:15Z</time>
        <hdop>3</hdop>
      </trkpt>
      <trkpt lat="52.7870673" lon="24.315648">
        <ele>183</ele>
        <time>2024-01-13T08:58:26Z</time>
        <hdop>3</hdop>
      </trkpt>
      <trkpt lat="52.7870673" lon="24.315648">
        <ele>183</ele>
        <time>2024-01-13T08:58:37Z</time>
        <hdop>2</hdop>
      </trkpt>
      <trkpt lat="52.7870635" lon="24.3156321">
        <ele>182</ele>
        <time>2024-01-13T08:58:48Z</time>
        <hdop>2</hdop>
      </trkpt>
      <trkpt lat="52.7871071" lon="24.3156084">
        <ele>180</ele>
        <time>2024-01-13T08:58:58Z</time>
        <hdop>2.5</hdop>
        <extensions>
          <speed>0.43</speed>
        </extensions>
      </trkpt>
      <trkpt lat="52.7871053" lon="24.3156014">
        <ele>180</ele>
        <time>2024-01-13T08:59:08Z</time>
        <hdop>2.5</hdop>
      </trkpt>
      <trkpt lat="52.7871096" lon="24.3155956">
        <ele>184</ele>
        <time>2024-01-13T08:59:19Z</time>
        <hdop>2.5</hdop>
      </trkpt>
      <trkpt lat="52.7871123" lon="24.315579">
        <ele>186</ele>
        <time>2024-01-13T08:59:29Z</time>
        <hdop>1.5</hdop>
        <extensions>
          <speed>0.24</speed>
        </extensions>
      </trkpt>
      <trkpt lat="52.7871126" lon="24.3155691">
        <ele>188</ele>
        <time>2024-01-13T08:59:40Z</time>
        <hdop>2</hdop>
      </trkpt>
      <trkpt lat="52.7871126" lon="24.3155691">
        <ele>188</ele>
        <time>2024-01-13T08:59:50Z</time>
        <hdop>1.5</hdop>
      </trkpt>
      <trkpt lat="52.7871175" lon="24.3155761">
        <ele>188</ele>
        <time>2024-01-13T09:00:01Z</time>
        <hdop>1.5</hdop>
        <extensions>
          <speed>0.15</speed>
        </extensions>
      </trkpt>
      <trkpt lat="52.7871093" lon="24.3156678">
        <ele>186</ele>
        <time>2024-01-13T09:00:11Z</time>
        <hdop>2</hdop>
        <extensions>
          <speed>0.59</speed>
        </extensions>
      </trkpt>
      <trkpt lat="52.7871066" lon="24.3157508">
        <ele>186</ele>
        <time>2024-01-13T09:00:21Z</time>
        <hdop>2</hdop>
        <extensions>
          <speed>0.7</speed>
        </extensions>
      </trkpt>
      <trkpt lat="52.7871043" lon="24.3158305">
        <ele>186</ele>
        <time>2024-01-13T09:00:31Z</time>
        <hdop>2</hdop>
      </trkpt>
      <trkpt lat="52.7871646" lon="24.3159364">
        <ele>188</ele>
        <time>2024-01-13T09:00:42Z</time>
        <hdop>2</hdop>
        <extensions>
          <speed>0.84</speed>
        </extensions>
      </trkpt>
      <trkpt lat="52.7872166" lon="24.3160014">
        <ele>187</ele>
        <time>2024-01-13T09:00:52Z</time>
        <hdop>2</hdop>
        <extensions>
          <speed>0.66</speed>
        </extensions>
      </trkpt>
      <trkpt lat="52.7872271" lon="24.3161239">
        <ele>186</ele>
        <time>2024-01-13T09:01:03Z</time>
        <hdop>2.5</hdop>
        <extensions>
          <speed>0.45</speed>
        </extensions>
      </trkpt>
      <trkpt lat="52.7872383" lon="24.3161283">
        <ele>184</ele>
        <time>2024-01-13T09:01:14Z</time>
        <hdop>2.5</hdop>
        <extensions>
          <speed>1.13</speed>
        </extensions>
      </trkpt>
      <trkpt lat="52.7872193" lon="24.3161763">
        <ele>187</ele>
        <time>2024-01-13T09:01:24Z</time>
        <hdop>2</hdop>
        <extensions>
          <speed>1.15</speed>
        </extensions>
      </trkpt>
      <trkpt lat="52.7872428" lon="24.3162448">
        <ele>186</ele>
        <time>2024-01-13T09:01:34Z</time>
        <hdop>2.5</hdop>
        <extensions>
          <speed>1.14</speed>
        </extensions>
      </trkpt>
      <trkpt lat="52.7872189" lon="24.3162522">
        <ele>186</ele>
        <time>2024-01-13T09:01:44Z</time>
        <hdop>2</hdop>
      </trkpt>
      <trkpt lat="52.7872195" lon="24.3162641">
        <ele>187</ele>
        <time>2024-01-13T09:01:55Z</time>
        <hdop>2</hdop>
      </trkpt>
      <trkpt lat="52.787213" lon="24.3162514">
        <ele>187</ele>
        <time>2024-01-13T09:02:05Z</time>
        <hdop>1.5</hdop>
        <extensions>
          <speed>0.17</speed>
        </extensions>
      </trkpt>
      <trkpt lat="52.7871844" lon="24.3162617">
        <ele>188</ele>
        <time>2024-01-13T09:02:15Z</time>
        <hdop>1.5</hdop>
        <extensions>
          <speed>0.9</speed>
        </extensions>
      </trkpt>
      <trkpt lat="52.7871399" lon="24.3162878">
        <ele>187</ele>
        <time>2024-01-13T09:02:26Z</time>
        <hdop>1.5</hdop>
        <extensions>
          <speed>0.15</speed>
        </extensions>
      </trkpt>
      <trkpt lat="52.7871298" lon="24.3163038">
        <ele>189</ele>
        <time>2024-01-13T09:02:36Z</time>
        <hdop>1.5</hdop>
      </trkpt>
      <trkpt lat="52.7871083" lon="24.316312">
        <ele>187</ele>
        <time>2024-01-13T09:02:46Z</time>
        <hdop>1.5</hdop>
      </trkpt>
      <trkpt lat="52.7870779" lon="24.3163634">
        <ele>184</ele>
        <time>2024-01-13T09:02:56Z</time>
        <hdop>2</hdop>
        <extensions>
          <speed>0.38</speed>
        </extensions>
      </trkpt>
      <trkpt lat="52.7870581" lon="24.3165043">
        <ele>183</ele>
        <time>2024-01-13T09:03:06Z</time>
        <hdop>2.5</hdop>
        <extensions>
          <speed>0.88</speed>
        </extensions>
      </trkpt>
      <trkpt lat="52.787087" lon="24.3166297">
        <ele>183</ele>
        <time>2024-01-13T09:03:17Z</time>
        <hdop>2</hdop>
        <extensions>
          <speed>0.5</speed>
        </extensions>
      </trkpt>
      <trkpt lat="52.7871032" lon="24.3166796">
        <ele>184</ele>
        <time>2024-01-13T09:03:28Z</time>
        <hdop>1.5</hdop>
        <extensions>
          <speed>0.07</speed>
        </extensions>
      </trkpt>
      <trkpt lat="52.7871114" lon="24.3167768">
        <ele>183</ele>
        <time>2024-01-13T09:03:38Z</time>
        <hdop>2</hdop>
        <extensions>
          <speed>0.79</speed>
        </extensions>
      </trkpt>
      <trkpt lat="52.7871138" lon="24.3169375">
        <ele>186</ele>
        <time>2024-01-13T09:03:49Z</time>
        <hdop>2</hdop>
        <extensions>
          <speed>1.25</speed>
        </extensions>
      </trkpt>
      <trkpt lat="52.7871145" lon="24.3170845">
        <ele>184</ele>
        <time>2024-01-13T09:03:59Z</time>
        <hdop>2</hdop>
        <extensions>
          <speed>0.63</speed>
        </extensions>
      </trkpt>
      <trkpt lat="52.7870793" lon="24.317123">
        <ele>185</ele>
        <time>2024-01-13T09:04:10Z</time>
        <hdop>2</hdop>
      </trkpt>
      <trkpt lat="52.7871083" lon="24.3171758">
        <ele>185</ele>
        <time>2024-01-13T09:04:21Z</time>
        <hdop>2</hdop>
        <extensions>
          <speed>1.37</speed>
        </extensions>
      </trkpt>
      <trkpt lat="52.787115" lon="24.3173298">
        <ele>185</ele>
        <time>2024-01-13T09:04:31Z</time>
        <hdop>2.5</hdop>
        <extensions>
          <speed>1.57</speed>
        </extensions>
      </trkpt>
      <trkpt lat="52.7871455" lon="24.3174644">
        <ele>184</ele>
        <time>2024-01-13T09:04:41Z</time>
        <hdop>2</hdop>
        <extensions>
          <speed>1.24</speed>
        </extensions>
      </trkpt>
      <trkpt lat="52.7871258" lon="24.3176372">
        <ele>184</ele>
        <time>2024-01-13T09:04:52Z</time>
        <hdop>2</hdop>
        <extensions>
          <speed>0.34</speed>
        </extensions>
      </trkpt>
      <trkpt lat="52.7870705" lon="24.3176796">
        <ele>186</ele>
        <time>2024-01-13T09:05:03Z</time>
        <hdop>1.5</hdop>
        <extensions>
          <speed>0.96</speed>
        </extensions>
      </trkpt>
      <trkpt lat="52.7870504" lon="24.3177236">
        <ele>187</ele>
        <time>2024-01-13T09:05:14Z</time>
        <hdop>1.5</hdop>
      </trkpt>
      <trkpt lat="52.7870558" lon="24.3177345">
        <ele>186</ele>
        <time>2024-01-13T09:05:24Z</time>
        <hdop>1.5</hdop>
      </trkpt>
      <trkpt lat="52.787045" lon="24.3177544">
        <ele>184</ele>
        <time>2024-01-13T09:05:35Z</time>
        <hdop>2</hdop>
      </trkpt>
      <trkpt lat="52.787045" lon="24.3177544">
        <ele>184</ele>
        <time>2024-01-13T09:05:45Z</time>
        <hdop>1.5</hdop>
      </trkpt>
      <trkpt lat="52.7870348" lon="24.3177488">
        <ele>185</ele>
        <time>2024-01-13T09:05:55Z</time>
        <hdop>2</hdop>
        <extensions>
          <speed>0.65</speed>
        </extensions>
      </trkpt>
      <trkpt lat="52.7870383" lon="24.3178216">
        <ele>187</ele>
        <time>2024-01-13T09:06:06Z</time>
        <hdop>2.5</hdop>
        <extensions>
          <speed>1.01</speed>
        </extensions>
      </trkpt>
      <trkpt lat="52.7870605" lon="24.3179028">
        <ele>185</ele>
        <time>2024-01-13T09:06:17Z</time>
        <hdop>2</hdop>
        <extensions>
          <speed>0.46</speed>
        </extensions>
      </trkpt>
      <trkpt lat="52.7870527" lon="24.318026">
        <ele>184</ele>
        <time>2024-01-13T09:06:28Z</time>
        <hdop>2</hdop>
        <extensions>
          <speed>0.82</speed>
        </extensions>
      </trkpt>
      <trkpt lat="52.7870933" lon="24.318103">
        <ele>185</ele>
        <time>2024-01-13T09:06:39Z</time>
        <hdop>3.5</hdop>
        <extensions>
          <speed>0.8</speed>
        </extensions>
      </trkpt>
      <trkpt lat="52.7871121" lon="24.3181473">
        <ele>184</ele>
        <time>2024-01-13T09:06:50Z</time>
        <hdop>2.5</hdop>
      </trkpt>
      <trkpt lat="52.7871087" lon="24.3181936">
        <ele>185</ele>
        <time>2024-01-13T09:07:00Z</time>
        <hdop>2</hdop>
      </trkpt>
      <trkpt lat="52.7871013" lon="24.3182714">
        <ele>184</ele>
        <time>2024-01-13T09:07:11Z</time>
        <hdop>2</hdop>
      </trkpt>
      <trkpt lat="52.7871056" lon="24.318308">
        <ele>182</ele>
        <time>2024-01-13T09:07:21Z</time>
        <hdop>2</hdop>
        <extensions>
          <speed>0.27</speed>
        </extensions>
      </trkpt>
      <trkpt lat="52.7871139" lon="24.3183678">
        <ele>182</ele>
        <time>2024-01-13T09:07:31Z</time>
        <hdop>2</hdop>
        <extensions>
          <speed>0.33</speed>
        </extensions>
      </trkpt>
      <trkpt lat="52.787102" lon="24.3184098">
        <ele>182</ele>
        <time>2024-01-13T09:07:42Z</time>
        <hdop>2</hdop>
        <extensions>
          <speed>0.33</speed>
        </extensions>
      </trkpt>
      <trkpt lat="52.7870923" lon="24.3184917">
        <ele>181</ele>
        <time>2024-01-13T09:07:53Z</time>
        <hdop>2.5</hdop>
      </trkpt>
      <trkpt lat="52.7870982" lon="24.3185313">
        <ele>181</ele>
        <time>2024-01-13T09:08:03Z</time>
        <hdop>2</hdop>
      </trkpt>
      <trkpt lat="52.7871008" lon="24.3186264">
        <ele>183</ele>
        <time>2024-01-13T09:08:14Z</time>
        <hdop>2</hdop>
        <extensions>
          <speed>0.41</speed>
        </extensions>
      </trkpt>
      <trkpt lat="52.787103" lon="24.3187078">
        <ele>183</ele>
        <time>2024-01-13T09:08:24Z</time>
        <hdop>2</hdop>
      </trkpt>
      <trkpt lat="52.7871229" lon="24.318776">
        <ele>183</ele>
        <time>2024-01-13T09:08:34Z</time>
        <hdop>1.5</hdop>
        <extensions>
          <speed>0.72</speed>
        </extensions>
      </trkpt>
      <trkpt lat="52.7871468" lon="24.3189028">
        <ele>182</ele>
        <time>2024-01-13T09:08:45Z</time>
        <hdop>1.5</hdop>
      </trkpt>
      <trkpt lat="52.7871402" lon="24.319003">
        <ele>184</ele>
        <time>2024-01-13T09:08:55Z</time>
        <hdop>1.5</hdop>
        <extensions>
          <speed>0.01</speed>
        </extensions>
      </trkpt>
      <trkpt lat="52.7871354" lon="24.319096">
        <ele>187</ele>
        <time>2024-01-13T09:09:06Z</time>
        <hdop>2.5</hdop>
        <extensions>
          <speed>0.78</speed>
        </extensions>
      </trkpt>
      <trkpt lat="52.7871749" lon="24.319165">
        <ele>183</ele>
        <time>2024-01-13T09:09:17Z</time>
        <hdop>2</hdop>
        <extensions>
          <speed>0.38</speed>
        </extensions>
      </trkpt>
      <trkpt lat="52.7872051" lon="24.3192414">
        <ele>183</ele>
        <time>2024-01-13T09:09:28Z</time>
        <hdop>2</hdop>
      </trkpt>
      <trkpt lat="52.7872525" lon="24.3193664">
        <ele>183</ele>
        <time>2024-01-13T09:09:38Z</time>
        <hdop>2.5</hdop>
        <extensions>
          <speed>0.03</speed>
        </extensions>
      </trkpt>
      <trkpt lat="52.7872623" lon="24.3194256">
        <ele>183</ele>
        <time>2024-01-13T09:09:49Z</time>
        <hdop>2.5</hdop>
        <extensions>
          <speed>0.6</speed>
        </extensions>
      </trkpt>
      <trkpt lat="52.7872764" lon="24.3194502">
        <ele>184</ele>
        <time>2024-01-13T09:09:59Z</time>
        <hdop>2.5</hdop>
      </trkpt>
      <trkpt lat="52.7872594" lon="24.3195217">
        <ele>184</ele>
        <time>2024-01-13T09:10:09Z</time>
        <hdop>2</hdop>
        <extensions>
          <speed>0.69</speed>
        </extensions>
      </trkpt>
      <trkpt lat="52.7872536" lon="24.3195908">
        <ele>184</ele>
        <time>2024-01-13T09:10:20Z</time>
        <hdop>2.5</hdop>
        <extensions>
          <speed>0.42</speed>
        </extensions>
      </trkpt>
      <trkpt lat="52.7872605" lon="24.3196651">
        <ele>182</ele>
        <time>2024-01-13T09:10:30Z</time>
        <hdop>3</hdop>
      </trkpt>
      <trkpt lat="52.7872562" lon="24.3197859">
        <ele>179</ele>
        <time>2024-01-13T09:10:41Z</time>
        <hdop>3</hdop>
        <extensions>
          <speed>0.36</speed>
        </extensions>
      </trkpt>
      <trkpt lat="52.7872418" lon="24.3199039">
        <ele>178</ele>
        <time>2024-01-13T09:10:51Z</time>
        <hdop>3</hdop>
        <extensions>
          <speed>0.29</speed>
        </extensions>
      </trkpt>
      <trkpt lat="52.7872037" lon="24.3199875">
        <ele>180</ele>
        <time>2024-01-13T09:11:01Z</time>
        <hdop>2.5</hdop>
      </trkpt>
      <trkpt lat="52.7871634" lon="24.3201097">
        <ele>182</ele>
        <time>2024-01-13T09:11:12Z</time>
        <hdop>3</hdop>
      </trkpt>
      <trkpt lat="52.7871518" lon="24.3202181">
        <ele>184</ele>
        <time>2024-01-13T09:11:23Z</time>
        <hdop>3</hdop>
        <extensions>
          <speed>0.03</speed>
        </extensions>
      </trkpt>
      <trkpt lat="52.7870903" lon="24.3202465">
        <ele>184</ele>
        <time>2024-01-13T09:11:34Z</time>
        <hdop>4</hdop>
        <extensions>
          <speed>0.32</speed>
        </extensions>
      </trkpt>
      <trkpt lat="52.787097" lon="24.3202616">
        <ele>185</ele>
        <time>2024-01-13T09:11:44Z</time>
        <hdop>3.5</hdop>
      </trkpt>
      <trkpt lat="52.7870847" lon="24.3202785">
        <ele>187</ele>
        <time>2024-01-13T09:11:55Z</time>
        <hdop>4.5</hdop>
        <extensions>
          <speed>0.6</speed>
        </extensions>
      </trkpt>
      <trkpt lat="52.7870859" lon="24.3202977">
        <ele>187</ele>
        <time>2024-01-13T09:12:05Z</time>
        <hdop>3.5</hdop>
      </trkpt>
      <trkpt lat="52.7870926" lon="24.3202823">
        <ele>187</ele>
        <time>2024-01-13T09:12:15Z</time>
        <hdop>3</hdop>
      </trkpt>
      <trkpt lat="52.7870852" lon="24.320342">
        <ele>187</ele>
        <time>2024-01-13T09:12:26Z</time>
        <hdop>4</hdop>
        <extensions>
          <speed>0.32</speed>
        </extensions>
      </trkpt>
      <trkpt lat="52.7870786" lon="24.3204803">
        <ele>189</ele>
        <time>2024-01-13T09:12:36Z</time>
        <hdop>2.5</hdop>
        <extensions>
          <speed>0.59</speed>
        </extensions>
      </trkpt>
      <trkpt lat="52.7870898" lon="24.3205472">
        <ele>189</ele>
        <time>2024-01-13T09:12:47Z</time>
        <hdop>4</hdop>
        <extensions>
          <speed>0.89</speed>
        </extensions>
      </trkpt>
      <trkpt lat="52.787128" lon="24.320628">
        <ele>186</ele>
        <time>2024-01-13T09:12:58Z</time>
        <hdop>3.5</hdop>
        <extensions>
          <speed>0.59</speed>
        </extensions>
      </trkpt>
      <trkpt lat="52.7871549" lon="24.3206879">
        <ele>184</ele>
        <time>2024-01-13T09:13:09Z</time>
        <hdop>4</hdop>
        <extensions>
          <speed>0.28</speed>
        </extensions>
      </trkpt>
      <trkpt lat="52.7871723" lon="24.3207308">
        <ele>184</ele>
        <time>2024-01-13T09:13:20Z</time>
        <hdop>3.5</hdop>
        <extensions>
          <speed>0.42</speed>
        </extensions>
      </trkpt>
      <trkpt lat="52.7871522" lon="24.3207889">
        <ele>184</ele>
        <time>2024-01-13T09:13:30Z</time>
        <hdop>4</hdop>
        <extensions>
          <speed>0.16</speed>
        </extensions>
      </trkpt>
      <trkpt lat="52.7871192" lon="24.3208359">
        <ele>184</ele>
        <time>2024-01-13T09:13:41Z</time>
        <hdop>3.5</hdop>
        <extensions>
          <speed>0.43</speed>
        </extensions>
      </trkpt>
      <trkpt lat="52.7870839" lon="24.3208979">
        <ele>182</ele>
        <time>2024-01-13T09:13:51Z</time>
        <hdop>3.5</hdop>
        <extensions>
          <speed>0.33</speed>
        </extensions>
      </trkpt>
      <trkpt lat="52.7870636" lon="24.3209842">
        <ele>185</ele>
        <time>2024-01-13T09:14:02Z</time>
        <hdop>2</hdop>
      </trkpt>
      <trkpt lat="52.7870323" lon="24.3210578">
        <ele>187</ele>
        <time>2024-01-13T09:14:13Z</time>
        <hdop>2</hdop>
      </trkpt>
      <trkpt lat="52.7870181" lon="24.3211285">
        <ele>188</ele>
        <time>2024-01-13T09:14:23Z</time>
        <hdop>2</hdop>
        <extensions>
          <speed>0.19</speed>
        </extensions>
      </trkpt>
      <trkpt lat="52.7870082" lon="24.3211772">
        <ele>186</ele>
        <time>2024-01-13T09:14:33Z</time>
        <hdop>3</hdop>
        <extensions>
          <speed>0.37</speed>
        </extensions>
      </trkpt>
      <trkpt lat="52.7870057" lon="24.3212145">
        <ele>187</ele>
        <time>2024-01-13T09:14:43Z</time>
        <hdop>3</hdop>
      </trkpt>
      <trkpt lat="52.7869505" lon="24.3212584">
        <ele>187</ele>
        <time>2024-01-13T09:14:54Z</time>
        <hdop>3</hdop>
        <extensions>
          <speed>0.54</speed>
        </extensions>
      </trkpt>
      <trkpt lat="52.7869266" lon="24.3212549">
        <ele>185</ele>
        <time>2024-01-13T09:15:05Z</time>
        <hdop>4</hdop>
      </trkpt>
      <trkpt lat="52.7869156" lon="24.3212745">
        <ele>185</ele>
        <time>2024-01-13T09:15:15Z</time>
        <hdop>3</hdop>
        <extensions>
          <speed>0.43</speed>
        </extensions>
      </trkpt>
      <trkpt lat="52.7869525" lon="24.3213072">
        <ele>183</ele>
        <time>2024-01-13T09:15:26Z</time>
        <hdop>4.5</hdop>
        <extensions>
          <speed>2.35</speed>
        </extensions>
      </trkpt>
      <trkpt lat="52.7869737" lon="24.3212646">
        <ele>182</ele>
        <time>2024-01-13T09:15:37Z</time>
        <hdop>3.5</hdop>
      </trkpt>
      <trkpt lat="52.7869448" lon="24.3212384">
        <ele>183</ele>
        <time>2024-01-13T09:15:47Z</time>
        <hdop>4</hdop>
      </trkpt>
      <trkpt lat="52.7869751" lon="24.3211872">
        <ele>186</ele>
        <time>2024-01-13T09:15:57Z</time>
        <hdop>7</hdop>
        <extensions>
          <speed>0.17</speed>
        </extensions>
      </trkpt>
      <trkpt lat="52.7869563" lon="24.3212476">
        <ele>183</ele>
        <time>2024-01-13T09:16:07Z</time>
        <hdop>4.5</hdop>
        <extensions>
          <speed>0.78</speed>
        </extensions>
      </trkpt>
      <trkpt lat="52.7869467" lon="24.3213074">
        <ele>186</ele>
        <time>2024-01-13T09:16:18Z</time>
        <hdop>3</hdop>
      </trkpt>
      <trkpt lat="52.7869444" lon="24.3212978">
        <ele>184</ele>
        <time>2024-01-13T09:16:29Z</time>
        <hdop>3</hdop>
        <extensions>
          <speed>0.72</speed>
        </extensions>
      </trkpt>
      <trkpt lat="52.7868737" lon="24.3213303">
        <ele>182</ele>
        <time>2024-01-13T09:16:39Z</time>
        <hdop>3.5</hdop>
        <extensions>
          <speed>0.96</speed>
        </extensions>
      </trkpt>
      <trkpt lat="52.7868272" lon="24.3214261">
        <ele>181</ele>
        <time>2024-01-13T09:16:49Z</time>
        <hdop>3</hdop>
        <extensions>
          <speed>1.09</speed>
        </extensions>
      </trkpt>
      <trkpt lat="52.7867811" lon="24.3215722">
        <ele>180</ele>
        <time>2024-01-13T09:17:00Z</time>
        <hdop>3.5</hdop>
        <extensions>
          <speed>0.51</speed>
        </extensions>
      </trkpt>
      <trkpt lat="52.7867052" lon="24.3216779">
        <ele>179</ele>
        <time>2024-01-13T09:17:10Z</time>
        <hdop>3</hdop>
        <extensions>
          <speed>1.19</speed>
        </extensions>
      </trkpt>
      <trkpt lat="52.7866344" lon="24.3217809">
        <ele>180</ele>
        <time>2024-01-13T09:17:21Z</time>
        <hdop>3</hdop>
        <extensions>
          <speed>0.99</speed>
        </extensions>
      </trkpt>
      <trkpt lat="52.7865575" lon="24.3218485">
        <ele>179</ele>
        <time>2024-01-13T09:17:31Z</time>
        <hdop>3</hdop>
        <extensions>
          <speed>1.06</speed>
        </extensions>
      </trkpt>
      <trkpt lat="52.7864539" lon="24.3218953">
        <ele>180</ele>
        <time>2024-01-13T09:17:42Z</time>
        <hdop>3</hdop>
        <extensions>
          <speed>0.82</speed>
        </extensions>
      </trkpt>
      <trkpt lat="52.7863852" lon="24.32192">
        <ele>182</ele>
        <time>2024-01-13T09:17:53Z</time>
        <hdop>3</hdop>
      </trkpt>
      <trkpt lat="52.7863169" lon="24.3219082">
        <ele>183</ele>
        <time>2024-01-13T09:18:04Z</time>
        <hdop>2.5</hdop>
      </trkpt>
      <trkpt lat="52.7862716" lon="24.3219504">
        <ele>185</ele>
        <time>2024-01-13T09:18:14Z</time>
        <hdop>2.5</hdop>
        <extensions>
          <speed>0.6</speed>
        </extensions>
      </trkpt>
      <trkpt lat="52.7862368" lon="24.3219405">
        <ele>185</ele>
        <time>2024-01-13T09:18:25Z</time>
        <hdop>3</hdop>
        <extensions>
          <speed>0.75</speed>
        </extensions>
      </trkpt>
      <trkpt lat="52.7861522" lon="24.3218936">
        <ele>183</ele>
        <time>2024-01-13T09:18:36Z</time>
        <hdop>2.5</hdop>
        <extensions>
          <speed>0.88</speed>
        </extensions>
      </trkpt>
      <trkpt lat="52.7860957" lon="24.3219317">
        <ele>181</ele>
        <time>2024-01-13T09:18:46Z</time>
        <hdop>3</hdop>
      </trkpt>
      <trkpt lat="52.7860399" lon="24.3219714">
        <ele>180</ele>
        <time>2024-01-13T09:18:57Z</time>
        <hdop>2.5</hdop>
        <extensions>
          <speed>0.23</speed>
        </extensions>
      </trkpt>
      <trkpt lat="52.7860077" lon="24.3219486">
        <ele>179</ele>
        <time>2024-01-13T09:19:08Z</time>
        <hdop>2.5</hdop>
        <extensions>
          <speed>0.01</speed>
        </extensions>
      </trkpt>
      <trkpt lat="52.7859742" lon="24.3219341">
        <ele>179</ele>
        <time>2024-01-13T09:19:19Z</time>
        <hdop>2</hdop>
      </trkpt>
      <trkpt lat="52.7859742" lon="24.3219341">
        <ele>179</ele>
        <time>2024-01-13T09:19:30Z</time>
        <hdop>2</hdop>
      </trkpt>
      <trkpt lat="52.7859098" lon="24.3218136">
        <ele>184</ele>
        <time>2024-01-13T09:19:40Z</time>
        <hdop>1.5</hdop>
        <extensions>
          <speed>0.9</speed>
        </extensions>
      </trkpt>
      <trkpt lat="52.7858455" lon="24.3218242">
        <ele>185</ele>
        <time>2024-01-13T09:19:51Z</time>
        <hdop>2</hdop>
        <extensions>
          <speed>0.73</speed>
        </extensions>
      </trkpt>
      <trkpt lat="52.7857816" lon="24.3218357">
        <ele>185</ele>
        <time>2024-01-13T09:20:02Z</time>
        <hdop>2</hdop>
      </trkpt>
      <trkpt lat="52.7857064" lon="24.3218541">
        <ele>183</ele>
        <time>2024-01-13T09:20:12Z</time>
        <hdop>2.5</hdop>
        <extensions>
          <speed>0.63</speed>
        </extensions>
      </trkpt>
      <trkpt lat="52.7856575" lon="24.3218782">
        <ele>183</ele>
        <time>2024-01-13T09:20:23Z</time>
        <hdop>2</hdop>
      </trkpt>
      <trkpt lat="52.785585" lon="24.3219113">
        <ele>184</ele>
        <time>2024-01-13T09:20:33Z</time>
        <hdop>2</hdop>
        <extensions>
          <speed>0.34</speed>
        </extensions>
      </trkpt>
      <trkpt lat="52.7855711" lon="24.321919">
        <ele>183</ele>
        <time>2024-01-13T09:20:43Z</time>
        <hdop>2.5</hdop>
      </trkpt>
      <trkpt lat="52.7855218" lon="24.3219725">
        <ele>185</ele>
        <time>2024-01-13T09:20:54Z</time>
        <hdop>2.5</hdop>
        <extensions>
          <speed>0.36</speed>
        </extensions>
      </trkpt>
      <trkpt lat="52.7854764" lon="24.3220133">
        <ele>184</ele>
        <time>2024-01-13T09:21:05Z</time>
        <hdop>2</hdop>
        <extensions>
          <speed>0.01</speed>
        </extensions>
      </trkpt>
      <trkpt lat="52.7854427" lon="24.3220342">
        <ele>184</ele>
        <time>2024-01-13T09:21:16Z</time>
        <hdop>2</hdop>
      </trkpt>
      <trkpt lat="52.7854126" lon="24.3220905">
        <ele>183</ele>
        <time>2024-01-13T09:21:26Z</time>
        <hdop>2.5</hdop>
        <extensions>
          <speed>0.28</speed>
        </extensions>
      </trkpt>
      <trkpt lat="52.785386" lon="24.3221833">
        <ele>184</ele>
        <time>2024-01-13T09:21:37Z</time>
        <hdop>2.5</hdop>
        <extensions>
          <speed>0.18</speed>
        </extensions>
      </trkpt>
      <trkpt lat="52.7853338" lon="24.3222062">
        <ele>184</ele>
        <time>2024-01-13T09:21:48Z</time>
        <hdop>2</hdop>
      </trkpt>
      <trkpt lat="52.7852883" lon="24.3222622">
        <ele>183</ele>
        <time>2024-01-13T09:21:59Z</time>
        <hdop>2.5</hdop>
      </trkpt>
      <trkpt lat="52.7852229" lon="24.3223215">
        <ele>182</ele>
        <time>2024-01-13T09:22:10Z</time>
        <hdop>2</hdop>
        <extensions>
          <speed>0.23</speed>
        </extensions>
      </trkpt>
      <trkpt lat="52.7851533" lon="24.322363">
        <ele>184</ele>
        <time>2024-01-13T09:22:21Z</time>
        <hdop>2</hdop>
      </trkpt>
      <trkpt lat="52.7851" lon="24.3223375">
        <ele>185</ele>
        <time>2024-01-13T09:22:31Z</time>
        <hdop>2</hdop>
      </trkpt>
      <trkpt lat="52.7850533" lon="24.3223252">
        <ele>184</ele>
        <time>2024-01-13T09:22:42Z</time>
        <hdop>2</hdop>
        <extensions>
          <speed>0.03</speed>
        </extensions>
      </trkpt>
      <trkpt lat="52.785013" lon="24.3223568">
        <ele>185</ele>
        <time>2024-01-13T09:22:52Z</time>
        <hdop>2</hdop>
        <extensions>
          <speed>0.39</speed>
        </extensions>
      </trkpt>
      <trkpt lat="52.7849507" lon="24.3223226">
        <ele>186</ele>
        <time>2024-01-13T09:23:02Z</time>
        <hdop>2</hdop>
        <extensions>
          <speed>0.86</speed>
        </extensions>
      </trkpt>
      <trkpt lat="52.7849045" lon="24.3223014">
        <ele>185</ele>
        <time>2024-01-13T09:23:12Z</time>
        <hdop>1.5</hdop>
        <extensions>
          <speed>0.74</speed>
        </extensions>
      </trkpt>
      <trkpt lat="52.7848653" lon="24.3223005">
        <ele>184</ele>
        <time>2024-01-13T09:23:23Z</time>
        <hdop>2</hdop>
        <extensions>
          <speed>0.42</speed>
        </extensions>
      </trkpt>
      <trkpt lat="52.7848097" lon="24.3222937">
        <ele>184</ele>
        <time>2024-01-13T09:23:34Z</time>
        <hdop>2</hdop>
        <extensions>
          <speed>0.29</speed>
        </extensions>
      </trkpt>
      <trkpt lat="52.7847635" lon="24.3223065">
        <ele>182</ele>
        <time>2024-01-13T09:23:44Z</time>
        <hdop>3</hdop>
        <extensions>
          <speed>0.75</speed>
        </extensions>
      </trkpt>
      <trkpt lat="52.7847005" lon="24.3223268">
        <ele>182</ele>
        <time>2024-01-13T09:23:54Z</time>
        <hdop>2</hdop>
        <extensions>
          <speed>0.73</speed>
        </extensions>
      </trkpt>
      <trkpt lat="52.7846505" lon="24.3222477">
        <ele>184</ele>
        <time>2024-01-13T09:24:04Z</time>
        <hdop>2</hdop>
        <extensions>
          <speed>0.77</speed>
        </extensions>
      </trkpt>
      <trkpt lat="52.7845996" lon="24.3221938">
        <ele>183</ele>
        <time>2024-01-13T09:24:15Z</time>
        <hdop>2</hdop>
        <extensions>
          <speed>1.01</speed>
        </extensions>
      </trkpt>
      <trkpt lat="52.7845471" lon="24.3222098">
        <ele>183</ele>
        <time>2024-01-13T09:24:26Z</time>
        <hdop>3.5</hdop>
        <extensions>
          <speed>0.24</speed>
        </extensions>
      </trkpt>
      <trkpt lat="52.784495" lon="24.322199">
        <ele>181</ele>
        <time>2024-01-13T09:24:36Z</time>
        <hdop>2.5</hdop>
        <extensions>
          <speed>0.89</speed>
        </extensions>
      </trkpt>
      <trkpt lat="52.784458" lon="24.3222548">
        <ele>182</ele>
        <time>2024-01-13T09:24:47Z</time>
        <hdop>2.5</hdop>
      </trkpt>
      <trkpt lat="52.7844581" lon="24.3222551">
        <ele>182</ele>
        <time>2024-01-13T09:24:57Z</time>
        <hdop>2</hdop>
      </trkpt>
      <trkpt lat="52.7844352" lon="24.3222862">
        <ele>183</ele>
        <time>2024-01-13T09:25:08Z</time>
        <hdop>2</hdop>
        <extensions>
          <speed>0.64</speed>
        </extensions>
      </trkpt>
      <trkpt lat="52.7844138" lon="24.3223501">
        <ele>183</ele>
        <time>2024-01-13T09:25:18Z</time>
        <hdop>2.5</hdop>
        <extensions>
          <speed>0.17</speed>
        </extensions>
      </trkpt>
      <trkpt lat="52.7844053" lon="24.3224199">
        <ele>185</ele>
        <time>2024-01-13T09:25:29Z</time>
        <hdop>2.5</hdop>
        <extensions>
          <speed>0.06</speed>
        </extensions>
      </trkpt>
      <trkpt lat="52.7843807" lon="24.3224633">
        <ele>186</ele>
        <time>2024-01-13T09:25:40Z</time>
        <hdop>2.5</hdop>
      </trkpt>
      <trkpt lat="52.7843447" lon="24.3225246">
        <ele>184</ele>
        <time>2024-01-13T09:25:50Z</time>
        <hdop>2</hdop>
        <extensions>
          <speed>0.64</speed>
        </extensions>
      </trkpt>
      <trkpt lat="52.7842978" lon="24.3225919">
        <ele>186</ele>
        <time>2024-01-13T09:26:00Z</time>
        <hdop>2</hdop>
        <extensions>
          <speed>0.61</speed>
        </extensions>
      </trkpt>
      <trkpt lat="52.7842897" lon="24.3227191">
        <ele>185</ele>
        <time>2024-01-13T09:26:11Z</time>
        <hdop>2</hdop>
        <extensions>
          <speed>0.82</speed>
        </extensions>
      </trkpt>
      <trkpt lat="52.7842538" lon="24.3228029">
        <ele>185</ele>
        <time>2024-01-13T09:26:22Z</time>
        <hdop>2</hdop>
      </trkpt>
      <trkpt lat="52.7842082" lon="24.3228843">
        <ele>185</ele>
        <time>2024-01-13T09:26:33Z</time>
        <hdop>2</hdop>
        <extensions>
          <speed>0.54</speed>
        </extensions>
      </trkpt>
      <trkpt lat="52.7841941" lon="24.3229333">
        <ele>184</ele>
        <time>2024-01-13T09:26:43Z</time>
        <hdop>2</hdop>
      </trkpt>
      <trkpt lat="52.7841679" lon="24.3230368">
        <ele>186</ele>
        <time>2024-01-13T09:26:53Z</time>
        <hdop>2.5</hdop>
      </trkpt>
      <trkpt lat="52.7841645" lon="24.3230487">
        <ele>186</ele>
        <time>2024-01-13T09:27:04Z</time>
        <hdop>1.5</hdop>
      </trkpt>
      <trkpt lat="52.7841645" lon="24.3230487">
        <ele>186</ele>
        <time>2024-01-13T09:27:14Z</time>
        <hdop>2</hdop>
      </trkpt>
      <trkpt lat="52.7841645" lon="24.3230487">
        <ele>186</ele>
        <time>2024-01-13T09:27:25Z</time>
        <hdop>2</hdop>
      </trkpt>
      <trkpt lat="52.7841645" lon="24.3230487">
        <ele>186</ele>
        <time>2024-01-13T09:27:35Z</time>
        <hdop>2</hdop>
      </trkpt>
      <trkpt lat="52.7841645" lon="24.3230487">
        <ele>186</ele>
        <time>2024-01-13T09:27:46Z</time>
        <hdop>2</hdop>
      </trkpt>
      <trkpt lat="52.7841611" lon="24.323076">
        <ele>184</ele>
        <time>2024-01-13T09:27:57Z</time>
        <hdop>2</hdop>
      </trkpt>
      <trkpt lat="52.7841299" lon="24.3231033">
        <ele>184</ele>
        <time>2024-01-13T09:28:08Z</time>
        <hdop>2.5</hdop>
        <extensions>
          <speed>0.55</speed>
        </extensions>
      </trkpt>
      <trkpt lat="52.7840806" lon="24.323156">
        <ele>184</ele>
        <time>2024-01-13T09:28:19Z</time>
        <hdop>2</hdop>
        <extensions>
          <speed>0.46</speed>
        </extensions>
      </trkpt>
      <trkpt lat="52.784048" lon="24.3232525">
        <ele>183</ele>
        <time>2024-01-13T09:28:30Z</time>
        <hdop>2</hdop>
      </trkpt>
      <trkpt lat="52.7839908" lon="24.3233908">
        <ele>183</ele>
        <time>2024-01-13T09:28:41Z</time>
        <hdop>2</hdop>
        <extensions>
          <speed>1.07</speed>
        </extensions>
      </trkpt>
      <trkpt lat="52.7839314" lon="24.3234884">
        <ele>185</ele>
        <time>2024-01-13T09:28:51Z</time>
        <hdop>2</hdop>
        <extensions>
          <speed>0.81</speed>
        </extensions>
      </trkpt>
      <trkpt lat="52.7839141" lon="24.3235127">
        <ele>184</ele>
        <time>2024-01-13T09:29:02Z</time>
        <hdop>2</hdop>
      </trkpt>
      <trkpt lat="52.7839141" lon="24.3235127">
        <ele>184</ele>
        <time>2024-01-13T09:29:13Z</time>
        <hdop>2</hdop>
      </trkpt>
      <trkpt lat="52.7839141" lon="24.3235127">
        <ele>184</ele>
        <time>2024-01-13T09:29:23Z</time>
        <hdop>2</hdop>
      </trkpt>
      <trkpt lat="52.7838963" lon="24.3235579">
        <ele>185</ele>
        <time>2024-01-13T09:29:33Z</time>
        <hdop>1.5</hdop>
      </trkpt>
      <trkpt lat="52.7838963" lon="24.3235579">
        <ele>185</ele>
        <time>2024-01-13T09:29:44Z</time>
        <hdop>2</hdop>
      </trkpt>
      <trkpt lat="52.7838948" lon="24.3235774">
        <ele>186</ele>
        <time>2024-01-13T09:29:54Z</time>
        <hdop>2</hdop>
      </trkpt>
      <trkpt lat="52.7839131" lon="24.3236867">
        <ele>185</ele>
        <time>2024-01-13T09:30:05Z</time>
        <hdop>2</hdop>
        <extensions>
          <speed>0.7</speed>
        </extensions>
      </trkpt>
      <trkpt lat="52.7839214" lon="24.3237955">
        <ele>183</ele>
        <time>2024-01-13T09:30:15Z</time>
        <hdop>2.5</hdop>
        <extensions>
          <speed>0.69</speed>
        </extensions>
      </trkpt>
      <trkpt lat="52.783959" lon="24.3239044">
        <ele>182</ele>
        <time>2024-01-13T09:30:26Z</time>
        <hdop>2.5</hdop>
        <extensions>
          <speed>0.79</speed>
        </extensions>
      </trkpt>
      <trkpt lat="52.7839694" lon="24.3240048">
        <ele>182</ele>
        <time>2024-01-13T09:30:37Z</time>
        <hdop>2.5</hdop>
      </trkpt>
      <trkpt lat="52.7839776" lon="24.3241214">
        <ele>183</ele>
        <time>2024-01-13T09:30:47Z</time>
        <hdop>2.5</hdop>
        <extensions>
          <speed>0.77</speed>
        </extensions>
      </trkpt>
      <trkpt lat="52.7839901" lon="24.3241693">
        <ele>182</ele>
        <time>2024-01-13T09:30:57Z</time>
        <hdop>2</hdop>
      </trkpt>
      <trkpt lat="52.7840359" lon="24.3242283">
        <ele>182</ele>
        <time>2024-01-13T09:31:08Z</time>
        <hdop>2</hdop>
      </trkpt>
      <trkpt lat="52.7840889" lon="24.3242935">
        <ele>185</ele>
        <time>2024-01-13T09:31:19Z</time>
        <hdop>2</hdop>
        <extensions>
          <speed>0.57</speed>
        </extensions>
      </trkpt>
      <trkpt lat="52.7841465" lon="24.3243512">
        <ele>184</ele>
        <time>2024-01-13T09:31:29Z</time>
        <hdop>2</hdop>
        <extensions>
          <speed>0.39</speed>
        </extensions>
      </trkpt>
      <trkpt lat="52.7841797" lon="24.3244002">
        <ele>182</ele>
        <time>2024-01-13T09:31:39Z</time>
        <hdop>2</hdop>
      </trkpt>
      <trkpt lat="52.7842245" lon="24.3244415">
        <ele>183</ele>
        <time>2024-01-13T09:31:50Z</time>
        <hdop>2</hdop>
      </trkpt>
      <trkpt lat="52.7842688" lon="24.324508">
        <ele>183</ele>
        <time>2024-01-13T09:32:00Z</time>
        <hdop>2</hdop>
        <extensions>
          <speed>0.63</speed>
        </extensions>
      </trkpt>
      <trkpt lat="52.7843277" lon="24.3245558">
        <ele>184</ele>
        <time>2024-01-13T09:32:11Z</time>
        <hdop>2</hdop>
        <extensions>
          <speed>0.28</speed>
        </extensions>
      </trkpt>
      <trkpt lat="52.784344" lon="24.324629">
        <ele>184</ele>
        <time>2024-01-13T09:32:22Z</time>
        <hdop>2</hdop>
        <extensions>
          <speed>0.53</speed>
        </extensions>
      </trkpt>
      <trkpt lat="52.784375" lon="24.324699">
        <ele>183</ele>
        <time>2024-01-13T09:32:33Z</time>
        <hdop>2</hdop>
      </trkpt>
      <trkpt lat="52.7844336" lon="24.3247838">
        <ele>183</ele>
        <time>2024-01-13T09:32:44Z</time>
        <hdop>2</hdop>
        <extensions>
          <speed>0.86</speed>
        </extensions>
      </trkpt>
      <trkpt lat="52.784459" lon="24.324862">
        <ele>184</ele>
        <time>2024-01-13T09:32:55Z</time>
        <hdop>2</hdop>
      </trkpt>
      <trkpt lat="52.7844851" lon="24.3249588">
        <ele>186</ele>
        <time>2024-01-13T09:33:05Z</time>
        <hdop>2</hdop>
        <extensions>
          <speed>0.39</speed>
        </extensions>
      </trkpt>
      <trkpt lat="52.784511" lon="24.3250261">
        <ele>186</ele>
        <time>2024-01-13T09:33:16Z</time>
        <hdop>2</hdop>
      </trkpt>
      <trkpt lat="52.7845979" lon="24.325046">
        <ele>182</ele>
        <time>2024-01-13T09:33:26Z</time>
        <hdop>2</hdop>
        <extensions>
          <speed>0.7</speed>
        </extensions>
      </trkpt>
      <trkpt lat="52.7846748" lon="24.3251186">
        <ele>182</ele>
        <time>2024-01-13T09:33:36Z</time>
        <hdop>2</hdop>
        <extensions>
          <speed>1.09</speed>
        </extensions>
      </trkpt>
      <trkpt lat="52.7847569" lon="24.325098">
        <ele>181</ele>
        <time>2024-01-13T09:33:47Z</time>
        <hdop>2</hdop>
        <extensions>
          <speed>0.73</speed>
        </extensions>
      </trkpt>
      <trkpt lat="52.7848161" lon="24.3251187">
        <ele>182</ele>
        <time>2024-01-13T09:33:57Z</time>
        <hdop>2</hdop>
      </trkpt>
      <trkpt lat="52.7848734" lon="24.3251532">
        <ele>183</ele>
        <time>2024-01-13T09:34:08Z</time>
        <hdop>2.5</hdop>
        <extensions>
          <speed>0.66</speed>
        </extensions>
      </trkpt>
      <trkpt lat="52.7848942" lon="24.3252668">
        <ele>184</ele>
        <time>2024-01-13T09:34:18Z</time>
        <hdop>2</hdop>
        <extensions>
          <speed>0.85</speed>
        </extensions>
      </trkpt>
      <trkpt lat="52.7849141" lon="24.3253784">
        <ele>183</ele>
        <time>2024-01-13T09:34:28Z</time>
        <hdop>2</hdop>
        <extensions>
          <speed>0.77</speed>
        </extensions>
      </trkpt>
      <trkpt lat="52.7849688" lon="24.3254626">
        <ele>186</ele>
        <time>2024-01-13T09:34:39Z</time>
        <hdop>2</hdop>
        <extensions>
          <speed>0.47</speed>
        </extensions>
      </trkpt>
      <trkpt lat="52.7849837" lon="24.3255398">
        <ele>186</ele>
        <time>2024-01-13T09:34:50Z</time>
        <hdop>1.5</hdop>
        <extensions>
          <speed>0.65</speed>
        </extensions>
      </trkpt>
      <trkpt lat="52.7849848" lon="24.325554">
        <ele>186</ele>
        <time>2024-01-13T09:35:00Z</time>
        <hdop>2</hdop>
      </trkpt>
      <trkpt lat="52.785009" lon="24.325658">
        <ele>186</ele>
        <time>2024-01-13T09:35:10Z</time>
        <hdop>2</hdop>
        <extensions>
          <speed>0.61</speed>
        </extensions>
      </trkpt>
      <trkpt lat="52.7850137" lon="24.3256859">
        <ele>187</ele>
        <time>2024-01-13T09:35:21Z</time>
        <hdop>2</hdop>
      </trkpt>
      <trkpt lat="52.7850378" lon="24.3258182">
        <ele>184</ele>
        <time>2024-01-13T09:35:31Z</time>
        <hdop>2</hdop>
        <extensions>
          <speed>0.71</speed>
        </extensions>
      </trkpt>
      <trkpt lat="52.7850406" lon="24.3259572">
        <ele>183</ele>
        <time>2024-01-13T09:35:42Z</time>
        <hdop>2</hdop>
        <extensions>
          <speed>0.56</speed>
        </extensions>
      </trkpt>
      <trkpt lat="52.7850324" lon="24.3260572">
        <ele>182</ele>
        <time>2024-01-13T09:35:53Z</time>
        <hdop>2.5</hdop>
        <extensions>
          <speed>0.65</speed>
        </extensions>
      </trkpt>
      <trkpt lat="52.7850554" lon="24.3261835">
        <ele>181</ele>
        <time>2024-01-13T09:36:04Z</time>
        <hdop>2</hdop>
        <extensions>
          <speed>0.54</speed>
        </extensions>
      </trkpt>
      <trkpt lat="52.7850647" lon="24.3263081">
        <ele>183</ele>
        <time>2024-01-13T09:36:15Z</time>
        <hdop>2</hdop>
        <extensions>
          <speed>0.62</speed>
        </extensions>
      </trkpt>
      <trkpt lat="52.7850835" lon="24.3264187">
        <ele>185</ele>
        <time>2024-01-13T09:36:26Z</time>
        <hdop>2</hdop>
        <extensions>
          <speed>0.81</speed>
        </extensions>
      </trkpt>
      <trkpt lat="52.7850774" lon="24.326529">
        <ele>183</ele>
        <time>2024-01-13T09:36:36Z</time>
        <hdop>2</hdop>
        <extensions>
          <speed>0.57</speed>
        </extensions>
      </trkpt>
      <trkpt lat="52.7851056" lon="24.3266875">
        <ele>183</ele>
        <time>2024-01-13T09:36:47Z</time>
        <hdop>2.5</hdop>
        <extensions>
          <speed>0.87</speed>
        </extensions>
      </trkpt>
      <trkpt lat="52.7851315" lon="24.3267851">
        <ele>183</ele>
        <time>2024-01-13T09:36:57Z</time>
        <hdop>2</hdop>
        <extensions>
          <speed>0.72</speed>
        </extensions>
      </trkpt>
      <trkpt lat="52.7851635" lon="24.3268802">
        <ele>184</ele>
        <time>2024-01-13T09:37:07Z</time>
        <hdop>2.5</hdop>
        <extensions>
          <speed>0.63</speed>
        </extensions>
      </trkpt>
      <trkpt lat="52.7852066" lon="24.3269402">
        <ele>185</ele>
        <time>2024-01-13T09:37:18Z</time>
        <hdop>2.5</hdop>
        <extensions>
          <speed>0.52</speed>
        </extensions>
      </trkpt>
      <trkpt lat="52.7852626" lon="24.3269994">
        <ele>183</ele>
        <time>2024-01-13T09:37:28Z</time>
        <hdop>2.5</hdop>
        <extensions>
          <speed>0.78</speed>
        </extensions>
      </trkpt>
      <trkpt lat="52.7853219" lon="24.3269921">
        <ele>184</ele>
        <time>2024-01-13T09:37:39Z</time>
        <hdop>2</hdop>
      </trkpt>
      <trkpt lat="52.7853466" lon="24.3270282">
        <ele>182</ele>
        <time>2024-01-13T09:37:50Z</time>
        <hdop>2</hdop>
        <extensions>
          <speed>0.27</speed>
        </extensions>
      </trkpt>
      <trkpt lat="52.7854022" lon="24.3270794">
        <ele>183</ele>
        <time>2024-01-13T09:38:01Z</time>
        <hdop>2.5</hdop>
        <extensions>
          <speed>0.66</speed>
        </extensions>
      </trkpt>
      <trkpt lat="52.7854292" lon="24.3271801">
        <ele>183</ele>
        <time>2024-01-13T09:38:11Z</time>
        <hdop>2.5</hdop>
        <extensions>
          <speed>0.89</speed>
        </extensions>
      </trkpt>
      <trkpt lat="52.7854528" lon="24.3272537">
        <ele>183</ele>
        <time>2024-01-13T09:38:21Z</time>
        <hdop>2.5</hdop>
      </trkpt>
      <trkpt lat="52.7854442" lon="24.3273716">
        <ele>182</ele>
        <time>2024-01-13T09:38:32Z</time>
        <hdop>2.5</hdop>
        <extensions>
          <speed>0.51</speed>
        </extensions>
      </trkpt>
      <trkpt lat="52.785395" lon="24.3274885">
        <ele>182</ele>
        <time>2024-01-13T09:38:43Z</time>
        <hdop>2.5</hdop>
        <extensions>
          <speed>0.56</speed>
        </extensions>
      </trkpt>
      <trkpt lat="52.7853743" lon="24.3275655">
        <ele>181</ele>
        <time>2024-01-13T09:38:53Z</time>
        <hdop>2</hdop>
        <extensions>
          <speed>0.51</speed>
        </extensions>
      </trkpt>
      <trkpt lat="52.7853777" lon="24.3276811">
        <ele>181</ele>
        <time>2024-01-13T09:39:03Z</time>
        <hdop>2.5</hdop>
        <extensions>
          <speed>0.57</speed>
        </extensions>
      </trkpt>
      <trkpt lat="52.785414" lon="24.3277646">
        <ele>180</ele>
        <time>2024-01-13T09:39:14Z</time>
        <hdop>2.5</hdop>
        <extensions>
          <speed>0.42</speed>
        </extensions>
      </trkpt>
      <trkpt lat="52.7854662" lon="24.327806">
        <ele>180</ele>
        <time>2024-01-13T09:39:24Z</time>
        <hdop>2.5</hdop>
      </trkpt>
      <trkpt lat="52.7855108" lon="24.3278905">
        <ele>181</ele>
        <time>2024-01-13T09:39:34Z</time>
        <hdop>2.5</hdop>
        <extensions>
          <speed>0.9</speed>
        </extensions>
      </trkpt>
      <trkpt lat="52.7855514" lon="24.3280021">
        <ele>183</ele>
        <time>2024-01-13T09:39:45Z</time>
        <hdop>2.5</hdop>
      </trkpt>
      <trkpt lat="52.7855785" lon="24.3281177">
        <ele>183</ele>
        <time>2024-01-13T09:39:55Z</time>
        <hdop>2</hdop>
        <extensions>
          <speed>0.93</speed>
        </extensions>
      </trkpt>
      <trkpt lat="52.7856271" lon="24.3282522">
        <ele>182</ele>
        <time>2024-01-13T09:40:06Z</time>
        <hdop>2.5</hdop>
        <extensions>
          <speed>0.35</speed>
        </extensions>
      </trkpt>
      <trkpt lat="52.7856729" lon="24.3284336">
        <ele>180</ele>
        <time>2024-01-13T09:40:17Z</time>
        <hdop>2.5</hdop>
        <extensions>
          <speed>0.81</speed>
        </extensions>
      </trkpt>
      <trkpt lat="52.7857367" lon="24.3286083">
        <ele>182</ele>
        <time>2024-01-13T09:40:28Z</time>
        <hdop>2.5</hdop>
        <extensions>
          <speed>0.74</speed>
        </extensions>
      </trkpt>
      <trkpt lat="52.7857818" lon="24.3287796">
        <ele>184</ele>
        <time>2024-01-13T09:40:39Z</time>
        <hdop>2.5</hdop>
        <extensions>
          <speed>1.58</speed>
        </extensions>
      </trkpt>
      <trkpt lat="52.7858243" lon="24.3289525">
        <ele>184</ele>
        <time>2024-01-13T09:40:50Z</time>
        <hdop>3</hdop>
        <extensions>
          <speed>1.02</speed>
        </extensions>
      </trkpt>
      <trkpt lat="52.7858647" lon="24.3290798">
        <ele>185</ele>
        <time>2024-01-13T09:41:01Z</time>
        <hdop>1.5</hdop>
      </trkpt>
      <trkpt lat="52.7858947" lon="24.3291153">
        <ele>185</ele>
        <time>2024-01-13T09:41:11Z</time>
        <hdop>1.5</hdop>
      </trkpt>
      <trkpt lat="52.7859308" lon="24.32915">
        <ele>183</ele>
        <time>2024-01-13T09:41:22Z</time>
        <hdop>2.5</hdop>
      </trkpt>
      <trkpt lat="52.7860122" lon="24.3292008">
        <ele>181</ele>
        <time>2024-01-13T09:41:32Z</time>
        <hdop>2.5</hdop>
        <extensions>
          <speed>0.61</speed>
        </extensions>
      </trkpt>
      <trkpt lat="52.7860814" lon="24.3292769">
        <ele>183</ele>
        <time>2024-01-13T09:41:43Z</time>
        <hdop>2.5</hdop>
        <extensions>
          <speed>0.53</speed>
        </extensions>
      </trkpt>
      <trkpt lat="52.7860851" lon="24.3292695">
        <ele>183</ele>
        <time>2024-01-13T09:41:53Z</time>
        <hdop>2</hdop>
      </trkpt>
      <trkpt lat="52.7860707" lon="24.3292708">
        <ele>183</ele>
        <time>2024-01-13T09:42:03Z</time>
        <hdop>1.5</hdop>
      </trkpt>
      <trkpt lat="52.7860905" lon="24.3293311">
        <ele>183</ele>
        <time>2024-01-13T09:42:13Z</time>
        <hdop>2</hdop>
        <extensions>
          <speed>0.73</speed>
        </extensions>
      </trkpt>
      <trkpt lat="52.7861216" lon="24.3295093">
        <ele>182</ele>
        <time>2024-01-13T09:42:24Z</time>
        <hdop>2.5</hdop>
        <extensions>
          <speed>1.23</speed>
        </extensions>
      </trkpt>
      <trkpt lat="52.7861957" lon="24.3296551">
        <ele>181</ele>
        <time>2024-01-13T09:42:35Z</time>
        <hdop>2.5</hdop>
        <extensions>
          <speed>0.93</speed>
        </extensions>
      </trkpt>
      <trkpt lat="52.7862486" lon="24.3297497">
        <ele>182</ele>
        <time>2024-01-13T09:42:45Z</time>
        <hdop>2</hdop>
        <extensions>
          <speed>0.75</speed>
        </extensions>
      </trkpt>
      <trkpt lat="52.7863047" lon="24.3298199">
        <ele>183</ele>
        <time>2024-01-13T09:42:56Z</time>
        <hdop>2.5</hdop>
        <extensions>
          <speed>0.57</speed>
        </extensions>
      </trkpt>
      <trkpt lat="52.7863607" lon="24.3299083">
        <ele>183</ele>
        <time>2024-01-13T09:43:07Z</time>
        <hdop>2</hdop>
        <extensions>
          <speed>0.63</speed>
        </extensions>
      </trkpt>
      <trkpt lat="52.7864091" lon="24.3299731">
        <ele>183</ele>
        <time>2024-01-13T09:43:18Z</time>
        <hdop>2</hdop>
        <extensions>
          <speed>0.58</speed>
        </extensions>
      </trkpt>
      <trkpt lat="52.7864279" lon="24.3300556">
        <ele>185</ele>
        <time>2024-01-13T09:43:28Z</time>
        <hdop>2.5</hdop>
        <extensions>
          <speed>0.7</speed>
        </extensions>
      </trkpt>
      <trkpt lat="52.7864779" lon="24.3301166">
        <ele>182</ele>
        <time>2024-01-13T09:43:38Z</time>
        <hdop>2.5</hdop>
      </trkpt>
      <trkpt lat="52.786557" lon="24.330221">
        <ele>183</ele>
        <time>2024-01-13T09:43:49Z</time>
        <hdop>2.5</hdop>
        <extensions>
          <speed>1.05</speed>
        </extensions>
      </trkpt>
      <trkpt lat="52.7866168" lon="24.3302946">
        <ele>183</ele>
        <time>2024-01-13T09:43:59Z</time>
        <hdop>2.5</hdop>
        <extensions>
          <speed>0.73</speed>
        </extensions>
      </trkpt>
      <trkpt lat="52.7866691" lon="24.3303504">
        <ele>182</ele>
        <time>2024-01-13T09:44:10Z</time>
        <hdop>2</hdop>
        <extensions>
          <speed>0.27</speed>
        </extensions>
      </trkpt>
      <trkpt lat="52.7867018" lon="24.3304486">
        <ele>181</ele>
        <time>2024-01-13T09:44:21Z</time>
        <hdop>2</hdop>
        <extensions>
          <speed>0.08</speed>
        </extensions>
      </trkpt>
      <trkpt lat="52.7867723" lon="24.3305551">
        <ele>182</ele>
        <time>2024-01-13T09:44:32Z</time>
        <hdop>2</hdop>
        <extensions>
          <speed>0.63</speed>
        </extensions>
      </trkpt>
      <trkpt lat="52.7868249" lon="24.3306196">
        <ele>182</ele>
        <time>2024-01-13T09:44:43Z</time>
        <hdop>2</hdop>
      </trkpt>
      <trkpt lat="52.7869106" lon="24.3306898">
        <ele>181</ele>
        <time>2024-01-13T09:44:54Z</time>
        <hdop>2</hdop>
        <extensions>
          <speed>0.93</speed>
        </extensions>
      </trkpt>
      <trkpt lat="52.7869656" lon="24.3307292">
        <ele>182</ele>
        <time>2024-01-13T09:45:05Z</time>
        <hdop>2</hdop>
        <extensions>
          <speed>0.78</speed>
        </extensions>
      </trkpt>
      <trkpt lat="52.7870538" lon="24.3308093">
        <ele>183</ele>
        <time>2024-01-13T09:45:15Z</time>
        <hdop>2</hdop>
        <extensions>
          <speed>0.84</speed>
        </extensions>
      </trkpt>
      <trkpt lat="52.7871328" lon="24.3308532">
        <ele>184</ele>
        <time>2024-01-13T09:45:26Z</time>
        <hdop>2</hdop>
        <extensions>
          <speed>0.87</speed>
        </extensions>
      </trkpt>
      <trkpt lat="52.7871846" lon="24.3308973">
        <ele>183</ele>
        <time>2024-01-13T09:45:36Z</time>
        <hdop>2</hdop>
        <extensions>
          <speed>0.8</speed>
        </extensions>
      </trkpt>
      <trkpt lat="52.7873146" lon="24.3309177">
        <ele>184</ele>
        <time>2024-01-13T09:45:47Z</time>
        <hdop>2</hdop>
        <extensions>
          <speed>1.04</speed>
        </extensions>
      </trkpt>
      <trkpt lat="52.7874037" lon="24.3309648">
        <ele>183</ele>
        <time>2024-01-13T09:45:58Z</time>
        <hdop>1.5</hdop>
        <extensions>
          <speed>1.17</speed>
        </extensions>
      </trkpt>
      <trkpt lat="52.7874778" lon="24.3310062">
        <ele>182</ele>
        <time>2024-01-13T09:46:08Z</time>
        <hdop>2.5</hdop>
        <extensions>
          <speed>1.06</speed>
        </extensions>
      </trkpt>
      <trkpt lat="52.7875158" lon="24.3310694">
        <ele>184</ele>
        <time>2024-01-13T09:46:18Z</time>
        <hdop>2</hdop>
        <extensions>
          <speed>0.61</speed>
        </extensions>
      </trkpt>
      <trkpt lat="52.7875461" lon="24.3311859">
        <ele>183</ele>
        <time>2024-01-13T09:46:29Z</time>
        <hdop>2</hdop>
      </trkpt>
      <trkpt lat="52.7875734" lon="24.3312321">
        <ele>182</ele>
        <time>2024-01-13T09:46:40Z</time>
        <hdop>2</hdop>
      </trkpt>
      <trkpt lat="52.7876281" lon="24.3313255">
        <ele>183</ele>
        <time>2024-01-13T09:46:51Z</time>
        <hdop>2</hdop>
      </trkpt>
      <trkpt lat="52.7876276" lon="24.3313259">
        <ele>182</ele>
        <time>2024-01-13T09:47:02Z</time>
        <hdop>2</hdop>
      </trkpt>
      <trkpt lat="52.7876529" lon="24.3313441">
        <ele>182</ele>
        <time>2024-01-13T09:47:12Z</time>
        <hdop>2.5</hdop>
      </trkpt>
      <trkpt lat="52.7877053" lon="24.3313909">
        <ele>183</ele>
        <time>2024-01-13T09:47:23Z</time>
        <hdop>2.5</hdop>
        <extensions>
          <speed>0.42</speed>
        </extensions>
      </trkpt>
      <trkpt lat="52.7877072" lon="24.3313855">
        <ele>183</ele>
        <time>2024-01-13T09:47:34Z</time>
        <hdop>2</hdop>
      </trkpt>
      <trkpt lat="52.7877059" lon="24.3314182">
        <ele>182</ele>
        <time>2024-01-13T09:47:44Z</time>
        <hdop>2</hdop>
        <extensions>
          <speed>0.71</speed>
        </extensions>
      </trkpt>
      <trkpt lat="52.7876814" lon="24.3314836">
        <ele>182</ele>
        <time>2024-01-13T09:47:55Z</time>
        <hdop>2</hdop>
      </trkpt>
      <trkpt lat="52.7876516" lon="24.3315988">
        <ele>182</ele>
        <time>2024-01-13T09:48:06Z</time>
        <hdop>2.5</hdop>
        <extensions>
          <speed>0.59</speed>
        </extensions>
      </trkpt>
      <trkpt lat="52.7876433" lon="24.3316184">
        <ele>183</ele>
        <time>2024-01-13T09:48:17Z</time>
        <hdop>2</hdop>
      </trkpt>
      <trkpt lat="52.7876642" lon="24.3316256">
        <ele>182</ele>
        <time>2024-01-13T09:48:28Z</time>
        <hdop>2.5</hdop>
        <extensions>
          <speed>0.75</speed>
        </extensions>
      </trkpt>
      <trkpt lat="52.7876858" lon="24.3316626">
        <ele>182</ele>
        <time>2024-01-13T09:48:38Z</time>
        <hdop>2.5</hdop>
      </trkpt>
      <trkpt lat="52.7877185" lon="24.3317341">
        <ele>183</ele>
        <time>2024-01-13T09:48:49Z</time>
        <hdop>2</hdop>
        <extensions>
          <speed>0.09</speed>
        </extensions>
      </trkpt>
      <trkpt lat="52.7877179" lon="24.3317354">
        <ele>183</ele>
        <time>2024-01-13T09:48:59Z</time>
        <hdop>2</hdop>
      </trkpt>
      <trkpt lat="52.7877179" lon="24.3317354">
        <ele>183</ele>
        <time>2024-01-13T09:49:09Z</time>
        <hdop>1.5</hdop>
      </trkpt>
      <trkpt lat="52.7877212" lon="24.3317345">
        <ele>185</ele>
        <time>2024-01-13T09:49:20Z</time>
        <hdop>3</hdop>
      </trkpt>
      <trkpt lat="52.7877209" lon="24.3316965">
        <ele>184</ele>
        <time>2024-01-13T09:49:30Z</time>
        <hdop>1.5</hdop>
      </trkpt>
      <trkpt lat="52.7877199" lon="24.3316573">
        <ele>184</ele>
        <time>2024-01-13T09:49:40Z</time>
        <hdop>2</hdop>
      </trkpt>
      <trkpt lat="52.7877198" lon="24.3316299">
        <ele>183</ele>
        <time>2024-01-13T09:49:51Z</time>
        <hdop>2</hdop>
      </trkpt>
      <trkpt lat="52.7877198" lon="24.3316299">
        <ele>183</ele>
        <time>2024-01-13T09:50:02Z</time>
        <hdop>1.5</hdop>
      </trkpt>
      <trkpt lat="52.7877209" lon="24.3316847">
        <ele>183</ele>
        <time>2024-01-13T09:50:13Z</time>
        <hdop>2</hdop>
        <extensions>
          <speed>0.41</speed>
        </extensions>
      </trkpt>
      <trkpt lat="52.7877175" lon="24.3317917">
        <ele>184</ele>
        <time>2024-01-13T09:50:23Z</time>
        <hdop>2</hdop>
        <extensions>
          <speed>0.95</speed>
        </extensions>
      </trkpt>
      <trkpt lat="52.7877725" lon="24.3319143">
        <ele>183</ele>
        <time>2024-01-13T09:50:34Z</time>
        <hdop>2</hdop>
        <extensions>
          <speed>0.75</speed>
        </extensions>
      </trkpt>
      <trkpt lat="52.7878207" lon="24.3320032">
        <ele>184</ele>
        <time>2024-01-13T09:50:44Z</time>
        <hdop>2</hdop>
        <extensions>
          <speed>0.47</speed>
        </extensions>
      </trkpt>
      <trkpt lat="52.7879016" lon="24.3321153">
        <ele>184</ele>
        <time>2024-01-13T09:50:55Z</time>
        <hdop>2</hdop>
        <extensions>
          <speed>0.78</speed>
        </extensions>
      </trkpt>
      <trkpt lat="52.7879448" lon="24.3322145">
        <ele>185</ele>
        <time>2024-01-13T09:51:06Z</time>
        <hdop>2</hdop>
      </trkpt>
      <trkpt lat="52.7879609" lon="24.3323542">
        <ele>183</ele>
        <time>2024-01-13T09:51:17Z</time>
        <hdop>2</hdop>
        <extensions>
          <speed>1.07</speed>
        </extensions>
      </trkpt>
      <trkpt lat="52.7879497" lon="24.3324757">
        <ele>183</ele>
        <time>2024-01-13T09:51:27Z</time>
        <hdop>2</hdop>
        <extensions>
          <speed>0.69</speed>
        </extensions>
      </trkpt>
      <trkpt lat="52.7879559" lon="24.3325873">
        <ele>185</ele>
        <time>2024-01-13T09:51:38Z</time>
        <hdop>1.5</hdop>
        <extensions>
          <speed>0.87</speed>
        </extensions>
      </trkpt>
      <trkpt lat="52.7879853" lon="24.332656">
        <ele>185</ele>
        <time>2024-01-13T09:51:48Z</time>
        <hdop>1.5</hdop>
        <extensions>
          <speed>0.88</speed>
        </extensions>
      </trkpt>
      <trkpt lat="52.7879936" lon="24.332768">
        <ele>186</ele>
        <time>2024-01-13T09:51:59Z</time>
        <hdop>1.5</hdop>
        <extensions>
          <speed>0.58</speed>
        </extensions>
      </trkpt>
      <trkpt lat="52.788025" lon="24.3327957">
        <ele>186</ele>
        <time>2024-01-13T09:52:10Z</time>
        <hdop>1.5</hdop>
        <extensions>
          <speed>0.07</speed>
        </extensions>
      </trkpt>
      <trkpt lat="52.7880807" lon="24.3328294">
        <ele>186</ele>
        <time>2024-01-13T09:52:21Z</time>
        <hdop>1.5</hdop>
        <extensions>
          <speed>0.93</speed>
        </extensions>
      </trkpt>
      <trkpt lat="52.7881355" lon="24.3328891">
        <ele>186</ele>
        <time>2024-01-13T09:52:32Z</time>
        <hdop>1.5</hdop>
        <extensions>
          <speed>0.84</speed>
        </extensions>
      </trkpt>
      <trkpt lat="52.7881788" lon="24.3329857">
        <ele>185</ele>
        <time>2024-01-13T09:52:42Z</time>
        <hdop>1.5</hdop>
        <extensions>
          <speed>0.68</speed>
        </extensions>
      </trkpt>
      <trkpt lat="52.7882292" lon="24.3330665">
        <ele>185</ele>
        <time>2024-01-13T09:52:53Z</time>
        <hdop>2</hdop>
        <extensions>
          <speed>0.73</speed>
        </extensions>
      </trkpt>
      <trkpt lat="52.7882683" lon="24.3331397">
        <ele>185</ele>
        <time>2024-01-13T09:53:03Z</time>
        <hdop>2</hdop>
        <extensions>
          <speed>0.77</speed>
        </extensions>
      </trkpt>
      <trkpt lat="52.7882857" lon="24.3332544">
        <ele>185</ele>
        <time>2024-01-13T09:53:13Z</time>
        <hdop>2</hdop>
        <extensions>
          <speed>0.69</speed>
        </extensions>
      </trkpt>
      <trkpt lat="52.7883107" lon="24.3333609">
        <ele>186</ele>
        <time>2024-01-13T09:53:23Z</time>
        <hdop>2</hdop>
        <extensions>
          <speed>1.25</speed>
        </extensions>
      </trkpt>
      <trkpt lat="52.7883045" lon="24.3334351">
        <ele>188</ele>
        <time>2024-01-13T09:53:34Z</time>
        <hdop>2</hdop>
        <extensions>
          <speed>0.44</speed>
        </extensions>
      </trkpt>
      <trkpt lat="52.7883352" lon="24.3335286">
        <ele>185</ele>
        <time>2024-01-13T09:53:45Z</time>
        <hdop>2.5</hdop>
      </trkpt>
      <trkpt lat="52.788337" lon="24.3336134">
        <ele>185</ele>
        <time>2024-01-13T09:53:55Z</time>
        <hdop>2.5</hdop>
      </trkpt>
      <trkpt lat="52.7883558" lon="24.3337397">
        <ele>184</ele>
        <time>2024-01-13T09:54:06Z</time>
        <hdop>2</hdop>
        <extensions>
          <speed>0.87</speed>
        </extensions>
      </trkpt>
      <trkpt lat="52.7884042" lon="24.3337998">
        <ele>184</ele>
        <time>2024-01-13T09:54:16Z</time>
        <hdop>2</hdop>
        <extensions>
          <speed>0.96</speed>
        </extensions>
      </trkpt>
      <trkpt lat="52.7884242" lon="24.3338815">
        <ele>184</ele>
        <time>2024-01-13T09:54:27Z</time>
        <hdop>2.5</hdop>
        <extensions>
          <speed>0.75</speed>
        </extensions>
      </trkpt>
      <trkpt lat="52.7884397" lon="24.3339809">
        <ele>185</ele>
        <time>2024-01-13T09:54:38Z</time>
        <hdop>2</hdop>
        <extensions>
          <speed>0.63</speed>
        </extensions>
      </trkpt>
      <trkpt lat="52.788455" lon="24.3340468">
        <ele>186</ele>
        <time>2024-01-13T09:54:48Z</time>
        <hdop>2</hdop>
      </trkpt>
      <trkpt lat="52.7884859" lon="24.3341658">
        <ele>186</ele>
        <time>2024-01-13T09:54:59Z</time>
        <hdop>2</hdop>
        <extensions>
          <speed>0.6</speed>
        </extensions>
      </trkpt>
      <trkpt lat="52.788495" lon="24.3342597">
        <ele>185</ele>
        <time>2024-01-13T09:55:10Z</time>
        <hdop>2.5</hdop>
        <extensions>
          <speed>0.69</speed>
        </extensions>
      </trkpt>
      <trkpt lat="52.7885031" lon="24.3343816">
        <ele>185</ele>
        <time>2024-01-13T09:55:20Z</time>
        <hdop>2</hdop>
        <extensions>
          <speed>0.66</speed>
        </extensions>
      </trkpt>
      <trkpt lat="52.7884987" lon="24.3344923">
        <ele>186</ele>
        <time>2024-01-13T09:55:31Z</time>
        <hdop>2</hdop>
        <extensions>
          <speed>1.07</speed>
        </extensions>
      </trkpt>
      <trkpt lat="52.7884902" lon="24.3345914">
        <ele>185</ele>
        <time>2024-01-13T09:55:42Z</time>
        <hdop>2</hdop>
      </trkpt>
      <trkpt lat="52.7884723" lon="24.3346817">
        <ele>186</ele>
        <time>2024-01-13T09:55:52Z</time>
        <hdop>2</hdop>
      </trkpt>
      <trkpt lat="52.7884319" lon="24.3347074">
        <ele>186</ele>
        <time>2024-01-13T09:56:02Z</time>
        <hdop>2.5</hdop>
        <extensions>
          <speed>0.66</speed>
        </extensions>
      </trkpt>
      <trkpt lat="52.788414" lon="24.3348266">
        <ele>187</ele>
        <time>2024-01-13T09:56:13Z</time>
        <hdop>2</hdop>
        <extensions>
          <speed>0.42</speed>
        </extensions>
      </trkpt>
      <trkpt lat="52.788411" lon="24.3348728">
        <ele>185</ele>
        <time>2024-01-13T09:56:24Z</time>
        <hdop>2</hdop>
      </trkpt>
      <trkpt lat="52.788426" lon="24.3349698">
        <ele>186</ele>
        <time>2024-01-13T09:56:34Z</time>
        <hdop>2</hdop>
        <extensions>
          <speed>0.53</speed>
        </extensions>
      </trkpt>
      <trkpt lat="52.7883946" lon="24.3350272">
        <ele>187</ele>
        <time>2024-01-13T09:56:45Z</time>
        <hdop>2</hdop>
      </trkpt>
      <trkpt lat="52.7883912" lon="24.3350117">
        <ele>187</ele>
        <time>2024-01-13T09:56:55Z</time>
        <hdop>2</hdop>
        <extensions>
          <speed>0.01</speed>
        </extensions>
      </trkpt>
      <trkpt lat="52.7883914" lon="24.3350117">
        <ele>187</ele>
        <time>2024-01-13T09:57:05Z</time>
        <hdop>1.5</hdop>
      </trkpt>
      <trkpt lat="52.7883714" lon="24.3351172">
        <ele>184</ele>
        <time>2024-01-13T09:57:16Z</time>
        <hdop>2</hdop>
        <extensions>
          <speed>0.85</speed>
        </extensions>
      </trkpt>
      <trkpt lat="52.7884205" lon="24.335212">
        <ele>186</ele>
        <time>2024-01-13T09:57:27Z</time>
        <hdop>2</hdop>
        <extensions>
          <speed>0.61</speed>
        </extensions>
      </trkpt>
      <trkpt lat="52.7884371" lon="24.3352423">
        <ele>186</ele>
        <time>2024-01-13T09:57:37Z</time>
        <hdop>1.5</hdop>
        <extensions>
          <speed>0.41</speed>
        </extensions>
      </trkpt>
      <trkpt lat="52.7884947" lon="24.3353541">
        <ele>187</ele>
        <time>2024-01-13T09:57:48Z</time>
        <hdop>5</hdop>
        <extensions>
          <speed>1.08</speed>
        </extensions>
      </trkpt>
      <trkpt lat="52.7885454" lon="24.3353749">
        <ele>185</ele>
        <time>2024-01-13T09:57:59Z</time>
        <hdop>3.5</hdop>
        <extensions>
          <speed>0.07</speed>
        </extensions>
      </trkpt>
      <trkpt lat="52.7885303" lon="24.3353589">
        <ele>183</ele>
        <time>2024-01-13T09:58:10Z</time>
        <hdop>3.5</hdop>
      </trkpt>
      <trkpt lat="52.7885685" lon="24.3354381">
        <ele>183</ele>
        <time>2024-01-13T09:58:21Z</time>
        <hdop>3</hdop>
        <extensions>
          <speed>0.23</speed>
        </extensions>
      </trkpt>
      <trkpt lat="52.7885867" lon="24.3355217">
        <ele>184</ele>
        <time>2024-01-13T09:58:32Z</time>
        <hdop>2</hdop>
        <extensions>
          <speed>0.9</speed>
        </extensions>
      </trkpt>
      <trkpt lat="52.7886035" lon="24.3355425">
        <ele>186</ele>
        <time>2024-01-13T09:58:42Z</time>
        <hdop>2</hdop>
        <extensions>
          <speed>0.48</speed>
        </extensions>
      </trkpt>
      <trkpt lat="52.7886278" lon="24.3356017">
        <ele>186</ele>
        <time>2024-01-13T09:58:52Z</time>
        <hdop>2</hdop>
        <extensions>
          <speed>0.49</speed>
        </extensions>
      </trkpt>
      <trkpt lat="52.7886991" lon="24.3356013">
        <ele>184</ele>
        <time>2024-01-13T09:59:02Z</time>
        <hdop>2</hdop>
        <extensions>
          <speed>0.71</speed>
        </extensions>
      </trkpt>
      <trkpt lat="52.788732" lon="24.3356907">
        <ele>185</ele>
        <time>2024-01-13T09:59:12Z</time>
        <hdop>2.5</hdop>
        <extensions>
          <speed>0.32</speed>
        </extensions>
      </trkpt>
      <trkpt lat="52.7887569" lon="24.3357958">
        <ele>189</ele>
        <time>2024-01-13T09:59:23Z</time>
        <hdop>2</hdop>
        <extensions>
          <speed>0.48</speed>
        </extensions>
      </trkpt>
      <trkpt lat="52.7888235" lon="24.3357918">
        <ele>184</ele>
        <time>2024-01-13T09:59:34Z</time>
        <hdop>2</hdop>
        <extensions>
          <speed>0.69</speed>
        </extensions>
      </trkpt>
      <trkpt lat="52.7888812" lon="24.3358137">
        <ele>185</ele>
        <time>2024-01-13T09:59:45Z</time>
        <hdop>2.5</hdop>
        <extensions>
          <speed>0.07</speed>
        </extensions>
      </trkpt>
      <trkpt lat="52.7888992" lon="24.3358364">
        <ele>183</ele>
        <time>2024-01-13T09:59:55Z</time>
        <hdop>3</hdop>
      </trkpt>
      <trkpt lat="52.7889093" lon="24.3358925">
        <ele>183</ele>
        <time>2024-01-13T10:00:06Z</time>
        <hdop>3.5</hdop>
        <extensions>
          <speed>0.45</speed>
        </extensions>
      </trkpt>
      <trkpt lat="52.7889427" lon="24.3359527">
        <ele>182</ele>
        <time>2024-01-13T10:00:17Z</time>
        <hdop>2.5</hdop>
      </trkpt>
      <trkpt lat="52.7889947" lon="24.336018">
        <ele>180</ele>
        <time>2024-01-13T10:00:28Z</time>
        <hdop>3</hdop>
        <extensions>
          <speed>0.7</speed>
        </extensions>
      </trkpt>
      <trkpt lat="52.7890277" lon="24.336056">
        <ele>180</ele>
        <time>2024-01-13T10:00:39Z</time>
        <hdop>3</hdop>
      </trkpt>
      <trkpt lat="52.7890923" lon="24.3361345">
        <ele>178</ele>
        <time>2024-01-13T10:00:49Z</time>
        <hdop>3.5</hdop>
      </trkpt>
      <trkpt lat="52.7891615" lon="24.3362053">
        <ele>179</ele>
        <time>2024-01-13T10:00:59Z</time>
        <hdop>2.5</hdop>
        <extensions>
          <speed>0.8</speed>
        </extensions>
      </trkpt>
      <trkpt lat="52.7892574" lon="24.3362256">
        <ele>184</ele>
        <time>2024-01-13T10:01:10Z</time>
        <hdop>1.5</hdop>
        <extensions>
          <speed>1.16</speed>
        </extensions>
      </trkpt>
      <trkpt lat="52.7893206" lon="24.3362629">
        <ele>183</ele>
        <time>2024-01-13T10:01:21Z</time>
        <hdop>2</hdop>
        <extensions>
          <speed>0.73</speed>
        </extensions>
      </trkpt>
      <trkpt lat="52.7893885" lon="24.3363166">
        <ele>184</ele>
        <time>2024-01-13T10:01:31Z</time>
        <hdop>1.5</hdop>
        <extensions>
          <speed>0.74</speed>
        </extensions>
      </trkpt>
      <trkpt lat="52.7894838" lon="24.3363705">
        <ele>184</ele>
        <time>2024-01-13T10:01:42Z</time>
        <hdop>1.5</hdop>
        <extensions>
          <speed>0.76</speed>
        </extensions>
      </trkpt>
      <trkpt lat="52.789554" lon="24.3364242">
        <ele>184</ele>
        <time>2024-01-13T10:01:52Z</time>
        <hdop>2</hdop>
        <extensions>
          <speed>0.31</speed>
        </extensions>
      </trkpt>
      <trkpt lat="52.7896067" lon="24.3364994">
        <ele>183</ele>
        <time>2024-01-13T10:02:03Z</time>
        <hdop>2</hdop>
      </trkpt>
      <trkpt lat="52.7896588" lon="24.3365601">
        <ele>185</ele>
        <time>2024-01-13T10:02:14Z</time>
        <hdop>1.5</hdop>
      </trkpt>
      <trkpt lat="52.7896715" lon="24.3365452">
        <ele>186</ele>
        <time>2024-01-13T10:02:24Z</time>
        <hdop>2.5</hdop>
      </trkpt>
      <trkpt lat="52.7896715" lon="24.3365452">
        <ele>186</ele>
        <time>2024-01-13T10:02:34Z</time>
        <hdop>2.5</hdop>
      </trkpt>
      <trkpt lat="52.7896727" lon="24.3365577">
        <ele>185</ele>
        <time>2024-01-13T10:02:45Z</time>
        <hdop>1.5</hdop>
      </trkpt>
      <trkpt lat="52.7896727" lon="24.3365577">
        <ele>185</ele>
        <time>2024-01-13T10:02:56Z</time>
        <hdop>1.5</hdop>
      </trkpt>
      <trkpt lat="52.7896725" lon="24.3365365">
        <ele>185</ele>
        <time>2024-01-13T10:03:06Z</time>
        <hdop>1.5</hdop>
      </trkpt>
      <trkpt lat="52.7896671" lon="24.3365455">
        <ele>186</ele>
        <time>2024-01-13T10:03:16Z</time>
        <hdop>1.5</hdop>
      </trkpt>
      <trkpt lat="52.7896661" lon="24.3365397">
        <ele>187</ele>
        <time>2024-01-13T10:03:26Z</time>
        <hdop>1.5</hdop>
      </trkpt>
      <trkpt lat="52.7896661" lon="24.3365397">
        <ele>187</ele>
        <time>2024-01-13T10:03:37Z</time>
        <hdop>1.5</hdop>
      </trkpt>
      <trkpt lat="52.7896809" lon="24.336566">
        <ele>186</ele>
        <time>2024-01-13T10:03:48Z</time>
        <hdop>2</hdop>
        <extensions>
          <speed>0.38</speed>
        </extensions>
      </trkpt>
      <trkpt lat="52.7897259" lon="24.3365964">
        <ele>186</ele>
        <time>2024-01-13T10:03:59Z</time>
        <hdop>1.5</hdop>
      </trkpt>
      <trkpt lat="52.7897554" lon="24.3366356">
        <ele>185</ele>
        <time>2024-01-13T10:04:09Z</time>
        <hdop>2</hdop>
      </trkpt>
      <trkpt lat="52.7898127" lon="24.3366705">
        <ele>186</ele>
        <time>2024-01-13T10:04:19Z</time>
        <hdop>1.5</hdop>
        <extensions>
          <speed>0.71</speed>
        </extensions>
      </trkpt>
      <trkpt lat="52.7898245" lon="24.3366713">
        <ele>186</ele>
        <time>2024-01-13T10:04:30Z</time>
        <hdop>1.5</hdop>
        <extensions>
          <speed>0.38</speed>
        </extensions>
      </trkpt>
      <trkpt lat="52.7898264" lon="24.3366657">
        <ele>188</ele>
        <time>2024-01-13T10:04:40Z</time>
        <hdop>1.5</hdop>
        <extensions>
          <speed>0.42</speed>
        </extensions>
      </trkpt>
      <trkpt lat="52.7898287" lon="24.3366684">
        <ele>187</ele>
        <time>2024-01-13T10:04:51Z</time>
        <hdop>2</hdop>
      </trkpt>
      <trkpt lat="52.7898384" lon="24.3366703">
        <ele>185</ele>
        <time>2024-01-13T10:05:01Z</time>
        <hdop>2.5</hdop>
      </trkpt>
      <trkpt lat="52.7898544" lon="24.3366915">
        <ele>184</ele>
        <time>2024-01-13T10:05:11Z</time>
        <hdop>3.5</hdop>
        <extensions>
          <speed>0.58</speed>
        </extensions>
      </trkpt>
      <trkpt lat="52.7899195" lon="24.3367773">
        <ele>183</ele>
        <time>2024-01-13T10:05:21Z</time>
        <hdop>4</hdop>
        <extensions>
          <speed>0.77</speed>
        </extensions>
      </trkpt>
      <trkpt lat="52.7899641" lon="24.3368503">
        <ele>183</ele>
        <time>2024-01-13T10:05:32Z</time>
        <hdop>3</hdop>
      </trkpt>
      <trkpt lat="52.7900352" lon="24.3369133">
        <ele>183</ele>
        <time>2024-01-13T10:05:42Z</time>
        <hdop>2.5</hdop>
      </trkpt>
      <trkpt lat="52.790053" lon="24.3368879">
        <ele>183</ele>
        <time>2024-01-13T10:05:53Z</time>
        <hdop>2</hdop>
        <extensions>
          <speed>0.46</speed>
        </extensions>
      </trkpt>
      <trkpt lat="52.7900762" lon="24.3368911">
        <ele>182</ele>
        <time>2024-01-13T10:06:03Z</time>
        <hdop>2.5</hdop>
      </trkpt>
      <trkpt lat="52.790162" lon="24.3369386">
        <ele>182</ele>
        <time>2024-01-13T10:06:14Z</time>
        <hdop>3</hdop>
        <extensions>
          <speed>0.2</speed>
        </extensions>
      </trkpt>
      <trkpt lat="52.7902237" lon="24.3369587">
        <ele>181</ele>
        <time>2024-01-13T10:06:25Z</time>
        <hdop>2.5</hdop>
        <extensions>
          <speed>0.23</speed>
        </extensions>
      </trkpt>
      <trkpt lat="52.7903002" lon="24.3370214">
        <ele>186</ele>
        <time>2024-01-13T10:06:35Z</time>
        <hdop>2</hdop>
        <extensions>
          <speed>0.45</speed>
        </extensions>
      </trkpt>
      <trkpt lat="52.7903186" lon="24.3370609">
        <ele>189</ele>
        <time>2024-01-13T10:06:46Z</time>
        <hdop>2</hdop>
      </trkpt>
      <trkpt lat="52.7903517" lon="24.3370878">
        <ele>190</ele>
        <time>2024-01-13T10:06:56Z</time>
        <hdop>2</hdop>
        <extensions>
          <speed>0.65</speed>
        </extensions>
      </trkpt>
      <trkpt lat="52.7903919" lon="24.3371581">
        <ele>189</ele>
        <time>2024-01-13T10:07:06Z</time>
        <hdop>2</hdop>
        <extensions>
          <speed>0.44</speed>
        </extensions>
      </trkpt>
      <trkpt lat="52.7904042" lon="24.3371844">
        <ele>189</ele>
        <time>2024-01-13T10:07:17Z</time>
        <hdop>3.5</hdop>
      </trkpt>
      <trkpt lat="52.7903902" lon="24.3372781">
        <ele>185</ele>
        <time>2024-01-13T10:07:27Z</time>
        <hdop>3</hdop>
      </trkpt>
      <trkpt lat="52.7903973" lon="24.3373574">
        <ele>182</ele>
        <time>2024-01-13T10:07:37Z</time>
        <hdop>2.5</hdop>
        <extensions>
          <speed>0.63</speed>
        </extensions>
      </trkpt>
      <trkpt lat="52.7903905" lon="24.337447">
        <ele>181</ele>
        <time>2024-01-13T10:07:48Z</time>
        <hdop>2.5</hdop>
        <extensions>
          <speed>1.05</speed>
        </extensions>
      </trkpt>
      <trkpt lat="52.790385" lon="24.3375122">
        <ele>183</ele>
        <time>2024-01-13T10:07:59Z</time>
        <hdop>2</hdop>
      </trkpt>
      <trkpt lat="52.7903716" lon="24.3376124">
        <ele>184</ele>
        <time>2024-01-13T10:08:10Z</time>
        <hdop>2</hdop>
        <extensions>
          <speed>1.04</speed>
        </extensions>
      </trkpt>
      <trkpt lat="52.7903565" lon="24.3376889">
        <ele>184</ele>
        <time>2024-01-13T10:08:20Z</time>
        <hdop>1.5</hdop>
        <extensions>
          <speed>0.68</speed>
        </extensions>
      </trkpt>
      <trkpt lat="52.7903388" lon="24.3377739">
        <ele>185</ele>
        <time>2024-01-13T10:08:30Z</time>
        <hdop>2</hdop>
        <extensions>
          <speed>0.93</speed>
        </extensions>
      </trkpt>
      <trkpt lat="52.7903399" lon="24.3378462">
        <ele>186</ele>
        <time>2024-01-13T10:08:41Z</time>
        <hdop>2</hdop>
        <extensions>
          <speed>0.14</speed>
        </extensions>
      </trkpt>
      <trkpt lat="52.7903051" lon="24.3379038">
        <ele>185</ele>
        <time>2024-01-13T10:08:52Z</time>
        <hdop>2</hdop>
      </trkpt>
      <trkpt lat="52.7902991" lon="24.3379853">
        <ele>186</ele>
        <time>2024-01-13T10:09:02Z</time>
        <hdop>1.5</hdop>
        <extensions>
          <speed>0.28</speed>
        </extensions>
      </trkpt>
      <trkpt lat="52.7903311" lon="24.3380048">
        <ele>186</ele>
        <time>2024-01-13T10:09:13Z</time>
        <hdop>2</hdop>
        <extensions>
          <speed>0.59</speed>
        </extensions>
      </trkpt>
      <trkpt lat="52.7903245" lon="24.3380036">
        <ele>184</ele>
        <time>2024-01-13T10:09:24Z</time>
        <hdop>2.5</hdop>
      </trkpt>
      <trkpt lat="52.7903333" lon="24.3380426">
        <ele>183</ele>
        <time>2024-01-13T10:09:34Z</time>
        <hdop>1.5</hdop>
        <extensions>
          <speed>0.77</speed>
        </extensions>
      </trkpt>
      <trkpt lat="52.7903159" lon="24.338139">
        <ele>183</ele>
        <time>2024-01-13T10:09:44Z</time>
        <hdop>2</hdop>
        <extensions>
          <speed>0.44</speed>
        </extensions>
      </trkpt>
      <trkpt lat="52.7903613" lon="24.3381689">
        <ele>185</ele>
        <time>2024-01-13T10:09:55Z</time>
        <hdop>2</hdop>
        <extensions>
          <speed>0.29</speed>
        </extensions>
      </trkpt>
      <trkpt lat="52.79036" lon="24.3381813">
        <ele>187</ele>
        <time>2024-01-13T10:10:05Z</time>
        <hdop>2</hdop>
        <extensions>
          <speed>0.84</speed>
        </extensions>
      </trkpt>
      <trkpt lat="52.7903771" lon="24.3382763">
        <ele>187</ele>
        <time>2024-01-13T10:10:16Z</time>
        <hdop>2</hdop>
        <extensions>
          <speed>0.45</speed>
        </extensions>
      </trkpt>
      <trkpt lat="52.7904027" lon="24.3383738">
        <ele>186</ele>
        <time>2024-01-13T10:10:26Z</time>
        <hdop>2</hdop>
        <extensions>
          <speed>0.9</speed>
        </extensions>
      </trkpt>
      <trkpt lat="52.7904588" lon="24.3384182">
        <ele>186</ele>
        <time>2024-01-13T10:10:36Z</time>
        <hdop>2</hdop>
        <extensions>
          <speed>0.99</speed>
        </extensions>
      </trkpt>
      <trkpt lat="52.7904691" lon="24.3384768">
        <ele>185</ele>
        <time>2024-01-13T10:10:47Z</time>
        <hdop>2</hdop>
        <extensions>
          <speed>0.1</speed>
        </extensions>
      </trkpt>
      <trkpt lat="52.7904882" lon="24.3385783">
        <ele>185</ele>
        <time>2024-01-13T10:10:58Z</time>
        <hdop>2</hdop>
        <extensions>
          <speed>0.26</speed>
        </extensions>
      </trkpt>
      <trkpt lat="52.7905134" lon="24.3386532">
        <ele>187</ele>
        <time>2024-01-13T10:11:08Z</time>
        <hdop>2</hdop>
        <extensions>
          <speed>0.81</speed>
        </extensions>
      </trkpt>
      <trkpt lat="52.7905433" lon="24.3387441">
        <ele>186</ele>
        <time>2024-01-13T10:11:19Z</time>
        <hdop>2</hdop>
        <extensions>
          <speed>0.51</speed>
        </extensions>
      </trkpt>
      <trkpt lat="52.7905765" lon="24.3388249">
        <ele>184</ele>
        <time>2024-01-13T10:11:29Z</time>
        <hdop>2</hdop>
        <extensions>
          <speed>0.81</speed>
        </extensions>
      </trkpt>
      <trkpt lat="52.7906026" lon="24.3389212">
        <ele>184</ele>
        <time>2024-01-13T10:11:39Z</time>
        <hdop>2</hdop>
        <extensions>
          <speed>0.34</speed>
        </extensions>
      </trkpt>
      <trkpt lat="52.7906046" lon="24.3389909">
        <ele>185</ele>
        <time>2024-01-13T10:11:50Z</time>
        <hdop>2</hdop>
        <extensions>
          <speed>0.63</speed>
        </extensions>
      </trkpt>
      <trkpt lat="52.790615" lon="24.3391037">
        <ele>185</ele>
        <time>2024-01-13T10:12:01Z</time>
        <hdop>1.5</hdop>
        <extensions>
          <speed>0.71</speed>
        </extensions>
      </trkpt>
      <trkpt lat="52.7906374" lon="24.33913">
        <ele>186</ele>
        <time>2024-01-13T10:12:11Z</time>
        <hdop>1.5</hdop>
      </trkpt>
      <trkpt lat="52.7906537" lon="24.3391571">
        <ele>186</ele>
        <time>2024-01-13T10:12:21Z</time>
        <hdop>2</hdop>
        <extensions>
          <speed>0.8</speed>
        </extensions>
      </trkpt>
      <trkpt lat="52.7906899" lon="24.3392572">
        <ele>187</ele>
        <time>2024-01-13T10:12:32Z</time>
        <hdop>2</hdop>
        <extensions>
          <speed>0.68</speed>
        </extensions>
      </trkpt>
      <trkpt lat="52.7907201" lon="24.3393612">
        <ele>185</ele>
        <time>2024-01-13T10:12:42Z</time>
        <hdop>2</hdop>
        <extensions>
          <speed>0.52</speed>
        </extensions>
      </trkpt>
      <trkpt lat="52.7907409" lon="24.3394735">
        <ele>185</ele>
        <time>2024-01-13T10:12:53Z</time>
        <hdop>2</hdop>
        <extensions>
          <speed>0.71</speed>
        </extensions>
      </trkpt>
      <trkpt lat="52.7907532" lon="24.3395081">
        <ele>184</ele>
        <time>2024-01-13T10:13:03Z</time>
        <hdop>2</hdop>
        <extensions>
          <speed>0.5</speed>
        </extensions>
      </trkpt>
      <trkpt lat="52.7907599" lon="24.3395194">
        <ele>184</ele>
        <time>2024-01-13T10:13:13Z</time>
        <hdop>2</hdop>
        <extensions>
          <speed>0.18</speed>
        </extensions>
      </trkpt>
      <trkpt lat="52.7907506" lon="24.339497">
        <ele>184</ele>
        <time>2024-01-13T10:13:23Z</time>
        <hdop>2</hdop>
      </trkpt>
      <trkpt lat="52.790748" lon="24.339488">
        <ele>184</ele>
        <time>2024-01-13T10:13:34Z</time>
        <hdop>2</hdop>
      </trkpt>
      <trkpt lat="52.790803" lon="24.3395229">
        <ele>185</ele>
        <time>2024-01-13T10:13:45Z</time>
        <hdop>1.5</hdop>
        <extensions>
          <speed>0.77</speed>
        </extensions>
      </trkpt>
      <trkpt lat="52.7908281" lon="24.3395355">
        <ele>186</ele>
        <time>2024-01-13T10:13:55Z</time>
        <hdop>1.5</hdop>
        <extensions>
          <speed>0.18</speed>
        </extensions>
      </trkpt>
      <trkpt lat="52.7908262" lon="24.3395138">
        <ele>185</ele>
        <time>2024-01-13T10:14:06Z</time>
        <hdop>2</hdop>
      </trkpt>
      <trkpt lat="52.7908607" lon="24.3395695">
        <ele>184</ele>
        <time>2024-01-13T10:14:17Z</time>
        <hdop>1.5</hdop>
        <extensions>
          <speed>0.56</speed>
        </extensions>
      </trkpt>
      <trkpt lat="52.7908955" lon="24.3396437">
        <ele>184</ele>
        <time>2024-01-13T10:14:27Z</time>
        <hdop>1.5</hdop>
        <extensions>
          <speed>0.61</speed>
        </extensions>
      </trkpt>
      <trkpt lat="52.7909193" lon="24.3397111">
        <ele>183</ele>
        <time>2024-01-13T10:14:37Z</time>
        <hdop>2</hdop>
        <extensions>
          <speed>0.93</speed>
        </extensions>
      </trkpt>
      <trkpt lat="52.7909513" lon="24.3398039">
        <ele>183</ele>
        <time>2024-01-13T10:14:48Z</time>
        <hdop>1.5</hdop>
        <extensions>
          <speed>0.63</speed>
        </extensions>
      </trkpt>
      <trkpt lat="52.7909204" lon="24.3398957">
        <ele>184</ele>
        <time>2024-01-13T10:14:59Z</time>
        <hdop>2</hdop>
        <extensions>
          <speed>0.96</speed>
        </extensions>
      </trkpt>
      <trkpt lat="52.7908672" lon="24.3399774">
        <ele>182</ele>
        <time>2024-01-13T10:15:09Z</time>
        <hdop>2</hdop>
        <extensions>
          <speed>0.73</speed>
        </extensions>
      </trkpt>
      <trkpt lat="52.7908221" lon="24.3400921">
        <ele>182</ele>
        <time>2024-01-13T10:15:20Z</time>
        <hdop>2</hdop>
        <extensions>
          <speed>0.82</speed>
        </extensions>
      </trkpt>
      <trkpt lat="52.7907962" lon="24.3402163">
        <ele>184</ele>
        <time>2024-01-13T10:15:31Z</time>
        <hdop>2</hdop>
        <extensions>
          <speed>0.84</speed>
        </extensions>
      </trkpt>
      <trkpt lat="52.7907801" lon="24.340335">
        <ele>184</ele>
        <time>2024-01-13T10:15:42Z</time>
        <hdop>2.5</hdop>
        <extensions>
          <speed>1.03</speed>
        </extensions>
      </trkpt>
      <trkpt lat="52.7907915" lon="24.3404118">
        <ele>185</ele>
        <time>2024-01-13T10:15:53Z</time>
        <hdop>1.5</hdop>
      </trkpt>
      <trkpt lat="52.790798" lon="24.3405226">
        <ele>184</ele>
        <time>2024-01-13T10:16:04Z</time>
        <hdop>1.5</hdop>
        <extensions>
          <speed>0.86</speed>
        </extensions>
      </trkpt>
      <trkpt lat="52.790796" lon="24.34056">
        <ele>185</ele>
        <time>2024-01-13T10:16:15Z</time>
        <hdop>1.5</hdop>
        <extensions>
          <speed>0.74</speed>
        </extensions>
      </trkpt>
      <trkpt lat="52.7908145" lon="24.3407031">
        <ele>185</ele>
        <time>2024-01-13T10:16:26Z</time>
        <hdop>2</hdop>
        <extensions>
          <speed>0.93</speed>
        </extensions>
      </trkpt>
      <trkpt lat="52.7908507" lon="24.340804">
        <ele>184</ele>
        <time>2024-01-13T10:16:36Z</time>
        <hdop>2</hdop>
        <extensions>
          <speed>0.65</speed>
        </extensions>
      </trkpt>
      <trkpt lat="52.7908884" lon="24.3408947">
        <ele>184</ele>
        <time>2024-01-13T10:16:46Z</time>
        <hdop>2.5</hdop>
      </trkpt>
      <trkpt lat="52.7909403" lon="24.3409325">
        <ele>185</ele>
        <time>2024-01-13T10:16:57Z</time>
        <hdop>2</hdop>
        <extensions>
          <speed>1.14</speed>
        </extensions>
      </trkpt>
      <trkpt lat="52.7909834" lon="24.3410201">
        <ele>184</ele>
        <time>2024-01-13T10:17:08Z</time>
        <hdop>2</hdop>
        <extensions>
          <speed>0.68</speed>
        </extensions>
      </trkpt>
      <trkpt lat="52.7910241" lon="24.3411115">
        <ele>183</ele>
        <time>2024-01-13T10:17:18Z</time>
        <hdop>2</hdop>
      </trkpt>
      <trkpt lat="52.7910558" lon="24.3412127">
        <ele>185</ele>
        <time>2024-01-13T10:17:28Z</time>
        <hdop>2</hdop>
        <extensions>
          <speed>1.12</speed>
        </extensions>
      </trkpt>
      <trkpt lat="52.7910903" lon="24.341293">
        <ele>186</ele>
        <time>2024-01-13T10:17:39Z</time>
        <hdop>2</hdop>
        <extensions>
          <speed>0.37</speed>
        </extensions>
      </trkpt>
      <trkpt lat="52.7911282" lon="24.3413384">
        <ele>186</ele>
        <time>2024-01-13T10:17:49Z</time>
        <hdop>2.5</hdop>
        <extensions>
          <speed>0.46</speed>
        </extensions>
      </trkpt>
      <trkpt lat="52.7911585" lon="24.3414245">
        <ele>185</ele>
        <time>2024-01-13T10:18:00Z</time>
        <hdop>3</hdop>
        <extensions>
          <speed>0.31</speed>
        </extensions>
      </trkpt>
      <trkpt lat="52.7911959" lon="24.3414899">
        <ele>183</ele>
        <time>2024-01-13T10:18:10Z</time>
        <hdop>2.5</hdop>
        <extensions>
          <speed>0.1</speed>
        </extensions>
      </trkpt>
      <trkpt lat="52.7912248" lon="24.3415905">
        <ele>182</ele>
        <time>2024-01-13T10:18:21Z</time>
        <hdop>2.5</hdop>
        <extensions>
          <speed>0.24</speed>
        </extensions>
      </trkpt>
      <trkpt lat="52.791248" lon="24.3416283">
        <ele>183</ele>
        <time>2024-01-13T10:18:31Z</time>
        <hdop>2.5</hdop>
        <extensions>
          <speed>1.1</speed>
        </extensions>
      </trkpt>
      <trkpt lat="52.7913125" lon="24.341733">
        <ele>184</ele>
        <time>2024-01-13T10:18:42Z</time>
        <hdop>2.5</hdop>
        <extensions>
          <speed>0.99</speed>
        </extensions>
      </trkpt>
      <trkpt lat="52.7913552" lon="24.3418318">
        <ele>182</ele>
        <time>2024-01-13T10:18:52Z</time>
        <hdop>2.5</hdop>
        <extensions>
          <speed>1.01</speed>
        </extensions>
      </trkpt>
      <trkpt lat="52.7913834" lon="24.3419366">
        <ele>183</ele>
        <time>2024-01-13T10:19:03Z</time>
        <hdop>3</hdop>
        <extensions>
          <speed>1.19</speed>
        </extensions>
      </trkpt>
      <trkpt lat="52.7914502" lon="24.3419465">
        <ele>181</ele>
        <time>2024-01-13T10:19:13Z</time>
        <hdop>2.5</hdop>
        <extensions>
          <speed>0.95</speed>
        </extensions>
      </trkpt>
      <trkpt lat="52.7914844" lon="24.3420205">
        <ele>180</ele>
        <time>2024-01-13T10:19:24Z</time>
        <hdop>2.5</hdop>
        <extensions>
          <speed>0.88</speed>
        </extensions>
      </trkpt>
      <trkpt lat="52.7915493" lon="24.3420831">
        <ele>180</ele>
        <time>2024-01-13T10:19:35Z</time>
        <hdop>2.5</hdop>
        <extensions>
          <speed>0.62</speed>
        </extensions>
      </trkpt>
      <trkpt lat="52.7916024" lon="24.3421677">
        <ele>182</ele>
        <time>2024-01-13T10:19:46Z</time>
        <hdop>3</hdop>
        <extensions>
          <speed>0.47</speed>
        </extensions>
      </trkpt>
      <trkpt lat="52.7916339" lon="24.3422477">
        <ele>185</ele>
        <time>2024-01-13T10:19:56Z</time>
        <hdop>1.5</hdop>
        <extensions>
          <speed>0.76</speed>
        </extensions>
      </trkpt>
      <trkpt lat="52.7916718" lon="24.3422934">
        <ele>185</ele>
        <time>2024-01-13T10:20:06Z</time>
        <hdop>1.5</hdop>
        <extensions>
          <speed>0.76</speed>
        </extensions>
      </trkpt>
      <trkpt lat="52.7917503" lon="24.3423317">
        <ele>184</ele>
        <time>2024-01-13T10:20:17Z</time>
        <hdop>2</hdop>
        <extensions>
          <speed>0.7</speed>
        </extensions>
      </trkpt>
      <trkpt lat="52.7918064" lon="24.342392">
        <ele>184</ele>
        <time>2024-01-13T10:20:27Z</time>
        <hdop>2.5</hdop>
        <extensions>
          <speed>0.79</speed>
        </extensions>
      </trkpt>
      <trkpt lat="52.7918599" lon="24.3424602">
        <ele>183</ele>
        <time>2024-01-13T10:20:38Z</time>
        <hdop>2.5</hdop>
        <extensions>
          <speed>0.41</speed>
        </extensions>
      </trkpt>
      <trkpt lat="52.7918601" lon="24.3424587">
        <ele>183</ele>
        <time>2024-01-13T10:20:48Z</time>
        <hdop>2</hdop>
      </trkpt>
      <trkpt lat="52.7919237" lon="24.3425649">
        <ele>181</ele>
        <time>2024-01-13T10:20:59Z</time>
        <hdop>2</hdop>
        <extensions>
          <speed>0.51</speed>
        </extensions>
      </trkpt>
      <trkpt lat="52.7919738" lon="24.3426442">
        <ele>182</ele>
        <time>2024-01-13T10:21:10Z</time>
        <hdop>2.5</hdop>
        <extensions>
          <speed>0.7</speed>
        </extensions>
      </trkpt>
      <trkpt lat="52.7920167" lon="24.3426999">
        <ele>183</ele>
        <time>2024-01-13T10:21:21Z</time>
        <hdop>2</hdop>
        <extensions>
          <speed>0.02</speed>
        </extensions>
      </trkpt>
      <trkpt lat="52.7920552" lon="24.3427785">
        <ele>183</ele>
        <time>2024-01-13T10:21:32Z</time>
        <hdop>2.5</hdop>
        <extensions>
          <speed>0.99</speed>
        </extensions>
      </trkpt>
      <trkpt lat="52.7921329" lon="24.3428424">
        <ele>183</ele>
        <time>2024-01-13T10:21:43Z</time>
        <hdop>3</hdop>
        <extensions>
          <speed>0.49</speed>
        </extensions>
      </trkpt>
      <trkpt lat="52.7921273" lon="24.3428604">
        <ele>178</ele>
        <time>2024-01-13T10:21:54Z</time>
        <hdop>3.5</hdop>
        <extensions>
          <speed>0.25</speed>
        </extensions>
      </trkpt>
      <trkpt lat="52.7921339" lon="24.3428646">
        <ele>177</ele>
        <time>2024-01-13T10:22:05Z</time>
        <hdop>3</hdop>
      </trkpt>
      <trkpt lat="52.7921339" lon="24.3428646">
        <ele>177</ele>
        <time>2024-01-13T10:22:16Z</time>
        <hdop>2.5</hdop>
      </trkpt>
      <trkpt lat="52.7921339" lon="24.3428646">
        <ele>177</ele>
        <time>2024-01-13T10:22:26Z</time>
        <hdop>2.5</hdop>
      </trkpt>
      <trkpt lat="52.7921339" lon="24.3428646">
        <ele>177</ele>
        <time>2024-01-13T10:22:37Z</time>
        <hdop>2.5</hdop>
      </trkpt>
      <trkpt lat="52.7921426" lon="24.3428614">
        <ele>178</ele>
        <time>2024-01-13T10:22:47Z</time>
        <hdop>2</hdop>
        <extensions>
          <speed>0.16</speed>
        </extensions>
      </trkpt>
      <trkpt lat="52.7921474" lon="24.3428622">
        <ele>179</ele>
        <time>2024-01-13T10:22:58Z</time>
        <hdop>1.5</hdop>
      </trkpt>
      <trkpt lat="52.7921506" lon="24.3428665">
        <ele>182</ele>
        <time>2024-01-13T10:23:08Z</time>
        <hdop>1.5</hdop>
      </trkpt>
      <trkpt lat="52.7921898" lon="24.342884">
        <ele>182</ele>
        <time>2024-01-13T10:23:19Z</time>
        <hdop>2</hdop>
        <extensions>
          <speed>0.18</speed>
        </extensions>
      </trkpt>
      <trkpt lat="52.7922344" lon="24.3429461">
        <ele>180</ele>
        <time>2024-01-13T10:23:29Z</time>
        <hdop>2</hdop>
        <extensions>
          <speed>0.6</speed>
        </extensions>
      </trkpt>
      <trkpt lat="52.7922867" lon="24.3430226">
        <ele>180</ele>
        <time>2024-01-13T10:23:39Z</time>
        <hdop>2.5</hdop>
      </trkpt>
      <trkpt lat="52.7923384" lon="24.3430926">
        <ele>182</ele>
        <time>2024-01-13T10:23:50Z</time>
        <hdop>2.5</hdop>
        <extensions>
          <speed>0.37</speed>
        </extensions>
      </trkpt>
      <trkpt lat="52.7923366" lon="24.3430935">
        <ele>182</ele>
        <time>2024-01-13T10:24:00Z</time>
        <hdop>2</hdop>
      </trkpt>
      <trkpt lat="52.7923684" lon="24.3431238">
        <ele>181</ele>
        <time>2024-01-13T10:24:11Z</time>
        <hdop>2</hdop>
        <extensions>
          <speed>0.67</speed>
        </extensions>
      </trkpt>
      <trkpt lat="52.7923946" lon="24.3431757">
        <ele>182</ele>
        <time>2024-01-13T10:24:22Z</time>
        <hdop>2.5</hdop>
      </trkpt>
      <trkpt lat="52.7924348" lon="24.343305">
        <ele>181</ele>
        <time>2024-01-13T10:24:32Z</time>
        <hdop>2</hdop>
        <extensions>
          <speed>0.94</speed>
        </extensions>
      </trkpt>
      <trkpt lat="52.7924799" lon="24.3433914">
        <ele>182</ele>
        <time>2024-01-13T10:24:42Z</time>
        <hdop>1.5</hdop>
        <extensions>
          <speed>0.88</speed>
        </extensions>
      </trkpt>
      <trkpt lat="52.7925454" lon="24.3434796">
        <ele>183</ele>
        <time>2024-01-13T10:24:53Z</time>
        <hdop>1.5</hdop>
        <extensions>
          <speed>0.79</speed>
        </extensions>
      </trkpt>
      <trkpt lat="52.7925641" lon="24.3435148">
        <ele>183</ele>
        <time>2024-01-13T10:25:03Z</time>
        <hdop>1.5</hdop>
        <extensions>
          <speed>0.29</speed>
        </extensions>
      </trkpt>
      <trkpt lat="52.792597" lon="24.3436153">
        <ele>182</ele>
        <time>2024-01-13T10:25:13Z</time>
        <hdop>2</hdop>
        <extensions>
          <speed>0.73</speed>
        </extensions>
      </trkpt>
      <trkpt lat="52.7926458" lon="24.3436835">
        <ele>181</ele>
        <time>2024-01-13T10:25:23Z</time>
        <hdop>2</hdop>
        <extensions>
          <speed>0.15</speed>
        </extensions>
      </trkpt>
      <trkpt lat="52.7926519" lon="24.3436997">
        <ele>182</ele>
        <time>2024-01-13T10:25:34Z</time>
        <hdop>2</hdop>
        <extensions>
          <speed>0.7</speed>
        </extensions>
      </trkpt>
      <trkpt lat="52.7926846" lon="24.34379">
        <ele>183</ele>
        <time>2024-01-13T10:25:44Z</time>
        <hdop>2</hdop>
        <extensions>
          <speed>0.65</speed>
        </extensions>
      </trkpt>
      <trkpt lat="52.7927294" lon="24.3438262">
        <ele>183</ele>
        <time>2024-01-13T10:25:55Z</time>
        <hdop>1.5</hdop>
        <extensions>
          <speed>0.75</speed>
        </extensions>
      </trkpt>
      <trkpt lat="52.7927253" lon="24.3438271">
        <ele>183</ele>
        <time>2024-01-13T10:26:06Z</time>
        <hdop>1.5</hdop>
      </trkpt>
      <trkpt lat="52.7927323" lon="24.3438711">
        <ele>183</ele>
        <time>2024-01-13T10:26:17Z</time>
        <hdop>1.5</hdop>
      </trkpt>
      <trkpt lat="52.7927629" lon="24.343995">
        <ele>181</ele>
        <time>2024-01-13T10:26:28Z</time>
        <hdop>2</hdop>
        <extensions>
          <speed>0.73</speed>
        </extensions>
      </trkpt>
      <trkpt lat="52.792804" lon="24.3441345">
        <ele>181</ele>
        <time>2024-01-13T10:26:38Z</time>
        <hdop>2</hdop>
        <extensions>
          <speed>0.72</speed>
        </extensions>
      </trkpt>
      <trkpt lat="52.7928192" lon="24.3442794">
        <ele>183</ele>
        <time>2024-01-13T10:26:49Z</time>
        <hdop>2</hdop>
        <extensions>
          <speed>0.79</speed>
        </extensions>
      </trkpt>
      <trkpt lat="52.7928418" lon="24.344351">
        <ele>183</ele>
        <time>2024-01-13T10:26:59Z</time>
        <hdop>1.5</hdop>
        <extensions>
          <speed>0.84</speed>
        </extensions>
      </trkpt>
      <trkpt lat="52.792843" lon="24.3444705">
        <ele>182</ele>
        <time>2024-01-13T10:27:10Z</time>
        <hdop>2</hdop>
        <extensions>
          <speed>0.45</speed>
        </extensions>
      </trkpt>
      <trkpt lat="52.7928428" lon="24.3445644">
        <ele>180</ele>
        <time>2024-01-13T10:27:20Z</time>
        <hdop>3</hdop>
        <extensions>
          <speed>0.46</speed>
        </extensions>
      </trkpt>
      <trkpt lat="52.7928418" lon="24.3445636">
        <ele>179</ele>
        <time>2024-01-13T10:27:31Z</time>
        <hdop>3</hdop>
      </trkpt>
      <trkpt lat="52.7928477" lon="24.3446949">
        <ele>180</ele>
        <time>2024-01-13T10:27:41Z</time>
        <hdop>3</hdop>
        <extensions>
          <speed>0.74</speed>
        </extensions>
      </trkpt>
      <trkpt lat="52.7928315" lon="24.3448014">
        <ele>177</ele>
        <time>2024-01-13T10:27:51Z</time>
        <hdop>2.5</hdop>
        <extensions>
          <speed>0.76</speed>
        </extensions>
      </trkpt>
      <trkpt lat="52.7928352" lon="24.3449712">
        <ele>178</ele>
        <time>2024-01-13T10:28:02Z</time>
        <hdop>2</hdop>
        <extensions>
          <speed>0.76</speed>
        </extensions>
      </trkpt>
      <trkpt lat="52.7928448" lon="24.3450275">
        <ele>179</ele>
        <time>2024-01-13T10:28:12Z</time>
        <hdop>2</hdop>
        <extensions>
          <speed>0.79</speed>
        </extensions>
      </trkpt>
      <trkpt lat="52.7928565" lon="24.3451638">
        <ele>179</ele>
        <time>2024-01-13T10:28:22Z</time>
        <hdop>2</hdop>
        <extensions>
          <speed>0.79</speed>
        </extensions>
      </trkpt>
      <trkpt lat="52.7928472" lon="24.3453207">
        <ele>183</ele>
        <time>2024-01-13T10:28:33Z</time>
        <hdop>1.5</hdop>
        <extensions>
          <speed>1.1</speed>
        </extensions>
      </trkpt>
      <trkpt lat="52.7928589" lon="24.3454224">
        <ele>184</ele>
        <time>2024-01-13T10:28:43Z</time>
        <hdop>1.5</hdop>
        <extensions>
          <speed>0.74</speed>
        </extensions>
      </trkpt>
      <trkpt lat="52.792861" lon="24.3454753">
        <ele>184</ele>
        <time>2024-01-13T10:28:54Z</time>
        <hdop>1.5</hdop>
      </trkpt>
      <trkpt lat="52.7928643" lon="24.3454725">
        <ele>183</ele>
        <time>2024-01-13T10:29:04Z</time>
        <hdop>1.5</hdop>
        <extensions>
          <speed>0.1</speed>
        </extensions>
      </trkpt>
      <trkpt lat="52.7928641" lon="24.3454718">
        <ele>183</ele>
        <time>2024-01-13T10:29:15Z</time>
        <hdop>1.5</hdop>
      </trkpt>
      <trkpt lat="52.792865" lon="24.3454711">
        <ele>183</ele>
        <time>2024-01-13T10:29:26Z</time>
        <hdop>1.5</hdop>
        <extensions>
          <speed>0.89</speed>
        </extensions>
      </trkpt>
      <trkpt lat="52.7928633" lon="24.3455149">
        <ele>183</ele>
        <time>2024-01-13T10:29:37Z</time>
        <hdop>1.5</hdop>
        <extensions>
          <speed>0.66</speed>
        </extensions>
      </trkpt>
      <trkpt lat="52.7928597" lon="24.3455902">
        <ele>181</ele>
        <time>2024-01-13T10:29:47Z</time>
        <hdop>2.5</hdop>
        <extensions>
          <speed>0.01</speed>
        </extensions>
      </trkpt>
      <trkpt lat="52.7928538" lon="24.3455875">
        <ele>183</ele>
        <time>2024-01-13T10:29:58Z</time>
        <hdop>2</hdop>
        <extensions>
          <speed>2.25</speed>
        </extensions>
      </trkpt>
      <trkpt lat="52.7928788" lon="24.3456218">
        <ele>182</ele>
        <time>2024-01-13T10:30:09Z</time>
        <hdop>2.5</hdop>
        <extensions>
          <speed>0.24</speed>
        </extensions>
      </trkpt>
      <trkpt lat="52.792888" lon="24.3457082">
        <ele>181</ele>
        <time>2024-01-13T10:30:19Z</time>
        <hdop>2.5</hdop>
        <extensions>
          <speed>0.26</speed>
        </extensions>
      </trkpt>
      <trkpt lat="52.7929092" lon="24.3458">
        <ele>185</ele>
        <time>2024-01-13T10:30:29Z</time>
        <hdop>2</hdop>
        <extensions>
          <speed>1.05</speed>
        </extensions>
      </trkpt>
      <trkpt lat="52.7929002" lon="24.3459013">
        <ele>184</ele>
        <time>2024-01-13T10:30:40Z</time>
        <hdop>2</hdop>
        <extensions>
          <speed>0.72</speed>
        </extensions>
      </trkpt>
      <trkpt lat="52.7928597" lon="24.345994">
        <ele>183</ele>
        <time>2024-01-13T10:30:50Z</time>
        <hdop>2</hdop>
        <extensions>
          <speed>1.34</speed>
        </extensions>
      </trkpt>
      <trkpt lat="52.7928513" lon="24.3460749">
        <ele>184</ele>
        <time>2024-01-13T10:31:00Z</time>
        <hdop>2</hdop>
        <extensions>
          <speed>0.87</speed>
        </extensions>
      </trkpt>
      <trkpt lat="52.7928611" lon="24.3462095">
        <ele>183</ele>
        <time>2024-01-13T10:31:11Z</time>
        <hdop>2</hdop>
        <extensions>
          <speed>0.81</speed>
        </extensions>
      </trkpt>
      <trkpt lat="52.7928674" lon="24.3462964">
        <ele>182</ele>
        <time>2024-01-13T10:31:22Z</time>
        <hdop>2</hdop>
        <extensions>
          <speed>0.86</speed>
        </extensions>
      </trkpt>
      <trkpt lat="52.7928972" lon="24.3464074">
        <ele>184</ele>
        <time>2024-01-13T10:31:33Z</time>
        <hdop>2</hdop>
        <extensions>
          <speed>0.65</speed>
        </extensions>
      </trkpt>
      <trkpt lat="52.7928682" lon="24.3465025">
        <ele>185</ele>
        <time>2024-01-13T10:31:44Z</time>
        <hdop>2</hdop>
        <extensions>
          <speed>0.63</speed>
        </extensions>
      </trkpt>
      <trkpt lat="52.7928816" lon="24.3465795">
        <ele>183</ele>
        <time>2024-01-13T10:31:54Z</time>
        <hdop>2</hdop>
        <extensions>
          <speed>0.71</speed>
        </extensions>
      </trkpt>
      <trkpt lat="52.7928771" lon="24.3466206">
        <ele>184</ele>
        <time>2024-01-13T10:32:04Z</time>
        <hdop>1.5</hdop>
        <extensions>
          <speed>0.72</speed>
        </extensions>
      </trkpt>
      <trkpt lat="52.7928791" lon="24.3467298">
        <ele>183</ele>
        <time>2024-01-13T10:32:15Z</time>
        <hdop>2</hdop>
        <extensions>
          <speed>0.74</speed>
        </extensions>
      </trkpt>
      <trkpt lat="52.7929127" lon="24.346826">
        <ele>183</ele>
        <time>2024-01-13T10:32:25Z</time>
        <hdop>2</hdop>
        <extensions>
          <speed>1.17</speed>
        </extensions>
      </trkpt>
      <trkpt lat="52.792951" lon="24.3469111">
        <ele>182</ele>
        <time>2024-01-13T10:32:36Z</time>
        <hdop>2</hdop>
        <extensions>
          <speed>0.54</speed>
        </extensions>
      </trkpt>
      <trkpt lat="52.7929775" lon="24.346915">
        <ele>184</ele>
        <time>2024-01-13T10:32:47Z</time>
        <hdop>1.5</hdop>
        <extensions>
          <speed>0.62</speed>
        </extensions>
      </trkpt>
      <trkpt lat="52.7930212" lon="24.3469925">
        <ele>184</ele>
        <time>2024-01-13T10:32:57Z</time>
        <hdop>2</hdop>
        <extensions>
          <speed>0.39</speed>
        </extensions>
      </trkpt>
      <trkpt lat="52.793038" lon="24.3470717">
        <ele>183</ele>
        <time>2024-01-13T10:33:08Z</time>
        <hdop>1.5</hdop>
        <extensions>
          <speed>0.68</speed>
        </extensions>
      </trkpt>
      <trkpt lat="52.7930626" lon="24.3471993">
        <ele>182</ele>
        <time>2024-01-13T10:33:19Z</time>
        <hdop>2</hdop>
        <extensions>
          <speed>0.88</speed>
        </extensions>
      </trkpt>
      <trkpt lat="52.7930346" lon="24.3473233">
        <ele>182</ele>
        <time>2024-01-13T10:33:30Z</time>
        <hdop>2</hdop>
        <extensions>
          <speed>0.67</speed>
        </extensions>
      </trkpt>
      <trkpt lat="52.7930223" lon="24.3474487">
        <ele>182</ele>
        <time>2024-01-13T10:33:41Z</time>
        <hdop>2</hdop>
      </trkpt>
      <trkpt lat="52.7930185" lon="24.3475497">
        <ele>182</ele>
        <time>2024-01-13T10:33:51Z</time>
        <hdop>2</hdop>
        <extensions>
          <speed>0.59</speed>
        </extensions>
      </trkpt>
      <trkpt lat="52.7930532" lon="24.3476347">
        <ele>182</ele>
        <time>2024-01-13T10:34:02Z</time>
        <hdop>2</hdop>
        <extensions>
          <speed>0.84</speed>
        </extensions>
      </trkpt>
      <trkpt lat="52.7930975" lon="24.3477305">
        <ele>183</ele>
        <time>2024-01-13T10:34:13Z</time>
        <hdop>2.5</hdop>
        <extensions>
          <speed>1.02</speed>
        </extensions>
      </trkpt>
      <trkpt lat="52.7931034" lon="24.3478343">
        <ele>182</ele>
        <time>2024-01-13T10:34:24Z</time>
        <hdop>2</hdop>
      </trkpt>
      <trkpt lat="52.7930856" lon="24.3479148">
        <ele>183</ele>
        <time>2024-01-13T10:34:34Z</time>
        <hdop>2</hdop>
        <extensions>
          <speed>0.61</speed>
        </extensions>
      </trkpt>
      <trkpt lat="52.7930843" lon="24.3480465">
        <ele>181</ele>
        <time>2024-01-13T10:34:44Z</time>
        <hdop>2</hdop>
        <extensions>
          <speed>0.58</speed>
        </extensions>
      </trkpt>
      <trkpt lat="52.7931135" lon="24.348152">
        <ele>181</ele>
        <time>2024-01-13T10:34:55Z</time>
        <hdop>2</hdop>
      </trkpt>
      <trkpt lat="52.7931515" lon="24.3482583">
        <ele>179</ele>
        <time>2024-01-13T10:35:06Z</time>
        <hdop>2.5</hdop>
        <extensions>
          <speed>0.66</speed>
        </extensions>
      </trkpt>
      <trkpt lat="52.7931452" lon="24.3483535">
        <ele>182</ele>
        <time>2024-01-13T10:35:16Z</time>
        <hdop>2</hdop>
        <extensions>
          <speed>0.75</speed>
        </extensions>
      </trkpt>
      <trkpt lat="52.7931366" lon="24.3484891">
        <ele>183</ele>
        <time>2024-01-13T10:35:27Z</time>
        <hdop>2</hdop>
        <extensions>
          <speed>0.79</speed>
        </extensions>
      </trkpt>
      <trkpt lat="52.7931269" lon="24.3486149">
        <ele>182</ele>
        <time>2024-01-13T10:35:37Z</time>
        <hdop>2</hdop>
        <extensions>
          <speed>0.52</speed>
        </extensions>
      </trkpt>
      <trkpt lat="52.79311" lon="24.3487268">
        <ele>182</ele>
        <time>2024-01-13T10:35:47Z</time>
        <hdop>2</hdop>
        <extensions>
          <speed>1.24</speed>
        </extensions>
      </trkpt>
      <trkpt lat="52.7930932" lon="24.3488281">
        <ele>183</ele>
        <time>2024-01-13T10:35:58Z</time>
        <hdop>2</hdop>
        <extensions>
          <speed>0.69</speed>
        </extensions>
      </trkpt>
      <trkpt lat="52.7930908" lon="24.3489433">
        <ele>183</ele>
        <time>2024-01-13T10:36:08Z</time>
        <hdop>2</hdop>
        <extensions>
          <speed>0.52</speed>
        </extensions>
      </trkpt>
      <trkpt lat="52.7930953" lon="24.3490516">
        <ele>183</ele>
        <time>2024-01-13T10:36:19Z</time>
        <hdop>2</hdop>
      </trkpt>
      <trkpt lat="52.7930881" lon="24.3491511">
        <ele>183</ele>
        <time>2024-01-13T10:36:30Z</time>
        <hdop>2</hdop>
        <extensions>
          <speed>0.96</speed>
        </extensions>
      </trkpt>
      <trkpt lat="52.7931054" lon="24.3492601">
        <ele>183</ele>
        <time>2024-01-13T10:36:41Z</time>
        <hdop>2</hdop>
        <extensions>
          <speed>0.63</speed>
        </extensions>
      </trkpt>
      <trkpt lat="52.7930697" lon="24.3493724">
        <ele>185</ele>
        <time>2024-01-13T10:36:52Z</time>
        <hdop>2</hdop>
        <extensions>
          <speed>1.34</speed>
        </extensions>
      </trkpt>
      <trkpt lat="52.7930031" lon="24.3493768">
        <ele>184</ele>
        <time>2024-01-13T10:37:03Z</time>
        <hdop>2</hdop>
        <extensions>
          <speed>0.36</speed>
        </extensions>
      </trkpt>
      <trkpt lat="52.7929828" lon="24.3494041">
        <ele>183</ele>
        <time>2024-01-13T10:37:14Z</time>
        <hdop>2</hdop>
        <extensions>
          <speed>0.17</speed>
        </extensions>
      </trkpt>
      <trkpt lat="52.7929726" lon="24.3494109">
        <ele>182</ele>
        <time>2024-01-13T10:37:25Z</time>
        <hdop>2</hdop>
      </trkpt>
      <trkpt lat="52.7929404" lon="24.3494627">
        <ele>182</ele>
        <time>2024-01-13T10:37:35Z</time>
        <hdop>2</hdop>
        <extensions>
          <speed>0.75</speed>
        </extensions>
      </trkpt>
      <trkpt lat="52.7928839" lon="24.3495599">
        <ele>183</ele>
        <time>2024-01-13T10:37:46Z</time>
        <hdop>2</hdop>
        <extensions>
          <speed>0.82</speed>
        </extensions>
      </trkpt>
      <trkpt lat="52.7929065" lon="24.3496726">
        <ele>183</ele>
        <time>2024-01-13T10:37:56Z</time>
        <hdop>2</hdop>
        <extensions>
          <speed>0.83</speed>
        </extensions>
      </trkpt>
      <trkpt lat="52.792909" lon="24.349686">
        <ele>184</ele>
        <time>2024-01-13T10:38:07Z</time>
        <hdop>1.5</hdop>
      </trkpt>
      <trkpt lat="52.7929135" lon="24.3496953">
        <ele>184</ele>
        <time>2024-01-13T10:38:18Z</time>
        <hdop>1.5</hdop>
        <extensions>
          <speed>0.43</speed>
        </extensions>
      </trkpt>
      <trkpt lat="52.7929327" lon="24.3497778">
        <ele>185</ele>
        <time>2024-01-13T10:38:28Z</time>
        <hdop>1.5</hdop>
        <extensions>
          <speed>0.79</speed>
        </extensions>
      </trkpt>
      <trkpt lat="52.7929684" lon="24.3499084">
        <ele>183</ele>
        <time>2024-01-13T10:38:39Z</time>
        <hdop>2.5</hdop>
        <extensions>
          <speed>0.26</speed>
        </extensions>
      </trkpt>
      <trkpt lat="52.7929952" lon="24.3500634">
        <ele>180</ele>
        <time>2024-01-13T10:38:49Z</time>
        <hdop>2.5</hdop>
        <extensions>
          <speed>0.78</speed>
        </extensions>
      </trkpt>
      <trkpt lat="52.79303" lon="24.350211">
        <ele>179</ele>
        <time>2024-01-13T10:39:00Z</time>
        <hdop>2</hdop>
        <extensions>
          <speed>0.92</speed>
        </extensions>
      </trkpt>
      <trkpt lat="52.7930549" lon="24.3503532">
        <ele>180</ele>
        <time>2024-01-13T10:39:10Z</time>
        <hdop>2</hdop>
        <extensions>
          <speed>0.87</speed>
        </extensions>
      </trkpt>
      <trkpt lat="52.793096" lon="24.3504445">
        <ele>180</ele>
        <time>2024-01-13T10:39:21Z</time>
        <hdop>2</hdop>
      </trkpt>
      <trkpt lat="52.793138" lon="24.3506149">
        <ele>181</ele>
        <time>2024-01-13T10:39:32Z</time>
        <hdop>2</hdop>
        <extensions>
          <speed>0.79</speed>
        </extensions>
      </trkpt>
      <trkpt lat="52.7931748" lon="24.3507061">
        <ele>180</ele>
        <time>2024-01-13T10:39:42Z</time>
        <hdop>2</hdop>
        <extensions>
          <speed>0.54</speed>
        </extensions>
      </trkpt>
      <trkpt lat="52.7932015" lon="24.3507962">
        <ele>180</ele>
        <time>2024-01-13T10:39:52Z</time>
        <hdop>2</hdop>
        <extensions>
          <speed>0.7</speed>
        </extensions>
      </trkpt>
      <trkpt lat="52.7932445" lon="24.3509198">
        <ele>180</ele>
        <time>2024-01-13T10:40:03Z</time>
        <hdop>2</hdop>
        <extensions>
          <speed>0.42</speed>
        </extensions>
      </trkpt>
      <trkpt lat="52.793263" lon="24.3510479">
        <ele>181</ele>
        <time>2024-01-13T10:40:14Z</time>
        <hdop>2.5</hdop>
        <extensions>
          <speed>0.5</speed>
        </extensions>
      </trkpt>
      <trkpt lat="52.7932681" lon="24.3511379">
        <ele>180</ele>
        <time>2024-01-13T10:40:24Z</time>
        <hdop>2</hdop>
        <extensions>
          <speed>0.58</speed>
        </extensions>
      </trkpt>
      <trkpt lat="52.7932879" lon="24.3512877">
        <ele>180</ele>
        <time>2024-01-13T10:40:35Z</time>
        <hdop>2</hdop>
        <extensions>
          <speed>0.62</speed>
        </extensions>
      </trkpt>
      <trkpt lat="52.7932821" lon="24.3513143">
        <ele>181</ele>
        <time>2024-01-13T10:40:45Z</time>
        <hdop>2</hdop>
      </trkpt>
      <trkpt lat="52.7932799" lon="24.3513441">
        <ele>183</ele>
        <time>2024-01-13T10:40:56Z</time>
        <hdop>2</hdop>
      </trkpt>
      <trkpt lat="52.7932865" lon="24.3513916">
        <ele>181</ele>
        <time>2024-01-13T10:41:07Z</time>
        <hdop>2.5</hdop>
      </trkpt>
      <trkpt lat="52.7933048" lon="24.3515186">
        <ele>180</ele>
        <time>2024-01-13T10:41:18Z</time>
        <hdop>2</hdop>
        <extensions>
          <speed>0.3</speed>
        </extensions>
      </trkpt>
      <trkpt lat="52.7933273" lon="24.3516005">
        <ele>181</ele>
        <time>2024-01-13T10:41:29Z</time>
        <hdop>2</hdop>
        <extensions>
          <speed>0.69</speed>
        </extensions>
      </trkpt>
      <trkpt lat="52.7933573" lon="24.3517048">
        <ele>180</ele>
        <time>2024-01-13T10:41:40Z</time>
        <hdop>2</hdop>
        <extensions>
          <speed>0.58</speed>
        </extensions>
      </trkpt>
      <trkpt lat="52.7934032" lon="24.3517894">
        <ele>180</ele>
        <time>2024-01-13T10:41:51Z</time>
        <hdop>1.5</hdop>
      </trkpt>
      <trkpt lat="52.7934406" lon="24.3518963">
        <ele>180</ele>
        <time>2024-01-13T10:42:01Z</time>
        <hdop>2</hdop>
        <extensions>
          <speed>0.53</speed>
        </extensions>
      </trkpt>
      <trkpt lat="52.7934689" lon="24.3520004">
        <ele>180</ele>
        <time>2024-01-13T10:42:12Z</time>
        <hdop>1.5</hdop>
        <extensions>
          <speed>0.55</speed>
        </extensions>
      </trkpt>
      <trkpt lat="52.7934953" lon="24.3520982">
        <ele>179</ele>
        <time>2024-01-13T10:42:23Z</time>
        <hdop>2</hdop>
        <extensions>
          <speed>0.41</speed>
        </extensions>
      </trkpt>
      <trkpt lat="52.7935147" lon="24.352175">
        <ele>179</ele>
        <time>2024-01-13T10:42:34Z</time>
        <hdop>1.5</hdop>
      </trkpt>
      <trkpt lat="52.7935372" lon="24.3523045">
        <ele>180</ele>
        <time>2024-01-13T10:42:45Z</time>
        <hdop>2</hdop>
      </trkpt>
      <trkpt lat="52.7935628" lon="24.3524061">
        <ele>182</ele>
        <time>2024-01-13T10:42:55Z</time>
        <hdop>1.5</hdop>
        <extensions>
          <speed>0.28</speed>
        </extensions>
      </trkpt>
      <trkpt lat="52.7935691" lon="24.3524256">
        <ele>181</ele>
        <time>2024-01-13T10:43:06Z</time>
        <hdop>2</hdop>
      </trkpt>
      <trkpt lat="52.7935691" lon="24.3524256">
        <ele>181</ele>
        <time>2024-01-13T10:43:17Z</time>
        <hdop>2</hdop>
      </trkpt>
      <trkpt lat="52.7935691" lon="24.3524256">
        <ele>181</ele>
        <time>2024-01-13T10:43:28Z</time>
        <hdop>2</hdop>
      </trkpt>
      <trkpt lat="52.7935729" lon="24.3524871">
        <ele>181</ele>
        <time>2024-01-13T10:43:38Z</time>
        <hdop>1.5</hdop>
      </trkpt>
      <trkpt lat="52.7935996" lon="24.3525868">
        <ele>181</ele>
        <time>2024-01-13T10:43:48Z</time>
        <hdop>2</hdop>
        <extensions>
          <speed>0.81</speed>
        </extensions>
      </trkpt>
      <trkpt lat="52.7936018" lon="24.352678">
        <ele>180</ele>
        <time>2024-01-13T10:43:59Z</time>
        <hdop>2</hdop>
      </trkpt>
      <trkpt lat="52.7936124" lon="24.3527761">
        <ele>180</ele>
        <time>2024-01-13T10:44:09Z</time>
        <hdop>2</hdop>
      </trkpt>
      <trkpt lat="52.7936478" lon="24.3529046">
        <ele>181</ele>
        <time>2024-01-13T10:44:20Z</time>
        <hdop>2</hdop>
        <extensions>
          <speed>0.69</speed>
        </extensions>
      </trkpt>
      <trkpt lat="52.793676" lon="24.3530206">
        <ele>180</ele>
        <time>2024-01-13T10:44:30Z</time>
        <hdop>2</hdop>
        <extensions>
          <speed>0.49</speed>
        </extensions>
      </trkpt>
      <trkpt lat="52.7937143" lon="24.3531288">
        <ele>180</ele>
        <time>2024-01-13T10:44:40Z</time>
        <hdop>1.5</hdop>
        <extensions>
          <speed>0.77</speed>
        </extensions>
      </trkpt>
      <trkpt lat="52.7937424" lon="24.3532445">
        <ele>180</ele>
        <time>2024-01-13T10:44:51Z</time>
        <hdop>2</hdop>
      </trkpt>
      <trkpt lat="52.7937587" lon="24.3533234">
        <ele>180</ele>
        <time>2024-01-13T10:45:01Z</time>
        <hdop>1.5</hdop>
        <extensions>
          <speed>0.77</speed>
        </extensions>
      </trkpt>
      <trkpt lat="52.7937701" lon="24.3534453">
        <ele>181</ele>
        <time>2024-01-13T10:45:12Z</time>
        <hdop>1.5</hdop>
        <extensions>
          <speed>0.71</speed>
        </extensions>
      </trkpt>
      <trkpt lat="52.7937752" lon="24.3535476">
        <ele>180</ele>
        <time>2024-01-13T10:45:22Z</time>
        <hdop>2</hdop>
        <extensions>
          <speed>0.73</speed>
        </extensions>
      </trkpt>
      <trkpt lat="52.7937712" lon="24.353686">
        <ele>179</ele>
        <time>2024-01-13T10:45:33Z</time>
        <hdop>2</hdop>
        <extensions>
          <speed>0.8</speed>
        </extensions>
      </trkpt>
      <trkpt lat="52.7938109" lon="24.3538143">
        <ele>179</ele>
        <time>2024-01-13T10:45:44Z</time>
        <hdop>1.5</hdop>
        <extensions>
          <speed>1.12</speed>
        </extensions>
      </trkpt>
      <trkpt lat="52.7938843" lon="24.3538984">
        <ele>179</ele>
        <time>2024-01-13T10:45:54Z</time>
        <hdop>2</hdop>
        <extensions>
          <speed>1.06</speed>
        </extensions>
      </trkpt>
      <trkpt lat="52.7939514" lon="24.3539744">
        <ele>180</ele>
        <time>2024-01-13T10:46:04Z</time>
        <hdop>1.5</hdop>
        <extensions>
          <speed>0.75</speed>
        </extensions>
      </trkpt>
      <trkpt lat="52.7939786" lon="24.3541062">
        <ele>180</ele>
        <time>2024-01-13T10:46:15Z</time>
        <hdop>1.5</hdop>
        <extensions>
          <speed>1.15</speed>
        </extensions>
      </trkpt>
      <trkpt lat="52.7940503" lon="24.3541658">
        <ele>181</ele>
        <time>2024-01-13T10:46:25Z</time>
        <hdop>1.5</hdop>
        <extensions>
          <speed>0.57</speed>
        </extensions>
      </trkpt>
      <trkpt lat="52.7940837" lon="24.35426">
        <ele>180</ele>
        <time>2024-01-13T10:46:35Z</time>
        <hdop>1.5</hdop>
        <extensions>
          <speed>0.84</speed>
        </extensions>
      </trkpt>
      <trkpt lat="52.7941394" lon="24.3543401">
        <ele>180</ele>
        <time>2024-01-13T10:46:45Z</time>
        <hdop>2</hdop>
        <extensions>
          <speed>0.87</speed>
        </extensions>
      </trkpt>
      <trkpt lat="52.794191" lon="24.3544182">
        <ele>181</ele>
        <time>2024-01-13T10:46:56Z</time>
        <hdop>1.5</hdop>
        <extensions>
          <speed>0.33</speed>
        </extensions>
      </trkpt>
      <trkpt lat="52.7942375" lon="24.3545">
        <ele>181</ele>
        <time>2024-01-13T10:47:06Z</time>
        <hdop>2</hdop>
        <extensions>
          <speed>0.23</speed>
        </extensions>
      </trkpt>
      <trkpt lat="52.7942545" lon="24.3545356">
        <ele>184</ele>
        <time>2024-01-13T10:47:17Z</time>
        <hdop>2</hdop>
      </trkpt>
      <trkpt lat="52.7943088" lon="24.3546223">
        <ele>185</ele>
        <time>2024-01-13T10:47:27Z</time>
        <hdop>1.5</hdop>
        <extensions>
          <speed>0.46</speed>
        </extensions>
      </trkpt>
      <trkpt lat="52.7943374" lon="24.35472">
        <ele>183</ele>
        <time>2024-01-13T10:47:38Z</time>
        <hdop>2</hdop>
        <extensions>
          <speed>0.71</speed>
        </extensions>
      </trkpt>
      <trkpt lat="52.7943732" lon="24.3548103">
        <ele>181</ele>
        <time>2024-01-13T10:47:49Z</time>
        <hdop>3</hdop>
        <extensions>
          <speed>0.76</speed>
        </extensions>
      </trkpt>
      <trkpt lat="52.7943979" lon="24.3548745">
        <ele>181</ele>
        <time>2024-01-13T10:47:59Z</time>
        <hdop>2.5</hdop>
        <extensions>
          <speed>0.63</speed>
        </extensions>
      </trkpt>
      <trkpt lat="52.7944012" lon="24.354922">
        <ele>180</ele>
        <time>2024-01-13T10:48:09Z</time>
        <hdop>2.5</hdop>
      </trkpt>
      <trkpt lat="52.7944059" lon="24.3549788">
        <ele>180</ele>
        <time>2024-01-13T10:48:20Z</time>
        <hdop>2.5</hdop>
        <extensions>
          <speed>0.75</speed>
        </extensions>
      </trkpt>
      <trkpt lat="52.7944403" lon="24.3550619">
        <ele>180</ele>
        <time>2024-01-13T10:48:31Z</time>
        <hdop>3</hdop>
      </trkpt>
      <trkpt lat="52.7944743" lon="24.3551238">
        <ele>178</ele>
        <time>2024-01-13T10:48:41Z</time>
        <hdop>3</hdop>
        <extensions>
          <speed>0.71</speed>
        </extensions>
      </trkpt>
      <trkpt lat="52.7945107" lon="24.3552242">
        <ele>178</ele>
        <time>2024-01-13T10:48:51Z</time>
        <hdop>2.5</hdop>
        <extensions>
          <speed>0.78</speed>
        </extensions>
      </trkpt>
      <trkpt lat="52.7945397" lon="24.3553124">
        <ele>178</ele>
        <time>2024-01-13T10:49:02Z</time>
        <hdop>3</hdop>
        <extensions>
          <speed>0.92</speed>
        </extensions>
      </trkpt>
      <trkpt lat="52.7945479" lon="24.3554364">
        <ele>181</ele>
        <time>2024-01-13T10:49:13Z</time>
        <hdop>1.5</hdop>
      </trkpt>
      <trkpt lat="52.7945479" lon="24.3554364">
        <ele>181</ele>
        <time>2024-01-13T10:49:24Z</time>
        <hdop>1.5</hdop>
      </trkpt>
      <trkpt lat="52.7945511" lon="24.3554571">
        <ele>182</ele>
        <time>2024-01-13T10:49:35Z</time>
        <hdop>1.5</hdop>
        <extensions>
          <speed>0.52</speed>
        </extensions>
      </trkpt>
      <trkpt lat="52.7945902" lon="24.3555664">
        <ele>180</ele>
        <time>2024-01-13T10:49:45Z</time>
        <hdop>2</hdop>
        <extensions>
          <speed>0.79</speed>
        </extensions>
      </trkpt>
      <trkpt lat="52.7946074" lon="24.3557059">
        <ele>181</ele>
        <time>2024-01-13T10:49:56Z</time>
        <hdop>2</hdop>
        <extensions>
          <speed>0.86</speed>
        </extensions>
      </trkpt>
      <trkpt lat="52.7946291" lon="24.3558254">
        <ele>180</ele>
        <time>2024-01-13T10:50:07Z</time>
        <hdop>2</hdop>
        <extensions>
          <speed>0.51</speed>
        </extensions>
      </trkpt>
      <trkpt lat="52.7946645" lon="24.3558983">
        <ele>180</ele>
        <time>2024-01-13T10:50:17Z</time>
        <hdop>2</hdop>
        <extensions>
          <speed>0.7</speed>
        </extensions>
      </trkpt>
      <trkpt lat="52.7946931" lon="24.3560235">
        <ele>179</ele>
        <time>2024-01-13T10:50:28Z</time>
        <hdop>2</hdop>
        <extensions>
          <speed>0.67</speed>
        </extensions>
      </trkpt>
      <trkpt lat="52.7947122" lon="24.3561057">
        <ele>180</ele>
        <time>2024-01-13T10:50:38Z</time>
        <hdop>2</hdop>
        <extensions>
          <speed>0.81</speed>
        </extensions>
      </trkpt>
      <trkpt lat="52.7947133" lon="24.3562165">
        <ele>180</ele>
        <time>2024-01-13T10:50:49Z</time>
        <hdop>2</hdop>
      </trkpt>
      <trkpt lat="52.7947108" lon="24.3563451">
        <ele>181</ele>
        <time>2024-01-13T10:51:00Z</time>
        <hdop>2</hdop>
        <extensions>
          <speed>0.71</speed>
        </extensions>
      </trkpt>
      <trkpt lat="52.7947318" lon="24.3564462">
        <ele>182</ele>
        <time>2024-01-13T10:51:10Z</time>
        <hdop>2</hdop>
        <extensions>
          <speed>0.7</speed>
        </extensions>
      </trkpt>
      <trkpt lat="52.794742" lon="24.3565524">
        <ele>181</ele>
        <time>2024-01-13T10:51:21Z</time>
        <hdop>2</hdop>
        <extensions>
          <speed>0.07</speed>
        </extensions>
      </trkpt>
      <trkpt lat="52.7947646" lon="24.3566621">
        <ele>180</ele>
        <time>2024-01-13T10:51:32Z</time>
        <hdop>2</hdop>
      </trkpt>
      <trkpt lat="52.7947757" lon="24.3567366">
        <ele>181</ele>
        <time>2024-01-13T10:51:42Z</time>
        <hdop>2</hdop>
        <extensions>
          <speed>0.2</speed>
        </extensions>
      </trkpt>
      <trkpt lat="52.794805" lon="24.356855">
        <ele>181</ele>
        <time>2024-01-13T10:51:53Z</time>
        <hdop>2</hdop>
        <extensions>
          <speed>0.38</speed>
        </extensions>
      </trkpt>
      <trkpt lat="52.7948018" lon="24.356973">
        <ele>180</ele>
        <time>2024-01-13T10:52:04Z</time>
        <hdop>2</hdop>
        <extensions>
          <speed>0.46</speed>
        </extensions>
      </trkpt>
      <trkpt lat="52.7948209" lon="24.3570597">
        <ele>181</ele>
        <time>2024-01-13T10:52:15Z</time>
        <hdop>2</hdop>
        <extensions>
          <speed>0.14</speed>
        </extensions>
      </trkpt>
      <trkpt lat="52.7948198" lon="24.3570836">
        <ele>182</ele>
        <time>2024-01-13T10:52:25Z</time>
        <hdop>2</hdop>
        <extensions>
          <speed>0.16</speed>
        </extensions>
      </trkpt>
      <trkpt lat="52.7948168" lon="24.357078">
        <ele>183</ele>
        <time>2024-01-13T10:52:36Z</time>
        <hdop>2</hdop>
      </trkpt>
      <trkpt lat="52.7948168" lon="24.357078">
        <ele>183</ele>
        <time>2024-01-13T10:52:46Z</time>
        <hdop>1.5</hdop>
      </trkpt>
      <trkpt lat="52.7948162" lon="24.3570843">
        <ele>183</ele>
        <time>2024-01-13T10:52:57Z</time>
        <hdop>1.5</hdop>
        <extensions>
          <speed>0.28</speed>
        </extensions>
      </trkpt>
      <trkpt lat="52.7948137" lon="24.3570769">
        <ele>184</ele>
        <time>2024-01-13T10:53:07Z</time>
        <hdop>2</hdop>
        <extensions>
          <speed>0.4</speed>
        </extensions>
      </trkpt>
      <trkpt lat="52.7948154" lon="24.3571152">
        <ele>183</ele>
        <time>2024-01-13T10:53:17Z</time>
        <hdop>2.5</hdop>
        <extensions>
          <speed>0.36</speed>
        </extensions>
      </trkpt>
      <trkpt lat="52.7948123" lon="24.357217">
        <ele>183</ele>
        <time>2024-01-13T10:53:28Z</time>
        <hdop>2</hdop>
        <extensions>
          <speed>0.4</speed>
        </extensions>
      </trkpt>
      <trkpt lat="52.7947781" lon="24.3573037">
        <ele>182</ele>
        <time>2024-01-13T10:53:39Z</time>
        <hdop>2</hdop>
        <extensions>
          <speed>0.57</speed>
        </extensions>
      </trkpt>
      <trkpt lat="52.7947537" lon="24.3574204">
        <ele>182</ele>
        <time>2024-01-13T10:53:49Z</time>
        <hdop>2</hdop>
        <extensions>
          <speed>0.82</speed>
        </extensions>
      </trkpt>
      <trkpt lat="52.7947651" lon="24.3575461">
        <ele>181</ele>
        <time>2024-01-13T10:53:59Z</time>
        <hdop>2</hdop>
        <extensions>
          <speed>0.84</speed>
        </extensions>
      </trkpt>
      <trkpt lat="52.7947455" lon="24.3576713">
        <ele>181</ele>
        <time>2024-01-13T10:54:09Z</time>
        <hdop>2</hdop>
        <extensions>
          <speed>0.76</speed>
        </extensions>
      </trkpt>
      <trkpt lat="52.7947491" lon="24.3578258">
        <ele>182</ele>
        <time>2024-01-13T10:54:20Z</time>
        <hdop>2</hdop>
        <extensions>
          <speed>0.73</speed>
        </extensions>
      </trkpt>
      <trkpt lat="52.7947622" lon="24.3579414">
        <ele>183</ele>
        <time>2024-01-13T10:54:30Z</time>
        <hdop>2</hdop>
        <extensions>
          <speed>0.85</speed>
        </extensions>
      </trkpt>
      <trkpt lat="52.7947357" lon="24.3580364">
        <ele>183</ele>
        <time>2024-01-13T10:54:41Z</time>
        <hdop>2</hdop>
      </trkpt>
      <trkpt lat="52.7947058" lon="24.3581783">
        <ele>179</ele>
        <time>2024-01-13T10:54:51Z</time>
        <hdop>2</hdop>
        <extensions>
          <speed>0.78</speed>
        </extensions>
      </trkpt>
      <trkpt lat="52.7946638" lon="24.3582611">
        <ele>179</ele>
        <time>2024-01-13T10:55:02Z</time>
        <hdop>2</hdop>
        <extensions>
          <speed>0.77</speed>
        </extensions>
      </trkpt>
      <trkpt lat="52.794604" lon="24.3583609">
        <ele>181</ele>
        <time>2024-01-13T10:55:13Z</time>
        <hdop>2</hdop>
        <extensions>
          <speed>0.67</speed>
        </extensions>
      </trkpt>
      <trkpt lat="52.7945599" lon="24.3584304">
        <ele>184</ele>
        <time>2024-01-13T10:55:23Z</time>
        <hdop>2</hdop>
        <extensions>
          <speed>0.48</speed>
        </extensions>
      </trkpt>
      <trkpt lat="52.7945408" lon="24.3585305">
        <ele>183</ele>
        <time>2024-01-13T10:55:34Z</time>
        <hdop>2</hdop>
        <extensions>
          <speed>0.62</speed>
        </extensions>
      </trkpt>
      <trkpt lat="52.7945264" lon="24.3585898">
        <ele>184</ele>
        <time>2024-01-13T10:55:44Z</time>
        <hdop>2</hdop>
        <extensions>
          <speed>0.16</speed>
        </extensions>
      </trkpt>
      <trkpt lat="52.794521" lon="24.3586345">
        <ele>181</ele>
        <time>2024-01-13T10:55:55Z</time>
        <hdop>2</hdop>
        <extensions>
          <speed>0.22</speed>
        </extensions>
      </trkpt>
      <trkpt lat="52.7945265" lon="24.3586425">
        <ele>181</ele>
        <time>2024-01-13T10:56:05Z</time>
        <hdop>2</hdop>
        <extensions>
          <speed>1.11</speed>
        </extensions>
      </trkpt>
      <trkpt lat="52.7945056" lon="24.3587594">
        <ele>181</ele>
        <time>2024-01-13T10:56:16Z</time>
        <hdop>2</hdop>
        <extensions>
          <speed>0.73</speed>
        </extensions>
      </trkpt>
      <trkpt lat="52.7944759" lon="24.3588942">
        <ele>180</ele>
        <time>2024-01-13T10:56:26Z</time>
        <hdop>2</hdop>
        <extensions>
          <speed>0.66</speed>
        </extensions>
      </trkpt>
      <trkpt lat="52.7944483" lon="24.3590049">
        <ele>180</ele>
        <time>2024-01-13T10:56:37Z</time>
        <hdop>2</hdop>
        <extensions>
          <speed>0.55</speed>
        </extensions>
      </trkpt>
      <trkpt lat="52.7944295" lon="24.3591296">
        <ele>181</ele>
        <time>2024-01-13T10:56:48Z</time>
        <hdop>2</hdop>
        <extensions>
          <speed>0.98</speed>
        </extensions>
      </trkpt>
      <trkpt lat="52.7943842" lon="24.359206">
        <ele>182</ele>
        <time>2024-01-13T10:56:58Z</time>
        <hdop>2</hdop>
        <extensions>
          <speed>0.32</speed>
        </extensions>
      </trkpt>
      <trkpt lat="52.7943559" lon="24.3593051">
        <ele>182</ele>
        <time>2024-01-13T10:57:09Z</time>
        <hdop>2</hdop>
        <extensions>
          <speed>0.84</speed>
        </extensions>
      </trkpt>
      <trkpt lat="52.7943213" lon="24.3594291">
        <ele>182</ele>
        <time>2024-01-13T10:57:19Z</time>
        <hdop>2</hdop>
        <extensions>
          <speed>0.69</speed>
        </extensions>
      </trkpt>
      <trkpt lat="52.7943128" lon="24.3595302">
        <ele>183</ele>
        <time>2024-01-13T10:57:30Z</time>
        <hdop>2</hdop>
        <extensions>
          <speed>0.56</speed>
        </extensions>
      </trkpt>
      <trkpt lat="52.7942533" lon="24.3596169">
        <ele>182</ele>
        <time>2024-01-13T10:57:41Z</time>
        <hdop>2</hdop>
        <extensions>
          <speed>0.58</speed>
        </extensions>
      </trkpt>
      <trkpt lat="52.7941945" lon="24.3596754">
        <ele>182</ele>
        <time>2024-01-13T10:57:52Z</time>
        <hdop>2</hdop>
        <extensions>
          <speed>0.82</speed>
        </extensions>
      </trkpt>
      <trkpt lat="52.7941444" lon="24.3597579">
        <ele>184</ele>
        <time>2024-01-13T10:58:02Z</time>
        <hdop>2</hdop>
        <extensions>
          <speed>0.77</speed>
        </extensions>
      </trkpt>
      <trkpt lat="52.7940856" lon="24.3598426">
        <ele>182</ele>
        <time>2024-01-13T10:58:12Z</time>
        <hdop>1.5</hdop>
        <extensions>
          <speed>0.54</speed>
        </extensions>
      </trkpt>
      <trkpt lat="52.7940475" lon="24.3599338">
        <ele>182</ele>
        <time>2024-01-13T10:58:23Z</time>
        <hdop>2</hdop>
      </trkpt>
      <trkpt lat="52.7940164" lon="24.3600616">
        <ele>182</ele>
        <time>2024-01-13T10:58:34Z</time>
        <hdop>2</hdop>
        <extensions>
          <speed>0.23</speed>
        </extensions>
      </trkpt>
      <trkpt lat="52.7940211" lon="24.3600647">
        <ele>182</ele>
        <time>2024-01-13T10:58:44Z</time>
        <hdop>1.5</hdop>
      </trkpt>
      <trkpt lat="52.7939942" lon="24.3601234">
        <ele>183</ele>
        <time>2024-01-13T10:58:55Z</time>
        <hdop>2</hdop>
        <extensions>
          <speed>0.61</speed>
        </extensions>
      </trkpt>
      <trkpt lat="52.7939474" lon="24.3601864">
        <ele>182</ele>
        <time>2024-01-13T10:59:06Z</time>
        <hdop>2</hdop>
        <extensions>
          <speed>0.66</speed>
        </extensions>
      </trkpt>
      <trkpt lat="52.7939414" lon="24.3602006">
        <ele>183</ele>
        <time>2024-01-13T10:59:17Z</time>
        <hdop>2</hdop>
      </trkpt>
      <trkpt lat="52.7939414" lon="24.3602006">
        <ele>183</ele>
        <time>2024-01-13T10:59:27Z</time>
        <hdop>1.5</hdop>
      </trkpt>
      <trkpt lat="52.7939403" lon="24.3603015">
        <ele>182</ele>
        <time>2024-01-13T10:59:38Z</time>
        <hdop>2</hdop>
        <extensions>
          <speed>0.66</speed>
        </extensions>
      </trkpt>
      <trkpt lat="52.7938863" lon="24.3604352">
        <ele>182</ele>
        <time>2024-01-13T10:59:49Z</time>
        <hdop>2</hdop>
        <extensions>
          <speed>0.61</speed>
        </extensions>
      </trkpt>
      <trkpt lat="52.7938563" lon="24.360514">
        <ele>182</ele>
        <time>2024-01-13T10:59:59Z</time>
        <hdop>2</hdop>
      </trkpt>
      <trkpt lat="52.7938324" lon="24.360608">
        <ele>182</ele>
        <time>2024-01-13T11:00:10Z</time>
        <hdop>2</hdop>
      </trkpt>
      <trkpt lat="52.7938053" lon="24.3607128">
        <ele>183</ele>
        <time>2024-01-13T11:00:20Z</time>
        <hdop>2</hdop>
        <extensions>
          <speed>0.76</speed>
        </extensions>
      </trkpt>
      <trkpt lat="52.7937634" lon="24.3608071">
        <ele>182</ele>
        <time>2024-01-13T11:00:30Z</time>
        <hdop>1.5</hdop>
      </trkpt>
      <trkpt lat="52.7937349" lon="24.360904">
        <ele>183</ele>
        <time>2024-01-13T11:00:41Z</time>
        <hdop>1.5</hdop>
      </trkpt>
      <trkpt lat="52.793691" lon="24.3609801">
        <ele>181</ele>
        <time>2024-01-13T11:00:51Z</time>
        <hdop>2</hdop>
        <extensions>
          <speed>0.23</speed>
        </extensions>
      </trkpt>
      <trkpt lat="52.7936692" lon="24.3610606">
        <ele>182</ele>
        <time>2024-01-13T11:01:02Z</time>
        <hdop>1.5</hdop>
        <extensions>
          <speed>0.46</speed>
        </extensions>
      </trkpt>
      <trkpt lat="52.7935939" lon="24.3610724">
        <ele>182</ele>
        <time>2024-01-13T11:01:12Z</time>
        <hdop>1.5</hdop>
        <extensions>
          <speed>0.81</speed>
        </extensions>
      </trkpt>
      <trkpt lat="52.7935243" lon="24.3610999">
        <ele>182</ele>
        <time>2024-01-13T11:01:23Z</time>
        <hdop>1.5</hdop>
        <extensions>
          <speed>0.51</speed>
        </extensions>
      </trkpt>
      <trkpt lat="52.7935172" lon="24.3612343">
        <ele>183</ele>
        <time>2024-01-13T11:01:34Z</time>
        <hdop>1.5</hdop>
        <extensions>
          <speed>0.61</speed>
        </extensions>
      </trkpt>
      <trkpt lat="52.7934988" lon="24.3613516">
        <ele>184</ele>
        <time>2024-01-13T11:01:44Z</time>
        <hdop>1.5</hdop>
      </trkpt>
      <trkpt lat="52.7934751" lon="24.361486">
        <ele>183</ele>
        <time>2024-01-13T11:01:54Z</time>
        <hdop>1.5</hdop>
        <extensions>
          <speed>0.7</speed>
        </extensions>
      </trkpt>
      <trkpt lat="52.7934383" lon="24.3615579">
        <ele>183</ele>
        <time>2024-01-13T11:02:04Z</time>
        <hdop>1.5</hdop>
      </trkpt>
      <trkpt lat="52.7933887" lon="24.3616852">
        <ele>183</ele>
        <time>2024-01-13T11:02:15Z</time>
        <hdop>1.5</hdop>
      </trkpt>
      <trkpt lat="52.793374" lon="24.3618042">
        <ele>183</ele>
        <time>2024-01-13T11:02:25Z</time>
        <hdop>1.5</hdop>
        <extensions>
          <speed>0.64</speed>
        </extensions>
      </trkpt>
      <trkpt lat="52.7933567" lon="24.3618969">
        <ele>183</ele>
        <time>2024-01-13T11:02:35Z</time>
        <hdop>1.5</hdop>
      </trkpt>
      <trkpt lat="52.7933059" lon="24.3620229">
        <ele>184</ele>
        <time>2024-01-13T11:02:46Z</time>
        <hdop>1.5</hdop>
      </trkpt>
      <trkpt lat="52.7932486" lon="24.3621092">
        <ele>183</ele>
        <time>2024-01-13T11:02:57Z</time>
        <hdop>1.5</hdop>
        <extensions>
          <speed>0.47</speed>
        </extensions>
      </trkpt>
      <trkpt lat="52.7932213" lon="24.362249">
        <ele>182</ele>
        <time>2024-01-13T11:03:08Z</time>
        <hdop>1.5</hdop>
        <extensions>
          <speed>0.58</speed>
        </extensions>
      </trkpt>
      <trkpt lat="52.7931839" lon="24.3623274">
        <ele>183</ele>
        <time>2024-01-13T11:03:18Z</time>
        <hdop>1.5</hdop>
      </trkpt>
      <trkpt lat="52.7931211" lon="24.3623771">
        <ele>181</ele>
        <time>2024-01-13T11:03:29Z</time>
        <hdop>2</hdop>
      </trkpt>
      <trkpt lat="52.7930852" lon="24.362413">
        <ele>182</ele>
        <time>2024-01-13T11:03:40Z</time>
        <hdop>1.5</hdop>
        <extensions>
          <speed>1.11</speed>
        </extensions>
      </trkpt>
      <trkpt lat="52.7930298" lon="24.3624918">
        <ele>180</ele>
        <time>2024-01-13T11:03:50Z</time>
        <hdop>1.5</hdop>
        <extensions>
          <speed>0.07</speed>
        </extensions>
      </trkpt>
      <trkpt lat="52.7930314" lon="24.3624939">
        <ele>181</ele>
        <time>2024-01-13T11:04:01Z</time>
        <hdop>1.5</hdop>
      </trkpt>
      <trkpt lat="52.7929873" lon="24.3625507">
        <ele>182</ele>
        <time>2024-01-13T11:04:12Z</time>
        <hdop>1.5</hdop>
        <extensions>
          <speed>0.74</speed>
        </extensions>
      </trkpt>
      <trkpt lat="52.7929526" lon="24.362618">
        <ele>182</ele>
        <time>2024-01-13T11:04:22Z</time>
        <hdop>1.5</hdop>
      </trkpt>
      <trkpt lat="52.7929526" lon="24.362618">
        <ele>182</ele>
        <time>2024-01-13T11:04:32Z</time>
        <hdop>1.5</hdop>
      </trkpt>
      <trkpt lat="52.7929296" lon="24.3626605">
        <ele>184</ele>
        <time>2024-01-13T11:04:43Z</time>
        <hdop>1.5</hdop>
        <extensions>
          <speed>0.34</speed>
        </extensions>
      </trkpt>
      <trkpt lat="52.7928884" lon="24.3627653">
        <ele>185</ele>
        <time>2024-01-13T11:04:53Z</time>
        <hdop>1.5</hdop>
        <extensions>
          <speed>0.75</speed>
        </extensions>
      </trkpt>
      <trkpt lat="52.7928364" lon="24.3628155">
        <ele>186</ele>
        <time>2024-01-13T11:05:03Z</time>
        <hdop>1.5</hdop>
        <extensions>
          <speed>0.91</speed>
        </extensions>
      </trkpt>
      <trkpt lat="52.7928038" lon="24.362938">
        <ele>186</ele>
        <time>2024-01-13T11:05:14Z</time>
        <hdop>1.5</hdop>
        <extensions>
          <speed>0.43</speed>
        </extensions>
      </trkpt>
      <trkpt lat="52.7927659" lon="24.3630377">
        <ele>187</ele>
        <time>2024-01-13T11:05:25Z</time>
        <hdop>1.5</hdop>
        <extensions>
          <speed>0.31</speed>
        </extensions>
      </trkpt>
      <trkpt lat="52.792769" lon="24.363033">
        <ele>187</ele>
        <time>2024-01-13T11:05:35Z</time>
        <hdop>1.5</hdop>
        <extensions>
          <speed>0.73</speed>
        </extensions>
      </trkpt>
      <trkpt lat="52.7927488" lon="24.3631274">
        <ele>187</ele>
        <time>2024-01-13T11:05:46Z</time>
        <hdop>1.5</hdop>
        <extensions>
          <speed>0.86</speed>
        </extensions>
      </trkpt>
      <trkpt lat="52.7927107" lon="24.3632301">
        <ele>187</ele>
        <time>2024-01-13T11:05:57Z</time>
        <hdop>2</hdop>
        <extensions>
          <speed>0.31</speed>
        </extensions>
      </trkpt>
      <trkpt lat="52.792706" lon="24.3633465">
        <ele>187</ele>
        <time>2024-01-13T11:06:08Z</time>
        <hdop>2.5</hdop>
        <extensions>
          <speed>0.21</speed>
        </extensions>
      </trkpt>
      <trkpt lat="52.7926775" lon="24.3633702">
        <ele>186</ele>
        <time>2024-01-13T11:06:18Z</time>
        <hdop>3</hdop>
      </trkpt>
      <trkpt lat="52.7926508" lon="24.3634172">
        <ele>184</ele>
        <time>2024-01-13T11:06:29Z</time>
        <hdop>2.5</hdop>
        <extensions>
          <speed>0.6</speed>
        </extensions>
      </trkpt>
      <trkpt lat="52.7926027" lon="24.363381">
        <ele>182</ele>
        <time>2024-01-13T11:06:40Z</time>
        <hdop>3</hdop>
      </trkpt>
      <trkpt lat="52.7925645" lon="24.3633584">
        <ele>181</ele>
        <time>2024-01-13T11:06:50Z</time>
        <hdop>2.5</hdop>
        <extensions>
          <speed>0.27</speed>
        </extensions>
      </trkpt>
      <trkpt lat="52.7925139" lon="24.3633268">
        <ele>183</ele>
        <time>2024-01-13T11:07:01Z</time>
        <hdop>2.5</hdop>
      </trkpt>
      <trkpt lat="52.792501" lon="24.3633098">
        <ele>183</ele>
        <time>2024-01-13T11:07:12Z</time>
        <hdop>2</hdop>
      </trkpt>
      <trkpt lat="52.792501" lon="24.3633098">
        <ele>183</ele>
        <time>2024-01-13T11:07:23Z</time>
        <hdop>2.5</hdop>
      </trkpt>
      <trkpt lat="52.792512" lon="24.363329">
        <ele>182</ele>
        <time>2024-01-13T11:07:33Z</time>
        <hdop>2.5</hdop>
      </trkpt>
      <trkpt lat="52.792512" lon="24.363329">
        <ele>182</ele>
        <time>2024-01-13T11:07:43Z</time>
        <hdop>2.5</hdop>
      </trkpt>
      <trkpt lat="52.792512" lon="24.363329">
        <ele>182</ele>
        <time>2024-01-13T11:07:53Z</time>
        <hdop>2.5</hdop>
      </trkpt>
      <trkpt lat="52.792512" lon="24.363329">
        <ele>182</ele>
        <time>2024-01-13T11:08:04Z</time>
        <hdop>2.5</hdop>
      </trkpt>
      <trkpt lat="52.792512" lon="24.363329">
        <ele>182</ele>
        <time>2024-01-13T11:08:14Z</time>
        <hdop>2.5</hdop>
      </trkpt>
      <trkpt lat="52.792512" lon="24.363329">
        <ele>182</ele>
        <time>2024-01-13T11:08:24Z</time>
        <hdop>2.5</hdop>
      </trkpt>
      <trkpt lat="52.792512" lon="24.363329">
        <ele>182</ele>
        <time>2024-01-13T11:08:35Z</time>
        <hdop>2.5</hdop>
      </trkpt>
      <trkpt lat="52.792512" lon="24.363329">
        <ele>182</ele>
        <time>2024-01-13T11:08:45Z</time>
        <hdop>3</hdop>
      </trkpt>
      <trkpt lat="52.7924823" lon="24.3633068">
        <ele>183</ele>
        <time>2024-01-13T11:08:56Z</time>
        <hdop>2</hdop>
        <extensions>
          <speed>0.01</speed>
        </extensions>
      </trkpt>
      <trkpt lat="52.7924869" lon="24.3633063">
        <ele>184</ele>
        <time>2024-01-13T11:09:07Z</time>
        <hdop>2</hdop>
      </trkpt>
      <trkpt lat="52.7924922" lon="24.3632971">
        <ele>185</ele>
        <time>2024-01-13T11:09:18Z</time>
        <hdop>2.5</hdop>
        <extensions>
          <speed>0.08</speed>
        </extensions>
      </trkpt>
      <trkpt lat="52.7924649" lon="24.3633428">
        <ele>186</ele>
        <time>2024-01-13T11:09:28Z</time>
        <hdop>6.5</hdop>
        <extensions>
          <speed>0.67</speed>
        </extensions>
      </trkpt>
      <trkpt lat="52.7925128" lon="24.3632351">
        <ele>188</ele>
        <time>2024-01-13T11:09:39Z</time>
        <hdop>9</hdop>
        <extensions>
          <speed>0.96</speed>
        </extensions>
      </trkpt>
      <trkpt lat="52.7925341" lon="24.3632875">
        <ele>187</ele>
        <time>2024-01-13T11:09:50Z</time>
        <hdop>11</hdop>
        <extensions>
          <speed>0.91</speed>
        </extensions>
      </trkpt>
      <trkpt lat="52.7925105" lon="24.3633063">
        <ele>187</ele>
        <time>2024-01-13T11:10:01Z</time>
        <hdop>11</hdop>
        <extensions>
          <speed>0.65</speed>
        </extensions>
      </trkpt>
      <trkpt lat="52.792487" lon="24.363346">
        <ele>182</ele>
        <time>2024-01-13T11:10:11Z</time>
        <hdop>9</hdop>
        <extensions>
          <speed>0.56</speed>
        </extensions>
      </trkpt>
      <trkpt lat="52.7924959" lon="24.3633471">
        <ele>183</ele>
        <time>2024-01-13T11:10:21Z</time>
        <hdop>7</hdop>
      </trkpt>
      <trkpt lat="52.7925111" lon="24.3633107">
        <ele>184</ele>
        <time>2024-01-13T11:10:32Z</time>
        <hdop>4</hdop>
        <extensions>
          <speed>0.25</speed>
        </extensions>
      </trkpt>
      <trkpt lat="52.7925042" lon="24.3633123">
        <ele>183</ele>
        <time>2024-01-13T11:10:43Z</time>
        <hdop>3.5</hdop>
      </trkpt>
      <trkpt lat="52.7924916" lon="24.3633067">
        <ele>185</ele>
        <time>2024-01-13T11:10:53Z</time>
        <hdop>3</hdop>
        <extensions>
          <speed>1.64</speed>
        </extensions>
      </trkpt>
      <trkpt lat="52.7924826" lon="24.363295">
        <ele>185</ele>
        <time>2024-01-13T11:11:03Z</time>
        <hdop>2.5</hdop>
      </trkpt>
      <trkpt lat="52.792483" lon="24.3633081">
        <ele>185</ele>
        <time>2024-01-13T11:11:14Z</time>
        <hdop>2.5</hdop>
      </trkpt>
      <trkpt lat="52.792483" lon="24.3633081">
        <ele>185</ele>
        <time>2024-01-13T11:11:24Z</time>
        <hdop>2.5</hdop>
      </trkpt>
      <trkpt lat="52.792483" lon="24.3633081">
        <ele>185</ele>
        <time>2024-01-13T11:11:35Z</time>
        <hdop>2</hdop>
      </trkpt>
      <trkpt lat="52.792483" lon="24.3633081">
        <ele>185</ele>
        <time>2024-01-13T11:11:45Z</time>
        <hdop>1.5</hdop>
      </trkpt>
      <trkpt lat="52.792483" lon="24.3633081">
        <ele>185</ele>
        <time>2024-01-13T11:11:56Z</time>
        <hdop>1.5</hdop>
      </trkpt>
      <trkpt lat="52.792483" lon="24.3633081">
        <ele>185</ele>
        <time>2024-01-13T11:12:06Z</time>
        <hdop>2.5</hdop>
      </trkpt>
      <trkpt lat="52.7924916" lon="24.3632948">
        <ele>186</ele>
        <time>2024-01-13T11:12:16Z</time>
        <hdop>2.5</hdop>
      </trkpt>
      <trkpt lat="52.7924916" lon="24.3632948">
        <ele>186</ele>
        <time>2024-01-13T11:12:27Z</time>
        <hdop>2.5</hdop>
      </trkpt>
      <trkpt lat="52.7924847" lon="24.3633034">
        <ele>185</ele>
        <time>2024-01-13T11:12:37Z</time>
        <hdop>2.5</hdop>
      </trkpt>
      <trkpt lat="52.7924847" lon="24.3633034">
        <ele>185</ele>
        <time>2024-01-13T11:12:48Z</time>
        <hdop>2.5</hdop>
      </trkpt>
      <trkpt lat="52.7924908" lon="24.3633018">
        <ele>183</ele>
        <time>2024-01-13T11:12:58Z</time>
        <hdop>2.5</hdop>
      </trkpt>
      <trkpt lat="52.7924908" lon="24.3633018">
        <ele>183</ele>
        <time>2024-01-13T11:13:09Z</time>
        <hdop>2.5</hdop>
      </trkpt>
      <trkpt lat="52.7924908" lon="24.3633018">
        <ele>183</ele>
        <time>2024-01-13T11:13:20Z</time>
        <hdop>2.5</hdop>
      </trkpt>
      <trkpt lat="52.7924908" lon="24.3633018">
        <ele>183</ele>
        <time>2024-01-13T11:13:30Z</time>
        <hdop>2.5</hdop>
      </trkpt>
      <trkpt lat="52.7924908" lon="24.3633018">
        <ele>183</ele>
        <time>2024-01-13T11:13:41Z</time>
        <hdop>2.5</hdop>
      </trkpt>
      <trkpt lat="52.7924908" lon="24.3633018">
        <ele>183</ele>
        <time>2024-01-13T11:13:52Z</time>
        <hdop>2.5</hdop>
      </trkpt>
      <trkpt lat="52.7924944" lon="24.3633053">
        <ele>184</ele>
        <time>2024-01-13T11:14:02Z</time>
        <hdop>2</hdop>
        <extensions>
          <speed>0.03</speed>
        </extensions>
      </trkpt>
      <trkpt lat="52.7924949" lon="24.3633055">
        <ele>184</ele>
        <time>2024-01-13T11:14:12Z</time>
        <hdop>2.5</hdop>
      </trkpt>
      <trkpt lat="52.7924949" lon="24.3633055">
        <ele>184</ele>
        <time>2024-01-13T11:14:23Z</time>
        <hdop>2</hdop>
      </trkpt>
      <trkpt lat="52.7924949" lon="24.3633055">
        <ele>184</ele>
        <time>2024-01-13T11:14:34Z</time>
        <hdop>2</hdop>
      </trkpt>
      <trkpt lat="52.7924949" lon="24.3633055">
        <ele>184</ele>
        <time>2024-01-13T11:14:44Z</time>
        <hdop>2.5</hdop>
      </trkpt>
      <trkpt lat="52.7924949" lon="24.3633055">
        <ele>184</ele>
        <time>2024-01-13T11:14:54Z</time>
        <hdop>2.5</hdop>
      </trkpt>
      <trkpt lat="52.7924949" lon="24.3633055">
        <ele>184</ele>
        <time>2024-01-13T11:15:04Z</time>
        <hdop>2</hdop>
      </trkpt>
      <trkpt lat="52.7924949" lon="24.3633055">
        <ele>184</ele>
        <time>2024-01-13T11:15:15Z</time>
        <hdop>2.5</hdop>
      </trkpt>
      <trkpt lat="52.7924949" lon="24.3633055">
        <ele>184</ele>
        <time>2024-01-13T11:15:26Z</time>
        <hdop>2.5</hdop>
      </trkpt>
      <trkpt lat="52.7924949" lon="24.3633055">
        <ele>184</ele>
        <time>2024-01-13T11:15:36Z</time>
        <hdop>2.5</hdop>
      </trkpt>
      <trkpt lat="52.7924989" lon="24.3633016">
        <ele>185</ele>
        <time>2024-01-13T11:15:47Z</time>
        <hdop>2.5</hdop>
      </trkpt>
      <trkpt lat="52.7924989" lon="24.3633016">
        <ele>185</ele>
        <time>2024-01-13T11:15:57Z</time>
        <hdop>2.5</hdop>
      </trkpt>
      <trkpt lat="52.7924989" lon="24.3633016">
        <ele>185</ele>
        <time>2024-01-13T11:16:07Z</time>
        <hdop>2.5</hdop>
      </trkpt>
      <trkpt lat="52.7924989" lon="24.3633016">
        <ele>185</ele>
        <time>2024-01-13T11:16:18Z</time>
        <hdop>2.5</hdop>
      </trkpt>
      <trkpt lat="52.7924989" lon="24.3633016">
        <ele>185</ele>
        <time>2024-01-13T11:16:29Z</time>
        <hdop>2.5</hdop>
      </trkpt>
      <trkpt lat="52.7924989" lon="24.3633016">
        <ele>185</ele>
        <time>2024-01-13T11:16:40Z</time>
        <hdop>2</hdop>
      </trkpt>
      <trkpt lat="52.7924989" lon="24.3633016">
        <ele>185</ele>
        <time>2024-01-13T11:16:51Z</time>
        <hdop>2</hdop>
      </trkpt>
      <trkpt lat="52.7924989" lon="24.3633016">
        <ele>185</ele>
        <time>2024-01-13T11:17:02Z</time>
        <hdop>2.5</hdop>
      </trkpt>
      <trkpt lat="52.7925039" lon="24.3633078">
        <ele>186</ele>
        <time>2024-01-13T11:17:12Z</time>
        <hdop>2.5</hdop>
      </trkpt>
      <trkpt lat="52.7925039" lon="24.3633078">
        <ele>186</ele>
        <time>2024-01-13T11:17:23Z</time>
        <hdop>2.5</hdop>
      </trkpt>
      <trkpt lat="52.7925039" lon="24.3633078">
        <ele>186</ele>
        <time>2024-01-13T11:17:33Z</time>
        <hdop>2</hdop>
      </trkpt>
      <trkpt lat="52.7925191" lon="24.3632962">
        <ele>186</ele>
        <time>2024-01-13T11:17:44Z</time>
        <hdop>4.5</hdop>
        <extensions>
          <speed>0.12</speed>
        </extensions>
      </trkpt>
      <trkpt lat="52.7925017" lon="24.3632954">
        <ele>185</ele>
        <time>2024-01-13T11:17:55Z</time>
        <hdop>4</hdop>
      </trkpt>
      <trkpt lat="52.7925037" lon="24.3632889">
        <ele>186</ele>
        <time>2024-01-13T11:18:05Z</time>
        <hdop>3.5</hdop>
      </trkpt>
      <trkpt lat="52.7925037" lon="24.3632889">
        <ele>186</ele>
        <time>2024-01-13T11:18:15Z</time>
        <hdop>3</hdop>
      </trkpt>
      <trkpt lat="52.7925037" lon="24.3632889">
        <ele>186</ele>
        <time>2024-01-13T11:18:26Z</time>
        <hdop>3</hdop>
      </trkpt>
      <trkpt lat="52.7925054" lon="24.3632849">
        <ele>186</ele>
        <time>2024-01-13T11:18:37Z</time>
        <hdop>3.5</hdop>
      </trkpt>
      <trkpt lat="52.7925052" lon="24.3632836">
        <ele>186</ele>
        <time>2024-01-13T11:18:47Z</time>
        <hdop>3</hdop>
      </trkpt>
      <trkpt lat="52.7925052" lon="24.3632836">
        <ele>186</ele>
        <time>2024-01-13T11:18:57Z</time>
        <hdop>3.5</hdop>
      </trkpt>
      <trkpt lat="52.7925027" lon="24.3632831">
        <ele>187</ele>
        <time>2024-01-13T11:19:08Z</time>
        <hdop>3</hdop>
      </trkpt>
      <trkpt lat="52.7925022" lon="24.363283">
        <ele>187</ele>
        <time>2024-01-13T11:19:19Z</time>
        <hdop>3</hdop>
      </trkpt>
      <trkpt lat="52.7925006" lon="24.3632828">
        <ele>187</ele>
        <time>2024-01-13T11:19:30Z</time>
        <hdop>3</hdop>
      </trkpt>
      <trkpt lat="52.7925012" lon="24.3632822">
        <ele>188</ele>
        <time>2024-01-13T11:19:41Z</time>
        <hdop>3</hdop>
      </trkpt>
      <trkpt lat="52.7925012" lon="24.3632827">
        <ele>188</ele>
        <time>2024-01-13T11:19:51Z</time>
        <hdop>3</hdop>
      </trkpt>
      <trkpt lat="52.7925004" lon="24.3632884">
        <ele>188</ele>
        <time>2024-01-13T11:20:02Z</time>
        <hdop>3</hdop>
      </trkpt>
      <trkpt lat="52.7925009" lon="24.3632879">
        <ele>188</ele>
        <time>2024-01-13T11:20:12Z</time>
        <hdop>3</hdop>
      </trkpt>
      <trkpt lat="52.7925013" lon="24.3632875">
        <ele>188</ele>
        <time>2024-01-13T11:20:22Z</time>
        <hdop>2.5</hdop>
      </trkpt>
      <trkpt lat="52.792501" lon="24.3632887">
        <ele>188</ele>
        <time>2024-01-13T11:20:33Z</time>
        <hdop>2.5</hdop>
      </trkpt>
      <trkpt lat="52.792501" lon="24.3632887">
        <ele>188</ele>
        <time>2024-01-13T11:20:44Z</time>
        <hdop>2.5</hdop>
      </trkpt>
      <trkpt lat="52.792501" lon="24.3632887">
        <ele>188</ele>
        <time>2024-01-13T11:20:55Z</time>
        <hdop>2.5</hdop>
      </trkpt>
      <trkpt lat="52.792501" lon="24.3632887">
        <ele>188</ele>
        <time>2024-01-13T11:21:06Z</time>
        <hdop>2.5</hdop>
      </trkpt>
      <trkpt lat="52.792501" lon="24.3632887">
        <ele>188</ele>
        <time>2024-01-13T11:21:17Z</time>
        <hdop>2.5</hdop>
      </trkpt>
      <trkpt lat="52.792501" lon="24.3632887">
        <ele>188</ele>
        <time>2024-01-13T11:21:27Z</time>
        <hdop>2.5</hdop>
      </trkpt>
      <trkpt lat="52.792501" lon="24.3632887">
        <ele>188</ele>
        <time>2024-01-13T11:21:38Z</time>
        <hdop>2.5</hdop>
      </trkpt>
      <trkpt lat="52.7925013" lon="24.3632899">
        <ele>188</ele>
        <time>2024-01-13T11:21:48Z</time>
        <hdop>2.5</hdop>
      </trkpt>
      <trkpt lat="52.792502" lon="24.3632909">
        <ele>188</ele>
        <time>2024-01-13T11:21:59Z</time>
        <hdop>2.5</hdop>
      </trkpt>
      <trkpt lat="52.792502" lon="24.3632909">
        <ele>188</ele>
        <time>2024-01-13T11:22:09Z</time>
        <hdop>2.5</hdop>
      </trkpt>
      <trkpt lat="52.792501" lon="24.3632931">
        <ele>188</ele>
        <time>2024-01-13T11:22:20Z</time>
        <hdop>2.5</hdop>
      </trkpt>
      <trkpt lat="52.792501" lon="24.3632935">
        <ele>188</ele>
        <time>2024-01-13T11:22:31Z</time>
        <hdop>2.5</hdop>
      </trkpt>
      <trkpt lat="52.7925015" lon="24.3632925">
        <ele>188</ele>
        <time>2024-01-13T11:22:42Z</time>
        <hdop>2.5</hdop>
      </trkpt>
      <trkpt lat="52.7925015" lon="24.3632915">
        <ele>188</ele>
        <time>2024-01-13T11:22:53Z</time>
        <hdop>2.5</hdop>
      </trkpt>
      <trkpt lat="52.7925015" lon="24.3632915">
        <ele>188</ele>
        <time>2024-01-13T11:23:04Z</time>
        <hdop>2.5</hdop>
      </trkpt>
      <trkpt lat="52.7925006" lon="24.3632915">
        <ele>188</ele>
        <time>2024-01-13T11:23:14Z</time>
        <hdop>2.5</hdop>
      </trkpt>
      <trkpt lat="52.7925006" lon="24.3632915">
        <ele>188</ele>
        <time>2024-01-13T11:23:25Z</time>
        <hdop>2.5</hdop>
      </trkpt>
      <trkpt lat="52.7924987" lon="24.3632908">
        <ele>188</ele>
        <time>2024-01-13T11:23:36Z</time>
        <hdop>2.5</hdop>
      </trkpt>
      <trkpt lat="52.7924987" lon="24.3632908">
        <ele>188</ele>
        <time>2024-01-13T11:23:46Z</time>
        <hdop>2</hdop>
      </trkpt>
      <trkpt lat="52.7924803" lon="24.3633028">
        <ele>188</ele>
        <time>2024-01-13T11:23:57Z</time>
        <hdop>4</hdop>
        <extensions>
          <speed>0.22</speed>
        </extensions>
      </trkpt>
      <trkpt lat="52.7924789" lon="24.3633056">
        <ele>187</ele>
        <time>2024-01-13T11:24:07Z</time>
        <hdop>4</hdop>
      </trkpt>
      <trkpt lat="52.7924789" lon="24.3633056">
        <ele>187</ele>
        <time>2024-01-13T11:24:18Z</time>
        <hdop>3.5</hdop>
      </trkpt>
      <trkpt lat="52.7924789" lon="24.3633056">
        <ele>187</ele>
        <time>2024-01-13T11:24:28Z</time>
        <hdop>3</hdop>
      </trkpt>
      <trkpt lat="52.792481" lon="24.3632986">
        <ele>187</ele>
        <time>2024-01-13T11:24:39Z</time>
        <hdop>2.5</hdop>
      </trkpt>
      <trkpt lat="52.792493" lon="24.3632937">
        <ele>186</ele>
        <time>2024-01-13T11:24:50Z</time>
        <hdop>3.5</hdop>
      </trkpt>
      <trkpt lat="52.7924895" lon="24.3632697">
        <ele>183</ele>
        <time>2024-01-13T11:25:01Z</time>
        <hdop>4</hdop>
      </trkpt>
      <trkpt lat="52.7925032" lon="24.3632723">
        <ele>184</ele>
        <time>2024-01-13T11:25:12Z</time>
        <hdop>3.5</hdop>
        <extensions>
          <speed>0.71</speed>
        </extensions>
      </trkpt>
      <trkpt lat="52.7925089" lon="24.3632846">
        <ele>185</ele>
        <time>2024-01-13T11:25:23Z</time>
        <hdop>2.5</hdop>
      </trkpt>
      <trkpt lat="52.7925089" lon="24.3632846">
        <ele>185</ele>
        <time>2024-01-13T11:25:33Z</time>
        <hdop>2</hdop>
      </trkpt>
      <trkpt lat="52.7925089" lon="24.3632846">
        <ele>185</ele>
        <time>2024-01-13T11:25:44Z</time>
        <hdop>2</hdop>
      </trkpt>
      <trkpt lat="52.7925089" lon="24.3632846">
        <ele>185</ele>
        <time>2024-01-13T11:25:54Z</time>
        <hdop>1.5</hdop>
      </trkpt>
      <trkpt lat="52.7925089" lon="24.3632846">
        <ele>185</ele>
        <time>2024-01-13T11:26:04Z</time>
        <hdop>2</hdop>
      </trkpt>
      <trkpt lat="52.7925089" lon="24.3632846">
        <ele>185</ele>
        <time>2024-01-13T11:26:15Z</time>
        <hdop>1.5</hdop>
      </trkpt>
      <trkpt lat="52.7925089" lon="24.3632846">
        <ele>185</ele>
        <time>2024-01-13T11:26:25Z</time>
        <hdop>1.5</hdop>
      </trkpt>
      <trkpt lat="52.7925089" lon="24.3632846">
        <ele>185</ele>
        <time>2024-01-13T11:26:36Z</time>
        <hdop>1.5</hdop>
      </trkpt>
      <trkpt lat="52.7925089" lon="24.3632846">
        <ele>185</ele>
        <time>2024-01-13T11:26:47Z</time>
        <hdop>1.5</hdop>
      </trkpt>
      <trkpt lat="52.7925089" lon="24.3632846">
        <ele>185</ele>
        <time>2024-01-13T11:26:58Z</time>
        <hdop>5.5</hdop>
      </trkpt>
      <trkpt lat="52.7925089" lon="24.3632846">
        <ele>185</ele>
        <time>2024-01-13T11:27:08Z</time>
        <hdop>5.5</hdop>
      </trkpt>
      <trkpt lat="52.7925089" lon="24.3632846">
        <ele>185</ele>
        <time>2024-01-13T11:27:19Z</time>
        <hdop>5.5</hdop>
      </trkpt>
      <trkpt lat="52.7925044" lon="24.3632746">
        <ele>184</ele>
        <time>2024-01-13T11:27:30Z</time>
        <hdop>6.5</hdop>
      </trkpt>
      <trkpt lat="52.7924971" lon="24.3632771">
        <ele>182</ele>
        <time>2024-01-13T11:27:40Z</time>
        <hdop>7</hdop>
      </trkpt>
      <trkpt lat="52.7924971" lon="24.3632771">
        <ele>182</ele>
        <time>2024-01-13T11:27:51Z</time>
        <hdop>6.5</hdop>
      </trkpt>
      <trkpt lat="52.7924971" lon="24.3632771">
        <ele>182</ele>
        <time>2024-01-13T11:28:01Z</time>
        <hdop>6</hdop>
      </trkpt>
      <trkpt lat="52.7924971" lon="24.3632771">
        <ele>182</ele>
        <time>2024-01-13T11:28:12Z</time>
        <hdop>4.5</hdop>
      </trkpt>
      <trkpt lat="52.7924971" lon="24.3632771">
        <ele>182</ele>
        <time>2024-01-13T11:28:22Z</time>
        <hdop>4</hdop>
      </trkpt>
      <trkpt lat="52.7924971" lon="24.3632771">
        <ele>182</ele>
        <time>2024-01-13T11:28:32Z</time>
        <hdop>4</hdop>
      </trkpt>
      <trkpt lat="52.7924971" lon="24.3632771">
        <ele>182</ele>
        <time>2024-01-13T11:28:42Z</time>
        <hdop>3.5</hdop>
      </trkpt>
      <trkpt lat="52.7924971" lon="24.3632771">
        <ele>182</ele>
        <time>2024-01-13T11:28:53Z</time>
        <hdop>5.5</hdop>
      </trkpt>
      <trkpt lat="52.7924999" lon="24.3632812">
        <ele>183</ele>
        <time>2024-01-13T11:29:03Z</time>
        <hdop>5.5</hdop>
      </trkpt>
      <trkpt lat="52.7924899" lon="24.3632858">
        <ele>179</ele>
        <time>2024-01-13T11:29:13Z</time>
        <hdop>3.5</hdop>
      </trkpt>
      <trkpt lat="52.7924924" lon="24.3632838">
        <ele>181</ele>
        <time>2024-01-13T11:29:24Z</time>
        <hdop>4</hdop>
      </trkpt>
      <trkpt lat="52.7924973" lon="24.3632828">
        <ele>184</ele>
        <time>2024-01-13T11:29:35Z</time>
        <hdop>3.5</hdop>
      </trkpt>
      <trkpt lat="52.7924973" lon="24.3632828">
        <ele>184</ele>
        <time>2024-01-13T11:29:45Z</time>
        <hdop>3.5</hdop>
      </trkpt>
      <trkpt lat="52.7924973" lon="24.3632828">
        <ele>184</ele>
        <time>2024-01-13T11:29:56Z</time>
        <hdop>3.5</hdop>
      </trkpt>
      <trkpt lat="52.7924973" lon="24.3632828">
        <ele>184</ele>
        <time>2024-01-13T11:30:06Z</time>
        <hdop>2.5</hdop>
      </trkpt>
      <trkpt lat="52.7924973" lon="24.3632828">
        <ele>184</ele>
        <time>2024-01-13T11:30:17Z</time>
        <hdop>3</hdop>
      </trkpt>
      <trkpt lat="52.7924973" lon="24.3632828">
        <ele>184</ele>
        <time>2024-01-13T11:30:27Z</time>
        <hdop>4</hdop>
      </trkpt>
      <trkpt lat="52.7924973" lon="24.3632828">
        <ele>184</ele>
        <time>2024-01-13T11:30:37Z</time>
        <hdop>4</hdop>
      </trkpt>
      <trkpt lat="52.7924973" lon="24.3632828">
        <ele>184</ele>
        <time>2024-01-13T11:30:48Z</time>
        <hdop>3.5</hdop>
      </trkpt>
      <trkpt lat="52.7925207" lon="24.3633106">
        <ele>188</ele>
        <time>2024-01-13T11:30:58Z</time>
        <hdop>3</hdop>
      </trkpt>
      <trkpt lat="52.7925123" lon="24.3632863">
        <ele>189</ele>
        <time>2024-01-13T11:31:09Z</time>
        <hdop>6.5</hdop>
      </trkpt>
      <trkpt lat="52.7925123" lon="24.3632863">
        <ele>189</ele>
        <time>2024-01-13T11:31:20Z</time>
        <hdop>6</hdop>
      </trkpt>
      <trkpt lat="52.7925123" lon="24.3632863">
        <ele>189</ele>
        <time>2024-01-13T11:31:31Z</time>
        <hdop>6</hdop>
      </trkpt>
      <trkpt lat="52.7925123" lon="24.3632863">
        <ele>189</ele>
        <time>2024-01-13T11:31:41Z</time>
        <hdop>4.5</hdop>
      </trkpt>
      <trkpt lat="52.7925123" lon="24.3632863">
        <ele>189</ele>
        <time>2024-01-13T11:31:52Z</time>
        <hdop>4</hdop>
      </trkpt>
      <trkpt lat="52.7925123" lon="24.3632863">
        <ele>189</ele>
        <time>2024-01-13T11:32:03Z</time>
        <hdop>4</hdop>
      </trkpt>
      <trkpt lat="52.7925123" lon="24.3632863">
        <ele>189</ele>
        <time>2024-01-13T11:32:14Z</time>
        <hdop>4</hdop>
      </trkpt>
      <trkpt lat="52.7925123" lon="24.3632863">
        <ele>189</ele>
        <time>2024-01-13T11:32:25Z</time>
        <hdop>3</hdop>
      </trkpt>
      <trkpt lat="52.7925123" lon="24.3632863">
        <ele>189</ele>
        <time>2024-01-13T11:32:35Z</time>
        <hdop>2.5</hdop>
      </trkpt>
      <trkpt lat="52.7925123" lon="24.3632863">
        <ele>189</ele>
        <time>2024-01-13T11:32:46Z</time>
        <hdop>3</hdop>
      </trkpt>
      <trkpt lat="52.7925123" lon="24.3632863">
        <ele>189</ele>
        <time>2024-01-13T11:32:57Z</time>
        <hdop>3</hdop>
      </trkpt>
      <trkpt lat="52.7925123" lon="24.3632863">
        <ele>189</ele>
        <time>2024-01-13T11:33:07Z</time>
        <hdop>3</hdop>
      </trkpt>
      <trkpt lat="52.7925123" lon="24.3632863">
        <ele>189</ele>
        <time>2024-01-13T11:33:17Z</time>
        <hdop>3</hdop>
      </trkpt>
      <trkpt lat="52.7925123" lon="24.3632863">
        <ele>189</ele>
        <time>2024-01-13T11:33:28Z</time>
        <hdop>3</hdop>
      </trkpt>
      <trkpt lat="52.7925123" lon="24.3632863">
        <ele>189</ele>
        <time>2024-01-13T11:33:38Z</time>
        <hdop>3</hdop>
      </trkpt>
      <trkpt lat="52.7925123" lon="24.3632863">
        <ele>189</ele>
        <time>2024-01-13T11:33:49Z</time>
        <hdop>3</hdop>
      </trkpt>
      <trkpt lat="52.7925123" lon="24.3632863">
        <ele>189</ele>
        <time>2024-01-13T11:33:59Z</time>
        <hdop>3</hdop>
      </trkpt>
      <trkpt lat="52.7925123" lon="24.3632863">
        <ele>189</ele>
        <time>2024-01-13T11:34:10Z</time>
        <hdop>3</hdop>
      </trkpt>
      <trkpt lat="52.7925123" lon="24.3632863">
        <ele>189</ele>
        <time>2024-01-13T11:34:21Z</time>
        <hdop>3</hdop>
      </trkpt>
      <trkpt lat="52.7925123" lon="24.3632863">
        <ele>189</ele>
        <time>2024-01-13T11:34:31Z</time>
        <hdop>3</hdop>
      </trkpt>
      <trkpt lat="52.7925126" lon="24.3632894">
        <ele>189</ele>
        <time>2024-01-13T11:34:42Z</time>
        <hdop>3</hdop>
      </trkpt>
      <trkpt lat="52.7925126" lon="24.3632894">
        <ele>189</ele>
        <time>2024-01-13T11:34:53Z</time>
        <hdop>3</hdop>
      </trkpt>
      <trkpt lat="52.7925126" lon="24.3632894">
        <ele>189</ele>
        <time>2024-01-13T11:35:03Z</time>
        <hdop>3.5</hdop>
      </trkpt>
      <trkpt lat="52.7925126" lon="24.3632894">
        <ele>189</ele>
        <time>2024-01-13T11:35:14Z</time>
        <hdop>3</hdop>
      </trkpt>
      <trkpt lat="52.7925126" lon="24.3632894">
        <ele>189</ele>
        <time>2024-01-13T11:35:25Z</time>
        <hdop>3</hdop>
      </trkpt>
      <trkpt lat="52.7925126" lon="24.3632894">
        <ele>189</ele>
        <time>2024-01-13T11:35:35Z</time>
        <hdop>3.5</hdop>
      </trkpt>
      <trkpt lat="52.7925126" lon="24.3632933">
        <ele>189</ele>
        <time>2024-01-13T11:35:46Z</time>
        <hdop>2.5</hdop>
      </trkpt>
      <trkpt lat="52.7925126" lon="24.3632931">
        <ele>189</ele>
        <time>2024-01-13T11:35:57Z</time>
        <hdop>3</hdop>
      </trkpt>
      <trkpt lat="52.7925126" lon="24.3632931">
        <ele>189</ele>
        <time>2024-01-13T11:36:07Z</time>
        <hdop>2</hdop>
      </trkpt>
      <trkpt lat="52.7925126" lon="24.3632931">
        <ele>189</ele>
        <time>2024-01-13T11:36:18Z</time>
        <hdop>2</hdop>
      </trkpt>
      <trkpt lat="52.7925126" lon="24.3632931">
        <ele>189</ele>
        <time>2024-01-13T11:36:29Z</time>
        <hdop>2</hdop>
      </trkpt>
      <trkpt lat="52.7925146" lon="24.3632928">
        <ele>189</ele>
        <time>2024-01-13T11:36:40Z</time>
        <hdop>2.5</hdop>
        <extensions>
          <speed>0.07</speed>
        </extensions>
      </trkpt>
      <trkpt lat="52.7925144" lon="24.3632801">
        <ele>188</ele>
        <time>2024-01-13T11:36:50Z</time>
        <hdop>2.5</hdop>
      </trkpt>
      <trkpt lat="52.7925109" lon="24.3632816">
        <ele>188</ele>
        <time>2024-01-13T11:37:00Z</time>
        <hdop>2.5</hdop>
      </trkpt>
      <trkpt lat="52.7925107" lon="24.3632745">
        <ele>188</ele>
        <time>2024-01-13T11:37:11Z</time>
        <hdop>2.5</hdop>
      </trkpt>
      <trkpt lat="52.7925107" lon="24.3632747">
        <ele>188</ele>
        <time>2024-01-13T11:37:21Z</time>
        <hdop>2.5</hdop>
      </trkpt>
      <trkpt lat="52.7925111" lon="24.3632756">
        <ele>188</ele>
        <time>2024-01-13T11:37:32Z</time>
        <hdop>2.5</hdop>
      </trkpt>
      <trkpt lat="52.7925131" lon="24.3632774">
        <ele>188</ele>
        <time>2024-01-13T11:37:42Z</time>
        <hdop>2.5</hdop>
      </trkpt>
      <trkpt lat="52.7925137" lon="24.3632788">
        <ele>188</ele>
        <time>2024-01-13T11:37:52Z</time>
        <hdop>2</hdop>
      </trkpt>
      <trkpt lat="52.7925137" lon="24.3632788">
        <ele>188</ele>
        <time>2024-01-13T11:38:02Z</time>
        <hdop>2.5</hdop>
      </trkpt>
      <trkpt lat="52.7925142" lon="24.3632835">
        <ele>188</ele>
        <time>2024-01-13T11:38:12Z</time>
        <hdop>2.5</hdop>
      </trkpt>
      <trkpt lat="52.7925142" lon="24.3632837">
        <ele>188</ele>
        <time>2024-01-13T11:38:23Z</time>
        <hdop>2.5</hdop>
      </trkpt>
      <trkpt lat="52.7925142" lon="24.3632837">
        <ele>188</ele>
        <time>2024-01-13T11:38:34Z</time>
        <hdop>2.5</hdop>
      </trkpt>
      <trkpt lat="52.7925142" lon="24.3632837">
        <ele>188</ele>
        <time>2024-01-13T11:38:44Z</time>
        <hdop>2.5</hdop>
      </trkpt>
      <trkpt lat="52.792515" lon="24.3632828">
        <ele>188</ele>
        <time>2024-01-13T11:38:55Z</time>
        <hdop>2</hdop>
      </trkpt>
      <trkpt lat="52.792515" lon="24.3632828">
        <ele>188</ele>
        <time>2024-01-13T11:39:06Z</time>
        <hdop>2.5</hdop>
      </trkpt>
      <trkpt lat="52.79251" lon="24.3632774">
        <ele>188</ele>
        <time>2024-01-13T11:39:16Z</time>
        <hdop>2</hdop>
      </trkpt>
      <trkpt lat="52.7925097" lon="24.363277">
        <ele>188</ele>
        <time>2024-01-13T11:39:27Z</time>
        <hdop>2</hdop>
      </trkpt>
      <trkpt lat="52.7925097" lon="24.3632775">
        <ele>188</ele>
        <time>2024-01-13T11:39:38Z</time>
        <hdop>2.5</hdop>
        <extensions>
          <speed>0.01</speed>
        </extensions>
      </trkpt>
      <trkpt lat="52.7925097" lon="24.3632772">
        <ele>188</ele>
        <time>2024-01-13T11:39:48Z</time>
        <hdop>2</hdop>
      </trkpt>
      <trkpt lat="52.7925097" lon="24.3632772">
        <ele>188</ele>
        <time>2024-01-13T11:39:59Z</time>
        <hdop>2</hdop>
      </trkpt>
      <trkpt lat="52.7925097" lon="24.3632772">
        <ele>188</ele>
        <time>2024-01-13T11:40:10Z</time>
        <hdop>2.5</hdop>
      </trkpt>
      <trkpt lat="52.7925097" lon="24.3632772">
        <ele>188</ele>
        <time>2024-01-13T11:40:20Z</time>
        <hdop>2</hdop>
      </trkpt>
      <trkpt lat="52.7925097" lon="24.3632772">
        <ele>188</ele>
        <time>2024-01-13T11:40:31Z</time>
        <hdop>3</hdop>
      </trkpt>
      <trkpt lat="52.7925097" lon="24.3632772">
        <ele>188</ele>
        <time>2024-01-13T11:40:41Z</time>
        <hdop>2.5</hdop>
      </trkpt>
      <trkpt lat="52.7925097" lon="24.3632772">
        <ele>188</ele>
        <time>2024-01-13T11:40:51Z</time>
        <hdop>2</hdop>
      </trkpt>
      <trkpt lat="52.7925097" lon="24.3632772">
        <ele>188</ele>
        <time>2024-01-13T11:41:02Z</time>
        <hdop>2.5</hdop>
      </trkpt>
      <trkpt lat="52.7925097" lon="24.3632772">
        <ele>188</ele>
        <time>2024-01-13T11:41:12Z</time>
        <hdop>2.5</hdop>
      </trkpt>
      <trkpt lat="52.7925097" lon="24.3632772">
        <ele>188</ele>
        <time>2024-01-13T11:41:22Z</time>
        <hdop>2.5</hdop>
      </trkpt>
      <trkpt lat="52.7925097" lon="24.3632772">
        <ele>188</ele>
        <time>2024-01-13T11:41:33Z</time>
        <hdop>2</hdop>
      </trkpt>
      <trkpt lat="52.7925097" lon="24.3632772">
        <ele>188</ele>
        <time>2024-01-13T11:41:43Z</time>
        <hdop>2</hdop>
      </trkpt>
      <trkpt lat="52.792521" lon="24.3633036">
        <ele>188</ele>
        <time>2024-01-13T11:41:54Z</time>
        <hdop>2</hdop>
        <extensions>
          <speed>0.1</speed>
        </extensions>
      </trkpt>
      <trkpt lat="52.7925225" lon="24.3633051">
        <ele>187</ele>
        <time>2024-01-13T11:42:04Z</time>
        <hdop>2</hdop>
      </trkpt>
      <trkpt lat="52.7925207" lon="24.3633135">
        <ele>189</ele>
        <time>2024-01-13T11:42:14Z</time>
        <hdop>2</hdop>
      </trkpt>
      <trkpt lat="52.7925207" lon="24.3633135">
        <ele>189</ele>
        <time>2024-01-13T11:42:25Z</time>
        <hdop>2.5</hdop>
      </trkpt>
      <trkpt lat="52.7925166" lon="24.3632967">
        <ele>189</ele>
        <time>2024-01-13T11:42:35Z</time>
        <hdop>2.5</hdop>
      </trkpt>
      <trkpt lat="52.7925166" lon="24.3632967">
        <ele>189</ele>
        <time>2024-01-13T11:42:46Z</time>
        <hdop>2</hdop>
      </trkpt>
      <trkpt lat="52.7925166" lon="24.3632967">
        <ele>189</ele>
        <time>2024-01-13T11:42:57Z</time>
        <hdop>2</hdop>
      </trkpt>
      <trkpt lat="52.7925036" lon="24.3633052">
        <ele>187</ele>
        <time>2024-01-13T11:43:08Z</time>
        <hdop>2</hdop>
      </trkpt>
      <trkpt lat="52.7925036" lon="24.3633052">
        <ele>187</ele>
        <time>2024-01-13T11:43:18Z</time>
        <hdop>2</hdop>
      </trkpt>
      <trkpt lat="52.7925036" lon="24.3633052">
        <ele>187</ele>
        <time>2024-01-13T11:43:28Z</time>
        <hdop>2</hdop>
      </trkpt>
      <trkpt lat="52.7925036" lon="24.3633052">
        <ele>187</ele>
        <time>2024-01-13T11:43:39Z</time>
        <hdop>2</hdop>
      </trkpt>
      <trkpt lat="52.7925004" lon="24.3633115">
        <ele>186</ele>
        <time>2024-01-13T11:43:49Z</time>
        <hdop>2</hdop>
      </trkpt>
      <trkpt lat="52.7925004" lon="24.3633115">
        <ele>186</ele>
        <time>2024-01-13T11:44:00Z</time>
        <hdop>2</hdop>
      </trkpt>
      <trkpt lat="52.7925004" lon="24.3633115">
        <ele>186</ele>
        <time>2024-01-13T11:44:11Z</time>
        <hdop>1.5</hdop>
      </trkpt>
      <trkpt lat="52.7925004" lon="24.3633115">
        <ele>186</ele>
        <time>2024-01-13T11:44:22Z</time>
        <hdop>1.5</hdop>
      </trkpt>
      <trkpt lat="52.7925004" lon="24.3633115">
        <ele>186</ele>
        <time>2024-01-13T11:44:32Z</time>
        <hdop>1.5</hdop>
      </trkpt>
      <trkpt lat="52.7925004" lon="24.3633115">
        <ele>186</ele>
        <time>2024-01-13T11:44:43Z</time>
        <hdop>2</hdop>
      </trkpt>
      <trkpt lat="52.7925004" lon="24.3633115">
        <ele>186</ele>
        <time>2024-01-13T11:44:53Z</time>
        <hdop>2</hdop>
      </trkpt>
      <trkpt lat="52.7925004" lon="24.3633115">
        <ele>186</ele>
        <time>2024-01-13T11:45:04Z</time>
        <hdop>2</hdop>
      </trkpt>
      <trkpt lat="52.7925004" lon="24.3633115">
        <ele>186</ele>
        <time>2024-01-13T11:45:14Z</time>
        <hdop>2</hdop>
      </trkpt>
      <trkpt lat="52.7925004" lon="24.3633115">
        <ele>186</ele>
        <time>2024-01-13T11:45:24Z</time>
        <hdop>2</hdop>
      </trkpt>
      <trkpt lat="52.7925004" lon="24.3633115">
        <ele>186</ele>
        <time>2024-01-13T11:45:35Z</time>
        <hdop>2</hdop>
      </trkpt>
      <trkpt lat="52.7925004" lon="24.3633115">
        <ele>186</ele>
        <time>2024-01-13T11:45:45Z</time>
        <hdop>2</hdop>
      </trkpt>
      <trkpt lat="52.7924767" lon="24.3632894">
        <ele>184</ele>
        <time>2024-01-13T11:45:56Z</time>
        <hdop>2.5</hdop>
      </trkpt>
      <trkpt lat="52.7924565" lon="24.3631986">
        <ele>180</ele>
        <time>2024-01-13T11:46:07Z</time>
        <hdop>2</hdop>
      </trkpt>
      <trkpt lat="52.7924414" lon="24.3630924">
        <ele>178</ele>
        <time>2024-01-13T11:46:18Z</time>
        <hdop>1.5</hdop>
      </trkpt>
      <trkpt lat="52.7924372" lon="24.3629649">
        <ele>178</ele>
        <time>2024-01-13T11:46:29Z</time>
        <hdop>1.5</hdop>
        <extensions>
          <speed>1.1</speed>
        </extensions>
      </trkpt>
      <trkpt lat="52.7924315" lon="24.3628042">
        <ele>178</ele>
        <time>2024-01-13T11:46:40Z</time>
        <hdop>1.5</hdop>
        <extensions>
          <speed>0.8</speed>
        </extensions>
      </trkpt>
      <trkpt lat="52.7924052" lon="24.3626257">
        <ele>183</ele>
        <time>2024-01-13T11:46:50Z</time>
        <hdop>1.5</hdop>
        <extensions>
          <speed>0.76</speed>
        </extensions>
      </trkpt>
      <trkpt lat="52.7923717" lon="24.3624844">
        <ele>181</ele>
        <time>2024-01-13T11:47:01Z</time>
        <hdop>2</hdop>
        <extensions>
          <speed>0.86</speed>
        </extensions>
      </trkpt>
      <trkpt lat="52.7922947" lon="24.3624092">
        <ele>180</ele>
        <time>2024-01-13T11:47:11Z</time>
        <hdop>2</hdop>
        <extensions>
          <speed>0.93</speed>
        </extensions>
      </trkpt>
      <trkpt lat="52.7922323" lon="24.3623463">
        <ele>179</ele>
        <time>2024-01-13T11:47:21Z</time>
        <hdop>2</hdop>
        <extensions>
          <speed>0.71</speed>
        </extensions>
      </trkpt>
      <trkpt lat="52.7921806" lon="24.3622705">
        <ele>178</ele>
        <time>2024-01-13T11:47:32Z</time>
        <hdop>2</hdop>
        <extensions>
          <speed>0.52</speed>
        </extensions>
      </trkpt>
      <trkpt lat="52.7921147" lon="24.3621804">
        <ele>179</ele>
        <time>2024-01-13T11:47:43Z</time>
        <hdop>2</hdop>
        <extensions>
          <speed>0.32</speed>
        </extensions>
      </trkpt>
      <trkpt lat="52.7920716" lon="24.3620991">
        <ele>181</ele>
        <time>2024-01-13T11:47:53Z</time>
        <hdop>2</hdop>
        <extensions>
          <speed>0.44</speed>
        </extensions>
      </trkpt>
      <trkpt lat="52.792021" lon="24.3619385">
        <ele>182</ele>
        <time>2024-01-13T11:48:04Z</time>
        <hdop>1.5</hdop>
      </trkpt>
      <trkpt lat="52.7919508" lon="24.3618805">
        <ele>181</ele>
        <time>2024-01-13T11:48:15Z</time>
        <hdop>1.5</hdop>
        <extensions>
          <speed>0.41</speed>
        </extensions>
      </trkpt>
      <trkpt lat="52.79191" lon="24.3617793">
        <ele>181</ele>
        <time>2024-01-13T11:48:25Z</time>
        <hdop>1.5</hdop>
        <extensions>
          <speed>0.74</speed>
        </extensions>
      </trkpt>
      <trkpt lat="52.791821" lon="24.3616953">
        <ele>183</ele>
        <time>2024-01-13T11:48:36Z</time>
        <hdop>1.5</hdop>
        <extensions>
          <speed>0.87</speed>
        </extensions>
      </trkpt>
      <trkpt lat="52.7917534" lon="24.361655">
        <ele>184</ele>
        <time>2024-01-13T11:48:47Z</time>
        <hdop>2</hdop>
        <extensions>
          <speed>0.38</speed>
        </extensions>
      </trkpt>
      <trkpt lat="52.791704" lon="24.3615949">
        <ele>183</ele>
        <time>2024-01-13T11:48:57Z</time>
        <hdop>1.5</hdop>
      </trkpt>
      <trkpt lat="52.7916229" lon="24.3615266">
        <ele>184</ele>
        <time>2024-01-13T11:49:08Z</time>
        <hdop>2</hdop>
        <extensions>
          <speed>0.29</speed>
        </extensions>
      </trkpt>
      <trkpt lat="52.7915781" lon="24.3615285">
        <ele>185</ele>
        <time>2024-01-13T11:49:19Z</time>
        <hdop>3</hdop>
        <extensions>
          <speed>0.51</speed>
        </extensions>
      </trkpt>
      <trkpt lat="52.7915547" lon="24.3614957">
        <ele>184</ele>
        <time>2024-01-13T11:49:30Z</time>
        <hdop>3</hdop>
      </trkpt>
      <trkpt lat="52.791566" lon="24.3614149">
        <ele>182</ele>
        <time>2024-01-13T11:49:40Z</time>
        <hdop>2.5</hdop>
        <extensions>
          <speed>0.41</speed>
        </extensions>
      </trkpt>
      <trkpt lat="52.7915645" lon="24.3613301">
        <ele>182</ele>
        <time>2024-01-13T11:49:51Z</time>
        <hdop>2.5</hdop>
      </trkpt>
      <trkpt lat="52.7915503" lon="24.3612728">
        <ele>180</ele>
        <time>2024-01-13T11:50:01Z</time>
        <hdop>2.5</hdop>
      </trkpt>
      <trkpt lat="52.7914865" lon="24.3611666">
        <ele>177</ele>
        <time>2024-01-13T11:50:12Z</time>
        <hdop>2.5</hdop>
        <extensions>
          <speed>0.55</speed>
        </extensions>
      </trkpt>
      <trkpt lat="52.7914667" lon="24.3610741">
        <ele>178</ele>
        <time>2024-01-13T11:50:22Z</time>
        <hdop>2</hdop>
      </trkpt>
      <trkpt lat="52.7914356" lon="24.3610055">
        <ele>180</ele>
        <time>2024-01-13T11:50:33Z</time>
        <hdop>3</hdop>
        <extensions>
          <speed>0.28</speed>
        </extensions>
      </trkpt>
      <trkpt lat="52.7913977" lon="24.3609319">
        <ele>178</ele>
        <time>2024-01-13T11:50:44Z</time>
        <hdop>2.5</hdop>
        <extensions>
          <speed>0.48</speed>
        </extensions>
      </trkpt>
      <trkpt lat="52.7913534" lon="24.3608446">
        <ele>180</ele>
        <time>2024-01-13T11:50:55Z</time>
        <hdop>2.5</hdop>
        <extensions>
          <speed>0.13</speed>
        </extensions>
      </trkpt>
      <trkpt lat="52.7913242" lon="24.3607655">
        <ele>180</ele>
        <time>2024-01-13T11:51:06Z</time>
        <hdop>2.5</hdop>
        <extensions>
          <speed>0.65</speed>
        </extensions>
      </trkpt>
      <trkpt lat="52.7912891" lon="24.3606818">
        <ele>179</ele>
        <time>2024-01-13T11:51:17Z</time>
        <hdop>2.5</hdop>
      </trkpt>
      <trkpt lat="52.7912749" lon="24.3605569">
        <ele>180</ele>
        <time>2024-01-13T11:51:27Z</time>
        <hdop>2.5</hdop>
        <extensions>
          <speed>0.87</speed>
        </extensions>
      </trkpt>
      <trkpt lat="52.7912569" lon="24.3604617">
        <ele>180</ele>
        <time>2024-01-13T11:51:38Z</time>
        <hdop>2</hdop>
        <extensions>
          <speed>0.45</speed>
        </extensions>
      </trkpt>
      <trkpt lat="52.7912507" lon="24.3603508">
        <ele>179</ele>
        <time>2024-01-13T11:51:48Z</time>
        <hdop>3</hdop>
        <extensions>
          <speed>0.71</speed>
        </extensions>
      </trkpt>
      <trkpt lat="52.7912711" lon="24.3602163">
        <ele>179</ele>
        <time>2024-01-13T11:51:59Z</time>
        <hdop>2.5</hdop>
      </trkpt>
      <trkpt lat="52.791271" lon="24.3600543">
        <ele>181</ele>
        <time>2024-01-13T11:52:10Z</time>
        <hdop>2</hdop>
        <extensions>
          <speed>0.78</speed>
        </extensions>
      </trkpt>
      <trkpt lat="52.7912569" lon="24.359951">
        <ele>184</ele>
        <time>2024-01-13T11:52:20Z</time>
        <hdop>2</hdop>
        <extensions>
          <speed>0.82</speed>
        </extensions>
      </trkpt>
      <trkpt lat="52.7912171" lon="24.3599187">
        <ele>185</ele>
        <time>2024-01-13T11:52:31Z</time>
        <hdop>2</hdop>
        <extensions>
          <speed>0.65</speed>
        </extensions>
      </trkpt>
      <trkpt lat="52.7911501" lon="24.3598446">
        <ele>184</ele>
        <time>2024-01-13T11:52:42Z</time>
        <hdop>2</hdop>
        <extensions>
          <speed>0.97</speed>
        </extensions>
      </trkpt>
      <trkpt lat="52.7911226" lon="24.3597969">
        <ele>182</ele>
        <time>2024-01-13T11:52:52Z</time>
        <hdop>2</hdop>
        <extensions>
          <speed>0.16</speed>
        </extensions>
      </trkpt>
      <trkpt lat="52.7910807" lon="24.3597074">
        <ele>181</ele>
        <time>2024-01-13T11:53:03Z</time>
        <hdop>2.5</hdop>
        <extensions>
          <speed>1.09</speed>
        </extensions>
      </trkpt>
      <trkpt lat="52.7910018" lon="24.3596584">
        <ele>181</ele>
        <time>2024-01-13T11:53:14Z</time>
        <hdop>1.5</hdop>
      </trkpt>
      <trkpt lat="52.7909285" lon="24.3595834">
        <ele>180</ele>
        <time>2024-01-13T11:53:25Z</time>
        <hdop>2</hdop>
        <extensions>
          <speed>0.39</speed>
        </extensions>
      </trkpt>
      <trkpt lat="52.7908945" lon="24.3594813">
        <ele>180</ele>
        <time>2024-01-13T11:53:35Z</time>
        <hdop>1.5</hdop>
        <extensions>
          <speed>0.84</speed>
        </extensions>
      </trkpt>
      <trkpt lat="52.7908316" lon="24.3594496">
        <ele>181</ele>
        <time>2024-01-13T11:53:46Z</time>
        <hdop>2</hdop>
      </trkpt>
      <trkpt lat="52.7907845" lon="24.35939">
        <ele>179</ele>
        <time>2024-01-13T11:53:57Z</time>
        <hdop>2</hdop>
        <extensions>
          <speed>0.24</speed>
        </extensions>
      </trkpt>
      <trkpt lat="52.7907071" lon="24.3593115">
        <ele>180</ele>
        <time>2024-01-13T11:54:08Z</time>
        <hdop>1.5</hdop>
        <extensions>
          <speed>0.64</speed>
        </extensions>
      </trkpt>
      <trkpt lat="52.7906352" lon="24.3592449">
        <ele>184</ele>
        <time>2024-01-13T11:54:18Z</time>
        <hdop>2</hdop>
        <extensions>
          <speed>0.92</speed>
        </extensions>
      </trkpt>
      <trkpt lat="52.7905774" lon="24.3591669">
        <ele>184</ele>
        <time>2024-01-13T11:54:29Z</time>
        <hdop>2</hdop>
        <extensions>
          <speed>0.47</speed>
        </extensions>
      </trkpt>
      <trkpt lat="52.7905158" lon="24.3591459">
        <ele>185</ele>
        <time>2024-01-13T11:54:39Z</time>
        <hdop>1.5</hdop>
        <extensions>
          <speed>0.86</speed>
        </extensions>
      </trkpt>
      <trkpt lat="52.7904537" lon="24.3591222">
        <ele>183</ele>
        <time>2024-01-13T11:54:50Z</time>
        <hdop>2</hdop>
        <extensions>
          <speed>0.88</speed>
        </extensions>
      </trkpt>
      <trkpt lat="52.7903807" lon="24.3591303">
        <ele>181</ele>
        <time>2024-01-13T11:55:00Z</time>
        <hdop>2</hdop>
        <extensions>
          <speed>0.57</speed>
        </extensions>
      </trkpt>
      <trkpt lat="52.7903079" lon="24.3591334">
        <ele>182</ele>
        <time>2024-01-13T11:55:10Z</time>
        <hdop>2</hdop>
        <extensions>
          <speed>0.62</speed>
        </extensions>
      </trkpt>
      <trkpt lat="52.7902395" lon="24.3590645">
        <ele>181</ele>
        <time>2024-01-13T11:55:21Z</time>
        <hdop>2</hdop>
        <extensions>
          <speed>0.74</speed>
        </extensions>
      </trkpt>
      <trkpt lat="52.790145" lon="24.3590132">
        <ele>180</ele>
        <time>2024-01-13T11:55:32Z</time>
        <hdop>2</hdop>
        <extensions>
          <speed>0.61</speed>
        </extensions>
      </trkpt>
      <trkpt lat="52.7900753" lon="24.3589529">
        <ele>180</ele>
        <time>2024-01-13T11:55:42Z</time>
        <hdop>2</hdop>
        <extensions>
          <speed>0.32</speed>
        </extensions>
      </trkpt>
      <trkpt lat="52.7900035" lon="24.35892">
        <ele>178</ele>
        <time>2024-01-13T11:55:52Z</time>
        <hdop>2</hdop>
        <extensions>
          <speed>0.58</speed>
        </extensions>
      </trkpt>
      <trkpt lat="52.789922" lon="24.3589299">
        <ele>179</ele>
        <time>2024-01-13T11:56:02Z</time>
        <hdop>2</hdop>
        <extensions>
          <speed>0.81</speed>
        </extensions>
      </trkpt>
      <trkpt lat="52.7898297" lon="24.3589529">
        <ele>178</ele>
        <time>2024-01-13T11:56:13Z</time>
        <hdop>2</hdop>
        <extensions>
          <speed>0.95</speed>
        </extensions>
      </trkpt>
      <trkpt lat="52.7897364" lon="24.35892">
        <ele>181</ele>
        <time>2024-01-13T11:56:24Z</time>
        <hdop>2</hdop>
        <extensions>
          <speed>0.39</speed>
        </extensions>
      </trkpt>
      <trkpt lat="52.789692" lon="24.3588361">
        <ele>182</ele>
        <time>2024-01-13T11:56:34Z</time>
        <hdop>2</hdop>
        <extensions>
          <speed>0.89</speed>
        </extensions>
      </trkpt>
      <trkpt lat="52.7896047" lon="24.3588036">
        <ele>183</ele>
        <time>2024-01-13T11:56:45Z</time>
        <hdop>2</hdop>
        <extensions>
          <speed>0.67</speed>
        </extensions>
      </trkpt>
      <trkpt lat="52.7895373" lon="24.3588563">
        <ele>183</ele>
        <time>2024-01-13T11:56:55Z</time>
        <hdop>2.5</hdop>
        <extensions>
          <speed>0.92</speed>
        </extensions>
      </trkpt>
      <trkpt lat="52.7894916" lon="24.3588501">
        <ele>183</ele>
        <time>2024-01-13T11:57:06Z</time>
        <hdop>1.5</hdop>
      </trkpt>
      <trkpt lat="52.7894376" lon="24.358867">
        <ele>184</ele>
        <time>2024-01-13T11:57:17Z</time>
        <hdop>1.5</hdop>
        <extensions>
          <speed>0.74</speed>
        </extensions>
      </trkpt>
      <trkpt lat="52.789383" lon="24.3589172">
        <ele>186</ele>
        <time>2024-01-13T11:57:27Z</time>
        <hdop>2</hdop>
        <extensions>
          <speed>1</speed>
        </extensions>
      </trkpt>
      <trkpt lat="52.789326" lon="24.3590081">
        <ele>186</ele>
        <time>2024-01-13T11:57:37Z</time>
        <hdop>2</hdop>
        <extensions>
          <speed>0.77</speed>
        </extensions>
      </trkpt>
      <trkpt lat="52.7892469" lon="24.3590599">
        <ele>185</ele>
        <time>2024-01-13T11:57:48Z</time>
        <hdop>2</hdop>
        <extensions>
          <speed>1.02</speed>
        </extensions>
      </trkpt>
      <trkpt lat="52.7891932" lon="24.3591647">
        <ele>185</ele>
        <time>2024-01-13T11:57:58Z</time>
        <hdop>2</hdop>
        <extensions>
          <speed>0.66</speed>
        </extensions>
      </trkpt>
      <trkpt lat="52.7891068" lon="24.3592056">
        <ele>184</ele>
        <time>2024-01-13T11:58:09Z</time>
        <hdop>2</hdop>
        <extensions>
          <speed>0.72</speed>
        </extensions>
      </trkpt>
      <trkpt lat="52.7890376" lon="24.359259">
        <ele>183</ele>
        <time>2024-01-13T11:58:19Z</time>
        <hdop>2</hdop>
        <extensions>
          <speed>1.06</speed>
        </extensions>
      </trkpt>
      <trkpt lat="52.7889773" lon="24.3593749">
        <ele>186</ele>
        <time>2024-01-13T11:58:30Z</time>
        <hdop>2</hdop>
        <extensions>
          <speed>0.66</speed>
        </extensions>
      </trkpt>
      <trkpt lat="52.7889676" lon="24.359413">
        <ele>187</ele>
        <time>2024-01-13T11:58:40Z</time>
        <hdop>2</hdop>
      </trkpt>
      <trkpt lat="52.7889676" lon="24.359413">
        <ele>187</ele>
        <time>2024-01-13T11:58:51Z</time>
        <hdop>2</hdop>
      </trkpt>
      <trkpt lat="52.7889407" lon="24.3594465">
        <ele>186</ele>
        <time>2024-01-13T11:59:02Z</time>
        <hdop>2</hdop>
        <extensions>
          <speed>0.54</speed>
        </extensions>
      </trkpt>
      <trkpt lat="52.7889228" lon="24.3594805">
        <ele>187</ele>
        <time>2024-01-13T11:59:13Z</time>
        <hdop>1.5</hdop>
        <extensions>
          <speed>0.24</speed>
        </extensions>
      </trkpt>
      <trkpt lat="52.7889239" lon="24.3594805">
        <ele>186</ele>
        <time>2024-01-13T11:59:24Z</time>
        <hdop>1.5</hdop>
      </trkpt>
      <trkpt lat="52.7888648" lon="24.3595255">
        <ele>186</ele>
        <time>2024-01-13T11:59:34Z</time>
        <hdop>2</hdop>
        <extensions>
          <speed>0.78</speed>
        </extensions>
      </trkpt>
      <trkpt lat="52.7888089" lon="24.3595821">
        <ele>184</ele>
        <time>2024-01-13T11:59:45Z</time>
        <hdop>2.5</hdop>
        <extensions>
          <speed>0.39</speed>
        </extensions>
      </trkpt>
      <trkpt lat="52.7888142" lon="24.3595747">
        <ele>185</ele>
        <time>2024-01-13T11:59:56Z</time>
        <hdop>2</hdop>
        <extensions>
          <speed>0.24</speed>
        </extensions>
      </trkpt>
      <trkpt lat="52.7888118" lon="24.3595645">
        <ele>185</ele>
        <time>2024-01-13T12:00:07Z</time>
        <hdop>2</hdop>
        <extensions>
          <speed>0.32</speed>
        </extensions>
      </trkpt>
      <trkpt lat="52.7887982" lon="24.3595736">
        <ele>184</ele>
        <time>2024-01-13T12:00:17Z</time>
        <hdop>1.5</hdop>
        <extensions>
          <speed>0.39</speed>
        </extensions>
      </trkpt>
      <trkpt lat="52.7887723" lon="24.3595903">
        <ele>183</ele>
        <time>2024-01-13T12:00:27Z</time>
        <hdop>2</hdop>
        <extensions>
          <speed>0.45</speed>
        </extensions>
      </trkpt>
      <trkpt lat="52.7887378" lon="24.3596235">
        <ele>184</ele>
        <time>2024-01-13T12:00:38Z</time>
        <hdop>1.5</hdop>
      </trkpt>
      <trkpt lat="52.7887286" lon="24.3596199">
        <ele>185</ele>
        <time>2024-01-13T12:00:48Z</time>
        <hdop>2</hdop>
        <extensions>
          <speed>0.25</speed>
        </extensions>
      </trkpt>
      <trkpt lat="52.7887114" lon="24.3596269">
        <ele>186</ele>
        <time>2024-01-13T12:00:59Z</time>
        <hdop>2</hdop>
      </trkpt>
      <trkpt lat="52.7886611" lon="24.3596385">
        <ele>184</ele>
        <time>2024-01-13T12:01:09Z</time>
        <hdop>2</hdop>
        <extensions>
          <speed>0.65</speed>
        </extensions>
      </trkpt>
      <trkpt lat="52.7886296" lon="24.359636">
        <ele>185</ele>
        <time>2024-01-13T12:01:20Z</time>
        <hdop>3</hdop>
      </trkpt>
      <trkpt lat="52.7886296" lon="24.359636">
        <ele>185</ele>
        <time>2024-01-13T12:01:30Z</time>
        <hdop>3</hdop>
      </trkpt>
      <trkpt lat="52.7885958" lon="24.3596207">
        <ele>184</ele>
        <time>2024-01-13T12:01:41Z</time>
        <hdop>2.5</hdop>
        <extensions>
          <speed>0.7</speed>
        </extensions>
      </trkpt>
      <trkpt lat="52.7885127" lon="24.3595881">
        <ele>183</ele>
        <time>2024-01-13T12:01:51Z</time>
        <hdop>2</hdop>
        <extensions>
          <speed>0.75</speed>
        </extensions>
      </trkpt>
      <trkpt lat="52.7884309" lon="24.3595655">
        <ele>183</ele>
        <time>2024-01-13T12:02:01Z</time>
        <hdop>2</hdop>
        <extensions>
          <speed>1.05</speed>
        </extensions>
      </trkpt>
      <trkpt lat="52.788335" lon="24.3595698">
        <ele>183</ele>
        <time>2024-01-13T12:02:12Z</time>
        <hdop>2.5</hdop>
        <extensions>
          <speed>0.93</speed>
        </extensions>
      </trkpt>
      <trkpt lat="52.7882527" lon="24.3595877">
        <ele>181</ele>
        <time>2024-01-13T12:02:23Z</time>
        <hdop>2.5</hdop>
        <extensions>
          <speed>0.98</speed>
        </extensions>
      </trkpt>
      <trkpt lat="52.788158" lon="24.3596097">
        <ele>182</ele>
        <time>2024-01-13T12:02:34Z</time>
        <hdop>2</hdop>
        <extensions>
          <speed>0.32</speed>
        </extensions>
      </trkpt>
      <trkpt lat="52.7881178" lon="24.3596079">
        <ele>183</ele>
        <time>2024-01-13T12:02:45Z</time>
        <hdop>2</hdop>
      </trkpt>
      <trkpt lat="52.7880764" lon="24.3596079">
        <ele>181</ele>
        <time>2024-01-13T12:02:56Z</time>
        <hdop>2</hdop>
        <extensions>
          <speed>0.75</speed>
        </extensions>
      </trkpt>
      <trkpt lat="52.7880202" lon="24.3596542">
        <ele>181</ele>
        <time>2024-01-13T12:03:06Z</time>
        <hdop>3</hdop>
        <extensions>
          <speed>0.77</speed>
        </extensions>
      </trkpt>
      <trkpt lat="52.7879587" lon="24.3596446">
        <ele>180</ele>
        <time>2024-01-13T12:03:17Z</time>
        <hdop>3</hdop>
      </trkpt>
      <trkpt lat="52.7878875" lon="24.3596338">
        <ele>179</ele>
        <time>2024-01-13T12:03:28Z</time>
        <hdop>2.5</hdop>
        <extensions>
          <speed>0.59</speed>
        </extensions>
      </trkpt>
      <trkpt lat="52.7878364" lon="24.3596437">
        <ele>179</ele>
        <time>2024-01-13T12:03:38Z</time>
        <hdop>2.5</hdop>
      </trkpt>
      <trkpt lat="52.7877628" lon="24.3596405">
        <ele>178</ele>
        <time>2024-01-13T12:03:49Z</time>
        <hdop>2</hdop>
        <extensions>
          <speed>0.5</speed>
        </extensions>
      </trkpt>
      <trkpt lat="52.787696" lon="24.3595525">
        <ele>180</ele>
        <time>2024-01-13T12:04:00Z</time>
        <hdop>2</hdop>
        <extensions>
          <speed>0.62</speed>
        </extensions>
      </trkpt>
      <trkpt lat="52.7876889" lon="24.3595476">
        <ele>182</ele>
        <time>2024-01-13T12:04:10Z</time>
        <hdop>1.5</hdop>
      </trkpt>
      <trkpt lat="52.787669" lon="24.3595206">
        <ele>183</ele>
        <time>2024-01-13T12:04:21Z</time>
        <hdop>1.5</hdop>
      </trkpt>
      <trkpt lat="52.7876202" lon="24.3594959">
        <ele>185</ele>
        <time>2024-01-13T12:04:32Z</time>
        <hdop>2</hdop>
        <extensions>
          <speed>0.43</speed>
        </extensions>
      </trkpt>
      <trkpt lat="52.7876201" lon="24.3594881">
        <ele>184</ele>
        <time>2024-01-13T12:04:42Z</time>
        <hdop>2</hdop>
      </trkpt>
      <trkpt lat="52.7876039" lon="24.3594865">
        <ele>185</ele>
        <time>2024-01-13T12:04:53Z</time>
        <hdop>1.5</hdop>
        <extensions>
          <speed>1.02</speed>
        </extensions>
      </trkpt>
      <trkpt lat="52.7875223" lon="24.3595008">
        <ele>185</ele>
        <time>2024-01-13T12:05:04Z</time>
        <hdop>1.5</hdop>
        <extensions>
          <speed>0.91</speed>
        </extensions>
      </trkpt>
      <trkpt lat="52.7874529" lon="24.3595035">
        <ele>185</ele>
        <time>2024-01-13T12:05:14Z</time>
        <hdop>2</hdop>
        <extensions>
          <speed>0.89</speed>
        </extensions>
      </trkpt>
      <trkpt lat="52.7873682" lon="24.3595608">
        <ele>182</ele>
        <time>2024-01-13T12:05:25Z</time>
        <hdop>2.5</hdop>
        <extensions>
          <speed>0.89</speed>
        </extensions>
      </trkpt>
      <trkpt lat="52.7872981" lon="24.3596162">
        <ele>184</ele>
        <time>2024-01-13T12:05:35Z</time>
        <hdop>2.5</hdop>
      </trkpt>
      <trkpt lat="52.787226" lon="24.3595806">
        <ele>183</ele>
        <time>2024-01-13T12:05:46Z</time>
        <hdop>2.5</hdop>
        <extensions>
          <speed>0.7</speed>
        </extensions>
      </trkpt>
      <trkpt lat="52.7871477" lon="24.3595541">
        <ele>182</ele>
        <time>2024-01-13T12:05:57Z</time>
        <hdop>2.5</hdop>
        <extensions>
          <speed>0.73</speed>
        </extensions>
      </trkpt>
      <trkpt lat="52.7870883" lon="24.3595174">
        <ele>182</ele>
        <time>2024-01-13T12:06:08Z</time>
        <hdop>2</hdop>
        <extensions>
          <speed>0.95</speed>
        </extensions>
      </trkpt>
      <trkpt lat="52.7869986" lon="24.3595017">
        <ele>181</ele>
        <time>2024-01-13T12:06:19Z</time>
        <hdop>2</hdop>
        <extensions>
          <speed>0.54</speed>
        </extensions>
      </trkpt>
      <trkpt lat="52.7869621" lon="24.3595098">
        <ele>180</ele>
        <time>2024-01-13T12:06:29Z</time>
        <hdop>2</hdop>
        <extensions>
          <speed>0.81</speed>
        </extensions>
      </trkpt>
      <trkpt lat="52.7868889" lon="24.3595039">
        <ele>179</ele>
        <time>2024-01-13T12:06:40Z</time>
        <hdop>2</hdop>
        <extensions>
          <speed>0.69</speed>
        </extensions>
      </trkpt>
      <trkpt lat="52.7868244" lon="24.3594796">
        <ele>179</ele>
        <time>2024-01-13T12:06:51Z</time>
        <hdop>2</hdop>
        <extensions>
          <speed>1.17</speed>
        </extensions>
      </trkpt>
      <trkpt lat="52.7867838" lon="24.3594506">
        <ele>183</ele>
        <time>2024-01-13T12:07:02Z</time>
        <hdop>1.5</hdop>
      </trkpt>
      <trkpt lat="52.7867593" lon="24.3594543">
        <ele>183</ele>
        <time>2024-01-13T12:07:13Z</time>
        <hdop>1.5</hdop>
      </trkpt>
      <trkpt lat="52.7867024" lon="24.3594765">
        <ele>181</ele>
        <time>2024-01-13T12:07:23Z</time>
        <hdop>2</hdop>
        <extensions>
          <speed>0.49</speed>
        </extensions>
      </trkpt>
      <trkpt lat="52.7866487" lon="24.3594524">
        <ele>181</ele>
        <time>2024-01-13T12:07:33Z</time>
        <hdop>2.5</hdop>
        <extensions>
          <speed>0.83</speed>
        </extensions>
      </trkpt>
      <trkpt lat="52.7865731" lon="24.359465">
        <ele>181</ele>
        <time>2024-01-13T12:07:43Z</time>
        <hdop>2</hdop>
        <extensions>
          <speed>0.95</speed>
        </extensions>
      </trkpt>
      <trkpt lat="52.7864995" lon="24.3595111">
        <ele>181</ele>
        <time>2024-01-13T12:07:54Z</time>
        <hdop>2</hdop>
        <extensions>
          <speed>0.87</speed>
        </extensions>
      </trkpt>
      <trkpt lat="52.7864244" lon="24.3595484">
        <ele>181</ele>
        <time>2024-01-13T12:08:04Z</time>
        <hdop>2.5</hdop>
        <extensions>
          <speed>0.45</speed>
        </extensions>
      </trkpt>
      <trkpt lat="52.7863794" lon="24.3595816">
        <ele>180</ele>
        <time>2024-01-13T12:08:15Z</time>
        <hdop>2</hdop>
        <extensions>
          <speed>0.68</speed>
        </extensions>
      </trkpt>
      <trkpt lat="52.7863065" lon="24.3595924">
        <ele>180</ele>
        <time>2024-01-13T12:08:26Z</time>
        <hdop>2</hdop>
      </trkpt>
      <trkpt lat="52.78625" lon="24.3596308">
        <ele>181</ele>
        <time>2024-01-13T12:08:36Z</time>
        <hdop>2</hdop>
        <extensions>
          <speed>0.59</speed>
        </extensions>
      </trkpt>
      <trkpt lat="52.7861866" lon="24.3596459">
        <ele>182</ele>
        <time>2024-01-13T12:08:46Z</time>
        <hdop>2</hdop>
        <extensions>
          <speed>0.25</speed>
        </extensions>
      </trkpt>
      <trkpt lat="52.7861846" lon="24.3596459">
        <ele>182</ele>
        <time>2024-01-13T12:08:56Z</time>
        <hdop>1.5</hdop>
      </trkpt>
      <trkpt lat="52.7861286" lon="24.3596095">
        <ele>180</ele>
        <time>2024-01-13T12:09:07Z</time>
        <hdop>2</hdop>
        <extensions>
          <speed>0.49</speed>
        </extensions>
      </trkpt>
      <trkpt lat="52.7860887" lon="24.3596102">
        <ele>180</ele>
        <time>2024-01-13T12:09:17Z</time>
        <hdop>2</hdop>
        <extensions>
          <speed>0.58</speed>
        </extensions>
      </trkpt>
      <trkpt lat="52.7860138" lon="24.3596277">
        <ele>179</ele>
        <time>2024-01-13T12:09:27Z</time>
        <hdop>1.5</hdop>
        <extensions>
          <speed>0.67</speed>
        </extensions>
      </trkpt>
      <trkpt lat="52.7859469" lon="24.3596738">
        <ele>180</ele>
        <time>2024-01-13T12:09:37Z</time>
        <hdop>2</hdop>
        <extensions>
          <speed>0.46</speed>
        </extensions>
      </trkpt>
      <trkpt lat="52.7858582" lon="24.3597216">
        <ele>181</ele>
        <time>2024-01-13T12:09:48Z</time>
        <hdop>2</hdop>
        <extensions>
          <speed>0.66</speed>
        </extensions>
      </trkpt>
      <trkpt lat="52.7858279" lon="24.3597512">
        <ele>182</ele>
        <time>2024-01-13T12:09:59Z</time>
        <hdop>2</hdop>
        <extensions>
          <speed>0.47</speed>
        </extensions>
      </trkpt>
      <trkpt lat="52.7857788" lon="24.3597771">
        <ele>184</ele>
        <time>2024-01-13T12:10:10Z</time>
        <hdop>2</hdop>
      </trkpt>
      <trkpt lat="52.7857595" lon="24.3598525">
        <ele>183</ele>
        <time>2024-01-13T12:10:20Z</time>
        <hdop>3</hdop>
        <extensions>
          <speed>0.57</speed>
        </extensions>
      </trkpt>
      <trkpt lat="52.7857141" lon="24.3598743">
        <ele>182</ele>
        <time>2024-01-13T12:10:30Z</time>
        <hdop>3</hdop>
      </trkpt>
      <trkpt lat="52.7856686" lon="24.3599025">
        <ele>181</ele>
        <time>2024-01-13T12:10:41Z</time>
        <hdop>2.5</hdop>
      </trkpt>
      <trkpt lat="52.78557" lon="24.3599837">
        <ele>180</ele>
        <time>2024-01-13T12:10:52Z</time>
        <hdop>2.5</hdop>
        <extensions>
          <speed>1.2</speed>
        </extensions>
      </trkpt>
      <trkpt lat="52.785526" lon="24.3600161">
        <ele>180</ele>
        <time>2024-01-13T12:11:03Z</time>
        <hdop>2.5</hdop>
      </trkpt>
      <trkpt lat="52.785465" lon="24.36005">
        <ele>182</ele>
        <time>2024-01-13T12:11:13Z</time>
        <hdop>3</hdop>
        <extensions>
          <speed>0.58</speed>
        </extensions>
      </trkpt>
      <trkpt lat="52.7854089" lon="24.3600598">
        <ele>181</ele>
        <time>2024-01-13T12:11:23Z</time>
        <hdop>2.5</hdop>
        <extensions>
          <speed>0.69</speed>
        </extensions>
      </trkpt>
      <trkpt lat="52.7853291" lon="24.3600866">
        <ele>180</ele>
        <time>2024-01-13T12:11:34Z</time>
        <hdop>3</hdop>
        <extensions>
          <speed>0.84</speed>
        </extensions>
      </trkpt>
      <trkpt lat="52.7852776" lon="24.360116">
        <ele>181</ele>
        <time>2024-01-13T12:11:45Z</time>
        <hdop>2</hdop>
        <extensions>
          <speed>0.39</speed>
        </extensions>
      </trkpt>
      <trkpt lat="52.7852373" lon="24.3601247">
        <ele>183</ele>
        <time>2024-01-13T12:11:55Z</time>
        <hdop>2</hdop>
        <extensions>
          <speed>0.7</speed>
        </extensions>
      </trkpt>
      <trkpt lat="52.7851871" lon="24.3601575">
        <ele>183</ele>
        <time>2024-01-13T12:12:06Z</time>
        <hdop>2.5</hdop>
        <extensions>
          <speed>0.82</speed>
        </extensions>
      </trkpt>
      <trkpt lat="52.7851253" lon="24.3602325">
        <ele>184</ele>
        <time>2024-01-13T12:12:16Z</time>
        <hdop>3</hdop>
        <extensions>
          <speed>0.92</speed>
        </extensions>
      </trkpt>
      <trkpt lat="52.7850692" lon="24.3603107">
        <ele>181</ele>
        <time>2024-01-13T12:12:26Z</time>
        <hdop>3</hdop>
        <extensions>
          <speed>0.61</speed>
        </extensions>
      </trkpt>
      <trkpt lat="52.7850166" lon="24.3603319">
        <ele>180</ele>
        <time>2024-01-13T12:12:37Z</time>
        <hdop>3</hdop>
      </trkpt>
      <trkpt lat="52.7849738" lon="24.3603445">
        <ele>178</ele>
        <time>2024-01-13T12:12:48Z</time>
        <hdop>3</hdop>
        <extensions>
          <speed>0.33</speed>
        </extensions>
      </trkpt>
      <trkpt lat="52.7849617" lon="24.3603423">
        <ele>180</ele>
        <time>2024-01-13T12:12:58Z</time>
        <hdop>2</hdop>
      </trkpt>
      <trkpt lat="52.7849617" lon="24.3603423">
        <ele>180</ele>
        <time>2024-01-13T12:13:08Z</time>
        <hdop>2</hdop>
      </trkpt>
      <trkpt lat="52.7849076" lon="24.3603362">
        <ele>180</ele>
        <time>2024-01-13T12:13:19Z</time>
        <hdop>2</hdop>
        <extensions>
          <speed>0.86</speed>
        </extensions>
      </trkpt>
      <trkpt lat="52.7848245" lon="24.36034">
        <ele>179</ele>
        <time>2024-01-13T12:13:30Z</time>
        <hdop>2.5</hdop>
        <extensions>
          <speed>0.5</speed>
        </extensions>
      </trkpt>
      <trkpt lat="52.7847512" lon="24.3603538">
        <ele>178</ele>
        <time>2024-01-13T12:13:40Z</time>
        <hdop>2.5</hdop>
        <extensions>
          <speed>0.66</speed>
        </extensions>
      </trkpt>
      <trkpt lat="52.7846731" lon="24.3603768">
        <ele>180</ele>
        <time>2024-01-13T12:13:50Z</time>
        <hdop>2.5</hdop>
        <extensions>
          <speed>0.55</speed>
        </extensions>
      </trkpt>
      <trkpt lat="52.7846015" lon="24.3603885">
        <ele>180</ele>
        <time>2024-01-13T12:14:00Z</time>
        <hdop>2.5</hdop>
        <extensions>
          <speed>1.03</speed>
        </extensions>
      </trkpt>
      <trkpt lat="52.7845909" lon="24.3603943">
        <ele>182</ele>
        <time>2024-01-13T12:14:11Z</time>
        <hdop>2</hdop>
      </trkpt>
      <trkpt lat="52.7845458" lon="24.3603916">
        <ele>181</ele>
        <time>2024-01-13T12:14:21Z</time>
        <hdop>1.5</hdop>
        <extensions>
          <speed>0.81</speed>
        </extensions>
      </trkpt>
      <trkpt lat="52.7844906" lon="24.3604098">
        <ele>180</ele>
        <time>2024-01-13T12:14:32Z</time>
        <hdop>2</hdop>
        <extensions>
          <speed>0.55</speed>
        </extensions>
      </trkpt>
      <trkpt lat="52.7844238" lon="24.36038">
        <ele>180</ele>
        <time>2024-01-13T12:14:42Z</time>
        <hdop>2</hdop>
        <extensions>
          <speed>0.93</speed>
        </extensions>
      </trkpt>
      <trkpt lat="52.7843539" lon="24.3603493">
        <ele>180</ele>
        <time>2024-01-13T12:14:53Z</time>
        <hdop>2</hdop>
        <extensions>
          <speed>0.7</speed>
        </extensions>
      </trkpt>
      <trkpt lat="52.7842997" lon="24.3603194">
        <ele>181</ele>
        <time>2024-01-13T12:15:03Z</time>
        <hdop>2</hdop>
        <extensions>
          <speed>0.56</speed>
        </extensions>
      </trkpt>
      <trkpt lat="52.784268" lon="24.3602571">
        <ele>181</ele>
        <time>2024-01-13T12:15:14Z</time>
        <hdop>1.5</hdop>
        <extensions>
          <speed>0.8</speed>
        </extensions>
      </trkpt>
      <trkpt lat="52.7841939" lon="24.3602093">
        <ele>182</ele>
        <time>2024-01-13T12:15:25Z</time>
        <hdop>1.5</hdop>
        <extensions>
          <speed>0.34</speed>
        </extensions>
      </trkpt>
      <trkpt lat="52.78413" lon="24.3601567">
        <ele>180</ele>
        <time>2024-01-13T12:15:36Z</time>
        <hdop>2</hdop>
        <extensions>
          <speed>0.48</speed>
        </extensions>
      </trkpt>
      <trkpt lat="52.784061" lon="24.3601031">
        <ele>181</ele>
        <time>2024-01-13T12:15:47Z</time>
        <hdop>2</hdop>
        <extensions>
          <speed>0.81</speed>
        </extensions>
      </trkpt>
      <trkpt lat="52.7839882" lon="24.3601254">
        <ele>181</ele>
        <time>2024-01-13T12:15:58Z</time>
        <hdop>2</hdop>
        <extensions>
          <speed>0.81</speed>
        </extensions>
      </trkpt>
      <trkpt lat="52.7839312" lon="24.360127">
        <ele>183</ele>
        <time>2024-01-13T12:16:09Z</time>
        <hdop>1.5</hdop>
      </trkpt>
      <trkpt lat="52.7838659" lon="24.3601553">
        <ele>182</ele>
        <time>2024-01-13T12:16:19Z</time>
        <hdop>2</hdop>
        <extensions>
          <speed>0.59</speed>
        </extensions>
      </trkpt>
      <trkpt lat="52.7838066" lon="24.360123">
        <ele>181</ele>
        <time>2024-01-13T12:16:29Z</time>
        <hdop>2</hdop>
        <extensions>
          <speed>0.4</speed>
        </extensions>
      </trkpt>
      <trkpt lat="52.7837372" lon="24.3601601">
        <ele>183</ele>
        <time>2024-01-13T12:16:39Z</time>
        <hdop>2</hdop>
        <extensions>
          <speed>0.76</speed>
        </extensions>
      </trkpt>
      <trkpt lat="52.7836607" lon="24.3601992">
        <ele>183</ele>
        <time>2024-01-13T12:16:49Z</time>
        <hdop>2</hdop>
        <extensions>
          <speed>0.84</speed>
        </extensions>
      </trkpt>
      <trkpt lat="52.7835989" lon="24.3601968">
        <ele>182</ele>
        <time>2024-01-13T12:17:00Z</time>
        <hdop>1.5</hdop>
        <extensions>
          <speed>0.69</speed>
        </extensions>
      </trkpt>
      <trkpt lat="52.7835319" lon="24.3601588">
        <ele>181</ele>
        <time>2024-01-13T12:17:10Z</time>
        <hdop>2</hdop>
        <extensions>
          <speed>0.79</speed>
        </extensions>
      </trkpt>
      <trkpt lat="52.7834773" lon="24.3602342">
        <ele>181</ele>
        <time>2024-01-13T12:17:21Z</time>
        <hdop>2</hdop>
        <extensions>
          <speed>0.46</speed>
        </extensions>
      </trkpt>
      <trkpt lat="52.7834262" lon="24.3603092">
        <ele>183</ele>
        <time>2024-01-13T12:17:31Z</time>
        <hdop>2</hdop>
        <extensions>
          <speed>0.86</speed>
        </extensions>
      </trkpt>
      <trkpt lat="52.7833694" lon="24.3603418">
        <ele>182</ele>
        <time>2024-01-13T12:17:41Z</time>
        <hdop>2</hdop>
      </trkpt>
      <trkpt lat="52.7833204" lon="24.3603964">
        <ele>182</ele>
        <time>2024-01-13T12:17:52Z</time>
        <hdop>2</hdop>
        <extensions>
          <speed>0.91</speed>
        </extensions>
      </trkpt>
      <trkpt lat="52.7832663" lon="24.3604476">
        <ele>182</ele>
        <time>2024-01-13T12:18:03Z</time>
        <hdop>2</hdop>
        <extensions>
          <speed>0.59</speed>
        </extensions>
      </trkpt>
      <trkpt lat="52.7832477" lon="24.3604636">
        <ele>182</ele>
        <time>2024-01-13T12:18:14Z</time>
        <hdop>2</hdop>
      </trkpt>
      <trkpt lat="52.7832458" lon="24.3604616">
        <ele>181</ele>
        <time>2024-01-13T12:18:25Z</time>
        <hdop>2</hdop>
      </trkpt>
      <trkpt lat="52.7832414" lon="24.3604703">
        <ele>182</ele>
        <time>2024-01-13T12:18:36Z</time>
        <hdop>2</hdop>
      </trkpt>
      <trkpt lat="52.7832414" lon="24.3604703">
        <ele>182</ele>
        <time>2024-01-13T12:18:46Z</time>
        <hdop>2</hdop>
      </trkpt>
      <trkpt lat="52.7832414" lon="24.3604703">
        <ele>182</ele>
        <time>2024-01-13T12:18:57Z</time>
        <hdop>2</hdop>
      </trkpt>
      <trkpt lat="52.783275" lon="24.3604147">
        <ele>182</ele>
        <time>2024-01-13T12:19:07Z</time>
        <hdop>2</hdop>
        <extensions>
          <speed>1.06</speed>
        </extensions>
      </trkpt>
      <trkpt lat="52.7833331" lon="24.3603662">
        <ele>181</ele>
        <time>2024-01-13T12:19:17Z</time>
        <hdop>2</hdop>
        <extensions>
          <speed>0.27</speed>
        </extensions>
      </trkpt>
      <trkpt lat="52.783331" lon="24.3603625">
        <ele>182</ele>
        <time>2024-01-13T12:19:27Z</time>
        <hdop>2</hdop>
        <extensions>
          <speed>0.88</speed>
        </extensions>
      </trkpt>
      <trkpt lat="52.7832542" lon="24.3604311">
        <ele>184</ele>
        <time>2024-01-13T12:19:38Z</time>
        <hdop>2</hdop>
        <extensions>
          <speed>0.98</speed>
        </extensions>
      </trkpt>
      <trkpt lat="52.7831788" lon="24.3604489">
        <ele>183</ele>
        <time>2024-01-13T12:19:48Z</time>
        <hdop>2</hdop>
        <extensions>
          <speed>0.88</speed>
        </extensions>
      </trkpt>
      <trkpt lat="52.7831107" lon="24.3604583">
        <ele>182</ele>
        <time>2024-01-13T12:19:59Z</time>
        <hdop>2</hdop>
        <extensions>
          <speed>0.57</speed>
        </extensions>
      </trkpt>
      <trkpt lat="52.7830255" lon="24.360447">
        <ele>183</ele>
        <time>2024-01-13T12:20:10Z</time>
        <hdop>2</hdop>
        <extensions>
          <speed>0.7</speed>
        </extensions>
      </trkpt>
      <trkpt lat="52.7829434" lon="24.3604437">
        <ele>183</ele>
        <time>2024-01-13T12:20:20Z</time>
        <hdop>2</hdop>
        <extensions>
          <speed>1.08</speed>
        </extensions>
      </trkpt>
      <trkpt lat="52.7828442" lon="24.3604435">
        <ele>183</ele>
        <time>2024-01-13T12:20:31Z</time>
        <hdop>2</hdop>
        <extensions>
          <speed>0.83</speed>
        </extensions>
      </trkpt>
      <trkpt lat="52.7827919" lon="24.3604302">
        <ele>183</ele>
        <time>2024-01-13T12:20:41Z</time>
        <hdop>2</hdop>
        <extensions>
          <speed>0.68</speed>
        </extensions>
      </trkpt>
      <trkpt lat="52.7827404" lon="24.3604188">
        <ele>184</ele>
        <time>2024-01-13T12:20:51Z</time>
        <hdop>2</hdop>
      </trkpt>
      <trkpt lat="52.7827004" lon="24.360438">
        <ele>182</ele>
        <time>2024-01-13T12:21:02Z</time>
        <hdop>1.5</hdop>
        <extensions>
          <speed>0.76</speed>
        </extensions>
      </trkpt>
      <trkpt lat="52.7826129" lon="24.3604468">
        <ele>183</ele>
        <time>2024-01-13T12:21:13Z</time>
        <hdop>2</hdop>
        <extensions>
          <speed>0.86</speed>
        </extensions>
      </trkpt>
      <trkpt lat="52.7825994" lon="24.3604469">
        <ele>184</ele>
        <time>2024-01-13T12:21:24Z</time>
        <hdop>2</hdop>
      </trkpt>
      <trkpt lat="52.7825994" lon="24.3604469">
        <ele>184</ele>
        <time>2024-01-13T12:21:35Z</time>
        <hdop>1.5</hdop>
      </trkpt>
      <trkpt lat="52.7825952" lon="24.3604467">
        <ele>184</ele>
        <time>2024-01-13T12:21:46Z</time>
        <hdop>1.5</hdop>
        <extensions>
          <speed>0.83</speed>
        </extensions>
      </trkpt>
      <trkpt lat="52.782593" lon="24.3604604">
        <ele>185</ele>
        <time>2024-01-13T12:21:56Z</time>
        <hdop>2</hdop>
        <extensions>
          <speed>0.12</speed>
        </extensions>
      </trkpt>
      <trkpt lat="52.7825665" lon="24.3604601">
        <ele>184</ele>
        <time>2024-01-13T12:22:06Z</time>
        <hdop>2</hdop>
        <extensions>
          <speed>0.35</speed>
        </extensions>
      </trkpt>
      <trkpt lat="52.7825481" lon="24.3604782">
        <ele>184</ele>
        <time>2024-01-13T12:22:16Z</time>
        <hdop>1.5</hdop>
        <extensions>
          <speed>0.98</speed>
        </extensions>
      </trkpt>
      <trkpt lat="52.7824929" lon="24.3604887">
        <ele>184</ele>
        <time>2024-01-13T12:22:27Z</time>
        <hdop>1.5</hdop>
        <extensions>
          <speed>0.51</speed>
        </extensions>
      </trkpt>
      <trkpt lat="52.7824112" lon="24.3605243">
        <ele>184</ele>
        <time>2024-01-13T12:22:38Z</time>
        <hdop>1.5</hdop>
        <extensions>
          <speed>0.77</speed>
        </extensions>
      </trkpt>
      <trkpt lat="52.7823352" lon="24.3605721">
        <ele>186</ele>
        <time>2024-01-13T12:22:49Z</time>
        <hdop>1.5</hdop>
        <extensions>
          <speed>0.7</speed>
        </extensions>
      </trkpt>
      <trkpt lat="52.7822811" lon="24.360631">
        <ele>185</ele>
        <time>2024-01-13T12:22:59Z</time>
        <hdop>2</hdop>
        <extensions>
          <speed>0.76</speed>
        </extensions>
      </trkpt>
      <trkpt lat="52.782215" lon="24.3606602">
        <ele>185</ele>
        <time>2024-01-13T12:23:10Z</time>
        <hdop>1.5</hdop>
        <extensions>
          <speed>0.85</speed>
        </extensions>
      </trkpt>
      <trkpt lat="52.7821851" lon="24.3606643">
        <ele>185</ele>
        <time>2024-01-13T12:23:20Z</time>
        <hdop>2</hdop>
      </trkpt>
      <trkpt lat="52.7821241" lon="24.3606574">
        <ele>183</ele>
        <time>2024-01-13T12:23:31Z</time>
        <hdop>2</hdop>
        <extensions>
          <speed>0.38</speed>
        </extensions>
      </trkpt>
      <trkpt lat="52.782042" lon="24.3606577">
        <ele>182</ele>
        <time>2024-01-13T12:23:42Z</time>
        <hdop>2</hdop>
      </trkpt>
      <trkpt lat="52.7819728" lon="24.3606802">
        <ele>182</ele>
        <time>2024-01-13T12:23:53Z</time>
        <hdop>2</hdop>
        <extensions>
          <speed>0.86</speed>
        </extensions>
      </trkpt>
      <trkpt lat="52.7818858" lon="24.3606883">
        <ele>181</ele>
        <time>2024-01-13T12:24:04Z</time>
        <hdop>2</hdop>
        <extensions>
          <speed>0.68</speed>
        </extensions>
      </trkpt>
      <trkpt lat="52.7818143" lon="24.3606823">
        <ele>182</ele>
        <time>2024-01-13T12:24:14Z</time>
        <hdop>2</hdop>
        <extensions>
          <speed>0.87</speed>
        </extensions>
      </trkpt>
      <trkpt lat="52.7817629" lon="24.360661">
        <ele>182</ele>
        <time>2024-01-13T12:24:25Z</time>
        <hdop>2.5</hdop>
        <extensions>
          <speed>0.34</speed>
        </extensions>
      </trkpt>
      <trkpt lat="52.7817267" lon="24.3606445">
        <ele>182</ele>
        <time>2024-01-13T12:24:36Z</time>
        <hdop>2</hdop>
        <extensions>
          <speed>0.54</speed>
        </extensions>
      </trkpt>
      <trkpt lat="52.7816675" lon="24.3606367">
        <ele>182</ele>
        <time>2024-01-13T12:24:47Z</time>
        <hdop>2.5</hdop>
        <extensions>
          <speed>1.02</speed>
        </extensions>
      </trkpt>
      <trkpt lat="52.7816255" lon="24.3606492">
        <ele>182</ele>
        <time>2024-01-13T12:24:57Z</time>
        <hdop>2</hdop>
        <extensions>
          <speed>0.36</speed>
        </extensions>
      </trkpt>
      <trkpt lat="52.7816183" lon="24.3605523">
        <ele>183</ele>
        <time>2024-01-13T12:25:07Z</time>
        <hdop>2</hdop>
        <extensions>
          <speed>0.59</speed>
        </extensions>
      </trkpt>
      <trkpt lat="52.7815714" lon="24.3605069">
        <ele>181</ele>
        <time>2024-01-13T12:25:18Z</time>
        <hdop>2</hdop>
        <extensions>
          <speed>0.58</speed>
        </extensions>
      </trkpt>
      <trkpt lat="52.781492" lon="24.3604795">
        <ele>182</ele>
        <time>2024-01-13T12:25:28Z</time>
        <hdop>2</hdop>
        <extensions>
          <speed>0.67</speed>
        </extensions>
      </trkpt>
      <trkpt lat="52.7814383" lon="24.3604538">
        <ele>180</ele>
        <time>2024-01-13T12:25:39Z</time>
        <hdop>2</hdop>
        <extensions>
          <speed>0.76</speed>
        </extensions>
      </trkpt>
      <trkpt lat="52.7813751" lon="24.3604094">
        <ele>180</ele>
        <time>2024-01-13T12:25:49Z</time>
        <hdop>2</hdop>
        <extensions>
          <speed>0.47</speed>
        </extensions>
      </trkpt>
      <trkpt lat="52.7813704" lon="24.360407">
        <ele>180</ele>
        <time>2024-01-13T12:26:00Z</time>
        <hdop>1.5</hdop>
      </trkpt>
      <trkpt lat="52.7813053" lon="24.3603686">
        <ele>181</ele>
        <time>2024-01-13T12:26:10Z</time>
        <hdop>2</hdop>
        <extensions>
          <speed>0.78</speed>
        </extensions>
      </trkpt>
      <trkpt lat="52.7812441" lon="24.360329">
        <ele>181</ele>
        <time>2024-01-13T12:26:20Z</time>
        <hdop>2</hdop>
        <extensions>
          <speed>0.35</speed>
        </extensions>
      </trkpt>
      <trkpt lat="52.7811835" lon="24.3602767">
        <ele>182</ele>
        <time>2024-01-13T12:26:31Z</time>
        <hdop>2</hdop>
        <extensions>
          <speed>0.73</speed>
        </extensions>
      </trkpt>
      <trkpt lat="52.7811259" lon="24.360233">
        <ele>184</ele>
        <time>2024-01-13T12:26:41Z</time>
        <hdop>2</hdop>
        <extensions>
          <speed>0.75</speed>
        </extensions>
      </trkpt>
      <trkpt lat="52.7810871" lon="24.3602382">
        <ele>183</ele>
        <time>2024-01-13T12:26:51Z</time>
        <hdop>2.5</hdop>
        <extensions>
          <speed>0.55</speed>
        </extensions>
      </trkpt>
      <trkpt lat="52.7810088" lon="24.3602617">
        <ele>181</ele>
        <time>2024-01-13T12:27:02Z</time>
        <hdop>2</hdop>
        <extensions>
          <speed>0.6</speed>
        </extensions>
      </trkpt>
      <trkpt lat="52.7809363" lon="24.3602897">
        <ele>180</ele>
        <time>2024-01-13T12:27:13Z</time>
        <hdop>2</hdop>
        <extensions>
          <speed>1.01</speed>
        </extensions>
      </trkpt>
      <trkpt lat="52.7808686" lon="24.3603228">
        <ele>181</ele>
        <time>2024-01-13T12:27:23Z</time>
        <hdop>2</hdop>
        <extensions>
          <speed>0.9</speed>
        </extensions>
      </trkpt>
      <trkpt lat="52.7807874" lon="24.3603649">
        <ele>181</ele>
        <time>2024-01-13T12:27:34Z</time>
        <hdop>2.5</hdop>
        <extensions>
          <speed>0.95</speed>
        </extensions>
      </trkpt>
      <trkpt lat="52.7807351" lon="24.3604129">
        <ele>181</ele>
        <time>2024-01-13T12:27:44Z</time>
        <hdop>2.5</hdop>
        <extensions>
          <speed>0.33</speed>
        </extensions>
      </trkpt>
      <trkpt lat="52.780733" lon="24.3604096">
        <ele>181</ele>
        <time>2024-01-13T12:27:54Z</time>
        <hdop>2</hdop>
        <extensions>
          <speed>0.49</speed>
        </extensions>
      </trkpt>
      <trkpt lat="52.7807273" lon="24.3604043">
        <ele>182</ele>
        <time>2024-01-13T12:28:05Z</time>
        <hdop>1.5</hdop>
      </trkpt>
      <trkpt lat="52.7807273" lon="24.3604043">
        <ele>182</ele>
        <time>2024-01-13T12:28:16Z</time>
        <hdop>1.5</hdop>
      </trkpt>
      <trkpt lat="52.7807201" lon="24.3603703">
        <ele>184</ele>
        <time>2024-01-13T12:28:26Z</time>
        <hdop>2</hdop>
      </trkpt>
      <trkpt lat="52.780719" lon="24.360371">
        <ele>183</ele>
        <time>2024-01-13T12:28:37Z</time>
        <hdop>1.5</hdop>
      </trkpt>
      <trkpt lat="52.7807128" lon="24.3603704">
        <ele>184</ele>
        <time>2024-01-13T12:28:47Z</time>
        <hdop>2</hdop>
      </trkpt>
      <trkpt lat="52.7807128" lon="24.3603704">
        <ele>184</ele>
        <time>2024-01-13T12:28:58Z</time>
        <hdop>2</hdop>
      </trkpt>
      <trkpt lat="52.7807162" lon="24.360364">
        <ele>183</ele>
        <time>2024-01-13T12:29:09Z</time>
        <hdop>2</hdop>
      </trkpt>
      <trkpt lat="52.7807162" lon="24.360364">
        <ele>183</ele>
        <time>2024-01-13T12:29:19Z</time>
        <hdop>2</hdop>
      </trkpt>
      <trkpt lat="52.7807097" lon="24.3603594">
        <ele>183</ele>
        <time>2024-01-13T12:29:29Z</time>
        <hdop>1.5</hdop>
        <extensions>
          <speed>0.41</speed>
        </extensions>
      </trkpt>
      <trkpt lat="52.7807034" lon="24.360357">
        <ele>183</ele>
        <time>2024-01-13T12:29:40Z</time>
        <hdop>1.5</hdop>
        <extensions>
          <speed>0.1</speed>
        </extensions>
      </trkpt>
      <trkpt lat="52.7807028" lon="24.3603596">
        <ele>183</ele>
        <time>2024-01-13T12:29:51Z</time>
        <hdop>2</hdop>
      </trkpt>
      <trkpt lat="52.7807028" lon="24.3603596">
        <ele>183</ele>
        <time>2024-01-13T12:30:02Z</time>
        <hdop>1.5</hdop>
      </trkpt>
      <trkpt lat="52.7807028" lon="24.3603596">
        <ele>183</ele>
        <time>2024-01-13T12:30:13Z</time>
        <hdop>2</hdop>
      </trkpt>
      <trkpt lat="52.7807028" lon="24.3603596">
        <ele>183</ele>
        <time>2024-01-13T12:30:24Z</time>
        <hdop>2</hdop>
      </trkpt>
      <trkpt lat="52.7807028" lon="24.3603596">
        <ele>183</ele>
        <time>2024-01-13T12:30:34Z</time>
        <hdop>2</hdop>
      </trkpt>
      <trkpt lat="52.7807056" lon="24.3603746">
        <ele>182</ele>
        <time>2024-01-13T12:30:45Z</time>
        <hdop>2</hdop>
        <extensions>
          <speed>0.72</speed>
        </extensions>
      </trkpt>
      <trkpt lat="52.7807056" lon="24.3603764">
        <ele>182</ele>
        <time>2024-01-13T12:30:55Z</time>
        <hdop>2</hdop>
      </trkpt>
      <trkpt lat="52.7807056" lon="24.3603764">
        <ele>182</ele>
        <time>2024-01-13T12:31:06Z</time>
        <hdop>1.5</hdop>
      </trkpt>
      <trkpt lat="52.7807056" lon="24.3603764">
        <ele>182</ele>
        <time>2024-01-13T12:31:17Z</time>
        <hdop>1.5</hdop>
      </trkpt>
      <trkpt lat="52.7807154" lon="24.3603786">
        <ele>182</ele>
        <time>2024-01-13T12:31:27Z</time>
        <hdop>2</hdop>
      </trkpt>
      <trkpt lat="52.7807154" lon="24.3603787">
        <ele>182</ele>
        <time>2024-01-13T12:31:37Z</time>
        <hdop>2</hdop>
      </trkpt>
      <trkpt lat="52.7807154" lon="24.3603787">
        <ele>182</ele>
        <time>2024-01-13T12:31:48Z</time>
        <hdop>2</hdop>
      </trkpt>
      <trkpt lat="52.7807154" lon="24.3603787">
        <ele>182</ele>
        <time>2024-01-13T12:31:58Z</time>
        <hdop>1.5</hdop>
      </trkpt>
      <trkpt lat="52.7807154" lon="24.3603787">
        <ele>182</ele>
        <time>2024-01-13T12:32:08Z</time>
        <hdop>1.5</hdop>
      </trkpt>
      <trkpt lat="52.7807154" lon="24.3603787">
        <ele>182</ele>
        <time>2024-01-13T12:32:19Z</time>
        <hdop>2</hdop>
      </trkpt>
      <trkpt lat="52.7807154" lon="24.3603787">
        <ele>182</ele>
        <time>2024-01-13T12:32:29Z</time>
        <hdop>1.5</hdop>
      </trkpt>
      <trkpt lat="52.7807128" lon="24.360362">
        <ele>184</ele>
        <time>2024-01-13T12:32:40Z</time>
        <hdop>1.5</hdop>
      </trkpt>
      <trkpt lat="52.7807128" lon="24.360362">
        <ele>184</ele>
        <time>2024-01-13T12:32:50Z</time>
        <hdop>2</hdop>
      </trkpt>
      <trkpt lat="52.7807006" lon="24.3603591">
        <ele>185</ele>
        <time>2024-01-13T12:33:01Z</time>
        <hdop>1.5</hdop>
        <extensions>
          <speed>0.19</speed>
        </extensions>
      </trkpt>
      <trkpt lat="52.7807005" lon="24.3603601">
        <ele>185</ele>
        <time>2024-01-13T12:33:11Z</time>
        <hdop>1.5</hdop>
      </trkpt>
      <trkpt lat="52.7807005" lon="24.3603601">
        <ele>185</ele>
        <time>2024-01-13T12:33:21Z</time>
        <hdop>1.5</hdop>
      </trkpt>
      <trkpt lat="52.7807005" lon="24.3603601">
        <ele>185</ele>
        <time>2024-01-13T12:33:32Z</time>
        <hdop>1.5</hdop>
      </trkpt>
      <trkpt lat="52.7807005" lon="24.3603601">
        <ele>185</ele>
        <time>2024-01-13T12:33:42Z</time>
        <hdop>1.5</hdop>
      </trkpt>
      <trkpt lat="52.780705" lon="24.3603555">
        <ele>184</ele>
        <time>2024-01-13T12:33:53Z</time>
        <hdop>2.5</hdop>
      </trkpt>
      <trkpt lat="52.780705" lon="24.3603555">
        <ele>184</ele>
        <time>2024-01-13T12:34:04Z</time>
        <hdop>2.5</hdop>
      </trkpt>
      <trkpt lat="52.780705" lon="24.3603555">
        <ele>184</ele>
        <time>2024-01-13T12:34:15Z</time>
        <hdop>2</hdop>
      </trkpt>
      <trkpt lat="52.780705" lon="24.3603555">
        <ele>184</ele>
        <time>2024-01-13T12:34:25Z</time>
        <hdop>2.5</hdop>
      </trkpt>
      <trkpt lat="52.7807176" lon="24.3603539">
        <ele>183</ele>
        <time>2024-01-13T12:34:36Z</time>
        <hdop>2.5</hdop>
      </trkpt>
      <trkpt lat="52.780719" lon="24.3603652">
        <ele>183</ele>
        <time>2024-01-13T12:34:47Z</time>
        <hdop>3.5</hdop>
      </trkpt>
      <trkpt lat="52.7807137" lon="24.3603741">
        <ele>181</ele>
        <time>2024-01-13T12:34:57Z</time>
        <hdop>2.5</hdop>
      </trkpt>
      <trkpt lat="52.7807137" lon="24.3603741">
        <ele>181</ele>
        <time>2024-01-13T12:35:08Z</time>
        <hdop>3.5</hdop>
      </trkpt>
      <trkpt lat="52.7807137" lon="24.3603741">
        <ele>181</ele>
        <time>2024-01-13T12:35:18Z</time>
        <hdop>2.5</hdop>
      </trkpt>
      <trkpt lat="52.7807137" lon="24.3603741">
        <ele>181</ele>
        <time>2024-01-13T12:35:29Z</time>
        <hdop>4</hdop>
      </trkpt>
      <trkpt lat="52.7807147" lon="24.3603715">
        <ele>183</ele>
        <time>2024-01-13T12:35:39Z</time>
        <hdop>4</hdop>
      </trkpt>
      <trkpt lat="52.7807246" lon="24.3603773">
        <ele>183</ele>
        <time>2024-01-13T12:35:50Z</time>
        <hdop>2.5</hdop>
        <extensions>
          <speed>0.47</speed>
        </extensions>
      </trkpt>
      <trkpt lat="52.7807177" lon="24.3603791">
        <ele>183</ele>
        <time>2024-01-13T12:36:00Z</time>
        <hdop>2</hdop>
        <extensions>
          <speed>0.11</speed>
        </extensions>
      </trkpt>
      <trkpt lat="52.7807178" lon="24.3603812">
        <ele>183</ele>
        <time>2024-01-13T12:36:11Z</time>
        <hdop>3</hdop>
      </trkpt>
      <trkpt lat="52.7807178" lon="24.3603812">
        <ele>183</ele>
        <time>2024-01-13T12:36:21Z</time>
        <hdop>2.5</hdop>
      </trkpt>
      <trkpt lat="52.7807154" lon="24.3603806">
        <ele>183</ele>
        <time>2024-01-13T12:36:32Z</time>
        <hdop>2</hdop>
        <extensions>
          <speed>0.39</speed>
        </extensions>
      </trkpt>
      <trkpt lat="52.7807219" lon="24.360376">
        <ele>184</ele>
        <time>2024-01-13T12:36:42Z</time>
        <hdop>3</hdop>
      </trkpt>
      <trkpt lat="52.7807172" lon="24.3603181">
        <ele>184</ele>
        <time>2024-01-13T12:36:53Z</time>
        <hdop>2</hdop>
        <extensions>
          <speed>0.26</speed>
        </extensions>
      </trkpt>
      <trkpt lat="52.7807232" lon="24.360318">
        <ele>183</ele>
        <time>2024-01-13T12:37:04Z</time>
        <hdop>2.5</hdop>
      </trkpt>
      <trkpt lat="52.7807125" lon="24.3603109">
        <ele>182</ele>
        <time>2024-01-13T12:37:15Z</time>
        <hdop>2.5</hdop>
      </trkpt>
      <trkpt lat="52.7807125" lon="24.3603109">
        <ele>182</ele>
        <time>2024-01-13T12:37:25Z</time>
        <hdop>2.5</hdop>
      </trkpt>
      <trkpt lat="52.7807055" lon="24.3603215">
        <ele>182</ele>
        <time>2024-01-13T12:37:36Z</time>
        <hdop>2</hdop>
      </trkpt>
      <trkpt lat="52.7807055" lon="24.3603215">
        <ele>182</ele>
        <time>2024-01-13T12:37:46Z</time>
        <hdop>2</hdop>
      </trkpt>
      <trkpt lat="52.7807055" lon="24.3603215">
        <ele>182</ele>
        <time>2024-01-13T12:37:57Z</time>
        <hdop>2</hdop>
      </trkpt>
      <trkpt lat="52.7807119" lon="24.3603189">
        <ele>181</ele>
        <time>2024-01-13T12:38:08Z</time>
        <hdop>2.5</hdop>
      </trkpt>
      <trkpt lat="52.7807119" lon="24.3603189">
        <ele>181</ele>
        <time>2024-01-13T12:38:18Z</time>
        <hdop>2.5</hdop>
      </trkpt>
      <trkpt lat="52.780704" lon="24.3603141">
        <ele>181</ele>
        <time>2024-01-13T12:38:29Z</time>
        <hdop>2</hdop>
        <extensions>
          <speed>0.03</speed>
        </extensions>
      </trkpt>
      <trkpt lat="52.7807136" lon="24.3603222">
        <ele>182</ele>
        <time>2024-01-13T12:38:40Z</time>
        <hdop>2</hdop>
        <extensions>
          <speed>0.08</speed>
        </extensions>
      </trkpt>
      <trkpt lat="52.7807214" lon="24.3603148">
        <ele>181</ele>
        <time>2024-01-13T12:38:51Z</time>
        <hdop>2.5</hdop>
        <extensions>
          <speed>0.08</speed>
        </extensions>
      </trkpt>
      <trkpt lat="52.7807141" lon="24.3603117">
        <ele>180</ele>
        <time>2024-01-13T12:39:02Z</time>
        <hdop>3</hdop>
        <extensions>
          <speed>0.53</speed>
        </extensions>
      </trkpt>
      <trkpt lat="52.7807184" lon="24.3603133">
        <ele>181</ele>
        <time>2024-01-13T12:39:12Z</time>
        <hdop>3</hdop>
      </trkpt>
      <trkpt lat="52.7807184" lon="24.3603133">
        <ele>181</ele>
        <time>2024-01-13T12:39:22Z</time>
        <hdop>2.5</hdop>
      </trkpt>
      <trkpt lat="52.7807247" lon="24.3603184">
        <ele>180</ele>
        <time>2024-01-13T12:39:33Z</time>
        <hdop>2.5</hdop>
        <extensions>
          <speed>0.15</speed>
        </extensions>
      </trkpt>
      <trkpt lat="52.7807248" lon="24.3603187">
        <ele>180</ele>
        <time>2024-01-13T12:39:43Z</time>
        <hdop>2.5</hdop>
      </trkpt>
      <trkpt lat="52.780717" lon="24.3603187">
        <ele>180</ele>
        <time>2024-01-13T12:39:54Z</time>
        <hdop>2.5</hdop>
      </trkpt>
      <trkpt lat="52.7807179" lon="24.3603215">
        <ele>180</ele>
        <time>2024-01-13T12:40:05Z</time>
        <hdop>2.5</hdop>
      </trkpt>
      <trkpt lat="52.7807179" lon="24.3603215">
        <ele>180</ele>
        <time>2024-01-13T12:40:15Z</time>
        <hdop>2</hdop>
      </trkpt>
      <trkpt lat="52.7807179" lon="24.3603215">
        <ele>180</ele>
        <time>2024-01-13T12:40:26Z</time>
        <hdop>2</hdop>
      </trkpt>
      <trkpt lat="52.7807179" lon="24.3603215">
        <ele>180</ele>
        <time>2024-01-13T12:40:36Z</time>
        <hdop>1.5</hdop>
      </trkpt>
      <trkpt lat="52.7807179" lon="24.3603215">
        <ele>180</ele>
        <time>2024-01-13T12:40:47Z</time>
        <hdop>2.5</hdop>
      </trkpt>
      <trkpt lat="52.7807198" lon="24.3603321">
        <ele>183</ele>
        <time>2024-01-13T12:40:58Z</time>
        <hdop>2.5</hdop>
      </trkpt>
      <trkpt lat="52.7807279" lon="24.3603161">
        <ele>182</ele>
        <time>2024-01-13T12:41:08Z</time>
        <hdop>1.5</hdop>
      </trkpt>
      <trkpt lat="52.7807279" lon="24.3603161">
        <ele>182</ele>
        <time>2024-01-13T12:41:19Z</time>
        <hdop>2</hdop>
      </trkpt>
      <trkpt lat="52.7807279" lon="24.3603161">
        <ele>182</ele>
        <time>2024-01-13T12:41:30Z</time>
        <hdop>1.5</hdop>
      </trkpt>
      <trkpt lat="52.7807279" lon="24.3603161">
        <ele>182</ele>
        <time>2024-01-13T12:41:41Z</time>
        <hdop>2</hdop>
      </trkpt>
      <trkpt lat="52.7807279" lon="24.3603161">
        <ele>182</ele>
        <time>2024-01-13T12:41:51Z</time>
        <hdop>1.5</hdop>
      </trkpt>
      <trkpt lat="52.7807279" lon="24.3603161">
        <ele>182</ele>
        <time>2024-01-13T12:42:02Z</time>
        <hdop>1.5</hdop>
      </trkpt>
      <trkpt lat="52.7807279" lon="24.3603161">
        <ele>182</ele>
        <time>2024-01-13T12:42:12Z</time>
        <hdop>1.5</hdop>
      </trkpt>
      <trkpt lat="52.7807278" lon="24.3603233">
        <ele>184</ele>
        <time>2024-01-13T12:42:23Z</time>
        <hdop>1.5</hdop>
        <extensions>
          <speed>0.5</speed>
        </extensions>
      </trkpt>
      <trkpt lat="52.7807278" lon="24.360328">
        <ele>184</ele>
        <time>2024-01-13T12:42:33Z</time>
        <hdop>1.5</hdop>
        <extensions>
          <speed>0.38</speed>
        </extensions>
      </trkpt>
      <trkpt lat="52.7807283" lon="24.3603314">
        <ele>184</ele>
        <time>2024-01-13T12:42:44Z</time>
        <hdop>1.5</hdop>
      </trkpt>
      <trkpt lat="52.7807342" lon="24.3603513">
        <ele>184</ele>
        <time>2024-01-13T12:42:55Z</time>
        <hdop>1.5</hdop>
        <extensions>
          <speed>0.13</speed>
        </extensions>
      </trkpt>
      <trkpt lat="52.7807305" lon="24.3603196">
        <ele>184</ele>
        <time>2024-01-13T12:43:06Z</time>
        <hdop>1.5</hdop>
      </trkpt>
      <trkpt lat="52.7807216" lon="24.3603275">
        <ele>183</ele>
        <time>2024-01-13T12:43:16Z</time>
        <hdop>2</hdop>
        <extensions>
          <speed>0.09</speed>
        </extensions>
      </trkpt>
      <trkpt lat="52.7807225" lon="24.360327">
        <ele>184</ele>
        <time>2024-01-13T12:43:27Z</time>
        <hdop>2</hdop>
      </trkpt>
      <trkpt lat="52.7807265" lon="24.3603293">
        <ele>184</ele>
        <time>2024-01-13T12:43:38Z</time>
        <hdop>2</hdop>
        <extensions>
          <speed>0.34</speed>
        </extensions>
      </trkpt>
      <trkpt lat="52.7807281" lon="24.3603306">
        <ele>184</ele>
        <time>2024-01-13T12:43:49Z</time>
        <hdop>2</hdop>
      </trkpt>
      <trkpt lat="52.7807281" lon="24.3603306">
        <ele>184</ele>
        <time>2024-01-13T12:43:59Z</time>
        <hdop>1.5</hdop>
      </trkpt>
      <trkpt lat="52.7807281" lon="24.3603306">
        <ele>184</ele>
        <time>2024-01-13T12:44:10Z</time>
        <hdop>2</hdop>
      </trkpt>
      <trkpt lat="52.7807227" lon="24.3603263">
        <ele>183</ele>
        <time>2024-01-13T12:44:20Z</time>
        <hdop>2</hdop>
      </trkpt>
      <trkpt lat="52.7807229" lon="24.3602984">
        <ele>184</ele>
        <time>2024-01-13T12:44:31Z</time>
        <hdop>1.5</hdop>
        <extensions>
          <speed>0.14</speed>
        </extensions>
      </trkpt>
      <trkpt lat="52.7807212" lon="24.3603142">
        <ele>184</ele>
        <time>2024-01-13T12:44:41Z</time>
        <hdop>1.5</hdop>
        <extensions>
          <speed>0.53</speed>
        </extensions>
      </trkpt>
      <trkpt lat="52.7807234" lon="24.3603273">
        <ele>185</ele>
        <time>2024-01-13T12:44:51Z</time>
        <hdop>2</hdop>
      </trkpt>
      <trkpt lat="52.7807296" lon="24.3603222">
        <ele>184</ele>
        <time>2024-01-13T12:45:02Z</time>
        <hdop>1.5</hdop>
      </trkpt>
      <trkpt lat="52.7807296" lon="24.3603222">
        <ele>184</ele>
        <time>2024-01-13T12:45:12Z</time>
        <hdop>2</hdop>
      </trkpt>
      <trkpt lat="52.7807296" lon="24.3603222">
        <ele>184</ele>
        <time>2024-01-13T12:45:22Z</time>
        <hdop>1.5</hdop>
      </trkpt>
      <trkpt lat="52.7807326" lon="24.3603337">
        <ele>185</ele>
        <time>2024-01-13T12:45:33Z</time>
        <hdop>2</hdop>
      </trkpt>
      <trkpt lat="52.7807069" lon="24.3603123">
        <ele>184</ele>
        <time>2024-01-13T12:45:43Z</time>
        <hdop>1.5</hdop>
        <extensions>
          <speed>0.1</speed>
        </extensions>
      </trkpt>
      <trkpt lat="52.7807017" lon="24.3603122">
        <ele>184</ele>
        <time>2024-01-13T12:45:54Z</time>
        <hdop>1.5</hdop>
      </trkpt>
      <trkpt lat="52.7806704" lon="24.3603324">
        <ele>183</ele>
        <time>2024-01-13T12:46:04Z</time>
        <hdop>1.5</hdop>
        <extensions>
          <speed>0.68</speed>
        </extensions>
      </trkpt>
      <trkpt lat="52.7806257" lon="24.3603855">
        <ele>184</ele>
        <time>2024-01-13T12:46:14Z</time>
        <hdop>1.5</hdop>
        <extensions>
          <speed>0.12</speed>
        </extensions>
      </trkpt>
      <trkpt lat="52.780556" lon="24.360414">
        <ele>184</ele>
        <time>2024-01-13T12:46:25Z</time>
        <hdop>1.5</hdop>
        <extensions>
          <speed>0.89</speed>
        </extensions>
      </trkpt>
      <trkpt lat="52.7804771" lon="24.3604098">
        <ele>184</ele>
        <time>2024-01-13T12:46:35Z</time>
        <hdop>1.5</hdop>
        <extensions>
          <speed>0.78</speed>
        </extensions>
      </trkpt>
      <trkpt lat="52.7803956" lon="24.3604428">
        <ele>183</ele>
        <time>2024-01-13T12:46:46Z</time>
        <hdop>2</hdop>
        <extensions>
          <speed>0.1</speed>
        </extensions>
      </trkpt>
      <trkpt lat="52.7803999" lon="24.3604354">
        <ele>183</ele>
        <time>2024-01-13T12:46:56Z</time>
        <hdop>1.5</hdop>
      </trkpt>
      <trkpt lat="52.7803999" lon="24.3604354">
        <ele>183</ele>
        <time>2024-01-13T12:47:07Z</time>
        <hdop>1.5</hdop>
      </trkpt>
      <trkpt lat="52.7803459" lon="24.360464">
        <ele>183</ele>
        <time>2024-01-13T12:47:17Z</time>
        <hdop>1.5</hdop>
        <extensions>
          <speed>0.88</speed>
        </extensions>
      </trkpt>
      <trkpt lat="52.7802847" lon="24.3604363">
        <ele>184</ele>
        <time>2024-01-13T12:47:27Z</time>
        <hdop>1.5</hdop>
        <extensions>
          <speed>0.22</speed>
        </extensions>
      </trkpt>
      <trkpt lat="52.7802627" lon="24.3604652">
        <ele>183</ele>
        <time>2024-01-13T12:47:38Z</time>
        <hdop>2</hdop>
        <extensions>
          <speed>0.39</speed>
        </extensions>
      </trkpt>
      <trkpt lat="52.7802398" lon="24.3604563">
        <ele>183</ele>
        <time>2024-01-13T12:47:48Z</time>
        <hdop>1.5</hdop>
        <extensions>
          <speed>0.86</speed>
        </extensions>
      </trkpt>
      <trkpt lat="52.7801647" lon="24.3605027">
        <ele>183</ele>
        <time>2024-01-13T12:47:59Z</time>
        <hdop>1.5</hdop>
        <extensions>
          <speed>0.65</speed>
        </extensions>
      </trkpt>
      <trkpt lat="52.7800849" lon="24.3605194">
        <ele>184</ele>
        <time>2024-01-13T12:48:09Z</time>
        <hdop>1.5</hdop>
        <extensions>
          <speed>0.99</speed>
        </extensions>
      </trkpt>
      <trkpt lat="52.7800257" lon="24.3605886">
        <ele>182</ele>
        <time>2024-01-13T12:48:20Z</time>
        <hdop>2</hdop>
        <extensions>
          <speed>0.67</speed>
        </extensions>
      </trkpt>
      <trkpt lat="52.7799679" lon="24.3606256">
        <ele>183</ele>
        <time>2024-01-13T12:48:31Z</time>
        <hdop>1.5</hdop>
        <extensions>
          <speed>0.66</speed>
        </extensions>
      </trkpt>
      <trkpt lat="52.7799039" lon="24.3606839">
        <ele>182</ele>
        <time>2024-01-13T12:48:41Z</time>
        <hdop>2</hdop>
        <extensions>
          <speed>0.84</speed>
        </extensions>
      </trkpt>
      <trkpt lat="52.7798335" lon="24.3607531">
        <ele>181</ele>
        <time>2024-01-13T12:48:51Z</time>
        <hdop>2</hdop>
        <extensions>
          <speed>0.48</speed>
        </extensions>
      </trkpt>
      <trkpt lat="52.7797651" lon="24.3607859">
        <ele>182</ele>
        <time>2024-01-13T12:49:01Z</time>
        <hdop>2</hdop>
        <extensions>
          <speed>0.68</speed>
        </extensions>
      </trkpt>
      <trkpt lat="52.7796957" lon="24.3608025">
        <ele>182</ele>
        <time>2024-01-13T12:49:11Z</time>
        <hdop>2</hdop>
        <extensions>
          <speed>0.79</speed>
        </extensions>
      </trkpt>
      <trkpt lat="52.7796512" lon="24.360861">
        <ele>181</ele>
        <time>2024-01-13T12:49:22Z</time>
        <hdop>2</hdop>
      </trkpt>
      <trkpt lat="52.7796463" lon="24.3608465">
        <ele>184</ele>
        <time>2024-01-13T12:49:33Z</time>
        <hdop>2</hdop>
      </trkpt>
      <trkpt lat="52.7796224" lon="24.3608864">
        <ele>183</ele>
        <time>2024-01-13T12:49:44Z</time>
        <hdop>2</hdop>
      </trkpt>
      <trkpt lat="52.7795789" lon="24.3609619">
        <ele>183</ele>
        <time>2024-01-13T12:49:55Z</time>
        <hdop>2</hdop>
        <extensions>
          <speed>0.97</speed>
        </extensions>
      </trkpt>
      <trkpt lat="52.7795283" lon="24.3610366">
        <ele>182</ele>
        <time>2024-01-13T12:50:06Z</time>
        <hdop>2</hdop>
        <extensions>
          <speed>0.84</speed>
        </extensions>
      </trkpt>
      <trkpt lat="52.7794757" lon="24.3610999">
        <ele>184</ele>
        <time>2024-01-13T12:50:16Z</time>
        <hdop>1.5</hdop>
      </trkpt>
      <trkpt lat="52.7794183" lon="24.3611602">
        <ele>183</ele>
        <time>2024-01-13T12:50:27Z</time>
        <hdop>1.5</hdop>
      </trkpt>
      <trkpt lat="52.7793859" lon="24.3612189">
        <ele>182</ele>
        <time>2024-01-13T12:50:37Z</time>
        <hdop>1.5</hdop>
        <extensions>
          <speed>0.62</speed>
        </extensions>
      </trkpt>
      <trkpt lat="52.779336" lon="24.3612808">
        <ele>183</ele>
        <time>2024-01-13T12:50:47Z</time>
        <hdop>2</hdop>
        <extensions>
          <speed>0.72</speed>
        </extensions>
      </trkpt>
      <trkpt lat="52.7792897" lon="24.3612432">
        <ele>182</ele>
        <time>2024-01-13T12:50:58Z</time>
        <hdop>2</hdop>
      </trkpt>
      <trkpt lat="52.7792445" lon="24.3611986">
        <ele>183</ele>
        <time>2024-01-13T12:51:09Z</time>
        <hdop>2</hdop>
        <extensions>
          <speed>0.6</speed>
        </extensions>
      </trkpt>
      <trkpt lat="52.7791677" lon="24.3611695">
        <ele>183</ele>
        <time>2024-01-13T12:51:20Z</time>
        <hdop>2.5</hdop>
        <extensions>
          <speed>0.61</speed>
        </extensions>
      </trkpt>
      <trkpt lat="52.7791064" lon="24.3611267">
        <ele>183</ele>
        <time>2024-01-13T12:51:30Z</time>
        <hdop>1.5</hdop>
        <extensions>
          <speed>0.19</speed>
        </extensions>
      </trkpt>
      <trkpt lat="52.779081" lon="24.3611198">
        <ele>184</ele>
        <time>2024-01-13T12:51:41Z</time>
        <hdop>2.5</hdop>
        <extensions>
          <speed>0.65</speed>
        </extensions>
      </trkpt>
      <trkpt lat="52.7790247" lon="24.3611008">
        <ele>183</ele>
        <time>2024-01-13T12:51:51Z</time>
        <hdop>2.5</hdop>
        <extensions>
          <speed>0.77</speed>
        </extensions>
      </trkpt>
      <trkpt lat="52.7789487" lon="24.3610521">
        <ele>181</ele>
        <time>2024-01-13T12:52:02Z</time>
        <hdop>2.5</hdop>
        <extensions>
          <speed>0.6</speed>
        </extensions>
      </trkpt>
      <trkpt lat="52.7788803" lon="24.3610224">
        <ele>180</ele>
        <time>2024-01-13T12:52:12Z</time>
        <hdop>2.5</hdop>
        <extensions>
          <speed>0.39</speed>
        </extensions>
      </trkpt>
      <trkpt lat="52.7788171" lon="24.3609685">
        <ele>180</ele>
        <time>2024-01-13T12:52:22Z</time>
        <hdop>2</hdop>
        <extensions>
          <speed>0.9</speed>
        </extensions>
      </trkpt>
      <trkpt lat="52.7787549" lon="24.360874">
        <ele>181</ele>
        <time>2024-01-13T12:52:33Z</time>
        <hdop>2.5</hdop>
        <extensions>
          <speed>0.7</speed>
        </extensions>
      </trkpt>
      <trkpt lat="52.7786641" lon="24.3608198">
        <ele>184</ele>
        <time>2024-01-13T12:52:44Z</time>
        <hdop>1.5</hdop>
        <extensions>
          <speed>0.91</speed>
        </extensions>
      </trkpt>
      <trkpt lat="52.7785979" lon="24.3607318">
        <ele>184</ele>
        <time>2024-01-13T12:52:54Z</time>
        <hdop>2</hdop>
        <extensions>
          <speed>1.36</speed>
        </extensions>
      </trkpt>
      <trkpt lat="52.778577" lon="24.3606473">
        <ele>184</ele>
        <time>2024-01-13T12:53:04Z</time>
        <hdop>2</hdop>
        <extensions>
          <speed>1.17</speed>
        </extensions>
      </trkpt>
      <trkpt lat="52.7785403" lon="24.3605701">
        <ele>183</ele>
        <time>2024-01-13T12:53:15Z</time>
        <hdop>2</hdop>
        <extensions>
          <speed>1.15</speed>
        </extensions>
      </trkpt>
      <trkpt lat="52.7785111" lon="24.3605152">
        <ele>181</ele>
        <time>2024-01-13T12:53:25Z</time>
        <hdop>2</hdop>
      </trkpt>
      <trkpt lat="52.7784724" lon="24.3604763">
        <ele>183</ele>
        <time>2024-01-13T12:53:36Z</time>
        <hdop>2</hdop>
        <extensions>
          <speed>0.63</speed>
        </extensions>
      </trkpt>
      <trkpt lat="52.7784562" lon="24.3604662">
        <ele>180</ele>
        <time>2024-01-13T12:53:46Z</time>
        <hdop>2</hdop>
      </trkpt>
      <trkpt lat="52.7784098" lon="24.3604018">
        <ele>182</ele>
        <time>2024-01-13T12:53:57Z</time>
        <hdop>2</hdop>
        <extensions>
          <speed>0.81</speed>
        </extensions>
      </trkpt>
      <trkpt lat="52.7783726" lon="24.3603399">
        <ele>180</ele>
        <time>2024-01-13T12:54:07Z</time>
        <hdop>2</hdop>
      </trkpt>
      <trkpt lat="52.7783303" lon="24.3602673">
        <ele>180</ele>
        <time>2024-01-13T12:54:18Z</time>
        <hdop>2</hdop>
        <extensions>
          <speed>0.64</speed>
        </extensions>
      </trkpt>
      <trkpt lat="52.7782837" lon="24.3601995">
        <ele>182</ele>
        <time>2024-01-13T12:54:28Z</time>
        <hdop>1.5</hdop>
        <extensions>
          <speed>0.85</speed>
        </extensions>
      </trkpt>
      <trkpt lat="52.7782647" lon="24.3600876">
        <ele>182</ele>
        <time>2024-01-13T12:54:39Z</time>
        <hdop>2</hdop>
        <extensions>
          <speed>0.65</speed>
        </extensions>
      </trkpt>
      <trkpt lat="52.7782448" lon="24.3600262">
        <ele>182</ele>
        <time>2024-01-13T12:54:49Z</time>
        <hdop>2</hdop>
        <extensions>
          <speed>0.61</speed>
        </extensions>
      </trkpt>
      <trkpt lat="52.7782104" lon="24.3599613">
        <ele>181</ele>
        <time>2024-01-13T12:55:00Z</time>
        <hdop>1.5</hdop>
        <extensions>
          <speed>0.78</speed>
        </extensions>
      </trkpt>
      <trkpt lat="52.7781874" lon="24.3598611">
        <ele>181</ele>
        <time>2024-01-13T12:55:10Z</time>
        <hdop>2</hdop>
        <extensions>
          <speed>0.13</speed>
        </extensions>
      </trkpt>
      <trkpt lat="52.7781636" lon="24.359767">
        <ele>181</ele>
        <time>2024-01-13T12:55:21Z</time>
        <hdop>2</hdop>
        <extensions>
          <speed>0.65</speed>
        </extensions>
      </trkpt>
      <trkpt lat="52.7781335" lon="24.359653">
        <ele>181</ele>
        <time>2024-01-13T12:55:31Z</time>
        <hdop>1.5</hdop>
        <extensions>
          <speed>0.58</speed>
        </extensions>
      </trkpt>
      <trkpt lat="52.778136" lon="24.3595442">
        <ele>181</ele>
        <time>2024-01-13T12:55:42Z</time>
        <hdop>2</hdop>
        <extensions>
          <speed>0.79</speed>
        </extensions>
      </trkpt>
      <trkpt lat="52.7781383" lon="24.3595003">
        <ele>182</ele>
        <time>2024-01-13T12:55:52Z</time>
        <hdop>2</hdop>
        <extensions>
          <speed>0.68</speed>
        </extensions>
      </trkpt>
      <trkpt lat="52.7780961" lon="24.3593712">
        <ele>182</ele>
        <time>2024-01-13T12:56:03Z</time>
        <hdop>2</hdop>
        <extensions>
          <speed>0.82</speed>
        </extensions>
      </trkpt>
      <trkpt lat="52.7780591" lon="24.359266">
        <ele>182</ele>
        <time>2024-01-13T12:56:14Z</time>
        <hdop>1.5</hdop>
        <extensions>
          <speed>0.82</speed>
        </extensions>
      </trkpt>
      <trkpt lat="52.7779942" lon="24.3592163">
        <ele>181</ele>
        <time>2024-01-13T12:56:24Z</time>
        <hdop>2</hdop>
        <extensions>
          <speed>0.68</speed>
        </extensions>
      </trkpt>
      <trkpt lat="52.777961" lon="24.3591205">
        <ele>180</ele>
        <time>2024-01-13T12:56:34Z</time>
        <hdop>2</hdop>
        <extensions>
          <speed>0.72</speed>
        </extensions>
      </trkpt>
      <trkpt lat="52.7779611" lon="24.3589892">
        <ele>182</ele>
        <time>2024-01-13T12:56:45Z</time>
        <hdop>2</hdop>
        <extensions>
          <speed>0.64</speed>
        </extensions>
      </trkpt>
      <trkpt lat="52.7779609" lon="24.3588919">
        <ele>181</ele>
        <time>2024-01-13T12:56:55Z</time>
        <hdop>2</hdop>
        <extensions>
          <speed>0.55</speed>
        </extensions>
      </trkpt>
      <trkpt lat="52.7779566" lon="24.3587776">
        <ele>181</ele>
        <time>2024-01-13T12:57:06Z</time>
        <hdop>2</hdop>
        <extensions>
          <speed>0.65</speed>
        </extensions>
      </trkpt>
      <trkpt lat="52.7779484" lon="24.3586798">
        <ele>182</ele>
        <time>2024-01-13T12:57:17Z</time>
        <hdop>2</hdop>
        <extensions>
          <speed>0.76</speed>
        </extensions>
      </trkpt>
      <trkpt lat="52.7778981" lon="24.358609">
        <ele>182</ele>
        <time>2024-01-13T12:57:27Z</time>
        <hdop>2</hdop>
        <extensions>
          <speed>0.67</speed>
        </extensions>
      </trkpt>
      <trkpt lat="52.7778419" lon="24.3585032">
        <ele>182</ele>
        <time>2024-01-13T12:57:38Z</time>
        <hdop>1.5</hdop>
        <extensions>
          <speed>0.8</speed>
        </extensions>
      </trkpt>
      <trkpt lat="52.7777975" lon="24.3584153">
        <ele>180</ele>
        <time>2024-01-13T12:57:48Z</time>
        <hdop>2</hdop>
        <extensions>
          <speed>0.41</speed>
        </extensions>
      </trkpt>
      <trkpt lat="52.7777851" lon="24.358401">
        <ele>183</ele>
        <time>2024-01-13T12:57:59Z</time>
        <hdop>1.5</hdop>
        <extensions>
          <speed>0.66</speed>
        </extensions>
      </trkpt>
      <trkpt lat="52.7777951" lon="24.3583969">
        <ele>183</ele>
        <time>2024-01-13T12:58:10Z</time>
        <hdop>2</hdop>
        <extensions>
          <speed>0.61</speed>
        </extensions>
      </trkpt>
      <trkpt lat="52.7777836" lon="24.3583856">
        <ele>185</ele>
        <time>2024-01-13T12:58:21Z</time>
        <hdop>2</hdop>
      </trkpt>
      <trkpt lat="52.7777836" lon="24.3583856">
        <ele>185</ele>
        <time>2024-01-13T12:58:32Z</time>
        <hdop>2</hdop>
      </trkpt>
      <trkpt lat="52.7777657" lon="24.3583035">
        <ele>183</ele>
        <time>2024-01-13T12:58:43Z</time>
        <hdop>2</hdop>
      </trkpt>
      <trkpt lat="52.7777277" lon="24.3582138">
        <ele>183</ele>
        <time>2024-01-13T12:58:53Z</time>
        <hdop>1.5</hdop>
        <extensions>
          <speed>0.52</speed>
        </extensions>
      </trkpt>
      <trkpt lat="52.7776858" lon="24.3581109">
        <ele>182</ele>
        <time>2024-01-13T12:59:04Z</time>
        <hdop>2</hdop>
        <extensions>
          <speed>0.75</speed>
        </extensions>
      </trkpt>
      <trkpt lat="52.7776871" lon="24.3580068">
        <ele>183</ele>
        <time>2024-01-13T12:59:14Z</time>
        <hdop>2</hdop>
        <extensions>
          <speed>0.95</speed>
        </extensions>
      </trkpt>
      <trkpt lat="52.7776586" lon="24.3578713">
        <ele>181</ele>
        <time>2024-01-13T12:59:25Z</time>
        <hdop>2</hdop>
        <extensions>
          <speed>0.43</speed>
        </extensions>
      </trkpt>
      <trkpt lat="52.7776363" lon="24.3577764">
        <ele>182</ele>
        <time>2024-01-13T12:59:35Z</time>
        <hdop>2</hdop>
        <extensions>
          <speed>0.36</speed>
        </extensions>
      </trkpt>
      <trkpt lat="52.7776056" lon="24.3576915">
        <ele>181</ele>
        <time>2024-01-13T12:59:45Z</time>
        <hdop>2</hdop>
        <extensions>
          <speed>0.32</speed>
        </extensions>
      </trkpt>
      <trkpt lat="52.7775757" lon="24.3576338">
        <ele>182</ele>
        <time>2024-01-13T12:59:56Z</time>
        <hdop>2</hdop>
        <extensions>
          <speed>0.16</speed>
        </extensions>
      </trkpt>
      <trkpt lat="52.7775757" lon="24.3576338">
        <ele>182</ele>
        <time>2024-01-13T13:00:06Z</time>
        <hdop>2</hdop>
      </trkpt>
      <trkpt lat="52.7775455" lon="24.3575589">
        <ele>181</ele>
        <time>2024-01-13T13:00:17Z</time>
        <hdop>2</hdop>
        <extensions>
          <speed>0.98</speed>
        </extensions>
      </trkpt>
      <trkpt lat="52.7775046" lon="24.3574787">
        <ele>179</ele>
        <time>2024-01-13T13:00:27Z</time>
        <hdop>2</hdop>
      </trkpt>
      <trkpt lat="52.7774517" lon="24.3573946">
        <ele>180</ele>
        <time>2024-01-13T13:00:38Z</time>
        <hdop>2</hdop>
        <extensions>
          <speed>0.15</speed>
        </extensions>
      </trkpt>
      <trkpt lat="52.7774155" lon="24.3573153">
        <ele>182</ele>
        <time>2024-01-13T13:00:49Z</time>
        <hdop>2</hdop>
      </trkpt>
      <trkpt lat="52.7773421" lon="24.357224">
        <ele>181</ele>
        <time>2024-01-13T13:01:00Z</time>
        <hdop>2</hdop>
        <extensions>
          <speed>0.78</speed>
        </extensions>
      </trkpt>
      <trkpt lat="52.7772893" lon="24.3571402">
        <ele>181</ele>
        <time>2024-01-13T13:01:11Z</time>
        <hdop>2</hdop>
        <extensions>
          <speed>0.16</speed>
        </extensions>
      </trkpt>
      <trkpt lat="52.7772882" lon="24.3570485">
        <ele>181</ele>
        <time>2024-01-13T13:01:22Z</time>
        <hdop>2</hdop>
        <extensions>
          <speed>0.81</speed>
        </extensions>
      </trkpt>
      <trkpt lat="52.7772643" lon="24.3569576">
        <ele>181</ele>
        <time>2024-01-13T13:01:32Z</time>
        <hdop>2</hdop>
        <extensions>
          <speed>0.73</speed>
        </extensions>
      </trkpt>
      <trkpt lat="52.7771953" lon="24.356895">
        <ele>180</ele>
        <time>2024-01-13T13:01:42Z</time>
        <hdop>2</hdop>
        <extensions>
          <speed>0.9</speed>
        </extensions>
      </trkpt>
      <trkpt lat="52.7771396" lon="24.3568811">
        <ele>181</ele>
        <time>2024-01-13T13:01:53Z</time>
        <hdop>2</hdop>
        <extensions>
          <speed>0.44</speed>
        </extensions>
      </trkpt>
      <trkpt lat="52.7770789" lon="24.3567882">
        <ele>183</ele>
        <time>2024-01-13T13:02:03Z</time>
        <hdop>2</hdop>
        <extensions>
          <speed>0.89</speed>
        </extensions>
      </trkpt>
      <trkpt lat="52.777062" lon="24.3566607">
        <ele>182</ele>
        <time>2024-01-13T13:02:14Z</time>
        <hdop>2</hdop>
        <extensions>
          <speed>0.91</speed>
        </extensions>
      </trkpt>
      <trkpt lat="52.7770463" lon="24.3565112">
        <ele>181</ele>
        <time>2024-01-13T13:02:25Z</time>
        <hdop>2</hdop>
        <extensions>
          <speed>0.72</speed>
        </extensions>
      </trkpt>
      <trkpt lat="52.7769945" lon="24.3564118">
        <ele>182</ele>
        <time>2024-01-13T13:02:36Z</time>
        <hdop>2</hdop>
        <extensions>
          <speed>0.57</speed>
        </extensions>
      </trkpt>
      <trkpt lat="52.7770022" lon="24.3563719">
        <ele>183</ele>
        <time>2024-01-13T13:02:46Z</time>
        <hdop>2</hdop>
        <extensions>
          <speed>0.71</speed>
        </extensions>
      </trkpt>
      <trkpt lat="52.7770194" lon="24.3562643">
        <ele>181</ele>
        <time>2024-01-13T13:02:57Z</time>
        <hdop>2</hdop>
        <extensions>
          <speed>0.54</speed>
        </extensions>
      </trkpt>
      <trkpt lat="52.7770085" lon="24.3561514">
        <ele>181</ele>
        <time>2024-01-13T13:03:07Z</time>
        <hdop>1.5</hdop>
        <extensions>
          <speed>0.68</speed>
        </extensions>
      </trkpt>
      <trkpt lat="52.7769911" lon="24.3560796">
        <ele>180</ele>
        <time>2024-01-13T13:03:18Z</time>
        <hdop>2</hdop>
        <extensions>
          <speed>0.57</speed>
        </extensions>
      </trkpt>
      <trkpt lat="52.776972" lon="24.3559719">
        <ele>181</ele>
        <time>2024-01-13T13:03:29Z</time>
        <hdop>2</hdop>
        <extensions>
          <speed>0.75</speed>
        </extensions>
      </trkpt>
      <trkpt lat="52.7769657" lon="24.3558748">
        <ele>181</ele>
        <time>2024-01-13T13:03:39Z</time>
        <hdop>2</hdop>
        <extensions>
          <speed>0.59</speed>
        </extensions>
      </trkpt>
      <trkpt lat="52.7769539" lon="24.3557792">
        <ele>180</ele>
        <time>2024-01-13T13:03:50Z</time>
        <hdop>2</hdop>
        <extensions>
          <speed>0.39</speed>
        </extensions>
      </trkpt>
      <trkpt lat="52.7769321" lon="24.3557022">
        <ele>179</ele>
        <time>2024-01-13T13:04:00Z</time>
        <hdop>1.5</hdop>
        <extensions>
          <speed>0.82</speed>
        </extensions>
      </trkpt>
      <trkpt lat="52.7769163" lon="24.3556173">
        <ele>181</ele>
        <time>2024-01-13T13:04:10Z</time>
        <hdop>2</hdop>
        <extensions>
          <speed>0.66</speed>
        </extensions>
      </trkpt>
      <trkpt lat="52.776908" lon="24.35552">
        <ele>182</ele>
        <time>2024-01-13T13:04:20Z</time>
        <hdop>2</hdop>
        <extensions>
          <speed>0.77</speed>
        </extensions>
      </trkpt>
      <trkpt lat="52.7768727" lon="24.3554038">
        <ele>180</ele>
        <time>2024-01-13T13:04:30Z</time>
        <hdop>2</hdop>
        <extensions>
          <speed>0.9</speed>
        </extensions>
      </trkpt>
      <trkpt lat="52.7768724" lon="24.3553438">
        <ele>181</ele>
        <time>2024-01-13T13:04:40Z</time>
        <hdop>2</hdop>
        <extensions>
          <speed>0.16</speed>
        </extensions>
      </trkpt>
      <trkpt lat="52.7768749" lon="24.355349">
        <ele>181</ele>
        <time>2024-01-13T13:04:51Z</time>
        <hdop>2</hdop>
      </trkpt>
      <trkpt lat="52.7768687" lon="24.3553375">
        <ele>181</ele>
        <time>2024-01-13T13:05:02Z</time>
        <hdop>2</hdop>
      </trkpt>
      <trkpt lat="52.7768687" lon="24.3553375">
        <ele>181</ele>
        <time>2024-01-13T13:05:12Z</time>
        <hdop>1.5</hdop>
      </trkpt>
      <trkpt lat="52.7768687" lon="24.3553398">
        <ele>181</ele>
        <time>2024-01-13T13:05:23Z</time>
        <hdop>1.5</hdop>
      </trkpt>
      <trkpt lat="52.7768687" lon="24.3553398">
        <ele>181</ele>
        <time>2024-01-13T13:05:34Z</time>
        <hdop>1.5</hdop>
      </trkpt>
      <trkpt lat="52.7768666" lon="24.3553345">
        <ele>183</ele>
        <time>2024-01-13T13:05:44Z</time>
        <hdop>1.5</hdop>
      </trkpt>
      <trkpt lat="52.7768666" lon="24.3553345">
        <ele>183</ele>
        <time>2024-01-13T13:05:54Z</time>
        <hdop>1.5</hdop>
      </trkpt>
      <trkpt lat="52.7768804" lon="24.3553094">
        <ele>183</ele>
        <time>2024-01-13T13:06:05Z</time>
        <hdop>2</hdop>
      </trkpt>
      <trkpt lat="52.7768804" lon="24.3553094">
        <ele>183</ele>
        <time>2024-01-13T13:06:15Z</time>
        <hdop>2</hdop>
      </trkpt>
      <trkpt lat="52.7768804" lon="24.3553094">
        <ele>183</ele>
        <time>2024-01-13T13:06:25Z</time>
        <hdop>2</hdop>
      </trkpt>
      <trkpt lat="52.7768761" lon="24.3553144">
        <ele>181</ele>
        <time>2024-01-13T13:06:36Z</time>
        <hdop>2</hdop>
      </trkpt>
      <trkpt lat="52.7768788" lon="24.3553105">
        <ele>182</ele>
        <time>2024-01-13T13:06:47Z</time>
        <hdop>2.5</hdop>
      </trkpt>
      <trkpt lat="52.7768771" lon="24.3553061">
        <ele>182</ele>
        <time>2024-01-13T13:06:57Z</time>
        <hdop>1.5</hdop>
        <extensions>
          <speed>0.34</speed>
        </extensions>
      </trkpt>
      <trkpt lat="52.7768738" lon="24.3553072">
        <ele>181</ele>
        <time>2024-01-13T13:07:08Z</time>
        <hdop>3</hdop>
      </trkpt>
      <trkpt lat="52.7768738" lon="24.3553072">
        <ele>181</ele>
        <time>2024-01-13T13:07:19Z</time>
        <hdop>2.5</hdop>
      </trkpt>
      <trkpt lat="52.7768738" lon="24.3553072">
        <ele>181</ele>
        <time>2024-01-13T13:07:29Z</time>
        <hdop>2</hdop>
      </trkpt>
      <trkpt lat="52.7768801" lon="24.3553007">
        <ele>183</ele>
        <time>2024-01-13T13:07:40Z</time>
        <hdop>2</hdop>
      </trkpt>
      <trkpt lat="52.7768684" lon="24.3553136">
        <ele>183</ele>
        <time>2024-01-13T13:07:50Z</time>
        <hdop>2.5</hdop>
        <extensions>
          <speed>0.23</speed>
        </extensions>
      </trkpt>
      <trkpt lat="52.7768588" lon="24.3553053">
        <ele>182</ele>
        <time>2024-01-13T13:08:00Z</time>
        <hdop>3</hdop>
      </trkpt>
      <trkpt lat="52.7768668" lon="24.3553059">
        <ele>181</ele>
        <time>2024-01-13T13:08:10Z</time>
        <hdop>2</hdop>
      </trkpt>
      <trkpt lat="52.7768711" lon="24.3553093">
        <ele>181</ele>
        <time>2024-01-13T13:08:20Z</time>
        <hdop>2</hdop>
      </trkpt>
      <trkpt lat="52.7768711" lon="24.3553093">
        <ele>181</ele>
        <time>2024-01-13T13:08:31Z</time>
        <hdop>3</hdop>
      </trkpt>
      <trkpt lat="52.7768711" lon="24.3553093">
        <ele>181</ele>
        <time>2024-01-13T13:08:41Z</time>
        <hdop>2.5</hdop>
      </trkpt>
      <trkpt lat="52.7768711" lon="24.3553093">
        <ele>181</ele>
        <time>2024-01-13T13:08:51Z</time>
        <hdop>2</hdop>
      </trkpt>
      <trkpt lat="52.7768732" lon="24.3553111">
        <ele>181</ele>
        <time>2024-01-13T13:09:01Z</time>
        <hdop>2</hdop>
      </trkpt>
      <trkpt lat="52.7768732" lon="24.355311">
        <ele>181</ele>
        <time>2024-01-13T13:09:12Z</time>
        <hdop>2</hdop>
      </trkpt>
      <trkpt lat="52.7768648" lon="24.3553188">
        <ele>182</ele>
        <time>2024-01-13T13:09:22Z</time>
        <hdop>2</hdop>
      </trkpt>
      <trkpt lat="52.7768748" lon="24.355327">
        <ele>183</ele>
        <time>2024-01-13T13:09:33Z</time>
        <hdop>2</hdop>
      </trkpt>
      <trkpt lat="52.7768688" lon="24.3553426">
        <ele>184</ele>
        <time>2024-01-13T13:09:43Z</time>
        <hdop>2.5</hdop>
      </trkpt>
      <trkpt lat="52.7768688" lon="24.3553426">
        <ele>184</ele>
        <time>2024-01-13T13:09:54Z</time>
        <hdop>2.5</hdop>
      </trkpt>
      <trkpt lat="52.7768658" lon="24.3553454">
        <ele>183</ele>
        <time>2024-01-13T13:10:04Z</time>
        <hdop>2.5</hdop>
        <extensions>
          <speed>0.53</speed>
        </extensions>
      </trkpt>
      <trkpt lat="52.7768652" lon="24.3553393">
        <ele>183</ele>
        <time>2024-01-13T13:10:14Z</time>
        <hdop>2.5</hdop>
      </trkpt>
      <trkpt lat="52.7768652" lon="24.3553393">
        <ele>183</ele>
        <time>2024-01-13T13:10:25Z</time>
        <hdop>2.5</hdop>
      </trkpt>
      <trkpt lat="52.7768652" lon="24.3553393">
        <ele>183</ele>
        <time>2024-01-13T13:10:36Z</time>
        <hdop>3</hdop>
      </trkpt>
      <trkpt lat="52.776856" lon="24.3553045">
        <ele>183</ele>
        <time>2024-01-13T13:10:47Z</time>
        <hdop>2</hdop>
        <extensions>
          <speed>0.34</speed>
        </extensions>
      </trkpt>
      <trkpt lat="52.7768534" lon="24.3552949">
        <ele>183</ele>
        <time>2024-01-13T13:10:57Z</time>
        <hdop>1.5</hdop>
      </trkpt>
      <trkpt lat="52.7768305" lon="24.355192">
        <ele>183</ele>
        <time>2024-01-13T13:11:07Z</time>
        <hdop>2.5</hdop>
        <extensions>
          <speed>0.57</speed>
        </extensions>
      </trkpt>
      <trkpt lat="52.7768371" lon="24.3550816">
        <ele>181</ele>
        <time>2024-01-13T13:11:18Z</time>
        <hdop>2.5</hdop>
        <extensions>
          <speed>0.83</speed>
        </extensions>
      </trkpt>
      <trkpt lat="52.7768022" lon="24.3549944">
        <ele>181</ele>
        <time>2024-01-13T13:11:29Z</time>
        <hdop>2.5</hdop>
        <extensions>
          <speed>0.51</speed>
        </extensions>
      </trkpt>
      <trkpt lat="52.7767696" lon="24.3548988">
        <ele>181</ele>
        <time>2024-01-13T13:11:39Z</time>
        <hdop>2.5</hdop>
        <extensions>
          <speed>0.83</speed>
        </extensions>
      </trkpt>
      <trkpt lat="52.776743" lon="24.3547796">
        <ele>181</ele>
        <time>2024-01-13T13:11:50Z</time>
        <hdop>2.5</hdop>
        <extensions>
          <speed>0.36</speed>
        </extensions>
      </trkpt>
      <trkpt lat="52.776745" lon="24.3546701">
        <ele>181</ele>
        <time>2024-01-13T13:12:00Z</time>
        <hdop>2.5</hdop>
        <extensions>
          <speed>0.64</speed>
        </extensions>
      </trkpt>
      <trkpt lat="52.7767404" lon="24.3545722">
        <ele>180</ele>
        <time>2024-01-13T13:12:10Z</time>
        <hdop>2.5</hdop>
        <extensions>
          <speed>0.84</speed>
        </extensions>
      </trkpt>
      <trkpt lat="52.7767379" lon="24.3544553">
        <ele>180</ele>
        <time>2024-01-13T13:12:21Z</time>
        <hdop>2.5</hdop>
        <extensions>
          <speed>0.73</speed>
        </extensions>
      </trkpt>
      <trkpt lat="52.7767121" lon="24.3543708">
        <ele>179</ele>
        <time>2024-01-13T13:12:32Z</time>
        <hdop>2.5</hdop>
        <extensions>
          <speed>0.94</speed>
        </extensions>
      </trkpt>
      <trkpt lat="52.7766756" lon="24.3542773">
        <ele>179</ele>
        <time>2024-01-13T13:12:42Z</time>
        <hdop>2</hdop>
        <extensions>
          <speed>0.64</speed>
        </extensions>
      </trkpt>
      <trkpt lat="52.7766553" lon="24.3541563">
        <ele>179</ele>
        <time>2024-01-13T13:12:52Z</time>
        <hdop>2</hdop>
        <extensions>
          <speed>0.52</speed>
        </extensions>
      </trkpt>
      <trkpt lat="52.7766234" lon="24.3540657">
        <ele>179</ele>
        <time>2024-01-13T13:13:03Z</time>
        <hdop>2.5</hdop>
      </trkpt>
      <trkpt lat="52.7765769" lon="24.3539635">
        <ele>182</ele>
        <time>2024-01-13T13:13:13Z</time>
        <hdop>1.5</hdop>
        <extensions>
          <speed>1.02</speed>
        </extensions>
      </trkpt>
      <trkpt lat="52.7765392" lon="24.3538471">
        <ele>183</ele>
        <time>2024-01-13T13:13:23Z</time>
        <hdop>1.5</hdop>
        <extensions>
          <speed>0.68</speed>
        </extensions>
      </trkpt>
      <trkpt lat="52.7764934" lon="24.3537547">
        <ele>182</ele>
        <time>2024-01-13T13:13:34Z</time>
        <hdop>2.5</hdop>
        <extensions>
          <speed>0.71</speed>
        </extensions>
      </trkpt>
      <trkpt lat="52.7764666" lon="24.3537184">
        <ele>181</ele>
        <time>2024-01-13T13:13:44Z</time>
        <hdop>2.5</hdop>
      </trkpt>
      <trkpt lat="52.776419" lon="24.3536643">
        <ele>180</ele>
        <time>2024-01-13T13:13:55Z</time>
        <hdop>3</hdop>
        <extensions>
          <speed>1.27</speed>
        </extensions>
      </trkpt>
      <trkpt lat="52.7763504" lon="24.3535387">
        <ele>180</ele>
        <time>2024-01-13T13:14:05Z</time>
        <hdop>2</hdop>
        <extensions>
          <speed>0.95</speed>
        </extensions>
      </trkpt>
      <trkpt lat="52.7762797" lon="24.3534418">
        <ele>181</ele>
        <time>2024-01-13T13:14:16Z</time>
        <hdop>2.5</hdop>
        <extensions>
          <speed>0.59</speed>
        </extensions>
      </trkpt>
      <trkpt lat="52.7762382" lon="24.3533681">
        <ele>180</ele>
        <time>2024-01-13T13:14:27Z</time>
        <hdop>2</hdop>
        <extensions>
          <speed>0.24</speed>
        </extensions>
      </trkpt>
      <trkpt lat="52.7762301" lon="24.353339">
        <ele>181</ele>
        <time>2024-01-13T13:14:37Z</time>
        <hdop>2</hdop>
      </trkpt>
      <trkpt lat="52.7761965" lon="24.353253">
        <ele>181</ele>
        <time>2024-01-13T13:14:48Z</time>
        <hdop>2</hdop>
        <extensions>
          <speed>0.26</speed>
        </extensions>
      </trkpt>
      <trkpt lat="52.7761528" lon="24.3531697">
        <ele>181</ele>
        <time>2024-01-13T13:14:58Z</time>
        <hdop>2</hdop>
        <extensions>
          <speed>0.48</speed>
        </extensions>
      </trkpt>
      <trkpt lat="52.776141" lon="24.3531447">
        <ele>182</ele>
        <time>2024-01-13T13:15:09Z</time>
        <hdop>1.5</hdop>
      </trkpt>
      <trkpt lat="52.7761195" lon="24.3530626">
        <ele>182</ele>
        <time>2024-01-13T13:15:19Z</time>
        <hdop>2</hdop>
        <extensions>
          <speed>0.96</speed>
        </extensions>
      </trkpt>
      <trkpt lat="52.7760821" lon="24.3529632">
        <ele>181</ele>
        <time>2024-01-13T13:15:30Z</time>
        <hdop>1.5</hdop>
        <extensions>
          <speed>0.75</speed>
        </extensions>
      </trkpt>
      <trkpt lat="52.7760424" lon="24.3528978">
        <ele>181</ele>
        <time>2024-01-13T13:15:40Z</time>
        <hdop>2.5</hdop>
        <extensions>
          <speed>0.86</speed>
        </extensions>
      </trkpt>
      <trkpt lat="52.7759865" lon="24.3528068">
        <ele>181</ele>
        <time>2024-01-13T13:15:50Z</time>
        <hdop>1.5</hdop>
        <extensions>
          <speed>0.78</speed>
        </extensions>
      </trkpt>
      <trkpt lat="52.7759293" lon="24.3527">
        <ele>181</ele>
        <time>2024-01-13T13:16:01Z</time>
        <hdop>2</hdop>
        <extensions>
          <speed>0.77</speed>
        </extensions>
      </trkpt>
      <trkpt lat="52.775883" lon="24.3525824">
        <ele>181</ele>
        <time>2024-01-13T13:16:12Z</time>
        <hdop>2</hdop>
        <extensions>
          <speed>1.03</speed>
        </extensions>
      </trkpt>
      <trkpt lat="52.7758655" lon="24.3524998">
        <ele>181</ele>
        <time>2024-01-13T13:16:23Z</time>
        <hdop>3.5</hdop>
        <extensions>
          <speed>1.11</speed>
        </extensions>
      </trkpt>
      <trkpt lat="52.7758757" lon="24.3524377">
        <ele>181</ele>
        <time>2024-01-13T13:16:33Z</time>
        <hdop>2</hdop>
        <extensions>
          <speed>0.55</speed>
        </extensions>
      </trkpt>
      <trkpt lat="52.7758803" lon="24.3523228">
        <ele>183</ele>
        <time>2024-01-13T13:16:44Z</time>
        <hdop>2</hdop>
        <extensions>
          <speed>0.76</speed>
        </extensions>
      </trkpt>
      <trkpt lat="52.7758806" lon="24.3522185">
        <ele>182</ele>
        <time>2024-01-13T13:16:54Z</time>
        <hdop>2.5</hdop>
        <extensions>
          <speed>0.83</speed>
        </extensions>
      </trkpt>
      <trkpt lat="52.77587" lon="24.3521725">
        <ele>182</ele>
        <time>2024-01-13T13:17:04Z</time>
        <hdop>2.5</hdop>
        <extensions>
          <speed>0.88</speed>
        </extensions>
      </trkpt>
      <trkpt lat="52.7758522" lon="24.3520493">
        <ele>181</ele>
        <time>2024-01-13T13:17:15Z</time>
        <hdop>2.5</hdop>
        <extensions>
          <speed>0.79</speed>
        </extensions>
      </trkpt>
      <trkpt lat="52.7758122" lon="24.3519315">
        <ele>180</ele>
        <time>2024-01-13T13:17:26Z</time>
        <hdop>2</hdop>
        <extensions>
          <speed>0.38</speed>
        </extensions>
      </trkpt>
      <trkpt lat="52.7758057" lon="24.3518813">
        <ele>181</ele>
        <time>2024-01-13T13:17:37Z</time>
        <hdop>2</hdop>
      </trkpt>
      <trkpt lat="52.7757995" lon="24.3518456">
        <ele>181</ele>
        <time>2024-01-13T13:17:47Z</time>
        <hdop>2</hdop>
      </trkpt>
      <trkpt lat="52.7757889" lon="24.3518313">
        <ele>181</ele>
        <time>2024-01-13T13:17:57Z</time>
        <hdop>2</hdop>
      </trkpt>
      <trkpt lat="52.7757752" lon="24.3518384">
        <ele>182</ele>
        <time>2024-01-13T13:18:08Z</time>
        <hdop>1.5</hdop>
        <extensions>
          <speed>0.04</speed>
        </extensions>
      </trkpt>
      <trkpt lat="52.7757744" lon="24.3517817">
        <ele>182</ele>
        <time>2024-01-13T13:18:18Z</time>
        <hdop>2</hdop>
      </trkpt>
      <trkpt lat="52.7757199" lon="24.3517009">
        <ele>182</ele>
        <time>2024-01-13T13:18:29Z</time>
        <hdop>2</hdop>
      </trkpt>
      <trkpt lat="52.7756817" lon="24.3516291">
        <ele>182</ele>
        <time>2024-01-13T13:18:39Z</time>
        <hdop>1.5</hdop>
        <extensions>
          <speed>0.69</speed>
        </extensions>
      </trkpt>
      <trkpt lat="52.7756534" lon="24.3515283">
        <ele>182</ele>
        <time>2024-01-13T13:18:50Z</time>
        <hdop>2</hdop>
        <extensions>
          <speed>0.87</speed>
        </extensions>
      </trkpt>
      <trkpt lat="52.7756133" lon="24.3514482">
        <ele>182</ele>
        <time>2024-01-13T13:19:01Z</time>
        <hdop>2</hdop>
        <extensions>
          <speed>0.69</speed>
        </extensions>
      </trkpt>
      <trkpt lat="52.7755706" lon="24.3513878">
        <ele>182</ele>
        <time>2024-01-13T13:19:12Z</time>
        <hdop>2</hdop>
        <extensions>
          <speed>0.89</speed>
        </extensions>
      </trkpt>
      <trkpt lat="52.7755125" lon="24.3513345">
        <ele>182</ele>
        <time>2024-01-13T13:19:22Z</time>
        <hdop>2</hdop>
        <extensions>
          <speed>0.66</speed>
        </extensions>
      </trkpt>
      <trkpt lat="52.775469" lon="24.3512292">
        <ele>183</ele>
        <time>2024-01-13T13:19:33Z</time>
        <hdop>1.5</hdop>
        <extensions>
          <speed>0.73</speed>
        </extensions>
      </trkpt>
      <trkpt lat="52.7754122" lon="24.3511436">
        <ele>184</ele>
        <time>2024-01-13T13:19:44Z</time>
        <hdop>1.5</hdop>
        <extensions>
          <speed>0.86</speed>
        </extensions>
      </trkpt>
      <trkpt lat="52.7753926" lon="24.351104">
        <ele>183</ele>
        <time>2024-01-13T13:19:54Z</time>
        <hdop>1.5</hdop>
      </trkpt>
      <trkpt lat="52.7753926" lon="24.351104">
        <ele>183</ele>
        <time>2024-01-13T13:20:04Z</time>
        <hdop>1.5</hdop>
      </trkpt>
      <trkpt lat="52.7753926" lon="24.351104">
        <ele>183</ele>
        <time>2024-01-13T13:20:15Z</time>
        <hdop>1.5</hdop>
      </trkpt>
      <trkpt lat="52.7753926" lon="24.351104">
        <ele>183</ele>
        <time>2024-01-13T13:20:25Z</time>
        <hdop>1.5</hdop>
      </trkpt>
      <trkpt lat="52.7753972" lon="24.3510996">
        <ele>185</ele>
        <time>2024-01-13T13:20:35Z</time>
        <hdop>2</hdop>
        <extensions>
          <speed>0.32</speed>
        </extensions>
      </trkpt>
      <trkpt lat="52.7753939" lon="24.3511115">
        <ele>184</ele>
        <time>2024-01-13T13:20:46Z</time>
        <hdop>1.5</hdop>
        <extensions>
          <speed>0.03</speed>
        </extensions>
      </trkpt>
      <trkpt lat="52.7753924" lon="24.3510728">
        <ele>183</ele>
        <time>2024-01-13T13:20:56Z</time>
        <hdop>1.5</hdop>
        <extensions>
          <speed>0.73</speed>
        </extensions>
      </trkpt>
      <trkpt lat="52.7753673" lon="24.3510126">
        <ele>184</ele>
        <time>2024-01-13T13:21:07Z</time>
        <hdop>2</hdop>
        <extensions>
          <speed>0.37</speed>
        </extensions>
      </trkpt>
      <trkpt lat="52.7753398" lon="24.3509688">
        <ele>183</ele>
        <time>2024-01-13T13:21:17Z</time>
        <hdop>2</hdop>
      </trkpt>
      <trkpt lat="52.7753123" lon="24.3508593">
        <ele>184</ele>
        <time>2024-01-13T13:21:28Z</time>
        <hdop>2</hdop>
      </trkpt>
      <trkpt lat="52.7752731" lon="24.3507549">
        <ele>183</ele>
        <time>2024-01-13T13:21:38Z</time>
        <hdop>2</hdop>
        <extensions>
          <speed>0.75</speed>
        </extensions>
      </trkpt>
      <trkpt lat="52.7752312" lon="24.3506311">
        <ele>182</ele>
        <time>2024-01-13T13:21:48Z</time>
        <hdop>1.5</hdop>
        <extensions>
          <speed>0.79</speed>
        </extensions>
      </trkpt>
      <trkpt lat="52.7752144" lon="24.3505878">
        <ele>183</ele>
        <time>2024-01-13T13:21:59Z</time>
        <hdop>1.5</hdop>
        <extensions>
          <speed>0.42</speed>
        </extensions>
      </trkpt>
      <trkpt lat="52.7751947" lon="24.3505653">
        <ele>183</ele>
        <time>2024-01-13T13:22:09Z</time>
        <hdop>1.5</hdop>
        <extensions>
          <speed>0.6</speed>
        </extensions>
      </trkpt>
      <trkpt lat="52.7751672" lon="24.3504366">
        <ele>183</ele>
        <time>2024-01-13T13:22:20Z</time>
        <hdop>2</hdop>
        <extensions>
          <speed>0.9</speed>
        </extensions>
      </trkpt>
      <trkpt lat="52.7751517" lon="24.3503201">
        <ele>184</ele>
        <time>2024-01-13T13:22:30Z</time>
        <hdop>2</hdop>
        <extensions>
          <speed>0.7</speed>
        </extensions>
      </trkpt>
      <trkpt lat="52.7751051" lon="24.350209">
        <ele>184</ele>
        <time>2024-01-13T13:22:41Z</time>
        <hdop>2</hdop>
        <extensions>
          <speed>0.64</speed>
        </extensions>
      </trkpt>
      <trkpt lat="52.7750434" lon="24.3501309">
        <ele>181</ele>
        <time>2024-01-13T13:22:51Z</time>
        <hdop>2</hdop>
        <extensions>
          <speed>0.83</speed>
        </extensions>
      </trkpt>
      <trkpt lat="52.7749727" lon="24.3500317">
        <ele>182</ele>
        <time>2024-01-13T13:23:03Z</time>
        <hdop>2</hdop>
        <extensions>
          <speed>0.89</speed>
        </extensions>
      </trkpt>
      <trkpt lat="52.7749506" lon="24.3499113">
        <ele>184</ele>
        <time>2024-01-13T13:23:13Z</time>
        <hdop>2</hdop>
      </trkpt>
      <trkpt lat="52.7748919" lon="24.3498201">
        <ele>184</ele>
        <time>2024-01-13T13:23:23Z</time>
        <hdop>2</hdop>
        <extensions>
          <speed>0.88</speed>
        </extensions>
      </trkpt>
      <trkpt lat="52.7748645" lon="24.3496998">
        <ele>183</ele>
        <time>2024-01-13T13:23:34Z</time>
        <hdop>2</hdop>
        <extensions>
          <speed>0.45</speed>
        </extensions>
      </trkpt>
      <trkpt lat="52.7748482" lon="24.3496041">
        <ele>184</ele>
        <time>2024-01-13T13:23:44Z</time>
        <hdop>2</hdop>
        <extensions>
          <speed>0.94</speed>
        </extensions>
      </trkpt>
      <trkpt lat="52.7747984" lon="24.3495424">
        <ele>186</ele>
        <time>2024-01-13T13:23:55Z</time>
        <hdop>2</hdop>
        <extensions>
          <speed>0.23</speed>
        </extensions>
      </trkpt>
      <trkpt lat="52.7747768" lon="24.3495223">
        <ele>184</ele>
        <time>2024-01-13T13:24:05Z</time>
        <hdop>1.5</hdop>
      </trkpt>
      <trkpt lat="52.7747358" lon="24.3494368">
        <ele>185</ele>
        <time>2024-01-13T13:24:15Z</time>
        <hdop>2</hdop>
        <extensions>
          <speed>0.81</speed>
        </extensions>
      </trkpt>
      <trkpt lat="52.7747008" lon="24.3493434">
        <ele>187</ele>
        <time>2024-01-13T13:24:26Z</time>
        <hdop>2</hdop>
        <extensions>
          <speed>0.28</speed>
        </extensions>
      </trkpt>
      <trkpt lat="52.7746937" lon="24.3493395">
        <ele>188</ele>
        <time>2024-01-13T13:24:36Z</time>
        <hdop>2</hdop>
        <extensions>
          <speed>0.98</speed>
        </extensions>
      </trkpt>
      <trkpt lat="52.7746627" lon="24.3492741">
        <ele>189</ele>
        <time>2024-01-13T13:24:47Z</time>
        <hdop>2</hdop>
        <extensions>
          <speed>0.32</speed>
        </extensions>
      </trkpt>
      <trkpt lat="52.7746061" lon="24.349254">
        <ele>188</ele>
        <time>2024-01-13T13:24:58Z</time>
        <hdop>2</hdop>
        <extensions>
          <speed>0.25</speed>
        </extensions>
      </trkpt>
      <trkpt lat="52.7745627" lon="24.3492403">
        <ele>188</ele>
        <time>2024-01-13T13:25:08Z</time>
        <hdop>2.5</hdop>
      </trkpt>
      <trkpt lat="52.7745516" lon="24.349229">
        <ele>183</ele>
        <time>2024-01-13T13:25:19Z</time>
        <hdop>2.5</hdop>
      </trkpt>
      <trkpt lat="52.7744928" lon="24.3491795">
        <ele>183</ele>
        <time>2024-01-13T13:25:29Z</time>
        <hdop>2</hdop>
        <extensions>
          <speed>0.8</speed>
        </extensions>
      </trkpt>
      <trkpt lat="52.7744838" lon="24.3491632">
        <ele>184</ele>
        <time>2024-01-13T13:25:40Z</time>
        <hdop>1.5</hdop>
      </trkpt>
      <trkpt lat="52.7744838" lon="24.3491632">
        <ele>184</ele>
        <time>2024-01-13T13:25:50Z</time>
        <hdop>3</hdop>
      </trkpt>
      <trkpt lat="52.7744664" lon="24.3491262">
        <ele>182</ele>
        <time>2024-01-13T13:26:00Z</time>
        <hdop>1.5</hdop>
        <extensions>
          <speed>0.1</speed>
        </extensions>
      </trkpt>
      <trkpt lat="52.7744665" lon="24.349127">
        <ele>183</ele>
        <time>2024-01-13T13:26:11Z</time>
        <hdop>1.5</hdop>
      </trkpt>
      <trkpt lat="52.7744648" lon="24.349112">
        <ele>183</ele>
        <time>2024-01-13T13:26:21Z</time>
        <hdop>1.5</hdop>
        <extensions>
          <speed>0.41</speed>
        </extensions>
      </trkpt>
      <trkpt lat="52.7744591" lon="24.3491145">
        <ele>181</ele>
        <time>2024-01-13T13:26:31Z</time>
        <hdop>2</hdop>
      </trkpt>
      <trkpt lat="52.7744591" lon="24.3491145">
        <ele>181</ele>
        <time>2024-01-13T13:26:42Z</time>
        <hdop>1.5</hdop>
      </trkpt>
      <trkpt lat="52.7744596" lon="24.3491175">
        <ele>182</ele>
        <time>2024-01-13T13:26:53Z</time>
        <hdop>1.5</hdop>
      </trkpt>
      <trkpt lat="52.7744596" lon="24.3491175">
        <ele>182</ele>
        <time>2024-01-13T13:27:03Z</time>
        <hdop>1.5</hdop>
      </trkpt>
      <trkpt lat="52.7744596" lon="24.3491175">
        <ele>182</ele>
        <time>2024-01-13T13:27:14Z</time>
        <hdop>2</hdop>
      </trkpt>
      <trkpt lat="52.7744596" lon="24.3491175">
        <ele>182</ele>
        <time>2024-01-13T13:27:24Z</time>
        <hdop>2</hdop>
      </trkpt>
      <trkpt lat="52.7744627" lon="24.3491236">
        <ele>183</ele>
        <time>2024-01-13T13:27:35Z</time>
        <hdop>2</hdop>
      </trkpt>
      <trkpt lat="52.7744627" lon="24.3491236">
        <ele>183</ele>
        <time>2024-01-13T13:27:45Z</time>
        <hdop>1.5</hdop>
      </trkpt>
      <trkpt lat="52.7744601" lon="24.3491245">
        <ele>183</ele>
        <time>2024-01-13T13:27:56Z</time>
        <hdop>1.5</hdop>
        <extensions>
          <speed>0.24</speed>
        </extensions>
      </trkpt>
      <trkpt lat="52.7744576" lon="24.3491208">
        <ele>184</ele>
        <time>2024-01-13T13:28:06Z</time>
        <hdop>2.5</hdop>
      </trkpt>
      <trkpt lat="52.7744576" lon="24.3491208">
        <ele>184</ele>
        <time>2024-01-13T13:28:16Z</time>
        <hdop>2.5</hdop>
      </trkpt>
      <trkpt lat="52.7744576" lon="24.3491208">
        <ele>184</ele>
        <time>2024-01-13T13:28:27Z</time>
        <hdop>2.5</hdop>
      </trkpt>
      <trkpt lat="52.7744569" lon="24.3491222">
        <ele>186</ele>
        <time>2024-01-13T13:28:38Z</time>
        <hdop>2.5</hdop>
      </trkpt>
      <trkpt lat="52.774465" lon="24.3491077">
        <ele>183</ele>
        <time>2024-01-13T13:28:49Z</time>
        <hdop>2</hdop>
      </trkpt>
      <trkpt lat="52.7744688" lon="24.3491044">
        <ele>182</ele>
        <time>2024-01-13T13:29:00Z</time>
        <hdop>2.5</hdop>
      </trkpt>
      <trkpt lat="52.7744655" lon="24.3491059">
        <ele>182</ele>
        <time>2024-01-13T13:29:11Z</time>
        <hdop>3</hdop>
        <extensions>
          <speed>0.15</speed>
        </extensions>
      </trkpt>
      <trkpt lat="52.7744634" lon="24.3491117">
        <ele>183</ele>
        <time>2024-01-13T13:29:21Z</time>
        <hdop>2.5</hdop>
      </trkpt>
      <trkpt lat="52.7744634" lon="24.3491117">
        <ele>183</ele>
        <time>2024-01-13T13:29:32Z</time>
        <hdop>2</hdop>
      </trkpt>
      <trkpt lat="52.7744634" lon="24.3491117">
        <ele>183</ele>
        <time>2024-01-13T13:29:43Z</time>
        <hdop>2</hdop>
      </trkpt>
      <trkpt lat="52.7744634" lon="24.3491117">
        <ele>183</ele>
        <time>2024-01-13T13:29:54Z</time>
        <hdop>2</hdop>
      </trkpt>
      <trkpt lat="52.7744634" lon="24.3491117">
        <ele>183</ele>
        <time>2024-01-13T13:30:04Z</time>
        <hdop>1.5</hdop>
      </trkpt>
      <trkpt lat="52.7744634" lon="24.3491117">
        <ele>183</ele>
        <time>2024-01-13T13:30:14Z</time>
        <hdop>1.5</hdop>
      </trkpt>
      <trkpt lat="52.7744634" lon="24.3491117">
        <ele>183</ele>
        <time>2024-01-13T13:30:25Z</time>
        <hdop>1.5</hdop>
      </trkpt>
      <trkpt lat="52.7744634" lon="24.3491117">
        <ele>183</ele>
        <time>2024-01-13T13:30:35Z</time>
        <hdop>1.5</hdop>
      </trkpt>
      <trkpt lat="52.7744634" lon="24.3491117">
        <ele>183</ele>
        <time>2024-01-13T13:30:46Z</time>
        <hdop>1</hdop>
      </trkpt>
      <trkpt lat="52.7744634" lon="24.3491117">
        <ele>183</ele>
        <time>2024-01-13T13:30:56Z</time>
        <hdop>1.5</hdop>
      </trkpt>
      <trkpt lat="52.7744634" lon="24.3491117">
        <ele>183</ele>
        <time>2024-01-13T13:31:06Z</time>
        <hdop>1.5</hdop>
      </trkpt>
      <trkpt lat="52.7744634" lon="24.3491117">
        <ele>183</ele>
        <time>2024-01-13T13:31:17Z</time>
        <hdop>1</hdop>
      </trkpt>
      <trkpt lat="52.7744634" lon="24.3491117">
        <ele>183</ele>
        <time>2024-01-13T13:31:27Z</time>
        <hdop>1.5</hdop>
      </trkpt>
      <trkpt lat="52.7744634" lon="24.3491117">
        <ele>183</ele>
        <time>2024-01-13T13:31:37Z</time>
        <hdop>1.5</hdop>
      </trkpt>
      <trkpt lat="52.7744634" lon="24.3491117">
        <ele>183</ele>
        <time>2024-01-13T13:31:47Z</time>
        <hdop>1.5</hdop>
      </trkpt>
      <trkpt lat="52.7744637" lon="24.3491152">
        <ele>183</ele>
        <time>2024-01-13T13:31:58Z</time>
        <hdop>1.5</hdop>
      </trkpt>
      <trkpt lat="52.7744637" lon="24.3491152">
        <ele>183</ele>
        <time>2024-01-13T13:32:09Z</time>
        <hdop>1.5</hdop>
      </trkpt>
      <trkpt lat="52.7744637" lon="24.3491152">
        <ele>183</ele>
        <time>2024-01-13T13:32:19Z</time>
        <hdop>1.5</hdop>
      </trkpt>
      <trkpt lat="52.7744637" lon="24.3491152">
        <ele>183</ele>
        <time>2024-01-13T13:32:30Z</time>
        <hdop>1.5</hdop>
      </trkpt>
      <trkpt lat="52.7744637" lon="24.3491152">
        <ele>183</ele>
        <time>2024-01-13T13:32:40Z</time>
        <hdop>1.5</hdop>
      </trkpt>
      <trkpt lat="52.7744637" lon="24.3491152">
        <ele>183</ele>
        <time>2024-01-13T13:32:50Z</time>
        <hdop>1.5</hdop>
      </trkpt>
      <trkpt lat="52.7744637" lon="24.3491152">
        <ele>183</ele>
        <time>2024-01-13T13:33:01Z</time>
        <hdop>1.5</hdop>
      </trkpt>
      <trkpt lat="52.7744637" lon="24.3491152">
        <ele>183</ele>
        <time>2024-01-13T13:33:12Z</time>
        <hdop>1.5</hdop>
      </trkpt>
      <trkpt lat="52.7744637" lon="24.3491152">
        <ele>183</ele>
        <time>2024-01-13T13:33:22Z</time>
        <hdop>2</hdop>
      </trkpt>
      <trkpt lat="52.774462" lon="24.3489967">
        <ele>184</ele>
        <time>2024-01-13T13:33:33Z</time>
        <hdop>1.5</hdop>
        <extensions>
          <speed>0.74</speed>
        </extensions>
      </trkpt>
      <trkpt lat="52.774484" lon="24.3488886">
        <ele>185</ele>
        <time>2024-01-13T13:33:44Z</time>
        <hdop>2</hdop>
      </trkpt>
      <trkpt lat="52.7744902" lon="24.3488002">
        <ele>183</ele>
        <time>2024-01-13T13:33:55Z</time>
        <hdop>2.5</hdop>
        <extensions>
          <speed>0.75</speed>
        </extensions>
      </trkpt>
      <trkpt lat="52.7745165" lon="24.3487254">
        <ele>180</ele>
        <time>2024-01-13T13:34:05Z</time>
        <hdop>2</hdop>
      </trkpt>
      <trkpt lat="52.7745622" lon="24.3486318">
        <ele>182</ele>
        <time>2024-01-13T13:34:16Z</time>
        <hdop>2.5</hdop>
      </trkpt>
      <trkpt lat="52.7746096" lon="24.3485485">
        <ele>181</ele>
        <time>2024-01-13T13:34:26Z</time>
        <hdop>2.5</hdop>
        <extensions>
          <speed>0.73</speed>
        </extensions>
      </trkpt>
      <trkpt lat="52.77465" lon="24.3484567">
        <ele>179</ele>
        <time>2024-01-13T13:34:37Z</time>
        <hdop>2.5</hdop>
        <extensions>
          <speed>0.92</speed>
        </extensions>
      </trkpt>
      <trkpt lat="52.7746886" lon="24.3483968">
        <ele>179</ele>
        <time>2024-01-13T13:34:48Z</time>
        <hdop>2.5</hdop>
      </trkpt>
      <trkpt lat="52.774759" lon="24.3483252">
        <ele>180</ele>
        <time>2024-01-13T13:34:58Z</time>
        <hdop>2.5</hdop>
        <extensions>
          <speed>0.97</speed>
        </extensions>
      </trkpt>
      <trkpt lat="52.7748152" lon="24.3483328">
        <ele>178</ele>
        <time>2024-01-13T13:35:08Z</time>
        <hdop>3</hdop>
      </trkpt>
      <trkpt lat="52.774858" lon="24.34835">
        <ele>179</ele>
        <time>2024-01-13T13:35:18Z</time>
        <hdop>2.5</hdop>
        <extensions>
          <speed>0.21</speed>
        </extensions>
      </trkpt>
      <trkpt lat="52.7749001" lon="24.3482632">
        <ele>178</ele>
        <time>2024-01-13T13:35:29Z</time>
        <hdop>2.5</hdop>
        <extensions>
          <speed>0.38</speed>
        </extensions>
      </trkpt>
      <trkpt lat="52.7749494" lon="24.3481584">
        <ele>181</ele>
        <time>2024-01-13T13:35:40Z</time>
        <hdop>2</hdop>
        <extensions>
          <speed>1.08</speed>
        </extensions>
      </trkpt>
      <trkpt lat="52.7749862" lon="24.3480437">
        <ele>184</ele>
        <time>2024-01-13T13:35:51Z</time>
        <hdop>2</hdop>
        <extensions>
          <speed>0.74</speed>
        </extensions>
      </trkpt>
      <trkpt lat="52.7750277" lon="24.3479229">
        <ele>184</ele>
        <time>2024-01-13T13:36:02Z</time>
        <hdop>1.5</hdop>
        <extensions>
          <speed>0.61</speed>
        </extensions>
      </trkpt>
      <trkpt lat="52.7750471" lon="24.347922">
        <ele>181</ele>
        <time>2024-01-13T13:36:13Z</time>
        <hdop>2</hdop>
      </trkpt>
      <trkpt lat="52.7750471" lon="24.347922">
        <ele>181</ele>
        <time>2024-01-13T13:36:23Z</time>
        <hdop>2</hdop>
      </trkpt>
      <trkpt lat="52.7750471" lon="24.347922">
        <ele>181</ele>
        <time>2024-01-13T13:36:33Z</time>
        <hdop>2</hdop>
      </trkpt>
      <trkpt lat="52.7751082" lon="24.3478974">
        <ele>182</ele>
        <time>2024-01-13T13:36:44Z</time>
        <hdop>2.5</hdop>
      </trkpt>
      <trkpt lat="52.77516" lon="24.3478824">
        <ele>184</ele>
        <time>2024-01-13T13:36:55Z</time>
        <hdop>3</hdop>
      </trkpt>
      <trkpt lat="52.7752175" lon="24.3478647">
        <ele>183</ele>
        <time>2024-01-13T13:37:06Z</time>
        <hdop>2.5</hdop>
      </trkpt>
      <trkpt lat="52.7752593" lon="24.3477907">
        <ele>183</ele>
        <time>2024-01-13T13:37:17Z</time>
        <hdop>2.5</hdop>
        <extensions>
          <speed>0.44</speed>
        </extensions>
      </trkpt>
      <trkpt lat="52.7752766" lon="24.3477774">
        <ele>181</ele>
        <time>2024-01-13T13:37:27Z</time>
        <hdop>2.5</hdop>
        <extensions>
          <speed>0.53</speed>
        </extensions>
      </trkpt>
      <trkpt lat="52.7753129" lon="24.34772">
        <ele>178</ele>
        <time>2024-01-13T13:37:38Z</time>
        <hdop>2</hdop>
        <extensions>
          <speed>0.68</speed>
        </extensions>
      </trkpt>
      <trkpt lat="52.7753657" lon="24.3476906">
        <ele>179</ele>
        <time>2024-01-13T13:37:48Z</time>
        <hdop>2</hdop>
        <extensions>
          <speed>1.04</speed>
        </extensions>
      </trkpt>
      <trkpt lat="52.7754192" lon="24.3476347">
        <ele>180</ele>
        <time>2024-01-13T13:37:58Z</time>
        <hdop>2.5</hdop>
        <extensions>
          <speed>0.47</speed>
        </extensions>
      </trkpt>
      <trkpt lat="52.7754202" lon="24.34763">
        <ele>181</ele>
        <time>2024-01-13T13:38:09Z</time>
        <hdop>2.5</hdop>
      </trkpt>
      <trkpt lat="52.7754612" lon="24.3476091">
        <ele>181</ele>
        <time>2024-01-13T13:38:19Z</time>
        <hdop>2.5</hdop>
        <extensions>
          <speed>0.83</speed>
        </extensions>
      </trkpt>
      <trkpt lat="52.7755408" lon="24.3476162">
        <ele>181</ele>
        <time>2024-01-13T13:38:30Z</time>
        <hdop>2</hdop>
        <extensions>
          <speed>0.4</speed>
        </extensions>
      </trkpt>
      <trkpt lat="52.7755812" lon="24.3475784">
        <ele>181</ele>
        <time>2024-01-13T13:38:40Z</time>
        <hdop>2</hdop>
      </trkpt>
      <trkpt lat="52.7756316" lon="24.3475101">
        <ele>182</ele>
        <time>2024-01-13T13:38:51Z</time>
        <hdop>2</hdop>
      </trkpt>
      <trkpt lat="52.7756834" lon="24.347424">
        <ele>180</ele>
        <time>2024-01-13T13:39:02Z</time>
        <hdop>2.5</hdop>
        <extensions>
          <speed>0.63</speed>
        </extensions>
      </trkpt>
      <trkpt lat="52.7757277" lon="24.3473394">
        <ele>178</ele>
        <time>2024-01-13T13:39:13Z</time>
        <hdop>2.5</hdop>
        <extensions>
          <speed>0.95</speed>
        </extensions>
      </trkpt>
      <trkpt lat="52.7757756" lon="24.3472754">
        <ele>179</ele>
        <time>2024-01-13T13:39:23Z</time>
        <hdop>3</hdop>
        <extensions>
          <speed>0.51</speed>
        </extensions>
      </trkpt>
      <trkpt lat="52.7758311" lon="24.3471978">
        <ele>179</ele>
        <time>2024-01-13T13:39:34Z</time>
        <hdop>2.5</hdop>
        <extensions>
          <speed>0.61</speed>
        </extensions>
      </trkpt>
      <trkpt lat="52.7758553" lon="24.3471578">
        <ele>179</ele>
        <time>2024-01-13T13:39:44Z</time>
        <hdop>2.5</hdop>
      </trkpt>
      <trkpt lat="52.7759183" lon="24.3470853">
        <ele>180</ele>
        <time>2024-01-13T13:39:55Z</time>
        <hdop>2.5</hdop>
        <extensions>
          <speed>0.82</speed>
        </extensions>
      </trkpt>
      <trkpt lat="52.7759559" lon="24.3470296">
        <ele>179</ele>
        <time>2024-01-13T13:40:05Z</time>
        <hdop>3</hdop>
        <extensions>
          <speed>0.53</speed>
        </extensions>
      </trkpt>
      <trkpt lat="52.7760159" lon="24.3469639">
        <ele>179</ele>
        <time>2024-01-13T13:40:16Z</time>
        <hdop>2.5</hdop>
      </trkpt>
      <trkpt lat="52.7760711" lon="24.3468806">
        <ele>177</ele>
        <time>2024-01-13T13:40:27Z</time>
        <hdop>2.5</hdop>
        <extensions>
          <speed>0.64</speed>
        </extensions>
      </trkpt>
      <trkpt lat="52.7761153" lon="24.3468158">
        <ele>178</ele>
        <time>2024-01-13T13:40:37Z</time>
        <hdop>3</hdop>
        <extensions>
          <speed>0.82</speed>
        </extensions>
      </trkpt>
      <trkpt lat="52.7761733" lon="24.3467483">
        <ele>177</ele>
        <time>2024-01-13T13:40:48Z</time>
        <hdop>2.5</hdop>
        <extensions>
          <speed>0.85</speed>
        </extensions>
      </trkpt>
      <trkpt lat="52.7761978" lon="24.3466772">
        <ele>178</ele>
        <time>2024-01-13T13:40:58Z</time>
        <hdop>2</hdop>
        <extensions>
          <speed>0.4</speed>
        </extensions>
      </trkpt>
      <trkpt lat="52.7762212" lon="24.3466171">
        <ele>178</ele>
        <time>2024-01-13T13:41:09Z</time>
        <hdop>2</hdop>
        <extensions>
          <speed>0.52</speed>
        </extensions>
      </trkpt>
      <trkpt lat="52.7762429" lon="24.3465458">
        <ele>177</ele>
        <time>2024-01-13T13:41:19Z</time>
        <hdop>2</hdop>
      </trkpt>
      <trkpt lat="52.7762678" lon="24.34651">
        <ele>179</ele>
        <time>2024-01-13T13:41:30Z</time>
        <hdop>2</hdop>
        <extensions>
          <speed>0.57</speed>
        </extensions>
      </trkpt>
      <trkpt lat="52.7763108" lon="24.34645">
        <ele>180</ele>
        <time>2024-01-13T13:41:41Z</time>
        <hdop>2</hdop>
      </trkpt>
      <trkpt lat="52.7763676" lon="24.3463752">
        <ele>181</ele>
        <time>2024-01-13T13:41:51Z</time>
        <hdop>2.5</hdop>
        <extensions>
          <speed>0.54</speed>
        </extensions>
      </trkpt>
      <trkpt lat="52.7763993" lon="24.346292">
        <ele>179</ele>
        <time>2024-01-13T13:42:02Z</time>
        <hdop>2.5</hdop>
        <extensions>
          <speed>0.8</speed>
        </extensions>
      </trkpt>
      <trkpt lat="52.7764412" lon="24.3462233">
        <ele>180</ele>
        <time>2024-01-13T13:42:13Z</time>
        <hdop>2</hdop>
      </trkpt>
      <trkpt lat="52.7764732" lon="24.3461533">
        <ele>179</ele>
        <time>2024-01-13T13:42:24Z</time>
        <hdop>2</hdop>
        <extensions>
          <speed>0.23</speed>
        </extensions>
      </trkpt>
      <trkpt lat="52.7765032" lon="24.3460699">
        <ele>180</ele>
        <time>2024-01-13T13:42:35Z</time>
        <hdop>2.5</hdop>
      </trkpt>
      <trkpt lat="52.7765569" lon="24.345987">
        <ele>182</ele>
        <time>2024-01-13T13:42:45Z</time>
        <hdop>2</hdop>
        <extensions>
          <speed>0.9</speed>
        </extensions>
      </trkpt>
      <trkpt lat="52.7765939" lon="24.3459138">
        <ele>182</ele>
        <time>2024-01-13T13:42:55Z</time>
        <hdop>2</hdop>
        <extensions>
          <speed>0.47</speed>
        </extensions>
      </trkpt>
      <trkpt lat="52.7765693" lon="24.3457789">
        <ele>182</ele>
        <time>2024-01-13T13:43:06Z</time>
        <hdop>1.5</hdop>
        <extensions>
          <speed>0.74</speed>
        </extensions>
      </trkpt>
      <trkpt lat="52.7766005" lon="24.3456652">
        <ele>182</ele>
        <time>2024-01-13T13:43:17Z</time>
        <hdop>2</hdop>
        <extensions>
          <speed>0.51</speed>
        </extensions>
      </trkpt>
      <trkpt lat="52.7766128" lon="24.3455869">
        <ele>179</ele>
        <time>2024-01-13T13:43:27Z</time>
        <hdop>2</hdop>
        <extensions>
          <speed>0.49</speed>
        </extensions>
      </trkpt>
      <trkpt lat="52.7766283" lon="24.3455152">
        <ele>179</ele>
        <time>2024-01-13T13:43:38Z</time>
        <hdop>2.5</hdop>
      </trkpt>
      <trkpt lat="52.7766594" lon="24.3454316">
        <ele>178</ele>
        <time>2024-01-13T13:43:49Z</time>
        <hdop>2.5</hdop>
        <extensions>
          <speed>0.61</speed>
        </extensions>
      </trkpt>
      <trkpt lat="52.7766898" lon="24.3453055">
        <ele>178</ele>
        <time>2024-01-13T13:44:00Z</time>
        <hdop>2.5</hdop>
        <extensions>
          <speed>1.2</speed>
        </extensions>
      </trkpt>
      <trkpt lat="52.7767114" lon="24.345214">
        <ele>179</ele>
        <time>2024-01-13T13:44:11Z</time>
        <hdop>2</hdop>
      </trkpt>
      <trkpt lat="52.7767279" lon="24.345141">
        <ele>179</ele>
        <time>2024-01-13T13:44:21Z</time>
        <hdop>2</hdop>
      </trkpt>
      <trkpt lat="52.7767453" lon="24.3450287">
        <ele>178</ele>
        <time>2024-01-13T13:44:31Z</time>
        <hdop>2</hdop>
        <extensions>
          <speed>0.75</speed>
        </extensions>
      </trkpt>
      <trkpt lat="52.7767876" lon="24.3449389">
        <ele>179</ele>
        <time>2024-01-13T13:44:42Z</time>
        <hdop>2</hdop>
        <extensions>
          <speed>0.68</speed>
        </extensions>
      </trkpt>
      <trkpt lat="52.7768245" lon="24.3448596">
        <ele>181</ele>
        <time>2024-01-13T13:44:53Z</time>
        <hdop>2</hdop>
        <extensions>
          <speed>1.19</speed>
        </extensions>
      </trkpt>
      <trkpt lat="52.7768409" lon="24.3447837">
        <ele>180</ele>
        <time>2024-01-13T13:45:03Z</time>
        <hdop>2</hdop>
        <extensions>
          <speed>0.8</speed>
        </extensions>
      </trkpt>
      <trkpt lat="52.7768544" lon="24.3446854">
        <ele>179</ele>
        <time>2024-01-13T13:45:13Z</time>
        <hdop>2.5</hdop>
        <extensions>
          <speed>0.64</speed>
        </extensions>
      </trkpt>
      <trkpt lat="52.7769044" lon="24.3446353">
        <ele>178</ele>
        <time>2024-01-13T13:45:24Z</time>
        <hdop>2.5</hdop>
      </trkpt>
      <trkpt lat="52.7769603" lon="24.3445727">
        <ele>177</ele>
        <time>2024-01-13T13:45:35Z</time>
        <hdop>2.5</hdop>
        <extensions>
          <speed>0.95</speed>
        </extensions>
      </trkpt>
      <trkpt lat="52.7770013" lon="24.3444897">
        <ele>178</ele>
        <time>2024-01-13T13:45:45Z</time>
        <hdop>2</hdop>
        <extensions>
          <speed>0.61</speed>
        </extensions>
      </trkpt>
      <trkpt lat="52.7770502" lon="24.3443935">
        <ele>178</ele>
        <time>2024-01-13T13:45:56Z</time>
        <hdop>2.5</hdop>
        <extensions>
          <speed>0.53</speed>
        </extensions>
      </trkpt>
      <trkpt lat="52.7770978" lon="24.3442993">
        <ele>179</ele>
        <time>2024-01-13T13:46:06Z</time>
        <hdop>2.5</hdop>
        <extensions>
          <speed>0.67</speed>
        </extensions>
      </trkpt>
      <trkpt lat="52.7771637" lon="24.3442209">
        <ele>179</ele>
        <time>2024-01-13T13:46:17Z</time>
        <hdop>2.5</hdop>
        <extensions>
          <speed>0.51</speed>
        </extensions>
      </trkpt>
      <trkpt lat="52.7772146" lon="24.344163">
        <ele>179</ele>
        <time>2024-01-13T13:46:27Z</time>
        <hdop>2</hdop>
        <extensions>
          <speed>0.79</speed>
        </extensions>
      </trkpt>
      <trkpt lat="52.7772517" lon="24.3441206">
        <ele>178</ele>
        <time>2024-01-13T13:46:38Z</time>
        <hdop>2</hdop>
      </trkpt>
      <trkpt lat="52.7772517" lon="24.3441206">
        <ele>178</ele>
        <time>2024-01-13T13:46:48Z</time>
        <hdop>2.5</hdop>
      </trkpt>
      <trkpt lat="52.7772805" lon="24.3440588">
        <ele>178</ele>
        <time>2024-01-13T13:46:58Z</time>
        <hdop>2</hdop>
        <extensions>
          <speed>0.8</speed>
        </extensions>
      </trkpt>
      <trkpt lat="52.7773519" lon="24.3440015">
        <ele>179</ele>
        <time>2024-01-13T13:47:09Z</time>
        <hdop>2.5</hdop>
        <extensions>
          <speed>0.89</speed>
        </extensions>
      </trkpt>
      <trkpt lat="52.7774131" lon="24.3439535">
        <ele>179</ele>
        <time>2024-01-13T13:47:19Z</time>
        <hdop>2.5</hdop>
      </trkpt>
      <trkpt lat="52.7774343" lon="24.3439194">
        <ele>179</ele>
        <time>2024-01-13T13:47:29Z</time>
        <hdop>2</hdop>
        <extensions>
          <speed>0.99</speed>
        </extensions>
      </trkpt>
      <trkpt lat="52.7774563" lon="24.3438488">
        <ele>179</ele>
        <time>2024-01-13T13:47:40Z</time>
        <hdop>2</hdop>
        <extensions>
          <speed>0.03</speed>
        </extensions>
      </trkpt>
      <trkpt lat="52.7774709" lon="24.343839">
        <ele>181</ele>
        <time>2024-01-13T13:47:51Z</time>
        <hdop>2</hdop>
      </trkpt>
      <trkpt lat="52.7774756" lon="24.3438267">
        <ele>181</ele>
        <time>2024-01-13T13:48:01Z</time>
        <hdop>2</hdop>
        <extensions>
          <speed>0.94</speed>
        </extensions>
      </trkpt>
      <trkpt lat="52.7775327" lon="24.3437624">
        <ele>179</ele>
        <time>2024-01-13T13:48:12Z</time>
        <hdop>3.5</hdop>
        <extensions>
          <speed>0.62</speed>
        </extensions>
      </trkpt>
      <trkpt lat="52.7775972" lon="24.3436922">
        <ele>180</ele>
        <time>2024-01-13T13:48:23Z</time>
        <hdop>3</hdop>
        <extensions>
          <speed>0.56</speed>
        </extensions>
      </trkpt>
      <trkpt lat="52.7776595" lon="24.3437051">
        <ele>179</ele>
        <time>2024-01-13T13:48:33Z</time>
        <hdop>2</hdop>
        <extensions>
          <speed>0.91</speed>
        </extensions>
      </trkpt>
      <trkpt lat="52.7777089" lon="24.3436915">
        <ele>179</ele>
        <time>2024-01-13T13:48:44Z</time>
        <hdop>2.5</hdop>
      </trkpt>
      <trkpt lat="52.7777868" lon="24.3437123">
        <ele>179</ele>
        <time>2024-01-13T13:48:54Z</time>
        <hdop>2.5</hdop>
        <extensions>
          <speed>0.64</speed>
        </extensions>
      </trkpt>
      <trkpt lat="52.7778561" lon="24.343673">
        <ele>179</ele>
        <time>2024-01-13T13:49:04Z</time>
        <hdop>2.5</hdop>
        <extensions>
          <speed>0.88</speed>
        </extensions>
      </trkpt>
      <trkpt lat="52.7779097" lon="24.3436496">
        <ele>178</ele>
        <time>2024-01-13T13:49:15Z</time>
        <hdop>2</hdop>
      </trkpt>
      <trkpt lat="52.7779901" lon="24.3436258">
        <ele>178</ele>
        <time>2024-01-13T13:49:26Z</time>
        <hdop>2.5</hdop>
        <extensions>
          <speed>1.02</speed>
        </extensions>
      </trkpt>
      <trkpt lat="52.7780535" lon="24.343546">
        <ele>177</ele>
        <time>2024-01-13T13:49:37Z</time>
        <hdop>2.5</hdop>
        <extensions>
          <speed>0.61</speed>
        </extensions>
      </trkpt>
      <trkpt lat="52.7781239" lon="24.3435253">
        <ele>179</ele>
        <time>2024-01-13T13:49:47Z</time>
        <hdop>2.5</hdop>
        <extensions>
          <speed>0.58</speed>
        </extensions>
      </trkpt>
      <trkpt lat="52.7781926" lon="24.3435309">
        <ele>177</ele>
        <time>2024-01-13T13:49:58Z</time>
        <hdop>2.5</hdop>
        <extensions>
          <speed>0.48</speed>
        </extensions>
      </trkpt>
      <trkpt lat="52.7782455" lon="24.3435214">
        <ele>178</ele>
        <time>2024-01-13T13:50:08Z</time>
        <hdop>2</hdop>
      </trkpt>
      <trkpt lat="52.7782752" lon="24.343489">
        <ele>179</ele>
        <time>2024-01-13T13:50:18Z</time>
        <hdop>2</hdop>
        <extensions>
          <speed>0.83</speed>
        </extensions>
      </trkpt>
      <trkpt lat="52.7783192" lon="24.3433984">
        <ele>179</ele>
        <time>2024-01-13T13:50:28Z</time>
        <hdop>2</hdop>
      </trkpt>
      <trkpt lat="52.7783497" lon="24.3433336">
        <ele>180</ele>
        <time>2024-01-13T13:50:39Z</time>
        <hdop>2</hdop>
      </trkpt>
      <trkpt lat="52.7784302" lon="24.3433086">
        <ele>182</ele>
        <time>2024-01-13T13:50:49Z</time>
        <hdop>2.5</hdop>
        <extensions>
          <speed>0.81</speed>
        </extensions>
      </trkpt>
      <trkpt lat="52.7785089" lon="24.3432273">
        <ele>180</ele>
        <time>2024-01-13T13:51:00Z</time>
        <hdop>2.5</hdop>
        <extensions>
          <speed>0.67</speed>
        </extensions>
      </trkpt>
      <trkpt lat="52.7785865" lon="24.3431109">
        <ele>180</ele>
        <time>2024-01-13T13:51:11Z</time>
        <hdop>2.5</hdop>
        <extensions>
          <speed>0.85</speed>
        </extensions>
      </trkpt>
      <trkpt lat="52.7786721" lon="24.3430297">
        <ele>182</ele>
        <time>2024-01-13T13:51:21Z</time>
        <hdop>2.5</hdop>
        <extensions>
          <speed>1.07</speed>
        </extensions>
      </trkpt>
      <trkpt lat="52.7787208" lon="24.3429816">
        <ele>182</ele>
        <time>2024-01-13T13:51:31Z</time>
        <hdop>2.5</hdop>
        <extensions>
          <speed>0.93</speed>
        </extensions>
      </trkpt>
      <trkpt lat="52.7788142" lon="24.3429277">
        <ele>182</ele>
        <time>2024-01-13T13:51:42Z</time>
        <hdop>2.5</hdop>
        <extensions>
          <speed>0.81</speed>
        </extensions>
      </trkpt>
      <trkpt lat="52.7788796" lon="24.3428683">
        <ele>182</ele>
        <time>2024-01-13T13:51:53Z</time>
        <hdop>2.5</hdop>
        <extensions>
          <speed>0.71</speed>
        </extensions>
      </trkpt>
      <trkpt lat="52.7789385" lon="24.3428697">
        <ele>182</ele>
        <time>2024-01-13T13:52:03Z</time>
        <hdop>2</hdop>
        <extensions>
          <speed>0.6</speed>
        </extensions>
      </trkpt>
      <trkpt lat="52.7790021" lon="24.3428385">
        <ele>181</ele>
        <time>2024-01-13T13:52:13Z</time>
        <hdop>2</hdop>
        <extensions>
          <speed>0.56</speed>
        </extensions>
      </trkpt>
      <trkpt lat="52.7790629" lon="24.3427503">
        <ele>179</ele>
        <time>2024-01-13T13:52:23Z</time>
        <hdop>2</hdop>
        <extensions>
          <speed>0.83</speed>
        </extensions>
      </trkpt>
      <trkpt lat="52.7791096" lon="24.3427061">
        <ele>181</ele>
        <time>2024-01-13T13:52:33Z</time>
        <hdop>2</hdop>
        <extensions>
          <speed>0.75</speed>
        </extensions>
      </trkpt>
      <trkpt lat="52.7791668" lon="24.3426447">
        <ele>180</ele>
        <time>2024-01-13T13:52:44Z</time>
        <hdop>2.5</hdop>
        <extensions>
          <speed>0.72</speed>
        </extensions>
      </trkpt>
      <trkpt lat="52.7791952" lon="24.3426055">
        <ele>180</ele>
        <time>2024-01-13T13:52:54Z</time>
        <hdop>3</hdop>
      </trkpt>
      <trkpt lat="52.7792298" lon="24.3425546">
        <ele>181</ele>
        <time>2024-01-13T13:53:05Z</time>
        <hdop>2.5</hdop>
        <extensions>
          <speed>0.69</speed>
        </extensions>
      </trkpt>
      <trkpt lat="52.779273" lon="24.3425013">
        <ele>181</ele>
        <time>2024-01-13T13:53:15Z</time>
        <hdop>2.5</hdop>
      </trkpt>
      <trkpt lat="52.7793007" lon="24.3424273">
        <ele>179</ele>
        <time>2024-01-13T13:53:25Z</time>
        <hdop>2</hdop>
        <extensions>
          <speed>0.82</speed>
        </extensions>
      </trkpt>
      <trkpt lat="52.7793274" lon="24.3423078">
        <ele>179</ele>
        <time>2024-01-13T13:53:36Z</time>
        <hdop>2</hdop>
        <extensions>
          <speed>0.76</speed>
        </extensions>
      </trkpt>
      <trkpt lat="52.7793477" lon="24.3421583">
        <ele>180</ele>
        <time>2024-01-13T13:53:46Z</time>
        <hdop>2</hdop>
        <extensions>
          <speed>0.94</speed>
        </extensions>
      </trkpt>
      <trkpt lat="52.7794079" lon="24.3420395">
        <ele>181</ele>
        <time>2024-01-13T13:53:57Z</time>
        <hdop>2</hdop>
        <extensions>
          <speed>0.73</speed>
        </extensions>
      </trkpt>
      <trkpt lat="52.7794543" lon="24.3419205">
        <ele>180</ele>
        <time>2024-01-13T13:54:07Z</time>
        <hdop>2.5</hdop>
        <extensions>
          <speed>0.74</speed>
        </extensions>
      </trkpt>
      <trkpt lat="52.779498" lon="24.3417956">
        <ele>180</ele>
        <time>2024-01-13T13:54:17Z</time>
        <hdop>2</hdop>
        <extensions>
          <speed>0.88</speed>
        </extensions>
      </trkpt>
      <trkpt lat="52.7795404" lon="24.3416863">
        <ele>178</ele>
        <time>2024-01-13T13:54:28Z</time>
        <hdop>2</hdop>
      </trkpt>
      <trkpt lat="52.7795529" lon="24.3415736">
        <ele>180</ele>
        <time>2024-01-13T13:54:38Z</time>
        <hdop>2</hdop>
        <extensions>
          <speed>0.74</speed>
        </extensions>
      </trkpt>
      <trkpt lat="52.7795797" lon="24.3415138">
        <ele>180</ele>
        <time>2024-01-13T13:54:49Z</time>
        <hdop>2</hdop>
        <extensions>
          <speed>0.62</speed>
        </extensions>
      </trkpt>
      <trkpt lat="52.7795789" lon="24.3415184">
        <ele>182</ele>
        <time>2024-01-13T13:55:00Z</time>
        <hdop>1.5</hdop>
        <extensions>
          <speed>0.12</speed>
        </extensions>
      </trkpt>
      <trkpt lat="52.7795806" lon="24.3415184">
        <ele>181</ele>
        <time>2024-01-13T13:55:10Z</time>
        <hdop>1.5</hdop>
      </trkpt>
      <trkpt lat="52.7795806" lon="24.3415184">
        <ele>181</ele>
        <time>2024-01-13T13:55:21Z</time>
        <hdop>1.5</hdop>
      </trkpt>
      <trkpt lat="52.7795864" lon="24.341505">
        <ele>181</ele>
        <time>2024-01-13T13:55:32Z</time>
        <hdop>2</hdop>
        <extensions>
          <speed>0.9</speed>
        </extensions>
      </trkpt>
      <trkpt lat="52.7795999" lon="24.3413864">
        <ele>182</ele>
        <time>2024-01-13T13:55:42Z</time>
        <hdop>1.5</hdop>
        <extensions>
          <speed>0.91</speed>
        </extensions>
      </trkpt>
      <trkpt lat="52.7796113" lon="24.3412789">
        <ele>182</ele>
        <time>2024-01-13T13:55:52Z</time>
        <hdop>2</hdop>
        <extensions>
          <speed>0.46</speed>
        </extensions>
      </trkpt>
      <trkpt lat="52.7796724" lon="24.3411677">
        <ele>180</ele>
        <time>2024-01-13T13:56:03Z</time>
        <hdop>2.5</hdop>
        <extensions>
          <speed>0.93</speed>
        </extensions>
      </trkpt>
      <trkpt lat="52.7796861" lon="24.3410408">
        <ele>180</ele>
        <time>2024-01-13T13:56:14Z</time>
        <hdop>2</hdop>
        <extensions>
          <speed>0.41</speed>
        </extensions>
      </trkpt>
      <trkpt lat="52.7797293" lon="24.3409297">
        <ele>180</ele>
        <time>2024-01-13T13:56:24Z</time>
        <hdop>2</hdop>
        <extensions>
          <speed>0.27</speed>
        </extensions>
      </trkpt>
      <trkpt lat="52.7797191" lon="24.3408278">
        <ele>180</ele>
        <time>2024-01-13T13:56:35Z</time>
        <hdop>2</hdop>
        <extensions>
          <speed>0.97</speed>
        </extensions>
      </trkpt>
      <trkpt lat="52.779758" lon="24.3406762">
        <ele>180</ele>
        <time>2024-01-13T13:56:46Z</time>
        <hdop>2</hdop>
        <extensions>
          <speed>0.56</speed>
        </extensions>
      </trkpt>
      <trkpt lat="52.7797894" lon="24.3405838">
        <ele>180</ele>
        <time>2024-01-13T13:56:56Z</time>
        <hdop>2</hdop>
      </trkpt>
      <trkpt lat="52.7798227" lon="24.3404778">
        <ele>180</ele>
        <time>2024-01-13T13:57:07Z</time>
        <hdop>2.5</hdop>
        <extensions>
          <speed>0.12</speed>
        </extensions>
      </trkpt>
      <trkpt lat="52.7798452" lon="24.3403967">
        <ele>180</ele>
        <time>2024-01-13T13:57:18Z</time>
        <hdop>2</hdop>
      </trkpt>
      <trkpt lat="52.7798361" lon="24.340316">
        <ele>179</ele>
        <time>2024-01-13T13:57:28Z</time>
        <hdop>2</hdop>
      </trkpt>
      <trkpt lat="52.7798524" lon="24.3401546">
        <ele>180</ele>
        <time>2024-01-13T13:57:39Z</time>
        <hdop>2</hdop>
        <extensions>
          <speed>0.89</speed>
        </extensions>
      </trkpt>
      <trkpt lat="52.779883" lon="24.340009">
        <ele>180</ele>
        <time>2024-01-13T13:57:49Z</time>
        <hdop>2.5</hdop>
        <extensions>
          <speed>0.6</speed>
        </extensions>
      </trkpt>
      <trkpt lat="52.7798991" lon="24.3399168">
        <ele>180</ele>
        <time>2024-01-13T13:58:00Z</time>
        <hdop>2</hdop>
      </trkpt>
      <trkpt lat="52.7799135" lon="24.3397744">
        <ele>179</ele>
        <time>2024-01-13T13:58:10Z</time>
        <hdop>2</hdop>
        <extensions>
          <speed>0.67</speed>
        </extensions>
      </trkpt>
      <trkpt lat="52.7799532" lon="24.3396206">
        <ele>178</ele>
        <time>2024-01-13T13:58:21Z</time>
        <hdop>2</hdop>
        <extensions>
          <speed>0.51</speed>
        </extensions>
      </trkpt>
      <trkpt lat="52.7799667" lon="24.3394787">
        <ele>178</ele>
        <time>2024-01-13T13:58:32Z</time>
        <hdop>2</hdop>
        <extensions>
          <speed>0.65</speed>
        </extensions>
      </trkpt>
      <trkpt lat="52.780013" lon="24.3393356">
        <ele>179</ele>
        <time>2024-01-13T13:58:43Z</time>
        <hdop>2</hdop>
        <extensions>
          <speed>0.81</speed>
        </extensions>
      </trkpt>
      <trkpt lat="52.7800354" lon="24.3392327">
        <ele>179</ele>
        <time>2024-01-13T13:58:53Z</time>
        <hdop>2</hdop>
      </trkpt>
      <trkpt lat="52.7800556" lon="24.3391177">
        <ele>179</ele>
        <time>2024-01-13T13:59:04Z</time>
        <hdop>2</hdop>
        <extensions>
          <speed>0.78</speed>
        </extensions>
      </trkpt>
      <trkpt lat="52.780073" lon="24.3389875">
        <ele>179</ele>
        <time>2024-01-13T13:59:14Z</time>
        <hdop>2</hdop>
        <extensions>
          <speed>0.63</speed>
        </extensions>
      </trkpt>
      <trkpt lat="52.7801272" lon="24.3388765">
        <ele>178</ele>
        <time>2024-01-13T13:59:25Z</time>
        <hdop>2.5</hdop>
        <extensions>
          <speed>0.58</speed>
        </extensions>
      </trkpt>
      <trkpt lat="52.7801719" lon="24.338801">
        <ele>176</ele>
        <time>2024-01-13T13:59:35Z</time>
        <hdop>2</hdop>
        <extensions>
          <speed>0.32</speed>
        </extensions>
      </trkpt>
      <trkpt lat="52.78023" lon="24.3387579">
        <ele>176</ele>
        <time>2024-01-13T13:59:46Z</time>
        <hdop>2.5</hdop>
      </trkpt>
      <trkpt lat="52.7803139" lon="24.338682">
        <ele>176</ele>
        <time>2024-01-13T13:59:56Z</time>
        <hdop>2.5</hdop>
        <extensions>
          <speed>0.59</speed>
        </extensions>
      </trkpt>
      <trkpt lat="52.7803842" lon="24.3386066">
        <ele>175</ele>
        <time>2024-01-13T14:00:07Z</time>
        <hdop>2.5</hdop>
        <extensions>
          <speed>0.77</speed>
        </extensions>
      </trkpt>
      <trkpt lat="52.7804582" lon="24.3385292">
        <ele>177</ele>
        <time>2024-01-13T14:00:18Z</time>
        <hdop>2.5</hdop>
        <extensions>
          <speed>0.64</speed>
        </extensions>
      </trkpt>
      <trkpt lat="52.780514" lon="24.3384925">
        <ele>177</ele>
        <time>2024-01-13T14:00:29Z</time>
        <hdop>2</hdop>
      </trkpt>
      <trkpt lat="52.78055" lon="24.3383986">
        <ele>177</ele>
        <time>2024-01-13T14:00:40Z</time>
        <hdop>2.5</hdop>
      </trkpt>
      <trkpt lat="52.780595" lon="24.3382804">
        <ele>175</ele>
        <time>2024-01-13T14:00:51Z</time>
        <hdop>2</hdop>
        <extensions>
          <speed>0.84</speed>
        </extensions>
      </trkpt>
      <trkpt lat="52.7806664" lon="24.338141">
        <ele>178</ele>
        <time>2024-01-13T14:01:02Z</time>
        <hdop>2.5</hdop>
        <extensions>
          <speed>0.9</speed>
        </extensions>
      </trkpt>
      <trkpt lat="52.7807132" lon="24.3380435">
        <ele>178</ele>
        <time>2024-01-13T14:01:12Z</time>
        <hdop>2</hdop>
        <extensions>
          <speed>0.53</speed>
        </extensions>
      </trkpt>
      <trkpt lat="52.7807753" lon="24.3379895">
        <ele>177</ele>
        <time>2024-01-13T14:01:22Z</time>
        <hdop>2</hdop>
      </trkpt>
      <trkpt lat="52.780848" lon="24.3378559">
        <ele>179</ele>
        <time>2024-01-13T14:01:33Z</time>
        <hdop>2</hdop>
        <extensions>
          <speed>0.95</speed>
        </extensions>
      </trkpt>
      <trkpt lat="52.7809166" lon="24.3377345">
        <ele>178</ele>
        <time>2024-01-13T14:01:44Z</time>
        <hdop>2.5</hdop>
        <extensions>
          <speed>0.77</speed>
        </extensions>
      </trkpt>
      <trkpt lat="52.7809842" lon="24.3376154">
        <ele>179</ele>
        <time>2024-01-13T14:01:55Z</time>
        <hdop>2</hdop>
        <extensions>
          <speed>0.84</speed>
        </extensions>
      </trkpt>
      <trkpt lat="52.7810733" lon="24.3375249">
        <ele>181</ele>
        <time>2024-01-13T14:02:06Z</time>
        <hdop>2</hdop>
        <extensions>
          <speed>0.77</speed>
        </extensions>
      </trkpt>
      <trkpt lat="52.7811316" lon="24.3374314">
        <ele>182</ele>
        <time>2024-01-13T14:02:16Z</time>
        <hdop>1.5</hdop>
        <extensions>
          <speed>1.33</speed>
        </extensions>
      </trkpt>
      <trkpt lat="52.7811907" lon="24.3373213">
        <ele>182</ele>
        <time>2024-01-13T14:02:27Z</time>
        <hdop>2</hdop>
        <extensions>
          <speed>0.74</speed>
        </extensions>
      </trkpt>
      <trkpt lat="52.7812504" lon="24.3372561">
        <ele>180</ele>
        <time>2024-01-13T14:02:37Z</time>
        <hdop>2.5</hdop>
        <extensions>
          <speed>0.49</speed>
        </extensions>
      </trkpt>
      <trkpt lat="52.7812682" lon="24.3371539">
        <ele>178</ele>
        <time>2024-01-13T14:02:47Z</time>
        <hdop>2.5</hdop>
        <extensions>
          <speed>0.53</speed>
        </extensions>
      </trkpt>
      <trkpt lat="52.7812808" lon="24.3370629">
        <ele>177</ele>
        <time>2024-01-13T14:02:57Z</time>
        <hdop>2.5</hdop>
      </trkpt>
      <trkpt lat="52.781373" lon="24.3369928">
        <ele>176</ele>
        <time>2024-01-13T14:03:08Z</time>
        <hdop>2.5</hdop>
        <extensions>
          <speed>1.05</speed>
        </extensions>
      </trkpt>
      <trkpt lat="52.7814694" lon="24.3369726">
        <ele>176</ele>
        <time>2024-01-13T14:03:19Z</time>
        <hdop>2.5</hdop>
        <extensions>
          <speed>0.64</speed>
        </extensions>
      </trkpt>
      <trkpt lat="52.7815528" lon="24.3369389">
        <ele>176</ele>
        <time>2024-01-13T14:03:29Z</time>
        <hdop>2.5</hdop>
        <extensions>
          <speed>0.79</speed>
        </extensions>
      </trkpt>
      <trkpt lat="52.7816295" lon="24.3368963">
        <ele>177</ele>
        <time>2024-01-13T14:03:40Z</time>
        <hdop>2.5</hdop>
        <extensions>
          <speed>0.75</speed>
        </extensions>
      </trkpt>
      <trkpt lat="52.7817134" lon="24.3368479">
        <ele>176</ele>
        <time>2024-01-13T14:03:50Z</time>
        <hdop>2.5</hdop>
        <extensions>
          <speed>0.5</speed>
        </extensions>
      </trkpt>
      <trkpt lat="52.7817843" lon="24.3367816">
        <ele>177</ele>
        <time>2024-01-13T14:04:00Z</time>
        <hdop>2.5</hdop>
        <extensions>
          <speed>0.67</speed>
        </extensions>
      </trkpt>
      <trkpt lat="52.7818474" lon="24.3366706">
        <ele>179</ele>
        <time>2024-01-13T14:04:11Z</time>
        <hdop>3</hdop>
        <extensions>
          <speed>0.86</speed>
        </extensions>
      </trkpt>
      <trkpt lat="52.7818643" lon="24.3365366">
        <ele>178</ele>
        <time>2024-01-13T14:04:21Z</time>
        <hdop>2.5</hdop>
        <extensions>
          <speed>0.41</speed>
        </extensions>
      </trkpt>
      <trkpt lat="52.7819091" lon="24.336394">
        <ele>178</ele>
        <time>2024-01-13T14:04:31Z</time>
        <hdop>2</hdop>
        <extensions>
          <speed>0.79</speed>
        </extensions>
      </trkpt>
      <trkpt lat="52.7819451" lon="24.3362113">
        <ele>177</ele>
        <time>2024-01-13T14:04:42Z</time>
        <hdop>2</hdop>
        <extensions>
          <speed>0.47</speed>
        </extensions>
      </trkpt>
      <trkpt lat="52.7819745" lon="24.3361161">
        <ele>176</ele>
        <time>2024-01-13T14:04:52Z</time>
        <hdop>2</hdop>
        <extensions>
          <speed>0.16</speed>
        </extensions>
      </trkpt>
      <trkpt lat="52.7820346" lon="24.3359831">
        <ele>177</ele>
        <time>2024-01-13T14:05:03Z</time>
        <hdop>2.5</hdop>
        <extensions>
          <speed>0.84</speed>
        </extensions>
      </trkpt>
      <trkpt lat="52.7821016" lon="24.335867">
        <ele>177</ele>
        <time>2024-01-13T14:05:14Z</time>
        <hdop>2</hdop>
        <extensions>
          <speed>0.58</speed>
        </extensions>
      </trkpt>
      <trkpt lat="52.7821423" lon="24.33576">
        <ele>177</ele>
        <time>2024-01-13T14:05:24Z</time>
        <hdop>2.5</hdop>
        <extensions>
          <speed>0.83</speed>
        </extensions>
      </trkpt>
      <trkpt lat="52.7822024" lon="24.3356976">
        <ele>178</ele>
        <time>2024-01-13T14:05:35Z</time>
        <hdop>2</hdop>
        <extensions>
          <speed>0.88</speed>
        </extensions>
      </trkpt>
      <trkpt lat="52.782263" lon="24.3355998">
        <ele>178</ele>
        <time>2024-01-13T14:05:46Z</time>
        <hdop>2</hdop>
        <extensions>
          <speed>0.55</speed>
        </extensions>
      </trkpt>
      <trkpt lat="52.7823076" lon="24.3355085">
        <ele>176</ele>
        <time>2024-01-13T14:05:56Z</time>
        <hdop>2</hdop>
        <extensions>
          <speed>0.57</speed>
        </extensions>
      </trkpt>
      <trkpt lat="52.7823781" lon="24.3354323">
        <ele>178</ele>
        <time>2024-01-13T14:06:07Z</time>
        <hdop>2.5</hdop>
        <extensions>
          <speed>0.73</speed>
        </extensions>
      </trkpt>
      <trkpt lat="52.7823971" lon="24.3354148">
        <ele>181</ele>
        <time>2024-01-13T14:06:17Z</time>
        <hdop>2</hdop>
        <extensions>
          <speed>0.49</speed>
        </extensions>
      </trkpt>
      <trkpt lat="52.7824443" lon="24.3353416">
        <ele>179</ele>
        <time>2024-01-13T14:06:28Z</time>
        <hdop>2.5</hdop>
        <extensions>
          <speed>0.59</speed>
        </extensions>
      </trkpt>
      <trkpt lat="52.7824754" lon="24.3352331">
        <ele>180</ele>
        <time>2024-01-13T14:06:38Z</time>
        <hdop>2.5</hdop>
        <extensions>
          <speed>0.77</speed>
        </extensions>
      </trkpt>
      <trkpt lat="52.7824988" lon="24.3350927">
        <ele>178</ele>
        <time>2024-01-13T14:06:48Z</time>
        <hdop>2.5</hdop>
        <extensions>
          <speed>0.96</speed>
        </extensions>
      </trkpt>
      <trkpt lat="52.7825521" lon="24.3349744">
        <ele>178</ele>
        <time>2024-01-13T14:06:59Z</time>
        <hdop>2.5</hdop>
        <extensions>
          <speed>0.94</speed>
        </extensions>
      </trkpt>
      <trkpt lat="52.7825922" lon="24.3348786">
        <ele>179</ele>
        <time>2024-01-13T14:07:10Z</time>
        <hdop>2</hdop>
        <extensions>
          <speed>0.31</speed>
        </extensions>
      </trkpt>
      <trkpt lat="52.7826502" lon="24.3348222">
        <ele>178</ele>
        <time>2024-01-13T14:07:21Z</time>
        <hdop>2</hdop>
        <extensions>
          <speed>0.91</speed>
        </extensions>
      </trkpt>
      <trkpt lat="52.7827053" lon="24.334756">
        <ele>178</ele>
        <time>2024-01-13T14:07:31Z</time>
        <hdop>2.5</hdop>
      </trkpt>
      <trkpt lat="52.7827254" lon="24.334623">
        <ele>178</ele>
        <time>2024-01-13T14:07:42Z</time>
        <hdop>2</hdop>
        <extensions>
          <speed>0.75</speed>
        </extensions>
      </trkpt>
      <trkpt lat="52.7827912" lon="24.3345216">
        <ele>178</ele>
        <time>2024-01-13T14:07:53Z</time>
        <hdop>2.5</hdop>
        <extensions>
          <speed>0.8</speed>
        </extensions>
      </trkpt>
      <trkpt lat="52.7828801" lon="24.3344384">
        <ele>178</ele>
        <time>2024-01-13T14:08:04Z</time>
        <hdop>2.5</hdop>
        <extensions>
          <speed>0.95</speed>
        </extensions>
      </trkpt>
      <trkpt lat="52.7829358" lon="24.3343725">
        <ele>178</ele>
        <time>2024-01-13T14:08:14Z</time>
        <hdop>2</hdop>
        <extensions>
          <speed>0.94</speed>
        </extensions>
      </trkpt>
      <trkpt lat="52.7830088" lon="24.3343206">
        <ele>178</ele>
        <time>2024-01-13T14:08:24Z</time>
        <hdop>2.5</hdop>
        <extensions>
          <speed>0.8</speed>
        </extensions>
      </trkpt>
      <trkpt lat="52.7830852" lon="24.3342146">
        <ele>178</ele>
        <time>2024-01-13T14:08:35Z</time>
        <hdop>2</hdop>
        <extensions>
          <speed>0.81</speed>
        </extensions>
      </trkpt>
      <trkpt lat="52.7831514" lon="24.3341579">
        <ele>178</ele>
        <time>2024-01-13T14:08:45Z</time>
        <hdop>2</hdop>
        <extensions>
          <speed>0.7</speed>
        </extensions>
      </trkpt>
      <trkpt lat="52.7831988" lon="24.3340286">
        <ele>177</ele>
        <time>2024-01-13T14:08:56Z</time>
        <hdop>2</hdop>
        <extensions>
          <speed>0.74</speed>
        </extensions>
      </trkpt>
      <trkpt lat="52.7832388" lon="24.3339452">
        <ele>176</ele>
        <time>2024-01-13T14:09:06Z</time>
        <hdop>2</hdop>
        <extensions>
          <speed>0.65</speed>
        </extensions>
      </trkpt>
      <trkpt lat="52.7833086" lon="24.3338099">
        <ele>177</ele>
        <time>2024-01-13T14:09:17Z</time>
        <hdop>2.5</hdop>
        <extensions>
          <speed>0.97</speed>
        </extensions>
      </trkpt>
      <trkpt lat="52.7833716" lon="24.3337065">
        <ele>178</ele>
        <time>2024-01-13T14:09:27Z</time>
        <hdop>2.5</hdop>
        <extensions>
          <speed>0.71</speed>
        </extensions>
      </trkpt>
      <trkpt lat="52.7833987" lon="24.3335893">
        <ele>179</ele>
        <time>2024-01-13T14:09:38Z</time>
        <hdop>2.5</hdop>
        <extensions>
          <speed>0.65</speed>
        </extensions>
      </trkpt>
      <trkpt lat="52.7834385" lon="24.3334682">
        <ele>181</ele>
        <time>2024-01-13T14:09:49Z</time>
        <hdop>2</hdop>
        <extensions>
          <speed>0.37</speed>
        </extensions>
      </trkpt>
      <trkpt lat="52.7834866" lon="24.3333873">
        <ele>179</ele>
        <time>2024-01-13T14:09:59Z</time>
        <hdop>2.5</hdop>
      </trkpt>
      <trkpt lat="52.7835489" lon="24.3333022">
        <ele>180</ele>
        <time>2024-01-13T14:10:09Z</time>
        <hdop>2</hdop>
        <extensions>
          <speed>0.7</speed>
        </extensions>
      </trkpt>
      <trkpt lat="52.7835652" lon="24.3331873">
        <ele>178</ele>
        <time>2024-01-13T14:10:20Z</time>
        <hdop>2</hdop>
      </trkpt>
      <trkpt lat="52.7836052" lon="24.3330946">
        <ele>178</ele>
        <time>2024-01-13T14:10:31Z</time>
        <hdop>2</hdop>
        <extensions>
          <speed>0.44</speed>
        </extensions>
      </trkpt>
      <trkpt lat="52.7836759" lon="24.3330148">
        <ele>178</ele>
        <time>2024-01-13T14:10:42Z</time>
        <hdop>2</hdop>
        <extensions>
          <speed>0.59</speed>
        </extensions>
      </trkpt>
      <trkpt lat="52.7836935" lon="24.332957">
        <ele>177</ele>
        <time>2024-01-13T14:10:52Z</time>
        <hdop>2</hdop>
        <extensions>
          <speed>0.45</speed>
        </extensions>
      </trkpt>
      <trkpt lat="52.7837074" lon="24.3328175">
        <ele>178</ele>
        <time>2024-01-13T14:11:03Z</time>
        <hdop>2</hdop>
        <extensions>
          <speed>0.58</speed>
        </extensions>
      </trkpt>
      <trkpt lat="52.7837724" lon="24.3327038">
        <ele>177</ele>
        <time>2024-01-13T14:11:14Z</time>
        <hdop>2</hdop>
        <extensions>
          <speed>0.78</speed>
        </extensions>
      </trkpt>
      <trkpt lat="52.783774" lon="24.3327036">
        <ele>178</ele>
        <time>2024-01-13T14:11:24Z</time>
        <hdop>2.5</hdop>
      </trkpt>
      <trkpt lat="52.7837913" lon="24.332661">
        <ele>179</ele>
        <time>2024-01-13T14:11:35Z</time>
        <hdop>2</hdop>
        <extensions>
          <speed>0.65</speed>
        </extensions>
      </trkpt>
      <trkpt lat="52.7838557" lon="24.3325792">
        <ele>179</ele>
        <time>2024-01-13T14:11:46Z</time>
        <hdop>2</hdop>
      </trkpt>
      <trkpt lat="52.7838851" lon="24.3324852">
        <ele>178</ele>
        <time>2024-01-13T14:11:56Z</time>
        <hdop>2</hdop>
        <extensions>
          <speed>0.65</speed>
        </extensions>
      </trkpt>
      <trkpt lat="52.7839176" lon="24.3323462">
        <ele>179</ele>
        <time>2024-01-13T14:12:07Z</time>
        <hdop>2</hdop>
        <extensions>
          <speed>1.09</speed>
        </extensions>
      </trkpt>
      <trkpt lat="52.7839183" lon="24.3322389">
        <ele>181</ele>
        <time>2024-01-13T14:12:18Z</time>
        <hdop>2</hdop>
      </trkpt>
      <trkpt lat="52.7839231" lon="24.3321974">
        <ele>181</ele>
        <time>2024-01-13T14:12:28Z</time>
        <hdop>2</hdop>
        <extensions>
          <speed>0.7</speed>
        </extensions>
      </trkpt>
      <trkpt lat="52.7839359" lon="24.332095">
        <ele>177</ele>
        <time>2024-01-13T14:12:39Z</time>
        <hdop>2.5</hdop>
      </trkpt>
      <trkpt lat="52.7839565" lon="24.33197">
        <ele>177</ele>
        <time>2024-01-13T14:12:49Z</time>
        <hdop>2</hdop>
        <extensions>
          <speed>0.73</speed>
        </extensions>
      </trkpt>
      <trkpt lat="52.7839682" lon="24.3318607">
        <ele>178</ele>
        <time>2024-01-13T14:13:00Z</time>
        <hdop>2</hdop>
        <extensions>
          <speed>0.53</speed>
        </extensions>
      </trkpt>
      <trkpt lat="52.78397" lon="24.331745">
        <ele>178</ele>
        <time>2024-01-13T14:13:10Z</time>
        <hdop>3</hdop>
        <extensions>
          <speed>0.72</speed>
        </extensions>
      </trkpt>
      <trkpt lat="52.7839504" lon="24.3316048">
        <ele>177</ele>
        <time>2024-01-13T14:13:20Z</time>
        <hdop>2.5</hdop>
        <extensions>
          <speed>0.75</speed>
        </extensions>
      </trkpt>
      <trkpt lat="52.7839374" lon="24.3314671">
        <ele>176</ele>
        <time>2024-01-13T14:13:31Z</time>
        <hdop>2.5</hdop>
        <extensions>
          <speed>0.65</speed>
        </extensions>
      </trkpt>
      <trkpt lat="52.7839354" lon="24.3312977">
        <ele>177</ele>
        <time>2024-01-13T14:13:42Z</time>
        <hdop>2</hdop>
        <extensions>
          <speed>0.73</speed>
        </extensions>
      </trkpt>
      <trkpt lat="52.7839158" lon="24.3311436">
        <ele>180</ele>
        <time>2024-01-13T14:13:52Z</time>
        <hdop>1.5</hdop>
        <extensions>
          <speed>0.79</speed>
        </extensions>
      </trkpt>
      <trkpt lat="52.7839035" lon="24.3310521">
        <ele>179</ele>
        <time>2024-01-13T14:14:02Z</time>
        <hdop>2</hdop>
        <extensions>
          <speed>0.73</speed>
        </extensions>
      </trkpt>
      <trkpt lat="52.7839291" lon="24.3309497">
        <ele>177</ele>
        <time>2024-01-13T14:14:12Z</time>
        <hdop>2</hdop>
      </trkpt>
      <trkpt lat="52.7839431" lon="24.3308527">
        <ele>177</ele>
        <time>2024-01-13T14:14:23Z</time>
        <hdop>2</hdop>
      </trkpt>
      <trkpt lat="52.783949" lon="24.3307188">
        <ele>177</ele>
        <time>2024-01-13T14:14:33Z</time>
        <hdop>2</hdop>
        <extensions>
          <speed>0.61</speed>
        </extensions>
      </trkpt>
      <trkpt lat="52.7839385" lon="24.3306195">
        <ele>177</ele>
        <time>2024-01-13T14:14:44Z</time>
        <hdop>2</hdop>
        <extensions>
          <speed>0.61</speed>
        </extensions>
      </trkpt>
      <trkpt lat="52.7839485" lon="24.3305099">
        <ele>177</ele>
        <time>2024-01-13T14:14:55Z</time>
        <hdop>2</hdop>
        <extensions>
          <speed>0.21</speed>
        </extensions>
      </trkpt>
      <trkpt lat="52.7839519" lon="24.3304028">
        <ele>177</ele>
        <time>2024-01-13T14:15:06Z</time>
        <hdop>2</hdop>
        <extensions>
          <speed>0.63</speed>
        </extensions>
      </trkpt>
      <trkpt lat="52.7839871" lon="24.3303036">
        <ele>179</ele>
        <time>2024-01-13T14:15:17Z</time>
        <hdop>1.5</hdop>
        <extensions>
          <speed>0.36</speed>
        </extensions>
      </trkpt>
      <trkpt lat="52.7839875" lon="24.3303014">
        <ele>179</ele>
        <time>2024-01-13T14:15:28Z</time>
        <hdop>1.5</hdop>
      </trkpt>
      <trkpt lat="52.7840353" lon="24.3302238">
        <ele>178</ele>
        <time>2024-01-13T14:15:38Z</time>
        <hdop>2</hdop>
        <extensions>
          <speed>0.77</speed>
        </extensions>
      </trkpt>
      <trkpt lat="52.7841097" lon="24.3301124">
        <ele>178</ele>
        <time>2024-01-13T14:15:49Z</time>
        <hdop>2</hdop>
        <extensions>
          <speed>0.84</speed>
        </extensions>
      </trkpt>
      <trkpt lat="52.7841694" lon="24.330033">
        <ele>177</ele>
        <time>2024-01-13T14:16:00Z</time>
        <hdop>2</hdop>
      </trkpt>
      <trkpt lat="52.78425" lon="24.329886">
        <ele>178</ele>
        <time>2024-01-13T14:16:11Z</time>
        <hdop>2</hdop>
        <extensions>
          <speed>0.84</speed>
        </extensions>
      </trkpt>
      <trkpt lat="52.7843188" lon="24.3297426">
        <ele>178</ele>
        <time>2024-01-13T14:16:22Z</time>
        <hdop>2</hdop>
        <extensions>
          <speed>0.49</speed>
        </extensions>
      </trkpt>
      <trkpt lat="52.7843811" lon="24.329607">
        <ele>178</ele>
        <time>2024-01-13T14:16:33Z</time>
        <hdop>2.5</hdop>
        <extensions>
          <speed>0.71</speed>
        </extensions>
      </trkpt>
      <trkpt lat="52.7844635" lon="24.3294917">
        <ele>179</ele>
        <time>2024-01-13T14:16:44Z</time>
        <hdop>2</hdop>
        <extensions>
          <speed>0.83</speed>
        </extensions>
      </trkpt>
      <trkpt lat="52.7844952" lon="24.3293595">
        <ele>178</ele>
        <time>2024-01-13T14:16:55Z</time>
        <hdop>2.5</hdop>
        <extensions>
          <speed>0.74</speed>
        </extensions>
      </trkpt>
      <trkpt lat="52.7845364" lon="24.3292623">
        <ele>178</ele>
        <time>2024-01-13T14:17:05Z</time>
        <hdop>2</hdop>
        <extensions>
          <speed>0.87</speed>
        </extensions>
      </trkpt>
      <trkpt lat="52.7845772" lon="24.3291572">
        <ele>178</ele>
        <time>2024-01-13T14:17:16Z</time>
        <hdop>2</hdop>
        <extensions>
          <speed>0.77</speed>
        </extensions>
      </trkpt>
      <trkpt lat="52.7846342" lon="24.3290826">
        <ele>178</ele>
        <time>2024-01-13T14:17:26Z</time>
        <hdop>2</hdop>
        <extensions>
          <speed>0.98</speed>
        </extensions>
      </trkpt>
      <trkpt lat="52.7846868" lon="24.3290033">
        <ele>178</ele>
        <time>2024-01-13T14:17:36Z</time>
        <hdop>2</hdop>
        <extensions>
          <speed>0.6</speed>
        </extensions>
      </trkpt>
      <trkpt lat="52.7847336" lon="24.3288915">
        <ele>179</ele>
        <time>2024-01-13T14:17:47Z</time>
        <hdop>1.5</hdop>
      </trkpt>
      <trkpt lat="52.7847315" lon="24.328866">
        <ele>180</ele>
        <time>2024-01-13T14:17:58Z</time>
        <hdop>1.5</hdop>
        <extensions>
          <speed>0.89</speed>
        </extensions>
      </trkpt>
      <trkpt lat="52.7847203" lon="24.328726">
        <ele>180</ele>
        <time>2024-01-13T14:18:08Z</time>
        <hdop>2</hdop>
        <extensions>
          <speed>0.61</speed>
        </extensions>
      </trkpt>
      <trkpt lat="52.7847073" lon="24.3285724">
        <ele>180</ele>
        <time>2024-01-13T14:18:19Z</time>
        <hdop>2</hdop>
        <extensions>
          <speed>0.74</speed>
        </extensions>
      </trkpt>
      <trkpt lat="52.7846968" lon="24.3284004">
        <ele>180</ele>
        <time>2024-01-13T14:18:30Z</time>
        <hdop>1.5</hdop>
        <extensions>
          <speed>0.99</speed>
        </extensions>
      </trkpt>
      <trkpt lat="52.7846453" lon="24.3282487">
        <ele>182</ele>
        <time>2024-01-13T14:18:41Z</time>
        <hdop>1.5</hdop>
        <extensions>
          <speed>1.18</speed>
        </extensions>
      </trkpt>
      <trkpt lat="52.7846323" lon="24.3280825">
        <ele>181</ele>
        <time>2024-01-13T14:18:52Z</time>
        <hdop>2</hdop>
        <extensions>
          <speed>0.78</speed>
        </extensions>
      </trkpt>
      <trkpt lat="52.7846108" lon="24.3279658">
        <ele>180</ele>
        <time>2024-01-13T14:19:02Z</time>
        <hdop>2</hdop>
        <extensions>
          <speed>0.45</speed>
        </extensions>
      </trkpt>
      <trkpt lat="52.7845665" lon="24.3279124">
        <ele>180</ele>
        <time>2024-01-13T14:19:12Z</time>
        <hdop>2</hdop>
        <extensions>
          <speed>0.84</speed>
        </extensions>
      </trkpt>
      <trkpt lat="52.7844749" lon="24.3278075">
        <ele>180</ele>
        <time>2024-01-13T14:19:23Z</time>
        <hdop>2</hdop>
        <extensions>
          <speed>1.04</speed>
        </extensions>
      </trkpt>
      <trkpt lat="52.7844031" lon="24.3276799">
        <ele>179</ele>
        <time>2024-01-13T14:19:34Z</time>
        <hdop>2</hdop>
        <extensions>
          <speed>0.94</speed>
        </extensions>
      </trkpt>
      <trkpt lat="52.7843528" lon="24.3275529">
        <ele>178</ele>
        <time>2024-01-13T14:19:44Z</time>
        <hdop>2</hdop>
        <extensions>
          <speed>1</speed>
        </extensions>
      </trkpt>
      <trkpt lat="52.7843207" lon="24.3274243">
        <ele>177</ele>
        <time>2024-01-13T14:19:54Z</time>
        <hdop>2</hdop>
        <extensions>
          <speed>0.86</speed>
        </extensions>
      </trkpt>
      <trkpt lat="52.7842987" lon="24.3272422">
        <ele>177</ele>
        <time>2024-01-13T14:20:05Z</time>
        <hdop>1.5</hdop>
        <extensions>
          <speed>1.08</speed>
        </extensions>
      </trkpt>
      <trkpt lat="52.7842995" lon="24.3271185">
        <ele>177</ele>
        <time>2024-01-13T14:20:15Z</time>
        <hdop>1.5</hdop>
        <extensions>
          <speed>0.47</speed>
        </extensions>
      </trkpt>
      <trkpt lat="52.7842903" lon="24.3269516">
        <ele>177</ele>
        <time>2024-01-13T14:20:26Z</time>
        <hdop>2</hdop>
        <extensions>
          <speed>0.84</speed>
        </extensions>
      </trkpt>
      <trkpt lat="52.7842936" lon="24.3267566">
        <ele>178</ele>
        <time>2024-01-13T14:20:37Z</time>
        <hdop>1.5</hdop>
        <extensions>
          <speed>1.14</speed>
        </extensions>
      </trkpt>
      <trkpt lat="52.7842786" lon="24.3265988">
        <ele>180</ele>
        <time>2024-01-13T14:20:47Z</time>
        <hdop>1.5</hdop>
        <extensions>
          <speed>0.82</speed>
        </extensions>
      </trkpt>
      <trkpt lat="52.7842784" lon="24.3264429">
        <ele>181</ele>
        <time>2024-01-13T14:20:58Z</time>
        <hdop>1.5</hdop>
        <extensions>
          <speed>0.77</speed>
        </extensions>
      </trkpt>
      <trkpt lat="52.7842726" lon="24.3262937">
        <ele>181</ele>
        <time>2024-01-13T14:21:08Z</time>
        <hdop>1.5</hdop>
        <extensions>
          <speed>0.87</speed>
        </extensions>
      </trkpt>
      <trkpt lat="52.7842591" lon="24.3261678">
        <ele>182</ele>
        <time>2024-01-13T14:21:19Z</time>
        <hdop>2</hdop>
        <extensions>
          <speed>0.73</speed>
        </extensions>
      </trkpt>
      <trkpt lat="52.7842594" lon="24.3261295">
        <ele>182</ele>
        <time>2024-01-13T14:21:30Z</time>
        <hdop>2</hdop>
      </trkpt>
      <trkpt lat="52.7842817" lon="24.3260425">
        <ele>180</ele>
        <time>2024-01-13T14:21:40Z</time>
        <hdop>2</hdop>
      </trkpt>
      <trkpt lat="52.7842702" lon="24.325917">
        <ele>180</ele>
        <time>2024-01-13T14:21:51Z</time>
        <hdop>1.5</hdop>
        <extensions>
          <speed>0.81</speed>
        </extensions>
      </trkpt>
      <trkpt lat="52.784248" lon="24.3257902">
        <ele>180</ele>
        <time>2024-01-13T14:22:01Z</time>
        <hdop>2</hdop>
        <extensions>
          <speed>0.69</speed>
        </extensions>
      </trkpt>
      <trkpt lat="52.7842121" lon="24.325661">
        <ele>181</ele>
        <time>2024-01-13T14:22:12Z</time>
        <hdop>1.5</hdop>
        <extensions>
          <speed>0.97</speed>
        </extensions>
      </trkpt>
      <trkpt lat="52.7841928" lon="24.3255307">
        <ele>182</ele>
        <time>2024-01-13T14:22:22Z</time>
        <hdop>1.5</hdop>
        <extensions>
          <speed>1</speed>
        </extensions>
      </trkpt>
      <trkpt lat="52.7841529" lon="24.3254275">
        <ele>182</ele>
        <time>2024-01-13T14:22:32Z</time>
        <hdop>1.5</hdop>
        <extensions>
          <speed>1.02</speed>
        </extensions>
      </trkpt>
      <trkpt lat="52.7841264" lon="24.3252636">
        <ele>181</ele>
        <time>2024-01-13T14:22:43Z</time>
        <hdop>1.5</hdop>
        <extensions>
          <speed>0.88</speed>
        </extensions>
      </trkpt>
      <trkpt lat="52.7841018" lon="24.3251255">
        <ele>180</ele>
        <time>2024-01-13T14:22:53Z</time>
        <hdop>2</hdop>
        <extensions>
          <speed>1.01</speed>
        </extensions>
      </trkpt>
      <trkpt lat="52.7840777" lon="24.3249823">
        <ele>179</ele>
        <time>2024-01-13T14:23:04Z</time>
        <hdop>2</hdop>
        <extensions>
          <speed>1.07</speed>
        </extensions>
      </trkpt>
      <trkpt lat="52.7840524" lon="24.3248349">
        <ele>180</ele>
        <time>2024-01-13T14:23:15Z</time>
        <hdop>1.5</hdop>
        <extensions>
          <speed>0.83</speed>
        </extensions>
      </trkpt>
      <trkpt lat="52.7840354" lon="24.3247153">
        <ele>180</ele>
        <time>2024-01-13T14:23:25Z</time>
        <hdop>1.5</hdop>
        <extensions>
          <speed>1.11</speed>
        </extensions>
      </trkpt>
      <trkpt lat="52.7840229" lon="24.3245769">
        <ele>180</ele>
        <time>2024-01-13T14:23:36Z</time>
        <hdop>2</hdop>
        <extensions>
          <speed>0.62</speed>
        </extensions>
      </trkpt>
      <trkpt lat="52.7840181" lon="24.3244537">
        <ele>180</ele>
        <time>2024-01-13T14:23:47Z</time>
        <hdop>2</hdop>
        <extensions>
          <speed>0.6</speed>
        </extensions>
      </trkpt>
      <trkpt lat="52.7839921" lon="24.3243249">
        <ele>181</ele>
        <time>2024-01-13T14:23:57Z</time>
        <hdop>2</hdop>
        <extensions>
          <speed>0.97</speed>
        </extensions>
      </trkpt>
      <trkpt lat="52.7839861" lon="24.3241799">
        <ele>179</ele>
        <time>2024-01-13T14:24:08Z</time>
        <hdop>1.5</hdop>
        <extensions>
          <speed>0.97</speed>
        </extensions>
      </trkpt>
      <trkpt lat="52.7839873" lon="24.3241533">
        <ele>180</ele>
        <time>2024-01-13T14:24:19Z</time>
        <hdop>2</hdop>
        <extensions>
          <speed>0.4</speed>
        </extensions>
      </trkpt>
      <trkpt lat="52.7839787" lon="24.3240699">
        <ele>180</ele>
        <time>2024-01-13T14:24:29Z</time>
        <hdop>2</hdop>
        <extensions>
          <speed>1.33</speed>
        </extensions>
      </trkpt>
      <trkpt lat="52.7839422" lon="24.3238863">
        <ele>182</ele>
        <time>2024-01-13T14:24:40Z</time>
        <hdop>1.5</hdop>
        <extensions>
          <speed>1.01</speed>
        </extensions>
      </trkpt>
      <trkpt lat="52.7839147" lon="24.3237361">
        <ele>181</ele>
        <time>2024-01-13T14:24:51Z</time>
        <hdop>1.5</hdop>
        <extensions>
          <speed>0.89</speed>
        </extensions>
      </trkpt>
      <trkpt lat="52.7838773" lon="24.3236241">
        <ele>182</ele>
        <time>2024-01-13T14:25:02Z</time>
        <hdop>1.5</hdop>
        <extensions>
          <speed>0.69</speed>
        </extensions>
      </trkpt>
      <trkpt lat="52.7839012" lon="24.3235197">
        <ele>179</ele>
        <time>2024-01-13T14:25:12Z</time>
        <hdop>2</hdop>
        <extensions>
          <speed>0.9</speed>
        </extensions>
      </trkpt>
      <trkpt lat="52.7839549" lon="24.3234115">
        <ele>179</ele>
        <time>2024-01-13T14:25:23Z</time>
        <hdop>2</hdop>
        <extensions>
          <speed>0.55</speed>
        </extensions>
      </trkpt>
      <trkpt lat="52.7840106" lon="24.323315">
        <ele>180</ele>
        <time>2024-01-13T14:25:34Z</time>
        <hdop>2</hdop>
        <extensions>
          <speed>0.94</speed>
        </extensions>
      </trkpt>
      <trkpt lat="52.784075" lon="24.3231737">
        <ele>180</ele>
        <time>2024-01-13T14:25:45Z</time>
        <hdop>2</hdop>
        <extensions>
          <speed>0.96</speed>
        </extensions>
      </trkpt>
      <trkpt lat="52.784087" lon="24.3231739">
        <ele>179</ele>
        <time>2024-01-13T14:25:56Z</time>
        <hdop>1.5</hdop>
      </trkpt>
      <trkpt lat="52.7840965" lon="24.3231314">
        <ele>180</ele>
        <time>2024-01-13T14:26:07Z</time>
        <hdop>2</hdop>
        <extensions>
          <speed>1.76</speed>
        </extensions>
      </trkpt>
      <trkpt lat="52.7841547" lon="24.3230777">
        <ele>180</ele>
        <time>2024-01-13T14:26:17Z</time>
        <hdop>1.5</hdop>
        <extensions>
          <speed>0.73</speed>
        </extensions>
      </trkpt>
      <trkpt lat="52.7841928" lon="24.3229525">
        <ele>181</ele>
        <time>2024-01-13T14:26:28Z</time>
        <hdop>1.5</hdop>
        <extensions>
          <speed>0.43</speed>
        </extensions>
      </trkpt>
      <trkpt lat="52.7842307" lon="24.3228589">
        <ele>181</ele>
        <time>2024-01-13T14:26:38Z</time>
        <hdop>1.5</hdop>
        <extensions>
          <speed>0.59</speed>
        </extensions>
      </trkpt>
      <trkpt lat="52.7842197" lon="24.3228983">
        <ele>181</ele>
        <time>2024-01-13T14:26:49Z</time>
        <hdop>1.5</hdop>
      </trkpt>
      <trkpt lat="52.7842197" lon="24.3228983">
        <ele>181</ele>
        <time>2024-01-13T14:26:59Z</time>
        <hdop>1.5</hdop>
      </trkpt>
      <trkpt lat="52.7842197" lon="24.3228983">
        <ele>181</ele>
        <time>2024-01-13T14:27:09Z</time>
        <hdop>2.5</hdop>
      </trkpt>
      <trkpt lat="52.7842197" lon="24.3228983">
        <ele>181</ele>
        <time>2024-01-13T14:27:20Z</time>
        <hdop>2.5</hdop>
      </trkpt>
      <trkpt lat="52.7842135" lon="24.3228836">
        <ele>181</ele>
        <time>2024-01-13T14:27:31Z</time>
        <hdop>2.5</hdop>
      </trkpt>
      <trkpt lat="52.7842135" lon="24.3228836">
        <ele>181</ele>
        <time>2024-01-13T14:27:42Z</time>
        <hdop>2</hdop>
      </trkpt>
      <trkpt lat="52.7842135" lon="24.3228836">
        <ele>181</ele>
        <time>2024-01-13T14:27:52Z</time>
        <hdop>2</hdop>
      </trkpt>
      <trkpt lat="52.7841882" lon="24.322972">
        <ele>182</ele>
        <time>2024-01-13T14:28:03Z</time>
        <hdop>2</hdop>
      </trkpt>
      <trkpt lat="52.784185" lon="24.3230295">
        <ele>181</ele>
        <time>2024-01-13T14:28:13Z</time>
        <hdop>2</hdop>
      </trkpt>
      <trkpt lat="52.7841215" lon="24.3231164">
        <ele>182</ele>
        <time>2024-01-13T14:28:24Z</time>
        <hdop>2</hdop>
        <extensions>
          <speed>0.69</speed>
        </extensions>
      </trkpt>
      <trkpt lat="52.7841008" lon="24.3231638">
        <ele>180</ele>
        <time>2024-01-13T14:28:34Z</time>
        <hdop>2.5</hdop>
      </trkpt>
      <trkpt lat="52.7840949" lon="24.3231354">
        <ele>181</ele>
        <time>2024-01-13T14:28:45Z</time>
        <hdop>3</hdop>
        <extensions>
          <speed>0.09</speed>
        </extensions>
      </trkpt>
      <trkpt lat="52.7841009" lon="24.3231422">
        <ele>181</ele>
        <time>2024-01-13T14:28:55Z</time>
        <hdop>3</hdop>
      </trkpt>
      <trkpt lat="52.7841034" lon="24.3231468">
        <ele>179</ele>
        <time>2024-01-13T14:29:06Z</time>
        <hdop>3</hdop>
      </trkpt>
      <trkpt lat="52.7841031" lon="24.3231473">
        <ele>179</ele>
        <time>2024-01-13T14:29:16Z</time>
        <hdop>2.5</hdop>
      </trkpt>
      <trkpt lat="52.7840908" lon="24.3231573">
        <ele>181</ele>
        <time>2024-01-13T14:29:26Z</time>
        <hdop>2.5</hdop>
      </trkpt>
      <trkpt lat="52.7840908" lon="24.3231573">
        <ele>181</ele>
        <time>2024-01-13T14:29:37Z</time>
        <hdop>2.5</hdop>
      </trkpt>
      <trkpt lat="52.7840908" lon="24.3231573">
        <ele>181</ele>
        <time>2024-01-13T14:29:48Z</time>
        <hdop>2</hdop>
      </trkpt>
      <trkpt lat="52.7840908" lon="24.3231573">
        <ele>181</ele>
        <time>2024-01-13T14:29:58Z</time>
        <hdop>5</hdop>
      </trkpt>
      <trkpt lat="52.7840908" lon="24.3231573">
        <ele>181</ele>
        <time>2024-01-13T14:30:09Z</time>
        <hdop>2.5</hdop>
      </trkpt>
      <trkpt lat="52.7840908" lon="24.3231573">
        <ele>181</ele>
        <time>2024-01-13T14:30:20Z</time>
        <hdop>2.5</hdop>
      </trkpt>
      <trkpt lat="52.7840908" lon="24.3231573">
        <ele>181</ele>
        <time>2024-01-13T14:30:31Z</time>
        <hdop>2.5</hdop>
      </trkpt>
      <trkpt lat="52.7840908" lon="24.3231573">
        <ele>181</ele>
        <time>2024-01-13T14:30:41Z</time>
        <hdop>2</hdop>
      </trkpt>
      <trkpt lat="52.7840908" lon="24.3231573">
        <ele>181</ele>
        <time>2024-01-13T14:30:52Z</time>
        <hdop>1.5</hdop>
      </trkpt>
      <trkpt lat="52.7840908" lon="24.3231573">
        <ele>181</ele>
        <time>2024-01-13T14:31:02Z</time>
        <hdop>1.5</hdop>
      </trkpt>
      <trkpt lat="52.7840908" lon="24.3231573">
        <ele>181</ele>
        <time>2024-01-13T14:31:13Z</time>
        <hdop>1.5</hdop>
      </trkpt>
      <trkpt lat="52.7840908" lon="24.3231573">
        <ele>181</ele>
        <time>2024-01-13T14:31:23Z</time>
        <hdop>1.5</hdop>
      </trkpt>
      <trkpt lat="52.7840996" lon="24.3231542">
        <ele>182</ele>
        <time>2024-01-13T14:31:34Z</time>
        <hdop>1.5</hdop>
      </trkpt>
      <trkpt lat="52.7840996" lon="24.3231542">
        <ele>182</ele>
        <time>2024-01-13T14:31:45Z</time>
        <hdop>2.5</hdop>
      </trkpt>
      <trkpt lat="52.7840996" lon="24.3231542">
        <ele>182</ele>
        <time>2024-01-13T14:31:55Z</time>
        <hdop>2</hdop>
      </trkpt>
      <trkpt lat="52.7840996" lon="24.3231542">
        <ele>182</ele>
        <time>2024-01-13T14:32:05Z</time>
        <hdop>2</hdop>
      </trkpt>
      <trkpt lat="52.7840996" lon="24.3231542">
        <ele>182</ele>
        <time>2024-01-13T14:32:15Z</time>
        <hdop>2</hdop>
      </trkpt>
      <trkpt lat="52.7840996" lon="24.3231542">
        <ele>182</ele>
        <time>2024-01-13T14:32:25Z</time>
        <hdop>2</hdop>
      </trkpt>
      <trkpt lat="52.7840996" lon="24.3231542">
        <ele>182</ele>
        <time>2024-01-13T14:32:36Z</time>
        <hdop>3</hdop>
      </trkpt>
      <trkpt lat="52.7840996" lon="24.3231542">
        <ele>182</ele>
        <time>2024-01-13T14:32:46Z</time>
        <hdop>2.5</hdop>
      </trkpt>
      <trkpt lat="52.7840996" lon="24.3231542">
        <ele>182</ele>
        <time>2024-01-13T14:32:57Z</time>
        <hdop>2.5</hdop>
      </trkpt>
      <trkpt lat="52.7840996" lon="24.3231542">
        <ele>182</ele>
        <time>2024-01-13T14:33:07Z</time>
        <hdop>2.5</hdop>
      </trkpt>
      <trkpt lat="52.7840996" lon="24.3231542">
        <ele>182</ele>
        <time>2024-01-13T14:33:18Z</time>
        <hdop>2.5</hdop>
      </trkpt>
      <trkpt lat="52.7841035" lon="24.323124">
        <ele>182</ele>
        <time>2024-01-13T14:33:28Z</time>
        <hdop>1.5</hdop>
      </trkpt>
      <trkpt lat="52.7841854" lon="24.3230258">
        <ele>182</ele>
        <time>2024-01-13T14:33:39Z</time>
        <hdop>2</hdop>
        <extensions>
          <speed>1.17</speed>
        </extensions>
      </trkpt>
      <trkpt lat="52.7842195" lon="24.3228911">
        <ele>182</ele>
        <time>2024-01-13T14:33:49Z</time>
        <hdop>3.5</hdop>
        <extensions>
          <speed>1.82</speed>
        </extensions>
      </trkpt>
      <trkpt lat="52.7842798" lon="24.3227626">
        <ele>180</ele>
        <time>2024-01-13T14:34:00Z</time>
        <hdop>3.5</hdop>
        <extensions>
          <speed>1.28</speed>
        </extensions>
      </trkpt>
      <trkpt lat="52.7843004" lon="24.3226276">
        <ele>177</ele>
        <time>2024-01-13T14:34:10Z</time>
        <hdop>2.5</hdop>
        <extensions>
          <speed>0.45</speed>
        </extensions>
      </trkpt>
      <trkpt lat="52.7843601" lon="24.3224972">
        <ele>179</ele>
        <time>2024-01-13T14:34:21Z</time>
        <hdop>2.5</hdop>
        <extensions>
          <speed>0.29</speed>
        </extensions>
      </trkpt>
      <trkpt lat="52.7844166" lon="24.3223584">
        <ele>175</ele>
        <time>2024-01-13T14:34:32Z</time>
        <hdop>3.5</hdop>
        <extensions>
          <speed>1.09</speed>
        </extensions>
      </trkpt>
      <trkpt lat="52.7844681" lon="24.3222257">
        <ele>176</ele>
        <time>2024-01-13T14:34:43Z</time>
        <hdop>3.5</hdop>
        <extensions>
          <speed>0.88</speed>
        </extensions>
      </trkpt>
      <trkpt lat="52.7845231" lon="24.322204">
        <ele>177</ele>
        <time>2024-01-13T14:34:53Z</time>
        <hdop>2.5</hdop>
        <extensions>
          <speed>0.17</speed>
        </extensions>
      </trkpt>
      <trkpt lat="52.7845911" lon="24.3222396">
        <ele>176</ele>
        <time>2024-01-13T14:35:04Z</time>
        <hdop>3</hdop>
        <extensions>
          <speed>0.46</speed>
        </extensions>
      </trkpt>
      <trkpt lat="52.7846686" lon="24.3223172">
        <ele>175</ele>
        <time>2024-01-13T14:35:15Z</time>
        <hdop>2.5</hdop>
        <extensions>
          <speed>1.04</speed>
        </extensions>
      </trkpt>
      <trkpt lat="52.7847527" lon="24.3223016">
        <ele>175</ele>
        <time>2024-01-13T14:35:25Z</time>
        <hdop>2.5</hdop>
        <extensions>
          <speed>1.08</speed>
        </extensions>
      </trkpt>
      <trkpt lat="52.7848377" lon="24.3222955">
        <ele>174</ele>
        <time>2024-01-13T14:35:35Z</time>
        <hdop>3</hdop>
        <extensions>
          <speed>0.59</speed>
        </extensions>
      </trkpt>
      <trkpt lat="52.7849379" lon="24.3223162">
        <ele>175</ele>
        <time>2024-01-13T14:35:46Z</time>
        <hdop>2.5</hdop>
        <extensions>
          <speed>0.54</speed>
        </extensions>
      </trkpt>
      <trkpt lat="52.7849898" lon="24.3223274">
        <ele>174</ele>
        <time>2024-01-13T14:35:56Z</time>
        <hdop>2.5</hdop>
        <extensions>
          <speed>0.45</speed>
        </extensions>
      </trkpt>
      <trkpt lat="52.7850776" lon="24.322369">
        <ele>174</ele>
        <time>2024-01-13T14:36:07Z</time>
        <hdop>2.5</hdop>
        <extensions>
          <speed>0.45</speed>
        </extensions>
      </trkpt>
      <trkpt lat="52.7851413" lon="24.3223416">
        <ele>174</ele>
        <time>2024-01-13T14:36:17Z</time>
        <hdop>3</hdop>
        <extensions>
          <speed>0.13</speed>
        </extensions>
      </trkpt>
      <trkpt lat="52.785213" lon="24.322273">
        <ele>175</ele>
        <time>2024-01-13T14:36:28Z</time>
        <hdop>2.5</hdop>
        <extensions>
          <speed>0.5</speed>
        </extensions>
      </trkpt>
      <trkpt lat="52.7853009" lon="24.3222217">
        <ele>175</ele>
        <time>2024-01-13T14:36:38Z</time>
        <hdop>2.5</hdop>
        <extensions>
          <speed>0.4</speed>
        </extensions>
      </trkpt>
      <trkpt lat="52.7853643" lon="24.3221127">
        <ele>176</ele>
        <time>2024-01-13T14:36:49Z</time>
        <hdop>2.5</hdop>
      </trkpt>
      <trkpt lat="52.7854483" lon="24.3220452">
        <ele>175</ele>
        <time>2024-01-13T14:37:00Z</time>
        <hdop>2.5</hdop>
      </trkpt>
      <trkpt lat="52.7855448" lon="24.3219417">
        <ele>173</ele>
        <time>2024-01-13T14:37:11Z</time>
        <hdop>2.5</hdop>
        <extensions>
          <speed>0.23</speed>
        </extensions>
      </trkpt>
      <trkpt lat="52.7856038" lon="24.3218971">
        <ele>173</ele>
        <time>2024-01-13T14:37:21Z</time>
        <hdop>2</hdop>
      </trkpt>
      <trkpt lat="52.7856836" lon="24.3218652">
        <ele>174</ele>
        <time>2024-01-13T14:37:31Z</time>
        <hdop>2</hdop>
        <extensions>
          <speed>0.52</speed>
        </extensions>
      </trkpt>
      <trkpt lat="52.785787" lon="24.3218818">
        <ele>174</ele>
        <time>2024-01-13T14:37:42Z</time>
        <hdop>2.5</hdop>
        <extensions>
          <speed>0.71</speed>
        </extensions>
      </trkpt>
      <trkpt lat="52.7858684" lon="24.3218795">
        <ele>175</ele>
        <time>2024-01-13T14:37:53Z</time>
        <hdop>2.5</hdop>
        <extensions>
          <speed>0.58</speed>
        </extensions>
      </trkpt>
      <trkpt lat="52.785948" lon="24.3219958">
        <ele>177</ele>
        <time>2024-01-13T14:38:03Z</time>
        <hdop>2</hdop>
        <extensions>
          <speed>0.88</speed>
        </extensions>
      </trkpt>
      <trkpt lat="52.7860483" lon="24.321959">
        <ele>180</ele>
        <time>2024-01-13T14:38:14Z</time>
        <hdop>2</hdop>
        <extensions>
          <speed>0.7</speed>
        </extensions>
      </trkpt>
      <trkpt lat="52.7861006" lon="24.3219038">
        <ele>179</ele>
        <time>2024-01-13T14:38:24Z</time>
        <hdop>2.5</hdop>
        <extensions>
          <speed>0.8</speed>
        </extensions>
      </trkpt>
      <trkpt lat="52.786152" lon="24.3219502">
        <ele>177</ele>
        <time>2024-01-13T14:38:34Z</time>
        <hdop>2.5</hdop>
      </trkpt>
      <trkpt lat="52.7862259" lon="24.3219392">
        <ele>174</ele>
        <time>2024-01-13T14:38:44Z</time>
        <hdop>2</hdop>
        <extensions>
          <speed>0.45</speed>
        </extensions>
      </trkpt>
      <trkpt lat="52.7863169" lon="24.3219336">
        <ele>174</ele>
        <time>2024-01-13T14:38:55Z</time>
        <hdop>2.5</hdop>
        <extensions>
          <speed>0.77</speed>
        </extensions>
      </trkpt>
      <trkpt lat="52.7863962" lon="24.3219282">
        <ele>176</ele>
        <time>2024-01-13T14:39:06Z</time>
        <hdop>2.5</hdop>
        <extensions>
          <speed>0.58</speed>
        </extensions>
      </trkpt>
      <trkpt lat="52.7864954" lon="24.3218742">
        <ele>177</ele>
        <time>2024-01-13T14:39:17Z</time>
        <hdop>2</hdop>
        <extensions>
          <speed>0.73</speed>
        </extensions>
      </trkpt>
      <trkpt lat="52.7865738" lon="24.3218509">
        <ele>178</ele>
        <time>2024-01-13T14:39:27Z</time>
        <hdop>2.5</hdop>
        <extensions>
          <speed>0.53</speed>
        </extensions>
      </trkpt>
      <trkpt lat="52.7866568" lon="24.3217522">
        <ele>176</ele>
        <time>2024-01-13T14:39:38Z</time>
        <hdop>2</hdop>
        <extensions>
          <speed>0.72</speed>
        </extensions>
      </trkpt>
      <trkpt lat="52.7867228" lon="24.3216756">
        <ele>178</ele>
        <time>2024-01-13T14:39:48Z</time>
        <hdop>2</hdop>
      </trkpt>
      <trkpt lat="52.786784" lon="24.3215593">
        <ele>178</ele>
        <time>2024-01-13T14:39:58Z</time>
        <hdop>2</hdop>
        <extensions>
          <speed>0.42</speed>
        </extensions>
      </trkpt>
      <trkpt lat="52.7868381" lon="24.3214101">
        <ele>177</ele>
        <time>2024-01-13T14:40:09Z</time>
        <hdop>2</hdop>
        <extensions>
          <speed>0.71</speed>
        </extensions>
      </trkpt>
      <trkpt lat="52.7868881" lon="24.3213325">
        <ele>178</ele>
        <time>2024-01-13T14:40:19Z</time>
        <hdop>2</hdop>
      </trkpt>
      <trkpt lat="52.7869297" lon="24.3212566">
        <ele>177</ele>
        <time>2024-01-13T14:40:30Z</time>
        <hdop>2</hdop>
      </trkpt>
      <trkpt lat="52.7869662" lon="24.3211552">
        <ele>179</ele>
        <time>2024-01-13T14:40:41Z</time>
        <hdop>2</hdop>
      </trkpt>
      <trkpt lat="52.7870023" lon="24.3210576">
        <ele>178</ele>
        <time>2024-01-13T14:40:52Z</time>
        <hdop>2</hdop>
        <extensions>
          <speed>0.77</speed>
        </extensions>
      </trkpt>
      <trkpt lat="52.7870169" lon="24.3209344">
        <ele>177</ele>
        <time>2024-01-13T14:41:03Z</time>
        <hdop>2</hdop>
      </trkpt>
      <trkpt lat="52.7870474" lon="24.3208461">
        <ele>177</ele>
        <time>2024-01-13T14:41:13Z</time>
        <hdop>2</hdop>
        <extensions>
          <speed>0.46</speed>
        </extensions>
      </trkpt>
      <trkpt lat="52.7871046" lon="24.3207403">
        <ele>177</ele>
        <time>2024-01-13T14:41:24Z</time>
        <hdop>2</hdop>
      </trkpt>
      <trkpt lat="52.7870958" lon="24.3205956">
        <ele>175</ele>
        <time>2024-01-13T14:41:35Z</time>
        <hdop>2.5</hdop>
      </trkpt>
      <trkpt lat="52.7870877" lon="24.3204795">
        <ele>174</ele>
        <time>2024-01-13T14:41:46Z</time>
        <hdop>2.5</hdop>
      </trkpt>
      <trkpt lat="52.7871208" lon="24.3203485">
        <ele>175</ele>
        <time>2024-01-13T14:41:56Z</time>
        <hdop>2</hdop>
        <extensions>
          <speed>0.52</speed>
        </extensions>
      </trkpt>
      <trkpt lat="52.7871549" lon="24.3202357">
        <ele>176</ele>
        <time>2024-01-13T14:42:06Z</time>
        <hdop>2.5</hdop>
      </trkpt>
      <trkpt lat="52.7871883" lon="24.3200765">
        <ele>175</ele>
        <time>2024-01-13T14:42:16Z</time>
        <hdop>2.5</hdop>
      </trkpt>
      <trkpt lat="52.7872188" lon="24.3199168">
        <ele>176</ele>
        <time>2024-01-13T14:42:27Z</time>
        <hdop>2</hdop>
        <extensions>
          <speed>0.4</speed>
        </extensions>
      </trkpt>
      <trkpt lat="52.7872363" lon="24.3198224">
        <ele>176</ele>
        <time>2024-01-13T14:42:37Z</time>
        <hdop>2.5</hdop>
      </trkpt>
      <trkpt lat="52.7872625" lon="24.3196639">
        <ele>174</ele>
        <time>2024-01-13T14:42:48Z</time>
        <hdop>2</hdop>
        <extensions>
          <speed>0.33</speed>
        </extensions>
      </trkpt>
      <trkpt lat="52.7872509" lon="24.3195301">
        <ele>172</ele>
        <time>2024-01-13T14:42:58Z</time>
        <hdop>2</hdop>
      </trkpt>
      <trkpt lat="52.7872254" lon="24.3193763">
        <ele>171</ele>
        <time>2024-01-13T14:43:09Z</time>
        <hdop>2</hdop>
        <extensions>
          <speed>0.58</speed>
        </extensions>
      </trkpt>
      <trkpt lat="52.7871759" lon="24.3192068">
        <ele>172</ele>
        <time>2024-01-13T14:43:20Z</time>
        <hdop>2</hdop>
        <extensions>
          <speed>0.87</speed>
        </extensions>
      </trkpt>
      <trkpt lat="52.7871395" lon="24.3190421">
        <ele>173</ele>
        <time>2024-01-13T14:43:31Z</time>
        <hdop>1.5</hdop>
        <extensions>
          <speed>0.3</speed>
        </extensions>
      </trkpt>
      <trkpt lat="52.7871175" lon="24.3188747">
        <ele>173</ele>
        <time>2024-01-13T14:43:42Z</time>
        <hdop>1.5</hdop>
        <extensions>
          <speed>1.01</speed>
        </extensions>
      </trkpt>
      <trkpt lat="52.7870899" lon="24.3187744">
        <ele>171</ele>
        <time>2024-01-13T14:43:52Z</time>
        <hdop>2</hdop>
        <extensions>
          <speed>0.95</speed>
        </extensions>
      </trkpt>
      <trkpt lat="52.7870764" lon="24.3186192">
        <ele>174</ele>
        <time>2024-01-13T14:44:03Z</time>
        <hdop>1.5</hdop>
        <extensions>
          <speed>0.31</speed>
        </extensions>
      </trkpt>
      <trkpt lat="52.7870813" lon="24.3184714">
        <ele>174</ele>
        <time>2024-01-13T14:44:13Z</time>
        <hdop>1.5</hdop>
        <extensions>
          <speed>0.51</speed>
        </extensions>
      </trkpt>
      <trkpt lat="52.7870731" lon="24.3183104">
        <ele>172</ele>
        <time>2024-01-13T14:44:24Z</time>
        <hdop>2</hdop>
        <extensions>
          <speed>1</speed>
        </extensions>
      </trkpt>
      <trkpt lat="52.7870581" lon="24.318182">
        <ele>174</ele>
        <time>2024-01-13T14:44:34Z</time>
        <hdop>1.5</hdop>
        <extensions>
          <speed>0.51</speed>
        </extensions>
      </trkpt>
      <trkpt lat="52.7870638" lon="24.3180304">
        <ele>175</ele>
        <time>2024-01-13T14:44:45Z</time>
        <hdop>1.5</hdop>
        <extensions>
          <speed>0.71</speed>
        </extensions>
      </trkpt>
      <trkpt lat="52.787059" lon="24.3178677">
        <ele>174</ele>
        <time>2024-01-13T14:44:56Z</time>
        <hdop>1.5</hdop>
        <extensions>
          <speed>0.52</speed>
        </extensions>
      </trkpt>
      <trkpt lat="52.7870157" lon="24.3177384">
        <ele>174</ele>
        <time>2024-01-13T14:45:07Z</time>
        <hdop>1.5</hdop>
      </trkpt>
      <trkpt lat="52.786958" lon="24.3176158">
        <ele>174</ele>
        <time>2024-01-13T14:45:18Z</time>
        <hdop>1.5</hdop>
        <extensions>
          <speed>0.64</speed>
        </extensions>
      </trkpt>
      <trkpt lat="52.7869724" lon="24.3174859">
        <ele>173</ele>
        <time>2024-01-13T14:45:29Z</time>
        <hdop>2</hdop>
        <extensions>
          <speed>0.46</speed>
        </extensions>
      </trkpt>
      <trkpt lat="52.7869891" lon="24.3173316">
        <ele>173</ele>
        <time>2024-01-13T14:45:40Z</time>
        <hdop>2</hdop>
        <extensions>
          <speed>0.33</speed>
        </extensions>
      </trkpt>
      <trkpt lat="52.78699" lon="24.3172083">
        <ele>173</ele>
        <time>2024-01-13T14:45:51Z</time>
        <hdop>2</hdop>
        <extensions>
          <speed>0.2</speed>
        </extensions>
      </trkpt>
      <trkpt lat="52.7870002" lon="24.3170655">
        <ele>174</ele>
        <time>2024-01-13T14:46:01Z</time>
        <hdop>2</hdop>
        <extensions>
          <speed>0.49</speed>
        </extensions>
      </trkpt>
      <trkpt lat="52.7869955" lon="24.3169477">
        <ele>174</ele>
        <time>2024-01-13T14:46:11Z</time>
        <hdop>2</hdop>
        <extensions>
          <speed>0.42</speed>
        </extensions>
      </trkpt>
      <trkpt lat="52.7870145" lon="24.3168364">
        <ele>175</ele>
        <time>2024-01-13T14:46:22Z</time>
        <hdop>2</hdop>
      </trkpt>
      <trkpt lat="52.7870254" lon="24.3167185">
        <ele>175</ele>
        <time>2024-01-13T14:46:33Z</time>
        <hdop>2</hdop>
      </trkpt>
      <trkpt lat="52.7870512" lon="24.3165927">
        <ele>175</ele>
        <time>2024-01-13T14:46:43Z</time>
        <hdop>2.5</hdop>
        <extensions>
          <speed>0.3</speed>
        </extensions>
      </trkpt>
      <trkpt lat="52.7871014" lon="24.3164349">
        <ele>176</ele>
        <time>2024-01-13T14:46:53Z</time>
        <hdop>2.5</hdop>
        <extensions>
          <speed>0.73</speed>
        </extensions>
      </trkpt>
      <trkpt lat="52.7871676" lon="24.31635">
        <ele>177</ele>
        <time>2024-01-13T14:47:03Z</time>
        <hdop>2.5</hdop>
        <extensions>
          <speed>0.35</speed>
        </extensions>
      </trkpt>
      <trkpt lat="52.7872479" lon="24.3162963">
        <ele>177</ele>
        <time>2024-01-13T14:47:14Z</time>
        <hdop>2.5</hdop>
        <extensions>
          <speed>0.43</speed>
        </extensions>
      </trkpt>
      <trkpt lat="52.7872307" lon="24.3161883">
        <ele>173</ele>
        <time>2024-01-13T14:47:24Z</time>
        <hdop>2.5</hdop>
        <extensions>
          <speed>0.56</speed>
        </extensions>
      </trkpt>
      <trkpt lat="52.7872229" lon="24.3161029">
        <ele>174</ele>
        <time>2024-01-13T14:47:35Z</time>
        <hdop>2.5</hdop>
      </trkpt>
      <trkpt lat="52.787175" lon="24.3159804">
        <ele>174</ele>
        <time>2024-01-13T14:47:45Z</time>
        <hdop>2</hdop>
        <extensions>
          <speed>0.19</speed>
        </extensions>
      </trkpt>
      <trkpt lat="52.7871425" lon="24.3158792">
        <ele>173</ele>
        <time>2024-01-13T14:47:56Z</time>
        <hdop>2.5</hdop>
      </trkpt>
      <trkpt lat="52.7871524" lon="24.315785">
        <ele>173</ele>
        <time>2024-01-13T14:48:06Z</time>
        <hdop>2.5</hdop>
        <extensions>
          <speed>0.18</speed>
        </extensions>
      </trkpt>
      <trkpt lat="52.7871721" lon="24.3156444">
        <ele>174</ele>
        <time>2024-01-13T14:48:17Z</time>
        <hdop>2</hdop>
        <extensions>
          <speed>0.47</speed>
        </extensions>
      </trkpt>
      <trkpt lat="52.7871705" lon="24.315567">
        <ele>175</ele>
        <time>2024-01-13T14:48:27Z</time>
        <hdop>2.5</hdop>
      </trkpt>
      <trkpt lat="52.7872168" lon="24.3154518">
        <ele>177</ele>
        <time>2024-01-13T14:48:37Z</time>
        <hdop>2.5</hdop>
        <extensions>
          <speed>0.74</speed>
        </extensions>
      </trkpt>
      <trkpt lat="52.7873176" lon="24.3154745">
        <ele>175</ele>
        <time>2024-01-13T14:48:48Z</time>
        <hdop>2.5</hdop>
        <extensions>
          <speed>0.84</speed>
        </extensions>
      </trkpt>
      <trkpt lat="52.7874295" lon="24.3155071">
        <ele>177</ele>
        <time>2024-01-13T14:48:59Z</time>
        <hdop>3</hdop>
        <extensions>
          <speed>1.1</speed>
        </extensions>
      </trkpt>
      <trkpt lat="52.7875503" lon="24.3155859">
        <ele>177</ele>
        <time>2024-01-13T14:49:10Z</time>
        <hdop>2</hdop>
        <extensions>
          <speed>1.08</speed>
        </extensions>
      </trkpt>
      <trkpt lat="52.7876665" lon="24.3156568">
        <ele>177</ele>
        <time>2024-01-13T14:49:20Z</time>
        <hdop>2.5</hdop>
        <extensions>
          <speed>1.23</speed>
        </extensions>
      </trkpt>
      <trkpt lat="52.7877957" lon="24.3157105">
        <ele>179</ele>
        <time>2024-01-13T14:49:31Z</time>
        <hdop>2</hdop>
        <extensions>
          <speed>1.09</speed>
        </extensions>
      </trkpt>
      <trkpt lat="52.7879388" lon="24.3157804">
        <ele>181</ele>
        <time>2024-01-13T14:49:42Z</time>
        <hdop>2</hdop>
        <extensions>
          <speed>1.51</speed>
        </extensions>
      </trkpt>
      <trkpt lat="52.7880619" lon="24.3158705">
        <ele>181</ele>
        <time>2024-01-13T14:49:52Z</time>
        <hdop>2.5</hdop>
        <extensions>
          <speed>1.53</speed>
        </extensions>
      </trkpt>
      <trkpt lat="52.78821" lon="24.315974">
        <ele>182</ele>
        <time>2024-01-13T14:50:03Z</time>
        <hdop>2</hdop>
        <extensions>
          <speed>1.64</speed>
        </extensions>
      </trkpt>
      <trkpt lat="52.7883455" lon="24.3160671">
        <ele>183</ele>
        <time>2024-01-13T14:50:14Z</time>
        <hdop>2</hdop>
        <extensions>
          <speed>1.27</speed>
        </extensions>
      </trkpt>
      <trkpt lat="52.7884663" lon="24.3161356">
        <ele>182</ele>
        <time>2024-01-13T14:50:24Z</time>
        <hdop>2</hdop>
        <extensions>
          <speed>1.38</speed>
        </extensions>
      </trkpt>
      <trkpt lat="52.7886017" lon="24.3161922">
        <ele>182</ele>
        <time>2024-01-13T14:50:35Z</time>
        <hdop>2</hdop>
        <extensions>
          <speed>1.16</speed>
        </extensions>
      </trkpt>
      <trkpt lat="52.7887384" lon="24.3162746">
        <ele>182</ele>
        <time>2024-01-13T14:50:46Z</time>
        <hdop>2.5</hdop>
        <extensions>
          <speed>1.21</speed>
        </extensions>
      </trkpt>
      <trkpt lat="52.7888655" lon="24.3163524">
        <ele>181</ele>
        <time>2024-01-13T14:50:57Z</time>
        <hdop>2.5</hdop>
        <extensions>
          <speed>1.01</speed>
        </extensions>
      </trkpt>
      <trkpt lat="52.789005" lon="24.3164422">
        <ele>182</ele>
        <time>2024-01-13T14:51:08Z</time>
        <hdop>2.5</hdop>
        <extensions>
          <speed>1.25</speed>
        </extensions>
      </trkpt>
      <trkpt lat="52.7891468" lon="24.3165584">
        <ele>185</ele>
        <time>2024-01-13T14:51:19Z</time>
        <hdop>2.5</hdop>
        <extensions>
          <speed>0.9</speed>
        </extensions>
      </trkpt>
      <trkpt lat="52.7892587" lon="24.3166179">
        <ele>184</ele>
        <time>2024-01-13T14:51:29Z</time>
        <hdop>2.5</hdop>
        <extensions>
          <speed>0.93</speed>
        </extensions>
      </trkpt>
      <trkpt lat="52.7893708" lon="24.316675">
        <ele>181</ele>
        <time>2024-01-13T14:51:39Z</time>
        <hdop>3</hdop>
        <extensions>
          <speed>1.38</speed>
        </extensions>
      </trkpt>
      <trkpt lat="52.7895005" lon="24.3167354">
        <ele>181</ele>
        <time>2024-01-13T14:51:50Z</time>
        <hdop>3</hdop>
        <extensions>
          <speed>1.59</speed>
        </extensions>
      </trkpt>
      <trkpt lat="52.7896226" lon="24.3168234">
        <ele>179</ele>
        <time>2024-01-13T14:52:01Z</time>
        <hdop>2.5</hdop>
        <extensions>
          <speed>0.89</speed>
        </extensions>
      </trkpt>
      <trkpt lat="52.7897517" lon="24.3169198">
        <ele>180</ele>
        <time>2024-01-13T14:52:12Z</time>
        <hdop>2.5</hdop>
        <extensions>
          <speed>1.06</speed>
        </extensions>
      </trkpt>
      <trkpt lat="52.7898898" lon="24.3170089">
        <ele>181</ele>
        <time>2024-01-13T14:52:23Z</time>
        <hdop>2.5</hdop>
        <extensions>
          <speed>1.08</speed>
        </extensions>
      </trkpt>
      <trkpt lat="52.7900209" lon="24.3170584">
        <ele>182</ele>
        <time>2024-01-13T14:52:34Z</time>
        <hdop>2</hdop>
        <extensions>
          <speed>1.2</speed>
        </extensions>
      </trkpt>
      <trkpt lat="52.7901586" lon="24.3171522">
        <ele>181</ele>
        <time>2024-01-13T14:52:45Z</time>
        <hdop>2</hdop>
        <extensions>
          <speed>1.24</speed>
        </extensions>
      </trkpt>
      <trkpt lat="52.7902857" lon="24.3172203">
        <ele>180</ele>
        <time>2024-01-13T14:52:55Z</time>
        <hdop>2.5</hdop>
        <extensions>
          <speed>1.41</speed>
        </extensions>
      </trkpt>
      <trkpt lat="52.7904101" lon="24.3172933">
        <ele>180</ele>
        <time>2024-01-13T14:53:05Z</time>
        <hdop>2</hdop>
        <extensions>
          <speed>1.19</speed>
        </extensions>
      </trkpt>
      <trkpt lat="52.7905405" lon="24.3173904">
        <ele>181</ele>
        <time>2024-01-13T14:53:16Z</time>
        <hdop>2.5</hdop>
        <extensions>
          <speed>1.09</speed>
        </extensions>
      </trkpt>
      <trkpt lat="52.7906645" lon="24.3174732">
        <ele>179</ele>
        <time>2024-01-13T14:53:27Z</time>
        <hdop>2.5</hdop>
        <extensions>
          <speed>1.34</speed>
        </extensions>
      </trkpt>
      <trkpt lat="52.790775" lon="24.3175455">
        <ele>179</ele>
        <time>2024-01-13T14:53:37Z</time>
        <hdop>2</hdop>
        <extensions>
          <speed>0.91</speed>
        </extensions>
      </trkpt>
      <trkpt lat="52.790899" lon="24.3175972">
        <ele>178</ele>
        <time>2024-01-13T14:53:47Z</time>
        <hdop>2.5</hdop>
        <extensions>
          <speed>1.07</speed>
        </extensions>
      </trkpt>
      <trkpt lat="52.7910321" lon="24.3176748">
        <ele>178</ele>
        <time>2024-01-13T14:53:58Z</time>
        <hdop>2.5</hdop>
        <extensions>
          <speed>1.15</speed>
        </extensions>
      </trkpt>
      <trkpt lat="52.7911592" lon="24.3177528">
        <ele>178</ele>
        <time>2024-01-13T14:54:08Z</time>
        <hdop>2.5</hdop>
        <extensions>
          <speed>1.07</speed>
        </extensions>
      </trkpt>
      <trkpt lat="52.7912856" lon="24.317812">
        <ele>177</ele>
        <time>2024-01-13T14:54:18Z</time>
        <hdop>3</hdop>
        <extensions>
          <speed>1.32</speed>
        </extensions>
      </trkpt>
      <trkpt lat="52.7914176" lon="24.3178998">
        <ele>177</ele>
        <time>2024-01-13T14:54:29Z</time>
        <hdop>2.5</hdop>
        <extensions>
          <speed>1.3</speed>
        </extensions>
      </trkpt>
      <trkpt lat="52.7915655" lon="24.3179972">
        <ele>180</ele>
        <time>2024-01-13T14:54:40Z</time>
        <hdop>2.5</hdop>
        <extensions>
          <speed>0.95</speed>
        </extensions>
      </trkpt>
      <trkpt lat="52.7916766" lon="24.3180692">
        <ele>178</ele>
        <time>2024-01-13T14:54:50Z</time>
        <hdop>3</hdop>
        <extensions>
          <speed>1.24</speed>
        </extensions>
      </trkpt>
      <trkpt lat="52.7918114" lon="24.3181632">
        <ele>179</ele>
        <time>2024-01-13T14:55:01Z</time>
        <hdop>2.5</hdop>
        <extensions>
          <speed>1.1</speed>
        </extensions>
      </trkpt>
      <trkpt lat="52.7919398" lon="24.3182212">
        <ele>181</ele>
        <time>2024-01-13T14:55:12Z</time>
        <hdop>2</hdop>
        <extensions>
          <speed>0.79</speed>
        </extensions>
      </trkpt>
      <trkpt lat="52.7920448" lon="24.3182503">
        <ele>180</ele>
        <time>2024-01-13T14:55:22Z</time>
        <hdop>2.5</hdop>
        <extensions>
          <speed>0.58</speed>
        </extensions>
      </trkpt>
      <trkpt lat="52.7920659" lon="24.3181837">
        <ele>183</ele>
        <time>2024-01-13T14:55:32Z</time>
        <hdop>2.5</hdop>
      </trkpt>
      <trkpt lat="52.7920766" lon="24.3181866">
        <ele>183</ele>
        <time>2024-01-13T14:55:43Z</time>
        <hdop>3</hdop>
      </trkpt>
      <trkpt lat="52.7920766" lon="24.3181866">
        <ele>183</ele>
        <time>2024-01-13T14:55:54Z</time>
        <hdop>2.5</hdop>
      </trkpt>
      <trkpt lat="52.7920888" lon="24.3181975">
        <ele>184</ele>
        <time>2024-01-13T14:56:04Z</time>
        <hdop>2.5</hdop>
        <extensions>
          <speed>0.13</speed>
        </extensions>
      </trkpt>
      <trkpt lat="52.7920881" lon="24.3182131">
        <ele>182</ele>
        <time>2024-01-13T14:56:15Z</time>
        <hdop>1.5</hdop>
      </trkpt>
      <trkpt lat="52.7920881" lon="24.3182131">
        <ele>182</ele>
        <time>2024-01-13T14:56:25Z</time>
        <hdop>2</hdop>
      </trkpt>
      <trkpt lat="52.7920857" lon="24.3182105">
        <ele>182</ele>
        <time>2024-01-13T14:56:36Z</time>
        <hdop>2</hdop>
        <extensions>
          <speed>0.16</speed>
        </extensions>
      </trkpt>
      <trkpt lat="52.7920862" lon="24.3182081">
        <ele>180</ele>
        <time>2024-01-13T14:56:46Z</time>
        <hdop>2.5</hdop>
        <extensions>
          <speed>0.16</speed>
        </extensions>
      </trkpt>
      <trkpt lat="52.7920824" lon="24.3182106">
        <ele>182</ele>
        <time>2024-01-13T14:56:57Z</time>
        <hdop>2</hdop>
        <extensions>
          <speed>0.68</speed>
        </extensions>
      </trkpt>
      <trkpt lat="52.7920811" lon="24.3182032">
        <ele>184</ele>
        <time>2024-01-13T14:57:07Z</time>
        <hdop>2</hdop>
        <extensions>
          <speed>0.43</speed>
        </extensions>
      </trkpt>
    </trkseg>
  </trk>
</gpx>