<?xml version='1.0' encoding='UTF-8' standalone='yes' ?>
<gpx version="1.1" creator="OsmAnd~ 3.7.4" xmlns="http://www.topografix.com/GPX/1/1" xmlns:xsi="http://www.w3.org/2001/XMLSchema-instance" xsi:schemaLocation="http://www.topografix.com/GPX/1/1 http://www.topografix.com/GPX/1/1/gpx.xsd">
  <metadata>
    <name>2024-08-17_09-38_Sat</name>
  </metadata>
  <trk>
    <trkseg>
      <trkpt lat="52.7821783" lon="27.5389251">
        <ele>197</ele>
        <time>2024-08-17T06:38:25Z</time>
        <hdop>14</hdop>
        <extensions>
          <speed>0.26</speed>
        </extensions>
      </trkpt>
      <trkpt lat="52.7821726" lon="27.5386805">
        <ele>175</ele>
        <time>2024-08-17T06:38:35Z</time>
        <hdop>3.5</hdop>
        <extensions>
          <speed>0.19</speed>
        </extensions>
      </trkpt>
      <trkpt lat="52.7821829" lon="27.5386797">
        <ele>177</ele>
        <time>2024-08-17T06:38:46Z</time>
        <hdop>3</hdop>
      </trkpt>
      <trkpt lat="52.7821829" lon="27.5386797">
        <ele>177</ele>
        <time>2024-08-17T06:38:56Z</time>
        <hdop>2.5</hdop>
      </trkpt>
      <trkpt lat="52.7821829" lon="27.5386797">
        <ele>177</ele>
        <time>2024-08-17T06:39:07Z</time>
        <hdop>2</hdop>
      </trkpt>
      <trkpt lat="52.7822041" lon="27.5386957">
        <ele>178</ele>
        <time>2024-08-17T06:39:17Z</time>
        <hdop>2</hdop>
        <extensions>
          <speed>0.95</speed>
        </extensions>
      </trkpt>
      <trkpt lat="52.7822495" lon="27.5388058">
        <ele>182</ele>
        <time>2024-08-17T06:39:28Z</time>
        <hdop>1.5</hdop>
      </trkpt>
      <trkpt lat="52.7822588" lon="27.5388613">
        <ele>182</ele>
        <time>2024-08-17T06:39:38Z</time>
        <hdop>1.5</hdop>
        <extensions>
          <speed>0.59</speed>
        </extensions>
      </trkpt>
      <trkpt lat="52.7822949" lon="27.5389713">
        <ele>183</ele>
        <time>2024-08-17T06:39:48Z</time>
        <hdop>1.5</hdop>
        <extensions>
          <speed>0.84</speed>
        </extensions>
      </trkpt>
      <trkpt lat="52.7823234" lon="27.5390781">
        <ele>183</ele>
        <time>2024-08-17T06:39:59Z</time>
        <hdop>1.5</hdop>
        <extensions>
          <speed>0.72</speed>
        </extensions>
      </trkpt>
      <trkpt lat="52.7823466" lon="27.5391929">
        <ele>185</ele>
        <time>2024-08-17T06:40:10Z</time>
        <hdop>1.5</hdop>
        <extensions>
          <speed>0.41</speed>
        </extensions>
      </trkpt>
      <trkpt lat="52.7823843" lon="27.5393095">
        <ele>187</ele>
        <time>2024-08-17T06:40:20Z</time>
        <hdop>1.5</hdop>
        <extensions>
          <speed>0.79</speed>
        </extensions>
      </trkpt>
      <trkpt lat="52.7824328" lon="27.5394571">
        <ele>187</ele>
        <time>2024-08-17T06:40:31Z</time>
        <hdop>1.5</hdop>
        <extensions>
          <speed>0.76</speed>
        </extensions>
      </trkpt>
      <trkpt lat="52.782467" lon="27.5395853">
        <ele>189</ele>
        <time>2024-08-17T06:40:41Z</time>
        <hdop>1.5</hdop>
        <extensions>
          <speed>1.32</speed>
        </extensions>
      </trkpt>
      <trkpt lat="52.7825419" lon="27.5398169">
        <ele>190</ele>
        <time>2024-08-17T06:40:52Z</time>
        <hdop>2</hdop>
        <extensions>
          <speed>1.57</speed>
        </extensions>
      </trkpt>
      <trkpt lat="52.7826499" lon="27.5401153">
        <ele>193</ele>
        <time>2024-08-17T06:41:02Z</time>
        <hdop>1.5</hdop>
        <extensions>
          <speed>1.68</speed>
        </extensions>
      </trkpt>
      <trkpt lat="52.7827737" lon="27.5405145">
        <ele>191</ele>
        <time>2024-08-17T06:41:13Z</time>
        <hdop>1.5</hdop>
        <extensions>
          <speed>3.71</speed>
        </extensions>
      </trkpt>
      <trkpt lat="52.783029" lon="27.5412885">
        <ele>187</ele>
        <time>2024-08-17T06:41:24Z</time>
        <hdop>1</hdop>
        <extensions>
          <speed>4.61</speed>
        </extensions>
      </trkpt>
      <trkpt lat="52.783485" lon="27.5412403">
        <ele>184</ele>
        <time>2024-08-17T06:41:34Z</time>
        <hdop>1</hdop>
        <extensions>
          <speed>6.74</speed>
        </extensions>
      </trkpt>
      <trkpt lat="52.7840539" lon="27.5407908">
        <ele>183</ele>
        <time>2024-08-17T06:41:44Z</time>
        <hdop>1</hdop>
        <extensions>
          <speed>6.97</speed>
        </extensions>
      </trkpt>
      <trkpt lat="52.7846028" lon="27.5402931">
        <ele>183</ele>
        <time>2024-08-17T06:41:55Z</time>
        <hdop>1.5</hdop>
        <extensions>
          <speed>7.2</speed>
        </extensions>
      </trkpt>
      <trkpt lat="52.7852441" lon="27.5397319">
        <ele>183</ele>
        <time>2024-08-17T06:42:06Z</time>
        <hdop>1</hdop>
        <extensions>
          <speed>7.32</speed>
        </extensions>
      </trkpt>
      <trkpt lat="52.7859551" lon="27.5391431">
        <ele>183</ele>
        <time>2024-08-17T06:42:17Z</time>
        <hdop>1.5</hdop>
        <extensions>
          <speed>8.3</speed>
        </extensions>
      </trkpt>
      <trkpt lat="52.786634" lon="27.5386063">
        <ele>183</ele>
        <time>2024-08-17T06:42:27Z</time>
        <hdop>1.5</hdop>
        <extensions>
          <speed>8.13</speed>
        </extensions>
      </trkpt>
      <trkpt lat="52.7873519" lon="27.5379685">
        <ele>182</ele>
        <time>2024-08-17T06:42:38Z</time>
        <hdop>1</hdop>
        <extensions>
          <speed>8.45</speed>
        </extensions>
      </trkpt>
      <trkpt lat="52.7880303" lon="27.5373827">
        <ele>183</ele>
        <time>2024-08-17T06:42:48Z</time>
        <hdop>1.5</hdop>
        <extensions>
          <speed>8.1</speed>
        </extensions>
      </trkpt>
      <trkpt lat="52.788727" lon="27.5368055">
        <ele>183</ele>
        <time>2024-08-17T06:42:59Z</time>
        <hdop>1.5</hdop>
        <extensions>
          <speed>7.23</speed>
        </extensions>
      </trkpt>
      <trkpt lat="52.7893711" lon="27.5362947">
        <ele>183</ele>
        <time>2024-08-17T06:43:09Z</time>
        <hdop>1.5</hdop>
        <extensions>
          <speed>8.02</speed>
        </extensions>
      </trkpt>
      <trkpt lat="52.7900567" lon="27.535835">
        <ele>182</ele>
        <time>2024-08-17T06:43:20Z</time>
        <hdop>1.5</hdop>
        <extensions>
          <speed>7.35</speed>
        </extensions>
      </trkpt>
      <trkpt lat="52.7907359" lon="27.5352377">
        <ele>181</ele>
        <time>2024-08-17T06:43:30Z</time>
        <hdop>1</hdop>
        <extensions>
          <speed>7.91</speed>
        </extensions>
      </trkpt>
      <trkpt lat="52.7913433" lon="27.5346995">
        <ele>180</ele>
        <time>2024-08-17T06:43:41Z</time>
        <hdop>1</hdop>
        <extensions>
          <speed>7.39</speed>
        </extensions>
      </trkpt>
      <trkpt lat="52.7919876" lon="27.5341139">
        <ele>181</ele>
        <time>2024-08-17T06:43:51Z</time>
        <hdop>1</hdop>
        <extensions>
          <speed>8.27</speed>
        </extensions>
      </trkpt>
      <trkpt lat="52.7926409" lon="27.5335064">
        <ele>181</ele>
        <time>2024-08-17T06:44:02Z</time>
        <hdop>1.5</hdop>
        <extensions>
          <speed>7.36</speed>
        </extensions>
      </trkpt>
      <trkpt lat="52.7932934" lon="27.5329034">
        <ele>180</ele>
        <time>2024-08-17T06:44:13Z</time>
        <hdop>1.5</hdop>
        <extensions>
          <speed>7.58</speed>
        </extensions>
      </trkpt>
      <trkpt lat="52.7938578" lon="27.5324041">
        <ele>181</ele>
        <time>2024-08-17T06:44:23Z</time>
        <hdop>1</hdop>
        <extensions>
          <speed>7.25</speed>
        </extensions>
      </trkpt>
      <trkpt lat="52.7945114" lon="27.5318946">
        <ele>181</ele>
        <time>2024-08-17T06:44:34Z</time>
        <hdop>1</hdop>
        <extensions>
          <speed>7</speed>
        </extensions>
      </trkpt>
      <trkpt lat="52.7951437" lon="27.5314493">
        <ele>179</ele>
        <time>2024-08-17T06:44:44Z</time>
        <hdop>1</hdop>
        <extensions>
          <speed>6.8</speed>
        </extensions>
      </trkpt>
      <trkpt lat="52.7957387" lon="27.5309727">
        <ele>178</ele>
        <time>2024-08-17T06:44:55Z</time>
        <hdop>1</hdop>
        <extensions>
          <speed>7.45</speed>
        </extensions>
      </trkpt>
      <trkpt lat="52.7963093" lon="27.530458">
        <ele>178</ele>
        <time>2024-08-17T06:45:05Z</time>
        <hdop>1</hdop>
        <extensions>
          <speed>6.97</speed>
        </extensions>
      </trkpt>
      <trkpt lat="52.7968183" lon="27.5300241">
        <ele>177</ele>
        <time>2024-08-17T06:45:15Z</time>
        <hdop>1</hdop>
        <extensions>
          <speed>6.27</speed>
        </extensions>
      </trkpt>
      <trkpt lat="52.7973725" lon="27.5295685">
        <ele>178</ele>
        <time>2024-08-17T06:45:26Z</time>
        <hdop>1</hdop>
        <extensions>
          <speed>6.48</speed>
        </extensions>
      </trkpt>
      <trkpt lat="52.7979636" lon="27.5290697">
        <ele>178</ele>
        <time>2024-08-17T06:45:37Z</time>
        <hdop>1</hdop>
        <extensions>
          <speed>6.55</speed>
        </extensions>
      </trkpt>
      <trkpt lat="52.7985232" lon="27.5286111">
        <ele>177</ele>
        <time>2024-08-17T06:45:47Z</time>
        <hdop>1</hdop>
        <extensions>
          <speed>7.07</speed>
        </extensions>
      </trkpt>
      <trkpt lat="52.7992185" lon="27.5280593">
        <ele>175</ele>
        <time>2024-08-17T06:45:58Z</time>
        <hdop>1</hdop>
        <extensions>
          <speed>7.89</speed>
        </extensions>
      </trkpt>
      <trkpt lat="52.7997998" lon="27.5275723">
        <ele>176</ele>
        <time>2024-08-17T06:46:09Z</time>
        <hdop>1</hdop>
        <extensions>
          <speed>5.26</speed>
        </extensions>
      </trkpt>
      <trkpt lat="52.8001128" lon="27.5280373">
        <ele>176</ele>
        <time>2024-08-17T06:46:20Z</time>
        <hdop>1</hdop>
        <extensions>
          <speed>5.5</speed>
        </extensions>
      </trkpt>
      <trkpt lat="52.8003558" lon="27.528857">
        <ele>176</ele>
        <time>2024-08-17T06:46:30Z</time>
        <hdop>1</hdop>
        <extensions>
          <speed>5.47</speed>
        </extensions>
      </trkpt>
      <trkpt lat="52.8005831" lon="27.5295184">
        <ele>176</ele>
        <time>2024-08-17T06:46:41Z</time>
        <hdop>1.5</hdop>
        <extensions>
          <speed>4.17</speed>
        </extensions>
      </trkpt>
      <trkpt lat="52.8009956" lon="27.5291468">
        <ele>176</ele>
        <time>2024-08-17T06:46:51Z</time>
        <hdop>1</hdop>
        <extensions>
          <speed>6.11</speed>
        </extensions>
      </trkpt>
      <trkpt lat="52.8015381" lon="27.5289717">
        <ele>176</ele>
        <time>2024-08-17T06:47:01Z</time>
        <hdop>1</hdop>
        <extensions>
          <speed>6.63</speed>
        </extensions>
      </trkpt>
      <trkpt lat="52.8021344" lon="27.5294017">
        <ele>176</ele>
        <time>2024-08-17T06:47:12Z</time>
        <hdop>1.5</hdop>
        <extensions>
          <speed>6.74</speed>
        </extensions>
      </trkpt>
      <trkpt lat="52.8026288" lon="27.5297444">
        <ele>175</ele>
        <time>2024-08-17T06:47:22Z</time>
        <hdop>1.5</hdop>
        <extensions>
          <speed>4.7</speed>
        </extensions>
      </trkpt>
      <trkpt lat="52.8028125" lon="27.5291933">
        <ele>174</ele>
        <time>2024-08-17T06:47:32Z</time>
        <hdop>1.5</hdop>
        <extensions>
          <speed>5.58</speed>
        </extensions>
      </trkpt>
      <trkpt lat="52.8027005" lon="27.5283638">
        <ele>174</ele>
        <time>2024-08-17T06:47:42Z</time>
        <hdop>1</hdop>
        <extensions>
          <speed>4.79</speed>
        </extensions>
      </trkpt>
      <trkpt lat="52.8031854" lon="27.5279536">
        <ele>173</ele>
        <time>2024-08-17T06:47:52Z</time>
        <hdop>1</hdop>
        <extensions>
          <speed>6.81</speed>
        </extensions>
      </trkpt>
      <trkpt lat="52.8038223" lon="27.5277129">
        <ele>175</ele>
        <time>2024-08-17T06:48:03Z</time>
        <hdop>1.5</hdop>
        <extensions>
          <speed>6.02</speed>
        </extensions>
      </trkpt>
      <trkpt lat="52.8043448" lon="27.5274841">
        <ele>174</ele>
        <time>2024-08-17T06:48:13Z</time>
        <hdop>1</hdop>
        <extensions>
          <speed>6.16</speed>
        </extensions>
      </trkpt>
      <trkpt lat="52.804885" lon="27.5272619">
        <ele>175</ele>
        <time>2024-08-17T06:48:23Z</time>
        <hdop>1</hdop>
        <extensions>
          <speed>6.11</speed>
        </extensions>
      </trkpt>
      <trkpt lat="52.8054364" lon="27.5269362">
        <ele>175</ele>
        <time>2024-08-17T06:48:34Z</time>
        <hdop>1</hdop>
        <extensions>
          <speed>5.94</speed>
        </extensions>
      </trkpt>
      <trkpt lat="52.8059695" lon="27.5267671">
        <ele>175</ele>
        <time>2024-08-17T06:48:44Z</time>
        <hdop>1</hdop>
        <extensions>
          <speed>5.11</speed>
        </extensions>
      </trkpt>
      <trkpt lat="52.8062793" lon="27.5275843">
        <ele>176</ele>
        <time>2024-08-17T06:48:55Z</time>
        <hdop>1.5</hdop>
        <extensions>
          <speed>6.41</speed>
        </extensions>
      </trkpt>
      <trkpt lat="52.8064991" lon="27.5285822">
        <ele>176</ele>
        <time>2024-08-17T06:49:06Z</time>
        <hdop>1</hdop>
        <extensions>
          <speed>6.24</speed>
        </extensions>
      </trkpt>
      <trkpt lat="52.8067153" lon="27.5294191">
        <ele>175</ele>
        <time>2024-08-17T06:49:16Z</time>
        <hdop>1.5</hdop>
        <extensions>
          <speed>6.06</speed>
        </extensions>
      </trkpt>
      <trkpt lat="52.8073031" lon="27.5293819">
        <ele>176</ele>
        <time>2024-08-17T06:49:27Z</time>
        <hdop>1.5</hdop>
        <extensions>
          <speed>5.95</speed>
        </extensions>
      </trkpt>
      <trkpt lat="52.8078335" lon="27.5297427">
        <ele>177</ele>
        <time>2024-08-17T06:49:37Z</time>
        <hdop>1</hdop>
        <extensions>
          <speed>6.62</speed>
        </extensions>
      </trkpt>
      <trkpt lat="52.8084052" lon="27.5301434">
        <ele>178</ele>
        <time>2024-08-17T06:49:47Z</time>
        <hdop>1</hdop>
        <extensions>
          <speed>7.2</speed>
        </extensions>
      </trkpt>
      <trkpt lat="52.8090619" lon="27.5305879">
        <ele>177</ele>
        <time>2024-08-17T06:49:58Z</time>
        <hdop>1</hdop>
        <extensions>
          <speed>7.21</speed>
        </extensions>
      </trkpt>
      <trkpt lat="52.8096687" lon="27.5310491">
        <ele>177</ele>
        <time>2024-08-17T06:50:09Z</time>
        <hdop>1</hdop>
        <extensions>
          <speed>6.28</speed>
        </extensions>
      </trkpt>
      <trkpt lat="52.8102525" lon="27.5314574">
        <ele>178</ele>
        <time>2024-08-17T06:50:20Z</time>
        <hdop>1</hdop>
        <extensions>
          <speed>6.7</speed>
        </extensions>
      </trkpt>
      <trkpt lat="52.8107358" lon="27.5318843">
        <ele>179</ele>
        <time>2024-08-17T06:50:30Z</time>
        <hdop>1.5</hdop>
        <extensions>
          <speed>4.66</speed>
        </extensions>
      </trkpt>
      <trkpt lat="52.8107685" lon="27.5328861">
        <ele>178</ele>
        <time>2024-08-17T06:50:41Z</time>
        <hdop>1</hdop>
        <extensions>
          <speed>6.52</speed>
        </extensions>
      </trkpt>
      <trkpt lat="52.8108077" lon="27.5338603">
        <ele>179</ele>
        <time>2024-08-17T06:50:51Z</time>
        <hdop>1.5</hdop>
        <extensions>
          <speed>6.45</speed>
        </extensions>
      </trkpt>
      <trkpt lat="52.810907" lon="27.5347202">
        <ele>178</ele>
        <time>2024-08-17T06:51:02Z</time>
        <hdop>1.5</hdop>
        <extensions>
          <speed>5</speed>
        </extensions>
      </trkpt>
      <trkpt lat="52.8114327" lon="27.5346391">
        <ele>179</ele>
        <time>2024-08-17T06:51:12Z</time>
        <hdop>1.5</hdop>
        <extensions>
          <speed>6.54</speed>
        </extensions>
      </trkpt>
      <trkpt lat="52.8120625" lon="27.5345383">
        <ele>180</ele>
        <time>2024-08-17T06:51:23Z</time>
        <hdop>1.5</hdop>
        <extensions>
          <speed>6.13</speed>
        </extensions>
      </trkpt>
      <trkpt lat="52.812615" lon="27.5344582">
        <ele>181</ele>
        <time>2024-08-17T06:51:33Z</time>
        <hdop>1.5</hdop>
        <extensions>
          <speed>6.23</speed>
        </extensions>
      </trkpt>
      <trkpt lat="52.8132192" lon="27.5343734">
        <ele>180</ele>
        <time>2024-08-17T06:51:44Z</time>
        <hdop>1.5</hdop>
        <extensions>
          <speed>5.84</speed>
        </extensions>
      </trkpt>
      <trkpt lat="52.8137948" lon="27.534279">
        <ele>180</ele>
        <time>2024-08-17T06:51:54Z</time>
        <hdop>1.5</hdop>
        <extensions>
          <speed>6.72</speed>
        </extensions>
      </trkpt>
      <trkpt lat="52.8143938" lon="27.534213">
        <ele>181</ele>
        <time>2024-08-17T06:52:04Z</time>
        <hdop>1.5</hdop>
        <extensions>
          <speed>6.22</speed>
        </extensions>
      </trkpt>
      <trkpt lat="52.8150054" lon="27.5340857">
        <ele>181</ele>
        <time>2024-08-17T06:52:15Z</time>
        <hdop>1.5</hdop>
        <extensions>
          <speed>6.06</speed>
        </extensions>
      </trkpt>
      <trkpt lat="52.8156304" lon="27.5339809">
        <ele>181</ele>
        <time>2024-08-17T06:52:26Z</time>
        <hdop>1.5</hdop>
        <extensions>
          <speed>6.51</speed>
        </extensions>
      </trkpt>
      <trkpt lat="52.8162158" lon="27.5338583">
        <ele>181</ele>
        <time>2024-08-17T06:52:36Z</time>
        <hdop>1.5</hdop>
        <extensions>
          <speed>6.54</speed>
        </extensions>
      </trkpt>
      <trkpt lat="52.8169639" lon="27.5337028">
        <ele>179</ele>
        <time>2024-08-17T06:52:47Z</time>
        <hdop>1.5</hdop>
        <extensions>
          <speed>8.16</speed>
        </extensions>
      </trkpt>
      <trkpt lat="52.817325" lon="27.5340468">
        <ele>177</ele>
        <time>2024-08-17T06:52:57Z</time>
        <hdop>1.5</hdop>
        <extensions>
          <speed>5.6</speed>
        </extensions>
      </trkpt>
      <trkpt lat="52.8173542" lon="27.5349324">
        <ele>176</ele>
        <time>2024-08-17T06:53:08Z</time>
        <hdop>1</hdop>
        <extensions>
          <speed>5.86</speed>
        </extensions>
      </trkpt>
      <trkpt lat="52.8174009" lon="27.5358361">
        <ele>175</ele>
        <time>2024-08-17T06:53:18Z</time>
        <hdop>1</hdop>
        <extensions>
          <speed>5.93</speed>
        </extensions>
      </trkpt>
      <trkpt lat="52.8174901" lon="27.5368476">
        <ele>175</ele>
        <time>2024-08-17T06:53:29Z</time>
        <hdop>1.5</hdop>
        <extensions>
          <speed>6.34</speed>
        </extensions>
      </trkpt>
      <trkpt lat="52.818061" lon="27.5369249">
        <ele>176</ele>
        <time>2024-08-17T06:53:39Z</time>
        <hdop>1.5</hdop>
        <extensions>
          <speed>6.12</speed>
        </extensions>
      </trkpt>
      <trkpt lat="52.8186624" lon="27.5369896">
        <ele>175</ele>
        <time>2024-08-17T06:53:49Z</time>
        <hdop>1</hdop>
        <extensions>
          <speed>6.97</speed>
        </extensions>
      </trkpt>
      <trkpt lat="52.8192831" lon="27.5369244">
        <ele>176</ele>
        <time>2024-08-17T06:54:00Z</time>
        <hdop>1.5</hdop>
        <extensions>
          <speed>6.46</speed>
        </extensions>
      </trkpt>
      <trkpt lat="52.8198604" lon="27.5366342">
        <ele>176</ele>
        <time>2024-08-17T06:54:10Z</time>
        <hdop>1.5</hdop>
        <extensions>
          <speed>7.09</speed>
        </extensions>
      </trkpt>
      <trkpt lat="52.8205595" lon="27.5364038">
        <ele>176</ele>
        <time>2024-08-17T06:54:21Z</time>
        <hdop>1</hdop>
        <extensions>
          <speed>6.87</speed>
        </extensions>
      </trkpt>
      <trkpt lat="52.82115" lon="27.5361989">
        <ele>178</ele>
        <time>2024-08-17T06:54:31Z</time>
        <hdop>1.5</hdop>
        <extensions>
          <speed>6.4</speed>
        </extensions>
      </trkpt>
      <trkpt lat="52.8216716" lon="27.5359204">
        <ele>179</ele>
        <time>2024-08-17T06:54:41Z</time>
        <hdop>1.5</hdop>
        <extensions>
          <speed>5.86</speed>
        </extensions>
      </trkpt>
      <trkpt lat="52.8222497" lon="27.5355855">
        <ele>178</ele>
        <time>2024-08-17T06:54:52Z</time>
        <hdop>1.5</hdop>
        <extensions>
          <speed>6.16</speed>
        </extensions>
      </trkpt>
      <trkpt lat="52.8228528" lon="27.5352656">
        <ele>177</ele>
        <time>2024-08-17T06:55:03Z</time>
        <hdop>1</hdop>
        <extensions>
          <speed>6.43</speed>
        </extensions>
      </trkpt>
      <trkpt lat="52.8234841" lon="27.5349195">
        <ele>176</ele>
        <time>2024-08-17T06:55:14Z</time>
        <hdop>1</hdop>
        <extensions>
          <speed>7.31</speed>
        </extensions>
      </trkpt>
      <trkpt lat="52.8241434" lon="27.534616">
        <ele>176</ele>
        <time>2024-08-17T06:55:24Z</time>
        <hdop>1</hdop>
        <extensions>
          <speed>7.69</speed>
        </extensions>
      </trkpt>
      <trkpt lat="52.8247827" lon="27.5343146">
        <ele>175</ele>
        <time>2024-08-17T06:55:34Z</time>
        <hdop>1</hdop>
        <extensions>
          <speed>6.88</speed>
        </extensions>
      </trkpt>
      <trkpt lat="52.8254233" lon="27.534017">
        <ele>175</ele>
        <time>2024-08-17T06:55:45Z</time>
        <hdop>1</hdop>
        <extensions>
          <speed>6.77</speed>
        </extensions>
      </trkpt>
      <trkpt lat="52.8260691" lon="27.5337243">
        <ele>175</ele>
        <time>2024-08-17T06:55:56Z</time>
        <hdop>1</hdop>
        <extensions>
          <speed>6.74</speed>
        </extensions>
      </trkpt>
      <trkpt lat="52.8266565" lon="27.533459">
        <ele>176</ele>
        <time>2024-08-17T06:56:06Z</time>
        <hdop>1</hdop>
        <extensions>
          <speed>6.51</speed>
        </extensions>
      </trkpt>
      <trkpt lat="52.8271974" lon="27.533165">
        <ele>177</ele>
        <time>2024-08-17T06:56:16Z</time>
        <hdop>1</hdop>
        <extensions>
          <speed>6.26</speed>
        </extensions>
      </trkpt>
      <trkpt lat="52.8277343" lon="27.5327741">
        <ele>177</ele>
        <time>2024-08-17T06:56:27Z</time>
        <hdop>1</hdop>
        <extensions>
          <speed>5.83</speed>
        </extensions>
      </trkpt>
      <trkpt lat="52.8282643" lon="27.5323967">
        <ele>177</ele>
        <time>2024-08-17T06:56:37Z</time>
        <hdop>1</hdop>
        <extensions>
          <speed>6.78</speed>
        </extensions>
      </trkpt>
      <trkpt lat="52.8287392" lon="27.5318503">
        <ele>176</ele>
        <time>2024-08-17T06:56:47Z</time>
        <hdop>1</hdop>
        <extensions>
          <speed>6.25</speed>
        </extensions>
      </trkpt>
      <trkpt lat="52.8290603" lon="27.5310097">
        <ele>176</ele>
        <time>2024-08-17T06:56:58Z</time>
        <hdop>1</hdop>
        <extensions>
          <speed>6.03</speed>
        </extensions>
      </trkpt>
      <trkpt lat="52.8295509" lon="27.5306046">
        <ele>176</ele>
        <time>2024-08-17T06:57:08Z</time>
        <hdop>1</hdop>
        <extensions>
          <speed>6.05</speed>
        </extensions>
      </trkpt>
      <trkpt lat="52.8301232" lon="27.5302509">
        <ele>176</ele>
        <time>2024-08-17T06:57:19Z</time>
        <hdop>1</hdop>
        <extensions>
          <speed>6.4</speed>
        </extensions>
      </trkpt>
      <trkpt lat="52.8307108" lon="27.5299167">
        <ele>176</ele>
        <time>2024-08-17T06:57:30Z</time>
        <hdop>1.5</hdop>
        <extensions>
          <speed>6.18</speed>
        </extensions>
      </trkpt>
      <trkpt lat="52.8312774" lon="27.5296037">
        <ele>176</ele>
        <time>2024-08-17T06:57:41Z</time>
        <hdop>1.5</hdop>
        <extensions>
          <speed>6</speed>
        </extensions>
      </trkpt>
      <trkpt lat="52.8318381" lon="27.5292677">
        <ele>176</ele>
        <time>2024-08-17T06:57:52Z</time>
        <hdop>1.5</hdop>
        <extensions>
          <speed>5.68</speed>
        </extensions>
      </trkpt>
      <trkpt lat="52.8323377" lon="27.5289792">
        <ele>178</ele>
        <time>2024-08-17T06:58:02Z</time>
        <hdop>1.5</hdop>
        <extensions>
          <speed>6.3</speed>
        </extensions>
      </trkpt>
      <trkpt lat="52.8328811" lon="27.5287486">
        <ele>179</ele>
        <time>2024-08-17T06:58:12Z</time>
        <hdop>1.5</hdop>
        <extensions>
          <speed>6.32</speed>
        </extensions>
      </trkpt>
      <trkpt lat="52.8334434" lon="27.5285014">
        <ele>179</ele>
        <time>2024-08-17T06:58:22Z</time>
        <hdop>1.5</hdop>
        <extensions>
          <speed>6.63</speed>
        </extensions>
      </trkpt>
      <trkpt lat="52.8340902" lon="27.5282548">
        <ele>178</ele>
        <time>2024-08-17T06:58:33Z</time>
        <hdop>1.5</hdop>
        <extensions>
          <speed>6.76</speed>
        </extensions>
      </trkpt>
      <trkpt lat="52.8346939" lon="27.5280519">
        <ele>180</ele>
        <time>2024-08-17T06:58:43Z</time>
        <hdop>1.5</hdop>
        <extensions>
          <speed>6.6</speed>
        </extensions>
      </trkpt>
      <trkpt lat="52.8352168" lon="27.5278343">
        <ele>180</ele>
        <time>2024-08-17T06:58:53Z</time>
        <hdop>1.5</hdop>
        <extensions>
          <speed>5.66</speed>
        </extensions>
      </trkpt>
      <trkpt lat="52.8356638" lon="27.5276468">
        <ele>181</ele>
        <time>2024-08-17T06:59:03Z</time>
        <hdop>1.5</hdop>
        <extensions>
          <speed>5.28</speed>
        </extensions>
      </trkpt>
      <trkpt lat="52.8361649" lon="27.527466">
        <ele>181</ele>
        <time>2024-08-17T06:59:14Z</time>
        <hdop>1.5</hdop>
        <extensions>
          <speed>5.2</speed>
        </extensions>
      </trkpt>
      <trkpt lat="52.8366532" lon="27.5274818">
        <ele>182</ele>
        <time>2024-08-17T06:59:24Z</time>
        <hdop>1.5</hdop>
        <extensions>
          <speed>5.8</speed>
        </extensions>
      </trkpt>
      <trkpt lat="52.8372882" lon="27.5275064">
        <ele>182</ele>
        <time>2024-08-17T06:59:35Z</time>
        <hdop>1.5</hdop>
        <extensions>
          <speed>6.87</speed>
        </extensions>
      </trkpt>
      <trkpt lat="52.8380274" lon="27.5275044">
        <ele>180</ele>
        <time>2024-08-17T06:59:46Z</time>
        <hdop>1.5</hdop>
        <extensions>
          <speed>7.61</speed>
        </extensions>
      </trkpt>
      <trkpt lat="52.8387147" lon="27.5272678">
        <ele>180</ele>
        <time>2024-08-17T06:59:56Z</time>
        <hdop>1</hdop>
        <extensions>
          <speed>8.11</speed>
        </extensions>
      </trkpt>
      <trkpt lat="52.8394997" lon="27.5270125">
        <ele>180</ele>
        <time>2024-08-17T07:00:07Z</time>
        <hdop>1.5</hdop>
        <extensions>
          <speed>8.2</speed>
        </extensions>
      </trkpt>
      <trkpt lat="52.8402871" lon="27.5268065">
        <ele>182</ele>
        <time>2024-08-17T07:00:18Z</time>
        <hdop>1.5</hdop>
        <extensions>
          <speed>7.92</speed>
        </extensions>
      </trkpt>
      <trkpt lat="52.8410852" lon="27.5266091">
        <ele>181</ele>
        <time>2024-08-17T07:00:28Z</time>
        <hdop>1.5</hdop>
        <extensions>
          <speed>8.15</speed>
        </extensions>
      </trkpt>
      <trkpt lat="52.8417805" lon="27.5264292">
        <ele>183</ele>
        <time>2024-08-17T07:00:39Z</time>
        <hdop>1.5</hdop>
        <extensions>
          <speed>7.77</speed>
        </extensions>
      </trkpt>
      <trkpt lat="52.8425675" lon="27.5262126">
        <ele>182</ele>
        <time>2024-08-17T07:00:50Z</time>
        <hdop>1.5</hdop>
        <extensions>
          <speed>8.07</speed>
        </extensions>
      </trkpt>
      <trkpt lat="52.8433741" lon="27.5260171">
        <ele>182</ele>
        <time>2024-08-17T07:01:01Z</time>
        <hdop>1.5</hdop>
        <extensions>
          <speed>8.25</speed>
        </extensions>
      </trkpt>
      <trkpt lat="52.8441188" lon="27.5258098">
        <ele>181</ele>
        <time>2024-08-17T07:01:11Z</time>
        <hdop>1</hdop>
        <extensions>
          <speed>8.46</speed>
        </extensions>
      </trkpt>
      <trkpt lat="52.8448902" lon="27.5256406">
        <ele>181</ele>
        <time>2024-08-17T07:01:22Z</time>
        <hdop>1.5</hdop>
        <extensions>
          <speed>6.91</speed>
        </extensions>
      </trkpt>
      <trkpt lat="52.8448581" lon="27.525095">
        <ele>180</ele>
        <time>2024-08-17T07:01:33Z</time>
        <hdop>1.5</hdop>
        <extensions>
          <speed>5.12</speed>
        </extensions>
      </trkpt>
      <trkpt lat="52.8445816" lon="27.5244015">
        <ele>180</ele>
        <time>2024-08-17T07:01:44Z</time>
        <hdop>1.5</hdop>
        <extensions>
          <speed>4.99</speed>
        </extensions>
      </trkpt>
      <trkpt lat="52.8443522" lon="27.5236684">
        <ele>181</ele>
        <time>2024-08-17T07:01:55Z</time>
        <hdop>1</hdop>
        <extensions>
          <speed>4.74</speed>
        </extensions>
      </trkpt>
      <trkpt lat="52.8441623" lon="27.5229473">
        <ele>181</ele>
        <time>2024-08-17T07:02:06Z</time>
        <hdop>1</hdop>
        <extensions>
          <speed>4.72</speed>
        </extensions>
      </trkpt>
      <trkpt lat="52.8439489" lon="27.5222174">
        <ele>182</ele>
        <time>2024-08-17T07:02:17Z</time>
        <hdop>1</hdop>
        <extensions>
          <speed>5.12</speed>
        </extensions>
      </trkpt>
      <trkpt lat="52.843802" lon="27.5214909">
        <ele>183</ele>
        <time>2024-08-17T07:02:27Z</time>
        <hdop>1.5</hdop>
        <extensions>
          <speed>5.04</speed>
        </extensions>
      </trkpt>
      <trkpt lat="52.8437435" lon="27.5205864">
        <ele>183</ele>
        <time>2024-08-17T07:02:38Z</time>
        <hdop>1.5</hdop>
        <extensions>
          <speed>5.83</speed>
        </extensions>
      </trkpt>
      <trkpt lat="52.8436922" lon="27.5195846">
        <ele>182</ele>
        <time>2024-08-17T07:02:49Z</time>
        <hdop>1.5</hdop>
        <extensions>
          <speed>6.16</speed>
        </extensions>
      </trkpt>
      <trkpt lat="52.8437131" lon="27.518654">
        <ele>181</ele>
        <time>2024-08-17T07:02:59Z</time>
        <hdop>1.5</hdop>
        <extensions>
          <speed>6.72</speed>
        </extensions>
      </trkpt>
      <trkpt lat="52.8437637" lon="27.5175561">
        <ele>180</ele>
        <time>2024-08-17T07:03:10Z</time>
        <hdop>1.5</hdop>
        <extensions>
          <speed>6.78</speed>
        </extensions>
      </trkpt>
      <trkpt lat="52.8437879" lon="27.5164122">
        <ele>183</ele>
        <time>2024-08-17T07:03:21Z</time>
        <hdop>2.5</hdop>
        <extensions>
          <speed>6.68</speed>
        </extensions>
      </trkpt>
      <trkpt lat="52.8438029" lon="27.5153202">
        <ele>183</ele>
        <time>2024-08-17T07:03:31Z</time>
        <hdop>1</hdop>
        <extensions>
          <speed>6.25</speed>
        </extensions>
      </trkpt>
      <trkpt lat="52.8437861" lon="27.5143824">
        <ele>182</ele>
        <time>2024-08-17T07:03:42Z</time>
        <hdop>1.5</hdop>
        <extensions>
          <speed>6.32</speed>
        </extensions>
      </trkpt>
      <trkpt lat="52.8437759" lon="27.5133277">
        <ele>182</ele>
        <time>2024-08-17T07:03:53Z</time>
        <hdop>2</hdop>
        <extensions>
          <speed>6.3</speed>
        </extensions>
      </trkpt>
      <trkpt lat="52.8437252" lon="27.5123613">
        <ele>181</ele>
        <time>2024-08-17T07:04:03Z</time>
        <hdop>1.5</hdop>
        <extensions>
          <speed>5.8</speed>
        </extensions>
      </trkpt>
      <trkpt lat="52.843672" lon="27.5114514">
        <ele>182</ele>
        <time>2024-08-17T07:04:13Z</time>
        <hdop>2</hdop>
        <extensions>
          <speed>6.04</speed>
        </extensions>
      </trkpt>
      <trkpt lat="52.8436366" lon="27.5104705">
        <ele>182</ele>
        <time>2024-08-17T07:04:24Z</time>
        <hdop>1.5</hdop>
        <extensions>
          <speed>5.41</speed>
        </extensions>
      </trkpt>
      <trkpt lat="52.8438608" lon="27.5098922">
        <ele>183</ele>
        <time>2024-08-17T07:04:35Z</time>
        <hdop>1.5</hdop>
        <extensions>
          <speed>5.31</speed>
        </extensions>
      </trkpt>
      <trkpt lat="52.8442825" lon="27.5097205">
        <ele>184</ele>
        <time>2024-08-17T07:04:45Z</time>
        <hdop>1.5</hdop>
        <extensions>
          <speed>4.1</speed>
        </extensions>
      </trkpt>
      <trkpt lat="52.8445898" lon="27.5095849">
        <ele>183</ele>
        <time>2024-08-17T07:04:55Z</time>
        <hdop>1.5</hdop>
        <extensions>
          <speed>2.35</speed>
        </extensions>
      </trkpt>
      <trkpt lat="52.8448222" lon="27.5093868">
        <ele>184</ele>
        <time>2024-08-17T07:05:06Z</time>
        <hdop>2</hdop>
        <extensions>
          <speed>2.96</speed>
        </extensions>
      </trkpt>
      <trkpt lat="52.8449472" lon="27.5089212">
        <ele>183</ele>
        <time>2024-08-17T07:05:16Z</time>
        <hdop>1.5</hdop>
        <extensions>
          <speed>3.94</speed>
        </extensions>
      </trkpt>
      <trkpt lat="52.8452662" lon="27.5087243">
        <ele>183</ele>
        <time>2024-08-17T07:05:26Z</time>
        <hdop>1.5</hdop>
        <extensions>
          <speed>3.69</speed>
        </extensions>
      </trkpt>
      <trkpt lat="52.8454861" lon="27.5087199">
        <ele>184</ele>
        <time>2024-08-17T07:05:36Z</time>
        <hdop>1.5</hdop>
        <extensions>
          <speed>0.86</speed>
        </extensions>
      </trkpt>
      <trkpt lat="52.8458095" lon="27.5086067">
        <ele>184</ele>
        <time>2024-08-17T07:05:47Z</time>
        <hdop>1.5</hdop>
        <extensions>
          <speed>4.37</speed>
        </extensions>
      </trkpt>
      <trkpt lat="52.8462143" lon="27.5085067">
        <ele>183</ele>
        <time>2024-08-17T07:05:57Z</time>
        <hdop>1</hdop>
        <extensions>
          <speed>4.73</speed>
        </extensions>
      </trkpt>
      <trkpt lat="52.8466262" lon="27.5083866">
        <ele>184</ele>
        <time>2024-08-17T07:06:07Z</time>
        <hdop>1</hdop>
        <extensions>
          <speed>4.47</speed>
        </extensions>
      </trkpt>
      <trkpt lat="52.8471156" lon="27.5082622">
        <ele>184</ele>
        <time>2024-08-17T07:06:18Z</time>
        <hdop>1.5</hdop>
        <extensions>
          <speed>5.4</speed>
        </extensions>
      </trkpt>
      <trkpt lat="52.8475907" lon="27.5080918">
        <ele>184</ele>
        <time>2024-08-17T07:06:29Z</time>
        <hdop>1.5</hdop>
        <extensions>
          <speed>4.52</speed>
        </extensions>
      </trkpt>
      <trkpt lat="52.848083" lon="27.5079492">
        <ele>185</ele>
        <time>2024-08-17T07:06:40Z</time>
        <hdop>1.5</hdop>
        <extensions>
          <speed>5.26</speed>
        </extensions>
      </trkpt>
      <trkpt lat="52.8485528" lon="27.5078393">
        <ele>186</ele>
        <time>2024-08-17T07:06:50Z</time>
        <hdop>1</hdop>
        <extensions>
          <speed>5.25</speed>
        </extensions>
      </trkpt>
      <trkpt lat="52.8490285" lon="27.507719">
        <ele>188</ele>
        <time>2024-08-17T07:07:00Z</time>
        <hdop>2.5</hdop>
        <extensions>
          <speed>4.6</speed>
        </extensions>
      </trkpt>
      <trkpt lat="52.8495281" lon="27.5075616">
        <ele>189</ele>
        <time>2024-08-17T07:07:12Z</time>
        <hdop>1.5</hdop>
        <extensions>
          <speed>5.79</speed>
        </extensions>
      </trkpt>
      <trkpt lat="52.8500562" lon="27.5074382">
        <ele>189</ele>
        <time>2024-08-17T07:07:22Z</time>
        <hdop>1</hdop>
        <extensions>
          <speed>3.92</speed>
        </extensions>
      </trkpt>
      <trkpt lat="52.8505016" lon="27.5073286">
        <ele>189</ele>
        <time>2024-08-17T07:07:33Z</time>
        <hdop>1</hdop>
        <extensions>
          <speed>3.86</speed>
        </extensions>
      </trkpt>
      <trkpt lat="52.850901" lon="27.5072547">
        <ele>189</ele>
        <time>2024-08-17T07:07:43Z</time>
        <hdop>1.5</hdop>
        <extensions>
          <speed>4.56</speed>
        </extensions>
      </trkpt>
      <trkpt lat="52.8513811" lon="27.5072328">
        <ele>189</ele>
        <time>2024-08-17T07:07:54Z</time>
        <hdop>1</hdop>
        <extensions>
          <speed>3.65</speed>
        </extensions>
      </trkpt>
      <trkpt lat="52.8517037" lon="27.5074003">
        <ele>191</ele>
        <time>2024-08-17T07:08:05Z</time>
        <hdop>1.5</hdop>
        <extensions>
          <speed>5.32</speed>
        </extensions>
      </trkpt>
      <trkpt lat="52.8522602" lon="27.5076433">
        <ele>190</ele>
        <time>2024-08-17T07:08:16Z</time>
        <hdop>1</hdop>
        <extensions>
          <speed>5.96</speed>
        </extensions>
      </trkpt>
      <trkpt lat="52.8528571" lon="27.5077764">
        <ele>187</ele>
        <time>2024-08-17T07:08:26Z</time>
        <hdop>1</hdop>
        <extensions>
          <speed>7.18</speed>
        </extensions>
      </trkpt>
      <trkpt lat="52.8534738" lon="27.5079078">
        <ele>186</ele>
        <time>2024-08-17T07:08:36Z</time>
        <hdop>1</hdop>
        <extensions>
          <speed>6.91</speed>
        </extensions>
      </trkpt>
      <trkpt lat="52.8540905" lon="27.5080664">
        <ele>185</ele>
        <time>2024-08-17T07:08:47Z</time>
        <hdop>1</hdop>
        <extensions>
          <speed>5.97</speed>
        </extensions>
      </trkpt>
      <trkpt lat="52.8546397" lon="27.5083352">
        <ele>188</ele>
        <time>2024-08-17T07:08:58Z</time>
        <hdop>1</hdop>
        <extensions>
          <speed>5.51</speed>
        </extensions>
      </trkpt>
      <trkpt lat="52.8548353" lon="27.5084036">
        <ele>188</ele>
        <time>2024-08-17T07:09:09Z</time>
        <hdop>2</hdop>
      </trkpt>
      <trkpt lat="52.8548583" lon="27.5084414">
        <ele>189</ele>
        <time>2024-08-17T07:09:19Z</time>
        <hdop>2.5</hdop>
        <extensions>
          <speed>3.18</speed>
        </extensions>
      </trkpt>
      <trkpt lat="52.8551782" lon="27.5084627">
        <ele>188</ele>
        <time>2024-08-17T07:09:30Z</time>
        <hdop>1.5</hdop>
        <extensions>
          <speed>4.99</speed>
        </extensions>
      </trkpt>
      <trkpt lat="52.8554138" lon="27.5075262">
        <ele>187</ele>
        <time>2024-08-17T07:09:41Z</time>
        <hdop>1.5</hdop>
        <extensions>
          <speed>6.69</speed>
        </extensions>
      </trkpt>
      <trkpt lat="52.8556745" lon="27.5066164">
        <ele>187</ele>
        <time>2024-08-17T07:09:51Z</time>
        <hdop>1</hdop>
        <extensions>
          <speed>6.57</speed>
        </extensions>
      </trkpt>
      <trkpt lat="52.8559007" lon="27.5058224">
        <ele>187</ele>
        <time>2024-08-17T07:10:02Z</time>
        <hdop>1.5</hdop>
        <extensions>
          <speed>4.68</speed>
        </extensions>
      </trkpt>
      <trkpt lat="52.8560789" lon="27.5051987">
        <ele>188</ele>
        <time>2024-08-17T07:10:12Z</time>
        <hdop>1</hdop>
        <extensions>
          <speed>4.63</speed>
        </extensions>
      </trkpt>
      <trkpt lat="52.8562796" lon="27.504478">
        <ele>189</ele>
        <time>2024-08-17T07:10:23Z</time>
        <hdop>1</hdop>
        <extensions>
          <speed>4.76</speed>
        </extensions>
      </trkpt>
      <trkpt lat="52.8564687" lon="27.5037996">
        <ele>189</ele>
        <time>2024-08-17T07:10:33Z</time>
        <hdop>1.5</hdop>
        <extensions>
          <speed>5.03</speed>
        </extensions>
      </trkpt>
      <trkpt lat="52.856673" lon="27.5030565">
        <ele>190</ele>
        <time>2024-08-17T07:10:44Z</time>
        <hdop>1</hdop>
        <extensions>
          <speed>5</speed>
        </extensions>
      </trkpt>
      <trkpt lat="52.8568872" lon="27.5023354">
        <ele>191</ele>
        <time>2024-08-17T07:10:55Z</time>
        <hdop>1</hdop>
        <extensions>
          <speed>4.57</speed>
        </extensions>
      </trkpt>
      <trkpt lat="52.8570689" lon="27.5017277">
        <ele>193</ele>
        <time>2024-08-17T07:11:05Z</time>
        <hdop>1.5</hdop>
        <extensions>
          <speed>4.64</speed>
        </extensions>
      </trkpt>
      <trkpt lat="52.8572566" lon="27.5010898">
        <ele>194</ele>
        <time>2024-08-17T07:11:15Z</time>
        <hdop>1</hdop>
        <extensions>
          <speed>4.63</speed>
        </extensions>
      </trkpt>
      <trkpt lat="52.8574715" lon="27.500331">
        <ele>195</ele>
        <time>2024-08-17T07:11:26Z</time>
        <hdop>1</hdop>
        <extensions>
          <speed>4.86</speed>
        </extensions>
      </trkpt>
      <trkpt lat="52.8575562" lon="27.499538">
        <ele>197</ele>
        <time>2024-08-17T07:11:37Z</time>
        <hdop>1</hdop>
        <extensions>
          <speed>4.94</speed>
        </extensions>
      </trkpt>
      <trkpt lat="52.8576006" lon="27.4987625">
        <ele>197</ele>
        <time>2024-08-17T07:11:47Z</time>
        <hdop>1</hdop>
        <extensions>
          <speed>5.29</speed>
        </extensions>
      </trkpt>
      <trkpt lat="52.8576624" lon="27.4979426">
        <ele>197</ele>
        <time>2024-08-17T07:11:57Z</time>
        <hdop>1</hdop>
        <extensions>
          <speed>5.59</speed>
        </extensions>
      </trkpt>
      <trkpt lat="52.8577116" lon="27.4970499">
        <ele>199</ele>
        <time>2024-08-17T07:12:08Z</time>
        <hdop>1</hdop>
        <extensions>
          <speed>5.4</speed>
        </extensions>
      </trkpt>
      <trkpt lat="52.8577843" lon="27.496136">
        <ele>199</ele>
        <time>2024-08-17T07:12:19Z</time>
        <hdop>1</hdop>
        <extensions>
          <speed>5.73</speed>
        </extensions>
      </trkpt>
      <trkpt lat="52.857849" lon="27.4952261">
        <ele>200</ele>
        <time>2024-08-17T07:12:30Z</time>
        <hdop>1</hdop>
        <extensions>
          <speed>5.35</speed>
        </extensions>
      </trkpt>
      <trkpt lat="52.8579266" lon="27.4942804">
        <ele>198</ele>
        <time>2024-08-17T07:12:40Z</time>
        <hdop>1</hdop>
        <extensions>
          <speed>8.54</speed>
        </extensions>
      </trkpt>
      <trkpt lat="52.8582691" lon="27.4932655">
        <ele>198</ele>
        <time>2024-08-17T07:12:51Z</time>
        <hdop>1.5</hdop>
        <extensions>
          <speed>6.76</speed>
        </extensions>
      </trkpt>
      <trkpt lat="52.8587883" lon="27.4936368">
        <ele>199</ele>
        <time>2024-08-17T07:13:02Z</time>
        <hdop>1</hdop>
        <extensions>
          <speed>5.86</speed>
        </extensions>
      </trkpt>
      <trkpt lat="52.859174" lon="27.4941666">
        <ele>200</ele>
        <time>2024-08-17T07:13:12Z</time>
        <hdop>1.5</hdop>
        <extensions>
          <speed>5.08</speed>
        </extensions>
      </trkpt>
      <trkpt lat="52.8595826" lon="27.4947374">
        <ele>201</ele>
        <time>2024-08-17T07:13:22Z</time>
        <hdop>1</hdop>
        <extensions>
          <speed>5.18</speed>
        </extensions>
      </trkpt>
      <trkpt lat="52.8599354" lon="27.4952273">
        <ele>201</ele>
        <time>2024-08-17T07:13:32Z</time>
        <hdop>2</hdop>
        <extensions>
          <speed>5.75</speed>
        </extensions>
      </trkpt>
      <trkpt lat="52.8604494" lon="27.4959382">
        <ele>201</ele>
        <time>2024-08-17T07:13:43Z</time>
        <hdop>1.5</hdop>
        <extensions>
          <speed>8.23</speed>
        </extensions>
      </trkpt>
      <trkpt lat="52.8610466" lon="27.4967619">
        <ele>198</ele>
        <time>2024-08-17T07:13:53Z</time>
        <hdop>1.5</hdop>
        <extensions>
          <speed>8.68</speed>
        </extensions>
      </trkpt>
      <trkpt lat="52.8616188" lon="27.4975303">
        <ele>197</ele>
        <time>2024-08-17T07:14:03Z</time>
        <hdop>1.5</hdop>
        <extensions>
          <speed>8.36</speed>
        </extensions>
      </trkpt>
      <trkpt lat="52.8621766" lon="27.4985715">
        <ele>195</ele>
        <time>2024-08-17T07:14:14Z</time>
        <hdop>1.5</hdop>
        <extensions>
          <speed>8.12</speed>
        </extensions>
      </trkpt>
      <trkpt lat="52.8625982" lon="27.4995849">
        <ele>192</ele>
        <time>2024-08-17T07:14:24Z</time>
        <hdop>1</hdop>
        <extensions>
          <speed>8.88</speed>
        </extensions>
      </trkpt>
      <trkpt lat="52.862976" lon="27.5004137">
        <ele>190</ele>
        <time>2024-08-17T07:14:34Z</time>
        <hdop>1.5</hdop>
        <extensions>
          <speed>2.43</speed>
        </extensions>
      </trkpt>
      <trkpt lat="52.8627679" lon="27.5009084">
        <ele>190</ele>
        <time>2024-08-17T07:14:45Z</time>
        <hdop>1.5</hdop>
        <extensions>
          <speed>3.89</speed>
        </extensions>
      </trkpt>
      <trkpt lat="52.8627739" lon="27.5014445">
        <ele>191</ele>
        <time>2024-08-17T07:14:55Z</time>
        <hdop>2.5</hdop>
        <extensions>
          <speed>2.06</speed>
        </extensions>
      </trkpt>
      <trkpt lat="52.8627884" lon="27.5019316">
        <ele>195</ele>
        <time>2024-08-17T07:15:06Z</time>
        <hdop>1.5</hdop>
        <extensions>
          <speed>2.67</speed>
        </extensions>
      </trkpt>
      <trkpt lat="52.8627122" lon="27.5023284">
        <ele>198</ele>
        <time>2024-08-17T07:15:16Z</time>
        <hdop>2.5</hdop>
        <extensions>
          <speed>3.27</speed>
        </extensions>
      </trkpt>
      <trkpt lat="52.8626039" lon="27.5026113">
        <ele>202</ele>
        <time>2024-08-17T07:15:26Z</time>
        <hdop>2</hdop>
        <extensions>
          <speed>2.42</speed>
        </extensions>
      </trkpt>
      <trkpt lat="52.862467" lon="27.5029106">
        <ele>205</ele>
        <time>2024-08-17T07:15:36Z</time>
        <hdop>2</hdop>
        <extensions>
          <speed>2.31</speed>
        </extensions>
      </trkpt>
      <trkpt lat="52.8622996" lon="27.5032077">
        <ele>208</ele>
        <time>2024-08-17T07:15:47Z</time>
        <hdop>2</hdop>
        <extensions>
          <speed>2.29</speed>
        </extensions>
      </trkpt>
      <trkpt lat="52.8621423" lon="27.5034722">
        <ele>212</ele>
        <time>2024-08-17T07:15:58Z</time>
        <hdop>2</hdop>
        <extensions>
          <speed>1.79</speed>
        </extensions>
      </trkpt>
      <trkpt lat="52.8619986" lon="27.5037635">
        <ele>215</ele>
        <time>2024-08-17T07:16:09Z</time>
        <hdop>2</hdop>
        <extensions>
          <speed>2.1</speed>
        </extensions>
      </trkpt>
      <trkpt lat="52.8618439" lon="27.5039815">
        <ele>216</ele>
        <time>2024-08-17T07:16:20Z</time>
        <hdop>2</hdop>
        <extensions>
          <speed>1.93</speed>
        </extensions>
      </trkpt>
      <trkpt lat="52.8617293" lon="27.5041776">
        <ele>219</ele>
        <time>2024-08-17T07:16:30Z</time>
        <hdop>2</hdop>
        <extensions>
          <speed>1.73</speed>
        </extensions>
      </trkpt>
      <trkpt lat="52.8615822" lon="27.5044622">
        <ele>221</ele>
        <time>2024-08-17T07:16:41Z</time>
        <hdop>2</hdop>
        <extensions>
          <speed>2.06</speed>
        </extensions>
      </trkpt>
      <trkpt lat="52.8614349" lon="27.5046989">
        <ele>226</ele>
        <time>2024-08-17T07:16:51Z</time>
        <hdop>2.5</hdop>
        <extensions>
          <speed>2.4</speed>
        </extensions>
      </trkpt>
      <trkpt lat="52.8612684" lon="27.504931">
        <ele>229</ele>
        <time>2024-08-17T07:17:01Z</time>
        <hdop>2</hdop>
        <extensions>
          <speed>2.41</speed>
        </extensions>
      </trkpt>
      <trkpt lat="52.8611449" lon="27.5051755">
        <ele>234</ele>
        <time>2024-08-17T07:17:11Z</time>
        <hdop>2</hdop>
        <extensions>
          <speed>2.23</speed>
        </extensions>
      </trkpt>
      <trkpt lat="52.8609862" lon="27.5054757">
        <ele>235</ele>
        <time>2024-08-17T07:17:21Z</time>
        <hdop>2</hdop>
        <extensions>
          <speed>2.09</speed>
        </extensions>
      </trkpt>
      <trkpt lat="52.860839" lon="27.5057626">
        <ele>236</ele>
        <time>2024-08-17T07:17:32Z</time>
        <hdop>2</hdop>
        <extensions>
          <speed>2.3</speed>
        </extensions>
      </trkpt>
      <trkpt lat="52.8606807" lon="27.5059927">
        <ele>238</ele>
        <time>2024-08-17T07:17:42Z</time>
        <hdop>2.5</hdop>
        <extensions>
          <speed>1.9</speed>
        </extensions>
      </trkpt>
      <trkpt lat="52.8604886" lon="27.5062819">
        <ele>239</ele>
        <time>2024-08-17T07:17:53Z</time>
        <hdop>2</hdop>
        <extensions>
          <speed>2.55</speed>
        </extensions>
      </trkpt>
      <trkpt lat="52.8603296" lon="27.5065726">
        <ele>244</ele>
        <time>2024-08-17T07:18:03Z</time>
        <hdop>2</hdop>
        <extensions>
          <speed>2</speed>
        </extensions>
      </trkpt>
      <trkpt lat="52.8601616" lon="27.5068399">
        <ele>244</ele>
        <time>2024-08-17T07:18:14Z</time>
        <hdop>2.5</hdop>
        <extensions>
          <speed>2.29</speed>
        </extensions>
      </trkpt>
      <trkpt lat="52.8599595" lon="27.5071471">
        <ele>243</ele>
        <time>2024-08-17T07:18:25Z</time>
        <hdop>2.5</hdop>
        <extensions>
          <speed>2.68</speed>
        </extensions>
      </trkpt>
      <trkpt lat="52.8597356" lon="27.5074642">
        <ele>246</ele>
        <time>2024-08-17T07:18:35Z</time>
        <hdop>2</hdop>
        <extensions>
          <speed>2.9</speed>
        </extensions>
      </trkpt>
      <trkpt lat="52.8595527" lon="27.5077694">
        <ele>249</ele>
        <time>2024-08-17T07:18:46Z</time>
        <hdop>2</hdop>
        <extensions>
          <speed>2.21</speed>
        </extensions>
      </trkpt>
      <trkpt lat="52.8593899" lon="27.5080811">
        <ele>250</ele>
        <time>2024-08-17T07:18:56Z</time>
        <hdop>2.5</hdop>
        <extensions>
          <speed>2.57</speed>
        </extensions>
      </trkpt>
      <trkpt lat="52.8592174" lon="27.5083688">
        <ele>253</ele>
        <time>2024-08-17T07:19:06Z</time>
        <hdop>2</hdop>
        <extensions>
          <speed>2.83</speed>
        </extensions>
      </trkpt>
      <trkpt lat="52.859074" lon="27.5086348">
        <ele>251</ele>
        <time>2024-08-17T07:19:17Z</time>
        <hdop>3</hdop>
        <extensions>
          <speed>3.29</speed>
        </extensions>
      </trkpt>
      <trkpt lat="52.8588114" lon="27.5089985">
        <ele>253</ele>
        <time>2024-08-17T07:19:28Z</time>
        <hdop>2</hdop>
        <extensions>
          <speed>3.31</speed>
        </extensions>
      </trkpt>
      <trkpt lat="52.8585468" lon="27.5093589">
        <ele>254</ele>
        <time>2024-08-17T07:19:38Z</time>
        <hdop>2</hdop>
        <extensions>
          <speed>4.18</speed>
        </extensions>
      </trkpt>
      <trkpt lat="52.858361" lon="27.5095036">
        <ele>256</ele>
        <time>2024-08-17T07:19:48Z</time>
        <hdop>2</hdop>
        <extensions>
          <speed>0.39</speed>
        </extensions>
      </trkpt>
      <trkpt lat="52.8583419" lon="27.5094855">
        <ele>257</ele>
        <time>2024-08-17T07:19:59Z</time>
        <hdop>3</hdop>
        <extensions>
          <speed>0.68</speed>
        </extensions>
      </trkpt>
      <trkpt lat="52.8583772" lon="27.5094558">
        <ele>253</ele>
        <time>2024-08-17T07:20:09Z</time>
        <hdop>2.5</hdop>
        <extensions>
          <speed>0.5</speed>
        </extensions>
      </trkpt>
      <trkpt lat="52.8584194" lon="27.509449">
        <ele>254</ele>
        <time>2024-08-17T07:20:20Z</time>
        <hdop>1.5</hdop>
        <extensions>
          <speed>0.08</speed>
        </extensions>
      </trkpt>
      <trkpt lat="52.8585265" lon="27.509333">
        <ele>256</ele>
        <time>2024-08-17T07:20:30Z</time>
        <hdop>2</hdop>
        <extensions>
          <speed>0.46</speed>
        </extensions>
      </trkpt>
      <trkpt lat="52.8585125" lon="27.5093415">
        <ele>256</ele>
        <time>2024-08-17T07:20:41Z</time>
        <hdop>2</hdop>
        <extensions>
          <speed>0.11</speed>
        </extensions>
      </trkpt>
      <trkpt lat="52.8585125" lon="27.5093418">
        <ele>256</ele>
        <time>2024-08-17T07:20:52Z</time>
        <hdop>2.5</hdop>
      </trkpt>
      <trkpt lat="52.8585125" lon="27.5093418">
        <ele>256</ele>
        <time>2024-08-17T07:21:03Z</time>
        <hdop>2.5</hdop>
      </trkpt>
      <trkpt lat="52.8585117" lon="27.5093475">
        <ele>256</ele>
        <time>2024-08-17T07:21:13Z</time>
        <hdop>2</hdop>
      </trkpt>
      <trkpt lat="52.8585481" lon="27.5093376">
        <ele>254</ele>
        <time>2024-08-17T07:21:24Z</time>
        <hdop>3</hdop>
        <extensions>
          <speed>1.5</speed>
        </extensions>
      </trkpt>
      <trkpt lat="52.8585354" lon="27.5093569">
        <ele>255</ele>
        <time>2024-08-17T07:21:35Z</time>
        <hdop>2.5</hdop>
      </trkpt>
      <trkpt lat="52.8584675" lon="27.5094412">
        <ele>256</ele>
        <time>2024-08-17T07:21:45Z</time>
        <hdop>2</hdop>
        <extensions>
          <speed>3.15</speed>
        </extensions>
      </trkpt>
      <trkpt lat="52.8582298" lon="27.5097582">
        <ele>256</ele>
        <time>2024-08-17T07:21:56Z</time>
        <hdop>2</hdop>
        <extensions>
          <speed>3.2</speed>
        </extensions>
      </trkpt>
      <trkpt lat="52.8581711" lon="27.5099592">
        <ele>258</ele>
        <time>2024-08-17T07:22:07Z</time>
        <hdop>2</hdop>
        <extensions>
          <speed>0.35</speed>
        </extensions>
      </trkpt>
      <trkpt lat="52.8581651" lon="27.509961">
        <ele>257</ele>
        <time>2024-08-17T07:22:17Z</time>
        <hdop>1.5</hdop>
      </trkpt>
      <trkpt lat="52.8581651" lon="27.509961">
        <ele>257</ele>
        <time>2024-08-17T07:22:28Z</time>
        <hdop>1.5</hdop>
      </trkpt>
      <trkpt lat="52.8582729" lon="27.5101866">
        <ele>256</ele>
        <time>2024-08-17T07:22:39Z</time>
        <hdop>2</hdop>
        <extensions>
          <speed>5.05</speed>
        </extensions>
      </trkpt>
      <trkpt lat="52.8586111" lon="27.5109986">
        <ele>258</ele>
        <time>2024-08-17T07:22:49Z</time>
        <hdop>1.5</hdop>
        <extensions>
          <speed>6.74</speed>
        </extensions>
      </trkpt>
      <trkpt lat="52.8590673" lon="27.5112449">
        <ele>261</ele>
        <time>2024-08-17T07:23:00Z</time>
        <hdop>1.5</hdop>
        <extensions>
          <speed>3.3</speed>
        </extensions>
      </trkpt>
      <trkpt lat="52.8593144" lon="27.5110656">
        <ele>264</ele>
        <time>2024-08-17T07:23:11Z</time>
        <hdop>1.5</hdop>
        <extensions>
          <speed>2.5</speed>
        </extensions>
      </trkpt>
      <trkpt lat="52.8595767" lon="27.5108884">
        <ele>266</ele>
        <time>2024-08-17T07:23:21Z</time>
        <hdop>1.5</hdop>
        <extensions>
          <speed>2.78</speed>
        </extensions>
      </trkpt>
      <trkpt lat="52.8598167" lon="27.510784">
        <ele>268</ele>
        <time>2024-08-17T07:23:31Z</time>
        <hdop>2.5</hdop>
        <extensions>
          <speed>3.16</speed>
        </extensions>
      </trkpt>
      <trkpt lat="52.8601237" lon="27.5107729">
        <ele>270</ele>
        <time>2024-08-17T07:23:42Z</time>
        <hdop>1.5</hdop>
        <extensions>
          <speed>2.95</speed>
        </extensions>
      </trkpt>
      <trkpt lat="52.8604545" lon="27.5109">
        <ele>272</ele>
        <time>2024-08-17T07:23:53Z</time>
        <hdop>2</hdop>
        <extensions>
          <speed>4.48</speed>
        </extensions>
      </trkpt>
      <trkpt lat="52.8607883" lon="27.5111068">
        <ele>274</ele>
        <time>2024-08-17T07:24:04Z</time>
        <hdop>1.5</hdop>
        <extensions>
          <speed>2.74</speed>
        </extensions>
      </trkpt>
      <trkpt lat="52.8609908" lon="27.5113452">
        <ele>277</ele>
        <time>2024-08-17T07:24:14Z</time>
        <hdop>1.5</hdop>
        <extensions>
          <speed>2.16</speed>
        </extensions>
      </trkpt>
      <trkpt lat="52.8611761" lon="27.5115811">
        <ele>279</ele>
        <time>2024-08-17T07:24:24Z</time>
        <hdop>1.5</hdop>
        <extensions>
          <speed>2.53</speed>
        </extensions>
      </trkpt>
      <trkpt lat="52.8613464" lon="27.5118615">
        <ele>281</ele>
        <time>2024-08-17T07:24:35Z</time>
        <hdop>2</hdop>
        <extensions>
          <speed>2.15</speed>
        </extensions>
      </trkpt>
      <trkpt lat="52.8615271" lon="27.5121313">
        <ele>283</ele>
        <time>2024-08-17T07:24:46Z</time>
        <hdop>1.5</hdop>
        <extensions>
          <speed>2.54</speed>
        </extensions>
      </trkpt>
      <trkpt lat="52.8617066" lon="27.5124124">
        <ele>285</ele>
        <time>2024-08-17T07:24:57Z</time>
        <hdop>2</hdop>
        <extensions>
          <speed>2.33</speed>
        </extensions>
      </trkpt>
      <trkpt lat="52.8618865" lon="27.5127077">
        <ele>287</ele>
        <time>2024-08-17T07:25:08Z</time>
        <hdop>2</hdop>
        <extensions>
          <speed>2.67</speed>
        </extensions>
      </trkpt>
      <trkpt lat="52.8620311" lon="27.5129711">
        <ele>290</ele>
        <time>2024-08-17T07:25:18Z</time>
        <hdop>2</hdop>
        <extensions>
          <speed>2.09</speed>
        </extensions>
      </trkpt>
      <trkpt lat="52.8621991" lon="27.5132479">
        <ele>291</ele>
        <time>2024-08-17T07:25:29Z</time>
        <hdop>2</hdop>
        <extensions>
          <speed>2.03</speed>
        </extensions>
      </trkpt>
      <trkpt lat="52.8623779" lon="27.5135483">
        <ele>292</ele>
        <time>2024-08-17T07:25:40Z</time>
        <hdop>2</hdop>
        <extensions>
          <speed>2.51</speed>
        </extensions>
      </trkpt>
      <trkpt lat="52.8625272" lon="27.5138433">
        <ele>293</ele>
        <time>2024-08-17T07:25:51Z</time>
        <hdop>2</hdop>
        <extensions>
          <speed>2.76</speed>
        </extensions>
      </trkpt>
      <trkpt lat="52.8626846" lon="27.5141276">
        <ele>295</ele>
        <time>2024-08-17T07:26:01Z</time>
        <hdop>2</hdop>
        <extensions>
          <speed>2.52</speed>
        </extensions>
      </trkpt>
      <trkpt lat="52.8628606" lon="27.5144351">
        <ele>297</ele>
        <time>2024-08-17T07:26:12Z</time>
        <hdop>2</hdop>
        <extensions>
          <speed>2.51</speed>
        </extensions>
      </trkpt>
      <trkpt lat="52.8630241" lon="27.5147443">
        <ele>303</ele>
        <time>2024-08-17T07:26:23Z</time>
        <hdop>2</hdop>
        <extensions>
          <speed>2.67</speed>
        </extensions>
      </trkpt>
      <trkpt lat="52.8632357" lon="27.5150169">
        <ele>304</ele>
        <time>2024-08-17T07:26:34Z</time>
        <hdop>2</hdop>
        <extensions>
          <speed>2.77</speed>
        </extensions>
      </trkpt>
      <trkpt lat="52.8634643" lon="27.5150917">
        <ele>306</ele>
        <time>2024-08-17T07:26:45Z</time>
        <hdop>2</hdop>
        <extensions>
          <speed>2.37</speed>
        </extensions>
      </trkpt>
      <trkpt lat="52.8636726" lon="27.5152079">
        <ele>306</ele>
        <time>2024-08-17T07:26:55Z</time>
        <hdop>1.5</hdop>
        <extensions>
          <speed>2.36</speed>
        </extensions>
      </trkpt>
      <trkpt lat="52.8639356" lon="27.5154004">
        <ele>307</ele>
        <time>2024-08-17T07:27:06Z</time>
        <hdop>1.5</hdop>
        <extensions>
          <speed>2.81</speed>
        </extensions>
      </trkpt>
      <trkpt lat="52.8642025" lon="27.5155718">
        <ele>308</ele>
        <time>2024-08-17T07:27:17Z</time>
        <hdop>2.5</hdop>
        <extensions>
          <speed>2.84</speed>
        </extensions>
      </trkpt>
      <trkpt lat="52.8644474" lon="27.5157566">
        <ele>310</ele>
        <time>2024-08-17T07:27:27Z</time>
        <hdop>3</hdop>
        <extensions>
          <speed>2.89</speed>
        </extensions>
      </trkpt>
      <trkpt lat="52.8646942" lon="27.5159413">
        <ele>313</ele>
        <time>2024-08-17T07:27:38Z</time>
        <hdop>2</hdop>
        <extensions>
          <speed>2.88</speed>
        </extensions>
      </trkpt>
      <trkpt lat="52.8649605" lon="27.5161655">
        <ele>313</ele>
        <time>2024-08-17T07:27:49Z</time>
        <hdop>2</hdop>
        <extensions>
          <speed>3.43</speed>
        </extensions>
      </trkpt>
      <trkpt lat="52.8652392" lon="27.5164088">
        <ele>317</ele>
        <time>2024-08-17T07:28:00Z</time>
        <hdop>3.5</hdop>
        <extensions>
          <speed>3.2</speed>
        </extensions>
      </trkpt>
      <trkpt lat="52.8655305" lon="27.5163437">
        <ele>316</ele>
        <time>2024-08-17T07:28:10Z</time>
        <hdop>2</hdop>
        <extensions>
          <speed>3.11</speed>
        </extensions>
      </trkpt>
      <trkpt lat="52.86581" lon="27.516117">
        <ele>316</ele>
        <time>2024-08-17T07:28:21Z</time>
        <hdop>2</hdop>
        <extensions>
          <speed>3.1</speed>
        </extensions>
      </trkpt>
      <trkpt lat="52.8660851" lon="27.5158841">
        <ele>317</ele>
        <time>2024-08-17T07:28:32Z</time>
        <hdop>2.5</hdop>
        <extensions>
          <speed>3.22</speed>
        </extensions>
      </trkpt>
      <trkpt lat="52.8663564" lon="27.5156403">
        <ele>319</ele>
        <time>2024-08-17T07:28:42Z</time>
        <hdop>3.5</hdop>
        <extensions>
          <speed>3.84</speed>
        </extensions>
      </trkpt>
      <trkpt lat="52.8667377" lon="27.5153273">
        <ele>320</ele>
        <time>2024-08-17T07:28:53Z</time>
        <hdop>1</hdop>
        <extensions>
          <speed>4.09</speed>
        </extensions>
      </trkpt>
      <trkpt lat="52.867063" lon="27.5150504">
        <ele>320</ele>
        <time>2024-08-17T07:29:03Z</time>
        <hdop>1</hdop>
        <extensions>
          <speed>4.32</speed>
        </extensions>
      </trkpt>
      <trkpt lat="52.867379" lon="27.5147496">
        <ele>320</ele>
        <time>2024-08-17T07:29:13Z</time>
        <hdop>1</hdop>
        <extensions>
          <speed>4.09</speed>
        </extensions>
      </trkpt>
      <trkpt lat="52.8677488" lon="27.5143592">
        <ele>320</ele>
        <time>2024-08-17T07:29:24Z</time>
        <hdop>1</hdop>
        <extensions>
          <speed>5.35</speed>
        </extensions>
      </trkpt>
      <trkpt lat="52.8680906" lon="27.5137547">
        <ele>320</ele>
        <time>2024-08-17T07:29:35Z</time>
        <hdop>1</hdop>
        <extensions>
          <speed>4.17</speed>
        </extensions>
      </trkpt>
      <trkpt lat="52.8683604" lon="27.5131067">
        <ele>320</ele>
        <time>2024-08-17T07:29:46Z</time>
        <hdop>1.5</hdop>
        <extensions>
          <speed>5.48</speed>
        </extensions>
      </trkpt>
      <trkpt lat="52.8684629" lon="27.5124945">
        <ele>320</ele>
        <time>2024-08-17T07:29:56Z</time>
        <hdop>1.5</hdop>
        <extensions>
          <speed>3.41</speed>
        </extensions>
      </trkpt>
      <trkpt lat="52.8682334" lon="27.5121322">
        <ele>322</ele>
        <time>2024-08-17T07:30:07Z</time>
        <hdop>2</hdop>
        <extensions>
          <speed>2.82</speed>
        </extensions>
      </trkpt>
      <trkpt lat="52.8682018" lon="27.5120219">
        <ele>322</ele>
        <time>2024-08-17T07:30:18Z</time>
        <hdop>2</hdop>
        <extensions>
          <speed>0.42</speed>
        </extensions>
      </trkpt>
      <trkpt lat="52.8682112" lon="27.5120183">
        <ele>321</ele>
        <time>2024-08-17T07:30:28Z</time>
        <hdop>2.5</hdop>
        <extensions>
          <speed>0.83</speed>
        </extensions>
      </trkpt>
      <trkpt lat="52.8682139" lon="27.5120328">
        <ele>317</ele>
        <time>2024-08-17T07:30:39Z</time>
        <hdop>1.5</hdop>
      </trkpt>
      <trkpt lat="52.8682241" lon="27.5120245">
        <ele>319</ele>
        <time>2024-08-17T07:30:49Z</time>
        <hdop>2</hdop>
      </trkpt>
      <trkpt lat="52.8681933" lon="27.5120648">
        <ele>320</ele>
        <time>2024-08-17T07:31:00Z</time>
        <hdop>1.5</hdop>
        <extensions>
          <speed>1.3</speed>
        </extensions>
      </trkpt>
      <trkpt lat="52.8681993" lon="27.5120753">
        <ele>320</ele>
        <time>2024-08-17T07:31:11Z</time>
        <hdop>1.5</hdop>
      </trkpt>
      <trkpt lat="52.8681854" lon="27.5120886">
        <ele>316</ele>
        <time>2024-08-17T07:31:21Z</time>
        <hdop>3</hdop>
        <extensions>
          <speed>2.92</speed>
        </extensions>
      </trkpt>
      <trkpt lat="52.868093" lon="27.5118952">
        <ele>318</ele>
        <time>2024-08-17T07:31:31Z</time>
        <hdop>2.5</hdop>
        <extensions>
          <speed>3.02</speed>
        </extensions>
      </trkpt>
      <trkpt lat="52.8678297" lon="27.5114062">
        <ele>319</ele>
        <time>2024-08-17T07:31:43Z</time>
        <hdop>2.5</hdop>
        <extensions>
          <speed>4.32</speed>
        </extensions>
      </trkpt>
      <trkpt lat="52.8675727" lon="27.5109896">
        <ele>318</ele>
        <time>2024-08-17T07:31:54Z</time>
        <hdop>2</hdop>
        <extensions>
          <speed>3.36</speed>
        </extensions>
      </trkpt>
      <trkpt lat="52.8673163" lon="27.510671">
        <ele>319</ele>
        <time>2024-08-17T07:32:04Z</time>
        <hdop>1.5</hdop>
        <extensions>
          <speed>4.2</speed>
        </extensions>
      </trkpt>
      <trkpt lat="52.8669907" lon="27.5101063">
        <ele>317</ele>
        <time>2024-08-17T07:32:15Z</time>
        <hdop>1</hdop>
        <extensions>
          <speed>5.13</speed>
        </extensions>
      </trkpt>
      <trkpt lat="52.8665939" lon="27.5094415">
        <ele>312</ele>
        <time>2024-08-17T07:32:25Z</time>
        <hdop>1.5</hdop>
        <extensions>
          <speed>7.37</speed>
        </extensions>
      </trkpt>
      <trkpt lat="52.8660378" lon="27.508522">
        <ele>306</ele>
        <time>2024-08-17T07:32:35Z</time>
        <hdop>1</hdop>
        <extensions>
          <speed>9.15</speed>
        </extensions>
      </trkpt>
      <trkpt lat="52.8653842" lon="27.5079903">
        <ele>301</ele>
        <time>2024-08-17T07:32:46Z</time>
        <hdop>1.5</hdop>
        <extensions>
          <speed>6.24</speed>
        </extensions>
      </trkpt>
      <trkpt lat="52.8649039" lon="27.5080656">
        <ele>302</ele>
        <time>2024-08-17T07:32:56Z</time>
        <hdop>1.5</hdop>
        <extensions>
          <speed>5.03</speed>
        </extensions>
      </trkpt>
      <trkpt lat="52.8645084" lon="27.5081097">
        <ele>302</ele>
        <time>2024-08-17T07:33:07Z</time>
        <hdop>2</hdop>
        <extensions>
          <speed>4.34</speed>
        </extensions>
      </trkpt>
      <trkpt lat="52.863745" lon="27.5081211">
        <ele>291</ele>
        <time>2024-08-17T07:33:18Z</time>
        <hdop>1.5</hdop>
        <extensions>
          <speed>7.41</speed>
        </extensions>
      </trkpt>
      <trkpt lat="52.8630216" lon="27.5072982">
        <ele>282</ele>
        <time>2024-08-17T07:33:28Z</time>
        <hdop>1</hdop>
        <extensions>
          <speed>10.61</speed>
        </extensions>
      </trkpt>
      <trkpt lat="52.8624463" lon="27.5070549">
        <ele>279</ele>
        <time>2024-08-17T07:33:39Z</time>
        <hdop>1.5</hdop>
        <extensions>
          <speed>6.25</speed>
        </extensions>
      </trkpt>
      <trkpt lat="52.8619267" lon="27.5075228">
        <ele>280</ele>
        <time>2024-08-17T07:33:50Z</time>
        <hdop>1.5</hdop>
        <extensions>
          <speed>5.47</speed>
        </extensions>
      </trkpt>
      <trkpt lat="52.8614057" lon="27.5079417">
        <ele>279</ele>
        <time>2024-08-17T07:34:00Z</time>
        <hdop>1.5</hdop>
        <extensions>
          <speed>6.95</speed>
        </extensions>
      </trkpt>
      <trkpt lat="52.8606893" lon="27.5084699">
        <ele>275</ele>
        <time>2024-08-17T07:34:11Z</time>
        <hdop>2.5</hdop>
        <extensions>
          <speed>8.25</speed>
        </extensions>
      </trkpt>
      <trkpt lat="52.8601087" lon="27.5093109">
        <ele>271</ele>
        <time>2024-08-17T07:34:21Z</time>
        <hdop>1.5</hdop>
        <extensions>
          <speed>8.02</speed>
        </extensions>
      </trkpt>
      <trkpt lat="52.8595485" lon="27.5101083">
        <ele>267</ele>
        <time>2024-08-17T07:34:31Z</time>
        <hdop>1</hdop>
        <extensions>
          <speed>8.39</speed>
        </extensions>
      </trkpt>
      <trkpt lat="52.858949" lon="27.5106985">
        <ele>262</ele>
        <time>2024-08-17T07:34:41Z</time>
        <hdop>1.5</hdop>
        <extensions>
          <speed>6.85</speed>
        </extensions>
      </trkpt>
      <trkpt lat="52.8585824" lon="27.5099851">
        <ele>260</ele>
        <time>2024-08-17T07:34:52Z</time>
        <hdop>2.5</hdop>
        <extensions>
          <speed>5.66</speed>
        </extensions>
      </trkpt>
      <trkpt lat="52.8589454" lon="27.5092846">
        <ele>258</ele>
        <time>2024-08-17T07:35:02Z</time>
        <hdop>1.5</hdop>
        <extensions>
          <speed>6.05</speed>
        </extensions>
      </trkpt>
      <trkpt lat="52.8591975" lon="27.5087679">
        <ele>255</ele>
        <time>2024-08-17T07:35:13Z</time>
        <hdop>1.5</hdop>
        <extensions>
          <speed>0.57</speed>
        </extensions>
      </trkpt>
      <trkpt lat="52.8594748" lon="27.5083049">
        <ele>256</ele>
        <time>2024-08-17T07:35:23Z</time>
        <hdop>1.5</hdop>
        <extensions>
          <speed>7.88</speed>
        </extensions>
      </trkpt>
      <trkpt lat="52.8600587" lon="27.5073066">
        <ele>250</ele>
        <time>2024-08-17T07:35:33Z</time>
        <hdop>2.5</hdop>
        <extensions>
          <speed>8.85</speed>
        </extensions>
      </trkpt>
      <trkpt lat="52.8607524" lon="27.5060643">
        <ele>243</ele>
        <time>2024-08-17T07:35:44Z</time>
        <hdop>1.5</hdop>
        <extensions>
          <speed>10.58</speed>
        </extensions>
      </trkpt>
      <trkpt lat="52.8614773" lon="27.5048315">
        <ele>231</ele>
        <time>2024-08-17T07:35:55Z</time>
        <hdop>1.5</hdop>
        <extensions>
          <speed>11.56</speed>
        </extensions>
      </trkpt>
      <trkpt lat="52.8620774" lon="27.5038265">
        <ele>221</ele>
        <time>2024-08-17T07:36:05Z</time>
        <hdop>1.5</hdop>
        <extensions>
          <speed>7.81</speed>
        </extensions>
      </trkpt>
      <trkpt lat="52.862661" lon="27.5028578">
        <ele>205</ele>
        <time>2024-08-17T07:36:16Z</time>
        <hdop>1.5</hdop>
        <extensions>
          <speed>7.3</speed>
        </extensions>
      </trkpt>
      <trkpt lat="52.8631906" lon="27.5019713">
        <ele>197</ele>
        <time>2024-08-17T07:36:26Z</time>
        <hdop>1</hdop>
        <extensions>
          <speed>8.19</speed>
        </extensions>
      </trkpt>
      <trkpt lat="52.8636714" lon="27.5016502">
        <ele>192</ele>
        <time>2024-08-17T07:36:36Z</time>
        <hdop>1.5</hdop>
        <extensions>
          <speed>6.71</speed>
        </extensions>
      </trkpt>
      <trkpt lat="52.8640754" lon="27.5018627">
        <ele>190</ele>
        <time>2024-08-17T07:36:46Z</time>
        <hdop>1</hdop>
        <extensions>
          <speed>5.54</speed>
        </extensions>
      </trkpt>
      <trkpt lat="52.8645217" lon="27.5017327">
        <ele>189</ele>
        <time>2024-08-17T07:36:56Z</time>
        <hdop>1.5</hdop>
        <extensions>
          <speed>5.35</speed>
        </extensions>
      </trkpt>
      <trkpt lat="52.865021" lon="27.5016618">
        <ele>188</ele>
        <time>2024-08-17T07:37:07Z</time>
        <hdop>1</hdop>
        <extensions>
          <speed>4.89</speed>
        </extensions>
      </trkpt>
      <trkpt lat="52.8651597" lon="27.501578">
        <ele>187</ele>
        <time>2024-08-17T07:37:18Z</time>
        <hdop>1.5</hdop>
      </trkpt>
      <trkpt lat="52.8651597" lon="27.501578">
        <ele>187</ele>
        <time>2024-08-17T07:37:28Z</time>
        <hdop>1.5</hdop>
      </trkpt>
      <trkpt lat="52.8651597" lon="27.501578">
        <ele>187</ele>
        <time>2024-08-17T07:37:38Z</time>
        <hdop>1.5</hdop>
      </trkpt>
      <trkpt lat="52.8651597" lon="27.501578">
        <ele>187</ele>
        <time>2024-08-17T07:37:49Z</time>
        <hdop>1.5</hdop>
      </trkpt>
      <trkpt lat="52.8651597" lon="27.501578">
        <ele>187</ele>
        <time>2024-08-17T07:38:00Z</time>
        <hdop>1.5</hdop>
      </trkpt>
      <trkpt lat="52.8651597" lon="27.501578">
        <ele>187</ele>
        <time>2024-08-17T07:38:10Z</time>
        <hdop>1.5</hdop>
      </trkpt>
      <trkpt lat="52.8651597" lon="27.501578">
        <ele>187</ele>
        <time>2024-08-17T07:38:21Z</time>
        <hdop>2</hdop>
      </trkpt>
      <trkpt lat="52.8651597" lon="27.501578">
        <ele>187</ele>
        <time>2024-08-17T07:38:31Z</time>
        <hdop>2</hdop>
      </trkpt>
      <trkpt lat="52.8651597" lon="27.501578">
        <ele>187</ele>
        <time>2024-08-17T07:38:42Z</time>
        <hdop>2</hdop>
      </trkpt>
      <trkpt lat="52.8651597" lon="27.501578">
        <ele>187</ele>
        <time>2024-08-17T07:38:53Z</time>
        <hdop>1.5</hdop>
      </trkpt>
      <trkpt lat="52.8651646" lon="27.5015807">
        <ele>186</ele>
        <time>2024-08-17T07:39:03Z</time>
        <hdop>2</hdop>
      </trkpt>
      <trkpt lat="52.8652063" lon="27.501452">
        <ele>185</ele>
        <time>2024-08-17T07:39:14Z</time>
        <hdop>2.5</hdop>
        <extensions>
          <speed>3.46</speed>
        </extensions>
      </trkpt>
      <trkpt lat="52.8655252" lon="27.5011178">
        <ele>186</ele>
        <time>2024-08-17T07:39:25Z</time>
        <hdop>1.5</hdop>
        <extensions>
          <speed>3.77</speed>
        </extensions>
      </trkpt>
      <trkpt lat="52.8658029" lon="27.5007873">
        <ele>186</ele>
        <time>2024-08-17T07:39:35Z</time>
        <hdop>1</hdop>
        <extensions>
          <speed>4.9</speed>
        </extensions>
      </trkpt>
      <trkpt lat="52.8661982" lon="27.5003304">
        <ele>186</ele>
        <time>2024-08-17T07:39:46Z</time>
        <hdop>1</hdop>
        <extensions>
          <speed>5.08</speed>
        </extensions>
      </trkpt>
      <trkpt lat="52.8665729" lon="27.4998908">
        <ele>188</ele>
        <time>2024-08-17T07:39:56Z</time>
        <hdop>1</hdop>
        <extensions>
          <speed>5.36</speed>
        </extensions>
      </trkpt>
      <trkpt lat="52.8669983" lon="27.4994">
        <ele>188</ele>
        <time>2024-08-17T07:40:07Z</time>
        <hdop>1</hdop>
        <extensions>
          <speed>5.44</speed>
        </extensions>
      </trkpt>
      <trkpt lat="52.8674466" lon="27.4988726">
        <ele>188</ele>
        <time>2024-08-17T07:40:18Z</time>
        <hdop>1</hdop>
        <extensions>
          <speed>5.57</speed>
        </extensions>
      </trkpt>
      <trkpt lat="52.8679032" lon="27.4984648">
        <ele>188</ele>
        <time>2024-08-17T07:40:29Z</time>
        <hdop>1</hdop>
        <extensions>
          <speed>4.81</speed>
        </extensions>
      </trkpt>
      <trkpt lat="52.8682971" lon="27.4988629">
        <ele>190</ele>
        <time>2024-08-17T07:40:40Z</time>
        <hdop>1.5</hdop>
        <extensions>
          <speed>5.32</speed>
        </extensions>
      </trkpt>
      <trkpt lat="52.8686643" lon="27.4995341">
        <ele>189</ele>
        <time>2024-08-17T07:40:51Z</time>
        <hdop>1</hdop>
        <extensions>
          <speed>5.62</speed>
        </extensions>
      </trkpt>
      <trkpt lat="52.8690438" lon="27.5002261">
        <ele>190</ele>
        <time>2024-08-17T07:41:02Z</time>
        <hdop>1</hdop>
        <extensions>
          <speed>5.53</speed>
        </extensions>
      </trkpt>
      <trkpt lat="52.8693855" lon="27.5008648">
        <ele>190</ele>
        <time>2024-08-17T07:41:13Z</time>
        <hdop>1</hdop>
        <extensions>
          <speed>5.23</speed>
        </extensions>
      </trkpt>
      <trkpt lat="52.8697461" lon="27.5015288">
        <ele>190</ele>
        <time>2024-08-17T07:41:23Z</time>
        <hdop>1</hdop>
        <extensions>
          <speed>5.28</speed>
        </extensions>
      </trkpt>
      <trkpt lat="52.8700583" lon="27.5021485">
        <ele>190</ele>
        <time>2024-08-17T07:41:33Z</time>
        <hdop>1</hdop>
        <extensions>
          <speed>5.35</speed>
        </extensions>
      </trkpt>
      <trkpt lat="52.8703924" lon="27.5027475">
        <ele>189</ele>
        <time>2024-08-17T07:41:44Z</time>
        <hdop>1</hdop>
        <extensions>
          <speed>5.21</speed>
        </extensions>
      </trkpt>
      <trkpt lat="52.8707532" lon="27.5034384">
        <ele>189</ele>
        <time>2024-08-17T07:41:54Z</time>
        <hdop>1</hdop>
        <extensions>
          <speed>6.22</speed>
        </extensions>
      </trkpt>
      <trkpt lat="52.8711035" lon="27.5040512">
        <ele>189</ele>
        <time>2024-08-17T07:42:05Z</time>
        <hdop>1.5</hdop>
        <extensions>
          <speed>5.7</speed>
        </extensions>
      </trkpt>
      <trkpt lat="52.8714452" lon="27.5046847">
        <ele>191</ele>
        <time>2024-08-17T07:42:15Z</time>
        <hdop>1</hdop>
        <extensions>
          <speed>5.82</speed>
        </extensions>
      </trkpt>
      <trkpt lat="52.871804" lon="27.5053538">
        <ele>191</ele>
        <time>2024-08-17T07:42:25Z</time>
        <hdop>1</hdop>
        <extensions>
          <speed>5.84</speed>
        </extensions>
      </trkpt>
      <trkpt lat="52.8721871" lon="27.5060786">
        <ele>192</ele>
        <time>2024-08-17T07:42:36Z</time>
        <hdop>1.5</hdop>
        <extensions>
          <speed>5.94</speed>
        </extensions>
      </trkpt>
      <trkpt lat="52.872535" lon="27.5067399">
        <ele>191</ele>
        <time>2024-08-17T07:42:46Z</time>
        <hdop>1.5</hdop>
        <extensions>
          <speed>5.73</speed>
        </extensions>
      </trkpt>
      <trkpt lat="52.8729051" lon="27.5074369">
        <ele>191</ele>
        <time>2024-08-17T07:42:57Z</time>
        <hdop>1</hdop>
        <extensions>
          <speed>5.75</speed>
        </extensions>
      </trkpt>
      <trkpt lat="52.8732497" lon="27.5080744">
        <ele>192</ele>
        <time>2024-08-17T07:43:07Z</time>
        <hdop>1</hdop>
        <extensions>
          <speed>6.15</speed>
        </extensions>
      </trkpt>
      <trkpt lat="52.8736083" lon="27.5087371">
        <ele>192</ele>
        <time>2024-08-17T07:43:17Z</time>
        <hdop>1</hdop>
        <extensions>
          <speed>6.02</speed>
        </extensions>
      </trkpt>
      <trkpt lat="52.873961" lon="27.5093708">
        <ele>192</ele>
        <time>2024-08-17T07:43:27Z</time>
        <hdop>1</hdop>
        <extensions>
          <speed>5.78</speed>
        </extensions>
      </trkpt>
      <trkpt lat="52.8743471" lon="27.510093">
        <ele>193</ele>
        <time>2024-08-17T07:43:38Z</time>
        <hdop>1</hdop>
        <extensions>
          <speed>5.94</speed>
        </extensions>
      </trkpt>
      <trkpt lat="52.8747458" lon="27.5108302">
        <ele>192</ele>
        <time>2024-08-17T07:43:49Z</time>
        <hdop>1</hdop>
        <extensions>
          <speed>5.94</speed>
        </extensions>
      </trkpt>
      <trkpt lat="52.8751376" lon="27.5115348">
        <ele>191</ele>
        <time>2024-08-17T07:44:00Z</time>
        <hdop>1</hdop>
        <extensions>
          <speed>5.76</speed>
        </extensions>
      </trkpt>
      <trkpt lat="52.8755095" lon="27.5122088">
        <ele>191</ele>
        <time>2024-08-17T07:44:11Z</time>
        <hdop>1</hdop>
        <extensions>
          <speed>5.52</speed>
        </extensions>
      </trkpt>
      <trkpt lat="52.8755309" lon="27.512804">
        <ele>190</ele>
        <time>2024-08-17T07:44:21Z</time>
        <hdop>1.5</hdop>
        <extensions>
          <speed>4.5</speed>
        </extensions>
      </trkpt>
      <trkpt lat="52.8750687" lon="27.5130125">
        <ele>189</ele>
        <time>2024-08-17T07:44:32Z</time>
        <hdop>1.5</hdop>
        <extensions>
          <speed>4.88</speed>
        </extensions>
      </trkpt>
      <trkpt lat="52.8746492" lon="27.513181">
        <ele>190</ele>
        <time>2024-08-17T07:44:42Z</time>
        <hdop>1.5</hdop>
        <extensions>
          <speed>4.46</speed>
        </extensions>
      </trkpt>
      <trkpt lat="52.8742198" lon="27.5133416">
        <ele>190</ele>
        <time>2024-08-17T07:44:53Z</time>
        <hdop>1.5</hdop>
        <extensions>
          <speed>4.52</speed>
        </extensions>
      </trkpt>
      <trkpt lat="52.8738271" lon="27.5135079">
        <ele>191</ele>
        <time>2024-08-17T07:45:03Z</time>
        <hdop>1.5</hdop>
        <extensions>
          <speed>4.5</speed>
        </extensions>
      </trkpt>
      <trkpt lat="52.8733699" lon="27.5136809">
        <ele>191</ele>
        <time>2024-08-17T07:45:14Z</time>
        <hdop>1.5</hdop>
        <extensions>
          <speed>4.93</speed>
        </extensions>
      </trkpt>
      <trkpt lat="52.87299" lon="27.5139197">
        <ele>190</ele>
        <time>2024-08-17T07:45:25Z</time>
        <hdop>1.5</hdop>
        <extensions>
          <speed>2.83</speed>
        </extensions>
      </trkpt>
      <trkpt lat="52.87316" lon="27.5142834">
        <ele>192</ele>
        <time>2024-08-17T07:45:36Z</time>
        <hdop>2</hdop>
        <extensions>
          <speed>3.4</speed>
        </extensions>
      </trkpt>
      <trkpt lat="52.8734058" lon="27.5143639">
        <ele>196</ele>
        <time>2024-08-17T07:45:47Z</time>
        <hdop>1.5</hdop>
        <extensions>
          <speed>2.35</speed>
        </extensions>
      </trkpt>
      <trkpt lat="52.8734584" lon="27.514499">
        <ele>198</ele>
        <time>2024-08-17T07:45:57Z</time>
        <hdop>2</hdop>
        <extensions>
          <speed>1.61</speed>
        </extensions>
      </trkpt>
      <trkpt lat="52.873319" lon="27.5146218">
        <ele>199</ele>
        <time>2024-08-17T07:46:08Z</time>
        <hdop>2</hdop>
        <extensions>
          <speed>2.25</speed>
        </extensions>
      </trkpt>
      <trkpt lat="52.8732926" lon="27.5146253">
        <ele>199</ele>
        <time>2024-08-17T07:46:18Z</time>
        <hdop>1.5</hdop>
        <extensions>
          <speed>0.61</speed>
        </extensions>
      </trkpt>
      <trkpt lat="52.8733076" lon="27.5146815">
        <ele>198</ele>
        <time>2024-08-17T07:46:28Z</time>
        <hdop>2</hdop>
      </trkpt>
      <trkpt lat="52.8733076" lon="27.5146815">
        <ele>198</ele>
        <time>2024-08-17T07:46:38Z</time>
        <hdop>3.5</hdop>
      </trkpt>
      <trkpt lat="52.8732997" lon="27.5147099">
        <ele>197</ele>
        <time>2024-08-17T07:46:49Z</time>
        <hdop>2</hdop>
        <extensions>
          <speed>0.08</speed>
        </extensions>
      </trkpt>
      <trkpt lat="52.873303" lon="27.5146596">
        <ele>197</ele>
        <time>2024-08-17T07:46:59Z</time>
        <hdop>2</hdop>
      </trkpt>
      <trkpt lat="52.8733112" lon="27.5146065">
        <ele>198</ele>
        <time>2024-08-17T07:47:10Z</time>
        <hdop>2</hdop>
      </trkpt>
      <trkpt lat="52.8733112" lon="27.5146065">
        <ele>198</ele>
        <time>2024-08-17T07:47:21Z</time>
        <hdop>2</hdop>
      </trkpt>
      <trkpt lat="52.8730929" lon="27.5148731">
        <ele>198</ele>
        <time>2024-08-17T07:47:31Z</time>
        <hdop>1</hdop>
        <extensions>
          <speed>5.33</speed>
        </extensions>
      </trkpt>
      <trkpt lat="52.8727757" lon="27.5155714">
        <ele>198</ele>
        <time>2024-08-17T07:47:41Z</time>
        <hdop>1</hdop>
        <extensions>
          <speed>4.57</speed>
        </extensions>
      </trkpt>
      <trkpt lat="52.8724596" lon="27.5161488">
        <ele>198</ele>
        <time>2024-08-17T07:47:51Z</time>
        <hdop>1</hdop>
        <extensions>
          <speed>5.05</speed>
        </extensions>
      </trkpt>
      <trkpt lat="52.8721596" lon="27.5167976">
        <ele>198</ele>
        <time>2024-08-17T07:48:02Z</time>
        <hdop>1.5</hdop>
        <extensions>
          <speed>4.64</speed>
        </extensions>
      </trkpt>
      <trkpt lat="52.8718815" lon="27.5173754">
        <ele>198</ele>
        <time>2024-08-17T07:48:13Z</time>
        <hdop>1.5</hdop>
        <extensions>
          <speed>4.36</speed>
        </extensions>
      </trkpt>
      <trkpt lat="52.8716408" lon="27.5178211">
        <ele>197</ele>
        <time>2024-08-17T07:48:23Z</time>
        <hdop>1.5</hdop>
        <extensions>
          <speed>4.27</speed>
        </extensions>
      </trkpt>
      <trkpt lat="52.8714134" lon="27.5182738">
        <ele>197</ele>
        <time>2024-08-17T07:48:33Z</time>
        <hdop>1.5</hdop>
        <extensions>
          <speed>4.1</speed>
        </extensions>
      </trkpt>
      <trkpt lat="52.8711454" lon="27.5188327">
        <ele>198</ele>
        <time>2024-08-17T07:48:44Z</time>
        <hdop>1.5</hdop>
        <extensions>
          <speed>4.43</speed>
        </extensions>
      </trkpt>
      <trkpt lat="52.8708753" lon="27.5194038">
        <ele>196</ele>
        <time>2024-08-17T07:48:55Z</time>
        <hdop>1.5</hdop>
        <extensions>
          <speed>4.34</speed>
        </extensions>
      </trkpt>
      <trkpt lat="52.8706045" lon="27.5199397">
        <ele>196</ele>
        <time>2024-08-17T07:49:06Z</time>
        <hdop>1.5</hdop>
        <extensions>
          <speed>4.59</speed>
        </extensions>
      </trkpt>
      <trkpt lat="52.8703115" lon="27.5204763">
        <ele>195</ele>
        <time>2024-08-17T07:49:16Z</time>
        <hdop>1.5</hdop>
        <extensions>
          <speed>4.71</speed>
        </extensions>
      </trkpt>
      <trkpt lat="52.8700172" lon="27.5211185">
        <ele>194</ele>
        <time>2024-08-17T07:49:27Z</time>
        <hdop>1.5</hdop>
        <extensions>
          <speed>4.86</speed>
        </extensions>
      </trkpt>
      <trkpt lat="52.869942" lon="27.5217817">
        <ele>196</ele>
        <time>2024-08-17T07:49:37Z</time>
        <hdop>1.5</hdop>
        <extensions>
          <speed>4.6</speed>
        </extensions>
      </trkpt>
      <trkpt lat="52.869938" lon="27.5225453">
        <ele>198</ele>
        <time>2024-08-17T07:49:48Z</time>
        <hdop>1.5</hdop>
        <extensions>
          <speed>4.73</speed>
        </extensions>
      </trkpt>
      <trkpt lat="52.8699245" lon="27.5232586">
        <ele>198</ele>
        <time>2024-08-17T07:49:58Z</time>
        <hdop>1.5</hdop>
        <extensions>
          <speed>4.79</speed>
        </extensions>
      </trkpt>
      <trkpt lat="52.8698854" lon="27.5239369">
        <ele>199</ele>
        <time>2024-08-17T07:50:08Z</time>
        <hdop>1</hdop>
        <extensions>
          <speed>3.99</speed>
        </extensions>
      </trkpt>
      <trkpt lat="52.8700539" lon="27.5244708">
        <ele>200</ele>
        <time>2024-08-17T07:50:19Z</time>
        <hdop>1.5</hdop>
        <extensions>
          <speed>4.07</speed>
        </extensions>
      </trkpt>
      <trkpt lat="52.8702487" lon="27.5251447">
        <ele>201</ele>
        <time>2024-08-17T07:50:30Z</time>
        <hdop>1</hdop>
        <extensions>
          <speed>4.79</speed>
        </extensions>
      </trkpt>
      <trkpt lat="52.8704495" lon="27.5258094">
        <ele>201</ele>
        <time>2024-08-17T07:50:40Z</time>
        <hdop>1.5</hdop>
        <extensions>
          <speed>4.86</speed>
        </extensions>
      </trkpt>
      <trkpt lat="52.8706751" lon="27.5265652">
        <ele>201</ele>
        <time>2024-08-17T07:50:51Z</time>
        <hdop>1</hdop>
        <extensions>
          <speed>4.93</speed>
        </extensions>
      </trkpt>
      <trkpt lat="52.8708657" lon="27.5272205">
        <ele>202</ele>
        <time>2024-08-17T07:51:01Z</time>
        <hdop>1.5</hdop>
        <extensions>
          <speed>5.48</speed>
        </extensions>
      </trkpt>
      <trkpt lat="52.8711011" lon="27.5279808">
        <ele>202</ele>
        <time>2024-08-17T07:51:11Z</time>
        <hdop>1.5</hdop>
        <extensions>
          <speed>6.06</speed>
        </extensions>
      </trkpt>
      <trkpt lat="52.8713421" lon="27.528778">
        <ele>203</ele>
        <time>2024-08-17T07:51:21Z</time>
        <hdop>1</hdop>
        <extensions>
          <speed>5.71</speed>
        </extensions>
      </trkpt>
      <trkpt lat="52.8715826" lon="27.5296036">
        <ele>203</ele>
        <time>2024-08-17T07:51:32Z</time>
        <hdop>1.5</hdop>
        <extensions>
          <speed>5.34</speed>
        </extensions>
      </trkpt>
      <trkpt lat="52.8717992" lon="27.5303458">
        <ele>202</ele>
        <time>2024-08-17T07:51:42Z</time>
        <hdop>1.5</hdop>
        <extensions>
          <speed>5.58</speed>
        </extensions>
      </trkpt>
      <trkpt lat="52.8719828" lon="27.5311056">
        <ele>204</ele>
        <time>2024-08-17T07:51:52Z</time>
        <hdop>1.5</hdop>
        <extensions>
          <speed>5.32</speed>
        </extensions>
      </trkpt>
      <trkpt lat="52.8716369" lon="27.5315483">
        <ele>203</ele>
        <time>2024-08-17T07:52:03Z</time>
        <hdop>1.5</hdop>
        <extensions>
          <speed>4.68</speed>
        </extensions>
      </trkpt>
      <trkpt lat="52.8712191" lon="27.5319317">
        <ele>202</ele>
        <time>2024-08-17T07:52:14Z</time>
        <hdop>1.5</hdop>
        <extensions>
          <speed>4.99</speed>
        </extensions>
      </trkpt>
      <trkpt lat="52.8707986" lon="27.5322993">
        <ele>201</ele>
        <time>2024-08-17T07:52:24Z</time>
        <hdop>1.5</hdop>
        <extensions>
          <speed>5.31</speed>
        </extensions>
      </trkpt>
      <trkpt lat="52.8704155" lon="27.5326581">
        <ele>202</ele>
        <time>2024-08-17T07:52:35Z</time>
        <hdop>1.5</hdop>
        <extensions>
          <speed>4.24</speed>
        </extensions>
      </trkpt>
      <trkpt lat="52.8700301" lon="27.5329558">
        <ele>201</ele>
        <time>2024-08-17T07:52:45Z</time>
        <hdop>1.5</hdop>
        <extensions>
          <speed>4.73</speed>
        </extensions>
      </trkpt>
      <trkpt lat="52.869616" lon="27.5333355">
        <ele>201</ele>
        <time>2024-08-17T07:52:56Z</time>
        <hdop>1.5</hdop>
        <extensions>
          <speed>4.71</speed>
        </extensions>
      </trkpt>
      <trkpt lat="52.8692389" lon="27.5336372">
        <ele>201</ele>
        <time>2024-08-17T07:53:06Z</time>
        <hdop>1.5</hdop>
        <extensions>
          <speed>4.79</speed>
        </extensions>
      </trkpt>
      <trkpt lat="52.8688247" lon="27.5339936">
        <ele>202</ele>
        <time>2024-08-17T07:53:17Z</time>
        <hdop>1</hdop>
        <extensions>
          <speed>4.59</speed>
        </extensions>
      </trkpt>
      <trkpt lat="52.8684583" lon="27.5343156">
        <ele>201</ele>
        <time>2024-08-17T07:53:27Z</time>
        <hdop>1.5</hdop>
        <extensions>
          <speed>4.54</speed>
        </extensions>
      </trkpt>
      <trkpt lat="52.8680832" lon="27.5346214">
        <ele>202</ele>
        <time>2024-08-17T07:53:37Z</time>
        <hdop>1.5</hdop>
        <extensions>
          <speed>4.81</speed>
        </extensions>
      </trkpt>
      <trkpt lat="52.867712" lon="27.5349191">
        <ele>201</ele>
        <time>2024-08-17T07:53:47Z</time>
        <hdop>1.5</hdop>
        <extensions>
          <speed>4.57</speed>
        </extensions>
      </trkpt>
      <trkpt lat="52.8674017" lon="27.5352778">
        <ele>202</ele>
        <time>2024-08-17T07:53:58Z</time>
        <hdop>1.5</hdop>
        <extensions>
          <speed>2.75</speed>
        </extensions>
      </trkpt>
      <trkpt lat="52.8673238" lon="27.5359445">
        <ele>199</ele>
        <time>2024-08-17T07:54:09Z</time>
        <hdop>1.5</hdop>
        <extensions>
          <speed>7.35</speed>
        </extensions>
      </trkpt>
      <trkpt lat="52.8672243" lon="27.5369357">
        <ele>199</ele>
        <time>2024-08-17T07:54:19Z</time>
        <hdop>1.5</hdop>
        <extensions>
          <speed>6.02</speed>
        </extensions>
      </trkpt>
      <trkpt lat="52.8676422" lon="27.5374105">
        <ele>200</ele>
        <time>2024-08-17T07:54:30Z</time>
        <hdop>1</hdop>
        <extensions>
          <speed>5.74</speed>
        </extensions>
      </trkpt>
      <trkpt lat="52.8680595" lon="27.537937">
        <ele>200</ele>
        <time>2024-08-17T07:54:41Z</time>
        <hdop>1.5</hdop>
        <extensions>
          <speed>5.24</speed>
        </extensions>
      </trkpt>
      <trkpt lat="52.868085" lon="27.5388267">
        <ele>201</ele>
        <time>2024-08-17T07:54:52Z</time>
        <hdop>1.5</hdop>
        <extensions>
          <speed>5.4</speed>
        </extensions>
      </trkpt>
      <trkpt lat="52.8680918" lon="27.5396698">
        <ele>200</ele>
        <time>2024-08-17T07:55:02Z</time>
        <hdop>2</hdop>
        <extensions>
          <speed>5.98</speed>
        </extensions>
      </trkpt>
      <trkpt lat="52.8680884" lon="27.540512">
        <ele>199</ele>
        <time>2024-08-17T07:55:12Z</time>
        <hdop>1.5</hdop>
        <extensions>
          <speed>5.44</speed>
        </extensions>
      </trkpt>
      <trkpt lat="52.8680956" lon="27.5413649">
        <ele>198</ele>
        <time>2024-08-17T07:55:22Z</time>
        <hdop>1.5</hdop>
        <extensions>
          <speed>5.67</speed>
        </extensions>
      </trkpt>
      <trkpt lat="52.8681135" lon="27.5423249">
        <ele>199</ele>
        <time>2024-08-17T07:55:33Z</time>
        <hdop>1.5</hdop>
        <extensions>
          <speed>5.64</speed>
        </extensions>
      </trkpt>
      <trkpt lat="52.8681038" lon="27.5430883">
        <ele>200</ele>
        <time>2024-08-17T07:55:43Z</time>
        <hdop>1.5</hdop>
        <extensions>
          <speed>4.94</speed>
        </extensions>
      </trkpt>
      <trkpt lat="52.8681055" lon="27.5439128">
        <ele>201</ele>
        <time>2024-08-17T07:55:54Z</time>
        <hdop>1.5</hdop>
        <extensions>
          <speed>5.04</speed>
        </extensions>
      </trkpt>
      <trkpt lat="52.8681556" lon="27.5447208">
        <ele>200</ele>
        <time>2024-08-17T07:56:05Z</time>
        <hdop>1.5</hdop>
        <extensions>
          <speed>5.25</speed>
        </extensions>
      </trkpt>
      <trkpt lat="52.8684096" lon="27.5460047">
        <ele>190</ele>
        <time>2024-08-17T07:56:16Z</time>
        <hdop>1.5</hdop>
        <extensions>
          <speed>9.66</speed>
        </extensions>
      </trkpt>
      <trkpt lat="52.8685198" lon="27.5473301">
        <ele>182</ele>
        <time>2024-08-17T07:56:26Z</time>
        <hdop>1.5</hdop>
        <extensions>
          <speed>6.84</speed>
        </extensions>
      </trkpt>
      <trkpt lat="52.8683657" lon="27.5482754">
        <ele>180</ele>
        <time>2024-08-17T07:56:37Z</time>
        <hdop>1.5</hdop>
        <extensions>
          <speed>6.19</speed>
        </extensions>
      </trkpt>
      <trkpt lat="52.8683251" lon="27.5492014">
        <ele>178</ele>
        <time>2024-08-17T07:56:47Z</time>
        <hdop>1.5</hdop>
        <extensions>
          <speed>6.01</speed>
        </extensions>
      </trkpt>
      <trkpt lat="52.868008" lon="27.5497817">
        <ele>177</ele>
        <time>2024-08-17T07:56:57Z</time>
        <hdop>1.5</hdop>
        <extensions>
          <speed>5.09</speed>
        </extensions>
      </trkpt>
      <trkpt lat="52.867818" lon="27.5503648">
        <ele>177</ele>
        <time>2024-08-17T07:57:07Z</time>
        <hdop>1</hdop>
        <extensions>
          <speed>4.57</speed>
        </extensions>
      </trkpt>
      <trkpt lat="52.8677732" lon="27.5510006">
        <ele>178</ele>
        <time>2024-08-17T07:57:17Z</time>
        <hdop>1.5</hdop>
        <extensions>
          <speed>3.9</speed>
        </extensions>
      </trkpt>
      <trkpt lat="52.8679276" lon="27.5516716">
        <ele>179</ele>
        <time>2024-08-17T07:57:28Z</time>
        <hdop>1.5</hdop>
        <extensions>
          <speed>5.84</speed>
        </extensions>
      </trkpt>
      <trkpt lat="52.86816" lon="27.5526492">
        <ele>179</ele>
        <time>2024-08-17T07:57:39Z</time>
        <hdop>2</hdop>
        <extensions>
          <speed>6.45</speed>
        </extensions>
      </trkpt>
      <trkpt lat="52.8683767" lon="27.5535461">
        <ele>180</ele>
        <time>2024-08-17T07:57:49Z</time>
        <hdop>1.5</hdop>
        <extensions>
          <speed>6.47</speed>
        </extensions>
      </trkpt>
      <trkpt lat="52.868588" lon="27.5544337">
        <ele>180</ele>
        <time>2024-08-17T07:57:59Z</time>
        <hdop>1.5</hdop>
        <extensions>
          <speed>6.21</speed>
        </extensions>
      </trkpt>
      <trkpt lat="52.8688243" lon="27.5554406">
        <ele>180</ele>
        <time>2024-08-17T07:58:10Z</time>
        <hdop>1</hdop>
        <extensions>
          <speed>6.33</speed>
        </extensions>
      </trkpt>
      <trkpt lat="52.8690438" lon="27.5563127">
        <ele>180</ele>
        <time>2024-08-17T07:58:20Z</time>
        <hdop>1</hdop>
        <extensions>
          <speed>6.75</speed>
        </extensions>
      </trkpt>
      <trkpt lat="52.869212" lon="27.557383">
        <ele>181</ele>
        <time>2024-08-17T07:58:31Z</time>
        <hdop>1.5</hdop>
        <extensions>
          <speed>7.89</speed>
        </extensions>
      </trkpt>
      <trkpt lat="52.8688248" lon="27.5580936">
        <ele>180</ele>
        <time>2024-08-17T07:58:41Z</time>
        <hdop>1.5</hdop>
        <extensions>
          <speed>6.28</speed>
        </extensions>
      </trkpt>
      <trkpt lat="52.8684039" lon="27.5587886">
        <ele>180</ele>
        <time>2024-08-17T07:58:52Z</time>
        <hdop>1</hdop>
        <extensions>
          <speed>5.8</speed>
        </extensions>
      </trkpt>
      <trkpt lat="52.8681391" lon="27.5596063">
        <ele>180</ele>
        <time>2024-08-17T07:59:02Z</time>
        <hdop>1.5</hdop>
        <extensions>
          <speed>5.67</speed>
        </extensions>
      </trkpt>
      <trkpt lat="52.8678795" lon="27.5603607">
        <ele>180</ele>
        <time>2024-08-17T07:59:13Z</time>
        <hdop>1.5</hdop>
        <extensions>
          <speed>6.19</speed>
        </extensions>
      </trkpt>
      <trkpt lat="52.8675867" lon="27.5612084">
        <ele>178</ele>
        <time>2024-08-17T07:59:24Z</time>
        <hdop>1.5</hdop>
        <extensions>
          <speed>5.75</speed>
        </extensions>
      </trkpt>
      <trkpt lat="52.8673307" lon="27.5620228">
        <ele>178</ele>
        <time>2024-08-17T07:59:35Z</time>
        <hdop>1.5</hdop>
        <extensions>
          <speed>5.55</speed>
        </extensions>
      </trkpt>
      <trkpt lat="52.8670742" lon="27.5627725">
        <ele>177</ele>
        <time>2024-08-17T07:59:45Z</time>
        <hdop>1.5</hdop>
        <extensions>
          <speed>5.64</speed>
        </extensions>
      </trkpt>
      <trkpt lat="52.8668179" lon="27.5635476">
        <ele>178</ele>
        <time>2024-08-17T07:59:56Z</time>
        <hdop>1.5</hdop>
        <extensions>
          <speed>5.48</speed>
        </extensions>
      </trkpt>
      <trkpt lat="52.8665921" lon="27.564281">
        <ele>180</ele>
        <time>2024-08-17T08:00:06Z</time>
        <hdop>1.5</hdop>
        <extensions>
          <speed>5.49</speed>
        </extensions>
      </trkpt>
      <trkpt lat="52.8663229" lon="27.5650703">
        <ele>182</ele>
        <time>2024-08-17T08:00:17Z</time>
        <hdop>1.5</hdop>
        <extensions>
          <speed>5.7</speed>
        </extensions>
      </trkpt>
      <trkpt lat="52.8660469" lon="27.5658754">
        <ele>181</ele>
        <time>2024-08-17T08:00:28Z</time>
        <hdop>1.5</hdop>
        <extensions>
          <speed>5.73</speed>
        </extensions>
      </trkpt>
      <trkpt lat="52.8657782" lon="27.5667233">
        <ele>180</ele>
        <time>2024-08-17T08:00:39Z</time>
        <hdop>2.5</hdop>
        <extensions>
          <speed>6.14</speed>
        </extensions>
      </trkpt>
      <trkpt lat="52.8654744" lon="27.5675573">
        <ele>180</ele>
        <time>2024-08-17T08:00:50Z</time>
        <hdop>1.5</hdop>
        <extensions>
          <speed>5.71</speed>
        </extensions>
      </trkpt>
      <trkpt lat="52.8652502" lon="27.5682685">
        <ele>180</ele>
        <time>2024-08-17T08:01:00Z</time>
        <hdop>2</hdop>
        <extensions>
          <speed>5.3</speed>
        </extensions>
      </trkpt>
      <trkpt lat="52.8649816" lon="27.5690362">
        <ele>181</ele>
        <time>2024-08-17T08:01:11Z</time>
        <hdop>2.5</hdop>
        <extensions>
          <speed>5.68</speed>
        </extensions>
      </trkpt>
      <trkpt lat="52.8647448" lon="27.569771">
        <ele>180</ele>
        <time>2024-08-17T08:01:21Z</time>
        <hdop>2.5</hdop>
        <extensions>
          <speed>5.83</speed>
        </extensions>
      </trkpt>
      <trkpt lat="52.8645185" lon="27.5704975">
        <ele>180</ele>
        <time>2024-08-17T08:01:31Z</time>
        <hdop>1.5</hdop>
        <extensions>
          <speed>5.25</speed>
        </extensions>
      </trkpt>
      <trkpt lat="52.864265" lon="27.571275">
        <ele>180</ele>
        <time>2024-08-17T08:01:42Z</time>
        <hdop>1.5</hdop>
        <extensions>
          <speed>5.6</speed>
        </extensions>
      </trkpt>
      <trkpt lat="52.8641089" lon="27.5720257">
        <ele>181</ele>
        <time>2024-08-17T08:01:52Z</time>
        <hdop>1.5</hdop>
        <extensions>
          <speed>5.44</speed>
        </extensions>
      </trkpt>
      <trkpt lat="52.8639963" lon="27.5729112">
        <ele>182</ele>
        <time>2024-08-17T08:02:03Z</time>
        <hdop>1.5</hdop>
        <extensions>
          <speed>5.41</speed>
        </extensions>
      </trkpt>
      <trkpt lat="52.8638483" lon="27.5737916">
        <ele>183</ele>
        <time>2024-08-17T08:02:14Z</time>
        <hdop>1.5</hdop>
        <extensions>
          <speed>5.61</speed>
        </extensions>
      </trkpt>
      <trkpt lat="52.8636999" lon="27.5746443">
        <ele>183</ele>
        <time>2024-08-17T08:02:24Z</time>
        <hdop>1.5</hdop>
        <extensions>
          <speed>6.06</speed>
        </extensions>
      </trkpt>
      <trkpt lat="52.8635335" lon="27.5756147">
        <ele>182</ele>
        <time>2024-08-17T08:02:35Z</time>
        <hdop>1.5</hdop>
        <extensions>
          <speed>6.23</speed>
        </extensions>
      </trkpt>
      <trkpt lat="52.863368" lon="27.5765302">
        <ele>183</ele>
        <time>2024-08-17T08:02:46Z</time>
        <hdop>1.5</hdop>
        <extensions>
          <speed>5.82</speed>
        </extensions>
      </trkpt>
      <trkpt lat="52.8631987" lon="27.5774645">
        <ele>182</ele>
        <time>2024-08-17T08:02:57Z</time>
        <hdop>1.5</hdop>
        <extensions>
          <speed>5.76</speed>
        </extensions>
      </trkpt>
      <trkpt lat="52.86305" lon="27.57836">
        <ele>182</ele>
        <time>2024-08-17T08:03:08Z</time>
        <hdop>1.5</hdop>
        <extensions>
          <speed>5.57</speed>
        </extensions>
      </trkpt>
      <trkpt lat="52.8628934" lon="27.5792274">
        <ele>183</ele>
        <time>2024-08-17T08:03:19Z</time>
        <hdop>1.5</hdop>
        <extensions>
          <speed>5.43</speed>
        </extensions>
      </trkpt>
      <trkpt lat="52.8625518" lon="27.5797725">
        <ele>184</ele>
        <time>2024-08-17T08:03:29Z</time>
        <hdop>1</hdop>
        <extensions>
          <speed>5.34</speed>
        </extensions>
      </trkpt>
      <trkpt lat="52.8621241" lon="27.5801014">
        <ele>184</ele>
        <time>2024-08-17T08:03:39Z</time>
        <hdop>1.5</hdop>
        <extensions>
          <speed>5.24</speed>
        </extensions>
      </trkpt>
      <trkpt lat="52.861836" lon="27.5806439">
        <ele>187</ele>
        <time>2024-08-17T08:03:49Z</time>
        <hdop>1.5</hdop>
        <extensions>
          <speed>5.24</speed>
        </extensions>
      </trkpt>
      <trkpt lat="52.8613594" lon="27.5809562">
        <ele>187</ele>
        <time>2024-08-17T08:04:00Z</time>
        <hdop>1.5</hdop>
        <extensions>
          <speed>5.56</speed>
        </extensions>
      </trkpt>
      <trkpt lat="52.8608166" lon="27.5811612">
        <ele>186</ele>
        <time>2024-08-17T08:04:11Z</time>
        <hdop>1.5</hdop>
        <extensions>
          <speed>5.53</speed>
        </extensions>
      </trkpt>
      <trkpt lat="52.8603496" lon="27.5813033">
        <ele>187</ele>
        <time>2024-08-17T08:04:21Z</time>
        <hdop>1.5</hdop>
        <extensions>
          <speed>5.52</speed>
        </extensions>
      </trkpt>
      <trkpt lat="52.8598635" lon="27.5813792">
        <ele>188</ele>
        <time>2024-08-17T08:04:31Z</time>
        <hdop>1.5</hdop>
        <extensions>
          <speed>5.49</speed>
        </extensions>
      </trkpt>
      <trkpt lat="52.8593262" lon="27.5814825">
        <ele>188</ele>
        <time>2024-08-17T08:04:42Z</time>
        <hdop>1</hdop>
        <extensions>
          <speed>5.61</speed>
        </extensions>
      </trkpt>
      <trkpt lat="52.8587497" lon="27.581528">
        <ele>188</ele>
        <time>2024-08-17T08:04:53Z</time>
        <hdop>1</hdop>
        <extensions>
          <speed>5.9</speed>
        </extensions>
      </trkpt>
      <trkpt lat="52.8581662" lon="27.5814017">
        <ele>188</ele>
        <time>2024-08-17T08:05:04Z</time>
        <hdop>1.5</hdop>
        <extensions>
          <speed>5.71</speed>
        </extensions>
      </trkpt>
      <trkpt lat="52.857714" lon="27.5815063">
        <ele>189</ele>
        <time>2024-08-17T08:05:14Z</time>
        <hdop>2</hdop>
        <extensions>
          <speed>5.04</speed>
        </extensions>
      </trkpt>
      <trkpt lat="52.857444" lon="27.5819796">
        <ele>191</ele>
        <time>2024-08-17T08:05:24Z</time>
        <hdop>1.5</hdop>
        <extensions>
          <speed>4.44</speed>
        </extensions>
      </trkpt>
      <trkpt lat="52.8574103" lon="27.5827688">
        <ele>191</ele>
        <time>2024-08-17T08:05:35Z</time>
        <hdop>1.5</hdop>
        <extensions>
          <speed>5.23</speed>
        </extensions>
      </trkpt>
      <trkpt lat="52.8574809" lon="27.5836423">
        <ele>191</ele>
        <time>2024-08-17T08:05:46Z</time>
        <hdop>1</hdop>
        <extensions>
          <speed>5.22</speed>
        </extensions>
      </trkpt>
      <trkpt lat="52.8575739" lon="27.5844418">
        <ele>191</ele>
        <time>2024-08-17T08:05:56Z</time>
        <hdop>1</hdop>
        <extensions>
          <speed>5.64</speed>
        </extensions>
      </trkpt>
      <trkpt lat="52.8577498" lon="27.5851078">
        <ele>191</ele>
        <time>2024-08-17T08:06:06Z</time>
        <hdop>1</hdop>
        <extensions>
          <speed>4.49</speed>
        </extensions>
      </trkpt>
      <trkpt lat="52.857719" lon="27.5857318">
        <ele>192</ele>
        <time>2024-08-17T08:06:17Z</time>
        <hdop>1.5</hdop>
        <extensions>
          <speed>4.23</speed>
        </extensions>
      </trkpt>
      <trkpt lat="52.8573665" lon="27.5861243">
        <ele>192</ele>
        <time>2024-08-17T08:06:27Z</time>
        <hdop>1</hdop>
        <extensions>
          <speed>4.41</speed>
        </extensions>
      </trkpt>
      <trkpt lat="52.8570116" lon="27.5864402">
        <ele>192</ele>
        <time>2024-08-17T08:06:37Z</time>
        <hdop>2</hdop>
        <extensions>
          <speed>3.15</speed>
        </extensions>
      </trkpt>
      <trkpt lat="52.856738" lon="27.5867143">
        <ele>194</ele>
        <time>2024-08-17T08:06:48Z</time>
        <hdop>3</hdop>
        <extensions>
          <speed>2.36</speed>
        </extensions>
      </trkpt>
      <trkpt lat="52.8566376" lon="27.586587">
        <ele>192</ele>
        <time>2024-08-17T08:06:58Z</time>
        <hdop>3</hdop>
        <extensions>
          <speed>0.93</speed>
        </extensions>
      </trkpt>
      <trkpt lat="52.8566487" lon="27.5865931">
        <ele>193</ele>
        <time>2024-08-17T08:07:08Z</time>
        <hdop>2</hdop>
      </trkpt>
      <trkpt lat="52.8566487" lon="27.5865931">
        <ele>193</ele>
        <time>2024-08-17T08:07:19Z</time>
        <hdop>3.5</hdop>
      </trkpt>
      <trkpt lat="52.8566151" lon="27.5865512">
        <ele>191</ele>
        <time>2024-08-17T08:07:29Z</time>
        <hdop>4</hdop>
      </trkpt>
      <trkpt lat="52.8566184" lon="27.586568">
        <ele>191</ele>
        <time>2024-08-17T08:07:40Z</time>
        <hdop>2.5</hdop>
      </trkpt>
      <trkpt lat="52.8565759" lon="27.5865657">
        <ele>191</ele>
        <time>2024-08-17T08:07:50Z</time>
        <hdop>2.5</hdop>
        <extensions>
          <speed>0.02</speed>
        </extensions>
      </trkpt>
      <trkpt lat="52.8565842" lon="27.5865615">
        <ele>191</ele>
        <time>2024-08-17T08:08:00Z</time>
        <hdop>1.5</hdop>
        <extensions>
          <speed>1.4</speed>
        </extensions>
      </trkpt>
      <trkpt lat="52.856637" lon="27.5865601">
        <ele>192</ele>
        <time>2024-08-17T08:08:10Z</time>
        <hdop>2</hdop>
      </trkpt>
      <trkpt lat="52.8566378" lon="27.5865604">
        <ele>192</ele>
        <time>2024-08-17T08:08:21Z</time>
        <hdop>2</hdop>
        <extensions>
          <speed>0.22</speed>
        </extensions>
      </trkpt>
      <trkpt lat="52.8566788" lon="27.5865362">
        <ele>195</ele>
        <time>2024-08-17T08:08:32Z</time>
        <hdop>2</hdop>
        <extensions>
          <speed>0.15</speed>
        </extensions>
      </trkpt>
      <trkpt lat="52.8567009" lon="27.58651">
        <ele>193</ele>
        <time>2024-08-17T08:08:43Z</time>
        <hdop>2</hdop>
      </trkpt>
      <trkpt lat="52.8566991" lon="27.5865226">
        <ele>192</ele>
        <time>2024-08-17T08:08:54Z</time>
        <hdop>2</hdop>
      </trkpt>
      <trkpt lat="52.8566341" lon="27.5865662">
        <ele>193</ele>
        <time>2024-08-17T08:09:04Z</time>
        <hdop>2</hdop>
        <extensions>
          <speed>0.22</speed>
        </extensions>
      </trkpt>
      <trkpt lat="52.8566265" lon="27.5865667">
        <ele>192</ele>
        <time>2024-08-17T08:09:15Z</time>
        <hdop>2</hdop>
        <extensions>
          <speed>0.83</speed>
        </extensions>
      </trkpt>
      <trkpt lat="52.8565825" lon="27.5865605">
        <ele>193</ele>
        <time>2024-08-17T08:09:26Z</time>
        <hdop>2</hdop>
      </trkpt>
      <trkpt lat="52.8565825" lon="27.5865605">
        <ele>193</ele>
        <time>2024-08-17T08:09:36Z</time>
        <hdop>2</hdop>
      </trkpt>
      <trkpt lat="52.8565825" lon="27.5865605">
        <ele>193</ele>
        <time>2024-08-17T08:09:46Z</time>
        <hdop>2.5</hdop>
      </trkpt>
      <trkpt lat="52.8565761" lon="27.586569">
        <ele>192</ele>
        <time>2024-08-17T08:09:57Z</time>
        <hdop>2</hdop>
      </trkpt>
      <trkpt lat="52.856604" lon="27.586565">
        <ele>191</ele>
        <time>2024-08-17T08:10:07Z</time>
        <hdop>4.5</hdop>
        <extensions>
          <speed>0.56</speed>
        </extensions>
      </trkpt>
      <trkpt lat="52.8566174" lon="27.5865956">
        <ele>193</ele>
        <time>2024-08-17T08:10:18Z</time>
        <hdop>2.5</hdop>
      </trkpt>
      <trkpt lat="52.856612" lon="27.5866044">
        <ele>192</ele>
        <time>2024-08-17T08:10:29Z</time>
        <hdop>2</hdop>
        <extensions>
          <speed>0.26</speed>
        </extensions>
      </trkpt>
      <trkpt lat="52.8566125" lon="27.5866039">
        <ele>192</ele>
        <time>2024-08-17T08:10:40Z</time>
        <hdop>2</hdop>
      </trkpt>
      <trkpt lat="52.8566125" lon="27.5866039">
        <ele>192</ele>
        <time>2024-08-17T08:10:51Z</time>
        <hdop>2</hdop>
      </trkpt>
      <trkpt lat="52.8566194" lon="27.586604">
        <ele>191</ele>
        <time>2024-08-17T08:11:02Z</time>
        <hdop>2</hdop>
      </trkpt>
      <trkpt lat="52.8566243" lon="27.586548">
        <ele>191</ele>
        <time>2024-08-17T08:11:13Z</time>
        <hdop>2</hdop>
        <extensions>
          <speed>0.3</speed>
        </extensions>
      </trkpt>
      <trkpt lat="52.856631" lon="27.5865428">
        <ele>191</ele>
        <time>2024-08-17T08:11:24Z</time>
        <hdop>2</hdop>
        <extensions>
          <speed>1.35</speed>
        </extensions>
      </trkpt>
      <trkpt lat="52.8566179" lon="27.5865351">
        <ele>191</ele>
        <time>2024-08-17T08:11:35Z</time>
        <hdop>4</hdop>
        <extensions>
          <speed>0.86</speed>
        </extensions>
      </trkpt>
      <trkpt lat="52.8566145" lon="27.5866133">
        <ele>193</ele>
        <time>2024-08-17T08:11:46Z</time>
        <hdop>2.5</hdop>
      </trkpt>
      <trkpt lat="52.8566139" lon="27.5866079">
        <ele>194</ele>
        <time>2024-08-17T08:11:56Z</time>
        <hdop>2</hdop>
      </trkpt>
      <trkpt lat="52.856615" lon="27.5866166">
        <ele>193</ele>
        <time>2024-08-17T08:12:06Z</time>
        <hdop>2</hdop>
      </trkpt>
      <trkpt lat="52.856615" lon="27.5866166">
        <ele>193</ele>
        <time>2024-08-17T08:12:17Z</time>
        <hdop>2</hdop>
      </trkpt>
      <trkpt lat="52.8566053" lon="27.586607">
        <ele>192</ele>
        <time>2024-08-17T08:12:27Z</time>
        <hdop>4.5</hdop>
      </trkpt>
      <trkpt lat="52.8566021" lon="27.5866196">
        <ele>193</ele>
        <time>2024-08-17T08:12:38Z</time>
        <hdop>4</hdop>
      </trkpt>
      <trkpt lat="52.8565953" lon="27.5866088">
        <ele>193</ele>
        <time>2024-08-17T08:12:48Z</time>
        <hdop>2</hdop>
      </trkpt>
      <trkpt lat="52.8565953" lon="27.5866088">
        <ele>193</ele>
        <time>2024-08-17T08:12:58Z</time>
        <hdop>2</hdop>
      </trkpt>
      <trkpt lat="52.8565957" lon="27.5865899">
        <ele>192</ele>
        <time>2024-08-17T08:13:09Z</time>
        <hdop>2</hdop>
      </trkpt>
      <trkpt lat="52.856461" lon="27.5868138">
        <ele>193</ele>
        <time>2024-08-17T08:13:20Z</time>
        <hdop>2.5</hdop>
        <extensions>
          <speed>2.64</speed>
        </extensions>
      </trkpt>
      <trkpt lat="52.8562798" lon="27.5871365">
        <ele>192</ele>
        <time>2024-08-17T08:13:30Z</time>
        <hdop>2</hdop>
        <extensions>
          <speed>3.54</speed>
        </extensions>
      </trkpt>
      <trkpt lat="52.8559582" lon="27.5874714">
        <ele>193</ele>
        <time>2024-08-17T08:13:41Z</time>
        <hdop>2</hdop>
        <extensions>
          <speed>3.92</speed>
        </extensions>
      </trkpt>
      <trkpt lat="52.8560778" lon="27.5880724">
        <ele>193</ele>
        <time>2024-08-17T08:13:52Z</time>
        <hdop>1</hdop>
        <extensions>
          <speed>5.64</speed>
        </extensions>
      </trkpt>
      <trkpt lat="52.8564909" lon="27.5886875">
        <ele>194</ele>
        <time>2024-08-17T08:14:03Z</time>
        <hdop>1.5</hdop>
        <extensions>
          <speed>5.79</speed>
        </extensions>
      </trkpt>
      <trkpt lat="52.8569238" lon="27.5893469">
        <ele>194</ele>
        <time>2024-08-17T08:14:14Z</time>
        <hdop>1</hdop>
        <extensions>
          <speed>6.02</speed>
        </extensions>
      </trkpt>
      <trkpt lat="52.8573311" lon="27.5899709">
        <ele>194</ele>
        <time>2024-08-17T08:14:24Z</time>
        <hdop>1</hdop>
        <extensions>
          <speed>6.47</speed>
        </extensions>
      </trkpt>
      <trkpt lat="52.8578018" lon="27.5906796">
        <ele>194</ele>
        <time>2024-08-17T08:14:34Z</time>
        <hdop>1</hdop>
        <extensions>
          <speed>6.49</speed>
        </extensions>
      </trkpt>
      <trkpt lat="52.8582729" lon="27.5914121">
        <ele>194</ele>
        <time>2024-08-17T08:14:46Z</time>
        <hdop>1</hdop>
        <extensions>
          <speed>6.57</speed>
        </extensions>
      </trkpt>
      <trkpt lat="52.8586378" lon="27.5921102">
        <ele>194</ele>
        <time>2024-08-17T08:14:56Z</time>
        <hdop>1.5</hdop>
        <extensions>
          <speed>6.27</speed>
        </extensions>
      </trkpt>
      <trkpt lat="52.8583768" lon="27.5930472">
        <ele>193</ele>
        <time>2024-08-17T08:15:07Z</time>
        <hdop>2.5</hdop>
        <extensions>
          <speed>6.28</speed>
        </extensions>
      </trkpt>
      <trkpt lat="52.8584587" lon="27.5938663">
        <ele>193</ele>
        <time>2024-08-17T08:15:18Z</time>
        <hdop>1.5</hdop>
        <extensions>
          <speed>6.4</speed>
        </extensions>
      </trkpt>
      <trkpt lat="52.8588883" lon="27.5945175">
        <ele>194</ele>
        <time>2024-08-17T08:15:28Z</time>
        <hdop>1</hdop>
        <extensions>
          <speed>6.59</speed>
        </extensions>
      </trkpt>
      <trkpt lat="52.8593856" lon="27.5952743">
        <ele>193</ele>
        <time>2024-08-17T08:15:39Z</time>
        <hdop>1</hdop>
        <extensions>
          <speed>7.27</speed>
        </extensions>
      </trkpt>
      <trkpt lat="52.8599491" lon="27.5960715">
        <ele>192</ele>
        <time>2024-08-17T08:15:50Z</time>
        <hdop>1.5</hdop>
        <extensions>
          <speed>7.19</speed>
        </extensions>
      </trkpt>
      <trkpt lat="52.8604314" lon="27.5967868">
        <ele>192</ele>
        <time>2024-08-17T08:16:00Z</time>
        <hdop>1.5</hdop>
        <extensions>
          <speed>6.82</speed>
        </extensions>
      </trkpt>
      <trkpt lat="52.8609643" lon="27.5975737">
        <ele>192</ele>
        <time>2024-08-17T08:16:11Z</time>
        <hdop>1.5</hdop>
        <extensions>
          <speed>6.68</speed>
        </extensions>
      </trkpt>
      <trkpt lat="52.8609132" lon="27.5980178">
        <ele>191</ele>
        <time>2024-08-17T08:16:21Z</time>
        <hdop>2</hdop>
        <extensions>
          <speed>4.59</speed>
        </extensions>
      </trkpt>
      <trkpt lat="52.8610393" lon="27.5987708">
        <ele>190</ele>
        <time>2024-08-17T08:16:32Z</time>
        <hdop>1</hdop>
        <extensions>
          <speed>5.01</speed>
        </extensions>
      </trkpt>
      <trkpt lat="52.861188" lon="27.5995313">
        <ele>189</ele>
        <time>2024-08-17T08:16:43Z</time>
        <hdop>1</hdop>
        <extensions>
          <speed>4.67</speed>
        </extensions>
      </trkpt>
      <trkpt lat="52.8613206" lon="27.6003235">
        <ele>189</ele>
        <time>2024-08-17T08:16:54Z</time>
        <hdop>1.5</hdop>
        <extensions>
          <speed>4.08</speed>
        </extensions>
      </trkpt>
      <trkpt lat="52.8614338" lon="27.6010716">
        <ele>189</ele>
        <time>2024-08-17T08:17:04Z</time>
        <hdop>1</hdop>
        <extensions>
          <speed>6.18</speed>
        </extensions>
      </trkpt>
      <trkpt lat="52.861596" lon="27.6019542">
        <ele>188</ele>
        <time>2024-08-17T08:17:15Z</time>
        <hdop>1</hdop>
        <extensions>
          <speed>5.4</speed>
        </extensions>
      </trkpt>
      <trkpt lat="52.861774" lon="27.6028562">
        <ele>187</ele>
        <time>2024-08-17T08:17:26Z</time>
        <hdop>1</hdop>
        <extensions>
          <speed>6.16</speed>
        </extensions>
      </trkpt>
      <trkpt lat="52.8619342" lon="27.6036678">
        <ele>186</ele>
        <time>2024-08-17T08:17:36Z</time>
        <hdop>1</hdop>
        <extensions>
          <speed>5.37</speed>
        </extensions>
      </trkpt>
      <trkpt lat="52.8621087" lon="27.6044772">
        <ele>186</ele>
        <time>2024-08-17T08:17:47Z</time>
        <hdop>1</hdop>
        <extensions>
          <speed>5.2</speed>
        </extensions>
      </trkpt>
      <trkpt lat="52.8622493" lon="27.6052232">
        <ele>186</ele>
        <time>2024-08-17T08:17:57Z</time>
        <hdop>1</hdop>
        <extensions>
          <speed>5.18</speed>
        </extensions>
      </trkpt>
      <trkpt lat="52.8624551" lon="27.6059641">
        <ele>185</ele>
        <time>2024-08-17T08:18:07Z</time>
        <hdop>1</hdop>
        <extensions>
          <speed>4.72</speed>
        </extensions>
      </trkpt>
      <trkpt lat="52.8627024" lon="27.6066966">
        <ele>185</ele>
        <time>2024-08-17T08:18:18Z</time>
        <hdop>1</hdop>
        <extensions>
          <speed>4.69</speed>
        </extensions>
      </trkpt>
      <trkpt lat="52.8629331" lon="27.6074019">
        <ele>185</ele>
        <time>2024-08-17T08:18:29Z</time>
        <hdop>1.5</hdop>
        <extensions>
          <speed>5.51</speed>
        </extensions>
      </trkpt>
      <trkpt lat="52.8632077" lon="27.6082092">
        <ele>186</ele>
        <time>2024-08-17T08:18:40Z</time>
        <hdop>1.5</hdop>
        <extensions>
          <speed>5.79</speed>
        </extensions>
      </trkpt>
      <trkpt lat="52.8634928" lon="27.608996">
        <ele>186</ele>
        <time>2024-08-17T08:18:50Z</time>
        <hdop>1.5</hdop>
        <extensions>
          <speed>6.13</speed>
        </extensions>
      </trkpt>
      <trkpt lat="52.8638036" lon="27.6099021">
        <ele>185</ele>
        <time>2024-08-17T08:19:01Z</time>
        <hdop>1</hdop>
        <extensions>
          <speed>6.31</speed>
        </extensions>
      </trkpt>
      <trkpt lat="52.8641025" lon="27.6107474">
        <ele>186</ele>
        <time>2024-08-17T08:19:12Z</time>
        <hdop>1</hdop>
        <extensions>
          <speed>5.82</speed>
        </extensions>
      </trkpt>
      <trkpt lat="52.86435" lon="27.6115545">
        <ele>187</ele>
        <time>2024-08-17T08:19:22Z</time>
        <hdop>1.5</hdop>
        <extensions>
          <speed>6.25</speed>
        </extensions>
      </trkpt>
      <trkpt lat="52.864642" lon="27.612385">
        <ele>185</ele>
        <time>2024-08-17T08:19:32Z</time>
        <hdop>1</hdop>
        <extensions>
          <speed>6.77</speed>
        </extensions>
      </trkpt>
      <trkpt lat="52.8649666" lon="27.6132379">
        <ele>185</ele>
        <time>2024-08-17T08:19:42Z</time>
        <hdop>1</hdop>
        <extensions>
          <speed>6.63</speed>
        </extensions>
      </trkpt>
      <trkpt lat="52.8654673" lon="27.6141419">
        <ele>182</ele>
        <time>2024-08-17T08:19:53Z</time>
        <hdop>1.5</hdop>
        <extensions>
          <speed>7.88</speed>
        </extensions>
      </trkpt>
      <trkpt lat="52.8656455" lon="27.6153061">
        <ele>181</ele>
        <time>2024-08-17T08:20:04Z</time>
        <hdop>1.5</hdop>
        <extensions>
          <speed>5.11</speed>
        </extensions>
      </trkpt>
      <trkpt lat="52.8652334" lon="27.6159125">
        <ele>183</ele>
        <time>2024-08-17T08:20:15Z</time>
        <hdop>2</hdop>
        <extensions>
          <speed>5.79</speed>
        </extensions>
      </trkpt>
      <trkpt lat="52.8647188" lon="27.616431">
        <ele>184</ele>
        <time>2024-08-17T08:20:26Z</time>
        <hdop>1.5</hdop>
        <extensions>
          <speed>5.7</speed>
        </extensions>
      </trkpt>
      <trkpt lat="52.864797" lon="27.6175486">
        <ele>181</ele>
        <time>2024-08-17T08:20:37Z</time>
        <hdop>1.5</hdop>
        <extensions>
          <speed>7.28</speed>
        </extensions>
      </trkpt>
      <trkpt lat="52.8649169" lon="27.6187925">
        <ele>178</ele>
        <time>2024-08-17T08:20:48Z</time>
        <hdop>1.5</hdop>
        <extensions>
          <speed>7.57</speed>
        </extensions>
      </trkpt>
      <trkpt lat="52.8650447" lon="27.6198744">
        <ele>177</ele>
        <time>2024-08-17T08:20:58Z</time>
        <hdop>1</hdop>
        <extensions>
          <speed>7.41</speed>
        </extensions>
      </trkpt>
      <trkpt lat="52.8651446" lon="27.6210387">
        <ele>177</ele>
        <time>2024-08-17T08:21:09Z</time>
        <hdop>1.5</hdop>
        <extensions>
          <speed>7.15</speed>
        </extensions>
      </trkpt>
      <trkpt lat="52.865249" lon="27.6222334">
        <ele>176</ele>
        <time>2024-08-17T08:21:20Z</time>
        <hdop>1.5</hdop>
        <extensions>
          <speed>7.27</speed>
        </extensions>
      </trkpt>
      <trkpt lat="52.8651584" lon="27.6231471">
        <ele>174</ele>
        <time>2024-08-17T08:21:31Z</time>
        <hdop>1.5</hdop>
        <extensions>
          <speed>5.82</speed>
        </extensions>
      </trkpt>
      <trkpt lat="52.8645734" lon="27.6230063">
        <ele>173</ele>
        <time>2024-08-17T08:21:42Z</time>
        <hdop>1.5</hdop>
        <extensions>
          <speed>5.38</speed>
        </extensions>
      </trkpt>
      <trkpt lat="52.8641196" lon="27.6227965">
        <ele>174</ele>
        <time>2024-08-17T08:21:52Z</time>
        <hdop>1.5</hdop>
        <extensions>
          <speed>4.62</speed>
        </extensions>
      </trkpt>
      <trkpt lat="52.8635816" lon="27.6224781">
        <ele>173</ele>
        <time>2024-08-17T08:22:03Z</time>
        <hdop>1.5</hdop>
        <extensions>
          <speed>5.73</speed>
        </extensions>
      </trkpt>
      <trkpt lat="52.863066" lon="27.6222539">
        <ele>173</ele>
        <time>2024-08-17T08:22:14Z</time>
        <hdop>1.5</hdop>
        <extensions>
          <speed>5.47</speed>
        </extensions>
      </trkpt>
      <trkpt lat="52.8626156" lon="27.622135">
        <ele>173</ele>
        <time>2024-08-17T08:22:24Z</time>
        <hdop>1.5</hdop>
        <extensions>
          <speed>4.84</speed>
        </extensions>
      </trkpt>
      <trkpt lat="52.8622085" lon="27.6219403">
        <ele>172</ele>
        <time>2024-08-17T08:22:34Z</time>
        <hdop>1.5</hdop>
        <extensions>
          <speed>4.56</speed>
        </extensions>
      </trkpt>
      <trkpt lat="52.8617868" lon="27.6218694">
        <ele>174</ele>
        <time>2024-08-17T08:22:45Z</time>
        <hdop>1.5</hdop>
        <extensions>
          <speed>4.08</speed>
        </extensions>
      </trkpt>
      <trkpt lat="52.8614092" lon="27.621965">
        <ele>173</ele>
        <time>2024-08-17T08:22:55Z</time>
        <hdop>1.5</hdop>
        <extensions>
          <speed>4.52</speed>
        </extensions>
      </trkpt>
      <trkpt lat="52.860961" lon="27.6221126">
        <ele>174</ele>
        <time>2024-08-17T08:23:06Z</time>
        <hdop>1.5</hdop>
        <extensions>
          <speed>4.17</speed>
        </extensions>
      </trkpt>
      <trkpt lat="52.8606991" lon="27.6225454">
        <ele>176</ele>
        <time>2024-08-17T08:23:17Z</time>
        <hdop>2</hdop>
        <extensions>
          <speed>4.18</speed>
        </extensions>
      </trkpt>
      <trkpt lat="52.8605224" lon="27.6231937">
        <ele>174</ele>
        <time>2024-08-17T08:23:27Z</time>
        <hdop>1.5</hdop>
        <extensions>
          <speed>5.68</speed>
        </extensions>
      </trkpt>
      <trkpt lat="52.8601458" lon="27.6236328">
        <ele>173</ele>
        <time>2024-08-17T08:23:37Z</time>
        <hdop>1.5</hdop>
        <extensions>
          <speed>4.96</speed>
        </extensions>
      </trkpt>
      <trkpt lat="52.8597767" lon="27.6241562">
        <ele>172</ele>
        <time>2024-08-17T08:23:48Z</time>
        <hdop>1.5</hdop>
        <extensions>
          <speed>4.9</speed>
        </extensions>
      </trkpt>
      <trkpt lat="52.8593916" lon="27.6245726">
        <ele>172</ele>
        <time>2024-08-17T08:23:59Z</time>
        <hdop>1.5</hdop>
        <extensions>
          <speed>4.81</speed>
        </extensions>
      </trkpt>
      <trkpt lat="52.8589711" lon="27.6245819">
        <ele>174</ele>
        <time>2024-08-17T08:24:10Z</time>
        <hdop>1.5</hdop>
        <extensions>
          <speed>4.04</speed>
        </extensions>
      </trkpt>
      <trkpt lat="52.8586359" lon="27.6246938">
        <ele>174</ele>
        <time>2024-08-17T08:24:20Z</time>
        <hdop>1.5</hdop>
        <extensions>
          <speed>4.65</speed>
        </extensions>
      </trkpt>
      <trkpt lat="52.8582201" lon="27.6249932">
        <ele>173</ele>
        <time>2024-08-17T08:24:31Z</time>
        <hdop>2</hdop>
        <extensions>
          <speed>3.83</speed>
        </extensions>
      </trkpt>
      <trkpt lat="52.8579165" lon="27.6253501">
        <ele>174</ele>
        <time>2024-08-17T08:24:41Z</time>
        <hdop>2</hdop>
        <extensions>
          <speed>4.14</speed>
        </extensions>
      </trkpt>
      <trkpt lat="52.8575238" lon="27.6255878">
        <ele>174</ele>
        <time>2024-08-17T08:24:52Z</time>
        <hdop>1.5</hdop>
        <extensions>
          <speed>4.29</speed>
        </extensions>
      </trkpt>
      <trkpt lat="52.8571954" lon="27.6260215">
        <ele>174</ele>
        <time>2024-08-17T08:25:03Z</time>
        <hdop>1.5</hdop>
        <extensions>
          <speed>4.37</speed>
        </extensions>
      </trkpt>
      <trkpt lat="52.8568343" lon="27.6263534">
        <ele>174</ele>
        <time>2024-08-17T08:25:13Z</time>
        <hdop>1.5</hdop>
        <extensions>
          <speed>4.64</speed>
        </extensions>
      </trkpt>
      <trkpt lat="52.8566604" lon="27.6269419">
        <ele>174</ele>
        <time>2024-08-17T08:25:23Z</time>
        <hdop>1.5</hdop>
        <extensions>
          <speed>3.31</speed>
        </extensions>
      </trkpt>
      <trkpt lat="52.8563948" lon="27.6275305">
        <ele>173</ele>
        <time>2024-08-17T08:25:34Z</time>
        <hdop>1.5</hdop>
        <extensions>
          <speed>5.23</speed>
        </extensions>
      </trkpt>
      <trkpt lat="52.8560011" lon="27.6281435">
        <ele>174</ele>
        <time>2024-08-17T08:25:45Z</time>
        <hdop>1.5</hdop>
        <extensions>
          <speed>4.78</speed>
        </extensions>
      </trkpt>
      <trkpt lat="52.8555764" lon="27.628584">
        <ele>175</ele>
        <time>2024-08-17T08:25:56Z</time>
        <hdop>2.5</hdop>
        <extensions>
          <speed>4.15</speed>
        </extensions>
      </trkpt>
      <trkpt lat="52.8553313" lon="27.6290826">
        <ele>179</ele>
        <time>2024-08-17T08:26:07Z</time>
        <hdop>2.5</hdop>
        <extensions>
          <speed>3.9</speed>
        </extensions>
      </trkpt>
      <trkpt lat="52.8551141" lon="27.6297537">
        <ele>176</ele>
        <time>2024-08-17T08:26:17Z</time>
        <hdop>2</hdop>
        <extensions>
          <speed>5.51</speed>
        </extensions>
      </trkpt>
      <trkpt lat="52.8546901" lon="27.6303067">
        <ele>175</ele>
        <time>2024-08-17T08:26:28Z</time>
        <hdop>1.5</hdop>
        <extensions>
          <speed>5.52</speed>
        </extensions>
      </trkpt>
      <trkpt lat="52.8542873" lon="27.6310094">
        <ele>178</ele>
        <time>2024-08-17T08:26:39Z</time>
        <hdop>2.5</hdop>
        <extensions>
          <speed>5.16</speed>
        </extensions>
      </trkpt>
      <trkpt lat="52.8540373" lon="27.6318703">
        <ele>178</ele>
        <time>2024-08-17T08:26:49Z</time>
        <hdop>2.5</hdop>
        <extensions>
          <speed>6.52</speed>
        </extensions>
      </trkpt>
      <trkpt lat="52.853663" lon="27.6325468">
        <ele>179</ele>
        <time>2024-08-17T08:26:59Z</time>
        <hdop>1.5</hdop>
        <extensions>
          <speed>5.78</speed>
        </extensions>
      </trkpt>
      <trkpt lat="52.8531829" lon="27.6331059">
        <ele>179</ele>
        <time>2024-08-17T08:27:10Z</time>
        <hdop>1.5</hdop>
        <extensions>
          <speed>5.82</speed>
        </extensions>
      </trkpt>
      <trkpt lat="52.8527064" lon="27.6337259">
        <ele>182</ele>
        <time>2024-08-17T08:27:21Z</time>
        <hdop>2</hdop>
        <extensions>
          <speed>6.23</speed>
        </extensions>
      </trkpt>
      <trkpt lat="52.8522439" lon="27.6342835">
        <ele>180</ele>
        <time>2024-08-17T08:27:31Z</time>
        <hdop>2</hdop>
        <extensions>
          <speed>6.1</speed>
        </extensions>
      </trkpt>
      <trkpt lat="52.851775" lon="27.6348533">
        <ele>180</ele>
        <time>2024-08-17T08:27:42Z</time>
        <hdop>1.5</hdop>
        <extensions>
          <speed>5.28</speed>
        </extensions>
      </trkpt>
      <trkpt lat="52.8513529" lon="27.6353987">
        <ele>180</ele>
        <time>2024-08-17T08:27:53Z</time>
        <hdop>1.5</hdop>
        <extensions>
          <speed>5.24</speed>
        </extensions>
      </trkpt>
      <trkpt lat="52.8508804" lon="27.6359216">
        <ele>179</ele>
        <time>2024-08-17T08:28:04Z</time>
        <hdop>1.5</hdop>
        <extensions>
          <speed>5.54</speed>
        </extensions>
      </trkpt>
      <trkpt lat="52.8508879" lon="27.6368391">
        <ele>178</ele>
        <time>2024-08-17T08:28:14Z</time>
        <hdop>1.5</hdop>
        <extensions>
          <speed>7.73</speed>
        </extensions>
      </trkpt>
      <trkpt lat="52.8511034" lon="27.6381303">
        <ele>176</ele>
        <time>2024-08-17T08:28:25Z</time>
        <hdop>1.5</hdop>
        <extensions>
          <speed>8.24</speed>
        </extensions>
      </trkpt>
      <trkpt lat="52.8512954" lon="27.6393224">
        <ele>176</ele>
        <time>2024-08-17T08:28:35Z</time>
        <hdop>1.5</hdop>
        <extensions>
          <speed>8.29</speed>
        </extensions>
      </trkpt>
      <trkpt lat="52.8514599" lon="27.6404529">
        <ele>177</ele>
        <time>2024-08-17T08:28:45Z</time>
        <hdop>2</hdop>
        <extensions>
          <speed>7.61</speed>
        </extensions>
      </trkpt>
      <trkpt lat="52.8516418" lon="27.6416687">
        <ele>176</ele>
        <time>2024-08-17T08:28:56Z</time>
        <hdop>1.5</hdop>
        <extensions>
          <speed>7.44</speed>
        </extensions>
      </trkpt>
      <trkpt lat="52.8518069" lon="27.642734">
        <ele>176</ele>
        <time>2024-08-17T08:29:06Z</time>
        <hdop>1.5</hdop>
        <extensions>
          <speed>7.45</speed>
        </extensions>
      </trkpt>
      <trkpt lat="52.8520099" lon="27.6439359">
        <ele>177</ele>
        <time>2024-08-17T08:29:17Z</time>
        <hdop>1.5</hdop>
        <extensions>
          <speed>7.47</speed>
        </extensions>
      </trkpt>
      <trkpt lat="52.8521753" lon="27.6450403">
        <ele>177</ele>
        <time>2024-08-17T08:29:27Z</time>
        <hdop>1.5</hdop>
        <extensions>
          <speed>7.86</speed>
        </extensions>
      </trkpt>
      <trkpt lat="52.8523809" lon="27.6463708">
        <ele>175</ele>
        <time>2024-08-17T08:29:38Z</time>
        <hdop>1.5</hdop>
        <extensions>
          <speed>8.48</speed>
        </extensions>
      </trkpt>
      <trkpt lat="52.852458" lon="27.6474793">
        <ele>174</ele>
        <time>2024-08-17T08:29:48Z</time>
        <hdop>1.5</hdop>
        <extensions>
          <speed>6.26</speed>
        </extensions>
      </trkpt>
      <trkpt lat="52.851911" lon="27.6478859">
        <ele>174</ele>
        <time>2024-08-17T08:29:58Z</time>
        <hdop>1.5</hdop>
        <extensions>
          <speed>6.67</speed>
        </extensions>
      </trkpt>
      <trkpt lat="52.851371" lon="27.6482574">
        <ele>175</ele>
        <time>2024-08-17T08:30:08Z</time>
        <hdop>1.5</hdop>
        <extensions>
          <speed>6.33</speed>
        </extensions>
      </trkpt>
      <trkpt lat="52.8507895" lon="27.648644">
        <ele>175</ele>
        <time>2024-08-17T08:30:19Z</time>
        <hdop>1.5</hdop>
        <extensions>
          <speed>6.18</speed>
        </extensions>
      </trkpt>
      <trkpt lat="52.850266" lon="27.6490022">
        <ele>175</ele>
        <time>2024-08-17T08:30:30Z</time>
        <hdop>1.5</hdop>
        <extensions>
          <speed>5.31</speed>
        </extensions>
      </trkpt>
      <trkpt lat="52.8497956" lon="27.6492756">
        <ele>175</ele>
        <time>2024-08-17T08:30:40Z</time>
        <hdop>1</hdop>
        <extensions>
          <speed>6.02</speed>
        </extensions>
      </trkpt>
      <trkpt lat="52.8492933" lon="27.6496285">
        <ele>175</ele>
        <time>2024-08-17T08:30:51Z</time>
        <hdop>1.5</hdop>
        <extensions>
          <speed>5.85</speed>
        </extensions>
      </trkpt>
      <trkpt lat="52.8488263" lon="27.6499607">
        <ele>175</ele>
        <time>2024-08-17T08:31:01Z</time>
        <hdop>1.5</hdop>
        <extensions>
          <speed>5.79</speed>
        </extensions>
      </trkpt>
      <trkpt lat="52.8483177" lon="27.6502998">
        <ele>175</ele>
        <time>2024-08-17T08:31:11Z</time>
        <hdop>1.5</hdop>
        <extensions>
          <speed>6.02</speed>
        </extensions>
      </trkpt>
      <trkpt lat="52.8477726" lon="27.6506672">
        <ele>175</ele>
        <time>2024-08-17T08:31:22Z</time>
        <hdop>1.5</hdop>
        <extensions>
          <speed>5.72</speed>
        </extensions>
      </trkpt>
      <trkpt lat="52.8472693" lon="27.6510004">
        <ele>176</ele>
        <time>2024-08-17T08:31:33Z</time>
        <hdop>1.5</hdop>
        <extensions>
          <speed>5.4</speed>
        </extensions>
      </trkpt>
      <trkpt lat="52.846779" lon="27.6513152">
        <ele>174</ele>
        <time>2024-08-17T08:31:44Z</time>
        <hdop>1.5</hdop>
        <extensions>
          <speed>5.41</speed>
        </extensions>
      </trkpt>
      <trkpt lat="52.8462815" lon="27.6515824">
        <ele>175</ele>
        <time>2024-08-17T08:31:55Z</time>
        <hdop>1.5</hdop>
        <extensions>
          <speed>5.29</speed>
        </extensions>
      </trkpt>
      <trkpt lat="52.845797" lon="27.651739">
        <ele>176</ele>
        <time>2024-08-17T08:32:05Z</time>
        <hdop>1.5</hdop>
        <extensions>
          <speed>5.56</speed>
        </extensions>
      </trkpt>
      <trkpt lat="52.84532" lon="27.651928">
        <ele>176</ele>
        <time>2024-08-17T08:32:15Z</time>
        <hdop>1.5</hdop>
        <extensions>
          <speed>5.42</speed>
        </extensions>
      </trkpt>
      <trkpt lat="52.8448159" lon="27.6521095">
        <ele>175</ele>
        <time>2024-08-17T08:32:26Z</time>
        <hdop>1.5</hdop>
        <extensions>
          <speed>5.36</speed>
        </extensions>
      </trkpt>
      <trkpt lat="52.8443658" lon="27.6522529">
        <ele>175</ele>
        <time>2024-08-17T08:32:36Z</time>
        <hdop>1</hdop>
        <extensions>
          <speed>4.94</speed>
        </extensions>
      </trkpt>
      <trkpt lat="52.8439277" lon="27.6524296">
        <ele>174</ele>
        <time>2024-08-17T08:32:46Z</time>
        <hdop>1.5</hdop>
        <extensions>
          <speed>5.23</speed>
        </extensions>
      </trkpt>
      <trkpt lat="52.8434455" lon="27.6525888">
        <ele>175</ele>
        <time>2024-08-17T08:32:56Z</time>
        <hdop>1.5</hdop>
        <extensions>
          <speed>5.35</speed>
        </extensions>
      </trkpt>
      <trkpt lat="52.8429174" lon="27.6527718">
        <ele>175</ele>
        <time>2024-08-17T08:33:07Z</time>
        <hdop>1</hdop>
        <extensions>
          <speed>5.25</speed>
        </extensions>
      </trkpt>
      <trkpt lat="52.8424062" lon="27.6529761">
        <ele>174</ele>
        <time>2024-08-17T08:33:18Z</time>
        <hdop>1.5</hdop>
        <extensions>
          <speed>5.63</speed>
        </extensions>
      </trkpt>
      <trkpt lat="52.8418956" lon="27.6532253">
        <ele>175</ele>
        <time>2024-08-17T08:33:29Z</time>
        <hdop>1.5</hdop>
        <extensions>
          <speed>5.23</speed>
        </extensions>
      </trkpt>
      <trkpt lat="52.8413801" lon="27.6534085">
        <ele>174</ele>
        <time>2024-08-17T08:33:40Z</time>
        <hdop>1</hdop>
        <extensions>
          <speed>5.46</speed>
        </extensions>
      </trkpt>
      <trkpt lat="52.8408946" lon="27.6534566">
        <ele>175</ele>
        <time>2024-08-17T08:33:50Z</time>
        <hdop>1</hdop>
        <extensions>
          <speed>5.17</speed>
        </extensions>
      </trkpt>
      <trkpt lat="52.8403804" lon="27.6534043">
        <ele>174</ele>
        <time>2024-08-17T08:34:01Z</time>
        <hdop>1</hdop>
        <extensions>
          <speed>5.29</speed>
        </extensions>
      </trkpt>
      <trkpt lat="52.8398663" lon="27.6533539">
        <ele>174</ele>
        <time>2024-08-17T08:34:12Z</time>
        <hdop>1</hdop>
        <extensions>
          <speed>5.01</speed>
        </extensions>
      </trkpt>
      <trkpt lat="52.8394076" lon="27.6533065">
        <ele>175</ele>
        <time>2024-08-17T08:34:22Z</time>
        <hdop>1</hdop>
        <extensions>
          <speed>5.18</speed>
        </extensions>
      </trkpt>
      <trkpt lat="52.8389499" lon="27.6531564">
        <ele>175</ele>
        <time>2024-08-17T08:34:32Z</time>
        <hdop>1</hdop>
        <extensions>
          <speed>5.21</speed>
        </extensions>
      </trkpt>
      <trkpt lat="52.8385314" lon="27.6526716">
        <ele>175</ele>
        <time>2024-08-17T08:34:43Z</time>
        <hdop>1</hdop>
        <extensions>
          <speed>5.34</speed>
        </extensions>
      </trkpt>
      <trkpt lat="52.838119" lon="27.6521501">
        <ele>175</ele>
        <time>2024-08-17T08:34:54Z</time>
        <hdop>1</hdop>
        <extensions>
          <speed>5.18</speed>
        </extensions>
      </trkpt>
      <trkpt lat="52.8377507" lon="27.6516949">
        <ele>175</ele>
        <time>2024-08-17T08:35:04Z</time>
        <hdop>1</hdop>
        <extensions>
          <speed>5.15</speed>
        </extensions>
      </trkpt>
      <trkpt lat="52.8373435" lon="27.6511838">
        <ele>175</ele>
        <time>2024-08-17T08:35:15Z</time>
        <hdop>1</hdop>
        <extensions>
          <speed>5.33</speed>
        </extensions>
      </trkpt>
      <trkpt lat="52.836921" lon="27.6506385">
        <ele>175</ele>
        <time>2024-08-17T08:35:26Z</time>
        <hdop>1</hdop>
        <extensions>
          <speed>5.28</speed>
        </extensions>
      </trkpt>
      <trkpt lat="52.8365004" lon="27.6501141">
        <ele>175</ele>
        <time>2024-08-17T08:35:37Z</time>
        <hdop>1</hdop>
        <extensions>
          <speed>5.25</speed>
        </extensions>
      </trkpt>
      <trkpt lat="52.8360958" lon="27.6495888">
        <ele>175</ele>
        <time>2024-08-17T08:35:48Z</time>
        <hdop>1</hdop>
        <extensions>
          <speed>5.18</speed>
        </extensions>
      </trkpt>
      <trkpt lat="52.8356788" lon="27.6490605">
        <ele>174</ele>
        <time>2024-08-17T08:35:59Z</time>
        <hdop>1</hdop>
        <extensions>
          <speed>5.79</speed>
        </extensions>
      </trkpt>
      <trkpt lat="52.8352507" lon="27.6484727">
        <ele>174</ele>
        <time>2024-08-17T08:36:10Z</time>
        <hdop>1</hdop>
        <extensions>
          <speed>5.71</speed>
        </extensions>
      </trkpt>
      <trkpt lat="52.8348553" lon="27.6479193">
        <ele>175</ele>
        <time>2024-08-17T08:36:20Z</time>
        <hdop>1</hdop>
        <extensions>
          <speed>5.54</speed>
        </extensions>
      </trkpt>
      <trkpt lat="52.8344583" lon="27.6473837">
        <ele>175</ele>
        <time>2024-08-17T08:36:30Z</time>
        <hdop>1</hdop>
        <extensions>
          <speed>5.74</speed>
        </extensions>
      </trkpt>
      <trkpt lat="52.8340465" lon="27.6467807">
        <ele>174</ele>
        <time>2024-08-17T08:36:41Z</time>
        <hdop>1</hdop>
        <extensions>
          <speed>5.58</speed>
        </extensions>
      </trkpt>
      <trkpt lat="52.8336522" lon="27.6462551">
        <ele>174</ele>
        <time>2024-08-17T08:36:51Z</time>
        <hdop>1</hdop>
        <extensions>
          <speed>5.76</speed>
        </extensions>
      </trkpt>
      <trkpt lat="52.8332403" lon="27.6456403">
        <ele>173</ele>
        <time>2024-08-17T08:37:02Z</time>
        <hdop>1</hdop>
        <extensions>
          <speed>5.44</speed>
        </extensions>
      </trkpt>
      <trkpt lat="52.8328636" lon="27.6450394">
        <ele>174</ele>
        <time>2024-08-17T08:37:13Z</time>
        <hdop>1</hdop>
        <extensions>
          <speed>5.55</speed>
        </extensions>
      </trkpt>
      <trkpt lat="52.8325133" lon="27.6444907">
        <ele>175</ele>
        <time>2024-08-17T08:37:23Z</time>
        <hdop>1</hdop>
        <extensions>
          <speed>5.6</speed>
        </extensions>
      </trkpt>
      <trkpt lat="52.8321197" lon="27.6438551">
        <ele>175</ele>
        <time>2024-08-17T08:37:34Z</time>
        <hdop>1</hdop>
        <extensions>
          <speed>5.57</speed>
        </extensions>
      </trkpt>
      <trkpt lat="52.8317844" lon="27.643227">
        <ele>175</ele>
        <time>2024-08-17T08:37:44Z</time>
        <hdop>1</hdop>
        <extensions>
          <speed>5.85</speed>
        </extensions>
      </trkpt>
      <trkpt lat="52.8315652" lon="27.6424232">
        <ele>175</ele>
        <time>2024-08-17T08:37:54Z</time>
        <hdop>1</hdop>
        <extensions>
          <speed>6.12</speed>
        </extensions>
      </trkpt>
      <trkpt lat="52.8313592" lon="27.6414928">
        <ele>175</ele>
        <time>2024-08-17T08:38:05Z</time>
        <hdop>1</hdop>
        <extensions>
          <speed>6.04</speed>
        </extensions>
      </trkpt>
      <trkpt lat="52.8311808" lon="27.6406835">
        <ele>176</ele>
        <time>2024-08-17T08:38:15Z</time>
        <hdop>1</hdop>
        <extensions>
          <speed>5.71</speed>
        </extensions>
      </trkpt>
      <trkpt lat="52.8309702" lon="27.6397861">
        <ele>175</ele>
        <time>2024-08-17T08:38:26Z</time>
        <hdop>1</hdop>
        <extensions>
          <speed>5.88</speed>
        </extensions>
      </trkpt>
      <trkpt lat="52.8306085" lon="27.6392162">
        <ele>176</ele>
        <time>2024-08-17T08:38:36Z</time>
        <hdop>1</hdop>
        <extensions>
          <speed>5.64</speed>
        </extensions>
      </trkpt>
      <trkpt lat="52.8300596" lon="27.638956">
        <ele>176</ele>
        <time>2024-08-17T08:38:47Z</time>
        <hdop>1</hdop>
        <extensions>
          <speed>5.74</speed>
        </extensions>
      </trkpt>
      <trkpt lat="52.8295886" lon="27.6387592">
        <ele>175</ele>
        <time>2024-08-17T08:38:57Z</time>
        <hdop>1</hdop>
        <extensions>
          <speed>5.58</speed>
        </extensions>
      </trkpt>
      <trkpt lat="52.8290414" lon="27.6385171">
        <ele>175</ele>
        <time>2024-08-17T08:39:08Z</time>
        <hdop>1</hdop>
        <extensions>
          <speed>5.52</speed>
        </extensions>
      </trkpt>
      <trkpt lat="52.828496" lon="27.6382913">
        <ele>175</ele>
        <time>2024-08-17T08:39:19Z</time>
        <hdop>1</hdop>
        <extensions>
          <speed>6.14</speed>
        </extensions>
      </trkpt>
      <trkpt lat="52.8279958" lon="27.6380749">
        <ele>175</ele>
        <time>2024-08-17T08:39:29Z</time>
        <hdop>1</hdop>
        <extensions>
          <speed>5.73</speed>
        </extensions>
      </trkpt>
      <trkpt lat="52.8274653" lon="27.637833">
        <ele>175</ele>
        <time>2024-08-17T08:39:40Z</time>
        <hdop>1</hdop>
        <extensions>
          <speed>5.78</speed>
        </extensions>
      </trkpt>
      <trkpt lat="52.8269593" lon="27.6376102">
        <ele>175</ele>
        <time>2024-08-17T08:39:50Z</time>
        <hdop>1</hdop>
        <extensions>
          <speed>5.96</speed>
        </extensions>
      </trkpt>
      <trkpt lat="52.8263981" lon="27.6373529">
        <ele>174</ele>
        <time>2024-08-17T08:40:00Z</time>
        <hdop>1.5</hdop>
        <extensions>
          <speed>5.43</speed>
        </extensions>
      </trkpt>
      <trkpt lat="52.8259137" lon="27.6371474">
        <ele>173</ele>
        <time>2024-08-17T08:40:11Z</time>
        <hdop>1.5</hdop>
        <extensions>
          <speed>5.52</speed>
        </extensions>
      </trkpt>
      <trkpt lat="52.8253556" lon="27.6369037">
        <ele>175</ele>
        <time>2024-08-17T08:40:22Z</time>
        <hdop>2</hdop>
        <extensions>
          <speed>5.85</speed>
        </extensions>
      </trkpt>
      <trkpt lat="52.8249013" lon="27.6370653">
        <ele>174</ele>
        <time>2024-08-17T08:40:33Z</time>
        <hdop>2</hdop>
        <extensions>
          <speed>6.76</speed>
        </extensions>
      </trkpt>
      <trkpt lat="52.8245375" lon="27.6377643">
        <ele>182</ele>
        <time>2024-08-17T08:40:43Z</time>
        <hdop>2</hdop>
        <extensions>
          <speed>5.73</speed>
        </extensions>
      </trkpt>
      <trkpt lat="52.8239499" lon="27.6377947">
        <ele>178</ele>
        <time>2024-08-17T08:40:54Z</time>
        <hdop>1.5</hdop>
        <extensions>
          <speed>5.22</speed>
        </extensions>
      </trkpt>
      <trkpt lat="52.823426" lon="27.6376932">
        <ele>176</ele>
        <time>2024-08-17T08:41:04Z</time>
        <hdop>2</hdop>
        <extensions>
          <speed>5.43</speed>
        </extensions>
      </trkpt>
      <trkpt lat="52.8229186" lon="27.6376601">
        <ele>176</ele>
        <time>2024-08-17T08:41:14Z</time>
        <hdop>1.5</hdop>
        <extensions>
          <speed>5.16</speed>
        </extensions>
      </trkpt>
      <trkpt lat="52.8223792" lon="27.6376033">
        <ele>174</ele>
        <time>2024-08-17T08:41:25Z</time>
        <hdop>1.5</hdop>
        <extensions>
          <speed>4.79</speed>
        </extensions>
      </trkpt>
      <trkpt lat="52.821963" lon="27.6374452">
        <ele>175</ele>
        <time>2024-08-17T08:41:35Z</time>
        <hdop>1.5</hdop>
        <extensions>
          <speed>4.91</speed>
        </extensions>
      </trkpt>
      <trkpt lat="52.8215043" lon="27.6374243">
        <ele>174</ele>
        <time>2024-08-17T08:41:46Z</time>
        <hdop>1.5</hdop>
        <extensions>
          <speed>3.95</speed>
        </extensions>
      </trkpt>
      <trkpt lat="52.8214407" lon="27.6377299">
        <ele>173</ele>
        <time>2024-08-17T08:41:56Z</time>
        <hdop>2</hdop>
        <extensions>
          <speed>3.16</speed>
        </extensions>
      </trkpt>
      <trkpt lat="52.8213962" lon="27.6381405">
        <ele>177</ele>
        <time>2024-08-17T08:42:07Z</time>
        <hdop>2.5</hdop>
        <extensions>
          <speed>0.9</speed>
        </extensions>
      </trkpt>
      <trkpt lat="52.8211408" lon="27.638149">
        <ele>189</ele>
        <time>2024-08-17T08:42:18Z</time>
        <hdop>3</hdop>
        <extensions>
          <speed>1.94</speed>
        </extensions>
      </trkpt>
      <trkpt lat="52.8205922" lon="27.6380129">
        <ele>191</ele>
        <time>2024-08-17T08:42:28Z</time>
        <hdop>2</hdop>
        <extensions>
          <speed>4.41</speed>
        </extensions>
      </trkpt>
      <trkpt lat="52.8200878" lon="27.6381199">
        <ele>184</ele>
        <time>2024-08-17T08:42:39Z</time>
        <hdop>2</hdop>
        <extensions>
          <speed>5.89</speed>
        </extensions>
      </trkpt>
      <trkpt lat="52.8195151" lon="27.6381549">
        <ele>180</ele>
        <time>2024-08-17T08:42:50Z</time>
        <hdop>2</hdop>
        <extensions>
          <speed>4.87</speed>
        </extensions>
      </trkpt>
      <trkpt lat="52.8190365" lon="27.6380752">
        <ele>177</ele>
        <time>2024-08-17T08:43:00Z</time>
        <hdop>1.5</hdop>
        <extensions>
          <speed>4.89</speed>
        </extensions>
      </trkpt>
      <trkpt lat="52.8185875" lon="27.6379974">
        <ele>175</ele>
        <time>2024-08-17T08:43:11Z</time>
        <hdop>1.5</hdop>
        <extensions>
          <speed>4.43</speed>
        </extensions>
      </trkpt>
      <trkpt lat="52.8181305" lon="27.6379508">
        <ele>175</ele>
        <time>2024-08-17T08:43:22Z</time>
        <hdop>1.5</hdop>
        <extensions>
          <speed>4.09</speed>
        </extensions>
      </trkpt>
      <trkpt lat="52.8177118" lon="27.6378987">
        <ele>176</ele>
        <time>2024-08-17T08:43:32Z</time>
        <hdop>1.5</hdop>
        <extensions>
          <speed>4.35</speed>
        </extensions>
      </trkpt>
      <trkpt lat="52.8173084" lon="27.6378362">
        <ele>176</ele>
        <time>2024-08-17T08:43:42Z</time>
        <hdop>1.5</hdop>
        <extensions>
          <speed>4.27</speed>
        </extensions>
      </trkpt>
      <trkpt lat="52.81685" lon="27.6378025">
        <ele>176</ele>
        <time>2024-08-17T08:43:53Z</time>
        <hdop>1.5</hdop>
        <extensions>
          <speed>4.46</speed>
        </extensions>
      </trkpt>
      <trkpt lat="52.8164168" lon="27.6377564">
        <ele>175</ele>
        <time>2024-08-17T08:44:03Z</time>
        <hdop>1.5</hdop>
        <extensions>
          <speed>4.7</speed>
        </extensions>
      </trkpt>
      <trkpt lat="52.8159983" lon="27.6377221">
        <ele>175</ele>
        <time>2024-08-17T08:44:14Z</time>
        <hdop>2</hdop>
        <extensions>
          <speed>4.29</speed>
        </extensions>
      </trkpt>
      <trkpt lat="52.8156226" lon="27.6376567">
        <ele>175</ele>
        <time>2024-08-17T08:44:24Z</time>
        <hdop>2</hdop>
        <extensions>
          <speed>4.24</speed>
        </extensions>
      </trkpt>
      <trkpt lat="52.8152402" lon="27.6376284">
        <ele>175</ele>
        <time>2024-08-17T08:44:34Z</time>
        <hdop>2</hdop>
        <extensions>
          <speed>4</speed>
        </extensions>
      </trkpt>
      <trkpt lat="52.8149582" lon="27.6374187">
        <ele>176</ele>
        <time>2024-08-17T08:44:44Z</time>
        <hdop>2</hdop>
        <extensions>
          <speed>3.26</speed>
        </extensions>
      </trkpt>
      <trkpt lat="52.8147608" lon="27.6372256">
        <ele>177</ele>
        <time>2024-08-17T08:44:54Z</time>
        <hdop>2</hdop>
        <extensions>
          <speed>3.06</speed>
        </extensions>
      </trkpt>
      <trkpt lat="52.8144577" lon="27.6371947">
        <ele>175</ele>
        <time>2024-08-17T08:45:05Z</time>
        <hdop>2</hdop>
        <extensions>
          <speed>3</speed>
        </extensions>
      </trkpt>
      <trkpt lat="52.8141322" lon="27.6371565">
        <ele>175</ele>
        <time>2024-08-17T08:45:15Z</time>
        <hdop>2</hdop>
        <extensions>
          <speed>3.73</speed>
        </extensions>
      </trkpt>
      <trkpt lat="52.8138353" lon="27.6371361">
        <ele>174</ele>
        <time>2024-08-17T08:45:25Z</time>
        <hdop>2</hdop>
        <extensions>
          <speed>3.5</speed>
        </extensions>
      </trkpt>
      <trkpt lat="52.8134732" lon="27.6371131">
        <ele>172</ele>
        <time>2024-08-17T08:45:36Z</time>
        <hdop>2</hdop>
        <extensions>
          <speed>3.84</speed>
        </extensions>
      </trkpt>
      <trkpt lat="52.8130607" lon="27.6370918">
        <ele>172</ele>
        <time>2024-08-17T08:45:46Z</time>
        <hdop>1.5</hdop>
        <extensions>
          <speed>4.18</speed>
        </extensions>
      </trkpt>
      <trkpt lat="52.8127063" lon="27.6368789">
        <ele>173</ele>
        <time>2024-08-17T08:45:57Z</time>
        <hdop>1</hdop>
        <extensions>
          <speed>3.96</speed>
        </extensions>
      </trkpt>
      <trkpt lat="52.8124026" lon="27.6363941">
        <ele>173</ele>
        <time>2024-08-17T08:46:08Z</time>
        <hdop>1</hdop>
        <extensions>
          <speed>4.07</speed>
        </extensions>
      </trkpt>
      <trkpt lat="52.812113" lon="27.6359086">
        <ele>173</ele>
        <time>2024-08-17T08:46:19Z</time>
        <hdop>1</hdop>
        <extensions>
          <speed>4.5</speed>
        </extensions>
      </trkpt>
      <trkpt lat="52.8118394" lon="27.635505">
        <ele>172</ele>
        <time>2024-08-17T08:46:30Z</time>
        <hdop>1.5</hdop>
        <extensions>
          <speed>4.04</speed>
        </extensions>
      </trkpt>
      <trkpt lat="52.8115506" lon="27.6350248">
        <ele>173</ele>
        <time>2024-08-17T08:46:41Z</time>
        <hdop>1</hdop>
        <extensions>
          <speed>4.54</speed>
        </extensions>
      </trkpt>
      <trkpt lat="52.8112674" lon="27.6345655">
        <ele>173</ele>
        <time>2024-08-17T08:46:51Z</time>
        <hdop>1</hdop>
        <extensions>
          <speed>4.55</speed>
        </extensions>
      </trkpt>
      <trkpt lat="52.8109709" lon="27.6340824">
        <ele>173</ele>
        <time>2024-08-17T08:47:01Z</time>
        <hdop>1.5</hdop>
        <extensions>
          <speed>4.44</speed>
        </extensions>
      </trkpt>
      <trkpt lat="52.8106337" lon="27.6335631">
        <ele>173</ele>
        <time>2024-08-17T08:47:12Z</time>
        <hdop>1</hdop>
        <extensions>
          <speed>4.72</speed>
        </extensions>
      </trkpt>
      <trkpt lat="52.8104208" lon="27.6332627">
        <ele>172</ele>
        <time>2024-08-17T08:47:22Z</time>
        <hdop>1.5</hdop>
        <extensions>
          <speed>0.03</speed>
        </extensions>
      </trkpt>
      <trkpt lat="52.8104022" lon="27.6332294">
        <ele>172</ele>
        <time>2024-08-17T08:47:32Z</time>
        <hdop>4</hdop>
      </trkpt>
      <trkpt lat="52.810412" lon="27.6332519">
        <ele>171</ele>
        <time>2024-08-17T08:47:42Z</time>
        <hdop>3</hdop>
        <extensions>
          <speed>0.26</speed>
        </extensions>
      </trkpt>
      <trkpt lat="52.8101834" lon="27.6331605">
        <ele>172</ele>
        <time>2024-08-17T08:47:53Z</time>
        <hdop>1.5</hdop>
        <extensions>
          <speed>5.1</speed>
        </extensions>
      </trkpt>
      <trkpt lat="52.8097377" lon="27.6329627">
        <ele>172</ele>
        <time>2024-08-17T08:48:03Z</time>
        <hdop>1</hdop>
        <extensions>
          <speed>5.07</speed>
        </extensions>
      </trkpt>
      <trkpt lat="52.8092801" lon="27.6327473">
        <ele>172</ele>
        <time>2024-08-17T08:48:14Z</time>
        <hdop>1</hdop>
        <extensions>
          <speed>4.81</speed>
        </extensions>
      </trkpt>
      <trkpt lat="52.8088926" lon="27.6325541">
        <ele>173</ele>
        <time>2024-08-17T08:48:24Z</time>
        <hdop>1</hdop>
        <extensions>
          <speed>4.28</speed>
        </extensions>
      </trkpt>
      <trkpt lat="52.8084778" lon="27.6323686">
        <ele>172</ele>
        <time>2024-08-17T08:48:35Z</time>
        <hdop>1</hdop>
        <extensions>
          <speed>3.93</speed>
        </extensions>
      </trkpt>
      <trkpt lat="52.8080874" lon="27.6321924">
        <ele>172</ele>
        <time>2024-08-17T08:48:45Z</time>
        <hdop>1</hdop>
        <extensions>
          <speed>4.26</speed>
        </extensions>
      </trkpt>
      <trkpt lat="52.8077218" lon="27.6320226">
        <ele>172</ele>
        <time>2024-08-17T08:48:56Z</time>
        <hdop>1</hdop>
        <extensions>
          <speed>4.31</speed>
        </extensions>
      </trkpt>
      <trkpt lat="52.8073209" lon="27.6318411">
        <ele>172</ele>
        <time>2024-08-17T08:49:07Z</time>
        <hdop>1.5</hdop>
        <extensions>
          <speed>3.64</speed>
        </extensions>
      </trkpt>
      <trkpt lat="52.8069555" lon="27.6316569">
        <ele>172</ele>
        <time>2024-08-17T08:49:18Z</time>
        <hdop>1.5</hdop>
        <extensions>
          <speed>3.29</speed>
        </extensions>
      </trkpt>
      <trkpt lat="52.8065777" lon="27.631423">
        <ele>172</ele>
        <time>2024-08-17T08:49:29Z</time>
        <hdop>1</hdop>
        <extensions>
          <speed>3.52</speed>
        </extensions>
      </trkpt>
      <trkpt lat="52.8063957" lon="27.6319389">
        <ele>167</ele>
        <time>2024-08-17T08:49:39Z</time>
        <hdop>1.5</hdop>
        <extensions>
          <speed>4.97</speed>
        </extensions>
      </trkpt>
      <trkpt lat="52.8064812" lon="27.632546">
        <ele>168</ele>
        <time>2024-08-17T08:49:49Z</time>
        <hdop>2</hdop>
        <extensions>
          <speed>3.55</speed>
        </extensions>
      </trkpt>
      <trkpt lat="52.8065988" lon="27.6331269">
        <ele>171</ele>
        <time>2024-08-17T08:50:00Z</time>
        <hdop>2.5</hdop>
        <extensions>
          <speed>3.4</speed>
        </extensions>
      </trkpt>
      <trkpt lat="52.8067682" lon="27.6336924">
        <ele>176</ele>
        <time>2024-08-17T08:50:11Z</time>
        <hdop>2.5</hdop>
        <extensions>
          <speed>2.68</speed>
        </extensions>
      </trkpt>
      <trkpt lat="52.8068763" lon="27.6342583">
        <ele>181</ele>
        <time>2024-08-17T08:50:22Z</time>
        <hdop>2.5</hdop>
        <extensions>
          <speed>2.9</speed>
        </extensions>
      </trkpt>
      <trkpt lat="52.8070025" lon="27.6348132">
        <ele>187</ele>
        <time>2024-08-17T08:50:33Z</time>
        <hdop>3</hdop>
        <extensions>
          <speed>3.02</speed>
        </extensions>
      </trkpt>
      <trkpt lat="52.8070984" lon="27.6353732">
        <ele>188</ele>
        <time>2024-08-17T08:50:43Z</time>
        <hdop>3</hdop>
        <extensions>
          <speed>2.87</speed>
        </extensions>
      </trkpt>
      <trkpt lat="52.8071557" lon="27.6358812">
        <ele>187</ele>
        <time>2024-08-17T08:50:53Z</time>
        <hdop>3</hdop>
        <extensions>
          <speed>2.01</speed>
        </extensions>
      </trkpt>
      <trkpt lat="52.8073413" lon="27.6362047">
        <ele>183</ele>
        <time>2024-08-17T08:51:04Z</time>
        <hdop>2.5</hdop>
        <extensions>
          <speed>3.98</speed>
        </extensions>
      </trkpt>
      <trkpt lat="52.8077333" lon="27.6361164">
        <ele>178</ele>
        <time>2024-08-17T08:51:15Z</time>
        <hdop>2</hdop>
        <extensions>
          <speed>3.84</speed>
        </extensions>
      </trkpt>
      <trkpt lat="52.8079316" lon="27.6363866">
        <ele>175</ele>
        <time>2024-08-17T08:51:25Z</time>
        <hdop>2</hdop>
        <extensions>
          <speed>3.51</speed>
        </extensions>
      </trkpt>
      <trkpt lat="52.8079086" lon="27.6370085">
        <ele>172</ele>
        <time>2024-08-17T08:51:36Z</time>
        <hdop>2</hdop>
        <extensions>
          <speed>3.78</speed>
        </extensions>
      </trkpt>
      <trkpt lat="52.8078811" lon="27.637641">
        <ele>169</ele>
        <time>2024-08-17T08:51:47Z</time>
        <hdop>2</hdop>
        <extensions>
          <speed>3.7</speed>
        </extensions>
      </trkpt>
      <trkpt lat="52.8078363" lon="27.6383585">
        <ele>167</ele>
        <time>2024-08-17T08:51:58Z</time>
        <hdop>1.5</hdop>
        <extensions>
          <speed>4.43</speed>
        </extensions>
      </trkpt>
      <trkpt lat="52.8077887" lon="27.6390395">
        <ele>168</ele>
        <time>2024-08-17T08:52:09Z</time>
        <hdop>1.5</hdop>
        <extensions>
          <speed>4.08</speed>
        </extensions>
      </trkpt>
      <trkpt lat="52.8077433" lon="27.6396458">
        <ele>168</ele>
        <time>2024-08-17T08:52:19Z</time>
        <hdop>1.5</hdop>
        <extensions>
          <speed>4.55</speed>
        </extensions>
      </trkpt>
      <trkpt lat="52.8076941" lon="27.6403175">
        <ele>168</ele>
        <time>2024-08-17T08:52:30Z</time>
        <hdop>1.5</hdop>
        <extensions>
          <speed>4.05</speed>
        </extensions>
      </trkpt>
      <trkpt lat="52.8076505" lon="27.6409739">
        <ele>168</ele>
        <time>2024-08-17T08:52:41Z</time>
        <hdop>1.5</hdop>
        <extensions>
          <speed>4.02</speed>
        </extensions>
      </trkpt>
      <trkpt lat="52.8076221" lon="27.641523">
        <ele>168</ele>
        <time>2024-08-17T08:52:51Z</time>
        <hdop>2</hdop>
        <extensions>
          <speed>3.87</speed>
        </extensions>
      </trkpt>
      <trkpt lat="52.8075865" lon="27.642168">
        <ele>168</ele>
        <time>2024-08-17T08:53:01Z</time>
        <hdop>1.5</hdop>
        <extensions>
          <speed>4.6</speed>
        </extensions>
      </trkpt>
      <trkpt lat="52.8075499" lon="27.6428775">
        <ele>169</ele>
        <time>2024-08-17T08:53:12Z</time>
        <hdop>1.5</hdop>
        <extensions>
          <speed>4.14</speed>
        </extensions>
      </trkpt>
      <trkpt lat="52.8075088" lon="27.643535">
        <ele>169</ele>
        <time>2024-08-17T08:53:22Z</time>
        <hdop>1.5</hdop>
        <extensions>
          <speed>4.8</speed>
        </extensions>
      </trkpt>
      <trkpt lat="52.8074812" lon="27.6441307">
        <ele>171</ele>
        <time>2024-08-17T08:53:33Z</time>
        <hdop>2</hdop>
        <extensions>
          <speed>2.9</speed>
        </extensions>
      </trkpt>
      <trkpt lat="52.8078162" lon="27.6441713">
        <ele>172</ele>
        <time>2024-08-17T08:53:44Z</time>
        <hdop>1.5</hdop>
        <extensions>
          <speed>4.37</speed>
        </extensions>
      </trkpt>
      <trkpt lat="52.8082929" lon="27.6441157">
        <ele>173</ele>
        <time>2024-08-17T08:53:55Z</time>
        <hdop>1</hdop>
        <extensions>
          <speed>4.58</speed>
        </extensions>
      </trkpt>
      <trkpt lat="52.808719" lon="27.6440736">
        <ele>173</ele>
        <time>2024-08-17T08:54:05Z</time>
        <hdop>1</hdop>
        <extensions>
          <speed>4.75</speed>
        </extensions>
      </trkpt>
      <trkpt lat="52.8091333" lon="27.6440179">
        <ele>174</ele>
        <time>2024-08-17T08:54:15Z</time>
        <hdop>1</hdop>
        <extensions>
          <speed>4.76</speed>
        </extensions>
      </trkpt>
      <trkpt lat="52.8096574" lon="27.6439638">
        <ele>174</ele>
        <time>2024-08-17T08:54:26Z</time>
        <hdop>1</hdop>
        <extensions>
          <speed>5.6</speed>
        </extensions>
      </trkpt>
      <trkpt lat="52.810147" lon="27.6439406">
        <ele>175</ele>
        <time>2024-08-17T08:54:36Z</time>
        <hdop>1.5</hdop>
        <extensions>
          <speed>5.24</speed>
        </extensions>
      </trkpt>
      <trkpt lat="52.8106224" lon="27.6441151">
        <ele>177</ele>
        <time>2024-08-17T08:54:47Z</time>
        <hdop>1.5</hdop>
        <extensions>
          <speed>4.37</speed>
        </extensions>
      </trkpt>
      <trkpt lat="52.8109524" lon="27.64438">
        <ele>177</ele>
        <time>2024-08-17T08:54:57Z</time>
        <hdop>1.5</hdop>
        <extensions>
          <speed>4.64</speed>
        </extensions>
      </trkpt>
      <trkpt lat="52.8114656" lon="27.6446658">
        <ele>174</ele>
        <time>2024-08-17T08:55:08Z</time>
        <hdop>1</hdop>
        <extensions>
          <speed>5.37</speed>
        </extensions>
      </trkpt>
      <trkpt lat="52.8119815" lon="27.6445768">
        <ele>172</ele>
        <time>2024-08-17T08:55:19Z</time>
        <hdop>1</hdop>
        <extensions>
          <speed>4.87</speed>
        </extensions>
      </trkpt>
      <trkpt lat="52.8123549" lon="27.6442616">
        <ele>172</ele>
        <time>2024-08-17T08:55:29Z</time>
        <hdop>1</hdop>
        <extensions>
          <speed>4.7</speed>
        </extensions>
      </trkpt>
      <trkpt lat="52.8127848" lon="27.6438935">
        <ele>171</ele>
        <time>2024-08-17T08:55:39Z</time>
        <hdop>1</hdop>
        <extensions>
          <speed>5.1</speed>
        </extensions>
      </trkpt>
      <trkpt lat="52.8132568" lon="27.6436357">
        <ele>173</ele>
        <time>2024-08-17T08:55:50Z</time>
        <hdop>1</hdop>
        <extensions>
          <speed>5</speed>
        </extensions>
      </trkpt>
      <trkpt lat="52.8137011" lon="27.6435705">
        <ele>174</ele>
        <time>2024-08-17T08:56:00Z</time>
        <hdop>1</hdop>
        <extensions>
          <speed>4.95</speed>
        </extensions>
      </trkpt>
      <trkpt lat="52.8141991" lon="27.6435136">
        <ele>174</ele>
        <time>2024-08-17T08:56:11Z</time>
        <hdop>1.5</hdop>
        <extensions>
          <speed>5.26</speed>
        </extensions>
      </trkpt>
      <trkpt lat="52.8146667" lon="27.6434243">
        <ele>175</ele>
        <time>2024-08-17T08:56:21Z</time>
        <hdop>1.5</hdop>
        <extensions>
          <speed>4.98</speed>
        </extensions>
      </trkpt>
      <trkpt lat="52.8151566" lon="27.6433547">
        <ele>178</ele>
        <time>2024-08-17T08:56:32Z</time>
        <hdop>1.5</hdop>
        <extensions>
          <speed>4.83</speed>
        </extensions>
      </trkpt>
      <trkpt lat="52.8156688" lon="27.6433121">
        <ele>178</ele>
        <time>2024-08-17T08:56:43Z</time>
        <hdop>1.5</hdop>
        <extensions>
          <speed>5.15</speed>
        </extensions>
      </trkpt>
      <trkpt lat="52.8161453" lon="27.6432565">
        <ele>177</ele>
        <time>2024-08-17T08:56:53Z</time>
        <hdop>1.5</hdop>
        <extensions>
          <speed>5.09</speed>
        </extensions>
      </trkpt>
      <trkpt lat="52.816603" lon="27.6432429">
        <ele>176</ele>
        <time>2024-08-17T08:57:03Z</time>
        <hdop>1.5</hdop>
        <extensions>
          <speed>4.2</speed>
        </extensions>
      </trkpt>
      <trkpt lat="52.8168002" lon="27.6436989">
        <ele>177</ele>
        <time>2024-08-17T08:57:14Z</time>
        <hdop>2</hdop>
        <extensions>
          <speed>3.29</speed>
        </extensions>
      </trkpt>
      <trkpt lat="52.8168367" lon="27.6443341">
        <ele>173</ele>
        <time>2024-08-17T08:57:24Z</time>
        <hdop>1.5</hdop>
        <extensions>
          <speed>4.26</speed>
        </extensions>
      </trkpt>
      <trkpt lat="52.816866" lon="27.6450071">
        <ele>172</ele>
        <time>2024-08-17T08:57:35Z</time>
        <hdop>1.5</hdop>
        <extensions>
          <speed>3.84</speed>
        </extensions>
      </trkpt>
      <trkpt lat="52.8168792" lon="27.645722">
        <ele>170</ele>
        <time>2024-08-17T08:57:46Z</time>
        <hdop>1</hdop>
        <extensions>
          <speed>4.43</speed>
        </extensions>
      </trkpt>
      <trkpt lat="52.8169258" lon="27.6464218">
        <ele>172</ele>
        <time>2024-08-17T08:57:56Z</time>
        <hdop>1</hdop>
        <extensions>
          <speed>4.45</speed>
        </extensions>
      </trkpt>
      <trkpt lat="52.8169523" lon="27.6470312">
        <ele>172</ele>
        <time>2024-08-17T08:58:07Z</time>
        <hdop>1.5</hdop>
        <extensions>
          <speed>4.57</speed>
        </extensions>
      </trkpt>
      <trkpt lat="52.8169685" lon="27.6477803">
        <ele>171</ele>
        <time>2024-08-17T08:58:18Z</time>
        <hdop>1.5</hdop>
        <extensions>
          <speed>4.83</speed>
        </extensions>
      </trkpt>
      <trkpt lat="52.8169889" lon="27.6485132">
        <ele>172</ele>
        <time>2024-08-17T08:58:28Z</time>
        <hdop>1.5</hdop>
        <extensions>
          <speed>5.12</speed>
        </extensions>
      </trkpt>
      <trkpt lat="52.8170187" lon="27.6492491">
        <ele>172</ele>
        <time>2024-08-17T08:58:38Z</time>
        <hdop>1.5</hdop>
        <extensions>
          <speed>5</speed>
        </extensions>
      </trkpt>
      <trkpt lat="52.8170699" lon="27.6500404">
        <ele>173</ele>
        <time>2024-08-17T08:58:49Z</time>
        <hdop>2</hdop>
        <extensions>
          <speed>4.87</speed>
        </extensions>
      </trkpt>
      <trkpt lat="52.8171072" lon="27.650702">
        <ele>174</ele>
        <time>2024-08-17T08:59:02Z</time>
        <hdop>1</hdop>
        <extensions>
          <speed>5.31</speed>
        </extensions>
      </trkpt>
      <trkpt lat="52.8171312" lon="27.6518495">
        <ele>173</ele>
        <time>2024-08-17T08:59:12Z</time>
        <hdop>1</hdop>
        <extensions>
          <speed>5.09</speed>
        </extensions>
      </trkpt>
      <trkpt lat="52.8171623" lon="27.6527142">
        <ele>171</ele>
        <time>2024-08-17T08:59:23Z</time>
        <hdop>1</hdop>
        <extensions>
          <speed>5.49</speed>
        </extensions>
      </trkpt>
      <trkpt lat="52.8171823" lon="27.6536101">
        <ele>171</ele>
        <time>2024-08-17T08:59:35Z</time>
        <hdop>1.5</hdop>
        <extensions>
          <speed>5.49</speed>
        </extensions>
      </trkpt>
      <trkpt lat="52.8172583" lon="27.6545666">
        <ele>171</ele>
        <time>2024-08-17T08:59:45Z</time>
        <hdop>1</hdop>
        <extensions>
          <speed>6.02</speed>
        </extensions>
      </trkpt>
      <trkpt lat="52.817278" lon="27.655395">
        <ele>170</ele>
        <time>2024-08-17T08:59:56Z</time>
        <hdop>1</hdop>
        <extensions>
          <speed>5.3</speed>
        </extensions>
      </trkpt>
      <trkpt lat="52.8173235" lon="27.6560981">
        <ele>171</ele>
        <time>2024-08-17T09:00:06Z</time>
        <hdop>1</hdop>
        <extensions>
          <speed>4.83</speed>
        </extensions>
      </trkpt>
      <trkpt lat="52.8173581" lon="27.6569532">
        <ele>172</ele>
        <time>2024-08-17T09:00:17Z</time>
        <hdop>1</hdop>
        <extensions>
          <speed>5.55</speed>
        </extensions>
      </trkpt>
      <trkpt lat="52.8173892" lon="27.6577578">
        <ele>171</ele>
        <time>2024-08-17T09:00:27Z</time>
        <hdop>1</hdop>
        <extensions>
          <speed>5.39</speed>
        </extensions>
      </trkpt>
      <trkpt lat="52.8174703" lon="27.6585482">
        <ele>170</ele>
        <time>2024-08-17T09:00:37Z</time>
        <hdop>1</hdop>
        <extensions>
          <speed>5.61</speed>
        </extensions>
      </trkpt>
      <trkpt lat="52.8177504" lon="27.6593726">
        <ele>170</ele>
        <time>2024-08-17T09:00:48Z</time>
        <hdop>1</hdop>
        <extensions>
          <speed>6.05</speed>
        </extensions>
      </trkpt>
      <trkpt lat="52.8180882" lon="27.6601725">
        <ele>171</ele>
        <time>2024-08-17T09:00:59Z</time>
        <hdop>1</hdop>
        <extensions>
          <speed>5.84</speed>
        </extensions>
      </trkpt>
      <trkpt lat="52.818425" lon="27.6610141">
        <ele>171</ele>
        <time>2024-08-17T09:01:10Z</time>
        <hdop>1</hdop>
        <extensions>
          <speed>6.3</speed>
        </extensions>
      </trkpt>
      <trkpt lat="52.8187513" lon="27.6618244">
        <ele>171</ele>
        <time>2024-08-17T09:01:20Z</time>
        <hdop>1</hdop>
        <extensions>
          <speed>6.69</speed>
        </extensions>
      </trkpt>
      <trkpt lat="52.81912" lon="27.6627115">
        <ele>172</ele>
        <time>2024-08-17T09:01:31Z</time>
        <hdop>1</hdop>
        <extensions>
          <speed>6.48</speed>
        </extensions>
      </trkpt>
      <trkpt lat="52.8194413" lon="27.6635185">
        <ele>171</ele>
        <time>2024-08-17T09:01:41Z</time>
        <hdop>1</hdop>
        <extensions>
          <speed>6.39</speed>
        </extensions>
      </trkpt>
      <trkpt lat="52.8197749" lon="27.6643408">
        <ele>171</ele>
        <time>2024-08-17T09:01:52Z</time>
        <hdop>1</hdop>
        <extensions>
          <speed>5.82</speed>
        </extensions>
      </trkpt>
      <trkpt lat="52.8200473" lon="27.6651681">
        <ele>170</ele>
        <time>2024-08-17T09:02:02Z</time>
        <hdop>1</hdop>
        <extensions>
          <speed>5.79</speed>
        </extensions>
      </trkpt>
      <trkpt lat="52.8203203" lon="27.6658675">
        <ele>170</ele>
        <time>2024-08-17T09:02:13Z</time>
        <hdop>1</hdop>
        <extensions>
          <speed>5.65</speed>
        </extensions>
      </trkpt>
      <trkpt lat="52.8206026" lon="27.6665671">
        <ele>170</ele>
        <time>2024-08-17T09:02:23Z</time>
        <hdop>1</hdop>
        <extensions>
          <speed>5.96</speed>
        </extensions>
      </trkpt>
      <trkpt lat="52.8208967" lon="27.6673093">
        <ele>171</ele>
        <time>2024-08-17T09:02:33Z</time>
        <hdop>1</hdop>
        <extensions>
          <speed>5.46</speed>
        </extensions>
      </trkpt>
      <trkpt lat="52.8211909" lon="27.6680591">
        <ele>171</ele>
        <time>2024-08-17T09:02:44Z</time>
        <hdop>1</hdop>
        <extensions>
          <speed>5.25</speed>
        </extensions>
      </trkpt>
      <trkpt lat="52.8214826" lon="27.6687979">
        <ele>171</ele>
        <time>2024-08-17T09:02:55Z</time>
        <hdop>1</hdop>
        <extensions>
          <speed>5.55</speed>
        </extensions>
      </trkpt>
      <trkpt lat="52.8217492" lon="27.6694903">
        <ele>171</ele>
        <time>2024-08-17T09:03:05Z</time>
        <hdop>1</hdop>
        <extensions>
          <speed>5.6</speed>
        </extensions>
      </trkpt>
      <trkpt lat="52.8220096" lon="27.6701673">
        <ele>171</ele>
        <time>2024-08-17T09:03:15Z</time>
        <hdop>1</hdop>
        <extensions>
          <speed>5.38</speed>
        </extensions>
      </trkpt>
      <trkpt lat="52.8222877" lon="27.670867">
        <ele>170</ele>
        <time>2024-08-17T09:03:25Z</time>
        <hdop>1</hdop>
        <extensions>
          <speed>5.57</speed>
        </extensions>
      </trkpt>
      <trkpt lat="52.8225615" lon="27.6715436">
        <ele>171</ele>
        <time>2024-08-17T09:03:35Z</time>
        <hdop>1</hdop>
        <extensions>
          <speed>5.72</speed>
        </extensions>
      </trkpt>
      <trkpt lat="52.8227452" lon="27.672278">
        <ele>171</ele>
        <time>2024-08-17T09:03:45Z</time>
        <hdop>1</hdop>
        <extensions>
          <speed>5.37</speed>
        </extensions>
      </trkpt>
      <trkpt lat="52.8228749" lon="27.6730963">
        <ele>172</ele>
        <time>2024-08-17T09:03:56Z</time>
        <hdop>1.5</hdop>
        <extensions>
          <speed>5.01</speed>
        </extensions>
      </trkpt>
      <trkpt lat="52.8229816" lon="27.6738675">
        <ele>172</ele>
        <time>2024-08-17T09:04:07Z</time>
        <hdop>1</hdop>
        <extensions>
          <speed>4.9</speed>
        </extensions>
      </trkpt>
      <trkpt lat="52.8231057" lon="27.6745428">
        <ele>174</ele>
        <time>2024-08-17T09:04:17Z</time>
        <hdop>1</hdop>
        <extensions>
          <speed>4.78</speed>
        </extensions>
      </trkpt>
      <trkpt lat="52.8232213" lon="27.6753076">
        <ele>175</ele>
        <time>2024-08-17T09:04:28Z</time>
        <hdop>1</hdop>
        <extensions>
          <speed>4.5</speed>
        </extensions>
      </trkpt>
      <trkpt lat="52.8232871" lon="27.676012">
        <ele>176</ele>
        <time>2024-08-17T09:04:39Z</time>
        <hdop>1</hdop>
        <extensions>
          <speed>4.17</speed>
        </extensions>
      </trkpt>
      <trkpt lat="52.8233489" lon="27.6766488">
        <ele>177</ele>
        <time>2024-08-17T09:04:49Z</time>
        <hdop>1</hdop>
        <extensions>
          <speed>4.17</speed>
        </extensions>
      </trkpt>
      <trkpt lat="52.8234194" lon="27.6773215">
        <ele>180</ele>
        <time>2024-08-17T09:05:00Z</time>
        <hdop>1</hdop>
        <extensions>
          <speed>4.39</speed>
        </extensions>
      </trkpt>
      <trkpt lat="52.823476" lon="27.677945">
        <ele>181</ele>
        <time>2024-08-17T09:05:10Z</time>
        <hdop>1</hdop>
        <extensions>
          <speed>4.24</speed>
        </extensions>
      </trkpt>
      <trkpt lat="52.8235513" lon="27.6786379">
        <ele>182</ele>
        <time>2024-08-17T09:05:21Z</time>
        <hdop>1</hdop>
        <extensions>
          <speed>4.52</speed>
        </extensions>
      </trkpt>
      <trkpt lat="52.8236317" lon="27.6793823">
        <ele>183</ele>
        <time>2024-08-17T09:05:32Z</time>
        <hdop>1</hdop>
        <extensions>
          <speed>4.53</speed>
        </extensions>
      </trkpt>
      <trkpt lat="52.8236788" lon="27.6801032">
        <ele>183</ele>
        <time>2024-08-17T09:05:42Z</time>
        <hdop>1</hdop>
        <extensions>
          <speed>5.04</speed>
        </extensions>
      </trkpt>
      <trkpt lat="52.8237369" lon="27.6809927">
        <ele>182</ele>
        <time>2024-08-17T09:05:53Z</time>
        <hdop>1</hdop>
        <extensions>
          <speed>5.46</speed>
        </extensions>
      </trkpt>
      <trkpt lat="52.8237956" lon="27.6818364">
        <ele>183</ele>
        <time>2024-08-17T09:06:04Z</time>
        <hdop>1.5</hdop>
        <extensions>
          <speed>4.93</speed>
        </extensions>
      </trkpt>
      <trkpt lat="52.8238816" lon="27.6826313">
        <ele>185</ele>
        <time>2024-08-17T09:06:15Z</time>
        <hdop>1.5</hdop>
        <extensions>
          <speed>5.26</speed>
        </extensions>
      </trkpt>
      <trkpt lat="52.8239405" lon="27.6834544">
        <ele>185</ele>
        <time>2024-08-17T09:06:26Z</time>
        <hdop>1.5</hdop>
        <extensions>
          <speed>5.17</speed>
        </extensions>
      </trkpt>
      <trkpt lat="52.8240242" lon="27.684253">
        <ele>185</ele>
        <time>2024-08-17T09:06:36Z</time>
        <hdop>1</hdop>
        <extensions>
          <speed>5.49</speed>
        </extensions>
      </trkpt>
      <trkpt lat="52.8241039" lon="27.685096">
        <ele>186</ele>
        <time>2024-08-17T09:06:47Z</time>
        <hdop>1</hdop>
        <extensions>
          <speed>5.25</speed>
        </extensions>
      </trkpt>
      <trkpt lat="52.8241758" lon="27.6859298">
        <ele>184</ele>
        <time>2024-08-17T09:06:58Z</time>
        <hdop>1</hdop>
        <extensions>
          <speed>5.21</speed>
        </extensions>
      </trkpt>
      <trkpt lat="52.8242483" lon="27.6868016">
        <ele>184</ele>
        <time>2024-08-17T09:07:09Z</time>
        <hdop>1.5</hdop>
        <extensions>
          <speed>5.23</speed>
        </extensions>
      </trkpt>
      <trkpt lat="52.8243159" lon="27.6876253">
        <ele>185</ele>
        <time>2024-08-17T09:07:19Z</time>
        <hdop>1.5</hdop>
        <extensions>
          <speed>5.46</speed>
        </extensions>
      </trkpt>
      <trkpt lat="52.8244099" lon="27.6885103">
        <ele>185</ele>
        <time>2024-08-17T09:07:30Z</time>
        <hdop>1.5</hdop>
        <extensions>
          <speed>5.36</speed>
        </extensions>
      </trkpt>
      <trkpt lat="52.8245268" lon="27.6894101">
        <ele>185</ele>
        <time>2024-08-17T09:07:41Z</time>
        <hdop>1.5</hdop>
        <extensions>
          <speed>5.7</speed>
        </extensions>
      </trkpt>
      <trkpt lat="52.8246098" lon="27.6902291">
        <ele>187</ele>
        <time>2024-08-17T09:07:51Z</time>
        <hdop>1.5</hdop>
        <extensions>
          <speed>5.57</speed>
        </extensions>
      </trkpt>
      <trkpt lat="52.8246915" lon="27.6910533">
        <ele>187</ele>
        <time>2024-08-17T09:08:01Z</time>
        <hdop>2</hdop>
        <extensions>
          <speed>5.09</speed>
        </extensions>
      </trkpt>
      <trkpt lat="52.8247772" lon="27.6919095">
        <ele>187</ele>
        <time>2024-08-17T09:08:12Z</time>
        <hdop>2</hdop>
        <extensions>
          <speed>5.37</speed>
        </extensions>
      </trkpt>
      <trkpt lat="52.824887" lon="27.6927752">
        <ele>183</ele>
        <time>2024-08-17T09:08:23Z</time>
        <hdop>1</hdop>
        <extensions>
          <speed>4.49</speed>
        </extensions>
      </trkpt>
      <trkpt lat="52.8249494" lon="27.6935731">
        <ele>182</ele>
        <time>2024-08-17T09:08:33Z</time>
        <hdop>1</hdop>
        <extensions>
          <speed>5.64</speed>
        </extensions>
      </trkpt>
      <trkpt lat="52.8250064" lon="27.6944108">
        <ele>181</ele>
        <time>2024-08-17T09:08:43Z</time>
        <hdop>1.5</hdop>
        <extensions>
          <speed>5.25</speed>
        </extensions>
      </trkpt>
      <trkpt lat="52.8250721" lon="27.6952643">
        <ele>183</ele>
        <time>2024-08-17T09:08:54Z</time>
        <hdop>1.5</hdop>
        <extensions>
          <speed>5.61</speed>
        </extensions>
      </trkpt>
      <trkpt lat="52.8251833" lon="27.6961595">
        <ele>183</ele>
        <time>2024-08-17T09:09:05Z</time>
        <hdop>1.5</hdop>
        <extensions>
          <speed>5.58</speed>
        </extensions>
      </trkpt>
      <trkpt lat="52.8252549" lon="27.6970012">
        <ele>181</ele>
        <time>2024-08-17T09:09:16Z</time>
        <hdop>1</hdop>
        <extensions>
          <speed>4.9</speed>
        </extensions>
      </trkpt>
      <trkpt lat="52.8253208" lon="27.6977233">
        <ele>181</ele>
        <time>2024-08-17T09:09:26Z</time>
        <hdop>1.5</hdop>
        <extensions>
          <speed>4.78</speed>
        </extensions>
      </trkpt>
      <trkpt lat="52.8253905" lon="27.6984916">
        <ele>183</ele>
        <time>2024-08-17T09:09:37Z</time>
        <hdop>1</hdop>
        <extensions>
          <speed>4.76</speed>
        </extensions>
      </trkpt>
      <trkpt lat="52.8254532" lon="27.699211">
        <ele>183</ele>
        <time>2024-08-17T09:09:47Z</time>
        <hdop>1.5</hdop>
        <extensions>
          <speed>5.19</speed>
        </extensions>
      </trkpt>
      <trkpt lat="52.8254935" lon="27.7000083">
        <ele>181</ele>
        <time>2024-08-17T09:09:57Z</time>
        <hdop>1</hdop>
        <extensions>
          <speed>5.33</speed>
        </extensions>
      </trkpt>
      <trkpt lat="52.8256119" lon="27.700903">
        <ele>181</ele>
        <time>2024-08-17T09:10:08Z</time>
        <hdop>1</hdop>
        <extensions>
          <speed>5.73</speed>
        </extensions>
      </trkpt>
      <trkpt lat="52.8257168" lon="27.7018093">
        <ele>181</ele>
        <time>2024-08-17T09:10:19Z</time>
        <hdop>1</hdop>
        <extensions>
          <speed>6</speed>
        </extensions>
      </trkpt>
      <trkpt lat="52.8257994" lon="27.7026309">
        <ele>180</ele>
        <time>2024-08-17T09:10:29Z</time>
        <hdop>1</hdop>
        <extensions>
          <speed>5.14</speed>
        </extensions>
      </trkpt>
      <trkpt lat="52.8258148" lon="27.7034691">
        <ele>181</ele>
        <time>2024-08-17T09:10:40Z</time>
        <hdop>1.5</hdop>
        <extensions>
          <speed>5.45</speed>
        </extensions>
      </trkpt>
      <trkpt lat="52.825864" lon="27.704265">
        <ele>182</ele>
        <time>2024-08-17T09:10:50Z</time>
        <hdop>1.5</hdop>
        <extensions>
          <speed>4.63</speed>
        </extensions>
      </trkpt>
      <trkpt lat="52.8259322" lon="27.7049367">
        <ele>182</ele>
        <time>2024-08-17T09:11:01Z</time>
        <hdop>1.5</hdop>
        <extensions>
          <speed>4.63</speed>
        </extensions>
      </trkpt>
      <trkpt lat="52.8259899" lon="27.7056562">
        <ele>183</ele>
        <time>2024-08-17T09:11:11Z</time>
        <hdop>1</hdop>
        <extensions>
          <speed>4.83</speed>
        </extensions>
      </trkpt>
      <trkpt lat="52.8260654" lon="27.7064348">
        <ele>183</ele>
        <time>2024-08-17T09:11:22Z</time>
        <hdop>1</hdop>
        <extensions>
          <speed>4.8</speed>
        </extensions>
      </trkpt>
      <trkpt lat="52.8261371" lon="27.7072345">
        <ele>184</ele>
        <time>2024-08-17T09:11:33Z</time>
        <hdop>1</hdop>
        <extensions>
          <speed>5.02</speed>
        </extensions>
      </trkpt>
      <trkpt lat="52.8262081" lon="27.7079432">
        <ele>182</ele>
        <time>2024-08-17T09:11:43Z</time>
        <hdop>1</hdop>
        <extensions>
          <speed>4.46</speed>
        </extensions>
      </trkpt>
      <trkpt lat="52.8262458" lon="27.7086075">
        <ele>183</ele>
        <time>2024-08-17T09:11:53Z</time>
        <hdop>1.5</hdop>
        <extensions>
          <speed>4.55</speed>
        </extensions>
      </trkpt>
      <trkpt lat="52.8263061" lon="27.7092907">
        <ele>183</ele>
        <time>2024-08-17T09:12:03Z</time>
        <hdop>1</hdop>
        <extensions>
          <speed>4.7</speed>
        </extensions>
      </trkpt>
      <trkpt lat="52.826383" lon="27.7100225">
        <ele>184</ele>
        <time>2024-08-17T09:12:14Z</time>
        <hdop>1.5</hdop>
        <extensions>
          <speed>4.56</speed>
        </extensions>
      </trkpt>
      <trkpt lat="52.8264505" lon="27.7107073">
        <ele>185</ele>
        <time>2024-08-17T09:12:24Z</time>
        <hdop>1.5</hdop>
        <extensions>
          <speed>4.7</speed>
        </extensions>
      </trkpt>
      <trkpt lat="52.8265162" lon="27.7114421">
        <ele>185</ele>
        <time>2024-08-17T09:12:34Z</time>
        <hdop>1.5</hdop>
        <extensions>
          <speed>4.6</speed>
        </extensions>
      </trkpt>
      <trkpt lat="52.8265598" lon="27.7120938">
        <ele>185</ele>
        <time>2024-08-17T09:12:45Z</time>
        <hdop>2</hdop>
        <extensions>
          <speed>3.56</speed>
        </extensions>
      </trkpt>
      <trkpt lat="52.8264612" lon="27.712586">
        <ele>182</ele>
        <time>2024-08-17T09:12:55Z</time>
        <hdop>2</hdop>
        <extensions>
          <speed>3.07</speed>
        </extensions>
      </trkpt>
      <trkpt lat="52.8265177" lon="27.7132214">
        <ele>183</ele>
        <time>2024-08-17T09:13:06Z</time>
        <hdop>1.5</hdop>
        <extensions>
          <speed>4.27</speed>
        </extensions>
      </trkpt>
      <trkpt lat="52.8266228" lon="27.7139302">
        <ele>184</ele>
        <time>2024-08-17T09:13:17Z</time>
        <hdop>1</hdop>
        <extensions>
          <speed>4.88</speed>
        </extensions>
      </trkpt>
      <trkpt lat="52.8266949" lon="27.7146607">
        <ele>184</ele>
        <time>2024-08-17T09:13:28Z</time>
        <hdop>1.5</hdop>
        <extensions>
          <speed>4.46</speed>
        </extensions>
      </trkpt>
      <trkpt lat="52.8267694" lon="27.7152679">
        <ele>184</ele>
        <time>2024-08-17T09:13:38Z</time>
        <hdop>1.5</hdop>
        <extensions>
          <speed>4.21</speed>
        </extensions>
      </trkpt>
      <trkpt lat="52.8268538" lon="27.7159812">
        <ele>185</ele>
        <time>2024-08-17T09:13:48Z</time>
        <hdop>1.5</hdop>
        <extensions>
          <speed>4.63</speed>
        </extensions>
      </trkpt>
      <trkpt lat="52.8269289" lon="27.7167259">
        <ele>184</ele>
        <time>2024-08-17T09:13:59Z</time>
        <hdop>1</hdop>
        <extensions>
          <speed>5.73</speed>
        </extensions>
      </trkpt>
      <trkpt lat="52.8269984" lon="27.717805">
        <ele>180</ele>
        <time>2024-08-17T09:14:10Z</time>
        <hdop>1</hdop>
        <extensions>
          <speed>6.67</speed>
        </extensions>
      </trkpt>
      <trkpt lat="52.8270498" lon="27.7187959">
        <ele>179</ele>
        <time>2024-08-17T09:14:20Z</time>
        <hdop>1.5</hdop>
        <extensions>
          <speed>7.77</speed>
        </extensions>
      </trkpt>
      <trkpt lat="52.8271099" lon="27.7197257">
        <ele>178</ele>
        <time>2024-08-17T09:14:30Z</time>
        <hdop>1</hdop>
        <extensions>
          <speed>6.28</speed>
        </extensions>
      </trkpt>
      <trkpt lat="52.8271482" lon="27.72071">
        <ele>178</ele>
        <time>2024-08-17T09:14:41Z</time>
        <hdop>1</hdop>
        <extensions>
          <speed>5.61</speed>
        </extensions>
      </trkpt>
      <trkpt lat="52.8272343" lon="27.7215798">
        <ele>178</ele>
        <time>2024-08-17T09:14:52Z</time>
        <hdop>1.5</hdop>
        <extensions>
          <speed>5.29</speed>
        </extensions>
      </trkpt>
      <trkpt lat="52.8273354" lon="27.7223874">
        <ele>178</ele>
        <time>2024-08-17T09:15:03Z</time>
        <hdop>1</hdop>
        <extensions>
          <speed>4.55</speed>
        </extensions>
      </trkpt>
      <trkpt lat="52.8273913" lon="27.7230592">
        <ele>178</ele>
        <time>2024-08-17T09:15:13Z</time>
        <hdop>1.5</hdop>
        <extensions>
          <speed>4.83</speed>
        </extensions>
      </trkpt>
      <trkpt lat="52.8274502" lon="27.7237766">
        <ele>178</ele>
        <time>2024-08-17T09:15:23Z</time>
        <hdop>1</hdop>
        <extensions>
          <speed>4.98</speed>
        </extensions>
      </trkpt>
      <trkpt lat="52.8274962" lon="27.7244871">
        <ele>179</ele>
        <time>2024-08-17T09:15:33Z</time>
        <hdop>1</hdop>
        <extensions>
          <speed>4.64</speed>
        </extensions>
      </trkpt>
      <trkpt lat="52.8275389" lon="27.7249527">
        <ele>179</ele>
        <time>2024-08-17T09:15:44Z</time>
        <hdop>2</hdop>
        <extensions>
          <speed>0.55</speed>
        </extensions>
      </trkpt>
      <trkpt lat="52.8275451" lon="27.7249516">
        <ele>178</ele>
        <time>2024-08-17T09:15:55Z</time>
        <hdop>2.5</hdop>
      </trkpt>
      <trkpt lat="52.8275451" lon="27.7249516">
        <ele>178</ele>
        <time>2024-08-17T09:16:06Z</time>
        <hdop>2.5</hdop>
      </trkpt>
      <trkpt lat="52.8275477" lon="27.724965">
        <ele>176</ele>
        <time>2024-08-17T09:16:16Z</time>
        <hdop>2</hdop>
        <extensions>
          <speed>0.38</speed>
        </extensions>
      </trkpt>
      <trkpt lat="52.8275458" lon="27.7249746">
        <ele>176</ele>
        <time>2024-08-17T09:16:26Z</time>
        <hdop>2</hdop>
      </trkpt>
      <trkpt lat="52.8275458" lon="27.7249746">
        <ele>176</ele>
        <time>2024-08-17T09:16:37Z</time>
        <hdop>2</hdop>
      </trkpt>
      <trkpt lat="52.8275458" lon="27.7249746">
        <ele>176</ele>
        <time>2024-08-17T09:16:48Z</time>
        <hdop>2</hdop>
      </trkpt>
      <trkpt lat="52.8275458" lon="27.7249746">
        <ele>176</ele>
        <time>2024-08-17T09:16:58Z</time>
        <hdop>2</hdop>
      </trkpt>
      <trkpt lat="52.8275458" lon="27.7249746">
        <ele>176</ele>
        <time>2024-08-17T09:17:08Z</time>
        <hdop>2</hdop>
      </trkpt>
      <trkpt lat="52.8275458" lon="27.7249746">
        <ele>176</ele>
        <time>2024-08-17T09:17:19Z</time>
        <hdop>2</hdop>
      </trkpt>
      <trkpt lat="52.8275458" lon="27.7249746">
        <ele>176</ele>
        <time>2024-08-17T09:17:30Z</time>
        <hdop>2</hdop>
      </trkpt>
      <trkpt lat="52.8275458" lon="27.7249746">
        <ele>176</ele>
        <time>2024-08-17T09:17:41Z</time>
        <hdop>2</hdop>
      </trkpt>
      <trkpt lat="52.8275523" lon="27.7249728">
        <ele>175</ele>
        <time>2024-08-17T09:17:51Z</time>
        <hdop>2.5</hdop>
        <extensions>
          <speed>0.09</speed>
        </extensions>
      </trkpt>
      <trkpt lat="52.8275587" lon="27.7249751">
        <ele>176</ele>
        <time>2024-08-17T09:18:01Z</time>
        <hdop>2.5</hdop>
      </trkpt>
      <trkpt lat="52.8275587" lon="27.7249751">
        <ele>176</ele>
        <time>2024-08-17T09:18:12Z</time>
        <hdop>2</hdop>
      </trkpt>
      <trkpt lat="52.8275587" lon="27.7249751">
        <ele>176</ele>
        <time>2024-08-17T09:18:22Z</time>
        <hdop>2</hdop>
      </trkpt>
      <trkpt lat="52.8275587" lon="27.7249751">
        <ele>176</ele>
        <time>2024-08-17T09:18:32Z</time>
        <hdop>2</hdop>
      </trkpt>
      <trkpt lat="52.8275587" lon="27.7249751">
        <ele>176</ele>
        <time>2024-08-17T09:18:43Z</time>
        <hdop>1.5</hdop>
      </trkpt>
      <trkpt lat="52.8275587" lon="27.7249751">
        <ele>176</ele>
        <time>2024-08-17T09:18:54Z</time>
        <hdop>2</hdop>
      </trkpt>
      <trkpt lat="52.8275587" lon="27.7249751">
        <ele>176</ele>
        <time>2024-08-17T09:19:05Z</time>
        <hdop>2</hdop>
      </trkpt>
      <trkpt lat="52.8275587" lon="27.7249751">
        <ele>176</ele>
        <time>2024-08-17T09:19:16Z</time>
        <hdop>1.5</hdop>
      </trkpt>
      <trkpt lat="52.8275587" lon="27.7249751">
        <ele>176</ele>
        <time>2024-08-17T09:19:27Z</time>
        <hdop>1.5</hdop>
      </trkpt>
      <trkpt lat="52.8275587" lon="27.7249751">
        <ele>176</ele>
        <time>2024-08-17T09:19:38Z</time>
        <hdop>2</hdop>
      </trkpt>
      <trkpt lat="52.8275586" lon="27.7249726">
        <ele>176</ele>
        <time>2024-08-17T09:19:48Z</time>
        <hdop>1.5</hdop>
      </trkpt>
      <trkpt lat="52.8275586" lon="27.7249726">
        <ele>176</ele>
        <time>2024-08-17T09:19:58Z</time>
        <hdop>7.5</hdop>
      </trkpt>
      <trkpt lat="52.8275586" lon="27.7249726">
        <ele>176</ele>
        <time>2024-08-17T09:20:09Z</time>
        <hdop>3.5</hdop>
      </trkpt>
      <trkpt lat="52.8275586" lon="27.7249726">
        <ele>176</ele>
        <time>2024-08-17T09:20:20Z</time>
        <hdop>3.5</hdop>
      </trkpt>
      <trkpt lat="52.8275586" lon="27.7249726">
        <ele>176</ele>
        <time>2024-08-17T09:20:30Z</time>
        <hdop>3.5</hdop>
      </trkpt>
      <trkpt lat="52.8275586" lon="27.7249726">
        <ele>176</ele>
        <time>2024-08-17T09:20:41Z</time>
        <hdop>3.5</hdop>
      </trkpt>
      <trkpt lat="52.8275586" lon="27.7249726">
        <ele>176</ele>
        <time>2024-08-17T09:20:51Z</time>
        <hdop>3</hdop>
      </trkpt>
      <trkpt lat="52.8275586" lon="27.7249726">
        <ele>176</ele>
        <time>2024-08-17T09:21:02Z</time>
        <hdop>2.5</hdop>
      </trkpt>
      <trkpt lat="52.8275586" lon="27.7249726">
        <ele>176</ele>
        <time>2024-08-17T09:21:13Z</time>
        <hdop>4</hdop>
      </trkpt>
      <trkpt lat="52.8275586" lon="27.7249726">
        <ele>176</ele>
        <time>2024-08-17T09:21:23Z</time>
        <hdop>6</hdop>
      </trkpt>
      <trkpt lat="52.8275586" lon="27.7249726">
        <ele>176</ele>
        <time>2024-08-17T09:21:33Z</time>
        <hdop>6.5</hdop>
      </trkpt>
      <trkpt lat="52.8275586" lon="27.7249726">
        <ele>176</ele>
        <time>2024-08-17T09:21:44Z</time>
        <hdop>6</hdop>
      </trkpt>
      <trkpt lat="52.8275586" lon="27.7249726">
        <ele>176</ele>
        <time>2024-08-17T09:21:55Z</time>
        <hdop>5</hdop>
      </trkpt>
      <trkpt lat="52.8275586" lon="27.7249726">
        <ele>176</ele>
        <time>2024-08-17T09:22:06Z</time>
        <hdop>4.5</hdop>
      </trkpt>
      <trkpt lat="52.8275586" lon="27.7249726">
        <ele>176</ele>
        <time>2024-08-17T09:22:17Z</time>
        <hdop>7</hdop>
      </trkpt>
      <trkpt lat="52.827551" lon="27.7249544">
        <ele>176</ele>
        <time>2024-08-17T09:22:28Z</time>
        <hdop>2.5</hdop>
      </trkpt>
      <trkpt lat="52.8275453" lon="27.7249542">
        <ele>175</ele>
        <time>2024-08-17T09:22:39Z</time>
        <hdop>2</hdop>
        <extensions>
          <speed>0.14</speed>
        </extensions>
      </trkpt>
      <trkpt lat="52.8275452" lon="27.7249536">
        <ele>175</ele>
        <time>2024-08-17T09:22:49Z</time>
        <hdop>1.5</hdop>
      </trkpt>
      <trkpt lat="52.8275452" lon="27.7249536">
        <ele>175</ele>
        <time>2024-08-17T09:22:59Z</time>
        <hdop>1.5</hdop>
      </trkpt>
      <trkpt lat="52.8275452" lon="27.7249536">
        <ele>175</ele>
        <time>2024-08-17T09:23:09Z</time>
        <hdop>1.5</hdop>
      </trkpt>
      <trkpt lat="52.8275667" lon="27.7251049">
        <ele>174</ele>
        <time>2024-08-17T09:23:20Z</time>
        <hdop>2</hdop>
        <extensions>
          <speed>3.74</speed>
        </extensions>
      </trkpt>
      <trkpt lat="52.8276387" lon="27.7259302">
        <ele>178</ele>
        <time>2024-08-17T09:23:31Z</time>
        <hdop>1</hdop>
        <extensions>
          <speed>5.59</speed>
        </extensions>
      </trkpt>
      <trkpt lat="52.8277005" lon="27.7267561">
        <ele>179</ele>
        <time>2024-08-17T09:23:41Z</time>
        <hdop>1</hdop>
        <extensions>
          <speed>6.18</speed>
        </extensions>
      </trkpt>
      <trkpt lat="52.8273278" lon="27.7272261">
        <ele>178</ele>
        <time>2024-08-17T09:23:52Z</time>
        <hdop>1.5</hdop>
        <extensions>
          <speed>5.64</speed>
        </extensions>
      </trkpt>
      <trkpt lat="52.82679" lon="27.727372">
        <ele>177</ele>
        <time>2024-08-17T09:24:02Z</time>
        <hdop>1.5</hdop>
        <extensions>
          <speed>6.1</speed>
        </extensions>
      </trkpt>
      <trkpt lat="52.82619" lon="27.7274794">
        <ele>177</ele>
        <time>2024-08-17T09:24:13Z</time>
        <hdop>1</hdop>
        <extensions>
          <speed>6.05</speed>
        </extensions>
      </trkpt>
      <trkpt lat="52.8256037" lon="27.7276">
        <ele>176</ele>
        <time>2024-08-17T09:24:24Z</time>
        <hdop>1</hdop>
        <extensions>
          <speed>6.1</speed>
        </extensions>
      </trkpt>
      <trkpt lat="52.8250125" lon="27.7277459">
        <ele>177</ele>
        <time>2024-08-17T09:24:35Z</time>
        <hdop>1.5</hdop>
        <extensions>
          <speed>5.84</speed>
        </extensions>
      </trkpt>
      <trkpt lat="52.8244876" lon="27.7278498">
        <ele>177</ele>
        <time>2024-08-17T09:24:45Z</time>
        <hdop>1.5</hdop>
        <extensions>
          <speed>5.86</speed>
        </extensions>
      </trkpt>
      <trkpt lat="52.8239164" lon="27.7279771">
        <ele>177</ele>
        <time>2024-08-17T09:24:56Z</time>
        <hdop>1</hdop>
        <extensions>
          <speed>5.95</speed>
        </extensions>
      </trkpt>
      <trkpt lat="52.823388" lon="27.7281008">
        <ele>178</ele>
        <time>2024-08-17T09:25:06Z</time>
        <hdop>1.5</hdop>
        <extensions>
          <speed>5.76</speed>
        </extensions>
      </trkpt>
      <trkpt lat="52.8228267" lon="27.7282274">
        <ele>178</ele>
        <time>2024-08-17T09:25:17Z</time>
        <hdop>1.5</hdop>
        <extensions>
          <speed>5.92</speed>
        </extensions>
      </trkpt>
      <trkpt lat="52.8222704" lon="27.7283529">
        <ele>179</ele>
        <time>2024-08-17T09:25:27Z</time>
        <hdop>1.5</hdop>
        <extensions>
          <speed>5.66</speed>
        </extensions>
      </trkpt>
      <trkpt lat="52.8217452" lon="27.7284468">
        <ele>179</ele>
        <time>2024-08-17T09:25:38Z</time>
        <hdop>1.5</hdop>
        <extensions>
          <speed>5.59</speed>
        </extensions>
      </trkpt>
      <trkpt lat="52.8215809" lon="27.7290821">
        <ele>180</ele>
        <time>2024-08-17T09:25:49Z</time>
        <hdop>1</hdop>
        <extensions>
          <speed>5.88</speed>
        </extensions>
      </trkpt>
      <trkpt lat="52.821643" lon="27.7300323">
        <ele>180</ele>
        <time>2024-08-17T09:26:00Z</time>
        <hdop>1</hdop>
        <extensions>
          <speed>5.82</speed>
        </extensions>
      </trkpt>
      <trkpt lat="52.821699" lon="27.7309211">
        <ele>180</ele>
        <time>2024-08-17T09:26:10Z</time>
        <hdop>1</hdop>
        <extensions>
          <speed>6.03</speed>
        </extensions>
      </trkpt>
      <trkpt lat="52.8217827" lon="27.7318856">
        <ele>181</ele>
        <time>2024-08-17T09:26:21Z</time>
        <hdop>1</hdop>
        <extensions>
          <speed>6.2</speed>
        </extensions>
      </trkpt>
      <trkpt lat="52.8218409" lon="27.7328161">
        <ele>180</ele>
        <time>2024-08-17T09:26:31Z</time>
        <hdop>1</hdop>
        <extensions>
          <speed>6.44</speed>
        </extensions>
      </trkpt>
      <trkpt lat="52.8219624" lon="27.7338488">
        <ele>180</ele>
        <time>2024-08-17T09:26:42Z</time>
        <hdop>1</hdop>
        <extensions>
          <speed>6.26</speed>
        </extensions>
      </trkpt>
      <trkpt lat="52.8219997" lon="27.7347921">
        <ele>181</ele>
        <time>2024-08-17T09:26:52Z</time>
        <hdop>1</hdop>
        <extensions>
          <speed>6.64</speed>
        </extensions>
      </trkpt>
      <trkpt lat="52.8220644" lon="27.7357343">
        <ele>180</ele>
        <time>2024-08-17T09:27:02Z</time>
        <hdop>1</hdop>
        <extensions>
          <speed>6.28</speed>
        </extensions>
      </trkpt>
      <trkpt lat="52.822134" lon="27.7366835">
        <ele>182</ele>
        <time>2024-08-17T09:27:12Z</time>
        <hdop>1</hdop>
        <extensions>
          <speed>6.47</speed>
        </extensions>
      </trkpt>
      <trkpt lat="52.8222004" lon="27.7376148">
        <ele>183</ele>
        <time>2024-08-17T09:27:22Z</time>
        <hdop>1</hdop>
        <extensions>
          <speed>6.17</speed>
        </extensions>
      </trkpt>
      <trkpt lat="52.8222701" lon="27.7385941">
        <ele>183</ele>
        <time>2024-08-17T09:27:33Z</time>
        <hdop>1</hdop>
        <extensions>
          <speed>5.68</speed>
        </extensions>
      </trkpt>
      <trkpt lat="52.8223227" lon="27.7394658">
        <ele>183</ele>
        <time>2024-08-17T09:27:43Z</time>
        <hdop>1</hdop>
        <extensions>
          <speed>5.86</speed>
        </extensions>
      </trkpt>
      <trkpt lat="52.8223828" lon="27.7403467">
        <ele>183</ele>
        <time>2024-08-17T09:27:53Z</time>
        <hdop>1</hdop>
        <extensions>
          <speed>5.94</speed>
        </extensions>
      </trkpt>
      <trkpt lat="52.8224492" lon="27.7412997">
        <ele>184</ele>
        <time>2024-08-17T09:28:04Z</time>
        <hdop>1</hdop>
        <extensions>
          <speed>5.79</speed>
        </extensions>
      </trkpt>
      <trkpt lat="52.8225123" lon="27.7422111">
        <ele>184</ele>
        <time>2024-08-17T09:28:15Z</time>
        <hdop>1</hdop>
        <extensions>
          <speed>5.8</speed>
        </extensions>
      </trkpt>
      <trkpt lat="52.8225779" lon="27.7431333">
        <ele>185</ele>
        <time>2024-08-17T09:28:26Z</time>
        <hdop>1</hdop>
        <extensions>
          <speed>5.86</speed>
        </extensions>
      </trkpt>
      <trkpt lat="52.8226504" lon="27.7441054">
        <ele>186</ele>
        <time>2024-08-17T09:28:37Z</time>
        <hdop>1</hdop>
        <extensions>
          <speed>6.22</speed>
        </extensions>
      </trkpt>
      <trkpt lat="52.8227181" lon="27.7450089">
        <ele>186</ele>
        <time>2024-08-17T09:28:47Z</time>
        <hdop>1</hdop>
        <extensions>
          <speed>6.23</speed>
        </extensions>
      </trkpt>
      <trkpt lat="52.8227913" lon="27.7460667">
        <ele>186</ele>
        <time>2024-08-17T09:28:58Z</time>
        <hdop>1</hdop>
        <extensions>
          <speed>6.55</speed>
        </extensions>
      </trkpt>
      <trkpt lat="52.8228556" lon="27.7470619">
        <ele>186</ele>
        <time>2024-08-17T09:29:08Z</time>
        <hdop>1</hdop>
        <extensions>
          <speed>6.67</speed>
        </extensions>
      </trkpt>
      <trkpt lat="52.8229367" lon="27.7481442">
        <ele>185</ele>
        <time>2024-08-17T09:29:19Z</time>
        <hdop>1</hdop>
        <extensions>
          <speed>6.41</speed>
        </extensions>
      </trkpt>
      <trkpt lat="52.8230099" lon="27.7490859">
        <ele>185</ele>
        <time>2024-08-17T09:29:29Z</time>
        <hdop>1</hdop>
        <extensions>
          <speed>6.17</speed>
        </extensions>
      </trkpt>
      <trkpt lat="52.8230697" lon="27.7499761">
        <ele>185</ele>
        <time>2024-08-17T09:29:39Z</time>
        <hdop>1</hdop>
        <extensions>
          <speed>5.99</speed>
        </extensions>
      </trkpt>
      <trkpt lat="52.8231344" lon="27.7509242">
        <ele>186</ele>
        <time>2024-08-17T09:29:50Z</time>
        <hdop>1</hdop>
        <extensions>
          <speed>5.7</speed>
        </extensions>
      </trkpt>
      <trkpt lat="52.8231494" lon="27.7517783">
        <ele>187</ele>
        <time>2024-08-17T09:30:01Z</time>
        <hdop>1</hdop>
        <extensions>
          <speed>3.64</speed>
        </extensions>
      </trkpt>
      <trkpt lat="52.8230165" lon="27.7519333">
        <ele>186</ele>
        <time>2024-08-17T09:30:11Z</time>
        <hdop>2</hdop>
        <extensions>
          <speed>1.91</speed>
        </extensions>
      </trkpt>
      <trkpt lat="52.8229703" lon="27.7519168">
        <ele>186</ele>
        <time>2024-08-17T09:30:21Z</time>
        <hdop>2</hdop>
      </trkpt>
      <trkpt lat="52.8229696" lon="27.7519142">
        <ele>186</ele>
        <time>2024-08-17T09:30:32Z</time>
        <hdop>2</hdop>
      </trkpt>
      <trkpt lat="52.8229686" lon="27.7519016">
        <ele>185</ele>
        <time>2024-08-17T09:30:42Z</time>
        <hdop>2</hdop>
        <extensions>
          <speed>0.65</speed>
        </extensions>
      </trkpt>
      <trkpt lat="52.8229744" lon="27.751898">
        <ele>183</ele>
        <time>2024-08-17T09:30:53Z</time>
        <hdop>2</hdop>
      </trkpt>
      <trkpt lat="52.8229744" lon="27.751898">
        <ele>183</ele>
        <time>2024-08-17T09:31:03Z</time>
        <hdop>2</hdop>
      </trkpt>
      <trkpt lat="52.8229744" lon="27.751898">
        <ele>183</ele>
        <time>2024-08-17T09:31:13Z</time>
        <hdop>2</hdop>
      </trkpt>
      <trkpt lat="52.8229744" lon="27.751898">
        <ele>183</ele>
        <time>2024-08-17T09:31:24Z</time>
        <hdop>2</hdop>
      </trkpt>
      <trkpt lat="52.8229744" lon="27.751898">
        <ele>183</ele>
        <time>2024-08-17T09:31:35Z</time>
        <hdop>1.5</hdop>
      </trkpt>
      <trkpt lat="52.8229744" lon="27.751898">
        <ele>183</ele>
        <time>2024-08-17T09:31:45Z</time>
        <hdop>1.5</hdop>
      </trkpt>
      <trkpt lat="52.8229744" lon="27.751898">
        <ele>183</ele>
        <time>2024-08-17T09:31:56Z</time>
        <hdop>1.5</hdop>
      </trkpt>
      <trkpt lat="52.8229744" lon="27.751898">
        <ele>183</ele>
        <time>2024-08-17T09:32:06Z</time>
        <hdop>1.5</hdop>
      </trkpt>
      <trkpt lat="52.8229744" lon="27.751898">
        <ele>183</ele>
        <time>2024-08-17T09:32:17Z</time>
        <hdop>1.5</hdop>
      </trkpt>
      <trkpt lat="52.8229744" lon="27.751898">
        <ele>183</ele>
        <time>2024-08-17T09:32:28Z</time>
        <hdop>2</hdop>
      </trkpt>
      <trkpt lat="52.8229744" lon="27.751898">
        <ele>183</ele>
        <time>2024-08-17T09:32:39Z</time>
        <hdop>1.5</hdop>
      </trkpt>
      <trkpt lat="52.8229744" lon="27.751898">
        <ele>183</ele>
        <time>2024-08-17T09:32:50Z</time>
        <hdop>1.5</hdop>
      </trkpt>
      <trkpt lat="52.8229744" lon="27.751898">
        <ele>183</ele>
        <time>2024-08-17T09:33:01Z</time>
        <hdop>1.5</hdop>
      </trkpt>
      <trkpt lat="52.8229744" lon="27.751898">
        <ele>183</ele>
        <time>2024-08-17T09:33:12Z</time>
        <hdop>1.5</hdop>
      </trkpt>
      <trkpt lat="52.8229744" lon="27.751898">
        <ele>183</ele>
        <time>2024-08-17T09:33:23Z</time>
        <hdop>1.5</hdop>
      </trkpt>
      <trkpt lat="52.8229744" lon="27.751898">
        <ele>183</ele>
        <time>2024-08-17T09:33:34Z</time>
        <hdop>1.5</hdop>
      </trkpt>
      <trkpt lat="52.8229744" lon="27.751898">
        <ele>183</ele>
        <time>2024-08-17T09:33:44Z</time>
        <hdop>1.5</hdop>
      </trkpt>
      <trkpt lat="52.8229744" lon="27.751898">
        <ele>183</ele>
        <time>2024-08-17T09:33:54Z</time>
        <hdop>2</hdop>
      </trkpt>
      <trkpt lat="52.8229744" lon="27.751898">
        <ele>183</ele>
        <time>2024-08-17T09:34:05Z</time>
        <hdop>1.5</hdop>
      </trkpt>
      <trkpt lat="52.8229744" lon="27.751898">
        <ele>183</ele>
        <time>2024-08-17T09:34:16Z</time>
        <hdop>2</hdop>
      </trkpt>
      <trkpt lat="52.8229638" lon="27.7518979">
        <ele>184</ele>
        <time>2024-08-17T09:34:26Z</time>
        <hdop>2</hdop>
        <extensions>
          <speed>0.05</speed>
        </extensions>
      </trkpt>
      <trkpt lat="52.8226745" lon="27.751895">
        <ele>183</ele>
        <time>2024-08-17T09:34:37Z</time>
        <hdop>1.5</hdop>
        <extensions>
          <speed>5.34</speed>
        </extensions>
      </trkpt>
      <trkpt lat="52.8221427" lon="27.7518901">
        <ele>182</ele>
        <time>2024-08-17T09:34:48Z</time>
        <hdop>1</hdop>
        <extensions>
          <speed>5</speed>
        </extensions>
      </trkpt>
      <trkpt lat="52.8216084" lon="27.751884">
        <ele>183</ele>
        <time>2024-08-17T09:34:58Z</time>
        <hdop>1</hdop>
        <extensions>
          <speed>5.65</speed>
        </extensions>
      </trkpt>
      <trkpt lat="52.8210997" lon="27.7518441">
        <ele>182</ele>
        <time>2024-08-17T09:35:09Z</time>
        <hdop>1</hdop>
        <extensions>
          <speed>5.83</speed>
        </extensions>
      </trkpt>
      <trkpt lat="52.8204992" lon="27.7518187">
        <ele>183</ele>
        <time>2024-08-17T09:35:20Z</time>
        <hdop>1</hdop>
        <extensions>
          <speed>6.45</speed>
        </extensions>
      </trkpt>
      <trkpt lat="52.8199065" lon="27.7517843">
        <ele>181</ele>
        <time>2024-08-17T09:35:30Z</time>
        <hdop>1</hdop>
        <extensions>
          <speed>6.64</speed>
        </extensions>
      </trkpt>
      <trkpt lat="52.8192518" lon="27.7517575">
        <ele>179</ele>
        <time>2024-08-17T09:35:41Z</time>
        <hdop>1</hdop>
        <extensions>
          <speed>6.46</speed>
        </extensions>
      </trkpt>
      <trkpt lat="52.8186226" lon="27.7517431">
        <ele>180</ele>
        <time>2024-08-17T09:35:52Z</time>
        <hdop>1</hdop>
        <extensions>
          <speed>5.97</speed>
        </extensions>
      </trkpt>
      <trkpt lat="52.8180885" lon="27.7517072">
        <ele>179</ele>
        <time>2024-08-17T09:36:02Z</time>
        <hdop>1.5</hdop>
        <extensions>
          <speed>5.43</speed>
        </extensions>
      </trkpt>
      <trkpt lat="52.8175935" lon="27.7516701">
        <ele>179</ele>
        <time>2024-08-17T09:36:12Z</time>
        <hdop>1</hdop>
        <extensions>
          <speed>5.97</speed>
        </extensions>
      </trkpt>
      <trkpt lat="52.8170858" lon="27.7516516">
        <ele>180</ele>
        <time>2024-08-17T09:36:22Z</time>
        <hdop>1</hdop>
        <extensions>
          <speed>5.66</speed>
        </extensions>
      </trkpt>
      <trkpt lat="52.8165445" lon="27.7516245">
        <ele>179</ele>
        <time>2024-08-17T09:36:33Z</time>
        <hdop>1</hdop>
        <extensions>
          <speed>5.42</speed>
        </extensions>
      </trkpt>
      <trkpt lat="52.815996" lon="27.7516066">
        <ele>180</ele>
        <time>2024-08-17T09:36:44Z</time>
        <hdop>1</hdop>
        <extensions>
          <speed>5.77</speed>
        </extensions>
      </trkpt>
      <trkpt lat="52.8154649" lon="27.7515648">
        <ele>180</ele>
        <time>2024-08-17T09:36:54Z</time>
        <hdop>1</hdop>
        <extensions>
          <speed>6.23</speed>
        </extensions>
      </trkpt>
      <trkpt lat="52.8148522" lon="27.7515452">
        <ele>180</ele>
        <time>2024-08-17T09:37:05Z</time>
        <hdop>1</hdop>
        <extensions>
          <speed>6.24</speed>
        </extensions>
      </trkpt>
      <trkpt lat="52.8142163" lon="27.7515082">
        <ele>179</ele>
        <time>2024-08-17T09:37:16Z</time>
        <hdop>1</hdop>
        <extensions>
          <speed>6.12</speed>
        </extensions>
      </trkpt>
      <trkpt lat="52.8136899" lon="27.7514845">
        <ele>179</ele>
        <time>2024-08-17T09:37:26Z</time>
        <hdop>1</hdop>
        <extensions>
          <speed>5.77</speed>
        </extensions>
      </trkpt>
      <trkpt lat="52.8131336" lon="27.7514413">
        <ele>178</ele>
        <time>2024-08-17T09:37:36Z</time>
        <hdop>1.5</hdop>
        <extensions>
          <speed>5.13</speed>
        </extensions>
      </trkpt>
      <trkpt lat="52.8126626" lon="27.7514011">
        <ele>178</ele>
        <time>2024-08-17T09:37:47Z</time>
        <hdop>1.5</hdop>
        <extensions>
          <speed>5.25</speed>
        </extensions>
      </trkpt>
      <trkpt lat="52.8122042" lon="27.7514905">
        <ele>179</ele>
        <time>2024-08-17T09:37:58Z</time>
        <hdop>1</hdop>
        <extensions>
          <speed>4.66</speed>
        </extensions>
      </trkpt>
      <trkpt lat="52.8118525" lon="27.7518431">
        <ele>181</ele>
        <time>2024-08-17T09:38:08Z</time>
        <hdop>1</hdop>
        <extensions>
          <speed>4.92</speed>
        </extensions>
      </trkpt>
      <trkpt lat="52.8116007" lon="27.7525045">
        <ele>182</ele>
        <time>2024-08-17T09:38:19Z</time>
        <hdop>1</hdop>
        <extensions>
          <speed>4.96</speed>
        </extensions>
      </trkpt>
      <trkpt lat="52.8113501" lon="27.7532041">
        <ele>182</ele>
        <time>2024-08-17T09:38:29Z</time>
        <hdop>1</hdop>
        <extensions>
          <speed>5.14</speed>
        </extensions>
      </trkpt>
      <trkpt lat="52.8111009" lon="27.7538613">
        <ele>184</ele>
        <time>2024-08-17T09:38:39Z</time>
        <hdop>1</hdop>
        <extensions>
          <speed>5.14</speed>
        </extensions>
      </trkpt>
      <trkpt lat="52.8108866" lon="27.754613">
        <ele>183</ele>
        <time>2024-08-17T09:38:50Z</time>
        <hdop>1</hdop>
        <extensions>
          <speed>5.36</speed>
        </extensions>
      </trkpt>
      <trkpt lat="52.8106419" lon="27.7552911">
        <ele>184</ele>
        <time>2024-08-17T09:39:01Z</time>
        <hdop>1</hdop>
        <extensions>
          <speed>5.3</speed>
        </extensions>
      </trkpt>
      <trkpt lat="52.8103874" lon="27.7559881">
        <ele>184</ele>
        <time>2024-08-17T09:39:11Z</time>
        <hdop>1</hdop>
        <extensions>
          <speed>3.94</speed>
        </extensions>
      </trkpt>
      <trkpt lat="52.8103237" lon="27.7560977">
        <ele>184</ele>
        <time>2024-08-17T09:39:22Z</time>
        <hdop>1.5</hdop>
      </trkpt>
      <trkpt lat="52.8102827" lon="27.7561999">
        <ele>183</ele>
        <time>2024-08-17T09:39:33Z</time>
        <hdop>2</hdop>
      </trkpt>
      <trkpt lat="52.8102827" lon="27.7561999">
        <ele>183</ele>
        <time>2024-08-17T09:39:43Z</time>
        <hdop>1.5</hdop>
      </trkpt>
      <trkpt lat="52.8102807" lon="27.7562483">
        <ele>183</ele>
        <time>2024-08-17T09:39:54Z</time>
        <hdop>2</hdop>
        <extensions>
          <speed>0.02</speed>
        </extensions>
      </trkpt>
      <trkpt lat="52.8102751" lon="27.7562557">
        <ele>182</ele>
        <time>2024-08-17T09:40:05Z</time>
        <hdop>1.5</hdop>
      </trkpt>
      <trkpt lat="52.8102751" lon="27.7562557">
        <ele>182</ele>
        <time>2024-08-17T09:40:15Z</time>
        <hdop>2</hdop>
      </trkpt>
      <trkpt lat="52.8102751" lon="27.7562557">
        <ele>182</ele>
        <time>2024-08-17T09:40:26Z</time>
        <hdop>1.5</hdop>
      </trkpt>
      <trkpt lat="52.8102867" lon="27.7562445">
        <ele>181</ele>
        <time>2024-08-17T09:40:36Z</time>
        <hdop>2</hdop>
      </trkpt>
      <trkpt lat="52.8102867" lon="27.7562445">
        <ele>181</ele>
        <time>2024-08-17T09:40:47Z</time>
        <hdop>2</hdop>
      </trkpt>
      <trkpt lat="52.8102867" lon="27.7562445">
        <ele>181</ele>
        <time>2024-08-17T09:40:57Z</time>
        <hdop>2</hdop>
      </trkpt>
      <trkpt lat="52.8102867" lon="27.7562445">
        <ele>181</ele>
        <time>2024-08-17T09:41:07Z</time>
        <hdop>2</hdop>
      </trkpt>
      <trkpt lat="52.8102867" lon="27.7562445">
        <ele>181</ele>
        <time>2024-08-17T09:41:18Z</time>
        <hdop>2</hdop>
      </trkpt>
      <trkpt lat="52.8102867" lon="27.7562445">
        <ele>181</ele>
        <time>2024-08-17T09:41:29Z</time>
        <hdop>1.5</hdop>
      </trkpt>
      <trkpt lat="52.8102867" lon="27.7562445">
        <ele>181</ele>
        <time>2024-08-17T09:41:39Z</time>
        <hdop>1.5</hdop>
      </trkpt>
      <trkpt lat="52.8102867" lon="27.7562445">
        <ele>181</ele>
        <time>2024-08-17T09:41:50Z</time>
        <hdop>2</hdop>
      </trkpt>
      <trkpt lat="52.8102867" lon="27.7562445">
        <ele>181</ele>
        <time>2024-08-17T09:42:00Z</time>
        <hdop>1.5</hdop>
      </trkpt>
      <trkpt lat="52.8102867" lon="27.7562445">
        <ele>181</ele>
        <time>2024-08-17T09:42:11Z</time>
        <hdop>1.5</hdop>
      </trkpt>
      <trkpt lat="52.8102813" lon="27.7562423">
        <ele>180</ele>
        <time>2024-08-17T09:42:22Z</time>
        <hdop>2</hdop>
      </trkpt>
      <trkpt lat="52.8103034" lon="27.7561427">
        <ele>182</ele>
        <time>2024-08-17T09:42:32Z</time>
        <hdop>2</hdop>
        <extensions>
          <speed>1.78</speed>
        </extensions>
      </trkpt>
      <trkpt lat="52.8103114" lon="27.7561247">
        <ele>182</ele>
        <time>2024-08-17T09:42:42Z</time>
        <hdop>2</hdop>
        <extensions>
          <speed>1.55</speed>
        </extensions>
      </trkpt>
      <trkpt lat="52.8103002" lon="27.7562443">
        <ele>181</ele>
        <time>2024-08-17T09:42:53Z</time>
        <hdop>2</hdop>
      </trkpt>
      <trkpt lat="52.8102977" lon="27.7562464">
        <ele>182</ele>
        <time>2024-08-17T09:43:03Z</time>
        <hdop>2</hdop>
        <extensions>
          <speed>0.67</speed>
        </extensions>
      </trkpt>
      <trkpt lat="52.8102842" lon="27.756274">
        <ele>182</ele>
        <time>2024-08-17T09:43:13Z</time>
        <hdop>1.5</hdop>
        <extensions>
          <speed>1.08</speed>
        </extensions>
      </trkpt>
      <trkpt lat="52.8102944" lon="27.7562709">
        <ele>180</ele>
        <time>2024-08-17T09:43:23Z</time>
        <hdop>2</hdop>
        <extensions>
          <speed>0.86</speed>
        </extensions>
      </trkpt>
      <trkpt lat="52.8102878" lon="27.7562757">
        <ele>180</ele>
        <time>2024-08-17T09:43:34Z</time>
        <hdop>2</hdop>
      </trkpt>
      <trkpt lat="52.8102878" lon="27.7562757">
        <ele>180</ele>
        <time>2024-08-17T09:43:44Z</time>
        <hdop>2</hdop>
      </trkpt>
      <trkpt lat="52.8102878" lon="27.7562757">
        <ele>180</ele>
        <time>2024-08-17T09:43:54Z</time>
        <hdop>2</hdop>
      </trkpt>
      <trkpt lat="52.8102878" lon="27.7562757">
        <ele>180</ele>
        <time>2024-08-17T09:44:05Z</time>
        <hdop>2</hdop>
      </trkpt>
      <trkpt lat="52.8102878" lon="27.7562757">
        <ele>180</ele>
        <time>2024-08-17T09:44:16Z</time>
        <hdop>2</hdop>
      </trkpt>
      <trkpt lat="52.8102878" lon="27.7562757">
        <ele>180</ele>
        <time>2024-08-17T09:44:26Z</time>
        <hdop>1.5</hdop>
      </trkpt>
      <trkpt lat="52.8102878" lon="27.7562757">
        <ele>180</ele>
        <time>2024-08-17T09:44:37Z</time>
        <hdop>1.5</hdop>
      </trkpt>
      <trkpt lat="52.8102878" lon="27.7562757">
        <ele>180</ele>
        <time>2024-08-17T09:44:47Z</time>
        <hdop>1.5</hdop>
      </trkpt>
      <trkpt lat="52.8102878" lon="27.7562757">
        <ele>180</ele>
        <time>2024-08-17T09:44:57Z</time>
        <hdop>2</hdop>
      </trkpt>
      <trkpt lat="52.8102878" lon="27.7562757">
        <ele>180</ele>
        <time>2024-08-17T09:45:08Z</time>
        <hdop>2</hdop>
      </trkpt>
      <trkpt lat="52.8102878" lon="27.7562757">
        <ele>180</ele>
        <time>2024-08-17T09:45:18Z</time>
        <hdop>2</hdop>
      </trkpt>
      <trkpt lat="52.8102878" lon="27.7562757">
        <ele>180</ele>
        <time>2024-08-17T09:45:28Z</time>
        <hdop>1.5</hdop>
      </trkpt>
      <trkpt lat="52.8102878" lon="27.7562757">
        <ele>180</ele>
        <time>2024-08-17T09:45:40Z</time>
        <hdop>2</hdop>
      </trkpt>
      <trkpt lat="52.8102878" lon="27.7562757">
        <ele>180</ele>
        <time>2024-08-17T09:45:51Z</time>
        <hdop>1.5</hdop>
      </trkpt>
      <trkpt lat="52.8103044" lon="27.7562535">
        <ele>179</ele>
        <time>2024-08-17T09:46:02Z</time>
        <hdop>2</hdop>
      </trkpt>
      <trkpt lat="52.8103044" lon="27.7562535">
        <ele>179</ele>
        <time>2024-08-17T09:46:13Z</time>
        <hdop>2</hdop>
      </trkpt>
      <trkpt lat="52.8103044" lon="27.7562535">
        <ele>179</ele>
        <time>2024-08-17T09:46:24Z</time>
        <hdop>2</hdop>
      </trkpt>
      <trkpt lat="52.8103044" lon="27.7562535">
        <ele>179</ele>
        <time>2024-08-17T09:46:34Z</time>
        <hdop>1.5</hdop>
      </trkpt>
      <trkpt lat="52.8103044" lon="27.7562535">
        <ele>179</ele>
        <time>2024-08-17T09:46:45Z</time>
        <hdop>1.5</hdop>
      </trkpt>
      <trkpt lat="52.8102732" lon="27.756317">
        <ele>181</ele>
        <time>2024-08-17T09:46:56Z</time>
        <hdop>2</hdop>
      </trkpt>
      <trkpt lat="52.8102405" lon="27.7563149">
        <ele>181</ele>
        <time>2024-08-17T09:47:06Z</time>
        <hdop>2</hdop>
        <extensions>
          <speed>0.24</speed>
        </extensions>
      </trkpt>
      <trkpt lat="52.8102299" lon="27.7564008">
        <ele>180</ele>
        <time>2024-08-17T09:47:16Z</time>
        <hdop>2</hdop>
        <extensions>
          <speed>0.92</speed>
        </extensions>
      </trkpt>
      <trkpt lat="52.810237" lon="27.7564004">
        <ele>180</ele>
        <time>2024-08-17T09:47:27Z</time>
        <hdop>1.5</hdop>
      </trkpt>
      <trkpt lat="52.8102774" lon="27.756276">
        <ele>180</ele>
        <time>2024-08-17T09:47:37Z</time>
        <hdop>2.5</hdop>
        <extensions>
          <speed>0.45</speed>
        </extensions>
      </trkpt>
      <trkpt lat="52.8102744" lon="27.756272">
        <ele>180</ele>
        <time>2024-08-17T09:47:48Z</time>
        <hdop>2</hdop>
      </trkpt>
      <trkpt lat="52.8102744" lon="27.756272">
        <ele>180</ele>
        <time>2024-08-17T09:47:58Z</time>
        <hdop>2</hdop>
      </trkpt>
      <trkpt lat="52.8102744" lon="27.756272">
        <ele>180</ele>
        <time>2024-08-17T09:48:09Z</time>
        <hdop>2</hdop>
      </trkpt>
      <trkpt lat="52.8102744" lon="27.756272">
        <ele>180</ele>
        <time>2024-08-17T09:48:20Z</time>
        <hdop>1.5</hdop>
      </trkpt>
      <trkpt lat="52.8102744" lon="27.756272">
        <ele>180</ele>
        <time>2024-08-17T09:48:30Z</time>
        <hdop>1.5</hdop>
      </trkpt>
      <trkpt lat="52.8102744" lon="27.756272">
        <ele>180</ele>
        <time>2024-08-17T09:48:40Z</time>
        <hdop>1.5</hdop>
      </trkpt>
      <trkpt lat="52.8102744" lon="27.756272">
        <ele>180</ele>
        <time>2024-08-17T09:48:51Z</time>
        <hdop>2</hdop>
      </trkpt>
      <trkpt lat="52.8102744" lon="27.756272">
        <ele>180</ele>
        <time>2024-08-17T09:49:01Z</time>
        <hdop>2</hdop>
      </trkpt>
      <trkpt lat="52.8102744" lon="27.756272">
        <ele>180</ele>
        <time>2024-08-17T09:49:12Z</time>
        <hdop>1.5</hdop>
      </trkpt>
      <trkpt lat="52.8102744" lon="27.756272">
        <ele>180</ele>
        <time>2024-08-17T09:49:23Z</time>
        <hdop>2</hdop>
      </trkpt>
      <trkpt lat="52.8102769" lon="27.7562724">
        <ele>180</ele>
        <time>2024-08-17T09:49:34Z</time>
        <hdop>1.5</hdop>
      </trkpt>
      <trkpt lat="52.8102782" lon="27.7562776">
        <ele>180</ele>
        <time>2024-08-17T09:49:44Z</time>
        <hdop>2</hdop>
      </trkpt>
      <trkpt lat="52.8102782" lon="27.7562776">
        <ele>180</ele>
        <time>2024-08-17T09:49:55Z</time>
        <hdop>1.5</hdop>
      </trkpt>
      <trkpt lat="52.8102782" lon="27.7562776">
        <ele>180</ele>
        <time>2024-08-17T09:50:06Z</time>
        <hdop>2</hdop>
      </trkpt>
      <trkpt lat="52.8102887" lon="27.7562775">
        <ele>178</ele>
        <time>2024-08-17T09:50:16Z</time>
        <hdop>1.5</hdop>
      </trkpt>
      <trkpt lat="52.8102924" lon="27.7562673">
        <ele>179</ele>
        <time>2024-08-17T09:50:26Z</time>
        <hdop>2</hdop>
        <extensions>
          <speed>0.21</speed>
        </extensions>
      </trkpt>
      <trkpt lat="52.8102839" lon="27.756265">
        <ele>179</ele>
        <time>2024-08-17T09:50:37Z</time>
        <hdop>2</hdop>
      </trkpt>
      <trkpt lat="52.8102852" lon="27.7562574">
        <ele>179</ele>
        <time>2024-08-17T09:50:48Z</time>
        <hdop>1.5</hdop>
      </trkpt>
      <trkpt lat="52.8102852" lon="27.7562574">
        <ele>179</ele>
        <time>2024-08-17T09:50:59Z</time>
        <hdop>2</hdop>
      </trkpt>
      <trkpt lat="52.8102852" lon="27.7562574">
        <ele>179</ele>
        <time>2024-08-17T09:51:09Z</time>
        <hdop>2</hdop>
      </trkpt>
      <trkpt lat="52.8102915" lon="27.7562751">
        <ele>178</ele>
        <time>2024-08-17T09:51:20Z</time>
        <hdop>2</hdop>
      </trkpt>
      <trkpt lat="52.8103136" lon="27.7561673">
        <ele>181</ele>
        <time>2024-08-17T09:51:30Z</time>
        <hdop>2</hdop>
        <extensions>
          <speed>0.4</speed>
        </extensions>
      </trkpt>
      <trkpt lat="52.8103258" lon="27.7561611">
        <ele>181</ele>
        <time>2024-08-17T09:51:41Z</time>
        <hdop>2</hdop>
      </trkpt>
      <trkpt lat="52.8103473" lon="27.7561595">
        <ele>179</ele>
        <time>2024-08-17T09:51:51Z</time>
        <hdop>2</hdop>
        <extensions>
          <speed>0.06</speed>
        </extensions>
      </trkpt>
      <trkpt lat="52.8103471" lon="27.7561598">
        <ele>179</ele>
        <time>2024-08-17T09:52:02Z</time>
        <hdop>1.5</hdop>
      </trkpt>
      <trkpt lat="52.8103286" lon="27.756174">
        <ele>180</ele>
        <time>2024-08-17T09:52:12Z</time>
        <hdop>2</hdop>
      </trkpt>
      <trkpt lat="52.8102501" lon="27.7563693">
        <ele>182</ele>
        <time>2024-08-17T09:52:22Z</time>
        <hdop>2</hdop>
        <extensions>
          <speed>3.89</speed>
        </extensions>
      </trkpt>
      <trkpt lat="52.8100067" lon="27.7570224">
        <ele>181</ele>
        <time>2024-08-17T09:52:33Z</time>
        <hdop>1.5</hdop>
        <extensions>
          <speed>5.83</speed>
        </extensions>
      </trkpt>
      <trkpt lat="52.8096989" lon="27.7578615">
        <ele>183</ele>
        <time>2024-08-17T09:52:44Z</time>
        <hdop>1</hdop>
        <extensions>
          <speed>5.94</speed>
        </extensions>
      </trkpt>
      <trkpt lat="52.8094214" lon="27.7586657">
        <ele>183</ele>
        <time>2024-08-17T09:52:55Z</time>
        <hdop>1</hdop>
        <extensions>
          <speed>5.41</speed>
        </extensions>
      </trkpt>
      <trkpt lat="52.8091673" lon="27.7593703">
        <ele>183</ele>
        <time>2024-08-17T09:53:05Z</time>
        <hdop>1</hdop>
        <extensions>
          <speed>5.57</speed>
        </extensions>
      </trkpt>
      <trkpt lat="52.8088848" lon="27.7601301">
        <ele>183</ele>
        <time>2024-08-17T09:53:16Z</time>
        <hdop>1</hdop>
        <extensions>
          <speed>5.38</speed>
        </extensions>
      </trkpt>
      <trkpt lat="52.8086403" lon="27.760862">
        <ele>183</ele>
        <time>2024-08-17T09:53:27Z</time>
        <hdop>1</hdop>
        <extensions>
          <speed>4.73</speed>
        </extensions>
      </trkpt>
      <trkpt lat="52.808632" lon="27.7616147">
        <ele>183</ele>
        <time>2024-08-17T09:53:37Z</time>
        <hdop>1.5</hdop>
        <extensions>
          <speed>5.89</speed>
        </extensions>
      </trkpt>
      <trkpt lat="52.8086494" lon="27.7624768">
        <ele>183</ele>
        <time>2024-08-17T09:53:47Z</time>
        <hdop>1</hdop>
        <extensions>
          <speed>5.9</speed>
        </extensions>
      </trkpt>
      <trkpt lat="52.8087057" lon="27.7633828">
        <ele>184</ele>
        <time>2024-08-17T09:53:58Z</time>
        <hdop>1.5</hdop>
        <extensions>
          <speed>5.71</speed>
        </extensions>
      </trkpt>
      <trkpt lat="52.8087901" lon="27.7642451">
        <ele>184</ele>
        <time>2024-08-17T09:54:08Z</time>
        <hdop>1.5</hdop>
        <extensions>
          <speed>5.71</speed>
        </extensions>
      </trkpt>
      <trkpt lat="52.8088442" lon="27.7651426">
        <ele>185</ele>
        <time>2024-08-17T09:54:19Z</time>
        <hdop>1</hdop>
        <extensions>
          <speed>5.48</speed>
        </extensions>
      </trkpt>
      <trkpt lat="52.8089263" lon="27.7659514">
        <ele>186</ele>
        <time>2024-08-17T09:54:29Z</time>
        <hdop>1</hdop>
        <extensions>
          <speed>5.63</speed>
        </extensions>
      </trkpt>
      <trkpt lat="52.808997" lon="27.7668908">
        <ele>185</ele>
        <time>2024-08-17T09:54:40Z</time>
        <hdop>1.5</hdop>
        <extensions>
          <speed>5.79</speed>
        </extensions>
      </trkpt>
      <trkpt lat="52.8091077" lon="27.7676403">
        <ele>186</ele>
        <time>2024-08-17T09:54:51Z</time>
        <hdop>1.5</hdop>
        <extensions>
          <speed>2.93</speed>
        </extensions>
      </trkpt>
      <trkpt lat="52.8092568" lon="27.7678178">
        <ele>185</ele>
        <time>2024-08-17T09:55:01Z</time>
        <hdop>2</hdop>
        <extensions>
          <speed>0.58</speed>
        </extensions>
      </trkpt>
      <trkpt lat="52.8091617" lon="27.7677608">
        <ele>186</ele>
        <time>2024-08-17T09:55:11Z</time>
        <hdop>2</hdop>
        <extensions>
          <speed>2.42</speed>
        </extensions>
      </trkpt>
      <trkpt lat="52.8089942" lon="27.7675865">
        <ele>185</ele>
        <time>2024-08-17T09:55:21Z</time>
        <hdop>2</hdop>
        <extensions>
          <speed>1.16</speed>
        </extensions>
      </trkpt>
      <trkpt lat="52.8089739" lon="27.7677076">
        <ele>185</ele>
        <time>2024-08-17T09:55:32Z</time>
        <hdop>2</hdop>
        <extensions>
          <speed>2.27</speed>
        </extensions>
      </trkpt>
      <trkpt lat="52.8090194" lon="27.7683825">
        <ele>186</ele>
        <time>2024-08-17T09:55:43Z</time>
        <hdop>1.5</hdop>
        <extensions>
          <speed>4.32</speed>
        </extensions>
      </trkpt>
      <trkpt lat="52.8090398" lon="27.7690379">
        <ele>185</ele>
        <time>2024-08-17T09:55:53Z</time>
        <hdop>1</hdop>
        <extensions>
          <speed>4.4</speed>
        </extensions>
      </trkpt>
      <trkpt lat="52.8092098" lon="27.7694965">
        <ele>184</ele>
        <time>2024-08-17T09:56:04Z</time>
        <hdop>1.5</hdop>
        <extensions>
          <speed>3.17</speed>
        </extensions>
      </trkpt>
      <trkpt lat="52.809328" lon="27.7701224">
        <ele>185</ele>
        <time>2024-08-17T09:56:15Z</time>
        <hdop>1.5</hdop>
        <extensions>
          <speed>4.73</speed>
        </extensions>
      </trkpt>
      <trkpt lat="52.8093824" lon="27.7707632">
        <ele>186</ele>
        <time>2024-08-17T09:56:25Z</time>
        <hdop>1.5</hdop>
        <extensions>
          <speed>3.71</speed>
        </extensions>
      </trkpt>
      <trkpt lat="52.8092663" lon="27.7713731">
        <ele>187</ele>
        <time>2024-08-17T09:56:36Z</time>
        <hdop>1.5</hdop>
        <extensions>
          <speed>3.68</speed>
        </extensions>
      </trkpt>
      <trkpt lat="52.8090414" lon="27.7718424">
        <ele>186</ele>
        <time>2024-08-17T09:56:46Z</time>
        <hdop>1.5</hdop>
        <extensions>
          <speed>3.62</speed>
        </extensions>
      </trkpt>
      <trkpt lat="52.8088544" lon="27.7723964">
        <ele>184</ele>
        <time>2024-08-17T09:56:57Z</time>
        <hdop>1.5</hdop>
        <extensions>
          <speed>4.97</speed>
        </extensions>
      </trkpt>
      <trkpt lat="52.8089006" lon="27.7726897">
        <ele>186</ele>
        <time>2024-08-17T09:57:07Z</time>
        <hdop>2</hdop>
        <extensions>
          <speed>3.51</speed>
        </extensions>
      </trkpt>
      <trkpt lat="52.80921" lon="27.7730812">
        <ele>187</ele>
        <time>2024-08-17T09:57:17Z</time>
        <hdop>1.5</hdop>
        <extensions>
          <speed>4.15</speed>
        </extensions>
      </trkpt>
      <trkpt lat="52.8093161" lon="27.7738532">
        <ele>187</ele>
        <time>2024-08-17T09:57:27Z</time>
        <hdop>1.5</hdop>
        <extensions>
          <speed>5.08</speed>
        </extensions>
      </trkpt>
      <trkpt lat="52.8093783" lon="27.7746328">
        <ele>186</ele>
        <time>2024-08-17T09:57:37Z</time>
        <hdop>1.5</hdop>
        <extensions>
          <speed>5.13</speed>
        </extensions>
      </trkpt>
      <trkpt lat="52.809423" lon="27.7754869">
        <ele>186</ele>
        <time>2024-08-17T09:57:48Z</time>
        <hdop>1.5</hdop>
        <extensions>
          <speed>5.28</speed>
        </extensions>
      </trkpt>
      <trkpt lat="52.809608" lon="27.7760045">
        <ele>184</ele>
        <time>2024-08-17T09:57:58Z</time>
        <hdop>1.5</hdop>
        <extensions>
          <speed>4.23</speed>
        </extensions>
      </trkpt>
      <trkpt lat="52.8100871" lon="27.7759285">
        <ele>184</ele>
        <time>2024-08-17T09:58:09Z</time>
        <hdop>2</hdop>
        <extensions>
          <speed>4.81</speed>
        </extensions>
      </trkpt>
      <trkpt lat="52.8105483" lon="27.775839">
        <ele>184</ele>
        <time>2024-08-17T09:58:19Z</time>
        <hdop>1.5</hdop>
        <extensions>
          <speed>5.53</speed>
        </extensions>
      </trkpt>
      <trkpt lat="52.8110289" lon="27.7757307">
        <ele>183</ele>
        <time>2024-08-17T09:58:29Z</time>
        <hdop>1.5</hdop>
        <extensions>
          <speed>5.53</speed>
        </extensions>
      </trkpt>
      <trkpt lat="52.8115018" lon="27.7756054">
        <ele>182</ele>
        <time>2024-08-17T09:58:39Z</time>
        <hdop>1.5</hdop>
        <extensions>
          <speed>4.79</speed>
        </extensions>
      </trkpt>
      <trkpt lat="52.811939" lon="27.775472">
        <ele>186</ele>
        <time>2024-08-17T09:58:49Z</time>
        <hdop>1.5</hdop>
        <extensions>
          <speed>5.39</speed>
        </extensions>
      </trkpt>
      <trkpt lat="52.8124517" lon="27.7753596">
        <ele>185</ele>
        <time>2024-08-17T09:59:00Z</time>
        <hdop>1.5</hdop>
        <extensions>
          <speed>4.87</speed>
        </extensions>
      </trkpt>
      <trkpt lat="52.8129385" lon="27.7752468">
        <ele>186</ele>
        <time>2024-08-17T09:59:11Z</time>
        <hdop>1.5</hdop>
        <extensions>
          <speed>5.58</speed>
        </extensions>
      </trkpt>
      <trkpt lat="52.8134863" lon="27.7750995">
        <ele>185</ele>
        <time>2024-08-17T09:59:21Z</time>
        <hdop>1.5</hdop>
        <extensions>
          <speed>6.09</speed>
        </extensions>
      </trkpt>
      <trkpt lat="52.8141293" lon="27.7749478">
        <ele>185</ele>
        <time>2024-08-17T09:59:32Z</time>
        <hdop>1.5</hdop>
        <extensions>
          <speed>6.38</speed>
        </extensions>
      </trkpt>
      <trkpt lat="52.8147168" lon="27.7747982">
        <ele>186</ele>
        <time>2024-08-17T09:59:42Z</time>
        <hdop>1.5</hdop>
        <extensions>
          <speed>5.83</speed>
        </extensions>
      </trkpt>
      <trkpt lat="52.815005" lon="27.7753483">
        <ele>187</ele>
        <time>2024-08-17T09:59:53Z</time>
        <hdop>1.5</hdop>
        <extensions>
          <speed>4.86</speed>
        </extensions>
      </trkpt>
      <trkpt lat="52.8150209" lon="27.776145">
        <ele>187</ele>
        <time>2024-08-17T10:00:03Z</time>
        <hdop>1.5</hdop>
        <extensions>
          <speed>5.35</speed>
        </extensions>
      </trkpt>
      <trkpt lat="52.8150245" lon="27.7769503">
        <ele>186</ele>
        <time>2024-08-17T10:00:13Z</time>
        <hdop>1.5</hdop>
        <extensions>
          <speed>5.36</speed>
        </extensions>
      </trkpt>
      <trkpt lat="52.8150534" lon="27.7777553">
        <ele>186</ele>
        <time>2024-08-17T10:00:23Z</time>
        <hdop>1</hdop>
        <extensions>
          <speed>4.72</speed>
        </extensions>
      </trkpt>
      <trkpt lat="52.8150714" lon="27.7784978">
        <ele>185</ele>
        <time>2024-08-17T10:00:33Z</time>
        <hdop>1</hdop>
        <extensions>
          <speed>5.18</speed>
        </extensions>
      </trkpt>
      <trkpt lat="52.8150771" lon="27.7792695">
        <ele>185</ele>
        <time>2024-08-17T10:00:43Z</time>
        <hdop>1</hdop>
        <extensions>
          <speed>5.11</speed>
        </extensions>
      </trkpt>
      <trkpt lat="52.8150849" lon="27.7800916">
        <ele>183</ele>
        <time>2024-08-17T10:00:54Z</time>
        <hdop>1.5</hdop>
        <extensions>
          <speed>4.75</speed>
        </extensions>
      </trkpt>
      <trkpt lat="52.8151067" lon="27.7808989">
        <ele>185</ele>
        <time>2024-08-17T10:01:04Z</time>
        <hdop>1.5</hdop>
        <extensions>
          <speed>5.46</speed>
        </extensions>
      </trkpt>
      <trkpt lat="52.815123" lon="27.7816886">
        <ele>185</ele>
        <time>2024-08-17T10:01:14Z</time>
        <hdop>1.5</hdop>
        <extensions>
          <speed>5.3</speed>
        </extensions>
      </trkpt>
      <trkpt lat="52.8151325" lon="27.7824743">
        <ele>185</ele>
        <time>2024-08-17T10:01:25Z</time>
        <hdop>1.5</hdop>
        <extensions>
          <speed>5.31</speed>
        </extensions>
      </trkpt>
      <trkpt lat="52.8151482" lon="27.7833601">
        <ele>186</ele>
        <time>2024-08-17T10:01:36Z</time>
        <hdop>1.5</hdop>
        <extensions>
          <speed>5.55</speed>
        </extensions>
      </trkpt>
      <trkpt lat="52.81516" lon="27.7842178">
        <ele>187</ele>
        <time>2024-08-17T10:01:46Z</time>
        <hdop>1.5</hdop>
        <extensions>
          <speed>5.92</speed>
        </extensions>
      </trkpt>
      <trkpt lat="52.8151925" lon="27.7851327">
        <ele>187</ele>
        <time>2024-08-17T10:01:56Z</time>
        <hdop>1.5</hdop>
        <extensions>
          <speed>5.4</speed>
        </extensions>
      </trkpt>
      <trkpt lat="52.8152022" lon="27.7858946">
        <ele>186</ele>
        <time>2024-08-17T10:02:07Z</time>
        <hdop>1.5</hdop>
        <extensions>
          <speed>5.09</speed>
        </extensions>
      </trkpt>
      <trkpt lat="52.8152086" lon="27.7867574">
        <ele>185</ele>
        <time>2024-08-17T10:02:18Z</time>
        <hdop>1.5</hdop>
        <extensions>
          <speed>5.34</speed>
        </extensions>
      </trkpt>
      <trkpt lat="52.8152362" lon="27.7876234">
        <ele>185</ele>
        <time>2024-08-17T10:02:29Z</time>
        <hdop>1.5</hdop>
        <extensions>
          <speed>5.19</speed>
        </extensions>
      </trkpt>
      <trkpt lat="52.8152503" lon="27.7883989">
        <ele>186</ele>
        <time>2024-08-17T10:02:39Z</time>
        <hdop>1</hdop>
        <extensions>
          <speed>4.95</speed>
        </extensions>
      </trkpt>
      <trkpt lat="52.815267" lon="27.7890671">
        <ele>187</ele>
        <time>2024-08-17T10:02:49Z</time>
        <hdop>1</hdop>
        <extensions>
          <speed>3.63</speed>
        </extensions>
      </trkpt>
      <trkpt lat="52.8152705" lon="27.7893565">
        <ele>186</ele>
        <time>2024-08-17T10:03:00Z</time>
        <hdop>1.5</hdop>
        <extensions>
          <speed>0.02</speed>
        </extensions>
      </trkpt>
      <trkpt lat="52.81528" lon="27.7893371">
        <ele>185</ele>
        <time>2024-08-17T10:03:11Z</time>
        <hdop>1.5</hdop>
      </trkpt>
      <trkpt lat="52.8153028" lon="27.7893214">
        <ele>183</ele>
        <time>2024-08-17T10:03:21Z</time>
        <hdop>3.5</hdop>
        <extensions>
          <speed>0.32</speed>
        </extensions>
      </trkpt>
      <trkpt lat="52.8152823" lon="27.7893175">
        <ele>184</ele>
        <time>2024-08-17T10:03:32Z</time>
        <hdop>2</hdop>
      </trkpt>
      <trkpt lat="52.8152686" lon="27.7898121">
        <ele>187</ele>
        <time>2024-08-17T10:03:43Z</time>
        <hdop>1</hdop>
        <extensions>
          <speed>4.56</speed>
        </extensions>
      </trkpt>
      <trkpt lat="52.8152867" lon="27.7903259">
        <ele>187</ele>
        <time>2024-08-17T10:03:54Z</time>
        <hdop>1.5</hdop>
        <extensions>
          <speed>3.7</speed>
        </extensions>
      </trkpt>
      <trkpt lat="52.8153061" lon="27.7909919">
        <ele>187</ele>
        <time>2024-08-17T10:04:04Z</time>
        <hdop>1</hdop>
        <extensions>
          <speed>3.92</speed>
        </extensions>
      </trkpt>
      <trkpt lat="52.8152976" lon="27.7915718">
        <ele>187</ele>
        <time>2024-08-17T10:04:15Z</time>
        <hdop>1.5</hdop>
        <extensions>
          <speed>4.18</speed>
        </extensions>
      </trkpt>
      <trkpt lat="52.8152615" lon="27.792254">
        <ele>188</ele>
        <time>2024-08-17T10:04:25Z</time>
        <hdop>1.5</hdop>
        <extensions>
          <speed>4.28</speed>
        </extensions>
      </trkpt>
      <trkpt lat="52.8152398" lon="27.7930145">
        <ele>187</ele>
        <time>2024-08-17T10:04:36Z</time>
        <hdop>1</hdop>
        <extensions>
          <speed>4.88</speed>
        </extensions>
      </trkpt>
      <trkpt lat="52.81525" lon="27.7937859">
        <ele>187</ele>
        <time>2024-08-17T10:04:46Z</time>
        <hdop>1</hdop>
        <extensions>
          <speed>5.15</speed>
        </extensions>
      </trkpt>
      <trkpt lat="52.8152755" lon="27.7946719">
        <ele>187</ele>
        <time>2024-08-17T10:04:56Z</time>
        <hdop>1</hdop>
        <extensions>
          <speed>5.5</speed>
        </extensions>
      </trkpt>
      <trkpt lat="52.8152579" lon="27.7954809">
        <ele>187</ele>
        <time>2024-08-17T10:05:07Z</time>
        <hdop>1</hdop>
        <extensions>
          <speed>5.21</speed>
        </extensions>
      </trkpt>
      <trkpt lat="52.8150266" lon="27.796155">
        <ele>187</ele>
        <time>2024-08-17T10:05:17Z</time>
        <hdop>1</hdop>
        <extensions>
          <speed>5.1</speed>
        </extensions>
      </trkpt>
      <trkpt lat="52.8146036" lon="27.7965529">
        <ele>186</ele>
        <time>2024-08-17T10:05:27Z</time>
        <hdop>1.5</hdop>
        <extensions>
          <speed>4.87</speed>
        </extensions>
      </trkpt>
      <trkpt lat="52.814178" lon="27.7968316">
        <ele>186</ele>
        <time>2024-08-17T10:05:39Z</time>
        <hdop>1.5</hdop>
        <extensions>
          <speed>4.58</speed>
        </extensions>
      </trkpt>
      <trkpt lat="52.8137858" lon="27.797113">
        <ele>189</ele>
        <time>2024-08-17T10:05:49Z</time>
        <hdop>1.5</hdop>
        <extensions>
          <speed>4.63</speed>
        </extensions>
      </trkpt>
      <trkpt lat="52.8133471" lon="27.7974218">
        <ele>190</ele>
        <time>2024-08-17T10:06:00Z</time>
        <hdop>1.5</hdop>
        <extensions>
          <speed>4.89</speed>
        </extensions>
      </trkpt>
      <trkpt lat="52.8128593" lon="27.7977386">
        <ele>191</ele>
        <time>2024-08-17T10:06:11Z</time>
        <hdop>1.5</hdop>
        <extensions>
          <speed>5.23</speed>
        </extensions>
      </trkpt>
      <trkpt lat="52.8123772" lon="27.7980629">
        <ele>193</ele>
        <time>2024-08-17T10:06:22Z</time>
        <hdop>2</hdop>
        <extensions>
          <speed>5.24</speed>
        </extensions>
      </trkpt>
      <trkpt lat="52.8118937" lon="27.7984057">
        <ele>191</ele>
        <time>2024-08-17T10:06:33Z</time>
        <hdop>2</hdop>
        <extensions>
          <speed>5.15</speed>
        </extensions>
      </trkpt>
      <trkpt lat="52.8114156" lon="27.7988207">
        <ele>190</ele>
        <time>2024-08-17T10:06:44Z</time>
        <hdop>1.5</hdop>
        <extensions>
          <speed>5.57</speed>
        </extensions>
      </trkpt>
      <trkpt lat="52.8112876" lon="27.7995608">
        <ele>189</ele>
        <time>2024-08-17T10:06:54Z</time>
        <hdop>1.5</hdop>
        <extensions>
          <speed>5.93</speed>
        </extensions>
      </trkpt>
      <trkpt lat="52.8112413" lon="27.8005526">
        <ele>190</ele>
        <time>2024-08-17T10:07:05Z</time>
        <hdop>2.5</hdop>
        <extensions>
          <speed>6.04</speed>
        </extensions>
      </trkpt>
      <trkpt lat="52.8110985" lon="27.8013578">
        <ele>192</ele>
        <time>2024-08-17T10:07:15Z</time>
        <hdop>2</hdop>
        <extensions>
          <speed>6.17</speed>
        </extensions>
      </trkpt>
      <trkpt lat="52.8105352" lon="27.8015746">
        <ele>192</ele>
        <time>2024-08-17T10:07:26Z</time>
        <hdop>2</hdop>
        <extensions>
          <speed>6.38</speed>
        </extensions>
      </trkpt>
      <trkpt lat="52.8099936" lon="27.8010041">
        <ele>189</ele>
        <time>2024-08-17T10:07:37Z</time>
        <hdop>1.5</hdop>
        <extensions>
          <speed>6.11</speed>
        </extensions>
      </trkpt>
      <trkpt lat="52.8094777" lon="27.8003697">
        <ele>188</ele>
        <time>2024-08-17T10:07:47Z</time>
        <hdop>1.5</hdop>
        <extensions>
          <speed>6.81</speed>
        </extensions>
      </trkpt>
      <trkpt lat="52.8089227" lon="27.7997757">
        <ele>188</ele>
        <time>2024-08-17T10:07:58Z</time>
        <hdop>3</hdop>
        <extensions>
          <speed>6.3</speed>
        </extensions>
      </trkpt>
      <trkpt lat="52.8084473" lon="27.7991614">
        <ele>186</ele>
        <time>2024-08-17T10:08:08Z</time>
        <hdop>1.5</hdop>
        <extensions>
          <speed>6.16</speed>
        </extensions>
      </trkpt>
      <trkpt lat="52.8079804" lon="27.7985985">
        <ele>187</ele>
        <time>2024-08-17T10:08:19Z</time>
        <hdop>1.5</hdop>
        <extensions>
          <speed>5.78</speed>
        </extensions>
      </trkpt>
      <trkpt lat="52.8075664" lon="27.7981064">
        <ele>186</ele>
        <time>2024-08-17T10:08:29Z</time>
        <hdop>1.5</hdop>
        <extensions>
          <speed>5.67</speed>
        </extensions>
      </trkpt>
      <trkpt lat="52.8070683" lon="27.7975306">
        <ele>186</ele>
        <time>2024-08-17T10:08:40Z</time>
        <hdop>1.5</hdop>
        <extensions>
          <speed>6.25</speed>
        </extensions>
      </trkpt>
      <trkpt lat="52.8065882" lon="27.7969745">
        <ele>188</ele>
        <time>2024-08-17T10:08:50Z</time>
        <hdop>2.5</hdop>
        <extensions>
          <speed>5.95</speed>
        </extensions>
      </trkpt>
      <trkpt lat="52.8061435" lon="27.796466">
        <ele>187</ele>
        <time>2024-08-17T10:09:00Z</time>
        <hdop>2</hdop>
        <extensions>
          <speed>3.41</speed>
        </extensions>
      </trkpt>
      <trkpt lat="52.8057117" lon="27.79598">
        <ele>186</ele>
        <time>2024-08-17T10:09:11Z</time>
        <hdop>1.5</hdop>
        <extensions>
          <speed>5.67</speed>
        </extensions>
      </trkpt>
      <trkpt lat="52.8052472" lon="27.7954251">
        <ele>183</ele>
        <time>2024-08-17T10:09:22Z</time>
        <hdop>1.5</hdop>
        <extensions>
          <speed>5.72</speed>
        </extensions>
      </trkpt>
      <trkpt lat="52.8047812" lon="27.7949021">
        <ele>184</ele>
        <time>2024-08-17T10:09:32Z</time>
        <hdop>1.5</hdop>
        <extensions>
          <speed>5.47</speed>
        </extensions>
      </trkpt>
      <trkpt lat="52.8043641" lon="27.7944219">
        <ele>183</ele>
        <time>2024-08-17T10:09:42Z</time>
        <hdop>1.5</hdop>
        <extensions>
          <speed>5.56</speed>
        </extensions>
      </trkpt>
      <trkpt lat="52.8039497" lon="27.7939726">
        <ele>183</ele>
        <time>2024-08-17T10:09:52Z</time>
        <hdop>1.5</hdop>
        <extensions>
          <speed>5.18</speed>
        </extensions>
      </trkpt>
      <trkpt lat="52.8035524" lon="27.7935354">
        <ele>183</ele>
        <time>2024-08-17T10:10:03Z</time>
        <hdop>1.5</hdop>
        <extensions>
          <speed>5.44</speed>
        </extensions>
      </trkpt>
      <trkpt lat="52.8030914" lon="27.7930462">
        <ele>184</ele>
        <time>2024-08-17T10:10:14Z</time>
        <hdop>1.5</hdop>
        <extensions>
          <speed>5.58</speed>
        </extensions>
      </trkpt>
      <trkpt lat="52.8026273" lon="27.7924632">
        <ele>185</ele>
        <time>2024-08-17T10:10:25Z</time>
        <hdop>1.5</hdop>
        <extensions>
          <speed>5.59</speed>
        </extensions>
      </trkpt>
      <trkpt lat="52.8023343" lon="27.7917144">
        <ele>184</ele>
        <time>2024-08-17T10:10:35Z</time>
        <hdop>1.5</hdop>
        <extensions>
          <speed>5.56</speed>
        </extensions>
      </trkpt>
      <trkpt lat="52.8020543" lon="27.791082">
        <ele>184</ele>
        <time>2024-08-17T10:10:45Z</time>
        <hdop>1.5</hdop>
        <extensions>
          <speed>5.09</speed>
        </extensions>
      </trkpt>
      <trkpt lat="52.8018924" lon="27.7902768">
        <ele>183</ele>
        <time>2024-08-17T10:10:56Z</time>
        <hdop>1</hdop>
        <extensions>
          <speed>5.5</speed>
        </extensions>
      </trkpt>
      <trkpt lat="52.8015733" lon="27.7895322">
        <ele>183</ele>
        <time>2024-08-17T10:11:07Z</time>
        <hdop>1.5</hdop>
        <extensions>
          <speed>5.25</speed>
        </extensions>
      </trkpt>
      <trkpt lat="52.8013277" lon="27.7888558">
        <ele>183</ele>
        <time>2024-08-17T10:11:17Z</time>
        <hdop>1.5</hdop>
        <extensions>
          <speed>4.33</speed>
        </extensions>
      </trkpt>
      <trkpt lat="52.8015463" lon="27.7884263">
        <ele>184</ele>
        <time>2024-08-17T10:11:28Z</time>
        <hdop>1.5</hdop>
        <extensions>
          <speed>3.98</speed>
        </extensions>
      </trkpt>
      <trkpt lat="52.8019402" lon="27.7883238">
        <ele>186</ele>
        <time>2024-08-17T10:11:38Z</time>
        <hdop>1.5</hdop>
        <extensions>
          <speed>4.13</speed>
        </extensions>
      </trkpt>
      <trkpt lat="52.8023376" lon="27.788315">
        <ele>186</ele>
        <time>2024-08-17T10:11:49Z</time>
        <hdop>1.5</hdop>
        <extensions>
          <speed>3.91</speed>
        </extensions>
      </trkpt>
      <trkpt lat="52.8027187" lon="27.7883006">
        <ele>187</ele>
        <time>2024-08-17T10:12:00Z</time>
        <hdop>1</hdop>
        <extensions>
          <speed>4.09</speed>
        </extensions>
      </trkpt>
      <trkpt lat="52.8030933" lon="27.7882991">
        <ele>188</ele>
        <time>2024-08-17T10:12:11Z</time>
        <hdop>1</hdop>
        <extensions>
          <speed>4.28</speed>
        </extensions>
      </trkpt>
      <trkpt lat="52.8034483" lon="27.7882762">
        <ele>190</ele>
        <time>2024-08-17T10:12:22Z</time>
        <hdop>1.5</hdop>
        <extensions>
          <speed>3.8</speed>
        </extensions>
      </trkpt>
      <trkpt lat="52.8037785" lon="27.7883323">
        <ele>193</ele>
        <time>2024-08-17T10:12:33Z</time>
        <hdop>1.5</hdop>
        <extensions>
          <speed>3.17</speed>
        </extensions>
      </trkpt>
      <trkpt lat="52.80409" lon="27.7884212">
        <ele>196</ele>
        <time>2024-08-17T10:12:44Z</time>
        <hdop>1.5</hdop>
        <extensions>
          <speed>3.17</speed>
        </extensions>
      </trkpt>
      <trkpt lat="52.8043672" lon="27.7884449">
        <ele>198</ele>
        <time>2024-08-17T10:12:54Z</time>
        <hdop>1.5</hdop>
        <extensions>
          <speed>2.68</speed>
        </extensions>
      </trkpt>
      <trkpt lat="52.8045013" lon="27.7880506">
        <ele>198</ele>
        <time>2024-08-17T10:13:05Z</time>
        <hdop>2</hdop>
        <extensions>
          <speed>3.03</speed>
        </extensions>
      </trkpt>
      <trkpt lat="52.8045579" lon="27.7876095">
        <ele>199</ele>
        <time>2024-08-17T10:13:16Z</time>
        <hdop>2</hdop>
        <extensions>
          <speed>2.82</speed>
        </extensions>
      </trkpt>
      <trkpt lat="52.8045908" lon="27.7872096">
        <ele>202</ele>
        <time>2024-08-17T10:13:26Z</time>
        <hdop>2</hdop>
        <extensions>
          <speed>2.43</speed>
        </extensions>
      </trkpt>
      <trkpt lat="52.8046547" lon="27.7868464">
        <ele>204</ele>
        <time>2024-08-17T10:13:37Z</time>
        <hdop>2</hdop>
        <extensions>
          <speed>2.34</speed>
        </extensions>
      </trkpt>
      <trkpt lat="52.8047347" lon="27.7864688">
        <ele>207</ele>
        <time>2024-08-17T10:13:47Z</time>
        <hdop>2</hdop>
        <extensions>
          <speed>2.62</speed>
        </extensions>
      </trkpt>
      <trkpt lat="52.8047964" lon="27.7860598">
        <ele>211</ele>
        <time>2024-08-17T10:13:58Z</time>
        <hdop>2</hdop>
        <extensions>
          <speed>2.5</speed>
        </extensions>
      </trkpt>
      <trkpt lat="52.8048371" lon="27.7857507">
        <ele>213</ele>
        <time>2024-08-17T10:14:08Z</time>
        <hdop>2</hdop>
        <extensions>
          <speed>2.02</speed>
        </extensions>
      </trkpt>
      <trkpt lat="52.8048746" lon="27.7854634">
        <ele>215</ele>
        <time>2024-08-17T10:14:18Z</time>
        <hdop>2</hdop>
        <extensions>
          <speed>1.95</speed>
        </extensions>
      </trkpt>
      <trkpt lat="52.8049356" lon="27.7851411">
        <ele>216</ele>
        <time>2024-08-17T10:14:29Z</time>
        <hdop>2</hdop>
        <extensions>
          <speed>2.01</speed>
        </extensions>
      </trkpt>
      <trkpt lat="52.8049933" lon="27.7848632">
        <ele>217</ele>
        <time>2024-08-17T10:14:39Z</time>
        <hdop>2</hdop>
        <extensions>
          <speed>1.92</speed>
        </extensions>
      </trkpt>
      <trkpt lat="52.8051048" lon="27.7845728">
        <ele>221</ele>
        <time>2024-08-17T10:14:49Z</time>
        <hdop>2</hdop>
        <extensions>
          <speed>2.04</speed>
        </extensions>
      </trkpt>
      <trkpt lat="52.8052457" lon="27.7843965">
        <ele>225</ele>
        <time>2024-08-17T10:15:00Z</time>
        <hdop>1.5</hdop>
        <extensions>
          <speed>2.04</speed>
        </extensions>
      </trkpt>
      <trkpt lat="52.8054063" lon="27.7842194">
        <ele>228</ele>
        <time>2024-08-17T10:15:11Z</time>
        <hdop>2</hdop>
        <extensions>
          <speed>1.78</speed>
        </extensions>
      </trkpt>
      <trkpt lat="52.8055595" lon="27.784073">
        <ele>230</ele>
        <time>2024-08-17T10:15:22Z</time>
        <hdop>2</hdop>
        <extensions>
          <speed>1.8</speed>
        </extensions>
      </trkpt>
      <trkpt lat="52.8057584" lon="27.7840121">
        <ele>233</ele>
        <time>2024-08-17T10:15:32Z</time>
        <hdop>2</hdop>
        <extensions>
          <speed>2.25</speed>
        </extensions>
      </trkpt>
      <trkpt lat="52.8059337" lon="27.783971">
        <ele>236</ele>
        <time>2024-08-17T10:15:43Z</time>
        <hdop>2</hdop>
        <extensions>
          <speed>2.03</speed>
        </extensions>
      </trkpt>
      <trkpt lat="52.806116" lon="27.7839748">
        <ele>241</ele>
        <time>2024-08-17T10:15:53Z</time>
        <hdop>2</hdop>
        <extensions>
          <speed>2.15</speed>
        </extensions>
      </trkpt>
      <trkpt lat="52.8062937" lon="27.7840526">
        <ele>243</ele>
        <time>2024-08-17T10:16:03Z</time>
        <hdop>2</hdop>
        <extensions>
          <speed>1.77</speed>
        </extensions>
      </trkpt>
      <trkpt lat="52.8064288" lon="27.7841625">
        <ele>245</ele>
        <time>2024-08-17T10:16:14Z</time>
        <hdop>2</hdop>
        <extensions>
          <speed>1.6</speed>
        </extensions>
      </trkpt>
      <trkpt lat="52.8065457" lon="27.7843515">
        <ele>249</ele>
        <time>2024-08-17T10:16:24Z</time>
        <hdop>2</hdop>
        <extensions>
          <speed>1.35</speed>
        </extensions>
      </trkpt>
      <trkpt lat="52.8066285" lon="27.7846123">
        <ele>251</ele>
        <time>2024-08-17T10:16:35Z</time>
        <hdop>2</hdop>
        <extensions>
          <speed>1.37</speed>
        </extensions>
      </trkpt>
      <trkpt lat="52.8066766" lon="27.7848832">
        <ele>253</ele>
        <time>2024-08-17T10:16:45Z</time>
        <hdop>2.5</hdop>
        <extensions>
          <speed>1.46</speed>
        </extensions>
      </trkpt>
      <trkpt lat="52.8066874" lon="27.7851759">
        <ele>255</ele>
        <time>2024-08-17T10:16:55Z</time>
        <hdop>2</hdop>
        <extensions>
          <speed>1.88</speed>
        </extensions>
      </trkpt>
      <trkpt lat="52.806698" lon="27.7854663">
        <ele>258</ele>
        <time>2024-08-17T10:17:06Z</time>
        <hdop>2</hdop>
        <extensions>
          <speed>1.86</speed>
        </extensions>
      </trkpt>
      <trkpt lat="52.8066999" lon="27.7857901">
        <ele>259</ele>
        <time>2024-08-17T10:17:16Z</time>
        <hdop>2</hdop>
        <extensions>
          <speed>1.57</speed>
        </extensions>
      </trkpt>
      <trkpt lat="52.806708" lon="27.7861384">
        <ele>261</ele>
        <time>2024-08-17T10:17:27Z</time>
        <hdop>2</hdop>
        <extensions>
          <speed>2.1</speed>
        </extensions>
      </trkpt>
      <trkpt lat="52.8067126" lon="27.7865248">
        <ele>262</ele>
        <time>2024-08-17T10:17:37Z</time>
        <hdop>2</hdop>
        <extensions>
          <speed>2.56</speed>
        </extensions>
      </trkpt>
      <trkpt lat="52.8067198" lon="27.78693">
        <ele>262</ele>
        <time>2024-08-17T10:17:47Z</time>
        <hdop>2</hdop>
        <extensions>
          <speed>2.46</speed>
        </extensions>
      </trkpt>
      <trkpt lat="52.8067133" lon="27.787354">
        <ele>264</ele>
        <time>2024-08-17T10:17:57Z</time>
        <hdop>2</hdop>
        <extensions>
          <speed>2.63</speed>
        </extensions>
      </trkpt>
      <trkpt lat="52.8067096" lon="27.7877493">
        <ele>265</ele>
        <time>2024-08-17T10:18:07Z</time>
        <hdop>2</hdop>
        <extensions>
          <speed>2.35</speed>
        </extensions>
      </trkpt>
      <trkpt lat="52.8067038" lon="27.7881352">
        <ele>266</ele>
        <time>2024-08-17T10:18:18Z</time>
        <hdop>2</hdop>
        <extensions>
          <speed>2.41</speed>
        </extensions>
      </trkpt>
      <trkpt lat="52.8067078" lon="27.7885466">
        <ele>265</ele>
        <time>2024-08-17T10:18:29Z</time>
        <hdop>2</hdop>
        <extensions>
          <speed>2.54</speed>
        </extensions>
      </trkpt>
      <trkpt lat="52.8067208" lon="27.7890034">
        <ele>267</ele>
        <time>2024-08-17T10:18:40Z</time>
        <hdop>2</hdop>
        <extensions>
          <speed>2.43</speed>
        </extensions>
      </trkpt>
      <trkpt lat="52.806697" lon="27.7894489">
        <ele>269</ele>
        <time>2024-08-17T10:18:50Z</time>
        <hdop>2</hdop>
        <extensions>
          <speed>3.09</speed>
        </extensions>
      </trkpt>
      <trkpt lat="52.8066263" lon="27.7899891">
        <ele>272</ele>
        <time>2024-08-17T10:19:01Z</time>
        <hdop>2</hdop>
        <extensions>
          <speed>3.15</speed>
        </extensions>
      </trkpt>
      <trkpt lat="52.8068105" lon="27.7902751">
        <ele>271</ele>
        <time>2024-08-17T10:19:12Z</time>
        <hdop>1.5</hdop>
        <extensions>
          <speed>2.84</speed>
        </extensions>
      </trkpt>
      <trkpt lat="52.8070757" lon="27.7903336">
        <ele>273</ele>
        <time>2024-08-17T10:19:22Z</time>
        <hdop>2</hdop>
        <extensions>
          <speed>2.68</speed>
        </extensions>
      </trkpt>
      <trkpt lat="52.8073029" lon="27.7905046">
        <ele>276</ele>
        <time>2024-08-17T10:19:33Z</time>
        <hdop>2</hdop>
        <extensions>
          <speed>2.78</speed>
        </extensions>
      </trkpt>
      <trkpt lat="52.80752" lon="27.7906595">
        <ele>278</ele>
        <time>2024-08-17T10:19:43Z</time>
        <hdop>2</hdop>
        <extensions>
          <speed>2.33</speed>
        </extensions>
      </trkpt>
      <trkpt lat="52.8077369" lon="27.7908253">
        <ele>280</ele>
        <time>2024-08-17T10:19:54Z</time>
        <hdop>2</hdop>
        <extensions>
          <speed>2.86</speed>
        </extensions>
      </trkpt>
      <trkpt lat="52.807991" lon="27.791032">
        <ele>281</ele>
        <time>2024-08-17T10:20:04Z</time>
        <hdop>2</hdop>
        <extensions>
          <speed>2.78</speed>
        </extensions>
      </trkpt>
      <trkpt lat="52.8082276" lon="27.7912434">
        <ele>282</ele>
        <time>2024-08-17T10:20:14Z</time>
        <hdop>2</hdop>
        <extensions>
          <speed>2.26</speed>
        </extensions>
      </trkpt>
      <trkpt lat="52.8084551" lon="27.791488">
        <ele>282</ele>
        <time>2024-08-17T10:20:25Z</time>
        <hdop>2</hdop>
        <extensions>
          <speed>3.35</speed>
        </extensions>
      </trkpt>
      <trkpt lat="52.8087173" lon="27.7917629">
        <ele>282</ele>
        <time>2024-08-17T10:20:36Z</time>
        <hdop>2</hdop>
        <extensions>
          <speed>3.27</speed>
        </extensions>
      </trkpt>
      <trkpt lat="52.8089985" lon="27.7920731">
        <ele>280</ele>
        <time>2024-08-17T10:20:47Z</time>
        <hdop>2</hdop>
        <extensions>
          <speed>3.65</speed>
        </extensions>
      </trkpt>
      <trkpt lat="52.8093444" lon="27.7923333">
        <ele>280</ele>
        <time>2024-08-17T10:20:58Z</time>
        <hdop>1.5</hdop>
        <extensions>
          <speed>4.29</speed>
        </extensions>
      </trkpt>
      <trkpt lat="52.8097708" lon="27.792463">
        <ele>279</ele>
        <time>2024-08-17T10:21:09Z</time>
        <hdop>1.5</hdop>
        <extensions>
          <speed>4.33</speed>
        </extensions>
      </trkpt>
      <trkpt lat="52.810168" lon="27.7924963">
        <ele>278</ele>
        <time>2024-08-17T10:21:19Z</time>
        <hdop>1.5</hdop>
        <extensions>
          <speed>3.18</speed>
        </extensions>
      </trkpt>
      <trkpt lat="52.8105007" lon="27.7925869">
        <ele>277</ele>
        <time>2024-08-17T10:21:30Z</time>
        <hdop>1</hdop>
        <extensions>
          <speed>3.83</speed>
        </extensions>
      </trkpt>
      <trkpt lat="52.8109076" lon="27.7926747">
        <ele>277</ele>
        <time>2024-08-17T10:21:40Z</time>
        <hdop>1.5</hdop>
        <extensions>
          <speed>4.62</speed>
        </extensions>
      </trkpt>
      <trkpt lat="52.8112684" lon="27.7926951">
        <ele>278</ele>
        <time>2024-08-17T10:21:51Z</time>
        <hdop>2</hdop>
        <extensions>
          <speed>2.75</speed>
        </extensions>
      </trkpt>
      <trkpt lat="52.8114656" lon="27.7926898">
        <ele>279</ele>
        <time>2024-08-17T10:22:02Z</time>
        <hdop>2</hdop>
        <extensions>
          <speed>2.54</speed>
        </extensions>
      </trkpt>
      <trkpt lat="52.8116336" lon="27.7924912">
        <ele>277</ele>
        <time>2024-08-17T10:22:13Z</time>
        <hdop>2</hdop>
        <extensions>
          <speed>1.75</speed>
        </extensions>
      </trkpt>
      <trkpt lat="52.8116175" lon="27.7922545">
        <ele>277</ele>
        <time>2024-08-17T10:22:23Z</time>
        <hdop>2.5</hdop>
        <extensions>
          <speed>0.02</speed>
        </extensions>
      </trkpt>
      <trkpt lat="52.8116262" lon="27.792261">
        <ele>277</ele>
        <time>2024-08-17T10:22:34Z</time>
        <hdop>2</hdop>
        <extensions>
          <speed>0.11</speed>
        </extensions>
      </trkpt>
      <trkpt lat="52.8116313" lon="27.7922612">
        <ele>278</ele>
        <time>2024-08-17T10:22:44Z</time>
        <hdop>2</hdop>
        <extensions>
          <speed>0.52</speed>
        </extensions>
      </trkpt>
      <trkpt lat="52.8116291" lon="27.7922716">
        <ele>278</ele>
        <time>2024-08-17T10:22:54Z</time>
        <hdop>2</hdop>
      </trkpt>
      <trkpt lat="52.8116329" lon="27.7922661">
        <ele>276</ele>
        <time>2024-08-17T10:23:04Z</time>
        <hdop>1.5</hdop>
      </trkpt>
      <trkpt lat="52.811624" lon="27.7922757">
        <ele>275</ele>
        <time>2024-08-17T10:23:15Z</time>
        <hdop>2</hdop>
        <extensions>
          <speed>0.38</speed>
        </extensions>
      </trkpt>
      <trkpt lat="52.8115887" lon="27.7922653">
        <ele>277</ele>
        <time>2024-08-17T10:23:25Z</time>
        <hdop>2.5</hdop>
        <extensions>
          <speed>0.47</speed>
        </extensions>
      </trkpt>
      <trkpt lat="52.8115664" lon="27.7922719">
        <ele>276</ele>
        <time>2024-08-17T10:23:36Z</time>
        <hdop>2</hdop>
        <extensions>
          <speed>1.08</speed>
        </extensions>
      </trkpt>
      <trkpt lat="52.8115668" lon="27.7922179">
        <ele>275</ele>
        <time>2024-08-17T10:23:47Z</time>
        <hdop>2</hdop>
        <extensions>
          <speed>0.16</speed>
        </extensions>
      </trkpt>
      <trkpt lat="52.8115845" lon="27.7921901">
        <ele>274</ele>
        <time>2024-08-17T10:23:57Z</time>
        <hdop>2</hdop>
        <extensions>
          <speed>0.71</speed>
        </extensions>
      </trkpt>
      <trkpt lat="52.8116052" lon="27.7922263">
        <ele>275</ele>
        <time>2024-08-17T10:24:07Z</time>
        <hdop>2</hdop>
        <extensions>
          <speed>1.12</speed>
        </extensions>
      </trkpt>
      <trkpt lat="52.8116043" lon="27.7922403">
        <ele>276</ele>
        <time>2024-08-17T10:24:18Z</time>
        <hdop>2</hdop>
        <extensions>
          <speed>0.32</speed>
        </extensions>
      </trkpt>
      <trkpt lat="52.8116077" lon="27.7922847">
        <ele>276</ele>
        <time>2024-08-17T10:24:29Z</time>
        <hdop>2</hdop>
      </trkpt>
      <trkpt lat="52.811598" lon="27.7922904">
        <ele>276</ele>
        <time>2024-08-17T10:24:40Z</time>
        <hdop>2</hdop>
        <extensions>
          <speed>0.6</speed>
        </extensions>
      </trkpt>
      <trkpt lat="52.8116262" lon="27.792313">
        <ele>278</ele>
        <time>2024-08-17T10:24:50Z</time>
        <hdop>2</hdop>
        <extensions>
          <speed>0.67</speed>
        </extensions>
      </trkpt>
      <trkpt lat="52.8116084" lon="27.7923289">
        <ele>277</ele>
        <time>2024-08-17T10:25:00Z</time>
        <hdop>2</hdop>
        <extensions>
          <speed>0.57</speed>
        </extensions>
      </trkpt>
      <trkpt lat="52.8115804" lon="27.792329">
        <ele>279</ele>
        <time>2024-08-17T10:25:10Z</time>
        <hdop>2.5</hdop>
      </trkpt>
      <trkpt lat="52.8115777" lon="27.7922183">
        <ele>277</ele>
        <time>2024-08-17T10:25:21Z</time>
        <hdop>3.5</hdop>
        <extensions>
          <speed>0.15</speed>
        </extensions>
      </trkpt>
      <trkpt lat="52.811552" lon="27.7925935">
        <ele>280</ele>
        <time>2024-08-17T10:25:32Z</time>
        <hdop>1.5</hdop>
        <extensions>
          <speed>4.15</speed>
        </extensions>
      </trkpt>
      <trkpt lat="52.811588" lon="27.7927624">
        <ele>281</ele>
        <time>2024-08-17T10:25:42Z</time>
        <hdop>3.5</hdop>
        <extensions>
          <speed>2.42</speed>
        </extensions>
      </trkpt>
      <trkpt lat="52.8115841" lon="27.792359">
        <ele>280</ele>
        <time>2024-08-17T10:25:53Z</time>
        <hdop>2.5</hdop>
        <extensions>
          <speed>1.63</speed>
        </extensions>
      </trkpt>
      <trkpt lat="52.8115935" lon="27.7922826">
        <ele>280</ele>
        <time>2024-08-17T10:26:04Z</time>
        <hdop>2</hdop>
      </trkpt>
      <trkpt lat="52.8115935" lon="27.7922826">
        <ele>280</ele>
        <time>2024-08-17T10:26:14Z</time>
        <hdop>2</hdop>
      </trkpt>
      <trkpt lat="52.8115935" lon="27.7922826">
        <ele>280</ele>
        <time>2024-08-17T10:26:25Z</time>
        <hdop>1.5</hdop>
      </trkpt>
      <trkpt lat="52.8115935" lon="27.7922826">
        <ele>280</ele>
        <time>2024-08-17T10:26:36Z</time>
        <hdop>2</hdop>
      </trkpt>
      <trkpt lat="52.8115935" lon="27.7922826">
        <ele>280</ele>
        <time>2024-08-17T10:26:46Z</time>
        <hdop>2</hdop>
      </trkpt>
      <trkpt lat="52.8114529" lon="27.792102">
        <ele>279</ele>
        <time>2024-08-17T10:26:57Z</time>
        <hdop>2</hdop>
        <extensions>
          <speed>1.21</speed>
        </extensions>
      </trkpt>
      <trkpt lat="52.8112334" lon="27.7921078">
        <ele>279</ele>
        <time>2024-08-17T10:27:08Z</time>
        <hdop>2</hdop>
        <extensions>
          <speed>2.54</speed>
        </extensions>
      </trkpt>
      <trkpt lat="52.810851" lon="27.7920905">
        <ele>277</ele>
        <time>2024-08-17T10:27:19Z</time>
        <hdop>2</hdop>
        <extensions>
          <speed>3.88</speed>
        </extensions>
      </trkpt>
      <trkpt lat="52.8105246" lon="27.7920594">
        <ele>275</ele>
        <time>2024-08-17T10:27:29Z</time>
        <hdop>1.5</hdop>
        <extensions>
          <speed>3.4</speed>
        </extensions>
      </trkpt>
      <trkpt lat="52.8101605" lon="27.7919897">
        <ele>276</ele>
        <time>2024-08-17T10:27:40Z</time>
        <hdop>2</hdop>
        <extensions>
          <speed>3.91</speed>
        </extensions>
      </trkpt>
      <trkpt lat="52.809946" lon="27.7918634">
        <ele>274</ele>
        <time>2024-08-17T10:27:50Z</time>
        <hdop>1.5</hdop>
        <extensions>
          <speed>0.2</speed>
        </extensions>
      </trkpt>
      <trkpt lat="52.8099359" lon="27.7918441">
        <ele>275</ele>
        <time>2024-08-17T10:28:01Z</time>
        <hdop>5</hdop>
      </trkpt>
      <trkpt lat="52.8099345" lon="27.7918246">
        <ele>275</ele>
        <time>2024-08-17T10:28:11Z</time>
        <hdop>2</hdop>
        <extensions>
          <speed>0.13</speed>
        </extensions>
      </trkpt>
      <trkpt lat="52.80994" lon="27.7918225">
        <ele>275</ele>
        <time>2024-08-17T10:28:22Z</time>
        <hdop>1.5</hdop>
      </trkpt>
      <trkpt lat="52.80994" lon="27.7918225">
        <ele>275</ele>
        <time>2024-08-17T10:28:32Z</time>
        <hdop>1.5</hdop>
      </trkpt>
      <trkpt lat="52.8099597" lon="27.7918283">
        <ele>274</ele>
        <time>2024-08-17T10:28:43Z</time>
        <hdop>1.5</hdop>
      </trkpt>
      <trkpt lat="52.8099597" lon="27.7918283">
        <ele>274</ele>
        <time>2024-08-17T10:28:54Z</time>
        <hdop>2</hdop>
      </trkpt>
      <trkpt lat="52.8098475" lon="27.7918135">
        <ele>274</ele>
        <time>2024-08-17T10:29:04Z</time>
        <hdop>2</hdop>
        <extensions>
          <speed>4.5</speed>
        </extensions>
      </trkpt>
      <trkpt lat="52.8093861" lon="27.7915414">
        <ele>274</ele>
        <time>2024-08-17T10:29:15Z</time>
        <hdop>1.5</hdop>
        <extensions>
          <speed>4.62</speed>
        </extensions>
      </trkpt>
      <trkpt lat="52.8089835" lon="27.7914344">
        <ele>275</ele>
        <time>2024-08-17T10:29:26Z</time>
        <hdop>1</hdop>
        <extensions>
          <speed>4.34</speed>
        </extensions>
      </trkpt>
      <trkpt lat="52.8087487" lon="27.7910717">
        <ele>273</ele>
        <time>2024-08-17T10:29:37Z</time>
        <hdop>2</hdop>
        <extensions>
          <speed>3.09</speed>
        </extensions>
      </trkpt>
      <trkpt lat="52.808766" lon="27.7904487">
        <ele>274</ele>
        <time>2024-08-17T10:29:47Z</time>
        <hdop>2</hdop>
        <extensions>
          <speed>3.55</speed>
        </extensions>
      </trkpt>
      <trkpt lat="52.8088032" lon="27.7899363">
        <ele>272</ele>
        <time>2024-08-17T10:29:57Z</time>
        <hdop>2.5</hdop>
        <extensions>
          <speed>3.55</speed>
        </extensions>
      </trkpt>
      <trkpt lat="52.8088124" lon="27.7894424">
        <ele>271</ele>
        <time>2024-08-17T10:30:07Z</time>
        <hdop>2</hdop>
        <extensions>
          <speed>0.44</speed>
        </extensions>
      </trkpt>
      <trkpt lat="52.8087982" lon="27.7894464">
        <ele>269</ele>
        <time>2024-08-17T10:30:18Z</time>
        <hdop>1.5</hdop>
      </trkpt>
      <trkpt lat="52.8088103" lon="27.7894665">
        <ele>269</ele>
        <time>2024-08-17T10:30:29Z</time>
        <hdop>2</hdop>
        <extensions>
          <speed>0.34</speed>
        </extensions>
      </trkpt>
      <trkpt lat="52.8088467" lon="27.7888004">
        <ele>266</ele>
        <time>2024-08-17T10:30:39Z</time>
        <hdop>1.5</hdop>
        <extensions>
          <speed>6</speed>
        </extensions>
      </trkpt>
      <trkpt lat="52.8089405" lon="27.787842">
        <ele>259</ele>
        <time>2024-08-17T10:30:49Z</time>
        <hdop>1</hdop>
        <extensions>
          <speed>8.51</speed>
        </extensions>
      </trkpt>
      <trkpt lat="52.8091363" lon="27.7870025">
        <ele>254</ele>
        <time>2024-08-17T10:30:59Z</time>
        <hdop>1</hdop>
        <extensions>
          <speed>5.92</speed>
        </extensions>
      </trkpt>
      <trkpt lat="52.8096774" lon="27.7866131">
        <ele>252</ele>
        <time>2024-08-17T10:31:10Z</time>
        <hdop>1</hdop>
        <extensions>
          <speed>5.89</speed>
        </extensions>
      </trkpt>
      <trkpt lat="52.8103608" lon="27.7866434">
        <ele>253</ele>
        <time>2024-08-17T10:31:21Z</time>
        <hdop>1</hdop>
        <extensions>
          <speed>6.78</speed>
        </extensions>
      </trkpt>
      <trkpt lat="52.8109452" lon="27.7866219">
        <ele>253</ele>
        <time>2024-08-17T10:31:32Z</time>
        <hdop>1</hdop>
        <extensions>
          <speed>6.44</speed>
        </extensions>
      </trkpt>
      <trkpt lat="52.8113903" lon="27.7863285">
        <ele>254</ele>
        <time>2024-08-17T10:31:42Z</time>
        <hdop>1</hdop>
        <extensions>
          <speed>4.15</speed>
        </extensions>
      </trkpt>
      <trkpt lat="52.8117773" lon="27.7860612">
        <ele>255</ele>
        <time>2024-08-17T10:31:52Z</time>
        <hdop>1</hdop>
        <extensions>
          <speed>4.81</speed>
        </extensions>
      </trkpt>
      <trkpt lat="52.8117556" lon="27.7855977">
        <ele>258</ele>
        <time>2024-08-17T10:32:02Z</time>
        <hdop>1.5</hdop>
        <extensions>
          <speed>5.68</speed>
        </extensions>
      </trkpt>
      <trkpt lat="52.8111507" lon="27.7854813">
        <ele>254</ele>
        <time>2024-08-17T10:32:14Z</time>
        <hdop>1.5</hdop>
        <extensions>
          <speed>6.96</speed>
        </extensions>
      </trkpt>
      <trkpt lat="52.8104292" lon="27.7856416">
        <ele>250</ele>
        <time>2024-08-17T10:32:24Z</time>
        <hdop>1</hdop>
        <extensions>
          <speed>7.2</speed>
        </extensions>
      </trkpt>
      <trkpt lat="52.8098407" lon="27.7855576">
        <ele>251</ele>
        <time>2024-08-17T10:32:34Z</time>
        <hdop>1.5</hdop>
        <extensions>
          <speed>6.05</speed>
        </extensions>
      </trkpt>
      <trkpt lat="52.8093224" lon="27.785244">
        <ele>252</ele>
        <time>2024-08-17T10:32:45Z</time>
        <hdop>1</hdop>
        <extensions>
          <speed>4.86</speed>
        </extensions>
      </trkpt>
      <trkpt lat="52.8089656" lon="27.7849887">
        <ele>253</ele>
        <time>2024-08-17T10:32:56Z</time>
        <hdop>2</hdop>
        <extensions>
          <speed>4.15</speed>
        </extensions>
      </trkpt>
      <trkpt lat="52.8088862" lon="27.7843644">
        <ele>253</ele>
        <time>2024-08-17T10:33:06Z</time>
        <hdop>1.5</hdop>
        <extensions>
          <speed>3</speed>
        </extensions>
      </trkpt>
      <trkpt lat="52.8089361" lon="27.7839969">
        <ele>255</ele>
        <time>2024-08-17T10:33:17Z</time>
        <hdop>2.5</hdop>
        <extensions>
          <speed>2.18</speed>
        </extensions>
      </trkpt>
      <trkpt lat="52.8090083" lon="27.7836616">
        <ele>257</ele>
        <time>2024-08-17T10:33:27Z</time>
        <hdop>2</hdop>
        <extensions>
          <speed>2.33</speed>
        </extensions>
      </trkpt>
      <trkpt lat="52.8090986" lon="27.7833379">
        <ele>260</ele>
        <time>2024-08-17T10:33:37Z</time>
        <hdop>1.5</hdop>
        <extensions>
          <speed>2.28</speed>
        </extensions>
      </trkpt>
      <trkpt lat="52.8092112" lon="27.7830691">
        <ele>261</ele>
        <time>2024-08-17T10:33:48Z</time>
        <hdop>1.5</hdop>
        <extensions>
          <speed>2.11</speed>
        </extensions>
      </trkpt>
      <trkpt lat="52.8092058" lon="27.7830168">
        <ele>261</ele>
        <time>2024-08-17T10:34:01Z</time>
        <hdop>2</hdop>
        <extensions>
          <speed>0.13</speed>
        </extensions>
      </trkpt>
      <trkpt lat="52.8092015" lon="27.7830173">
        <ele>261</ele>
        <time>2024-08-17T10:34:12Z</time>
        <hdop>1.5</hdop>
      </trkpt>
      <trkpt lat="52.8092132" lon="27.7830205">
        <ele>260</ele>
        <time>2024-08-17T10:34:23Z</time>
        <hdop>1.5</hdop>
        <extensions>
          <speed>0.38</speed>
        </extensions>
      </trkpt>
      <trkpt lat="52.8092172" lon="27.7829931">
        <ele>261</ele>
        <time>2024-08-17T10:34:33Z</time>
        <hdop>1.5</hdop>
        <extensions>
          <speed>0.79</speed>
        </extensions>
      </trkpt>
      <trkpt lat="52.809331" lon="27.7827382">
        <ele>265</ele>
        <time>2024-08-17T10:34:44Z</time>
        <hdop>1.5</hdop>
        <extensions>
          <speed>1.3</speed>
        </extensions>
      </trkpt>
      <trkpt lat="52.8093935" lon="27.7825615">
        <ele>264</ele>
        <time>2024-08-17T10:34:54Z</time>
        <hdop>1</hdop>
        <extensions>
          <speed>1.33</speed>
        </extensions>
      </trkpt>
      <trkpt lat="52.8094713" lon="27.7823624">
        <ele>264</ele>
        <time>2024-08-17T10:35:04Z</time>
        <hdop>1</hdop>
        <extensions>
          <speed>1.95</speed>
        </extensions>
      </trkpt>
      <trkpt lat="52.8095618" lon="27.7820363">
        <ele>263</ele>
        <time>2024-08-17T10:35:16Z</time>
        <hdop>1.5</hdop>
        <extensions>
          <speed>2.84</speed>
        </extensions>
      </trkpt>
      <trkpt lat="52.8097462" lon="27.7815978">
        <ele>263</ele>
        <time>2024-08-17T10:35:27Z</time>
        <hdop>1.5</hdop>
        <extensions>
          <speed>3.47</speed>
        </extensions>
      </trkpt>
      <trkpt lat="52.8099758" lon="27.7810748">
        <ele>261</ele>
        <time>2024-08-17T10:35:37Z</time>
        <hdop>1</hdop>
        <extensions>
          <speed>4.66</speed>
        </extensions>
      </trkpt>
      <trkpt lat="52.8101554" lon="27.7804664">
        <ele>260</ele>
        <time>2024-08-17T10:35:47Z</time>
        <hdop>1</hdop>
        <extensions>
          <speed>4</speed>
        </extensions>
      </trkpt>
      <trkpt lat="52.8104557" lon="27.7801695">
        <ele>262</ele>
        <time>2024-08-17T10:35:57Z</time>
        <hdop>1.5</hdop>
        <extensions>
          <speed>3.82</speed>
        </extensions>
      </trkpt>
      <trkpt lat="52.8107839" lon="27.7801235">
        <ele>261</ele>
        <time>2024-08-17T10:36:08Z</time>
        <hdop>1</hdop>
        <extensions>
          <speed>2.75</speed>
        </extensions>
      </trkpt>
      <trkpt lat="52.8110159" lon="27.7801362">
        <ele>258</ele>
        <time>2024-08-17T10:36:18Z</time>
        <hdop>1.5</hdop>
        <extensions>
          <speed>2.3</speed>
        </extensions>
      </trkpt>
      <trkpt lat="52.8112911" lon="27.780094">
        <ele>260</ele>
        <time>2024-08-17T10:36:28Z</time>
        <hdop>2.5</hdop>
        <extensions>
          <speed>4.19</speed>
        </extensions>
      </trkpt>
      <trkpt lat="52.8115836" lon="27.7802089">
        <ele>266</ele>
        <time>2024-08-17T10:36:39Z</time>
        <hdop>2</hdop>
        <extensions>
          <speed>3.09</speed>
        </extensions>
      </trkpt>
      <trkpt lat="52.8118636" lon="27.7801936">
        <ele>267</ele>
        <time>2024-08-17T10:36:49Z</time>
        <hdop>2</hdop>
        <extensions>
          <speed>3.13</speed>
        </extensions>
      </trkpt>
      <trkpt lat="52.8116802" lon="27.7798927">
        <ele>263</ele>
        <time>2024-08-17T10:37:00Z</time>
        <hdop>1</hdop>
        <extensions>
          <speed>4.48</speed>
        </extensions>
      </trkpt>
      <trkpt lat="52.8112091" lon="27.7799569">
        <ele>260</ele>
        <time>2024-08-17T10:37:10Z</time>
        <hdop>1</hdop>
        <extensions>
          <speed>4.82</speed>
        </extensions>
      </trkpt>
      <trkpt lat="52.8108044" lon="27.7799598">
        <ele>259</ele>
        <time>2024-08-17T10:37:21Z</time>
        <hdop>1.5</hdop>
        <extensions>
          <speed>3.35</speed>
        </extensions>
      </trkpt>
      <trkpt lat="52.8104112" lon="27.7800013">
        <ele>258</ele>
        <time>2024-08-17T10:37:32Z</time>
        <hdop>1</hdop>
        <extensions>
          <speed>4.11</speed>
        </extensions>
      </trkpt>
      <trkpt lat="52.8100243" lon="27.7800069">
        <ele>259</ele>
        <time>2024-08-17T10:37:43Z</time>
        <hdop>1</hdop>
        <extensions>
          <speed>4</speed>
        </extensions>
      </trkpt>
      <trkpt lat="52.8096693" lon="27.780024">
        <ele>260</ele>
        <time>2024-08-17T10:37:53Z</time>
        <hdop>1.5</hdop>
        <extensions>
          <speed>3.26</speed>
        </extensions>
      </trkpt>
      <trkpt lat="52.809292" lon="27.7800207">
        <ele>259</ele>
        <time>2024-08-17T10:38:04Z</time>
        <hdop>1.5</hdop>
        <extensions>
          <speed>4.07</speed>
        </extensions>
      </trkpt>
      <trkpt lat="52.8087062" lon="27.7800215">
        <ele>258</ele>
        <time>2024-08-17T10:38:14Z</time>
        <hdop>1.5</hdop>
        <extensions>
          <speed>7.16</speed>
        </extensions>
      </trkpt>
      <trkpt lat="52.8081072" lon="27.780163">
        <ele>258</ele>
        <time>2024-08-17T10:38:25Z</time>
        <hdop>1.5</hdop>
        <extensions>
          <speed>6.45</speed>
        </extensions>
      </trkpt>
      <trkpt lat="52.8077472" lon="27.7804224">
        <ele>258</ele>
        <time>2024-08-17T10:38:36Z</time>
        <hdop>2</hdop>
        <extensions>
          <speed>0.01</speed>
        </extensions>
      </trkpt>
      <trkpt lat="52.8077457" lon="27.7804117">
        <ele>258</ele>
        <time>2024-08-17T10:38:46Z</time>
        <hdop>2.5</hdop>
      </trkpt>
      <trkpt lat="52.8077457" lon="27.7804117">
        <ele>258</ele>
        <time>2024-08-17T10:38:57Z</time>
        <hdop>1.5</hdop>
      </trkpt>
      <trkpt lat="52.8077189" lon="27.7804361">
        <ele>257</ele>
        <time>2024-08-17T10:39:08Z</time>
        <hdop>2</hdop>
        <extensions>
          <speed>2.01</speed>
        </extensions>
      </trkpt>
      <trkpt lat="52.8071738" lon="27.7809159">
        <ele>253</ele>
        <time>2024-08-17T10:39:18Z</time>
        <hdop>1</hdop>
        <extensions>
          <speed>9.01</speed>
        </extensions>
      </trkpt>
      <trkpt lat="52.8063892" lon="27.7816287">
        <ele>244</ele>
        <time>2024-08-17T10:39:29Z</time>
        <hdop>1.5</hdop>
        <extensions>
          <speed>9.64</speed>
        </extensions>
      </trkpt>
      <trkpt lat="52.8054967" lon="27.7824255">
        <ele>230</ele>
        <time>2024-08-17T10:39:39Z</time>
        <hdop>1.5</hdop>
        <extensions>
          <speed>10.47</speed>
        </extensions>
      </trkpt>
      <trkpt lat="52.8046917" lon="27.7833498">
        <ele>223</ele>
        <time>2024-08-17T10:39:50Z</time>
        <hdop>1.5</hdop>
        <extensions>
          <speed>10.48</speed>
        </extensions>
      </trkpt>
      <trkpt lat="52.8036624" lon="27.7841471">
        <ele>214</ele>
        <time>2024-08-17T10:40:02Z</time>
        <hdop>1</hdop>
        <extensions>
          <speed>11.22</speed>
        </extensions>
      </trkpt>
      <trkpt lat="52.80307" lon="27.7845757">
        <ele>210</ele>
        <time>2024-08-17T10:40:12Z</time>
        <hdop>2</hdop>
        <extensions>
          <speed>6.14</speed>
        </extensions>
      </trkpt>
      <trkpt lat="52.8032321" lon="27.7849657">
        <ele>217</ele>
        <time>2024-08-17T10:40:22Z</time>
        <hdop>2</hdop>
        <extensions>
          <speed>4.98</speed>
        </extensions>
      </trkpt>
      <trkpt lat="52.8038547" lon="27.7854168">
        <ele>215</ele>
        <time>2024-08-17T10:40:33Z</time>
        <hdop>1.5</hdop>
        <extensions>
          <speed>7.37</speed>
        </extensions>
      </trkpt>
      <trkpt lat="52.8040027" lon="27.7867641">
        <ele>207</ele>
        <time>2024-08-17T10:40:44Z</time>
        <hdop>1.5</hdop>
        <extensions>
          <speed>11.35</speed>
        </extensions>
      </trkpt>
      <trkpt lat="52.8032061" lon="27.7878332">
        <ele>192</ele>
        <time>2024-08-17T10:40:54Z</time>
        <hdop>1.5</hdop>
        <extensions>
          <speed>10.57</speed>
        </extensions>
      </trkpt>
      <trkpt lat="52.8023454" lon="27.7880012">
        <ele>187</ele>
        <time>2024-08-17T10:41:05Z</time>
        <hdop>1</hdop>
        <extensions>
          <speed>9.24</speed>
        </extensions>
      </trkpt>
      <trkpt lat="52.8014997" lon="27.7880845">
        <ele>184</ele>
        <time>2024-08-17T10:41:16Z</time>
        <hdop>1</hdop>
        <extensions>
          <speed>8.48</speed>
        </extensions>
      </trkpt>
      <trkpt lat="52.8007883" lon="27.7878695">
        <ele>182</ele>
        <time>2024-08-17T10:41:26Z</time>
        <hdop>1.5</hdop>
        <extensions>
          <speed>6.1</speed>
        </extensions>
      </trkpt>
      <trkpt lat="52.800472" lon="27.788406">
        <ele>182</ele>
        <time>2024-08-17T10:41:37Z</time>
        <hdop>2</hdop>
        <extensions>
          <speed>4.37</speed>
        </extensions>
      </trkpt>
      <trkpt lat="52.8005635" lon="27.7891728">
        <ele>185</ele>
        <time>2024-08-17T10:41:48Z</time>
        <hdop>1.5</hdop>
        <extensions>
          <speed>5.67</speed>
        </extensions>
      </trkpt>
      <trkpt lat="52.800773" lon="27.790085">
        <ele>185</ele>
        <time>2024-08-17T10:41:59Z</time>
        <hdop>1.5</hdop>
        <extensions>
          <speed>6.2</speed>
        </extensions>
      </trkpt>
      <trkpt lat="52.8012486" lon="27.7906755">
        <ele>186</ele>
        <time>2024-08-17T10:42:09Z</time>
        <hdop>1</hdop>
        <extensions>
          <speed>5.9</speed>
        </extensions>
      </trkpt>
      <trkpt lat="52.8017285" lon="27.7912369">
        <ele>185</ele>
        <time>2024-08-17T10:42:20Z</time>
        <hdop>1.5</hdop>
        <extensions>
          <speed>6.06</speed>
        </extensions>
      </trkpt>
      <trkpt lat="52.8016387" lon="27.7920113">
        <ele>185</ele>
        <time>2024-08-17T10:42:30Z</time>
        <hdop>1.5</hdop>
        <extensions>
          <speed>3.91</speed>
        </extensions>
      </trkpt>
      <trkpt lat="52.8013405" lon="27.7925586">
        <ele>183</ele>
        <time>2024-08-17T10:42:40Z</time>
        <hdop>1.5</hdop>
        <extensions>
          <speed>4.72</speed>
        </extensions>
      </trkpt>
      <trkpt lat="52.8011724" lon="27.793099">
        <ele>183</ele>
        <time>2024-08-17T10:42:51Z</time>
        <hdop>1.5</hdop>
        <extensions>
          <speed>3.92</speed>
        </extensions>
      </trkpt>
      <trkpt lat="52.8015235" lon="27.7935921">
        <ele>185</ele>
        <time>2024-08-17T10:43:01Z</time>
        <hdop>1</hdop>
        <extensions>
          <speed>5.45</speed>
        </extensions>
      </trkpt>
      <trkpt lat="52.8019152" lon="27.7940618">
        <ele>185</ele>
        <time>2024-08-17T10:43:11Z</time>
        <hdop>1</hdop>
        <extensions>
          <speed>4.98</speed>
        </extensions>
      </trkpt>
      <trkpt lat="52.8022001" lon="27.7945214">
        <ele>188</ele>
        <time>2024-08-17T10:43:22Z</time>
        <hdop>1.5</hdop>
        <extensions>
          <speed>3.27</speed>
        </extensions>
      </trkpt>
      <trkpt lat="52.8023752" lon="27.7949264">
        <ele>192</ele>
        <time>2024-08-17T10:43:33Z</time>
        <hdop>2</hdop>
        <extensions>
          <speed>2.52</speed>
        </extensions>
      </trkpt>
      <trkpt lat="52.8024939" lon="27.7952687">
        <ele>195</ele>
        <time>2024-08-17T10:43:43Z</time>
        <hdop>2</hdop>
        <extensions>
          <speed>3.03</speed>
        </extensions>
      </trkpt>
      <trkpt lat="52.802629" lon="27.7956099">
        <ele>198</ele>
        <time>2024-08-17T10:43:54Z</time>
        <hdop>2</hdop>
        <extensions>
          <speed>2.23</speed>
        </extensions>
      </trkpt>
      <trkpt lat="52.8026313" lon="27.7959201">
        <ele>199</ele>
        <time>2024-08-17T10:44:04Z</time>
        <hdop>2</hdop>
        <extensions>
          <speed>2.28</speed>
        </extensions>
      </trkpt>
      <trkpt lat="52.8025469" lon="27.7962503">
        <ele>197</ele>
        <time>2024-08-17T10:44:14Z</time>
        <hdop>2</hdop>
        <extensions>
          <speed>2.35</speed>
        </extensions>
      </trkpt>
      <trkpt lat="52.8024406" lon="27.7965642">
        <ele>197</ele>
        <time>2024-08-17T10:44:25Z</time>
        <hdop>2</hdop>
        <extensions>
          <speed>2.55</speed>
        </extensions>
      </trkpt>
      <trkpt lat="52.8023425" lon="27.7968622">
        <ele>196</ele>
        <time>2024-08-17T10:44:35Z</time>
        <hdop>2</hdop>
        <extensions>
          <speed>1.63</speed>
        </extensions>
      </trkpt>
      <trkpt lat="52.8022539" lon="27.7970885">
        <ele>194</ele>
        <time>2024-08-17T10:44:45Z</time>
        <hdop>2</hdop>
        <extensions>
          <speed>2.06</speed>
        </extensions>
      </trkpt>
      <trkpt lat="52.8021348" lon="27.7974568">
        <ele>196</ele>
        <time>2024-08-17T10:44:56Z</time>
        <hdop>2</hdop>
        <extensions>
          <speed>2.7</speed>
        </extensions>
      </trkpt>
      <trkpt lat="52.8019771" lon="27.7978789">
        <ele>195</ele>
        <time>2024-08-17T10:45:06Z</time>
        <hdop>2</hdop>
        <extensions>
          <speed>3.23</speed>
        </extensions>
      </trkpt>
      <trkpt lat="52.8017944" lon="27.7984176">
        <ele>196</ele>
        <time>2024-08-17T10:45:16Z</time>
        <hdop>1.5</hdop>
        <extensions>
          <speed>4.47</speed>
        </extensions>
      </trkpt>
      <trkpt lat="52.8016029" lon="27.7989684">
        <ele>195</ele>
        <time>2024-08-17T10:45:26Z</time>
        <hdop>1.5</hdop>
        <extensions>
          <speed>4.99</speed>
        </extensions>
      </trkpt>
      <trkpt lat="52.8013256" lon="27.7997309">
        <ele>195</ele>
        <time>2024-08-17T10:45:36Z</time>
        <hdop>1</hdop>
        <extensions>
          <speed>5.24</speed>
        </extensions>
      </trkpt>
      <trkpt lat="52.8010836" lon="27.8004333">
        <ele>195</ele>
        <time>2024-08-17T10:45:47Z</time>
        <hdop>1</hdop>
        <extensions>
          <speed>5.63</speed>
        </extensions>
      </trkpt>
      <trkpt lat="52.8008287" lon="27.8011442">
        <ele>195</ele>
        <time>2024-08-17T10:45:58Z</time>
        <hdop>1.5</hdop>
        <extensions>
          <speed>5.07</speed>
        </extensions>
      </trkpt>
      <trkpt lat="52.8005707" lon="27.8018967">
        <ele>195</ele>
        <time>2024-08-17T10:46:08Z</time>
        <hdop>1</hdop>
        <extensions>
          <speed>5.65</speed>
        </extensions>
      </trkpt>
      <trkpt lat="52.8003022" lon="27.8026623">
        <ele>195</ele>
        <time>2024-08-17T10:46:18Z</time>
        <hdop>1.5</hdop>
        <extensions>
          <speed>5.46</speed>
        </extensions>
      </trkpt>
      <trkpt lat="52.8000768" lon="27.8033108">
        <ele>195</ele>
        <time>2024-08-17T10:46:28Z</time>
        <hdop>1.5</hdop>
        <extensions>
          <speed>4.31</speed>
        </extensions>
      </trkpt>
      <trkpt lat="52.7998346" lon="27.8039931">
        <ele>195</ele>
        <time>2024-08-17T10:46:40Z</time>
        <hdop>1</hdop>
        <extensions>
          <speed>4.75</speed>
        </extensions>
      </trkpt>
      <trkpt lat="52.7995787" lon="27.8047297">
        <ele>195</ele>
        <time>2024-08-17T10:46:51Z</time>
        <hdop>1</hdop>
        <extensions>
          <speed>5.16</speed>
        </extensions>
      </trkpt>
      <trkpt lat="52.7993232" lon="27.8054581">
        <ele>196</ele>
        <time>2024-08-17T10:47:01Z</time>
        <hdop>1</hdop>
        <extensions>
          <speed>4.36</speed>
        </extensions>
      </trkpt>
      <trkpt lat="52.799088" lon="27.8061179">
        <ele>195</ele>
        <time>2024-08-17T10:47:11Z</time>
        <hdop>1</hdop>
        <extensions>
          <speed>5.65</speed>
        </extensions>
      </trkpt>
      <trkpt lat="52.7988384" lon="27.8068163">
        <ele>194</ele>
        <time>2024-08-17T10:47:22Z</time>
        <hdop>1</hdop>
        <extensions>
          <speed>5.49</speed>
        </extensions>
      </trkpt>
      <trkpt lat="52.7985803" lon="27.8075873">
        <ele>195</ele>
        <time>2024-08-17T10:47:33Z</time>
        <hdop>1.5</hdop>
        <extensions>
          <speed>4.89</speed>
        </extensions>
      </trkpt>
      <trkpt lat="52.7983417" lon="27.8082506">
        <ele>195</ele>
        <time>2024-08-17T10:47:43Z</time>
        <hdop>1.5</hdop>
        <extensions>
          <speed>5.53</speed>
        </extensions>
      </trkpt>
      <trkpt lat="52.7979099" lon="27.8083488">
        <ele>196</ele>
        <time>2024-08-17T10:47:54Z</time>
        <hdop>1</hdop>
        <extensions>
          <speed>4.82</speed>
        </extensions>
      </trkpt>
      <trkpt lat="52.7974947" lon="27.8081822">
        <ele>195</ele>
        <time>2024-08-17T10:48:04Z</time>
        <hdop>1</hdop>
        <extensions>
          <speed>4.78</speed>
        </extensions>
      </trkpt>
      <trkpt lat="52.797085" lon="27.8080092">
        <ele>195</ele>
        <time>2024-08-17T10:48:14Z</time>
        <hdop>1</hdop>
        <extensions>
          <speed>4.7</speed>
        </extensions>
      </trkpt>
      <trkpt lat="52.7966189" lon="27.8078312">
        <ele>195</ele>
        <time>2024-08-17T10:48:24Z</time>
        <hdop>1</hdop>
        <extensions>
          <speed>4.9</speed>
        </extensions>
      </trkpt>
      <trkpt lat="52.7961946" lon="27.8076678">
        <ele>195</ele>
        <time>2024-08-17T10:48:35Z</time>
        <hdop>1</hdop>
        <extensions>
          <speed>5.28</speed>
        </extensions>
      </trkpt>
      <trkpt lat="52.7957593" lon="27.8075022">
        <ele>197</ele>
        <time>2024-08-17T10:48:45Z</time>
        <hdop>1</hdop>
        <extensions>
          <speed>4.86</speed>
        </extensions>
      </trkpt>
      <trkpt lat="52.7952851" lon="27.8073082">
        <ele>195</ele>
        <time>2024-08-17T10:48:55Z</time>
        <hdop>1</hdop>
        <extensions>
          <speed>4.73</speed>
        </extensions>
      </trkpt>
      <trkpt lat="52.7948545" lon="27.8071374">
        <ele>195</ele>
        <time>2024-08-17T10:49:06Z</time>
        <hdop>1</hdop>
        <extensions>
          <speed>5.39</speed>
        </extensions>
      </trkpt>
      <trkpt lat="52.7944099" lon="27.8069298">
        <ele>195</ele>
        <time>2024-08-17T10:49:16Z</time>
        <hdop>1</hdop>
        <extensions>
          <speed>4.8</speed>
        </extensions>
      </trkpt>
      <trkpt lat="52.7941504" lon="27.8062787">
        <ele>196</ele>
        <time>2024-08-17T10:49:26Z</time>
        <hdop>1</hdop>
        <extensions>
          <speed>4.84</speed>
        </extensions>
      </trkpt>
      <trkpt lat="52.7941405" lon="27.8056152">
        <ele>196</ele>
        <time>2024-08-17T10:49:37Z</time>
        <hdop>1.5</hdop>
        <extensions>
          <speed>4.69</speed>
        </extensions>
      </trkpt>
      <trkpt lat="52.7941807" lon="27.8048332">
        <ele>195</ele>
        <time>2024-08-17T10:49:47Z</time>
        <hdop>1</hdop>
        <extensions>
          <speed>4.8</speed>
        </extensions>
      </trkpt>
      <trkpt lat="52.7942316" lon="27.8040392">
        <ele>196</ele>
        <time>2024-08-17T10:49:59Z</time>
        <hdop>1</hdop>
        <extensions>
          <speed>4.8</speed>
        </extensions>
      </trkpt>
      <trkpt lat="52.7942806" lon="27.8033582">
        <ele>196</ele>
        <time>2024-08-17T10:50:09Z</time>
        <hdop>1</hdop>
        <extensions>
          <speed>4.45</speed>
        </extensions>
      </trkpt>
      <trkpt lat="52.7943479" lon="27.8024844">
        <ele>197</ele>
        <time>2024-08-17T10:50:19Z</time>
        <hdop>1</hdop>
        <extensions>
          <speed>5.15</speed>
        </extensions>
      </trkpt>
      <trkpt lat="52.7944033" lon="27.8016697">
        <ele>196</ele>
        <time>2024-08-17T10:50:30Z</time>
        <hdop>1.5</hdop>
        <extensions>
          <speed>5.56</speed>
        </extensions>
      </trkpt>
      <trkpt lat="52.7944581" lon="27.8008395">
        <ele>196</ele>
        <time>2024-08-17T10:50:40Z</time>
        <hdop>1.5</hdop>
        <extensions>
          <speed>5.31</speed>
        </extensions>
      </trkpt>
      <trkpt lat="52.7945188" lon="27.8000165">
        <ele>195</ele>
        <time>2024-08-17T10:50:50Z</time>
        <hdop>1</hdop>
        <extensions>
          <speed>5.4</speed>
        </extensions>
      </trkpt>
      <trkpt lat="52.7945691" lon="27.7992335">
        <ele>195</ele>
        <time>2024-08-17T10:51:01Z</time>
        <hdop>1.5</hdop>
        <extensions>
          <speed>5.2</speed>
        </extensions>
      </trkpt>
      <trkpt lat="52.7946031" lon="27.7983893">
        <ele>195</ele>
        <time>2024-08-17T10:51:11Z</time>
        <hdop>1</hdop>
        <extensions>
          <speed>5.64</speed>
        </extensions>
      </trkpt>
      <trkpt lat="52.7946309" lon="27.7975867">
        <ele>195</ele>
        <time>2024-08-17T10:51:21Z</time>
        <hdop>1</hdop>
        <extensions>
          <speed>4.96</speed>
        </extensions>
      </trkpt>
      <trkpt lat="52.7946472" lon="27.7968083">
        <ele>195</ele>
        <time>2024-08-17T10:51:32Z</time>
        <hdop>1.5</hdop>
        <extensions>
          <speed>4.94</speed>
        </extensions>
      </trkpt>
      <trkpt lat="52.7946736" lon="27.7960428">
        <ele>195</ele>
        <time>2024-08-17T10:51:43Z</time>
        <hdop>1.5</hdop>
        <extensions>
          <speed>5.69</speed>
        </extensions>
      </trkpt>
      <trkpt lat="52.7947079" lon="27.7951533">
        <ele>195</ele>
        <time>2024-08-17T10:51:53Z</time>
        <hdop>1</hdop>
        <extensions>
          <speed>5.19</speed>
        </extensions>
      </trkpt>
      <trkpt lat="52.7947366" lon="27.7943648">
        <ele>195</ele>
        <time>2024-08-17T10:52:04Z</time>
        <hdop>1</hdop>
        <extensions>
          <speed>4.96</speed>
        </extensions>
      </trkpt>
      <trkpt lat="52.7947694" lon="27.7934787">
        <ele>195</ele>
        <time>2024-08-17T10:52:14Z</time>
        <hdop>1.5</hdop>
        <extensions>
          <speed>5.25</speed>
        </extensions>
      </trkpt>
      <trkpt lat="52.7947891" lon="27.7926606">
        <ele>195</ele>
        <time>2024-08-17T10:52:26Z</time>
        <hdop>1.5</hdop>
        <extensions>
          <speed>4.8</speed>
        </extensions>
      </trkpt>
      <trkpt lat="52.7948115" lon="27.7919004">
        <ele>195</ele>
        <time>2024-08-17T10:52:37Z</time>
        <hdop>1</hdop>
        <extensions>
          <speed>5.53</speed>
        </extensions>
      </trkpt>
      <trkpt lat="52.7948459" lon="27.7910441">
        <ele>195</ele>
        <time>2024-08-17T10:52:48Z</time>
        <hdop>1.5</hdop>
        <extensions>
          <speed>4.99</speed>
        </extensions>
      </trkpt>
      <trkpt lat="52.7948705" lon="27.7902435">
        <ele>194</ele>
        <time>2024-08-17T10:52:59Z</time>
        <hdop>1</hdop>
        <extensions>
          <speed>4.67</speed>
        </extensions>
      </trkpt>
      <trkpt lat="52.7948863" lon="27.789574">
        <ele>194</ele>
        <time>2024-08-17T10:53:09Z</time>
        <hdop>1.5</hdop>
        <extensions>
          <speed>4.63</speed>
        </extensions>
      </trkpt>
      <trkpt lat="52.794933" lon="27.7891188">
        <ele>194</ele>
        <time>2024-08-17T10:53:19Z</time>
        <hdop>1.5</hdop>
        <extensions>
          <speed>0.95</speed>
        </extensions>
      </trkpt>
      <trkpt lat="52.7948771" lon="27.788845">
        <ele>191</ele>
        <time>2024-08-17T10:53:30Z</time>
        <hdop>1.5</hdop>
        <extensions>
          <speed>2.52</speed>
        </extensions>
      </trkpt>
      <trkpt lat="52.7947941" lon="27.7884317">
        <ele>183</ele>
        <time>2024-08-17T10:53:40Z</time>
        <hdop>1.5</hdop>
        <extensions>
          <speed>4.17</speed>
        </extensions>
      </trkpt>
      <trkpt lat="52.794659" lon="27.7877689">
        <ele>180</ele>
        <time>2024-08-17T10:53:51Z</time>
        <hdop>1.5</hdop>
        <extensions>
          <speed>3.91</speed>
        </extensions>
      </trkpt>
      <trkpt lat="52.7946428" lon="27.7872119">
        <ele>179</ele>
        <time>2024-08-17T10:54:01Z</time>
        <hdop>2</hdop>
        <extensions>
          <speed>3.6</speed>
        </extensions>
      </trkpt>
      <trkpt lat="52.7946467" lon="27.7867499">
        <ele>179</ele>
        <time>2024-08-17T10:54:12Z</time>
        <hdop>1.5</hdop>
        <extensions>
          <speed>2.38</speed>
        </extensions>
      </trkpt>
      <trkpt lat="52.7946643" lon="27.7866667">
        <ele>179</ele>
        <time>2024-08-17T10:54:23Z</time>
        <hdop>2</hdop>
      </trkpt>
      <trkpt lat="52.7946519" lon="27.7866502">
        <ele>178</ele>
        <time>2024-08-17T10:54:33Z</time>
        <hdop>1.5</hdop>
      </trkpt>
      <trkpt lat="52.7946483" lon="27.7866491">
        <ele>178</ele>
        <time>2024-08-17T10:54:43Z</time>
        <hdop>1.5</hdop>
      </trkpt>
      <trkpt lat="52.7946474" lon="27.7866562">
        <ele>178</ele>
        <time>2024-08-17T10:54:54Z</time>
        <hdop>2</hdop>
      </trkpt>
      <trkpt lat="52.7946421" lon="27.7866602">
        <ele>178</ele>
        <time>2024-08-17T10:55:04Z</time>
        <hdop>2</hdop>
        <extensions>
          <speed>1.06</speed>
        </extensions>
      </trkpt>
      <trkpt lat="52.7946294" lon="27.7866282">
        <ele>178</ele>
        <time>2024-08-17T10:55:15Z</time>
        <hdop>2</hdop>
      </trkpt>
      <trkpt lat="52.7946506" lon="27.786669">
        <ele>180</ele>
        <time>2024-08-17T10:55:26Z</time>
        <hdop>2</hdop>
      </trkpt>
      <trkpt lat="52.7946506" lon="27.786669">
        <ele>180</ele>
        <time>2024-08-17T10:55:36Z</time>
        <hdop>2</hdop>
      </trkpt>
      <trkpt lat="52.7946506" lon="27.786669">
        <ele>180</ele>
        <time>2024-08-17T10:55:46Z</time>
        <hdop>2</hdop>
      </trkpt>
      <trkpt lat="52.7946515" lon="27.7866733">
        <ele>177</ele>
        <time>2024-08-17T10:55:58Z</time>
        <hdop>2</hdop>
      </trkpt>
      <trkpt lat="52.7946515" lon="27.7866733">
        <ele>177</ele>
        <time>2024-08-17T10:56:09Z</time>
        <hdop>2</hdop>
      </trkpt>
      <trkpt lat="52.7946214" lon="27.7866892">
        <ele>179</ele>
        <time>2024-08-17T10:56:20Z</time>
        <hdop>2</hdop>
      </trkpt>
      <trkpt lat="52.7946214" lon="27.7866892">
        <ele>179</ele>
        <time>2024-08-17T10:56:30Z</time>
        <hdop>2.5</hdop>
      </trkpt>
      <trkpt lat="52.7946315" lon="27.7866419">
        <ele>179</ele>
        <time>2024-08-17T10:56:40Z</time>
        <hdop>2</hdop>
        <extensions>
          <speed>0.04</speed>
        </extensions>
      </trkpt>
      <trkpt lat="52.7946319" lon="27.7866349">
        <ele>180</ele>
        <time>2024-08-17T10:56:51Z</time>
        <hdop>2</hdop>
      </trkpt>
      <trkpt lat="52.7946511" lon="27.7866816">
        <ele>178</ele>
        <time>2024-08-17T10:57:01Z</time>
        <hdop>2</hdop>
        <extensions>
          <speed>0.58</speed>
        </extensions>
      </trkpt>
      <trkpt lat="52.7946459" lon="27.7866661">
        <ele>179</ele>
        <time>2024-08-17T10:57:12Z</time>
        <hdop>2</hdop>
      </trkpt>
      <trkpt lat="52.7946051" lon="27.7866184">
        <ele>180</ele>
        <time>2024-08-17T10:57:22Z</time>
        <hdop>2.5</hdop>
      </trkpt>
      <trkpt lat="52.7946091" lon="27.7865247">
        <ele>181</ele>
        <time>2024-08-17T10:57:33Z</time>
        <hdop>2</hdop>
        <extensions>
          <speed>1.28</speed>
        </extensions>
      </trkpt>
      <trkpt lat="52.7945672" lon="27.7864605">
        <ele>180</ele>
        <time>2024-08-17T10:57:43Z</time>
        <hdop>2.5</hdop>
        <extensions>
          <speed>0.48</speed>
        </extensions>
      </trkpt>
      <trkpt lat="52.7945706" lon="27.7864378">
        <ele>180</ele>
        <time>2024-08-17T10:57:54Z</time>
        <hdop>2.5</hdop>
        <extensions>
          <speed>0.64</speed>
        </extensions>
      </trkpt>
      <trkpt lat="52.7945693" lon="27.7864311">
        <ele>181</ele>
        <time>2024-08-17T10:58:04Z</time>
        <hdop>2.5</hdop>
      </trkpt>
      <trkpt lat="52.7945651" lon="27.7864181">
        <ele>179</ele>
        <time>2024-08-17T10:58:14Z</time>
        <hdop>2.5</hdop>
      </trkpt>
      <trkpt lat="52.7945651" lon="27.7864181">
        <ele>179</ele>
        <time>2024-08-17T10:58:25Z</time>
        <hdop>2.5</hdop>
      </trkpt>
      <trkpt lat="52.7945651" lon="27.7864181">
        <ele>179</ele>
        <time>2024-08-17T10:58:35Z</time>
        <hdop>2.5</hdop>
      </trkpt>
      <trkpt lat="52.7945651" lon="27.7864181">
        <ele>179</ele>
        <time>2024-08-17T10:58:45Z</time>
        <hdop>2.5</hdop>
      </trkpt>
      <trkpt lat="52.7945651" lon="27.7864181">
        <ele>179</ele>
        <time>2024-08-17T10:58:56Z</time>
        <hdop>2</hdop>
      </trkpt>
      <trkpt lat="52.7945651" lon="27.7864181">
        <ele>179</ele>
        <time>2024-08-17T10:59:06Z</time>
        <hdop>2</hdop>
      </trkpt>
      <trkpt lat="52.7945747" lon="27.7864855">
        <ele>177</ele>
        <time>2024-08-17T10:59:17Z</time>
        <hdop>3</hdop>
        <extensions>
          <speed>1.45</speed>
        </extensions>
      </trkpt>
      <trkpt lat="52.7945943" lon="27.7864497">
        <ele>178</ele>
        <time>2024-08-17T10:59:27Z</time>
        <hdop>2.5</hdop>
        <extensions>
          <speed>0.68</speed>
        </extensions>
      </trkpt>
      <trkpt lat="52.7945784" lon="27.7864284">
        <ele>179</ele>
        <time>2024-08-17T10:59:38Z</time>
        <hdop>2.5</hdop>
      </trkpt>
      <trkpt lat="52.7945704" lon="27.7864185">
        <ele>179</ele>
        <time>2024-08-17T10:59:48Z</time>
        <hdop>3</hdop>
      </trkpt>
      <trkpt lat="52.7945704" lon="27.7864185">
        <ele>179</ele>
        <time>2024-08-17T10:59:59Z</time>
        <hdop>3</hdop>
      </trkpt>
      <trkpt lat="52.7945704" lon="27.7864185">
        <ele>179</ele>
        <time>2024-08-17T11:00:09Z</time>
        <hdop>2.5</hdop>
      </trkpt>
      <trkpt lat="52.7945602" lon="27.7864373">
        <ele>181</ele>
        <time>2024-08-17T11:00:20Z</time>
        <hdop>2</hdop>
      </trkpt>
      <trkpt lat="52.7946165" lon="27.7865163">
        <ele>176</ele>
        <time>2024-08-17T11:00:30Z</time>
        <hdop>2.5</hdop>
        <extensions>
          <speed>0.17</speed>
        </extensions>
      </trkpt>
      <trkpt lat="52.794652" lon="27.786638">
        <ele>177</ele>
        <time>2024-08-17T11:00:41Z</time>
        <hdop>2.5</hdop>
        <extensions>
          <speed>0.59</speed>
        </extensions>
      </trkpt>
      <trkpt lat="52.7946534" lon="27.7866412">
        <ele>177</ele>
        <time>2024-08-17T11:00:52Z</time>
        <hdop>2</hdop>
        <extensions>
          <speed>0.42</speed>
        </extensions>
      </trkpt>
      <trkpt lat="52.794642" lon="27.7866607">
        <ele>177</ele>
        <time>2024-08-17T11:01:02Z</time>
        <hdop>2</hdop>
        <extensions>
          <speed>0.18</speed>
        </extensions>
      </trkpt>
      <trkpt lat="52.7946566" lon="27.786662">
        <ele>179</ele>
        <time>2024-08-17T11:01:13Z</time>
        <hdop>2.5</hdop>
      </trkpt>
      <trkpt lat="52.7946566" lon="27.786662">
        <ele>179</ele>
        <time>2024-08-17T11:01:24Z</time>
        <hdop>2</hdop>
      </trkpt>
      <trkpt lat="52.7946464" lon="27.7866439">
        <ele>179</ele>
        <time>2024-08-17T11:01:35Z</time>
        <hdop>2</hdop>
        <extensions>
          <speed>0.47</speed>
        </extensions>
      </trkpt>
      <trkpt lat="52.7946378" lon="27.7866396">
        <ele>179</ele>
        <time>2024-08-17T11:01:45Z</time>
        <hdop>2</hdop>
      </trkpt>
      <trkpt lat="52.7946378" lon="27.7866396">
        <ele>179</ele>
        <time>2024-08-17T11:01:55Z</time>
        <hdop>2</hdop>
      </trkpt>
      <trkpt lat="52.7946378" lon="27.7866396">
        <ele>179</ele>
        <time>2024-08-17T11:02:06Z</time>
        <hdop>1.5</hdop>
      </trkpt>
      <trkpt lat="52.7946378" lon="27.7866396">
        <ele>179</ele>
        <time>2024-08-17T11:02:16Z</time>
        <hdop>1.5</hdop>
      </trkpt>
      <trkpt lat="52.7946378" lon="27.7866396">
        <ele>179</ele>
        <time>2024-08-17T11:02:27Z</time>
        <hdop>2</hdop>
      </trkpt>
      <trkpt lat="52.7946378" lon="27.7866396">
        <ele>179</ele>
        <time>2024-08-17T11:02:37Z</time>
        <hdop>2</hdop>
      </trkpt>
      <trkpt lat="52.7946378" lon="27.7866396">
        <ele>179</ele>
        <time>2024-08-17T11:02:47Z</time>
        <hdop>2</hdop>
      </trkpt>
      <trkpt lat="52.7946359" lon="27.7866325">
        <ele>179</ele>
        <time>2024-08-17T11:02:58Z</time>
        <hdop>2</hdop>
      </trkpt>
      <trkpt lat="52.7946265" lon="27.7866088">
        <ele>179</ele>
        <time>2024-08-17T11:03:08Z</time>
        <hdop>2</hdop>
        <extensions>
          <speed>0.52</speed>
        </extensions>
      </trkpt>
      <trkpt lat="52.7945579" lon="27.786493">
        <ele>180</ele>
        <time>2024-08-17T11:03:20Z</time>
        <hdop>2.5</hdop>
        <extensions>
          <speed>0.62</speed>
        </extensions>
      </trkpt>
      <trkpt lat="52.7945597" lon="27.7864473">
        <ele>182</ele>
        <time>2024-08-17T11:03:30Z</time>
        <hdop>2.5</hdop>
      </trkpt>
      <trkpt lat="52.7945596" lon="27.7864471">
        <ele>182</ele>
        <time>2024-08-17T11:03:41Z</time>
        <hdop>2</hdop>
      </trkpt>
      <trkpt lat="52.7945596" lon="27.7864471">
        <ele>182</ele>
        <time>2024-08-17T11:03:51Z</time>
        <hdop>2</hdop>
      </trkpt>
      <trkpt lat="52.7945596" lon="27.7864471">
        <ele>182</ele>
        <time>2024-08-17T11:04:02Z</time>
        <hdop>2</hdop>
      </trkpt>
      <trkpt lat="52.7945596" lon="27.7864471">
        <ele>182</ele>
        <time>2024-08-17T11:04:12Z</time>
        <hdop>2</hdop>
      </trkpt>
      <trkpt lat="52.7945561" lon="27.7864351">
        <ele>181</ele>
        <time>2024-08-17T11:04:23Z</time>
        <hdop>2.5</hdop>
      </trkpt>
      <trkpt lat="52.7945561" lon="27.7864351">
        <ele>181</ele>
        <time>2024-08-17T11:04:34Z</time>
        <hdop>2.5</hdop>
      </trkpt>
      <trkpt lat="52.7945561" lon="27.7864351">
        <ele>181</ele>
        <time>2024-08-17T11:04:44Z</time>
        <hdop>2</hdop>
      </trkpt>
      <trkpt lat="52.7945561" lon="27.7864351">
        <ele>181</ele>
        <time>2024-08-17T11:04:54Z</time>
        <hdop>2</hdop>
      </trkpt>
      <trkpt lat="52.7945561" lon="27.7864351">
        <ele>181</ele>
        <time>2024-08-17T11:05:05Z</time>
        <hdop>2</hdop>
      </trkpt>
      <trkpt lat="52.7945561" lon="27.7864351">
        <ele>181</ele>
        <time>2024-08-17T11:05:16Z</time>
        <hdop>2.5</hdop>
      </trkpt>
      <trkpt lat="52.7945796" lon="27.7864377">
        <ele>182</ele>
        <time>2024-08-17T11:05:27Z</time>
        <hdop>2.5</hdop>
      </trkpt>
      <trkpt lat="52.7945709" lon="27.7864282">
        <ele>181</ele>
        <time>2024-08-17T11:05:38Z</time>
        <hdop>2</hdop>
        <extensions>
          <speed>0.33</speed>
        </extensions>
      </trkpt>
      <trkpt lat="52.7945739" lon="27.786418">
        <ele>180</ele>
        <time>2024-08-17T11:05:48Z</time>
        <hdop>1.5</hdop>
      </trkpt>
      <trkpt lat="52.7945841" lon="27.7864267">
        <ele>180</ele>
        <time>2024-08-17T11:05:59Z</time>
        <hdop>1.5</hdop>
        <extensions>
          <speed>1.2</speed>
        </extensions>
      </trkpt>
      <trkpt lat="52.7945974" lon="27.7864432">
        <ele>177</ele>
        <time>2024-08-17T11:06:09Z</time>
        <hdop>2.5</hdop>
        <extensions>
          <speed>0.98</speed>
        </extensions>
      </trkpt>
      <trkpt lat="52.7946081" lon="27.7865103">
        <ele>176</ele>
        <time>2024-08-17T11:06:20Z</time>
        <hdop>2</hdop>
      </trkpt>
      <trkpt lat="52.7946081" lon="27.7865103">
        <ele>176</ele>
        <time>2024-08-17T11:06:31Z</time>
        <hdop>2</hdop>
      </trkpt>
      <trkpt lat="52.7946081" lon="27.7865103">
        <ele>176</ele>
        <time>2024-08-17T11:06:41Z</time>
        <hdop>2</hdop>
      </trkpt>
      <trkpt lat="52.7946121" lon="27.7865355">
        <ele>176</ele>
        <time>2024-08-17T11:06:52Z</time>
        <hdop>2</hdop>
      </trkpt>
      <trkpt lat="52.7946121" lon="27.7865355">
        <ele>176</ele>
        <time>2024-08-17T11:07:03Z</time>
        <hdop>2</hdop>
      </trkpt>
      <trkpt lat="52.7946121" lon="27.7865355">
        <ele>176</ele>
        <time>2024-08-17T11:07:14Z</time>
        <hdop>2</hdop>
      </trkpt>
      <trkpt lat="52.7946025" lon="27.7865387">
        <ele>180</ele>
        <time>2024-08-17T11:07:25Z</time>
        <hdop>2</hdop>
      </trkpt>
      <trkpt lat="52.7946025" lon="27.7865387">
        <ele>180</ele>
        <time>2024-08-17T11:07:35Z</time>
        <hdop>2</hdop>
      </trkpt>
      <trkpt lat="52.7946149" lon="27.7866268">
        <ele>182</ele>
        <time>2024-08-17T11:07:46Z</time>
        <hdop>2</hdop>
        <extensions>
          <speed>1.07</speed>
        </extensions>
      </trkpt>
      <trkpt lat="52.794624" lon="27.7866673">
        <ele>180</ele>
        <time>2024-08-17T11:07:56Z</time>
        <hdop>2</hdop>
        <extensions>
          <speed>0.03</speed>
        </extensions>
      </trkpt>
      <trkpt lat="52.7946278" lon="27.7866627">
        <ele>179</ele>
        <time>2024-08-17T11:08:08Z</time>
        <hdop>1.5</hdop>
      </trkpt>
      <trkpt lat="52.7946278" lon="27.7866627">
        <ele>179</ele>
        <time>2024-08-17T11:08:18Z</time>
        <hdop>1.5</hdop>
      </trkpt>
      <trkpt lat="52.7946278" lon="27.7866627">
        <ele>179</ele>
        <time>2024-08-17T11:08:29Z</time>
        <hdop>1.5</hdop>
      </trkpt>
      <trkpt lat="52.7946278" lon="27.7866627">
        <ele>179</ele>
        <time>2024-08-17T11:08:40Z</time>
        <hdop>1.5</hdop>
      </trkpt>
      <trkpt lat="52.7946278" lon="27.7866627">
        <ele>179</ele>
        <time>2024-08-17T11:08:50Z</time>
        <hdop>1.5</hdop>
      </trkpt>
      <trkpt lat="52.7946196" lon="27.7866759">
        <ele>179</ele>
        <time>2024-08-17T11:09:00Z</time>
        <hdop>1.5</hdop>
        <extensions>
          <speed>0.3</speed>
        </extensions>
      </trkpt>
      <trkpt lat="52.7946143" lon="27.7866725">
        <ele>178</ele>
        <time>2024-08-17T11:09:11Z</time>
        <hdop>1.5</hdop>
        <extensions>
          <speed>0.03</speed>
        </extensions>
      </trkpt>
      <trkpt lat="52.7946122" lon="27.7866774">
        <ele>179</ele>
        <time>2024-08-17T11:09:21Z</time>
        <hdop>2</hdop>
        <extensions>
          <speed>0.02</speed>
        </extensions>
      </trkpt>
      <trkpt lat="52.7945605" lon="27.7866092">
        <ele>179</ele>
        <time>2024-08-17T11:09:32Z</time>
        <hdop>1.5</hdop>
        <extensions>
          <speed>1.56</speed>
        </extensions>
      </trkpt>
      <trkpt lat="52.7945087" lon="27.7865542">
        <ele>179</ele>
        <time>2024-08-17T11:09:43Z</time>
        <hdop>1.5</hdop>
      </trkpt>
      <trkpt lat="52.794511" lon="27.7865457">
        <ele>179</ele>
        <time>2024-08-17T11:09:54Z</time>
        <hdop>2</hdop>
        <extensions>
          <speed>1.06</speed>
        </extensions>
      </trkpt>
      <trkpt lat="52.7942778" lon="27.7864036">
        <ele>180</ele>
        <time>2024-08-17T11:10:04Z</time>
        <hdop>2</hdop>
        <extensions>
          <speed>3.75</speed>
        </extensions>
      </trkpt>
      <trkpt lat="52.7939156" lon="27.7863344">
        <ele>179</ele>
        <time>2024-08-17T11:10:15Z</time>
        <hdop>1.5</hdop>
        <extensions>
          <speed>3.85</speed>
        </extensions>
      </trkpt>
      <trkpt lat="52.7935667" lon="27.7862856">
        <ele>179</ele>
        <time>2024-08-17T11:10:25Z</time>
        <hdop>1.5</hdop>
        <extensions>
          <speed>3.99</speed>
        </extensions>
      </trkpt>
      <trkpt lat="52.793171" lon="27.7863155">
        <ele>180</ele>
        <time>2024-08-17T11:10:36Z</time>
        <hdop>1</hdop>
        <extensions>
          <speed>4.27</speed>
        </extensions>
      </trkpt>
      <trkpt lat="52.7927326" lon="27.7864517">
        <ele>180</ele>
        <time>2024-08-17T11:10:47Z</time>
        <hdop>1</hdop>
        <extensions>
          <speed>4.56</speed>
        </extensions>
      </trkpt>
      <trkpt lat="52.7923035" lon="27.7865813">
        <ele>180</ele>
        <time>2024-08-17T11:10:57Z</time>
        <hdop>1</hdop>
        <extensions>
          <speed>4.7</speed>
        </extensions>
      </trkpt>
      <trkpt lat="52.791829" lon="27.7866373">
        <ele>180</ele>
        <time>2024-08-17T11:11:08Z</time>
        <hdop>1</hdop>
        <extensions>
          <speed>5.07</speed>
        </extensions>
      </trkpt>
      <trkpt lat="52.7913354" lon="27.7865931">
        <ele>181</ele>
        <time>2024-08-17T11:11:19Z</time>
        <hdop>1.5</hdop>
        <extensions>
          <speed>5.15</speed>
        </extensions>
      </trkpt>
      <trkpt lat="52.7908637" lon="27.7865885">
        <ele>179</ele>
        <time>2024-08-17T11:11:30Z</time>
        <hdop>1.5</hdop>
        <extensions>
          <speed>5.3</speed>
        </extensions>
      </trkpt>
      <trkpt lat="52.7903315" lon="27.7865841">
        <ele>179</ele>
        <time>2024-08-17T11:11:40Z</time>
        <hdop>1</hdop>
        <extensions>
          <speed>5.09</speed>
        </extensions>
      </trkpt>
      <trkpt lat="52.7898298" lon="27.7865569">
        <ele>179</ele>
        <time>2024-08-17T11:11:51Z</time>
        <hdop>1</hdop>
        <extensions>
          <speed>4.99</speed>
        </extensions>
      </trkpt>
      <trkpt lat="52.7893921" lon="27.7865251">
        <ele>178</ele>
        <time>2024-08-17T11:12:02Z</time>
        <hdop>1</hdop>
        <extensions>
          <speed>4.83</speed>
        </extensions>
      </trkpt>
      <trkpt lat="52.788867" lon="27.7864778">
        <ele>178</ele>
        <time>2024-08-17T11:12:13Z</time>
        <hdop>1</hdop>
        <extensions>
          <speed>5.46</speed>
        </extensions>
      </trkpt>
      <trkpt lat="52.7883155" lon="27.7864605">
        <ele>177</ele>
        <time>2024-08-17T11:12:24Z</time>
        <hdop>1.5</hdop>
        <extensions>
          <speed>5.76</speed>
        </extensions>
      </trkpt>
      <trkpt lat="52.7877514" lon="27.7864351">
        <ele>176</ele>
        <time>2024-08-17T11:12:35Z</time>
        <hdop>1</hdop>
        <extensions>
          <speed>5.52</speed>
        </extensions>
      </trkpt>
      <trkpt lat="52.7875193" lon="27.7859809">
        <ele>176</ele>
        <time>2024-08-17T11:12:46Z</time>
        <hdop>1</hdop>
        <extensions>
          <speed>5.12</speed>
        </extensions>
      </trkpt>
      <trkpt lat="52.7876299" lon="27.7851856">
        <ele>177</ele>
        <time>2024-08-17T11:12:56Z</time>
        <hdop>1</hdop>
        <extensions>
          <speed>4.77</speed>
        </extensions>
      </trkpt>
      <trkpt lat="52.7876795" lon="27.7844434">
        <ele>177</ele>
        <time>2024-08-17T11:13:07Z</time>
        <hdop>1</hdop>
        <extensions>
          <speed>4.23</speed>
        </extensions>
      </trkpt>
      <trkpt lat="52.7876773" lon="27.7837991">
        <ele>177</ele>
        <time>2024-08-17T11:13:18Z</time>
        <hdop>1.5</hdop>
        <extensions>
          <speed>4.02</speed>
        </extensions>
      </trkpt>
      <trkpt lat="52.7876147" lon="27.7832015">
        <ele>177</ele>
        <time>2024-08-17T11:13:28Z</time>
        <hdop>1</hdop>
        <extensions>
          <speed>4.39</speed>
        </extensions>
      </trkpt>
      <trkpt lat="52.7874777" lon="27.7825416">
        <ele>177</ele>
        <time>2024-08-17T11:13:39Z</time>
        <hdop>1</hdop>
        <extensions>
          <speed>4.39</speed>
        </extensions>
      </trkpt>
      <trkpt lat="52.7873366" lon="27.781881">
        <ele>177</ele>
        <time>2024-08-17T11:13:50Z</time>
        <hdop>1</hdop>
        <extensions>
          <speed>4.57</speed>
        </extensions>
      </trkpt>
      <trkpt lat="52.7871912" lon="27.7812354">
        <ele>176</ele>
        <time>2024-08-17T11:14:00Z</time>
        <hdop>1</hdop>
        <extensions>
          <speed>4.84</speed>
        </extensions>
      </trkpt>
      <trkpt lat="52.7870266" lon="27.7804824">
        <ele>176</ele>
        <time>2024-08-17T11:14:11Z</time>
        <hdop>1</hdop>
        <extensions>
          <speed>5.01</speed>
        </extensions>
      </trkpt>
      <trkpt lat="52.7868584" lon="27.7796927">
        <ele>175</ele>
        <time>2024-08-17T11:14:22Z</time>
        <hdop>1</hdop>
        <extensions>
          <speed>4.92</speed>
        </extensions>
      </trkpt>
      <trkpt lat="52.7866993" lon="27.7789127">
        <ele>176</ele>
        <time>2024-08-17T11:14:33Z</time>
        <hdop>1</hdop>
        <extensions>
          <speed>4.97</speed>
        </extensions>
      </trkpt>
      <trkpt lat="52.7865324" lon="27.7782237">
        <ele>174</ele>
        <time>2024-08-17T11:14:43Z</time>
        <hdop>1</hdop>
        <extensions>
          <speed>5.19</speed>
        </extensions>
      </trkpt>
      <trkpt lat="52.7863784" lon="27.7774781">
        <ele>174</ele>
        <time>2024-08-17T11:14:53Z</time>
        <hdop>1</hdop>
        <extensions>
          <speed>5.4</speed>
        </extensions>
      </trkpt>
      <trkpt lat="52.7862172" lon="27.7767521">
        <ele>174</ele>
        <time>2024-08-17T11:15:03Z</time>
        <hdop>1</hdop>
        <extensions>
          <speed>5.26</speed>
        </extensions>
      </trkpt>
      <trkpt lat="52.7860581" lon="27.7759453">
        <ele>174</ele>
        <time>2024-08-17T11:15:14Z</time>
        <hdop>1</hdop>
        <extensions>
          <speed>5.03</speed>
        </extensions>
      </trkpt>
      <trkpt lat="52.7859102" lon="27.7752565">
        <ele>174</ele>
        <time>2024-08-17T11:15:25Z</time>
        <hdop>1</hdop>
        <extensions>
          <speed>5.03</speed>
        </extensions>
      </trkpt>
      <trkpt lat="52.7857353" lon="27.774481">
        <ele>174</ele>
        <time>2024-08-17T11:15:35Z</time>
        <hdop>1</hdop>
        <extensions>
          <speed>4.97</speed>
        </extensions>
      </trkpt>
      <trkpt lat="52.7855824" lon="27.7737701">
        <ele>174</ele>
        <time>2024-08-17T11:15:45Z</time>
        <hdop>1</hdop>
        <extensions>
          <speed>5.1</speed>
        </extensions>
      </trkpt>
      <trkpt lat="52.7854793" lon="27.7730871">
        <ele>173</ele>
        <time>2024-08-17T11:15:56Z</time>
        <hdop>1</hdop>
        <extensions>
          <speed>4.4</speed>
        </extensions>
      </trkpt>
      <trkpt lat="52.7855272" lon="27.7723335">
        <ele>174</ele>
        <time>2024-08-17T11:16:07Z</time>
        <hdop>1.5</hdop>
        <extensions>
          <speed>5.07</speed>
        </extensions>
      </trkpt>
      <trkpt lat="52.7856512" lon="27.7714833">
        <ele>175</ele>
        <time>2024-08-17T11:16:18Z</time>
        <hdop>1.5</hdop>
        <extensions>
          <speed>5.01</speed>
        </extensions>
      </trkpt>
      <trkpt lat="52.7852654" lon="27.7711147">
        <ele>174</ele>
        <time>2024-08-17T11:16:29Z</time>
        <hdop>1.5</hdop>
        <extensions>
          <speed>5.24</speed>
        </extensions>
      </trkpt>
      <trkpt lat="52.7847523" lon="27.7710202">
        <ele>175</ele>
        <time>2024-08-17T11:16:39Z</time>
        <hdop>1.5</hdop>
        <extensions>
          <speed>5.36</speed>
        </extensions>
      </trkpt>
      <trkpt lat="52.7842666" lon="27.7709195">
        <ele>174</ele>
        <time>2024-08-17T11:16:50Z</time>
        <hdop>1.5</hdop>
        <extensions>
          <speed>5.44</speed>
        </extensions>
      </trkpt>
      <trkpt lat="52.7837792" lon="27.7708636">
        <ele>174</ele>
        <time>2024-08-17T11:17:00Z</time>
        <hdop>1.5</hdop>
        <extensions>
          <speed>5.17</speed>
        </extensions>
      </trkpt>
      <trkpt lat="52.7836169" lon="27.7702505">
        <ele>175</ele>
        <time>2024-08-17T11:17:10Z</time>
        <hdop>1.5</hdop>
        <extensions>
          <speed>4.55</speed>
        </extensions>
      </trkpt>
      <trkpt lat="52.7836098" lon="27.769552">
        <ele>176</ele>
        <time>2024-08-17T11:17:20Z</time>
        <hdop>1.5</hdop>
        <extensions>
          <speed>5.31</speed>
        </extensions>
      </trkpt>
      <trkpt lat="52.7836175" lon="27.7687283">
        <ele>175</ele>
        <time>2024-08-17T11:17:31Z</time>
        <hdop>1.5</hdop>
        <extensions>
          <speed>5.8</speed>
        </extensions>
      </trkpt>
      <trkpt lat="52.7836092" lon="27.767789">
        <ele>174</ele>
        <time>2024-08-17T11:17:42Z</time>
        <hdop>1</hdop>
        <extensions>
          <speed>5.61</speed>
        </extensions>
      </trkpt>
      <trkpt lat="52.7835955" lon="27.7668821">
        <ele>173</ele>
        <time>2024-08-17T11:17:52Z</time>
        <hdop>1</hdop>
        <extensions>
          <speed>5.47</speed>
        </extensions>
      </trkpt>
      <trkpt lat="52.7835732" lon="27.7659965">
        <ele>172</ele>
        <time>2024-08-17T11:18:03Z</time>
        <hdop>1</hdop>
        <extensions>
          <speed>5.35</speed>
        </extensions>
      </trkpt>
      <trkpt lat="52.7835453" lon="27.7652322">
        <ele>172</ele>
        <time>2024-08-17T11:18:13Z</time>
        <hdop>1</hdop>
        <extensions>
          <speed>5.04</speed>
        </extensions>
      </trkpt>
      <trkpt lat="52.7835364" lon="27.7643927">
        <ele>172</ele>
        <time>2024-08-17T11:18:24Z</time>
        <hdop>1</hdop>
        <extensions>
          <speed>5.11</speed>
        </extensions>
      </trkpt>
      <trkpt lat="52.783522" lon="27.763663">
        <ele>172</ele>
        <time>2024-08-17T11:18:34Z</time>
        <hdop>1</hdop>
        <extensions>
          <speed>4.58</speed>
        </extensions>
      </trkpt>
      <trkpt lat="52.7834419" lon="27.7629498">
        <ele>172</ele>
        <time>2024-08-17T11:18:45Z</time>
        <hdop>1</hdop>
        <extensions>
          <speed>5.12</speed>
        </extensions>
      </trkpt>
      <trkpt lat="52.7831356" lon="27.7623681">
        <ele>171</ele>
        <time>2024-08-17T11:18:55Z</time>
        <hdop>1</hdop>
        <extensions>
          <speed>4.59</speed>
        </extensions>
      </trkpt>
      <trkpt lat="52.7828527" lon="27.761888">
        <ele>171</ele>
        <time>2024-08-17T11:19:06Z</time>
        <hdop>1</hdop>
        <extensions>
          <speed>4.55</speed>
        </extensions>
      </trkpt>
      <trkpt lat="52.7825427" lon="27.7613763">
        <ele>171</ele>
        <time>2024-08-17T11:19:16Z</time>
        <hdop>1</hdop>
        <extensions>
          <speed>4.8</speed>
        </extensions>
      </trkpt>
      <trkpt lat="52.7821969" lon="27.7608087">
        <ele>170</ele>
        <time>2024-08-17T11:19:26Z</time>
        <hdop>1</hdop>
        <extensions>
          <speed>5.12</speed>
        </extensions>
      </trkpt>
      <trkpt lat="52.781893" lon="27.7602824">
        <ele>170</ele>
        <time>2024-08-17T11:19:37Z</time>
        <hdop>1</hdop>
        <extensions>
          <speed>4.66</speed>
        </extensions>
      </trkpt>
      <trkpt lat="52.7815922" lon="27.7598371">
        <ele>169</ele>
        <time>2024-08-17T11:19:47Z</time>
        <hdop>1.5</hdop>
        <extensions>
          <speed>4.05</speed>
        </extensions>
      </trkpt>
      <trkpt lat="52.781271" lon="27.7594875">
        <ele>169</ele>
        <time>2024-08-17T11:19:58Z</time>
        <hdop>1</hdop>
        <extensions>
          <speed>4.52</speed>
        </extensions>
      </trkpt>
      <trkpt lat="52.7808918" lon="27.7590716">
        <ele>169</ele>
        <time>2024-08-17T11:20:08Z</time>
        <hdop>1</hdop>
        <extensions>
          <speed>4.52</speed>
        </extensions>
      </trkpt>
      <trkpt lat="52.7805462" lon="27.7586861">
        <ele>169</ele>
        <time>2024-08-17T11:20:18Z</time>
        <hdop>1</hdop>
        <extensions>
          <speed>4.42</speed>
        </extensions>
      </trkpt>
      <trkpt lat="52.7801924" lon="27.7582865">
        <ele>169</ele>
        <time>2024-08-17T11:20:29Z</time>
        <hdop>1</hdop>
        <extensions>
          <speed>4.89</speed>
        </extensions>
      </trkpt>
      <trkpt lat="52.7797891" lon="27.7578431">
        <ele>169</ele>
        <time>2024-08-17T11:20:39Z</time>
        <hdop>1</hdop>
        <extensions>
          <speed>4.95</speed>
        </extensions>
      </trkpt>
      <trkpt lat="52.7794321" lon="27.7574464">
        <ele>168</ele>
        <time>2024-08-17T11:20:49Z</time>
        <hdop>1</hdop>
        <extensions>
          <speed>4.51</speed>
        </extensions>
      </trkpt>
      <trkpt lat="52.7790524" lon="27.7571153">
        <ele>169</ele>
        <time>2024-08-17T11:21:01Z</time>
        <hdop>1</hdop>
        <extensions>
          <speed>4.42</speed>
        </extensions>
      </trkpt>
      <trkpt lat="52.7786925" lon="27.7568267">
        <ele>170</ele>
        <time>2024-08-17T11:21:11Z</time>
        <hdop>1</hdop>
        <extensions>
          <speed>4.31</speed>
        </extensions>
      </trkpt>
      <trkpt lat="52.7782973" lon="27.7565189">
        <ele>169</ele>
        <time>2024-08-17T11:21:22Z</time>
        <hdop>1</hdop>
        <extensions>
          <speed>4.26</speed>
        </extensions>
      </trkpt>
      <trkpt lat="52.7779009" lon="27.7562141">
        <ele>169</ele>
        <time>2024-08-17T11:21:32Z</time>
        <hdop>1</hdop>
        <extensions>
          <speed>4.39</speed>
        </extensions>
      </trkpt>
      <trkpt lat="52.7775095" lon="27.7559029">
        <ele>168</ele>
        <time>2024-08-17T11:21:43Z</time>
        <hdop>1</hdop>
        <extensions>
          <speed>4.16</speed>
        </extensions>
      </trkpt>
      <trkpt lat="52.7771789" lon="27.7556353">
        <ele>169</ele>
        <time>2024-08-17T11:21:54Z</time>
        <hdop>1</hdop>
        <extensions>
          <speed>4.54</speed>
        </extensions>
      </trkpt>
      <trkpt lat="52.7767995" lon="27.75532">
        <ele>169</ele>
        <time>2024-08-17T11:22:04Z</time>
        <hdop>1</hdop>
        <extensions>
          <speed>4.33</speed>
        </extensions>
      </trkpt>
      <trkpt lat="52.7764421" lon="27.7550455">
        <ele>169</ele>
        <time>2024-08-17T11:22:14Z</time>
        <hdop>1</hdop>
        <extensions>
          <speed>4.28</speed>
        </extensions>
      </trkpt>
      <trkpt lat="52.7760909" lon="27.7547668">
        <ele>169</ele>
        <time>2024-08-17T11:22:25Z</time>
        <hdop>1</hdop>
        <extensions>
          <speed>4.36</speed>
        </extensions>
      </trkpt>
      <trkpt lat="52.7756984" lon="27.7544568">
        <ele>170</ele>
        <time>2024-08-17T11:22:36Z</time>
        <hdop>1</hdop>
        <extensions>
          <speed>4.52</speed>
        </extensions>
      </trkpt>
      <trkpt lat="52.7753027" lon="27.7541476">
        <ele>169</ele>
        <time>2024-08-17T11:22:46Z</time>
        <hdop>1</hdop>
        <extensions>
          <speed>4.46</speed>
        </extensions>
      </trkpt>
      <trkpt lat="52.7749222" lon="27.7538796">
        <ele>169</ele>
        <time>2024-08-17T11:22:58Z</time>
        <hdop>1</hdop>
        <extensions>
          <speed>3.85</speed>
        </extensions>
      </trkpt>
      <trkpt lat="52.7745657" lon="27.7535922">
        <ele>168</ele>
        <time>2024-08-17T11:23:08Z</time>
        <hdop>1</hdop>
        <extensions>
          <speed>4.26</speed>
        </extensions>
      </trkpt>
      <trkpt lat="52.774222" lon="27.753309">
        <ele>169</ele>
        <time>2024-08-17T11:23:18Z</time>
        <hdop>1</hdop>
        <extensions>
          <speed>4.14</speed>
        </extensions>
      </trkpt>
      <trkpt lat="52.77383" lon="27.7529936">
        <ele>169</ele>
        <time>2024-08-17T11:23:29Z</time>
        <hdop>1</hdop>
        <extensions>
          <speed>4.63</speed>
        </extensions>
      </trkpt>
      <trkpt lat="52.7734513" lon="27.7526832">
        <ele>170</ele>
        <time>2024-08-17T11:23:40Z</time>
        <hdop>1</hdop>
        <extensions>
          <speed>4.81</speed>
        </extensions>
      </trkpt>
      <trkpt lat="52.7730278" lon="27.7523324">
        <ele>169</ele>
        <time>2024-08-17T11:23:50Z</time>
        <hdop>1</hdop>
        <extensions>
          <speed>4.73</speed>
        </extensions>
      </trkpt>
      <trkpt lat="52.7726334" lon="27.7520464">
        <ele>169</ele>
        <time>2024-08-17T11:24:00Z</time>
        <hdop>1</hdop>
        <extensions>
          <speed>4.98</speed>
        </extensions>
      </trkpt>
      <trkpt lat="52.772199" lon="27.7519523">
        <ele>169</ele>
        <time>2024-08-17T11:24:11Z</time>
        <hdop>1</hdop>
        <extensions>
          <speed>4.99</speed>
        </extensions>
      </trkpt>
      <trkpt lat="52.7717071" lon="27.7519479">
        <ele>169</ele>
        <time>2024-08-17T11:24:22Z</time>
        <hdop>1</hdop>
        <extensions>
          <speed>5.19</speed>
        </extensions>
      </trkpt>
      <trkpt lat="52.7712042" lon="27.7519753">
        <ele>169</ele>
        <time>2024-08-17T11:24:33Z</time>
        <hdop>1</hdop>
        <extensions>
          <speed>5.19</speed>
        </extensions>
      </trkpt>
      <trkpt lat="52.7707187" lon="27.7519767">
        <ele>169</ele>
        <time>2024-08-17T11:24:43Z</time>
        <hdop>1</hdop>
        <extensions>
          <speed>4.67</speed>
        </extensions>
      </trkpt>
      <trkpt lat="52.7702557" lon="27.7519752">
        <ele>170</ele>
        <time>2024-08-17T11:24:55Z</time>
        <hdop>1</hdop>
        <extensions>
          <speed>4.95</speed>
        </extensions>
      </trkpt>
      <trkpt lat="52.7698112" lon="27.7519754">
        <ele>169</ele>
        <time>2024-08-17T11:25:05Z</time>
        <hdop>1</hdop>
        <extensions>
          <speed>4.7</speed>
        </extensions>
      </trkpt>
      <trkpt lat="52.7693561" lon="27.7519848">
        <ele>168</ele>
        <time>2024-08-17T11:25:16Z</time>
        <hdop>1</hdop>
        <extensions>
          <speed>4.82</speed>
        </extensions>
      </trkpt>
      <trkpt lat="52.7689427" lon="27.7519883">
        <ele>168</ele>
        <time>2024-08-17T11:25:26Z</time>
        <hdop>1</hdop>
        <extensions>
          <speed>4.8</speed>
        </extensions>
      </trkpt>
      <trkpt lat="52.768479" lon="27.7520033">
        <ele>168</ele>
        <time>2024-08-17T11:25:38Z</time>
        <hdop>1.5</hdop>
        <extensions>
          <speed>4.35</speed>
        </extensions>
      </trkpt>
      <trkpt lat="52.7681905" lon="27.7516711">
        <ele>168</ele>
        <time>2024-08-17T11:25:49Z</time>
        <hdop>1.5</hdop>
        <extensions>
          <speed>4.4</speed>
        </extensions>
      </trkpt>
      <trkpt lat="52.7681976" lon="27.7508881">
        <ele>168</ele>
        <time>2024-08-17T11:25:59Z</time>
        <hdop>1</hdop>
        <extensions>
          <speed>4.9</speed>
        </extensions>
      </trkpt>
      <trkpt lat="52.7681982" lon="27.7501936">
        <ele>168</ele>
        <time>2024-08-17T11:26:09Z</time>
        <hdop>1.5</hdop>
        <extensions>
          <speed>4.95</speed>
        </extensions>
      </trkpt>
      <trkpt lat="52.7682051" lon="27.7494506">
        <ele>168</ele>
        <time>2024-08-17T11:26:19Z</time>
        <hdop>1</hdop>
        <extensions>
          <speed>5.03</speed>
        </extensions>
      </trkpt>
      <trkpt lat="52.7681982" lon="27.748636">
        <ele>168</ele>
        <time>2024-08-17T11:26:30Z</time>
        <hdop>1</hdop>
        <extensions>
          <speed>5</speed>
        </extensions>
      </trkpt>
      <trkpt lat="52.7681988" lon="27.7478639">
        <ele>168</ele>
        <time>2024-08-17T11:26:40Z</time>
        <hdop>1</hdop>
        <extensions>
          <speed>4.87</speed>
        </extensions>
      </trkpt>
      <trkpt lat="52.7682029" lon="27.7470488">
        <ele>168</ele>
        <time>2024-08-17T11:26:51Z</time>
        <hdop>1</hdop>
        <extensions>
          <speed>5.06</speed>
        </extensions>
      </trkpt>
      <trkpt lat="52.7682007" lon="27.7462188">
        <ele>169</ele>
        <time>2024-08-17T11:27:02Z</time>
        <hdop>1</hdop>
        <extensions>
          <speed>4.99</speed>
        </extensions>
      </trkpt>
      <trkpt lat="52.7682099" lon="27.7454654">
        <ele>168</ele>
        <time>2024-08-17T11:27:13Z</time>
        <hdop>1</hdop>
        <extensions>
          <speed>5.15</speed>
        </extensions>
      </trkpt>
      <trkpt lat="52.7682073" lon="27.7446391">
        <ele>168</ele>
        <time>2024-08-17T11:27:23Z</time>
        <hdop>1</hdop>
        <extensions>
          <speed>5.1</speed>
        </extensions>
      </trkpt>
      <trkpt lat="52.7682049" lon="27.7438785">
        <ele>168</ele>
        <time>2024-08-17T11:27:34Z</time>
        <hdop>1</hdop>
        <extensions>
          <speed>5.33</speed>
        </extensions>
      </trkpt>
      <trkpt lat="52.7682157" lon="27.74305">
        <ele>167</ele>
        <time>2024-08-17T11:27:44Z</time>
        <hdop>1</hdop>
        <extensions>
          <speed>4.81</speed>
        </extensions>
      </trkpt>
      <trkpt lat="52.7682134" lon="27.7422815">
        <ele>168</ele>
        <time>2024-08-17T11:27:54Z</time>
        <hdop>1</hdop>
        <extensions>
          <speed>5.34</speed>
        </extensions>
      </trkpt>
      <trkpt lat="52.7682134" lon="27.7414104">
        <ele>168</ele>
        <time>2024-08-17T11:28:05Z</time>
        <hdop>1</hdop>
        <extensions>
          <speed>5.44</speed>
        </extensions>
      </trkpt>
      <trkpt lat="52.768218" lon="27.7406109">
        <ele>168</ele>
        <time>2024-08-17T11:28:15Z</time>
        <hdop>1</hdop>
        <extensions>
          <speed>5.22</speed>
        </extensions>
      </trkpt>
      <trkpt lat="52.7681578" lon="27.7399582">
        <ele>167</ele>
        <time>2024-08-17T11:28:26Z</time>
        <hdop>1.5</hdop>
        <extensions>
          <speed>3.85</speed>
        </extensions>
      </trkpt>
      <trkpt lat="52.7677281" lon="27.7399479">
        <ele>167</ele>
        <time>2024-08-17T11:28:37Z</time>
        <hdop>1.5</hdop>
        <extensions>
          <speed>4.01</speed>
        </extensions>
      </trkpt>
      <trkpt lat="52.7673211" lon="27.7399904">
        <ele>167</ele>
        <time>2024-08-17T11:28:48Z</time>
        <hdop>1.5</hdop>
        <extensions>
          <speed>3.89</speed>
        </extensions>
      </trkpt>
      <trkpt lat="52.766902" lon="27.7400148">
        <ele>167</ele>
        <time>2024-08-17T11:28:58Z</time>
        <hdop>1</hdop>
        <extensions>
          <speed>4.49</speed>
        </extensions>
      </trkpt>
      <trkpt lat="52.7665045" lon="27.7400166">
        <ele>167</ele>
        <time>2024-08-17T11:29:08Z</time>
        <hdop>1</hdop>
        <extensions>
          <speed>4.45</speed>
        </extensions>
      </trkpt>
      <trkpt lat="52.7660555" lon="27.740049">
        <ele>168</ele>
        <time>2024-08-17T11:29:19Z</time>
        <hdop>1.5</hdop>
        <extensions>
          <speed>4.73</speed>
        </extensions>
      </trkpt>
      <trkpt lat="52.7655744" lon="27.7400468">
        <ele>167</ele>
        <time>2024-08-17T11:29:30Z</time>
        <hdop>1</hdop>
        <extensions>
          <speed>4.23</speed>
        </extensions>
      </trkpt>
      <trkpt lat="52.7651585" lon="27.7400611">
        <ele>168</ele>
        <time>2024-08-17T11:29:40Z</time>
        <hdop>1</hdop>
        <extensions>
          <speed>4.56</speed>
        </extensions>
      </trkpt>
      <trkpt lat="52.7646892" lon="27.7401206">
        <ele>167</ele>
        <time>2024-08-17T11:29:51Z</time>
        <hdop>1.5</hdop>
        <extensions>
          <speed>5.11</speed>
        </extensions>
      </trkpt>
      <trkpt lat="52.7641999" lon="27.7401364">
        <ele>167</ele>
        <time>2024-08-17T11:30:02Z</time>
        <hdop>1</hdop>
        <extensions>
          <speed>5.11</speed>
        </extensions>
      </trkpt>
      <trkpt lat="52.763739" lon="27.7401404">
        <ele>167</ele>
        <time>2024-08-17T11:30:12Z</time>
        <hdop>1.5</hdop>
        <extensions>
          <speed>5.15</speed>
        </extensions>
      </trkpt>
      <trkpt lat="52.7632605" lon="27.7401471">
        <ele>167</ele>
        <time>2024-08-17T11:30:22Z</time>
        <hdop>1</hdop>
        <extensions>
          <speed>5.52</speed>
        </extensions>
      </trkpt>
      <trkpt lat="52.7627594" lon="27.7401563">
        <ele>167</ele>
        <time>2024-08-17T11:30:33Z</time>
        <hdop>1</hdop>
        <extensions>
          <speed>5.46</speed>
        </extensions>
      </trkpt>
      <trkpt lat="52.7622305" lon="27.7401676">
        <ele>167</ele>
        <time>2024-08-17T11:30:43Z</time>
        <hdop>1</hdop>
        <extensions>
          <speed>5.07</speed>
        </extensions>
      </trkpt>
      <trkpt lat="52.761767" lon="27.7401896">
        <ele>168</ele>
        <time>2024-08-17T11:30:54Z</time>
        <hdop>1</hdop>
        <extensions>
          <speed>5.41</speed>
        </extensions>
      </trkpt>
      <trkpt lat="52.7612315" lon="27.7402028">
        <ele>167</ele>
        <time>2024-08-17T11:31:05Z</time>
        <hdop>1</hdop>
        <extensions>
          <speed>5.65</speed>
        </extensions>
      </trkpt>
      <trkpt lat="52.7606745" lon="27.7402269">
        <ele>167</ele>
        <time>2024-08-17T11:31:16Z</time>
        <hdop>1</hdop>
        <extensions>
          <speed>5.92</speed>
        </extensions>
      </trkpt>
      <trkpt lat="52.7600677" lon="27.7402542">
        <ele>166</ele>
        <time>2024-08-17T11:31:26Z</time>
        <hdop>1</hdop>
        <extensions>
          <speed>5.92</speed>
        </extensions>
      </trkpt>
      <trkpt lat="52.7595004" lon="27.7402768">
        <ele>166</ele>
        <time>2024-08-17T11:31:38Z</time>
        <hdop>1.5</hdop>
        <extensions>
          <speed>5.6</speed>
        </extensions>
      </trkpt>
      <trkpt lat="52.758927" lon="27.7403044">
        <ele>167</ele>
        <time>2024-08-17T11:31:48Z</time>
        <hdop>1</hdop>
        <extensions>
          <speed>5.82</speed>
        </extensions>
      </trkpt>
      <trkpt lat="52.7583987" lon="27.7403301">
        <ele>168</ele>
        <time>2024-08-17T11:31:59Z</time>
        <hdop>1</hdop>
        <extensions>
          <speed>5.96</speed>
        </extensions>
      </trkpt>
      <trkpt lat="52.7578335" lon="27.7403652">
        <ele>167</ele>
        <time>2024-08-17T11:32:10Z</time>
        <hdop>1</hdop>
        <extensions>
          <speed>5.92</speed>
        </extensions>
      </trkpt>
      <trkpt lat="52.7572583" lon="27.7403529">
        <ele>166</ele>
        <time>2024-08-17T11:32:20Z</time>
        <hdop>1.5</hdop>
        <extensions>
          <speed>5.78</speed>
        </extensions>
      </trkpt>
      <trkpt lat="52.7567727" lon="27.7406109">
        <ele>166</ele>
        <time>2024-08-17T11:32:31Z</time>
        <hdop>1</hdop>
        <extensions>
          <speed>5.05</speed>
        </extensions>
      </trkpt>
      <trkpt lat="52.7563953" lon="27.7408971">
        <ele>167</ele>
        <time>2024-08-17T11:32:41Z</time>
        <hdop>1</hdop>
        <extensions>
          <speed>4.51</speed>
        </extensions>
      </trkpt>
      <trkpt lat="52.756021" lon="27.7412094">
        <ele>167</ele>
        <time>2024-08-17T11:32:52Z</time>
        <hdop>1</hdop>
        <extensions>
          <speed>4.8</speed>
        </extensions>
      </trkpt>
      <trkpt lat="52.7555741" lon="27.7415605">
        <ele>167</ele>
        <time>2024-08-17T11:33:02Z</time>
        <hdop>1</hdop>
        <extensions>
          <speed>5.24</speed>
        </extensions>
      </trkpt>
      <trkpt lat="52.7551083" lon="27.7419558">
        <ele>167</ele>
        <time>2024-08-17T11:33:13Z</time>
        <hdop>1</hdop>
        <extensions>
          <speed>5.47</speed>
        </extensions>
      </trkpt>
      <trkpt lat="52.754681" lon="27.7423158">
        <ele>167</ele>
        <time>2024-08-17T11:33:24Z</time>
        <hdop>1</hdop>
        <extensions>
          <speed>5.44</speed>
        </extensions>
      </trkpt>
      <trkpt lat="52.7542286" lon="27.7426924">
        <ele>167</ele>
        <time>2024-08-17T11:33:34Z</time>
        <hdop>1</hdop>
        <extensions>
          <speed>4.17</speed>
        </extensions>
      </trkpt>
      <trkpt lat="52.7539465" lon="27.7429859">
        <ele>168</ele>
        <time>2024-08-17T11:33:45Z</time>
        <hdop>1.5</hdop>
        <extensions>
          <speed>4.55</speed>
        </extensions>
      </trkpt>
      <trkpt lat="52.7535072" lon="27.7433298">
        <ele>168</ele>
        <time>2024-08-17T11:33:55Z</time>
        <hdop>1.5</hdop>
        <extensions>
          <speed>5.01</speed>
        </extensions>
      </trkpt>
      <trkpt lat="52.7530819" lon="27.7436854">
        <ele>167</ele>
        <time>2024-08-17T11:34:05Z</time>
        <hdop>1</hdop>
        <extensions>
          <speed>5.7</speed>
        </extensions>
      </trkpt>
      <trkpt lat="52.752554" lon="27.7436528">
        <ele>167</ele>
        <time>2024-08-17T11:34:16Z</time>
        <hdop>1</hdop>
        <extensions>
          <speed>5.65</speed>
        </extensions>
      </trkpt>
      <trkpt lat="52.7521037" lon="27.7433301">
        <ele>167</ele>
        <time>2024-08-17T11:34:26Z</time>
        <hdop>1.5</hdop>
        <extensions>
          <speed>5.28</speed>
        </extensions>
      </trkpt>
      <trkpt lat="52.7516265" lon="27.7430356">
        <ele>167</ele>
        <time>2024-08-17T11:34:37Z</time>
        <hdop>1.5</hdop>
        <extensions>
          <speed>4.94</speed>
        </extensions>
      </trkpt>
      <trkpt lat="52.7511492" lon="27.742714">
        <ele>166</ele>
        <time>2024-08-17T11:34:48Z</time>
        <hdop>1</hdop>
        <extensions>
          <speed>5.06</speed>
        </extensions>
      </trkpt>
      <trkpt lat="52.7507263" lon="27.742438">
        <ele>166</ele>
        <time>2024-08-17T11:34:59Z</time>
        <hdop>1</hdop>
        <extensions>
          <speed>5.03</speed>
        </extensions>
      </trkpt>
      <trkpt lat="52.750287" lon="27.742148">
        <ele>166</ele>
        <time>2024-08-17T11:35:09Z</time>
        <hdop>1</hdop>
        <extensions>
          <speed>4.81</speed>
        </extensions>
      </trkpt>
      <trkpt lat="52.7498288" lon="27.7418351">
        <ele>166</ele>
        <time>2024-08-17T11:35:20Z</time>
        <hdop>1.5</hdop>
        <extensions>
          <speed>5</speed>
        </extensions>
      </trkpt>
      <trkpt lat="52.7493713" lon="27.7415151">
        <ele>167</ele>
        <time>2024-08-17T11:35:32Z</time>
        <hdop>1</hdop>
        <extensions>
          <speed>5.14</speed>
        </extensions>
      </trkpt>
      <trkpt lat="52.7488915" lon="27.7412083">
        <ele>166</ele>
        <time>2024-08-17T11:35:42Z</time>
        <hdop>1</hdop>
        <extensions>
          <speed>4.44</speed>
        </extensions>
      </trkpt>
      <trkpt lat="52.7484763" lon="27.7409527">
        <ele>168</ele>
        <time>2024-08-17T11:35:52Z</time>
        <hdop>1</hdop>
        <extensions>
          <speed>4.71</speed>
        </extensions>
      </trkpt>
      <trkpt lat="52.7480338" lon="27.7406527">
        <ele>167</ele>
        <time>2024-08-17T11:36:03Z</time>
        <hdop>1</hdop>
        <extensions>
          <speed>4.94</speed>
        </extensions>
      </trkpt>
      <trkpt lat="52.747644" lon="27.7403822">
        <ele>168</ele>
        <time>2024-08-17T11:36:13Z</time>
        <hdop>1</hdop>
        <extensions>
          <speed>4.87</speed>
        </extensions>
      </trkpt>
      <trkpt lat="52.7472258" lon="27.7400056">
        <ele>168</ele>
        <time>2024-08-17T11:36:24Z</time>
        <hdop>1</hdop>
        <extensions>
          <speed>5.01</speed>
        </extensions>
      </trkpt>
      <trkpt lat="52.746917" lon="27.739524">
        <ele>167</ele>
        <time>2024-08-17T11:36:34Z</time>
        <hdop>1</hdop>
        <extensions>
          <speed>4.74</speed>
        </extensions>
      </trkpt>
      <trkpt lat="52.7466108" lon="27.739086">
        <ele>167</ele>
        <time>2024-08-17T11:36:44Z</time>
        <hdop>1</hdop>
        <extensions>
          <speed>4.82</speed>
        </extensions>
      </trkpt>
      <trkpt lat="52.7462554" lon="27.7385241">
        <ele>167</ele>
        <time>2024-08-17T11:36:56Z</time>
        <hdop>1</hdop>
        <extensions>
          <speed>4.85</speed>
        </extensions>
      </trkpt>
      <trkpt lat="52.7459249" lon="27.7380171">
        <ele>167</ele>
        <time>2024-08-17T11:37:06Z</time>
        <hdop>1</hdop>
        <extensions>
          <speed>4.94</speed>
        </extensions>
      </trkpt>
      <trkpt lat="52.7455547" lon="27.7374383">
        <ele>167</ele>
        <time>2024-08-17T11:37:16Z</time>
        <hdop>1</hdop>
        <extensions>
          <speed>5.04</speed>
        </extensions>
      </trkpt>
      <trkpt lat="52.7452057" lon="27.7369365">
        <ele>167</ele>
        <time>2024-08-17T11:37:27Z</time>
        <hdop>1</hdop>
        <extensions>
          <speed>4.97</speed>
        </extensions>
      </trkpt>
      <trkpt lat="52.7448406" lon="27.7363946">
        <ele>167</ele>
        <time>2024-08-17T11:37:38Z</time>
        <hdop>1</hdop>
        <extensions>
          <speed>5.02</speed>
        </extensions>
      </trkpt>
      <trkpt lat="52.744505" lon="27.7359056">
        <ele>167</ele>
        <time>2024-08-17T11:37:48Z</time>
        <hdop>1</hdop>
        <extensions>
          <speed>4.88</speed>
        </extensions>
      </trkpt>
      <trkpt lat="52.7440505" lon="27.7355636">
        <ele>167</ele>
        <time>2024-08-17T11:37:58Z</time>
        <hdop>1</hdop>
        <extensions>
          <speed>5.15</speed>
        </extensions>
      </trkpt>
      <trkpt lat="52.7436056" lon="27.7357686">
        <ele>167</ele>
        <time>2024-08-17T11:38:08Z</time>
        <hdop>1.5</hdop>
        <extensions>
          <speed>5.22</speed>
        </extensions>
      </trkpt>
      <trkpt lat="52.743142" lon="27.736062">
        <ele>167</ele>
        <time>2024-08-17T11:38:18Z</time>
        <hdop>1.5</hdop>
        <extensions>
          <speed>5.75</speed>
        </extensions>
      </trkpt>
      <trkpt lat="52.7426689" lon="27.7363394">
        <ele>166</ele>
        <time>2024-08-17T11:38:29Z</time>
        <hdop>1.5</hdop>
        <extensions>
          <speed>5.58</speed>
        </extensions>
      </trkpt>
      <trkpt lat="52.7421505" lon="27.7366311">
        <ele>166</ele>
        <time>2024-08-17T11:38:40Z</time>
        <hdop>1.5</hdop>
        <extensions>
          <speed>5.53</speed>
        </extensions>
      </trkpt>
      <trkpt lat="52.7416556" lon="27.7367947">
        <ele>167</ele>
        <time>2024-08-17T11:38:51Z</time>
        <hdop>1.5</hdop>
        <extensions>
          <speed>5.29</speed>
        </extensions>
      </trkpt>
      <trkpt lat="52.7411635" lon="27.7365697">
        <ele>166</ele>
        <time>2024-08-17T11:39:01Z</time>
        <hdop>1.5</hdop>
        <extensions>
          <speed>5.31</speed>
        </extensions>
      </trkpt>
      <trkpt lat="52.7407016" lon="27.7363438">
        <ele>166</ele>
        <time>2024-08-17T11:39:12Z</time>
        <hdop>1</hdop>
        <extensions>
          <speed>5.11</speed>
        </extensions>
      </trkpt>
      <trkpt lat="52.7402117" lon="27.7361358">
        <ele>167</ele>
        <time>2024-08-17T11:39:22Z</time>
        <hdop>1</hdop>
        <extensions>
          <speed>5.28</speed>
        </extensions>
      </trkpt>
      <trkpt lat="52.7397182" lon="27.7359211">
        <ele>167</ele>
        <time>2024-08-17T11:39:33Z</time>
        <hdop>1</hdop>
        <extensions>
          <speed>5.14</speed>
        </extensions>
      </trkpt>
      <trkpt lat="52.7393834" lon="27.7355922">
        <ele>169</ele>
        <time>2024-08-17T11:39:44Z</time>
        <hdop>1.5</hdop>
        <extensions>
          <speed>5.03</speed>
        </extensions>
      </trkpt>
      <trkpt lat="52.7395537" lon="27.7347956">
        <ele>169</ele>
        <time>2024-08-17T11:39:55Z</time>
        <hdop>2</hdop>
        <extensions>
          <speed>4.69</speed>
        </extensions>
      </trkpt>
      <trkpt lat="52.7396926" lon="27.7341778">
        <ele>171</ele>
        <time>2024-08-17T11:40:05Z</time>
        <hdop>2</hdop>
        <extensions>
          <speed>4.41</speed>
        </extensions>
      </trkpt>
      <trkpt lat="52.7398133" lon="27.733601">
        <ele>171</ele>
        <time>2024-08-17T11:40:15Z</time>
        <hdop>2.5</hdop>
        <extensions>
          <speed>3.81</speed>
        </extensions>
      </trkpt>
      <trkpt lat="52.7399438" lon="27.7330605">
        <ele>171</ele>
        <time>2024-08-17T11:40:26Z</time>
        <hdop>2</hdop>
        <extensions>
          <speed>3.62</speed>
        </extensions>
      </trkpt>
      <trkpt lat="52.7400907" lon="27.7324595">
        <ele>170</ele>
        <time>2024-08-17T11:40:37Z</time>
        <hdop>2.5</hdop>
        <extensions>
          <speed>3.64</speed>
        </extensions>
      </trkpt>
      <trkpt lat="52.7402017" lon="27.7318807">
        <ele>172</ele>
        <time>2024-08-17T11:40:47Z</time>
        <hdop>1.5</hdop>
        <extensions>
          <speed>3.47</speed>
        </extensions>
      </trkpt>
      <trkpt lat="52.7401088" lon="27.7316727">
        <ele>171</ele>
        <time>2024-08-17T11:40:57Z</time>
        <hdop>3</hdop>
        <extensions>
          <speed>0.12</speed>
        </extensions>
      </trkpt>
      <trkpt lat="52.7401173" lon="27.731669">
        <ele>172</ele>
        <time>2024-08-17T11:41:08Z</time>
        <hdop>2.5</hdop>
      </trkpt>
      <trkpt lat="52.7401244" lon="27.7316554">
        <ele>173</ele>
        <time>2024-08-17T11:41:19Z</time>
        <hdop>2.5</hdop>
        <extensions>
          <speed>0.22</speed>
        </extensions>
      </trkpt>
      <trkpt lat="52.7401229" lon="27.7316511">
        <ele>173</ele>
        <time>2024-08-17T11:41:30Z</time>
        <hdop>2.5</hdop>
      </trkpt>
      <trkpt lat="52.7401088" lon="27.7316691">
        <ele>174</ele>
        <time>2024-08-17T11:41:41Z</time>
        <hdop>3</hdop>
        <extensions>
          <speed>1.48</speed>
        </extensions>
      </trkpt>
      <trkpt lat="52.7396768" lon="27.731569">
        <ele>174</ele>
        <time>2024-08-17T11:41:52Z</time>
        <hdop>1.5</hdop>
        <extensions>
          <speed>4.35</speed>
        </extensions>
      </trkpt>
      <trkpt lat="52.7392046" lon="27.7313991">
        <ele>174</ele>
        <time>2024-08-17T11:42:03Z</time>
        <hdop>1.5</hdop>
        <extensions>
          <speed>4.46</speed>
        </extensions>
      </trkpt>
      <trkpt lat="52.738749" lon="27.7312606">
        <ele>174</ele>
        <time>2024-08-17T11:42:13Z</time>
        <hdop>1.5</hdop>
        <extensions>
          <speed>4.97</speed>
        </extensions>
      </trkpt>
      <trkpt lat="52.7382678" lon="27.7311002">
        <ele>172</ele>
        <time>2024-08-17T11:42:24Z</time>
        <hdop>1.5</hdop>
        <extensions>
          <speed>5.56</speed>
        </extensions>
      </trkpt>
      <trkpt lat="52.7377568" lon="27.730933">
        <ele>173</ele>
        <time>2024-08-17T11:42:34Z</time>
        <hdop>1.5</hdop>
        <extensions>
          <speed>5.81</speed>
        </extensions>
      </trkpt>
      <trkpt lat="52.7373067" lon="27.7307841">
        <ele>171</ele>
        <time>2024-08-17T11:42:44Z</time>
        <hdop>1.5</hdop>
        <extensions>
          <speed>4.94</speed>
        </extensions>
      </trkpt>
      <trkpt lat="52.7368179" lon="27.7306618">
        <ele>168</ele>
        <time>2024-08-17T11:42:56Z</time>
        <hdop>1</hdop>
        <extensions>
          <speed>5.3</speed>
        </extensions>
      </trkpt>
      <trkpt lat="52.7363056" lon="27.7307641">
        <ele>168</ele>
        <time>2024-08-17T11:43:06Z</time>
        <hdop>1</hdop>
        <extensions>
          <speed>5.2</speed>
        </extensions>
      </trkpt>
      <trkpt lat="52.7358288" lon="27.7308708">
        <ele>168</ele>
        <time>2024-08-17T11:43:16Z</time>
        <hdop>1</hdop>
        <extensions>
          <speed>5.42</speed>
        </extensions>
      </trkpt>
      <trkpt lat="52.7353792" lon="27.7309889">
        <ele>168</ele>
        <time>2024-08-17T11:43:26Z</time>
        <hdop>1</hdop>
        <extensions>
          <speed>4.83</speed>
        </extensions>
      </trkpt>
      <trkpt lat="52.7349459" lon="27.7310983">
        <ele>170</ele>
        <time>2024-08-17T11:43:38Z</time>
        <hdop>1</hdop>
        <extensions>
          <speed>4.52</speed>
        </extensions>
      </trkpt>
      <trkpt lat="52.7345123" lon="27.7312319">
        <ele>170</ele>
        <time>2024-08-17T11:43:48Z</time>
        <hdop>1.5</hdop>
        <extensions>
          <speed>4.68</speed>
        </extensions>
      </trkpt>
      <trkpt lat="52.7340249" lon="27.7313549">
        <ele>169</ele>
        <time>2024-08-17T11:43:59Z</time>
        <hdop>1</hdop>
        <extensions>
          <speed>4.92</speed>
        </extensions>
      </trkpt>
      <trkpt lat="52.7335791" lon="27.7314552">
        <ele>168</ele>
        <time>2024-08-17T11:44:09Z</time>
        <hdop>1.5</hdop>
        <extensions>
          <speed>4.95</speed>
        </extensions>
      </trkpt>
      <trkpt lat="52.7331285" lon="27.7315366">
        <ele>168</ele>
        <time>2024-08-17T11:44:19Z</time>
        <hdop>1</hdop>
        <extensions>
          <speed>4.95</speed>
        </extensions>
      </trkpt>
      <trkpt lat="52.7326964" lon="27.7316064">
        <ele>168</ele>
        <time>2024-08-17T11:44:30Z</time>
        <hdop>1.5</hdop>
        <extensions>
          <speed>4.87</speed>
        </extensions>
      </trkpt>
      <trkpt lat="52.7321979" lon="27.7316857">
        <ele>167</ele>
        <time>2024-08-17T11:44:40Z</time>
        <hdop>1</hdop>
        <extensions>
          <speed>4.97</speed>
        </extensions>
      </trkpt>
      <trkpt lat="52.7317174" lon="27.7317323">
        <ele>167</ele>
        <time>2024-08-17T11:44:51Z</time>
        <hdop>1</hdop>
        <extensions>
          <speed>5</speed>
        </extensions>
      </trkpt>
      <trkpt lat="52.73124" lon="27.7318189">
        <ele>167</ele>
        <time>2024-08-17T11:45:01Z</time>
        <hdop>1</hdop>
        <extensions>
          <speed>5.02</speed>
        </extensions>
      </trkpt>
      <trkpt lat="52.7308792" lon="27.7315209">
        <ele>168</ele>
        <time>2024-08-17T11:45:11Z</time>
        <hdop>1</hdop>
        <extensions>
          <speed>5.04</speed>
        </extensions>
      </trkpt>
      <trkpt lat="52.7307261" lon="27.7307939">
        <ele>169</ele>
        <time>2024-08-17T11:45:22Z</time>
        <hdop>1</hdop>
        <extensions>
          <speed>4.66</speed>
        </extensions>
      </trkpt>
      <trkpt lat="52.7303561" lon="27.7303791">
        <ele>170</ele>
        <time>2024-08-17T11:45:33Z</time>
        <hdop>1</hdop>
        <extensions>
          <speed>4.52</speed>
        </extensions>
      </trkpt>
      <trkpt lat="52.7299728" lon="27.7300078">
        <ele>169</ele>
        <time>2024-08-17T11:45:43Z</time>
        <hdop>1</hdop>
        <extensions>
          <speed>5.14</speed>
        </extensions>
      </trkpt>
      <trkpt lat="52.7295791" lon="27.7296521">
        <ele>169</ele>
        <time>2024-08-17T11:45:54Z</time>
        <hdop>1</hdop>
        <extensions>
          <speed>5.08</speed>
        </extensions>
      </trkpt>
      <trkpt lat="52.7291475" lon="27.7292507">
        <ele>169</ele>
        <time>2024-08-17T11:46:04Z</time>
        <hdop>1</hdop>
        <extensions>
          <speed>4.93</speed>
        </extensions>
      </trkpt>
      <trkpt lat="52.7287452" lon="27.7288752">
        <ele>170</ele>
        <time>2024-08-17T11:46:14Z</time>
        <hdop>1</hdop>
        <extensions>
          <speed>5.26</speed>
        </extensions>
      </trkpt>
      <trkpt lat="52.7282894" lon="27.7284465">
        <ele>169</ele>
        <time>2024-08-17T11:46:25Z</time>
        <hdop>1</hdop>
        <extensions>
          <speed>5.17</speed>
        </extensions>
      </trkpt>
      <trkpt lat="52.7278881" lon="27.7280771">
        <ele>170</ele>
        <time>2024-08-17T11:46:35Z</time>
        <hdop>1</hdop>
        <extensions>
          <speed>5.1</speed>
        </extensions>
      </trkpt>
      <trkpt lat="52.7274877" lon="27.7277054">
        <ele>170</ele>
        <time>2024-08-17T11:46:45Z</time>
        <hdop>1</hdop>
        <extensions>
          <speed>5.17</speed>
        </extensions>
      </trkpt>
      <trkpt lat="52.7270477" lon="27.7272829">
        <ele>170</ele>
        <time>2024-08-17T11:46:56Z</time>
        <hdop>1</hdop>
        <extensions>
          <speed>5.34</speed>
        </extensions>
      </trkpt>
      <trkpt lat="52.7265835" lon="27.7268489">
        <ele>170</ele>
        <time>2024-08-17T11:47:07Z</time>
        <hdop>1</hdop>
        <extensions>
          <speed>5.56</speed>
        </extensions>
      </trkpt>
      <trkpt lat="52.726109" lon="27.726404">
        <ele>171</ele>
        <time>2024-08-17T11:47:18Z</time>
        <hdop>1</hdop>
        <extensions>
          <speed>5.64</speed>
        </extensions>
      </trkpt>
      <trkpt lat="52.7256701" lon="27.7259903">
        <ele>170</ele>
        <time>2024-08-17T11:47:28Z</time>
        <hdop>1</hdop>
        <extensions>
          <speed>5.57</speed>
        </extensions>
      </trkpt>
      <trkpt lat="52.7251998" lon="27.7255799">
        <ele>170</ele>
        <time>2024-08-17T11:47:40Z</time>
        <hdop>1</hdop>
        <extensions>
          <speed>5.34</speed>
        </extensions>
      </trkpt>
      <trkpt lat="52.7247512" lon="27.7251441">
        <ele>170</ele>
        <time>2024-08-17T11:47:50Z</time>
        <hdop>1</hdop>
        <extensions>
          <speed>4.98</speed>
        </extensions>
      </trkpt>
      <trkpt lat="52.7243629" lon="27.7247651">
        <ele>169</ele>
        <time>2024-08-17T11:48:00Z</time>
        <hdop>1</hdop>
        <extensions>
          <speed>5.03</speed>
        </extensions>
      </trkpt>
      <trkpt lat="52.7239417" lon="27.7243852">
        <ele>169</ele>
        <time>2024-08-17T11:48:11Z</time>
        <hdop>1</hdop>
        <extensions>
          <speed>4.88</speed>
        </extensions>
      </trkpt>
      <trkpt lat="52.7235597" lon="27.7240222">
        <ele>168</ele>
        <time>2024-08-17T11:48:21Z</time>
        <hdop>1</hdop>
        <extensions>
          <speed>4.74</speed>
        </extensions>
      </trkpt>
      <trkpt lat="52.7231845" lon="27.7236767">
        <ele>168</ele>
        <time>2024-08-17T11:48:31Z</time>
        <hdop>1</hdop>
        <extensions>
          <speed>4.79</speed>
        </extensions>
      </trkpt>
      <trkpt lat="52.722812" lon="27.7233284">
        <ele>167</ele>
        <time>2024-08-17T11:48:42Z</time>
        <hdop>1</hdop>
        <extensions>
          <speed>4.86</speed>
        </extensions>
      </trkpt>
      <trkpt lat="52.7224024" lon="27.7228711">
        <ele>168</ele>
        <time>2024-08-17T11:48:52Z</time>
        <hdop>1</hdop>
        <extensions>
          <speed>4.74</speed>
        </extensions>
      </trkpt>
      <trkpt lat="52.7220155" lon="27.7223817">
        <ele>168</ele>
        <time>2024-08-17T11:49:03Z</time>
        <hdop>1</hdop>
        <extensions>
          <speed>4.96</speed>
        </extensions>
      </trkpt>
      <trkpt lat="52.7216478" lon="27.72193">
        <ele>168</ele>
        <time>2024-08-17T11:49:13Z</time>
        <hdop>1</hdop>
        <extensions>
          <speed>5.11</speed>
        </extensions>
      </trkpt>
      <trkpt lat="52.7212898" lon="27.7215023">
        <ele>167</ele>
        <time>2024-08-17T11:49:24Z</time>
        <hdop>1</hdop>
        <extensions>
          <speed>4.97</speed>
        </extensions>
      </trkpt>
      <trkpt lat="52.7209226" lon="27.7210626">
        <ele>168</ele>
        <time>2024-08-17T11:49:34Z</time>
        <hdop>1</hdop>
        <extensions>
          <speed>4.22</speed>
        </extensions>
      </trkpt>
      <trkpt lat="52.720559" lon="27.7206114">
        <ele>167</ele>
        <time>2024-08-17T11:49:45Z</time>
        <hdop>1</hdop>
        <extensions>
          <speed>4.85</speed>
        </extensions>
      </trkpt>
      <trkpt lat="52.7202104" lon="27.7201942">
        <ele>167</ele>
        <time>2024-08-17T11:49:55Z</time>
        <hdop>1.5</hdop>
        <extensions>
          <speed>4.76</speed>
        </extensions>
      </trkpt>
      <trkpt lat="52.7198584" lon="27.7197683">
        <ele>167</ele>
        <time>2024-08-17T11:50:05Z</time>
        <hdop>1</hdop>
        <extensions>
          <speed>5.06</speed>
        </extensions>
      </trkpt>
      <trkpt lat="52.7194636" lon="27.7192952">
        <ele>168</ele>
        <time>2024-08-17T11:50:16Z</time>
        <hdop>1</hdop>
        <extensions>
          <speed>4.69</speed>
        </extensions>
      </trkpt>
      <trkpt lat="52.7191473" lon="27.7188986">
        <ele>168</ele>
        <time>2024-08-17T11:50:26Z</time>
        <hdop>1</hdop>
        <extensions>
          <speed>4.55</speed>
        </extensions>
      </trkpt>
      <trkpt lat="52.7187664" lon="27.7184391">
        <ele>168</ele>
        <time>2024-08-17T11:50:37Z</time>
        <hdop>1</hdop>
        <extensions>
          <speed>4.86</speed>
        </extensions>
      </trkpt>
      <trkpt lat="52.7184071" lon="27.7180273">
        <ele>167</ele>
        <time>2024-08-17T11:50:47Z</time>
        <hdop>1</hdop>
        <extensions>
          <speed>4.79</speed>
        </extensions>
      </trkpt>
      <trkpt lat="52.7180554" lon="27.7176037">
        <ele>167</ele>
        <time>2024-08-17T11:50:57Z</time>
        <hdop>1</hdop>
        <extensions>
          <speed>4.54</speed>
        </extensions>
      </trkpt>
      <trkpt lat="52.7177235" lon="27.7171692">
        <ele>167</ele>
        <time>2024-08-17T11:51:07Z</time>
        <hdop>1</hdop>
        <extensions>
          <speed>4.88</speed>
        </extensions>
      </trkpt>
      <trkpt lat="52.7173326" lon="27.7167137">
        <ele>167</ele>
        <time>2024-08-17T11:51:18Z</time>
        <hdop>1</hdop>
        <extensions>
          <speed>4.89</speed>
        </extensions>
      </trkpt>
      <trkpt lat="52.7169362" lon="27.7162194">
        <ele>167</ele>
        <time>2024-08-17T11:51:29Z</time>
        <hdop>1</hdop>
        <extensions>
          <speed>5.23</speed>
        </extensions>
      </trkpt>
      <trkpt lat="52.7165652" lon="27.7157775">
        <ele>167</ele>
        <time>2024-08-17T11:51:39Z</time>
        <hdop>1</hdop>
        <extensions>
          <speed>5.35</speed>
        </extensions>
      </trkpt>
      <trkpt lat="52.7161778" lon="27.7154536">
        <ele>167</ele>
        <time>2024-08-17T11:51:50Z</time>
        <hdop>1.5</hdop>
        <extensions>
          <speed>4.76</speed>
        </extensions>
      </trkpt>
      <trkpt lat="52.7157827" lon="27.7156465">
        <ele>167</ele>
        <time>2024-08-17T11:52:00Z</time>
        <hdop>1.5</hdop>
        <extensions>
          <speed>5.27</speed>
        </extensions>
      </trkpt>
      <trkpt lat="52.7155788" lon="27.7164721">
        <ele>166</ele>
        <time>2024-08-17T11:52:11Z</time>
        <hdop>1</hdop>
        <extensions>
          <speed>5.57</speed>
        </extensions>
      </trkpt>
      <trkpt lat="52.7154441" lon="27.7172791">
        <ele>168</ele>
        <time>2024-08-17T11:52:21Z</time>
        <hdop>1</hdop>
        <extensions>
          <speed>5.87</speed>
        </extensions>
      </trkpt>
      <trkpt lat="52.7152817" lon="27.7181995">
        <ele>168</ele>
        <time>2024-08-17T11:52:32Z</time>
        <hdop>1</hdop>
        <extensions>
          <speed>5.91</speed>
        </extensions>
      </trkpt>
      <trkpt lat="52.7151522" lon="27.7190152">
        <ele>168</ele>
        <time>2024-08-17T11:52:43Z</time>
        <hdop>1</hdop>
        <extensions>
          <speed>5.7</speed>
        </extensions>
      </trkpt>
      <trkpt lat="52.7150082" lon="27.7199423">
        <ele>167</ele>
        <time>2024-08-17T11:52:54Z</time>
        <hdop>1</hdop>
        <extensions>
          <speed>5.78</speed>
        </extensions>
      </trkpt>
      <trkpt lat="52.7148606" lon="27.7208437">
        <ele>167</ele>
        <time>2024-08-17T11:53:04Z</time>
        <hdop>1</hdop>
        <extensions>
          <speed>5.81</speed>
        </extensions>
      </trkpt>
      <trkpt lat="52.7147295" lon="27.7216154">
        <ele>167</ele>
        <time>2024-08-17T11:53:14Z</time>
        <hdop>1.5</hdop>
        <extensions>
          <speed>5.52</speed>
        </extensions>
      </trkpt>
      <trkpt lat="52.7146081" lon="27.7224755">
        <ele>167</ele>
        <time>2024-08-17T11:53:25Z</time>
        <hdop>1.5</hdop>
        <extensions>
          <speed>5.22</speed>
        </extensions>
      </trkpt>
      <trkpt lat="52.7144645" lon="27.7232367">
        <ele>167</ele>
        <time>2024-08-17T11:53:35Z</time>
        <hdop>1</hdop>
        <extensions>
          <speed>5.5</speed>
        </extensions>
      </trkpt>
      <trkpt lat="52.7143255" lon="27.7240519">
        <ele>167</ele>
        <time>2024-08-17T11:53:46Z</time>
        <hdop>1</hdop>
        <extensions>
          <speed>5.23</speed>
        </extensions>
      </trkpt>
      <trkpt lat="52.7141944" lon="27.7247693">
        <ele>167</ele>
        <time>2024-08-17T11:53:56Z</time>
        <hdop>1</hdop>
        <extensions>
          <speed>4.87</speed>
        </extensions>
      </trkpt>
      <trkpt lat="52.7140816" lon="27.72547">
        <ele>167</ele>
        <time>2024-08-17T11:54:07Z</time>
        <hdop>1</hdop>
        <extensions>
          <speed>5.16</speed>
        </extensions>
      </trkpt>
      <trkpt lat="52.7139424" lon="27.7262968">
        <ele>168</ele>
        <time>2024-08-17T11:54:17Z</time>
        <hdop>1</hdop>
        <extensions>
          <speed>5.22</speed>
        </extensions>
      </trkpt>
      <trkpt lat="52.7138219" lon="27.7270054">
        <ele>168</ele>
        <time>2024-08-17T11:54:27Z</time>
        <hdop>1.5</hdop>
        <extensions>
          <speed>5.18</speed>
        </extensions>
      </trkpt>
      <trkpt lat="52.7137104" lon="27.7278481">
        <ele>166</ele>
        <time>2024-08-17T11:54:38Z</time>
        <hdop>1</hdop>
        <extensions>
          <speed>5.29</speed>
        </extensions>
      </trkpt>
      <trkpt lat="52.7135235" lon="27.7285848">
        <ele>167</ele>
        <time>2024-08-17T11:54:49Z</time>
        <hdop>1</hdop>
        <extensions>
          <speed>4.46</speed>
        </extensions>
      </trkpt>
      <trkpt lat="52.7131391" lon="27.728945">
        <ele>167</ele>
        <time>2024-08-17T11:54:59Z</time>
        <hdop>1</hdop>
        <extensions>
          <speed>4.81</speed>
        </extensions>
      </trkpt>
      <trkpt lat="52.7126771" lon="27.7291683">
        <ele>167</ele>
        <time>2024-08-17T11:55:10Z</time>
        <hdop>1.5</hdop>
        <extensions>
          <speed>4.75</speed>
        </extensions>
      </trkpt>
      <trkpt lat="52.7122566" lon="27.7293762">
        <ele>166</ele>
        <time>2024-08-17T11:55:20Z</time>
        <hdop>1.5</hdop>
        <extensions>
          <speed>5.01</speed>
        </extensions>
      </trkpt>
      <trkpt lat="52.711796" lon="27.7296307">
        <ele>167</ele>
        <time>2024-08-17T11:55:31Z</time>
        <hdop>1.5</hdop>
        <extensions>
          <speed>5.21</speed>
        </extensions>
      </trkpt>
      <trkpt lat="52.7113312" lon="27.7298952">
        <ele>167</ele>
        <time>2024-08-17T11:55:42Z</time>
        <hdop>1</hdop>
        <extensions>
          <speed>4.68</speed>
        </extensions>
      </trkpt>
      <trkpt lat="52.7109238" lon="27.7301277">
        <ele>166</ele>
        <time>2024-08-17T11:55:52Z</time>
        <hdop>1</hdop>
        <extensions>
          <speed>4.66</speed>
        </extensions>
      </trkpt>
      <trkpt lat="52.7104712" lon="27.7304234">
        <ele>167</ele>
        <time>2024-08-17T11:56:03Z</time>
        <hdop>1</hdop>
        <extensions>
          <speed>4.74</speed>
        </extensions>
      </trkpt>
      <trkpt lat="52.7100631" lon="27.7306919">
        <ele>166</ele>
        <time>2024-08-17T11:56:13Z</time>
        <hdop>1</hdop>
        <extensions>
          <speed>4.98</speed>
        </extensions>
      </trkpt>
      <trkpt lat="52.7096049" lon="27.7309908">
        <ele>166</ele>
        <time>2024-08-17T11:56:24Z</time>
        <hdop>1</hdop>
        <extensions>
          <speed>4.88</speed>
        </extensions>
      </trkpt>
      <trkpt lat="52.7091757" lon="27.7312572">
        <ele>167</ele>
        <time>2024-08-17T11:56:34Z</time>
        <hdop>1</hdop>
        <extensions>
          <speed>5.38</speed>
        </extensions>
      </trkpt>
      <trkpt lat="52.708735" lon="27.7316144">
        <ele>166</ele>
        <time>2024-08-17T11:56:45Z</time>
        <hdop>1.5</hdop>
        <extensions>
          <speed>4.91</speed>
        </extensions>
      </trkpt>
      <trkpt lat="52.7085751" lon="27.73219">
        <ele>167</ele>
        <time>2024-08-17T11:56:55Z</time>
        <hdop>1</hdop>
        <extensions>
          <speed>4.57</speed>
        </extensions>
      </trkpt>
      <trkpt lat="52.7084814" lon="27.7329839">
        <ele>167</ele>
        <time>2024-08-17T11:57:06Z</time>
        <hdop>1</hdop>
        <extensions>
          <speed>5.33</speed>
        </extensions>
      </trkpt>
      <trkpt lat="52.7082215" lon="27.7336828">
        <ele>168</ele>
        <time>2024-08-17T11:57:17Z</time>
        <hdop>1.5</hdop>
        <extensions>
          <speed>4.79</speed>
        </extensions>
      </trkpt>
      <trkpt lat="52.7078874" lon="27.7341534">
        <ele>167</ele>
        <time>2024-08-17T11:57:28Z</time>
        <hdop>1</hdop>
        <extensions>
          <speed>5.03</speed>
        </extensions>
      </trkpt>
      <trkpt lat="52.7075141" lon="27.734638">
        <ele>166</ele>
        <time>2024-08-17T11:57:38Z</time>
        <hdop>1.5</hdop>
        <extensions>
          <speed>5.28</speed>
        </extensions>
      </trkpt>
      <trkpt lat="52.7071269" lon="27.7351141">
        <ele>166</ele>
        <time>2024-08-17T11:57:48Z</time>
        <hdop>1</hdop>
        <extensions>
          <speed>5.46</speed>
        </extensions>
      </trkpt>
      <trkpt lat="52.7066957" lon="27.7356096">
        <ele>167</ele>
        <time>2024-08-17T11:57:59Z</time>
        <hdop>1.5</hdop>
        <extensions>
          <speed>5.28</speed>
        </extensions>
      </trkpt>
      <trkpt lat="52.706348" lon="27.7362019">
        <ele>165</ele>
        <time>2024-08-17T11:58:09Z</time>
        <hdop>1.5</hdop>
        <extensions>
          <speed>5.3</speed>
        </extensions>
      </trkpt>
      <trkpt lat="52.7061007" lon="27.7369589">
        <ele>165</ele>
        <time>2024-08-17T11:58:20Z</time>
        <hdop>1</hdop>
        <extensions>
          <speed>5.54</speed>
        </extensions>
      </trkpt>
      <trkpt lat="52.7059041" lon="27.7377434">
        <ele>165</ele>
        <time>2024-08-17T11:58:30Z</time>
        <hdop>1</hdop>
        <extensions>
          <speed>5.97</speed>
        </extensions>
      </trkpt>
      <trkpt lat="52.7056456" lon="27.7384353">
        <ele>165</ele>
        <time>2024-08-17T11:58:40Z</time>
        <hdop>1.5</hdop>
        <extensions>
          <speed>5.31</speed>
        </extensions>
      </trkpt>
      <trkpt lat="52.7052027" lon="27.7386839">
        <ele>166</ele>
        <time>2024-08-17T11:58:51Z</time>
        <hdop>1.5</hdop>
        <extensions>
          <speed>4.57</speed>
        </extensions>
      </trkpt>
      <trkpt lat="52.7048773" lon="27.7387421">
        <ele>167</ele>
        <time>2024-08-17T11:59:01Z</time>
        <hdop>1.5</hdop>
        <extensions>
          <speed>2.83</speed>
        </extensions>
      </trkpt>
      <trkpt lat="52.7047464" lon="27.7382509">
        <ele>168</ele>
        <time>2024-08-17T11:59:12Z</time>
        <hdop>1.5</hdop>
        <extensions>
          <speed>4.48</speed>
        </extensions>
      </trkpt>
      <trkpt lat="52.7045126" lon="27.7376508">
        <ele>167</ele>
        <time>2024-08-17T11:59:22Z</time>
        <hdop>1.5</hdop>
        <extensions>
          <speed>4.65</speed>
        </extensions>
      </trkpt>
      <trkpt lat="52.704303" lon="27.7371496">
        <ele>170</ele>
        <time>2024-08-17T11:59:32Z</time>
        <hdop>1.5</hdop>
        <extensions>
          <speed>4.58</speed>
        </extensions>
      </trkpt>
      <trkpt lat="52.7039629" lon="27.736573">
        <ele>169</ele>
        <time>2024-08-17T11:59:43Z</time>
        <hdop>1</hdop>
        <extensions>
          <speed>4.56</speed>
        </extensions>
      </trkpt>
      <trkpt lat="52.7036321" lon="27.7361001">
        <ele>168</ele>
        <time>2024-08-17T11:59:54Z</time>
        <hdop>1</hdop>
        <extensions>
          <speed>4.59</speed>
        </extensions>
      </trkpt>
      <trkpt lat="52.7032684" lon="27.7356443">
        <ele>168</ele>
        <time>2024-08-17T12:00:04Z</time>
        <hdop>2.5</hdop>
        <extensions>
          <speed>5.06</speed>
        </extensions>
      </trkpt>
      <trkpt lat="52.7029229" lon="27.7352214">
        <ele>169</ele>
        <time>2024-08-17T12:00:15Z</time>
        <hdop>2</hdop>
        <extensions>
          <speed>4.73</speed>
        </extensions>
      </trkpt>
      <trkpt lat="52.7025458" lon="27.7347199">
        <ele>168</ele>
        <time>2024-08-17T12:00:25Z</time>
        <hdop>1</hdop>
        <extensions>
          <speed>4.78</speed>
        </extensions>
      </trkpt>
      <trkpt lat="52.7022121" lon="27.7342892">
        <ele>169</ele>
        <time>2024-08-17T12:00:35Z</time>
        <hdop>1</hdop>
        <extensions>
          <speed>4.37</speed>
        </extensions>
      </trkpt>
      <trkpt lat="52.7018584" lon="27.7337998">
        <ele>169</ele>
        <time>2024-08-17T12:00:46Z</time>
        <hdop>1</hdop>
        <extensions>
          <speed>5.02</speed>
        </extensions>
      </trkpt>
      <trkpt lat="52.7014866" lon="27.7334117">
        <ele>171</ele>
        <time>2024-08-17T12:00:57Z</time>
        <hdop>2</hdop>
        <extensions>
          <speed>4.49</speed>
        </extensions>
      </trkpt>
      <trkpt lat="52.7011788" lon="27.7330967">
        <ele>175</ele>
        <time>2024-08-17T12:01:08Z</time>
        <hdop>2</hdop>
        <extensions>
          <speed>3.5</speed>
        </extensions>
      </trkpt>
      <trkpt lat="52.7008602" lon="27.7329221">
        <ele>186</ele>
        <time>2024-08-17T12:01:18Z</time>
        <hdop>2.5</hdop>
        <extensions>
          <speed>2.34</speed>
        </extensions>
      </trkpt>
      <trkpt lat="52.7004104" lon="27.7327198">
        <ele>196</ele>
        <time>2024-08-17T12:01:28Z</time>
        <hdop>1.5</hdop>
        <extensions>
          <speed>4.98</speed>
        </extensions>
      </trkpt>
      <trkpt lat="52.6999406" lon="27.7321187">
        <ele>184</ele>
        <time>2024-08-17T12:01:39Z</time>
        <hdop>1.5</hdop>
        <extensions>
          <speed>5.16</speed>
        </extensions>
      </trkpt>
      <trkpt lat="52.6994793" lon="27.7315587">
        <ele>174</ele>
        <time>2024-08-17T12:01:50Z</time>
        <hdop>1.5</hdop>
        <extensions>
          <speed>5.3</speed>
        </extensions>
      </trkpt>
      <trkpt lat="52.6989777" lon="27.7312301">
        <ele>171</ele>
        <time>2024-08-17T12:02:01Z</time>
        <hdop>1.5</hdop>
        <extensions>
          <speed>5.07</speed>
        </extensions>
      </trkpt>
      <trkpt lat="52.6987874" lon="27.7306377">
        <ele>171</ele>
        <time>2024-08-17T12:02:11Z</time>
        <hdop>2.5</hdop>
        <extensions>
          <speed>3.87</speed>
        </extensions>
      </trkpt>
      <trkpt lat="52.6989028" lon="27.7298764">
        <ele>170</ele>
        <time>2024-08-17T12:02:21Z</time>
        <hdop>1.5</hdop>
        <extensions>
          <speed>5.52</speed>
        </extensions>
      </trkpt>
      <trkpt lat="52.6990476" lon="27.7290406">
        <ele>168</ele>
        <time>2024-08-17T12:02:31Z</time>
        <hdop>1.5</hdop>
        <extensions>
          <speed>5.4</speed>
        </extensions>
      </trkpt>
      <trkpt lat="52.6992064" lon="27.7281093">
        <ele>168</ele>
        <time>2024-08-17T12:02:42Z</time>
        <hdop>1.5</hdop>
        <extensions>
          <speed>6.23</speed>
        </extensions>
      </trkpt>
      <trkpt lat="52.6992523" lon="27.7273048">
        <ele>170</ele>
        <time>2024-08-17T12:02:52Z</time>
        <hdop>2</hdop>
        <extensions>
          <speed>5.67</speed>
        </extensions>
      </trkpt>
      <trkpt lat="52.6994026" lon="27.7265185">
        <ele>174</ele>
        <time>2024-08-17T12:03:02Z</time>
        <hdop>2.5</hdop>
        <extensions>
          <speed>5.13</speed>
        </extensions>
      </trkpt>
      <trkpt lat="52.699553" lon="27.7257748">
        <ele>179</ele>
        <time>2024-08-17T12:03:13Z</time>
        <hdop>2</hdop>
        <extensions>
          <speed>4.99</speed>
        </extensions>
      </trkpt>
      <trkpt lat="52.6997505" lon="27.7250452">
        <ele>180</ele>
        <time>2024-08-17T12:03:24Z</time>
        <hdop>4</hdop>
        <extensions>
          <speed>5.51</speed>
        </extensions>
      </trkpt>
      <trkpt lat="52.6999676" lon="27.7243671">
        <ele>182</ele>
        <time>2024-08-17T12:03:34Z</time>
        <hdop>2.5</hdop>
        <extensions>
          <speed>3.89</speed>
        </extensions>
      </trkpt>
      <trkpt lat="52.7001522" lon="27.7237371">
        <ele>181</ele>
        <time>2024-08-17T12:03:44Z</time>
        <hdop>2.5</hdop>
        <extensions>
          <speed>4.15</speed>
        </extensions>
      </trkpt>
      <trkpt lat="52.7003263" lon="27.723141">
        <ele>180</ele>
        <time>2024-08-17T12:03:56Z</time>
        <hdop>2</hdop>
        <extensions>
          <speed>4.29</speed>
        </extensions>
      </trkpt>
      <trkpt lat="52.7005214" lon="27.7224811">
        <ele>181</ele>
        <time>2024-08-17T12:04:06Z</time>
        <hdop>1.5</hdop>
        <extensions>
          <speed>4.34</speed>
        </extensions>
      </trkpt>
      <trkpt lat="52.7006951" lon="27.7218108">
        <ele>187</ele>
        <time>2024-08-17T12:04:17Z</time>
        <hdop>2.5</hdop>
        <extensions>
          <speed>4.38</speed>
        </extensions>
      </trkpt>
      <trkpt lat="52.7009029" lon="27.7210822">
        <ele>184</ele>
        <time>2024-08-17T12:04:28Z</time>
        <hdop>1.5</hdop>
        <extensions>
          <speed>4.18</speed>
        </extensions>
      </trkpt>
      <trkpt lat="52.7010404" lon="27.7204815">
        <ele>183</ele>
        <time>2024-08-17T12:04:39Z</time>
        <hdop>1.5</hdop>
        <extensions>
          <speed>3.39</speed>
        </extensions>
      </trkpt>
      <trkpt lat="52.7008316" lon="27.7200303">
        <ele>182</ele>
        <time>2024-08-17T12:04:49Z</time>
        <hdop>1.5</hdop>
        <extensions>
          <speed>5.16</speed>
        </extensions>
      </trkpt>
      <trkpt lat="52.7005462" lon="27.7194086">
        <ele>183</ele>
        <time>2024-08-17T12:04:59Z</time>
        <hdop>1.5</hdop>
        <extensions>
          <speed>4.87</speed>
        </extensions>
      </trkpt>
      <trkpt lat="52.7002402" lon="27.718794">
        <ele>189</ele>
        <time>2024-08-17T12:05:10Z</time>
        <hdop>2</hdop>
        <extensions>
          <speed>4.79</speed>
        </extensions>
      </trkpt>
      <trkpt lat="52.6999762" lon="27.7182477">
        <ele>192</ele>
        <time>2024-08-17T12:05:21Z</time>
        <hdop>3.5</hdop>
        <extensions>
          <speed>2.78</speed>
        </extensions>
      </trkpt>
      <trkpt lat="52.6997121" lon="27.7176249">
        <ele>194</ele>
        <time>2024-08-17T12:05:32Z</time>
        <hdop>2.5</hdop>
        <extensions>
          <speed>4.1</speed>
        </extensions>
      </trkpt>
      <trkpt lat="52.6994386" lon="27.7172339">
        <ele>196</ele>
        <time>2024-08-17T12:05:42Z</time>
        <hdop>3</hdop>
        <extensions>
          <speed>4.01</speed>
        </extensions>
      </trkpt>
      <trkpt lat="52.6991671" lon="27.716575">
        <ele>193</ele>
        <time>2024-08-17T12:05:53Z</time>
        <hdop>3</hdop>
        <extensions>
          <speed>2.51</speed>
        </extensions>
      </trkpt>
      <trkpt lat="52.6989485" lon="27.7159614">
        <ele>191</ele>
        <time>2024-08-17T12:06:04Z</time>
        <hdop>2</hdop>
        <extensions>
          <speed>3.23</speed>
        </extensions>
      </trkpt>
      <trkpt lat="52.6987867" lon="27.7154111">
        <ele>191</ele>
        <time>2024-08-17T12:06:14Z</time>
        <hdop>2.5</hdop>
        <extensions>
          <speed>2.98</speed>
        </extensions>
      </trkpt>
      <trkpt lat="52.6986389" lon="27.7148558">
        <ele>191</ele>
        <time>2024-08-17T12:06:25Z</time>
        <hdop>3.5</hdop>
        <extensions>
          <speed>1.99</speed>
        </extensions>
      </trkpt>
      <trkpt lat="52.6985044" lon="27.7142837">
        <ele>196</ele>
        <time>2024-08-17T12:06:36Z</time>
        <hdop>3</hdop>
        <extensions>
          <speed>1.63</speed>
        </extensions>
      </trkpt>
      <trkpt lat="52.6983479" lon="27.7137133">
        <ele>204</ele>
        <time>2024-08-17T12:06:47Z</time>
        <hdop>3</hdop>
        <extensions>
          <speed>1.94</speed>
        </extensions>
      </trkpt>
      <trkpt lat="52.6982086" lon="27.7129625">
        <ele>209</ele>
        <time>2024-08-17T12:06:57Z</time>
        <hdop>2.5</hdop>
        <extensions>
          <speed>2.55</speed>
        </extensions>
      </trkpt>
      <trkpt lat="52.6981214" lon="27.7121465">
        <ele>199</ele>
        <time>2024-08-17T12:07:07Z</time>
        <hdop>2</hdop>
        <extensions>
          <speed>2.66</speed>
        </extensions>
      </trkpt>
      <trkpt lat="52.6979792" lon="27.7119557">
        <ele>187</ele>
        <time>2024-08-17T12:07:18Z</time>
        <hdop>2</hdop>
        <extensions>
          <speed>2.48</speed>
        </extensions>
      </trkpt>
      <trkpt lat="52.6979635" lon="27.711856">
        <ele>181</ele>
        <time>2024-08-17T12:07:28Z</time>
        <hdop>2</hdop>
      </trkpt>
      <trkpt lat="52.6979683" lon="27.7118231">
        <ele>178</ele>
        <time>2024-08-17T12:07:39Z</time>
        <hdop>2</hdop>
        <extensions>
          <speed>0.15</speed>
        </extensions>
      </trkpt>
      <trkpt lat="52.6979787" lon="27.7117918">
        <ele>176</ele>
        <time>2024-08-17T12:07:50Z</time>
        <hdop>1.5</hdop>
      </trkpt>
      <trkpt lat="52.6980054" lon="27.7117894">
        <ele>177</ele>
        <time>2024-08-17T12:08:00Z</time>
        <hdop>2</hdop>
        <extensions>
          <speed>0.27</speed>
        </extensions>
      </trkpt>
      <trkpt lat="52.6980357" lon="27.7118099">
        <ele>175</ele>
        <time>2024-08-17T12:08:10Z</time>
        <hdop>2</hdop>
        <extensions>
          <speed>0.01</speed>
        </extensions>
      </trkpt>
      <trkpt lat="52.6980366" lon="27.7118095">
        <ele>175</ele>
        <time>2024-08-17T12:08:21Z</time>
        <hdop>2</hdop>
      </trkpt>
      <trkpt lat="52.6980418" lon="27.7118383">
        <ele>174</ele>
        <time>2024-08-17T12:08:31Z</time>
        <hdop>2.5</hdop>
      </trkpt>
      <trkpt lat="52.6980376" lon="27.7118609">
        <ele>173</ele>
        <time>2024-08-17T12:08:42Z</time>
        <hdop>2</hdop>
      </trkpt>
      <trkpt lat="52.6980345" lon="27.7118272">
        <ele>171</ele>
        <time>2024-08-17T12:08:53Z</time>
        <hdop>2</hdop>
      </trkpt>
      <trkpt lat="52.6980339" lon="27.7118322">
        <ele>170</ele>
        <time>2024-08-17T12:09:03Z</time>
        <hdop>2</hdop>
      </trkpt>
      <trkpt lat="52.6980339" lon="27.7118322">
        <ele>170</ele>
        <time>2024-08-17T12:09:14Z</time>
        <hdop>2</hdop>
      </trkpt>
      <trkpt lat="52.6980339" lon="27.7118322">
        <ele>170</ele>
        <time>2024-08-17T12:09:25Z</time>
        <hdop>2</hdop>
      </trkpt>
      <trkpt lat="52.6980418" lon="27.7118068">
        <ele>171</ele>
        <time>2024-08-17T12:09:36Z</time>
        <hdop>2</hdop>
      </trkpt>
      <trkpt lat="52.6980638" lon="27.7118531">
        <ele>170</ele>
        <time>2024-08-17T12:09:47Z</time>
        <hdop>2</hdop>
      </trkpt>
      <trkpt lat="52.6980437" lon="27.7118344">
        <ele>169</ele>
        <time>2024-08-17T12:09:57Z</time>
        <hdop>2</hdop>
      </trkpt>
      <trkpt lat="52.6980307" lon="27.7118398">
        <ele>169</ele>
        <time>2024-08-17T12:10:08Z</time>
        <hdop>1.5</hdop>
      </trkpt>
      <trkpt lat="52.6980307" lon="27.7118398">
        <ele>169</ele>
        <time>2024-08-17T12:10:18Z</time>
        <hdop>2</hdop>
      </trkpt>
      <trkpt lat="52.6980307" lon="27.7118398">
        <ele>169</ele>
        <time>2024-08-17T12:10:29Z</time>
        <hdop>1.5</hdop>
      </trkpt>
      <trkpt lat="52.6980637" lon="27.7117801">
        <ele>169</ele>
        <time>2024-08-17T12:10:40Z</time>
        <hdop>2</hdop>
        <extensions>
          <speed>0.66</speed>
        </extensions>
      </trkpt>
      <trkpt lat="52.6980685" lon="27.711782">
        <ele>169</ele>
        <time>2024-08-17T12:10:50Z</time>
        <hdop>2</hdop>
      </trkpt>
      <trkpt lat="52.6980524" lon="27.7118101">
        <ele>169</ele>
        <time>2024-08-17T12:11:00Z</time>
        <hdop>2</hdop>
        <extensions>
          <speed>0.96</speed>
        </extensions>
      </trkpt>
      <trkpt lat="52.6979792" lon="27.7118389">
        <ele>168</ele>
        <time>2024-08-17T12:11:11Z</time>
        <hdop>1.5</hdop>
        <extensions>
          <speed>0.31</speed>
        </extensions>
      </trkpt>
      <trkpt lat="52.6979895" lon="27.7118139">
        <ele>169</ele>
        <time>2024-08-17T12:11:22Z</time>
        <hdop>1.5</hdop>
        <extensions>
          <speed>0.6</speed>
        </extensions>
      </trkpt>
      <trkpt lat="52.698019" lon="27.711784">
        <ele>170</ele>
        <time>2024-08-17T12:11:32Z</time>
        <hdop>2</hdop>
        <extensions>
          <speed>1.07</speed>
        </extensions>
      </trkpt>
      <trkpt lat="52.6980603" lon="27.7117679">
        <ele>171</ele>
        <time>2024-08-17T12:11:42Z</time>
        <hdop>1.5</hdop>
      </trkpt>
      <trkpt lat="52.6980629" lon="27.7117556">
        <ele>170</ele>
        <time>2024-08-17T12:11:52Z</time>
        <hdop>1.5</hdop>
      </trkpt>
      <trkpt lat="52.6980629" lon="27.7117556">
        <ele>170</ele>
        <time>2024-08-17T12:12:03Z</time>
        <hdop>2</hdop>
      </trkpt>
      <trkpt lat="52.6980629" lon="27.7117556">
        <ele>170</ele>
        <time>2024-08-17T12:12:13Z</time>
        <hdop>2</hdop>
      </trkpt>
      <trkpt lat="52.6980684" lon="27.7117633">
        <ele>170</ele>
        <time>2024-08-17T12:12:24Z</time>
        <hdop>2</hdop>
        <extensions>
          <speed>0.12</speed>
        </extensions>
      </trkpt>
      <trkpt lat="52.6980153" lon="27.7118453">
        <ele>171</ele>
        <time>2024-08-17T12:12:34Z</time>
        <hdop>2</hdop>
        <extensions>
          <speed>0.88</speed>
        </extensions>
      </trkpt>
      <trkpt lat="52.6979719" lon="27.7118224">
        <ele>171</ele>
        <time>2024-08-17T12:12:45Z</time>
        <hdop>2</hdop>
        <extensions>
          <speed>0.48</speed>
        </extensions>
      </trkpt>
      <trkpt lat="52.697972" lon="27.7118233">
        <ele>171</ele>
        <time>2024-08-17T12:12:56Z</time>
        <hdop>2</hdop>
      </trkpt>
      <trkpt lat="52.6979796" lon="27.7118071">
        <ele>169</ele>
        <time>2024-08-17T12:13:07Z</time>
        <hdop>1.5</hdop>
        <extensions>
          <speed>0.4</speed>
        </extensions>
      </trkpt>
      <trkpt lat="52.6979792" lon="27.7118099">
        <ele>169</ele>
        <time>2024-08-17T12:13:17Z</time>
        <hdop>2</hdop>
      </trkpt>
      <trkpt lat="52.6979791" lon="27.7117961">
        <ele>170</ele>
        <time>2024-08-17T12:13:28Z</time>
        <hdop>2</hdop>
        <extensions>
          <speed>0.14</speed>
        </extensions>
      </trkpt>
      <trkpt lat="52.6979791" lon="27.7117958">
        <ele>170</ele>
        <time>2024-08-17T12:13:39Z</time>
        <hdop>1.5</hdop>
      </trkpt>
      <trkpt lat="52.6979791" lon="27.7117958">
        <ele>170</ele>
        <time>2024-08-17T12:13:49Z</time>
        <hdop>1.5</hdop>
      </trkpt>
      <trkpt lat="52.6979791" lon="27.7117958">
        <ele>170</ele>
        <time>2024-08-17T12:14:01Z</time>
        <hdop>2</hdop>
      </trkpt>
      <trkpt lat="52.6979791" lon="27.7117958">
        <ele>170</ele>
        <time>2024-08-17T12:14:11Z</time>
        <hdop>2</hdop>
      </trkpt>
      <trkpt lat="52.6979791" lon="27.7117958">
        <ele>170</ele>
        <time>2024-08-17T12:14:22Z</time>
        <hdop>1.5</hdop>
      </trkpt>
      <trkpt lat="52.6979905" lon="27.7117912">
        <ele>171</ele>
        <time>2024-08-17T12:14:32Z</time>
        <hdop>1.5</hdop>
      </trkpt>
      <trkpt lat="52.6979905" lon="27.7117912">
        <ele>171</ele>
        <time>2024-08-17T12:14:43Z</time>
        <hdop>1.5</hdop>
      </trkpt>
      <trkpt lat="52.6979905" lon="27.7117912">
        <ele>171</ele>
        <time>2024-08-17T12:14:54Z</time>
        <hdop>1.5</hdop>
      </trkpt>
      <trkpt lat="52.6979905" lon="27.7117912">
        <ele>171</ele>
        <time>2024-08-17T12:15:04Z</time>
        <hdop>2</hdop>
      </trkpt>
      <trkpt lat="52.6979946" lon="27.7118041">
        <ele>170</ele>
        <time>2024-08-17T12:15:14Z</time>
        <hdop>2</hdop>
        <extensions>
          <speed>0.08</speed>
        </extensions>
      </trkpt>
      <trkpt lat="52.6979948" lon="27.7118037">
        <ele>169</ele>
        <time>2024-08-17T12:15:25Z</time>
        <hdop>1.5</hdop>
      </trkpt>
      <trkpt lat="52.6979948" lon="27.7118037">
        <ele>169</ele>
        <time>2024-08-17T12:15:36Z</time>
        <hdop>2</hdop>
      </trkpt>
      <trkpt lat="52.6979948" lon="27.7118037">
        <ele>169</ele>
        <time>2024-08-17T12:15:46Z</time>
        <hdop>1.5</hdop>
      </trkpt>
      <trkpt lat="52.6979948" lon="27.7118037">
        <ele>169</ele>
        <time>2024-08-17T12:15:57Z</time>
        <hdop>1.5</hdop>
      </trkpt>
      <trkpt lat="52.6979925" lon="27.7117979">
        <ele>169</ele>
        <time>2024-08-17T12:16:07Z</time>
        <hdop>2</hdop>
        <extensions>
          <speed>0.56</speed>
        </extensions>
      </trkpt>
      <trkpt lat="52.6979182" lon="27.7119482">
        <ele>169</ele>
        <time>2024-08-17T12:16:17Z</time>
        <hdop>2</hdop>
        <extensions>
          <speed>2.21</speed>
        </extensions>
      </trkpt>
      <trkpt lat="52.6976025" lon="27.7121112">
        <ele>170</ele>
        <time>2024-08-17T12:16:28Z</time>
        <hdop>2</hdop>
        <extensions>
          <speed>3.06</speed>
        </extensions>
      </trkpt>
      <trkpt lat="52.6972606" lon="27.7122996">
        <ele>171</ele>
        <time>2024-08-17T12:16:39Z</time>
        <hdop>2</hdop>
        <extensions>
          <speed>2.49</speed>
        </extensions>
      </trkpt>
      <trkpt lat="52.6969293" lon="27.7124758">
        <ele>171</ele>
        <time>2024-08-17T12:16:49Z</time>
        <hdop>2</hdop>
        <extensions>
          <speed>3.92</speed>
        </extensions>
      </trkpt>
      <trkpt lat="52.6965766" lon="27.712665">
        <ele>172</ele>
        <time>2024-08-17T12:16:59Z</time>
        <hdop>1.5</hdop>
        <extensions>
          <speed>4.17</speed>
        </extensions>
      </trkpt>
      <trkpt lat="52.6962402" lon="27.7128479">
        <ele>172</ele>
        <time>2024-08-17T12:17:09Z</time>
        <hdop>1.5</hdop>
        <extensions>
          <speed>4.31</speed>
        </extensions>
      </trkpt>
      <trkpt lat="52.6958826" lon="27.7130274">
        <ele>172</ele>
        <time>2024-08-17T12:17:19Z</time>
        <hdop>1.5</hdop>
        <extensions>
          <speed>3.97</speed>
        </extensions>
      </trkpt>
      <trkpt lat="52.6954799" lon="27.7132457">
        <ele>172</ele>
        <time>2024-08-17T12:17:30Z</time>
        <hdop>1.5</hdop>
        <extensions>
          <speed>4.26</speed>
        </extensions>
      </trkpt>
      <trkpt lat="52.6951388" lon="27.7135925">
        <ele>171</ele>
        <time>2024-08-17T12:17:40Z</time>
        <hdop>1.5</hdop>
        <extensions>
          <speed>4.53</speed>
        </extensions>
      </trkpt>
      <trkpt lat="52.6949006" lon="27.7141763">
        <ele>173</ele>
        <time>2024-08-17T12:17:50Z</time>
        <hdop>1.5</hdop>
        <extensions>
          <speed>4.83</speed>
        </extensions>
      </trkpt>
      <trkpt lat="52.6944851" lon="27.7146449">
        <ele>172</ele>
        <time>2024-08-17T12:18:01Z</time>
        <hdop>1.5</hdop>
        <extensions>
          <speed>4.74</speed>
        </extensions>
      </trkpt>
      <trkpt lat="52.6941148" lon="27.7150265">
        <ele>170</ele>
        <time>2024-08-17T12:18:11Z</time>
        <hdop>1.5</hdop>
        <extensions>
          <speed>4.97</speed>
        </extensions>
      </trkpt>
      <trkpt lat="52.6936953" lon="27.7153178">
        <ele>178</ele>
        <time>2024-08-17T12:18:22Z</time>
        <hdop>2.5</hdop>
        <extensions>
          <speed>4.61</speed>
        </extensions>
      </trkpt>
      <trkpt lat="52.6933145" lon="27.7154869">
        <ele>191</ele>
        <time>2024-08-17T12:18:32Z</time>
        <hdop>3.5</hdop>
        <extensions>
          <speed>4.75</speed>
        </extensions>
      </trkpt>
      <trkpt lat="52.6929124" lon="27.7157269">
        <ele>192</ele>
        <time>2024-08-17T12:18:43Z</time>
        <hdop>3.5</hdop>
        <extensions>
          <speed>1.03</speed>
        </extensions>
      </trkpt>
      <trkpt lat="52.6926018" lon="27.7158848">
        <ele>198</ele>
        <time>2024-08-17T12:18:53Z</time>
        <hdop>3.5</hdop>
        <extensions>
          <speed>2.11</speed>
        </extensions>
      </trkpt>
      <trkpt lat="52.692118" lon="27.7159437">
        <ele>197</ele>
        <time>2024-08-17T12:19:03Z</time>
        <hdop>3.5</hdop>
        <extensions>
          <speed>2.96</speed>
        </extensions>
      </trkpt>
      <trkpt lat="52.6917306" lon="27.7157939">
        <ele>197</ele>
        <time>2024-08-17T12:19:14Z</time>
        <hdop>3</hdop>
        <extensions>
          <speed>2.88</speed>
        </extensions>
      </trkpt>
      <trkpt lat="52.6913587" lon="27.715609">
        <ele>198</ele>
        <time>2024-08-17T12:19:24Z</time>
        <hdop>3</hdop>
        <extensions>
          <speed>1.19</speed>
        </extensions>
      </trkpt>
      <trkpt lat="52.6910796" lon="27.7154056">
        <ele>204</ele>
        <time>2024-08-17T12:19:34Z</time>
        <hdop>3.5</hdop>
        <extensions>
          <speed>1.44</speed>
        </extensions>
      </trkpt>
      <trkpt lat="52.690633" lon="27.7151682">
        <ele>206</ele>
        <time>2024-08-17T12:19:45Z</time>
        <hdop>3</hdop>
        <extensions>
          <speed>3.14</speed>
        </extensions>
      </trkpt>
      <trkpt lat="52.6902101" lon="27.7147703">
        <ele>204</ele>
        <time>2024-08-17T12:19:56Z</time>
        <hdop>3</hdop>
        <extensions>
          <speed>3.44</speed>
        </extensions>
      </trkpt>
      <trkpt lat="52.6898181" lon="27.7143681">
        <ele>201</ele>
        <time>2024-08-17T12:20:06Z</time>
        <hdop>3</hdop>
        <extensions>
          <speed>3.63</speed>
        </extensions>
      </trkpt>
      <trkpt lat="52.6895281" lon="27.7139595">
        <ele>202</ele>
        <time>2024-08-17T12:20:17Z</time>
        <hdop>3.5</hdop>
        <extensions>
          <speed>1.83</speed>
        </extensions>
      </trkpt>
      <trkpt lat="52.6892196" lon="27.7136431">
        <ele>203</ele>
        <time>2024-08-17T12:20:27Z</time>
        <hdop>3.5</hdop>
        <extensions>
          <speed>2.68</speed>
        </extensions>
      </trkpt>
      <trkpt lat="52.6889055" lon="27.7134277">
        <ele>205</ele>
        <time>2024-08-17T12:20:38Z</time>
        <hdop>3</hdop>
      </trkpt>
      <trkpt lat="52.6886481" lon="27.7132187">
        <ele>212</ele>
        <time>2024-08-17T12:20:48Z</time>
        <hdop>3.5</hdop>
        <extensions>
          <speed>1.07</speed>
        </extensions>
      </trkpt>
      <trkpt lat="52.688296" lon="27.7130132">
        <ele>214</ele>
        <time>2024-08-17T12:20:59Z</time>
        <hdop>3.5</hdop>
        <extensions>
          <speed>1.2</speed>
        </extensions>
      </trkpt>
      <trkpt lat="52.6878484" lon="27.712653">
        <ele>216</ele>
        <time>2024-08-17T12:21:10Z</time>
        <hdop>3.5</hdop>
        <extensions>
          <speed>2.18</speed>
        </extensions>
      </trkpt>
      <trkpt lat="52.6874731" lon="27.7124178">
        <ele>219</ele>
        <time>2024-08-17T12:21:20Z</time>
        <hdop>3</hdop>
        <extensions>
          <speed>1.88</speed>
        </extensions>
      </trkpt>
      <trkpt lat="52.6870962" lon="27.7121294">
        <ele>222</ele>
        <time>2024-08-17T12:21:30Z</time>
        <hdop>3.5</hdop>
        <extensions>
          <speed>2.75</speed>
        </extensions>
      </trkpt>
      <trkpt lat="52.6867421" lon="27.7117459">
        <ele>221</ele>
        <time>2024-08-17T12:21:40Z</time>
        <hdop>3.5</hdop>
        <extensions>
          <speed>2.3</speed>
        </extensions>
      </trkpt>
      <trkpt lat="52.6863552" lon="27.7113775">
        <ele>219</ele>
        <time>2024-08-17T12:21:51Z</time>
        <hdop>3</hdop>
        <extensions>
          <speed>2.67</speed>
        </extensions>
      </trkpt>
      <trkpt lat="52.6859871" lon="27.7109854">
        <ele>211</ele>
        <time>2024-08-17T12:22:01Z</time>
        <hdop>3.5</hdop>
        <extensions>
          <speed>3.38</speed>
        </extensions>
      </trkpt>
      <trkpt lat="52.6856258" lon="27.7106746">
        <ele>207</ele>
        <time>2024-08-17T12:22:12Z</time>
        <hdop>3</hdop>
        <extensions>
          <speed>3.62</speed>
        </extensions>
      </trkpt>
      <trkpt lat="52.6852377" lon="27.7104984">
        <ele>206</ele>
        <time>2024-08-17T12:22:23Z</time>
        <hdop>2.5</hdop>
        <extensions>
          <speed>3.12</speed>
        </extensions>
      </trkpt>
      <trkpt lat="52.684861" lon="27.7100651">
        <ele>201</ele>
        <time>2024-08-17T12:22:34Z</time>
        <hdop>3</hdop>
        <extensions>
          <speed>3.66</speed>
        </extensions>
      </trkpt>
      <trkpt lat="52.6845458" lon="27.7097676">
        <ele>199</ele>
        <time>2024-08-17T12:22:45Z</time>
        <hdop>3.5</hdop>
        <extensions>
          <speed>1.93</speed>
        </extensions>
      </trkpt>
      <trkpt lat="52.6842185" lon="27.7095147">
        <ele>205</ele>
        <time>2024-08-17T12:22:56Z</time>
        <hdop>3</hdop>
        <extensions>
          <speed>2.79</speed>
        </extensions>
      </trkpt>
      <trkpt lat="52.6838817" lon="27.7092475">
        <ele>208</ele>
        <time>2024-08-17T12:23:07Z</time>
        <hdop>3.5</hdop>
        <extensions>
          <speed>2.65</speed>
        </extensions>
      </trkpt>
      <trkpt lat="52.6835412" lon="27.7090209">
        <ele>204</ele>
        <time>2024-08-17T12:23:18Z</time>
        <hdop>3</hdop>
        <extensions>
          <speed>2.93</speed>
        </extensions>
      </trkpt>
      <trkpt lat="52.6832326" lon="27.7087485">
        <ele>207</ele>
        <time>2024-08-17T12:23:28Z</time>
        <hdop>3</hdop>
        <extensions>
          <speed>2.14</speed>
        </extensions>
      </trkpt>
      <trkpt lat="52.6829185" lon="27.7084736">
        <ele>210</ele>
        <time>2024-08-17T12:23:39Z</time>
        <hdop>3</hdop>
        <extensions>
          <speed>1.72</speed>
        </extensions>
      </trkpt>
      <trkpt lat="52.6826333" lon="27.7080858">
        <ele>210</ele>
        <time>2024-08-17T12:23:49Z</time>
        <hdop>3</hdop>
        <extensions>
          <speed>2.93</speed>
        </extensions>
      </trkpt>
      <trkpt lat="52.6823711" lon="27.707408">
        <ele>193</ele>
        <time>2024-08-17T12:24:00Z</time>
        <hdop>2</hdop>
        <extensions>
          <speed>3.65</speed>
        </extensions>
      </trkpt>
      <trkpt lat="52.6822313" lon="27.7068362">
        <ele>182</ele>
        <time>2024-08-17T12:24:11Z</time>
        <hdop>2</hdop>
        <extensions>
          <speed>2.13</speed>
        </extensions>
      </trkpt>
      <trkpt lat="52.6821126" lon="27.7064619">
        <ele>185</ele>
        <time>2024-08-17T12:24:22Z</time>
        <hdop>2.5</hdop>
        <extensions>
          <speed>2.71</speed>
        </extensions>
      </trkpt>
      <trkpt lat="52.6819722" lon="27.7060272">
        <ele>191</ele>
        <time>2024-08-17T12:24:32Z</time>
        <hdop>3</hdop>
        <extensions>
          <speed>1.88</speed>
        </extensions>
      </trkpt>
      <trkpt lat="52.6818043" lon="27.7055813">
        <ele>196</ele>
        <time>2024-08-17T12:24:43Z</time>
        <hdop>2.5</hdop>
        <extensions>
          <speed>3.35</speed>
        </extensions>
      </trkpt>
      <trkpt lat="52.6817117" lon="27.704977">
        <ele>188</ele>
        <time>2024-08-17T12:24:53Z</time>
        <hdop>2.5</hdop>
        <extensions>
          <speed>3.26</speed>
        </extensions>
      </trkpt>
      <trkpt lat="52.6816883" lon="27.7044676">
        <ele>181</ele>
        <time>2024-08-17T12:25:04Z</time>
        <hdop>2</hdop>
        <extensions>
          <speed>3.01</speed>
        </extensions>
      </trkpt>
      <trkpt lat="52.6816831" lon="27.7039565">
        <ele>181</ele>
        <time>2024-08-17T12:25:14Z</time>
        <hdop>2</hdop>
        <extensions>
          <speed>2.5</speed>
        </extensions>
      </trkpt>
      <trkpt lat="52.6816098" lon="27.7036544">
        <ele>187</ele>
        <time>2024-08-17T12:25:24Z</time>
        <hdop>2.5</hdop>
        <extensions>
          <speed>1.71</speed>
        </extensions>
      </trkpt>
      <trkpt lat="52.6815334" lon="27.7033815">
        <ele>191</ele>
        <time>2024-08-17T12:25:34Z</time>
        <hdop>2.5</hdop>
        <extensions>
          <speed>1.89</speed>
        </extensions>
      </trkpt>
      <trkpt lat="52.6814895" lon="27.7030806">
        <ele>196</ele>
        <time>2024-08-17T12:25:45Z</time>
        <hdop>2.5</hdop>
        <extensions>
          <speed>0.97</speed>
        </extensions>
      </trkpt>
      <trkpt lat="52.6814897" lon="27.7028016">
        <ele>195</ele>
        <time>2024-08-17T12:25:57Z</time>
        <hdop>2.5</hdop>
        <extensions>
          <speed>0.88</speed>
        </extensions>
      </trkpt>
      <trkpt lat="52.6814599" lon="27.7024707">
        <ele>199</ele>
        <time>2024-08-17T12:26:07Z</time>
        <hdop>2.5</hdop>
        <extensions>
          <speed>1.71</speed>
        </extensions>
      </trkpt>
      <trkpt lat="52.6814582" lon="27.7022802">
        <ele>196</ele>
        <time>2024-08-17T12:26:18Z</time>
        <hdop>2</hdop>
      </trkpt>
      <trkpt lat="52.6814617" lon="27.7022698">
        <ele>193</ele>
        <time>2024-08-17T12:26:29Z</time>
        <hdop>2.5</hdop>
      </trkpt>
      <trkpt lat="52.6814776" lon="27.7021311">
        <ele>186</ele>
        <time>2024-08-17T12:26:40Z</time>
        <hdop>3</hdop>
        <extensions>
          <speed>0.12</speed>
        </extensions>
      </trkpt>
      <trkpt lat="52.6814815" lon="27.7021321">
        <ele>184</ele>
        <time>2024-08-17T12:26:50Z</time>
        <hdop>3</hdop>
      </trkpt>
      <trkpt lat="52.6815093" lon="27.7020707">
        <ele>179</ele>
        <time>2024-08-17T12:27:01Z</time>
        <hdop>3</hdop>
      </trkpt>
      <trkpt lat="52.6815275" lon="27.7020478">
        <ele>177</ele>
        <time>2024-08-17T12:27:12Z</time>
        <hdop>2.5</hdop>
      </trkpt>
      <trkpt lat="52.6815274" lon="27.7020063">
        <ele>179</ele>
        <time>2024-08-17T12:27:23Z</time>
        <hdop>2</hdop>
        <extensions>
          <speed>1.61</speed>
        </extensions>
      </trkpt>
      <trkpt lat="52.6813709" lon="27.7016613">
        <ele>186</ele>
        <time>2024-08-17T12:27:33Z</time>
        <hdop>2.5</hdop>
        <extensions>
          <speed>2.52</speed>
        </extensions>
      </trkpt>
      <trkpt lat="52.6813082" lon="27.7011449">
        <ele>197</ele>
        <time>2024-08-17T12:27:44Z</time>
        <hdop>3</hdop>
        <extensions>
          <speed>2.06</speed>
        </extensions>
      </trkpt>
      <trkpt lat="52.6812578" lon="27.7007044">
        <ele>199</ele>
        <time>2024-08-17T12:27:55Z</time>
        <hdop>3</hdop>
        <extensions>
          <speed>1.26</speed>
        </extensions>
      </trkpt>
      <trkpt lat="52.6811671" lon="27.7002711">
        <ele>209</ele>
        <time>2024-08-17T12:28:06Z</time>
        <hdop>3</hdop>
        <extensions>
          <speed>2.35</speed>
        </extensions>
      </trkpt>
      <trkpt lat="52.6810488" lon="27.6995631">
        <ele>203</ele>
        <time>2024-08-17T12:28:16Z</time>
        <hdop>3</hdop>
        <extensions>
          <speed>2.52</speed>
        </extensions>
      </trkpt>
      <trkpt lat="52.6809556" lon="27.6989786">
        <ele>195</ele>
        <time>2024-08-17T12:28:26Z</time>
        <hdop>2.5</hdop>
        <extensions>
          <speed>3.33</speed>
        </extensions>
      </trkpt>
      <trkpt lat="52.6809054" lon="27.698271">
        <ele>187</ele>
        <time>2024-08-17T12:28:37Z</time>
        <hdop>2.5</hdop>
        <extensions>
          <speed>3.9</speed>
        </extensions>
      </trkpt>
      <trkpt lat="52.6807633" lon="27.6978402">
        <ele>189</ele>
        <time>2024-08-17T12:28:48Z</time>
        <hdop>2.5</hdop>
        <extensions>
          <speed>1.61</speed>
        </extensions>
      </trkpt>
      <trkpt lat="52.6806648" lon="27.6974394">
        <ele>200</ele>
        <time>2024-08-17T12:28:58Z</time>
        <hdop>2.5</hdop>
        <extensions>
          <speed>2.33</speed>
        </extensions>
      </trkpt>
      <trkpt lat="52.6804613" lon="27.6967731">
        <ele>202</ele>
        <time>2024-08-17T12:29:08Z</time>
        <hdop>3</hdop>
        <extensions>
          <speed>3.96</speed>
        </extensions>
      </trkpt>
      <trkpt lat="52.6804042" lon="27.6961109">
        <ele>196</ele>
        <time>2024-08-17T12:29:19Z</time>
        <hdop>3</hdop>
        <extensions>
          <speed>0.53</speed>
        </extensions>
      </trkpt>
      <trkpt lat="52.6804398" lon="27.6959539">
        <ele>193</ele>
        <time>2024-08-17T12:29:29Z</time>
        <hdop>3.5</hdop>
        <extensions>
          <speed>0.93</speed>
        </extensions>
      </trkpt>
      <trkpt lat="52.6804351" lon="27.6957683">
        <ele>194</ele>
        <time>2024-08-17T12:29:40Z</time>
        <hdop>3</hdop>
        <extensions>
          <speed>0.81</speed>
        </extensions>
      </trkpt>
      <trkpt lat="52.6804394" lon="27.6955062">
        <ele>191</ele>
        <time>2024-08-17T12:29:51Z</time>
        <hdop>2.5</hdop>
      </trkpt>
      <trkpt lat="52.6805587" lon="27.6950416">
        <ele>194</ele>
        <time>2024-08-17T12:30:01Z</time>
        <hdop>3</hdop>
        <extensions>
          <speed>2.76</speed>
        </extensions>
      </trkpt>
      <trkpt lat="52.6807259" lon="27.6945137">
        <ele>193</ele>
        <time>2024-08-17T12:30:12Z</time>
        <hdop>3.5</hdop>
        <extensions>
          <speed>1</speed>
        </extensions>
      </trkpt>
      <trkpt lat="52.6807724" lon="27.6940972">
        <ele>197</ele>
        <time>2024-08-17T12:30:22Z</time>
        <hdop>4</hdop>
        <extensions>
          <speed>3.8</speed>
        </extensions>
      </trkpt>
      <trkpt lat="52.6807861" lon="27.6933752">
        <ele>197</ele>
        <time>2024-08-17T12:30:32Z</time>
        <hdop>3</hdop>
        <extensions>
          <speed>3.42</speed>
        </extensions>
      </trkpt>
      <trkpt lat="52.6809501" lon="27.6925517">
        <ele>193</ele>
        <time>2024-08-17T12:30:43Z</time>
        <hdop>3</hdop>
        <extensions>
          <speed>3.37</speed>
        </extensions>
      </trkpt>
      <trkpt lat="52.6809816" lon="27.6919165">
        <ele>193</ele>
        <time>2024-08-17T12:30:54Z</time>
        <hdop>3</hdop>
        <extensions>
          <speed>2.11</speed>
        </extensions>
      </trkpt>
      <trkpt lat="52.6809929" lon="27.6914353">
        <ele>196</ele>
        <time>2024-08-17T12:31:04Z</time>
        <hdop>3</hdop>
        <extensions>
          <speed>1.73</speed>
        </extensions>
      </trkpt>
      <trkpt lat="52.6809881" lon="27.6910628">
        <ele>196</ele>
        <time>2024-08-17T12:31:14Z</time>
        <hdop>3</hdop>
        <extensions>
          <speed>2.43</speed>
        </extensions>
      </trkpt>
      <trkpt lat="52.6808565" lon="27.6904382">
        <ele>199</ele>
        <time>2024-08-17T12:31:25Z</time>
        <hdop>3</hdop>
        <extensions>
          <speed>1</speed>
        </extensions>
      </trkpt>
      <trkpt lat="52.6807576" lon="27.689859">
        <ele>194</ele>
        <time>2024-08-17T12:31:35Z</time>
        <hdop>3</hdop>
        <extensions>
          <speed>2.78</speed>
        </extensions>
      </trkpt>
      <trkpt lat="52.6806329" lon="27.6894184">
        <ele>194</ele>
        <time>2024-08-17T12:31:45Z</time>
        <hdop>3</hdop>
        <extensions>
          <speed>1.88</speed>
        </extensions>
      </trkpt>
      <trkpt lat="52.6804106" lon="27.6889082">
        <ele>198</ele>
        <time>2024-08-17T12:31:56Z</time>
        <hdop>3</hdop>
        <extensions>
          <speed>3.47</speed>
        </extensions>
      </trkpt>
      <trkpt lat="52.680216" lon="27.6883353">
        <ele>199</ele>
        <time>2024-08-17T12:32:07Z</time>
        <hdop>2.5</hdop>
        <extensions>
          <speed>3.02</speed>
        </extensions>
      </trkpt>
      <trkpt lat="52.680042" lon="27.6877833">
        <ele>199</ele>
        <time>2024-08-17T12:32:18Z</time>
        <hdop>2.5</hdop>
        <extensions>
          <speed>2.54</speed>
        </extensions>
      </trkpt>
      <trkpt lat="52.6799316" lon="27.6872929">
        <ele>199</ele>
        <time>2024-08-17T12:32:28Z</time>
        <hdop>3</hdop>
        <extensions>
          <speed>1.43</speed>
        </extensions>
      </trkpt>
      <trkpt lat="52.679927" lon="27.6867641">
        <ele>198</ele>
        <time>2024-08-17T12:32:39Z</time>
        <hdop>3</hdop>
        <extensions>
          <speed>1.97</speed>
        </extensions>
      </trkpt>
      <trkpt lat="52.6798808" lon="27.6862015">
        <ele>199</ele>
        <time>2024-08-17T12:32:49Z</time>
        <hdop>2.5</hdop>
        <extensions>
          <speed>2.26</speed>
        </extensions>
      </trkpt>
      <trkpt lat="52.6798995" lon="27.6855513">
        <ele>204</ele>
        <time>2024-08-17T12:33:00Z</time>
        <hdop>2.5</hdop>
        <extensions>
          <speed>1.56</speed>
        </extensions>
      </trkpt>
      <trkpt lat="52.6798153" lon="27.6850093">
        <ele>205</ele>
        <time>2024-08-17T12:33:10Z</time>
        <hdop>2.5</hdop>
        <extensions>
          <speed>1.57</speed>
        </extensions>
      </trkpt>
      <trkpt lat="52.6798039" lon="27.6842495">
        <ele>194</ele>
        <time>2024-08-17T12:33:20Z</time>
        <hdop>2</hdop>
        <extensions>
          <speed>4.2</speed>
        </extensions>
      </trkpt>
      <trkpt lat="52.6797172" lon="27.6836437">
        <ele>191</ele>
        <time>2024-08-17T12:33:31Z</time>
        <hdop>2.5</hdop>
        <extensions>
          <speed>1.4</speed>
        </extensions>
      </trkpt>
      <trkpt lat="52.6797429" lon="27.6830844">
        <ele>197</ele>
        <time>2024-08-17T12:33:41Z</time>
        <hdop>3</hdop>
        <extensions>
          <speed>3.2</speed>
        </extensions>
      </trkpt>
      <trkpt lat="52.6798103" lon="27.6825007">
        <ele>194</ele>
        <time>2024-08-17T12:33:53Z</time>
        <hdop>2.5</hdop>
        <extensions>
          <speed>1.75</speed>
        </extensions>
      </trkpt>
      <trkpt lat="52.6797677" lon="27.6819856">
        <ele>201</ele>
        <time>2024-08-17T12:34:03Z</time>
        <hdop>3</hdop>
        <extensions>
          <speed>1.76</speed>
        </extensions>
      </trkpt>
      <trkpt lat="52.6797879" lon="27.6814307">
        <ele>198</ele>
        <time>2024-08-17T12:34:13Z</time>
        <hdop>2.5</hdop>
        <extensions>
          <speed>2.66</speed>
        </extensions>
      </trkpt>
      <trkpt lat="52.6798989" lon="27.6808014">
        <ele>197</ele>
        <time>2024-08-17T12:34:24Z</time>
        <hdop>3</hdop>
        <extensions>
          <speed>2.49</speed>
        </extensions>
      </trkpt>
      <trkpt lat="52.6799852" lon="27.6799711">
        <ele>194</ele>
        <time>2024-08-17T12:34:34Z</time>
        <hdop>2</hdop>
        <extensions>
          <speed>4.26</speed>
        </extensions>
      </trkpt>
      <trkpt lat="52.6800568" lon="27.6792993">
        <ele>198</ele>
        <time>2024-08-17T12:34:45Z</time>
        <hdop>2.5</hdop>
        <extensions>
          <speed>3.33</speed>
        </extensions>
      </trkpt>
      <trkpt lat="52.6802843" lon="27.678709">
        <ele>199</ele>
        <time>2024-08-17T12:34:55Z</time>
        <hdop>3</hdop>
        <extensions>
          <speed>3.3</speed>
        </extensions>
      </trkpt>
      <trkpt lat="52.6805912" lon="27.6781117">
        <ele>199</ele>
        <time>2024-08-17T12:35:06Z</time>
        <hdop>3</hdop>
        <extensions>
          <speed>2.91</speed>
        </extensions>
      </trkpt>
      <trkpt lat="52.6808998" lon="27.6777058">
        <ele>200</ele>
        <time>2024-08-17T12:35:16Z</time>
        <hdop>3</hdop>
        <extensions>
          <speed>2.67</speed>
        </extensions>
      </trkpt>
      <trkpt lat="52.6812717" lon="27.6773464">
        <ele>196</ele>
        <time>2024-08-17T12:35:27Z</time>
        <hdop>3.5</hdop>
        <extensions>
          <speed>2.05</speed>
        </extensions>
      </trkpt>
      <trkpt lat="52.6816083" lon="27.6769455">
        <ele>195</ele>
        <time>2024-08-17T12:35:38Z</time>
        <hdop>3.5</hdop>
        <extensions>
          <speed>2.28</speed>
        </extensions>
      </trkpt>
      <trkpt lat="52.6818282" lon="27.6765683">
        <ele>195</ele>
        <time>2024-08-17T12:35:48Z</time>
        <hdop>3</hdop>
        <extensions>
          <speed>2.74</speed>
        </extensions>
      </trkpt>
      <trkpt lat="52.681824" lon="27.6760584">
        <ele>197</ele>
        <time>2024-08-17T12:35:59Z</time>
        <hdop>3</hdop>
        <extensions>
          <speed>1.99</speed>
        </extensions>
      </trkpt>
      <trkpt lat="52.6817012" lon="27.6756005">
        <ele>197</ele>
        <time>2024-08-17T12:36:09Z</time>
        <hdop>3</hdop>
        <extensions>
          <speed>2.38</speed>
        </extensions>
      </trkpt>
      <trkpt lat="52.6815758" lon="27.6749646">
        <ele>203</ele>
        <time>2024-08-17T12:36:20Z</time>
        <hdop>3.5</hdop>
        <extensions>
          <speed>1.7</speed>
        </extensions>
      </trkpt>
      <trkpt lat="52.6815649" lon="27.6742977">
        <ele>207</ele>
        <time>2024-08-17T12:36:30Z</time>
        <hdop>3.5</hdop>
        <extensions>
          <speed>1.45</speed>
        </extensions>
      </trkpt>
      <trkpt lat="52.681544" lon="27.6735961">
        <ele>210</ele>
        <time>2024-08-17T12:36:40Z</time>
        <hdop>3.5</hdop>
        <extensions>
          <speed>2.14</speed>
        </extensions>
      </trkpt>
      <trkpt lat="52.6816498" lon="27.6728313">
        <ele>210</ele>
        <time>2024-08-17T12:36:51Z</time>
        <hdop>3.5</hdop>
        <extensions>
          <speed>2.16</speed>
        </extensions>
      </trkpt>
      <trkpt lat="52.6816766" lon="27.6723037">
        <ele>206</ele>
        <time>2024-08-17T12:37:02Z</time>
        <hdop>3</hdop>
        <extensions>
          <speed>1.9</speed>
        </extensions>
      </trkpt>
      <trkpt lat="52.6815751" lon="27.6717488">
        <ele>203</ele>
        <time>2024-08-17T12:37:12Z</time>
        <hdop>3.5</hdop>
        <extensions>
          <speed>3.17</speed>
        </extensions>
      </trkpt>
      <trkpt lat="52.6815843" lon="27.6709352">
        <ele>200</ele>
        <time>2024-08-17T12:37:23Z</time>
        <hdop>3.5</hdop>
        <extensions>
          <speed>2.65</speed>
        </extensions>
      </trkpt>
      <trkpt lat="52.6817898" lon="27.6702021">
        <ele>194</ele>
        <time>2024-08-17T12:37:34Z</time>
        <hdop>3.5</hdop>
        <extensions>
          <speed>3.79</speed>
        </extensions>
      </trkpt>
      <trkpt lat="52.6819249" lon="27.6695085">
        <ele>191</ele>
        <time>2024-08-17T12:37:44Z</time>
        <hdop>3</hdop>
        <extensions>
          <speed>3.05</speed>
        </extensions>
      </trkpt>
      <trkpt lat="52.6819259" lon="27.669092">
        <ele>186</ele>
        <time>2024-08-17T12:37:55Z</time>
        <hdop>2</hdop>
        <extensions>
          <speed>2.64</speed>
        </extensions>
      </trkpt>
      <trkpt lat="52.6816704" lon="27.6690064">
        <ele>178</ele>
        <time>2024-08-17T12:38:05Z</time>
        <hdop>1.5</hdop>
        <extensions>
          <speed>3.92</speed>
        </extensions>
      </trkpt>
      <trkpt lat="52.6813326" lon="27.6690401">
        <ele>180</ele>
        <time>2024-08-17T12:38:16Z</time>
        <hdop>2</hdop>
        <extensions>
          <speed>3.74</speed>
        </extensions>
      </trkpt>
      <trkpt lat="52.6810164" lon="27.668982">
        <ele>182</ele>
        <time>2024-08-17T12:38:26Z</time>
        <hdop>2.5</hdop>
        <extensions>
          <speed>3.2</speed>
        </extensions>
      </trkpt>
      <trkpt lat="52.6806955" lon="27.6688999">
        <ele>185</ele>
        <time>2024-08-17T12:38:36Z</time>
        <hdop>3</hdop>
        <extensions>
          <speed>2.37</speed>
        </extensions>
      </trkpt>
      <trkpt lat="52.6803854" lon="27.6688101">
        <ele>193</ele>
        <time>2024-08-17T12:38:46Z</time>
        <hdop>2.5</hdop>
        <extensions>
          <speed>2.23</speed>
        </extensions>
      </trkpt>
      <trkpt lat="52.6800304" lon="27.6687189">
        <ele>195</ele>
        <time>2024-08-17T12:38:57Z</time>
        <hdop>3</hdop>
        <extensions>
          <speed>2.31</speed>
        </extensions>
      </trkpt>
      <trkpt lat="52.6796727" lon="27.668655">
        <ele>199</ele>
        <time>2024-08-17T12:39:08Z</time>
        <hdop>2.5</hdop>
        <extensions>
          <speed>2.67</speed>
        </extensions>
      </trkpt>
      <trkpt lat="52.6792955" lon="27.6685403">
        <ele>204</ele>
        <time>2024-08-17T12:39:19Z</time>
        <hdop>3</hdop>
        <extensions>
          <speed>2.21</speed>
        </extensions>
      </trkpt>
      <trkpt lat="52.6788722" lon="27.6684502">
        <ele>210</ele>
        <time>2024-08-17T12:39:29Z</time>
        <hdop>2.5</hdop>
        <extensions>
          <speed>3.52</speed>
        </extensions>
      </trkpt>
      <trkpt lat="52.678376" lon="27.66829">
        <ele>203</ele>
        <time>2024-08-17T12:39:40Z</time>
        <hdop>2</hdop>
        <extensions>
          <speed>3.74</speed>
        </extensions>
      </trkpt>
      <trkpt lat="52.6779712" lon="27.6680232">
        <ele>190</ele>
        <time>2024-08-17T12:39:50Z</time>
        <hdop>1.5</hdop>
        <extensions>
          <speed>4.71</speed>
        </extensions>
      </trkpt>
      <trkpt lat="52.6776349" lon="27.6678492">
        <ele>184</ele>
        <time>2024-08-17T12:40:00Z</time>
        <hdop>2</hdop>
        <extensions>
          <speed>4</speed>
        </extensions>
      </trkpt>
      <trkpt lat="52.6772291" lon="27.6675673">
        <ele>173</ele>
        <time>2024-08-17T12:40:10Z</time>
        <hdop>1</hdop>
        <extensions>
          <speed>4.84</speed>
        </extensions>
      </trkpt>
      <trkpt lat="52.6770839" lon="27.6672226">
        <ele>170</ele>
        <time>2024-08-17T12:40:20Z</time>
        <hdop>1.5</hdop>
        <extensions>
          <speed>2.6</speed>
        </extensions>
      </trkpt>
      <trkpt lat="52.6773184" lon="27.6668893">
        <ele>169</ele>
        <time>2024-08-17T12:40:31Z</time>
        <hdop>1.5</hdop>
        <extensions>
          <speed>3.73</speed>
        </extensions>
      </trkpt>
      <trkpt lat="52.6775771" lon="27.6665962">
        <ele>168</ele>
        <time>2024-08-17T12:40:42Z</time>
        <hdop>1.5</hdop>
        <extensions>
          <speed>2.85</speed>
        </extensions>
      </trkpt>
      <trkpt lat="52.6778422" lon="27.6662908">
        <ele>167</ele>
        <time>2024-08-17T12:40:52Z</time>
        <hdop>2</hdop>
        <extensions>
          <speed>3.74</speed>
        </extensions>
      </trkpt>
      <trkpt lat="52.6781615" lon="27.6659214">
        <ele>167</ele>
        <time>2024-08-17T12:41:03Z</time>
        <hdop>1.5</hdop>
        <extensions>
          <speed>3.9</speed>
        </extensions>
      </trkpt>
      <trkpt lat="52.6784835" lon="27.6655541">
        <ele>169</ele>
        <time>2024-08-17T12:41:14Z</time>
        <hdop>1.5</hdop>
        <extensions>
          <speed>3.72</speed>
        </extensions>
      </trkpt>
      <trkpt lat="52.67879" lon="27.6652129">
        <ele>168</ele>
        <time>2024-08-17T12:41:25Z</time>
        <hdop>2</hdop>
        <extensions>
          <speed>3.67</speed>
        </extensions>
      </trkpt>
      <trkpt lat="52.6790623" lon="27.6649171">
        <ele>167</ele>
        <time>2024-08-17T12:41:35Z</time>
        <hdop>2</hdop>
        <extensions>
          <speed>3.11</speed>
        </extensions>
      </trkpt>
      <trkpt lat="52.6790752" lon="27.6649352">
        <ele>167</ele>
        <time>2024-08-17T12:41:45Z</time>
        <hdop>2</hdop>
      </trkpt>
      <trkpt lat="52.6790752" lon="27.6649352">
        <ele>167</ele>
        <time>2024-08-17T12:41:56Z</time>
        <hdop>2</hdop>
      </trkpt>
      <trkpt lat="52.6790752" lon="27.6649352">
        <ele>167</ele>
        <time>2024-08-17T12:42:07Z</time>
        <hdop>2</hdop>
      </trkpt>
      <trkpt lat="52.6790752" lon="27.6649352">
        <ele>167</ele>
        <time>2024-08-17T12:42:17Z</time>
        <hdop>3</hdop>
      </trkpt>
      <trkpt lat="52.6790752" lon="27.6649352">
        <ele>167</ele>
        <time>2024-08-17T12:42:28Z</time>
        <hdop>2.5</hdop>
      </trkpt>
      <trkpt lat="52.6790752" lon="27.6649352">
        <ele>167</ele>
        <time>2024-08-17T12:42:38Z</time>
        <hdop>2.5</hdop>
      </trkpt>
      <trkpt lat="52.6790758" lon="27.6649252">
        <ele>167</ele>
        <time>2024-08-17T12:42:49Z</time>
        <hdop>2</hdop>
        <extensions>
          <speed>0.9</speed>
        </extensions>
      </trkpt>
      <trkpt lat="52.6793339" lon="27.6645953">
        <ele>168</ele>
        <time>2024-08-17T12:42:59Z</time>
        <hdop>1.5</hdop>
        <extensions>
          <speed>4.73</speed>
        </extensions>
      </trkpt>
      <trkpt lat="52.6797117" lon="27.6641267">
        <ele>168</ele>
        <time>2024-08-17T12:43:10Z</time>
        <hdop>1.5</hdop>
        <extensions>
          <speed>4.61</speed>
        </extensions>
      </trkpt>
      <trkpt lat="52.6801106" lon="27.6636675">
        <ele>167</ele>
        <time>2024-08-17T12:43:21Z</time>
        <hdop>1</hdop>
        <extensions>
          <speed>4.56</speed>
        </extensions>
      </trkpt>
      <trkpt lat="52.6804523" lon="27.6632543">
        <ele>168</ele>
        <time>2024-08-17T12:43:31Z</time>
        <hdop>1</hdop>
        <extensions>
          <speed>4.76</speed>
        </extensions>
      </trkpt>
      <trkpt lat="52.6808051" lon="27.6628502">
        <ele>168</ele>
        <time>2024-08-17T12:43:41Z</time>
        <hdop>1</hdop>
        <extensions>
          <speed>4.66</speed>
        </extensions>
      </trkpt>
      <trkpt lat="52.6811945" lon="27.6624169">
        <ele>167</ele>
        <time>2024-08-17T12:43:52Z</time>
        <hdop>1</hdop>
        <extensions>
          <speed>4.08</speed>
        </extensions>
      </trkpt>
      <trkpt lat="52.6815267" lon="27.6620262">
        <ele>168</ele>
        <time>2024-08-17T12:44:02Z</time>
        <hdop>1.5</hdop>
        <extensions>
          <speed>4.49</speed>
        </extensions>
      </trkpt>
      <trkpt lat="52.6818463" lon="27.6616216">
        <ele>167</ele>
        <time>2024-08-17T12:44:12Z</time>
        <hdop>1.5</hdop>
        <extensions>
          <speed>4.57</speed>
        </extensions>
      </trkpt>
      <trkpt lat="52.6821833" lon="27.6612254">
        <ele>168</ele>
        <time>2024-08-17T12:44:22Z</time>
        <hdop>1.5</hdop>
        <extensions>
          <speed>4.72</speed>
        </extensions>
      </trkpt>
      <trkpt lat="52.6825161" lon="27.6608459">
        <ele>167</ele>
        <time>2024-08-17T12:44:32Z</time>
        <hdop>1</hdop>
        <extensions>
          <speed>4.73</speed>
        </extensions>
      </trkpt>
      <trkpt lat="52.6829039" lon="27.6603902">
        <ele>167</ele>
        <time>2024-08-17T12:44:43Z</time>
        <hdop>1</hdop>
        <extensions>
          <speed>5.04</speed>
        </extensions>
      </trkpt>
      <trkpt lat="52.6832513" lon="27.6599794">
        <ele>167</ele>
        <time>2024-08-17T12:44:53Z</time>
        <hdop>1</hdop>
        <extensions>
          <speed>4.7</speed>
        </extensions>
      </trkpt>
      <trkpt lat="52.6835951" lon="27.6595704">
        <ele>168</ele>
        <time>2024-08-17T12:45:04Z</time>
        <hdop>1.5</hdop>
        <extensions>
          <speed>4.59</speed>
        </extensions>
      </trkpt>
      <trkpt lat="52.6839678" lon="27.6591456">
        <ele>167</ele>
        <time>2024-08-17T12:45:15Z</time>
        <hdop>1.5</hdop>
        <extensions>
          <speed>4.65</speed>
        </extensions>
      </trkpt>
      <trkpt lat="52.684284" lon="27.6587768">
        <ele>165</ele>
        <time>2024-08-17T12:45:25Z</time>
        <hdop>1.5</hdop>
        <extensions>
          <speed>4.28</speed>
        </extensions>
      </trkpt>
      <trkpt lat="52.6846044" lon="27.6584186">
        <ele>167</ele>
        <time>2024-08-17T12:45:36Z</time>
        <hdop>1</hdop>
        <extensions>
          <speed>4.38</speed>
        </extensions>
      </trkpt>
      <trkpt lat="52.6849301" lon="27.6580194">
        <ele>167</ele>
        <time>2024-08-17T12:45:46Z</time>
        <hdop>1.5</hdop>
        <extensions>
          <speed>4.33</speed>
        </extensions>
      </trkpt>
      <trkpt lat="52.6852477" lon="27.6576336">
        <ele>167</ele>
        <time>2024-08-17T12:45:56Z</time>
        <hdop>1.5</hdop>
        <extensions>
          <speed>4.5</speed>
        </extensions>
      </trkpt>
      <trkpt lat="52.6855768" lon="27.6572415">
        <ele>167</ele>
        <time>2024-08-17T12:46:06Z</time>
        <hdop>1.5</hdop>
        <extensions>
          <speed>4.58</speed>
        </extensions>
      </trkpt>
      <trkpt lat="52.6859548" lon="27.6568108">
        <ele>167</ele>
        <time>2024-08-17T12:46:17Z</time>
        <hdop>1</hdop>
        <extensions>
          <speed>4.72</speed>
        </extensions>
      </trkpt>
      <trkpt lat="52.6863001" lon="27.6564204">
        <ele>166</ele>
        <time>2024-08-17T12:46:27Z</time>
        <hdop>1.5</hdop>
        <extensions>
          <speed>4.3</speed>
        </extensions>
      </trkpt>
      <trkpt lat="52.6866224" lon="27.6560213">
        <ele>166</ele>
        <time>2024-08-17T12:46:38Z</time>
        <hdop>1.5</hdop>
        <extensions>
          <speed>3.88</speed>
        </extensions>
      </trkpt>
      <trkpt lat="52.6868527" lon="27.6557756">
        <ele>166</ele>
        <time>2024-08-17T12:46:49Z</time>
        <hdop>2</hdop>
        <extensions>
          <speed>2.88</speed>
        </extensions>
      </trkpt>
      <trkpt lat="52.6871502" lon="27.6554102">
        <ele>165</ele>
        <time>2024-08-17T12:46:59Z</time>
        <hdop>1.5</hdop>
        <extensions>
          <speed>3.7</speed>
        </extensions>
      </trkpt>
      <trkpt lat="52.6874779" lon="27.6550373">
        <ele>166</ele>
        <time>2024-08-17T12:47:10Z</time>
        <hdop>1.5</hdop>
        <extensions>
          <speed>3.96</speed>
        </extensions>
      </trkpt>
      <trkpt lat="52.6878002" lon="27.6546624">
        <ele>166</ele>
        <time>2024-08-17T12:47:21Z</time>
        <hdop>1.5</hdop>
        <extensions>
          <speed>4.21</speed>
        </extensions>
      </trkpt>
      <trkpt lat="52.6881078" lon="27.6543098">
        <ele>167</ele>
        <time>2024-08-17T12:47:32Z</time>
        <hdop>1</hdop>
        <extensions>
          <speed>4.08</speed>
        </extensions>
      </trkpt>
      <trkpt lat="52.688451" lon="27.6539084">
        <ele>166</ele>
        <time>2024-08-17T12:47:42Z</time>
        <hdop>1</hdop>
        <extensions>
          <speed>4.36</speed>
        </extensions>
      </trkpt>
      <trkpt lat="52.6887627" lon="27.6535388">
        <ele>167</ele>
        <time>2024-08-17T12:47:52Z</time>
        <hdop>1</hdop>
        <extensions>
          <speed>4.31</speed>
        </extensions>
      </trkpt>
      <trkpt lat="52.6891086" lon="27.6531224">
        <ele>166</ele>
        <time>2024-08-17T12:48:03Z</time>
        <hdop>1</hdop>
        <extensions>
          <speed>4.41</speed>
        </extensions>
      </trkpt>
      <trkpt lat="52.6894346" lon="27.6527549">
        <ele>167</ele>
        <time>2024-08-17T12:48:13Z</time>
        <hdop>1.5</hdop>
        <extensions>
          <speed>4.73</speed>
        </extensions>
      </trkpt>
      <trkpt lat="52.6897054" lon="27.6524391">
        <ele>167</ele>
        <time>2024-08-17T12:48:23Z</time>
        <hdop>1.5</hdop>
        <extensions>
          <speed>4</speed>
        </extensions>
      </trkpt>
      <trkpt lat="52.6900022" lon="27.6520775">
        <ele>168</ele>
        <time>2024-08-17T12:48:34Z</time>
        <hdop>1</hdop>
        <extensions>
          <speed>4.45</speed>
        </extensions>
      </trkpt>
      <trkpt lat="52.690361" lon="27.6516537">
        <ele>168</ele>
        <time>2024-08-17T12:48:44Z</time>
        <hdop>1</hdop>
        <extensions>
          <speed>3.99</speed>
        </extensions>
      </trkpt>
      <trkpt lat="52.6906605" lon="27.6513064">
        <ele>166</ele>
        <time>2024-08-17T12:48:54Z</time>
        <hdop>2</hdop>
        <extensions>
          <speed>3.98</speed>
        </extensions>
      </trkpt>
      <trkpt lat="52.6909734" lon="27.650943">
        <ele>166</ele>
        <time>2024-08-17T12:49:04Z</time>
        <hdop>1</hdop>
        <extensions>
          <speed>4.41</speed>
        </extensions>
      </trkpt>
      <trkpt lat="52.6912641" lon="27.650595">
        <ele>167</ele>
        <time>2024-08-17T12:49:14Z</time>
        <hdop>1.5</hdop>
        <extensions>
          <speed>3.9</speed>
        </extensions>
      </trkpt>
      <trkpt lat="52.691593" lon="27.6502404">
        <ele>166</ele>
        <time>2024-08-17T12:49:25Z</time>
        <hdop>1.5</hdop>
        <extensions>
          <speed>3.71</speed>
        </extensions>
      </trkpt>
      <trkpt lat="52.6918757" lon="27.649919">
        <ele>166</ele>
        <time>2024-08-17T12:49:35Z</time>
        <hdop>1.5</hdop>
        <extensions>
          <speed>3.7</speed>
        </extensions>
      </trkpt>
      <trkpt lat="52.6921401" lon="27.6495981">
        <ele>166</ele>
        <time>2024-08-17T12:49:45Z</time>
        <hdop>1.5</hdop>
        <extensions>
          <speed>3.82</speed>
        </extensions>
      </trkpt>
      <trkpt lat="52.6924359" lon="27.6492504">
        <ele>167</ele>
        <time>2024-08-17T12:49:56Z</time>
        <hdop>2</hdop>
        <extensions>
          <speed>3.71</speed>
        </extensions>
      </trkpt>
      <trkpt lat="52.692721" lon="27.6489045">
        <ele>167</ele>
        <time>2024-08-17T12:50:07Z</time>
        <hdop>1.5</hdop>
        <extensions>
          <speed>3.67</speed>
        </extensions>
      </trkpt>
      <trkpt lat="52.6929808" lon="27.6485896">
        <ele>166</ele>
        <time>2024-08-17T12:50:18Z</time>
        <hdop>2</hdop>
        <extensions>
          <speed>3.38</speed>
        </extensions>
      </trkpt>
      <trkpt lat="52.6932679" lon="27.648257">
        <ele>166</ele>
        <time>2024-08-17T12:50:28Z</time>
        <hdop>2</hdop>
        <extensions>
          <speed>3.62</speed>
        </extensions>
      </trkpt>
      <trkpt lat="52.6935628" lon="27.6479003">
        <ele>167</ele>
        <time>2024-08-17T12:50:39Z</time>
        <hdop>1.5</hdop>
        <extensions>
          <speed>4.02</speed>
        </extensions>
      </trkpt>
      <trkpt lat="52.6938392" lon="27.6475821">
        <ele>166</ele>
        <time>2024-08-17T12:50:49Z</time>
        <hdop>1.5</hdop>
        <extensions>
          <speed>4.17</speed>
        </extensions>
      </trkpt>
      <trkpt lat="52.6941462" lon="27.6472356">
        <ele>166</ele>
        <time>2024-08-17T12:50:59Z</time>
        <hdop>1.5</hdop>
        <extensions>
          <speed>3.92</speed>
        </extensions>
      </trkpt>
      <trkpt lat="52.6944634" lon="27.6468725">
        <ele>166</ele>
        <time>2024-08-17T12:51:11Z</time>
        <hdop>1.5</hdop>
        <extensions>
          <speed>3.92</speed>
        </extensions>
      </trkpt>
      <trkpt lat="52.6947964" lon="27.646503">
        <ele>167</ele>
        <time>2024-08-17T12:51:21Z</time>
        <hdop>1.5</hdop>
        <extensions>
          <speed>3.63</speed>
        </extensions>
      </trkpt>
      <trkpt lat="52.6950916" lon="27.6461426">
        <ele>168</ele>
        <time>2024-08-17T12:51:31Z</time>
        <hdop>1.5</hdop>
        <extensions>
          <speed>4.02</speed>
        </extensions>
      </trkpt>
      <trkpt lat="52.6954041" lon="27.645768">
        <ele>168</ele>
        <time>2024-08-17T12:51:42Z</time>
        <hdop>1</hdop>
        <extensions>
          <speed>4.2</speed>
        </extensions>
      </trkpt>
      <trkpt lat="52.6957263" lon="27.6453898">
        <ele>169</ele>
        <time>2024-08-17T12:51:53Z</time>
        <hdop>1.5</hdop>
        <extensions>
          <speed>4.1</speed>
        </extensions>
      </trkpt>
      <trkpt lat="52.69604" lon="27.6450536">
        <ele>169</ele>
        <time>2024-08-17T12:52:04Z</time>
        <hdop>1.5</hdop>
        <extensions>
          <speed>3.59</speed>
        </extensions>
      </trkpt>
      <trkpt lat="52.6963971" lon="27.644879">
        <ele>168</ele>
        <time>2024-08-17T12:52:15Z</time>
        <hdop>2</hdop>
        <extensions>
          <speed>3.91</speed>
        </extensions>
      </trkpt>
      <trkpt lat="52.6965944" lon="27.6446509">
        <ele>168</ele>
        <time>2024-08-17T12:52:26Z</time>
        <hdop>2</hdop>
        <extensions>
          <speed>2.69</speed>
        </extensions>
      </trkpt>
      <trkpt lat="52.6965305" lon="27.6444794">
        <ele>168</ele>
        <time>2024-08-17T12:52:36Z</time>
        <hdop>1.5</hdop>
        <extensions>
          <speed>0.18</speed>
        </extensions>
      </trkpt>
      <trkpt lat="52.6965312" lon="27.6444817">
        <ele>168</ele>
        <time>2024-08-17T12:52:46Z</time>
        <hdop>1.5</hdop>
      </trkpt>
      <trkpt lat="52.6965312" lon="27.6444817">
        <ele>168</ele>
        <time>2024-08-17T12:52:57Z</time>
        <hdop>2</hdop>
      </trkpt>
      <trkpt lat="52.6965312" lon="27.6444817">
        <ele>168</ele>
        <time>2024-08-17T12:53:07Z</time>
        <hdop>4.5</hdop>
      </trkpt>
      <trkpt lat="52.6965312" lon="27.6444817">
        <ele>168</ele>
        <time>2024-08-17T12:53:17Z</time>
        <hdop>4</hdop>
      </trkpt>
      <trkpt lat="52.6965204" lon="27.6444937">
        <ele>168</ele>
        <time>2024-08-17T12:53:28Z</time>
        <hdop>2.5</hdop>
      </trkpt>
      <trkpt lat="52.6965204" lon="27.6444937">
        <ele>168</ele>
        <time>2024-08-17T12:53:39Z</time>
        <hdop>4.5</hdop>
      </trkpt>
      <trkpt lat="52.6965221" lon="27.6444907">
        <ele>167</ele>
        <time>2024-08-17T12:53:49Z</time>
        <hdop>2.5</hdop>
      </trkpt>
      <trkpt lat="52.6965221" lon="27.6444907">
        <ele>167</ele>
        <time>2024-08-17T12:53:59Z</time>
        <hdop>4</hdop>
      </trkpt>
      <trkpt lat="52.6965221" lon="27.6444907">
        <ele>167</ele>
        <time>2024-08-17T12:54:09Z</time>
        <hdop>4</hdop>
      </trkpt>
      <trkpt lat="52.6965221" lon="27.6444907">
        <ele>167</ele>
        <time>2024-08-17T12:54:20Z</time>
        <hdop>3</hdop>
      </trkpt>
      <trkpt lat="52.6965221" lon="27.6444907">
        <ele>167</ele>
        <time>2024-08-17T12:54:30Z</time>
        <hdop>2.5</hdop>
      </trkpt>
      <trkpt lat="52.6965221" lon="27.6444907">
        <ele>167</ele>
        <time>2024-08-17T12:54:41Z</time>
        <hdop>5</hdop>
      </trkpt>
      <trkpt lat="52.6965261" lon="27.6444828">
        <ele>165</ele>
        <time>2024-08-17T12:54:51Z</time>
        <hdop>4</hdop>
      </trkpt>
      <trkpt lat="52.6965259" lon="27.6444854">
        <ele>165</ele>
        <time>2024-08-17T12:55:02Z</time>
        <hdop>2.5</hdop>
      </trkpt>
      <trkpt lat="52.6965259" lon="27.6444854">
        <ele>165</ele>
        <time>2024-08-17T12:55:13Z</time>
        <hdop>3</hdop>
      </trkpt>
      <trkpt lat="52.6965259" lon="27.6444854">
        <ele>165</ele>
        <time>2024-08-17T12:55:23Z</time>
        <hdop>3</hdop>
      </trkpt>
      <trkpt lat="52.6965259" lon="27.6444854">
        <ele>165</ele>
        <time>2024-08-17T12:55:33Z</time>
        <hdop>4</hdop>
      </trkpt>
      <trkpt lat="52.6965259" lon="27.6444854">
        <ele>165</ele>
        <time>2024-08-17T12:55:43Z</time>
        <hdop>5</hdop>
      </trkpt>
      <trkpt lat="52.6965259" lon="27.6444854">
        <ele>165</ele>
        <time>2024-08-17T12:55:54Z</time>
        <hdop>4.5</hdop>
      </trkpt>
      <trkpt lat="52.6965259" lon="27.6444854">
        <ele>165</ele>
        <time>2024-08-17T12:56:04Z</time>
        <hdop>4</hdop>
      </trkpt>
      <trkpt lat="52.6965248" lon="27.6444797">
        <ele>167</ele>
        <time>2024-08-17T12:56:15Z</time>
        <hdop>3</hdop>
      </trkpt>
      <trkpt lat="52.696525" lon="27.6444799">
        <ele>167</ele>
        <time>2024-08-17T12:56:26Z</time>
        <hdop>2.5</hdop>
      </trkpt>
      <trkpt lat="52.696525" lon="27.6444799">
        <ele>167</ele>
        <time>2024-08-17T12:56:36Z</time>
        <hdop>5</hdop>
      </trkpt>
      <trkpt lat="52.696525" lon="27.6444799">
        <ele>167</ele>
        <time>2024-08-17T12:56:47Z</time>
        <hdop>2</hdop>
      </trkpt>
      <trkpt lat="52.6965457" lon="27.644487">
        <ele>168</ele>
        <time>2024-08-17T12:56:57Z</time>
        <hdop>2.5</hdop>
      </trkpt>
      <trkpt lat="52.6965457" lon="27.644487">
        <ele>168</ele>
        <time>2024-08-17T12:57:08Z</time>
        <hdop>2</hdop>
      </trkpt>
      <trkpt lat="52.6965457" lon="27.644487">
        <ele>168</ele>
        <time>2024-08-17T12:57:19Z</time>
        <hdop>2.5</hdop>
      </trkpt>
      <trkpt lat="52.6965457" lon="27.644487">
        <ele>168</ele>
        <time>2024-08-17T12:57:29Z</time>
        <hdop>2.5</hdop>
      </trkpt>
      <trkpt lat="52.6965457" lon="27.644487">
        <ele>168</ele>
        <time>2024-08-17T12:57:40Z</time>
        <hdop>2</hdop>
      </trkpt>
      <trkpt lat="52.6965457" lon="27.644487">
        <ele>168</ele>
        <time>2024-08-17T12:57:50Z</time>
        <hdop>2.5</hdop>
      </trkpt>
      <trkpt lat="52.6965457" lon="27.644487">
        <ele>168</ele>
        <time>2024-08-17T12:58:00Z</time>
        <hdop>2</hdop>
      </trkpt>
      <trkpt lat="52.6965489" lon="27.6445014">
        <ele>167</ele>
        <time>2024-08-17T12:58:11Z</time>
        <hdop>2</hdop>
        <extensions>
          <speed>0.14</speed>
        </extensions>
      </trkpt>
      <trkpt lat="52.6965572" lon="27.6444936">
        <ele>168</ele>
        <time>2024-08-17T12:58:22Z</time>
        <hdop>2</hdop>
      </trkpt>
      <trkpt lat="52.6965006" lon="27.6443595">
        <ele>169</ele>
        <time>2024-08-17T12:58:32Z</time>
        <hdop>3</hdop>
        <extensions>
          <speed>2.71</speed>
        </extensions>
      </trkpt>
      <trkpt lat="52.6965089" lon="27.6438408">
        <ele>169</ele>
        <time>2024-08-17T12:58:42Z</time>
        <hdop>2.5</hdop>
        <extensions>
          <speed>3.49</speed>
        </extensions>
      </trkpt>
      <trkpt lat="52.6966457" lon="27.6432553">
        <ele>169</ele>
        <time>2024-08-17T12:58:53Z</time>
        <hdop>1.5</hdop>
        <extensions>
          <speed>3.91</speed>
        </extensions>
      </trkpt>
      <trkpt lat="52.6969569" lon="27.6429398">
        <ele>169</ele>
        <time>2024-08-17T12:59:03Z</time>
        <hdop>1.5</hdop>
        <extensions>
          <speed>4</speed>
        </extensions>
      </trkpt>
      <trkpt lat="52.6972869" lon="27.6427187">
        <ele>172</ele>
        <time>2024-08-17T12:59:13Z</time>
        <hdop>1.5</hdop>
        <extensions>
          <speed>4.24</speed>
        </extensions>
      </trkpt>
      <trkpt lat="52.6976504" lon="27.6424253">
        <ele>178</ele>
        <time>2024-08-17T12:59:24Z</time>
        <hdop>1.5</hdop>
        <extensions>
          <speed>4.81</speed>
        </extensions>
      </trkpt>
      <trkpt lat="52.6979899" lon="27.6421663">
        <ele>177</ele>
        <time>2024-08-17T12:59:35Z</time>
        <hdop>2.5</hdop>
        <extensions>
          <speed>2.13</speed>
        </extensions>
      </trkpt>
      <trkpt lat="52.6982227" lon="27.641868">
        <ele>180</ele>
        <time>2024-08-17T12:59:45Z</time>
        <hdop>2.5</hdop>
        <extensions>
          <speed>3.37</speed>
        </extensions>
      </trkpt>
      <trkpt lat="52.6981798" lon="27.6412193">
        <ele>183</ele>
        <time>2024-08-17T12:59:56Z</time>
        <hdop>2.5</hdop>
        <extensions>
          <speed>3.72</speed>
        </extensions>
      </trkpt>
      <trkpt lat="52.6981474" lon="27.6406019">
        <ele>184</ele>
        <time>2024-08-17T13:00:06Z</time>
        <hdop>2.5</hdop>
        <extensions>
          <speed>3.17</speed>
        </extensions>
      </trkpt>
      <trkpt lat="52.698189" lon="27.6399658">
        <ele>184</ele>
        <time>2024-08-17T13:00:17Z</time>
        <hdop>2.5</hdop>
        <extensions>
          <speed>2.96</speed>
        </extensions>
      </trkpt>
      <trkpt lat="52.6982667" lon="27.6393989">
        <ele>186</ele>
        <time>2024-08-17T13:00:27Z</time>
        <hdop>2.5</hdop>
        <extensions>
          <speed>3.23</speed>
        </extensions>
      </trkpt>
      <trkpt lat="52.6982576" lon="27.6388032">
        <ele>186</ele>
        <time>2024-08-17T13:00:38Z</time>
        <hdop>3</hdop>
        <extensions>
          <speed>2.58</speed>
        </extensions>
      </trkpt>
      <trkpt lat="52.698199" lon="27.6381522">
        <ele>183</ele>
        <time>2024-08-17T13:00:49Z</time>
        <hdop>3</hdop>
        <extensions>
          <speed>2.39</speed>
        </extensions>
      </trkpt>
      <trkpt lat="52.698222" lon="27.6374985">
        <ele>185</ele>
        <time>2024-08-17T13:00:59Z</time>
        <hdop>2.5</hdop>
        <extensions>
          <speed>3.65</speed>
        </extensions>
      </trkpt>
      <trkpt lat="52.6984536" lon="27.6369119">
        <ele>189</ele>
        <time>2024-08-17T13:01:10Z</time>
        <hdop>4</hdop>
        <extensions>
          <speed>3.4</speed>
        </extensions>
      </trkpt>
      <trkpt lat="52.6987305" lon="27.6363785">
        <ele>188</ele>
        <time>2024-08-17T13:01:20Z</time>
        <hdop>2</hdop>
        <extensions>
          <speed>3.69</speed>
        </extensions>
      </trkpt>
      <trkpt lat="52.6990713" lon="27.6362101">
        <ele>197</ele>
        <time>2024-08-17T13:01:31Z</time>
        <hdop>2.5</hdop>
        <extensions>
          <speed>2.79</speed>
        </extensions>
      </trkpt>
      <trkpt lat="52.699414" lon="27.635916">
        <ele>201</ele>
        <time>2024-08-17T13:01:42Z</time>
        <hdop>2.5</hdop>
        <extensions>
          <speed>2.77</speed>
        </extensions>
      </trkpt>
      <trkpt lat="52.6997319" lon="27.6357717">
        <ele>199</ele>
        <time>2024-08-17T13:01:52Z</time>
        <hdop>2.5</hdop>
        <extensions>
          <speed>2.42</speed>
        </extensions>
      </trkpt>
      <trkpt lat="52.7000408" lon="27.6357025">
        <ele>214</ele>
        <time>2024-08-17T13:02:03Z</time>
        <hdop>3.5</hdop>
        <extensions>
          <speed>1.02</speed>
        </extensions>
      </trkpt>
      <trkpt lat="52.7004981" lon="27.6357113">
        <ele>206</ele>
        <time>2024-08-17T13:02:13Z</time>
        <hdop>3</hdop>
        <extensions>
          <speed>1.96</speed>
        </extensions>
      </trkpt>
      <trkpt lat="52.70077" lon="27.6356324">
        <ele>212</ele>
        <time>2024-08-17T13:02:24Z</time>
        <hdop>3</hdop>
        <extensions>
          <speed>1.05</speed>
        </extensions>
      </trkpt>
      <trkpt lat="52.7011173" lon="27.6357921">
        <ele>222</ele>
        <time>2024-08-17T13:02:34Z</time>
        <hdop>2.5</hdop>
        <extensions>
          <speed>1.7</speed>
        </extensions>
      </trkpt>
      <trkpt lat="52.7013784" lon="27.6356989">
        <ele>210</ele>
        <time>2024-08-17T13:02:45Z</time>
        <hdop>2.5</hdop>
        <extensions>
          <speed>1.75</speed>
        </extensions>
      </trkpt>
      <trkpt lat="52.7014673" lon="27.6353212">
        <ele>201</ele>
        <time>2024-08-17T13:02:56Z</time>
        <hdop>2.5</hdop>
        <extensions>
          <speed>3.51</speed>
        </extensions>
      </trkpt>
      <trkpt lat="52.7015388" lon="27.6346929">
        <ele>194</ele>
        <time>2024-08-17T13:03:06Z</time>
        <hdop>2</hdop>
        <extensions>
          <speed>3.29</speed>
        </extensions>
      </trkpt>
      <trkpt lat="52.7014948" lon="27.6340133">
        <ele>192</ele>
        <time>2024-08-17T13:03:17Z</time>
        <hdop>2</hdop>
        <extensions>
          <speed>4.09</speed>
        </extensions>
      </trkpt>
      <trkpt lat="52.7014159" lon="27.6332715">
        <ele>193</ele>
        <time>2024-08-17T13:03:28Z</time>
        <hdop>2</hdop>
        <extensions>
          <speed>3.63</speed>
        </extensions>
      </trkpt>
      <trkpt lat="52.7012135" lon="27.6326985">
        <ele>195</ele>
        <time>2024-08-17T13:03:39Z</time>
        <hdop>2.5</hdop>
        <extensions>
          <speed>3.5</speed>
        </extensions>
      </trkpt>
      <trkpt lat="52.7009903" lon="27.6321378">
        <ele>203</ele>
        <time>2024-08-17T13:03:50Z</time>
        <hdop>2</hdop>
        <extensions>
          <speed>2.39</speed>
        </extensions>
      </trkpt>
      <trkpt lat="52.7009591" lon="27.6314092">
        <ele>199</ele>
        <time>2024-08-17T13:04:01Z</time>
        <hdop>2</hdop>
        <extensions>
          <speed>2.93</speed>
        </extensions>
      </trkpt>
      <trkpt lat="52.7007778" lon="27.6308809">
        <ele>196</ele>
        <time>2024-08-17T13:04:11Z</time>
        <hdop>2</hdop>
        <extensions>
          <speed>2.97</speed>
        </extensions>
      </trkpt>
      <trkpt lat="52.7005446" lon="27.6302742">
        <ele>197</ele>
        <time>2024-08-17T13:04:22Z</time>
        <hdop>2</hdop>
        <extensions>
          <speed>3.53</speed>
        </extensions>
      </trkpt>
      <trkpt lat="52.7003408" lon="27.6296025">
        <ele>185</ele>
        <time>2024-08-17T13:04:32Z</time>
        <hdop>1.5</hdop>
        <extensions>
          <speed>3.85</speed>
        </extensions>
      </trkpt>
      <trkpt lat="52.7002079" lon="27.6290036">
        <ele>184</ele>
        <time>2024-08-17T13:04:43Z</time>
        <hdop>2</hdop>
        <extensions>
          <speed>2.19</speed>
        </extensions>
      </trkpt>
      <trkpt lat="52.7000579" lon="27.62832">
        <ele>185</ele>
        <time>2024-08-17T13:04:54Z</time>
        <hdop>2.5</hdop>
        <extensions>
          <speed>3.24</speed>
        </extensions>
      </trkpt>
      <trkpt lat="52.6998627" lon="27.6279236">
        <ele>194</ele>
        <time>2024-08-17T13:05:04Z</time>
        <hdop>2.5</hdop>
        <extensions>
          <speed>2.38</speed>
        </extensions>
      </trkpt>
      <trkpt lat="52.699666" lon="27.6272251">
        <ele>190</ele>
        <time>2024-08-17T13:05:15Z</time>
        <hdop>2</hdop>
        <extensions>
          <speed>3.16</speed>
        </extensions>
      </trkpt>
      <trkpt lat="52.6994987" lon="27.6266276">
        <ele>186</ele>
        <time>2024-08-17T13:05:25Z</time>
        <hdop>1.5</hdop>
        <extensions>
          <speed>3.93</speed>
        </extensions>
      </trkpt>
      <trkpt lat="52.6994603" lon="27.62613">
        <ele>191</ele>
        <time>2024-08-17T13:05:35Z</time>
        <hdop>2.5</hdop>
        <extensions>
          <speed>1.61</speed>
        </extensions>
      </trkpt>
      <trkpt lat="52.6995385" lon="27.6255345">
        <ele>189</ele>
        <time>2024-08-17T13:05:46Z</time>
        <hdop>2</hdop>
        <extensions>
          <speed>3.69</speed>
        </extensions>
      </trkpt>
      <trkpt lat="52.6996933" lon="27.6250159">
        <ele>191</ele>
        <time>2024-08-17T13:05:57Z</time>
        <hdop>3</hdop>
        <extensions>
          <speed>1.66</speed>
        </extensions>
      </trkpt>
      <trkpt lat="52.6999007" lon="27.6246589">
        <ele>191</ele>
        <time>2024-08-17T13:06:07Z</time>
        <hdop>2.5</hdop>
        <extensions>
          <speed>1.7</speed>
        </extensions>
      </trkpt>
      <trkpt lat="52.7001151" lon="27.6243198">
        <ele>192</ele>
        <time>2024-08-17T13:06:17Z</time>
        <hdop>2.5</hdop>
        <extensions>
          <speed>2.68</speed>
        </extensions>
      </trkpt>
      <trkpt lat="52.7002636" lon="27.6238491">
        <ele>188</ele>
        <time>2024-08-17T13:06:28Z</time>
        <hdop>2</hdop>
        <extensions>
          <speed>3.16</speed>
        </extensions>
      </trkpt>
      <trkpt lat="52.700202" lon="27.6234113">
        <ele>190</ele>
        <time>2024-08-17T13:06:39Z</time>
        <hdop>2.5</hdop>
        <extensions>
          <speed>2.36</speed>
        </extensions>
      </trkpt>
      <trkpt lat="52.7002398" lon="27.6228492">
        <ele>190</ele>
        <time>2024-08-17T13:06:49Z</time>
        <hdop>3</hdop>
        <extensions>
          <speed>2.63</speed>
        </extensions>
      </trkpt>
      <trkpt lat="52.7003464" lon="27.6223036">
        <ele>194</ele>
        <time>2024-08-17T13:07:00Z</time>
        <hdop>3</hdop>
        <extensions>
          <speed>2.24</speed>
        </extensions>
      </trkpt>
      <trkpt lat="52.7005152" lon="27.6217393">
        <ele>202</ele>
        <time>2024-08-17T13:07:11Z</time>
        <hdop>3</hdop>
        <extensions>
          <speed>1.69</speed>
        </extensions>
      </trkpt>
      <trkpt lat="52.7006954" lon="27.6213222">
        <ele>203</ele>
        <time>2024-08-17T13:07:21Z</time>
        <hdop>3</hdop>
        <extensions>
          <speed>1.91</speed>
        </extensions>
      </trkpt>
      <trkpt lat="52.7007292" lon="27.6207198">
        <ele>206</ele>
        <time>2024-08-17T13:07:32Z</time>
        <hdop>2.5</hdop>
        <extensions>
          <speed>0.91</speed>
        </extensions>
      </trkpt>
      <trkpt lat="52.7009816" lon="27.6204875">
        <ele>214</ele>
        <time>2024-08-17T13:07:43Z</time>
        <hdop>3</hdop>
        <extensions>
          <speed>0.41</speed>
        </extensions>
      </trkpt>
      <trkpt lat="52.7012058" lon="27.6202641">
        <ele>220</ele>
        <time>2024-08-17T13:07:53Z</time>
        <hdop>2.5</hdop>
        <extensions>
          <speed>1.21</speed>
        </extensions>
      </trkpt>
      <trkpt lat="52.7015777" lon="27.6199789">
        <ele>220</ele>
        <time>2024-08-17T13:08:04Z</time>
        <hdop>2.5</hdop>
        <extensions>
          <speed>2.6</speed>
        </extensions>
      </trkpt>
      <trkpt lat="52.7019491" lon="27.6196573">
        <ele>215</ele>
        <time>2024-08-17T13:08:14Z</time>
        <hdop>3</hdop>
        <extensions>
          <speed>2.56</speed>
        </extensions>
      </trkpt>
      <trkpt lat="52.7022721" lon="27.6195364">
        <ele>213</ele>
        <time>2024-08-17T13:08:24Z</time>
        <hdop>3</hdop>
        <extensions>
          <speed>2.81</speed>
        </extensions>
      </trkpt>
      <trkpt lat="52.7025812" lon="27.6194688">
        <ele>207</ele>
        <time>2024-08-17T13:08:35Z</time>
        <hdop>3</hdop>
        <extensions>
          <speed>1.64</speed>
        </extensions>
      </trkpt>
      <trkpt lat="52.7028637" lon="27.6193706">
        <ele>204</ele>
        <time>2024-08-17T13:08:45Z</time>
        <hdop>3.5</hdop>
        <extensions>
          <speed>3.03</speed>
        </extensions>
      </trkpt>
      <trkpt lat="52.7031894" lon="27.6190102">
        <ele>202</ele>
        <time>2024-08-17T13:08:55Z</time>
        <hdop>3</hdop>
        <extensions>
          <speed>2.96</speed>
        </extensions>
      </trkpt>
      <trkpt lat="52.7034432" lon="27.6185797">
        <ele>205</ele>
        <time>2024-08-17T13:09:06Z</time>
        <hdop>3</hdop>
        <extensions>
          <speed>1.8</speed>
        </extensions>
      </trkpt>
      <trkpt lat="52.7037365" lon="27.6181692">
        <ele>207</ele>
        <time>2024-08-17T13:09:16Z</time>
        <hdop>3</hdop>
        <extensions>
          <speed>1.6</speed>
        </extensions>
      </trkpt>
      <trkpt lat="52.7041016" lon="27.6179046">
        <ele>204</ele>
        <time>2024-08-17T13:09:27Z</time>
        <hdop>3</hdop>
        <extensions>
          <speed>1.75</speed>
        </extensions>
      </trkpt>
      <trkpt lat="52.7043685" lon="27.6173601">
        <ele>203</ele>
        <time>2024-08-17T13:09:37Z</time>
        <hdop>3</hdop>
        <extensions>
          <speed>2.17</speed>
        </extensions>
      </trkpt>
      <trkpt lat="52.7046134" lon="27.6167719">
        <ele>200</ele>
        <time>2024-08-17T13:09:48Z</time>
        <hdop>3</hdop>
        <extensions>
          <speed>3.3</speed>
        </extensions>
      </trkpt>
      <trkpt lat="52.7048181" lon="27.6163581">
        <ele>201</ele>
        <time>2024-08-17T13:09:58Z</time>
        <hdop>2.5</hdop>
        <extensions>
          <speed>2.63</speed>
        </extensions>
      </trkpt>
      <trkpt lat="52.7048849" lon="27.6159191">
        <ele>199</ele>
        <time>2024-08-17T13:10:08Z</time>
        <hdop>2.5</hdop>
        <extensions>
          <speed>2.53</speed>
        </extensions>
      </trkpt>
      <trkpt lat="52.704962" lon="27.6154092">
        <ele>200</ele>
        <time>2024-08-17T13:10:19Z</time>
        <hdop>2.5</hdop>
        <extensions>
          <speed>1.76</speed>
        </extensions>
      </trkpt>
      <trkpt lat="52.7049026" lon="27.6147553">
        <ele>201</ele>
        <time>2024-08-17T13:10:30Z</time>
        <hdop>3.5</hdop>
        <extensions>
          <speed>2.9</speed>
        </extensions>
      </trkpt>
      <trkpt lat="52.7047117" lon="27.6142283">
        <ele>201</ele>
        <time>2024-08-17T13:10:41Z</time>
        <hdop>2.5</hdop>
        <extensions>
          <speed>2.52</speed>
        </extensions>
      </trkpt>
      <trkpt lat="52.704512" lon="27.6137208">
        <ele>197</ele>
        <time>2024-08-17T13:10:52Z</time>
        <hdop>2.5</hdop>
        <extensions>
          <speed>1.92</speed>
        </extensions>
      </trkpt>
      <trkpt lat="52.7043306" lon="27.6131668">
        <ele>197</ele>
        <time>2024-08-17T13:11:03Z</time>
        <hdop>2.5</hdop>
        <extensions>
          <speed>3.36</speed>
        </extensions>
      </trkpt>
      <trkpt lat="52.7040263" lon="27.6127118">
        <ele>195</ele>
        <time>2024-08-17T13:11:14Z</time>
        <hdop>2.5</hdop>
        <extensions>
          <speed>2.59</speed>
        </extensions>
      </trkpt>
      <trkpt lat="52.7037778" lon="27.6122241">
        <ele>192</ele>
        <time>2024-08-17T13:11:24Z</time>
        <hdop>2.5</hdop>
        <extensions>
          <speed>1.67</speed>
        </extensions>
      </trkpt>
      <trkpt lat="52.7036178" lon="27.611701">
        <ele>194</ele>
        <time>2024-08-17T13:11:34Z</time>
        <hdop>2.5</hdop>
        <extensions>
          <speed>1.65</speed>
        </extensions>
      </trkpt>
      <trkpt lat="52.7034516" lon="27.6111567">
        <ele>195</ele>
        <time>2024-08-17T13:11:45Z</time>
        <hdop>2</hdop>
        <extensions>
          <speed>2.37</speed>
        </extensions>
      </trkpt>
      <trkpt lat="52.7033224" lon="27.6105884">
        <ele>196</ele>
        <time>2024-08-17T13:11:55Z</time>
        <hdop>2.5</hdop>
        <extensions>
          <speed>2.64</speed>
        </extensions>
      </trkpt>
      <trkpt lat="52.7031176" lon="27.610305">
        <ele>184</ele>
        <time>2024-08-17T13:12:06Z</time>
        <hdop>2</hdop>
        <extensions>
          <speed>2.35</speed>
        </extensions>
      </trkpt>
      <trkpt lat="52.7028948" lon="27.6103842">
        <ele>179</ele>
        <time>2024-08-17T13:12:16Z</time>
        <hdop>2</hdop>
        <extensions>
          <speed>2.62</speed>
        </extensions>
      </trkpt>
      <trkpt lat="52.7026487" lon="27.610533">
        <ele>172</ele>
        <time>2024-08-17T13:12:26Z</time>
        <hdop>2</hdop>
        <extensions>
          <speed>3.12</speed>
        </extensions>
      </trkpt>
      <trkpt lat="52.7024288" lon="27.6105305">
        <ele>170</ele>
        <time>2024-08-17T13:12:36Z</time>
        <hdop>1.5</hdop>
        <extensions>
          <speed>1.6</speed>
        </extensions>
      </trkpt>
      <trkpt lat="52.7023488" lon="27.6102532">
        <ele>167</ele>
        <time>2024-08-17T13:12:47Z</time>
        <hdop>2</hdop>
        <extensions>
          <speed>2.16</speed>
        </extensions>
      </trkpt>
      <trkpt lat="52.7022077" lon="27.609958">
        <ele>168</ele>
        <time>2024-08-17T13:12:57Z</time>
        <hdop>1.5</hdop>
        <extensions>
          <speed>1.77</speed>
        </extensions>
      </trkpt>
      <trkpt lat="52.7021107" lon="27.6096814">
        <ele>168</ele>
        <time>2024-08-17T13:13:08Z</time>
        <hdop>1.5</hdop>
        <extensions>
          <speed>2.37</speed>
        </extensions>
      </trkpt>
      <trkpt lat="52.7020252" lon="27.6094932">
        <ele>169</ele>
        <time>2024-08-17T13:13:19Z</time>
        <hdop>1.5</hdop>
        <extensions>
          <speed>1.42</speed>
        </extensions>
      </trkpt>
      <trkpt lat="52.7020367" lon="27.6093398">
        <ele>168</ele>
        <time>2024-08-17T13:13:30Z</time>
        <hdop>1.5</hdop>
      </trkpt>
      <trkpt lat="52.7020525" lon="27.6093247">
        <ele>170</ele>
        <time>2024-08-17T13:13:41Z</time>
        <hdop>1.5</hdop>
      </trkpt>
      <trkpt lat="52.702057" lon="27.6093225">
        <ele>170</ele>
        <time>2024-08-17T13:13:51Z</time>
        <hdop>1.5</hdop>
      </trkpt>
      <trkpt lat="52.7020606" lon="27.6093292">
        <ele>170</ele>
        <time>2024-08-17T13:14:02Z</time>
        <hdop>1.5</hdop>
        <extensions>
          <speed>0.11</speed>
        </extensions>
      </trkpt>
      <trkpt lat="52.7020595" lon="27.6093313">
        <ele>169</ele>
        <time>2024-08-17T13:14:13Z</time>
        <hdop>1.5</hdop>
      </trkpt>
      <trkpt lat="52.7020595" lon="27.6093313">
        <ele>169</ele>
        <time>2024-08-17T13:14:23Z</time>
        <hdop>1.5</hdop>
      </trkpt>
      <trkpt lat="52.7020595" lon="27.6093313">
        <ele>169</ele>
        <time>2024-08-17T13:14:34Z</time>
        <hdop>2</hdop>
      </trkpt>
      <trkpt lat="52.7020595" lon="27.6093313">
        <ele>169</ele>
        <time>2024-08-17T13:14:44Z</time>
        <hdop>2</hdop>
      </trkpt>
      <trkpt lat="52.7020595" lon="27.6093313">
        <ele>169</ele>
        <time>2024-08-17T13:14:54Z</time>
        <hdop>2</hdop>
      </trkpt>
      <trkpt lat="52.7020595" lon="27.6093313">
        <ele>169</ele>
        <time>2024-08-17T13:15:04Z</time>
        <hdop>1.5</hdop>
      </trkpt>
      <trkpt lat="52.702037" lon="27.6093266">
        <ele>171</ele>
        <time>2024-08-17T13:15:15Z</time>
        <hdop>2</hdop>
        <extensions>
          <speed>0.66</speed>
        </extensions>
      </trkpt>
      <trkpt lat="52.7018982" lon="27.6087553">
        <ele>169</ele>
        <time>2024-08-17T13:15:26Z</time>
        <hdop>1</hdop>
        <extensions>
          <speed>4.46</speed>
        </extensions>
      </trkpt>
      <trkpt lat="52.7018302" lon="27.6080991">
        <ele>173</ele>
        <time>2024-08-17T13:15:37Z</time>
        <hdop>1.5</hdop>
        <extensions>
          <speed>3.66</speed>
        </extensions>
      </trkpt>
      <trkpt lat="52.7018793" lon="27.6074398">
        <ele>177</ele>
        <time>2024-08-17T13:15:47Z</time>
        <hdop>1.5</hdop>
        <extensions>
          <speed>4.52</speed>
        </extensions>
      </trkpt>
      <trkpt lat="52.7022395" lon="27.6072763">
        <ele>181</ele>
        <time>2024-08-17T13:15:58Z</time>
        <hdop>2</hdop>
        <extensions>
          <speed>3.27</speed>
        </extensions>
      </trkpt>
      <trkpt lat="52.7025772" lon="27.6070895">
        <ele>182</ele>
        <time>2024-08-17T13:16:09Z</time>
        <hdop>2</hdop>
        <extensions>
          <speed>3.56</speed>
        </extensions>
      </trkpt>
      <trkpt lat="52.7028888" lon="27.6067887">
        <ele>183</ele>
        <time>2024-08-17T13:16:19Z</time>
        <hdop>2</hdop>
        <extensions>
          <speed>3.2</speed>
        </extensions>
      </trkpt>
      <trkpt lat="52.7032516" lon="27.6066975">
        <ele>189</ele>
        <time>2024-08-17T13:16:30Z</time>
        <hdop>2.5</hdop>
        <extensions>
          <speed>3.64</speed>
        </extensions>
      </trkpt>
      <trkpt lat="52.7036165" lon="27.6064928">
        <ele>189</ele>
        <time>2024-08-17T13:16:40Z</time>
        <hdop>3</hdop>
        <extensions>
          <speed>2.97</speed>
        </extensions>
      </trkpt>
      <trkpt lat="52.7038055" lon="27.6060192">
        <ele>198</ele>
        <time>2024-08-17T13:16:50Z</time>
        <hdop>3</hdop>
        <extensions>
          <speed>3.19</speed>
        </extensions>
      </trkpt>
      <trkpt lat="52.704035" lon="27.6053286">
        <ele>193</ele>
        <time>2024-08-17T13:17:01Z</time>
        <hdop>3.5</hdop>
        <extensions>
          <speed>2.41</speed>
        </extensions>
      </trkpt>
      <trkpt lat="52.7041078" lon="27.6047542">
        <ele>189</ele>
        <time>2024-08-17T13:17:12Z</time>
        <hdop>2.5</hdop>
        <extensions>
          <speed>3.7</speed>
        </extensions>
      </trkpt>
      <trkpt lat="52.7042904" lon="27.6041987">
        <ele>182</ele>
        <time>2024-08-17T13:17:23Z</time>
        <hdop>2</hdop>
        <extensions>
          <speed>3.08</speed>
        </extensions>
      </trkpt>
      <trkpt lat="52.7044305" lon="27.6037435">
        <ele>181</ele>
        <time>2024-08-17T13:17:33Z</time>
        <hdop>2</hdop>
        <extensions>
          <speed>3.34</speed>
        </extensions>
      </trkpt>
      <trkpt lat="52.7045346" lon="27.6032387">
        <ele>179</ele>
        <time>2024-08-17T13:17:44Z</time>
        <hdop>2</hdop>
        <extensions>
          <speed>3.51</speed>
        </extensions>
      </trkpt>
      <trkpt lat="52.7047347" lon="27.6026892">
        <ele>180</ele>
        <time>2024-08-17T13:17:55Z</time>
        <hdop>1.5</hdop>
        <extensions>
          <speed>4.09</speed>
        </extensions>
      </trkpt>
      <trkpt lat="52.7049823" lon="27.6023338">
        <ele>186</ele>
        <time>2024-08-17T13:18:05Z</time>
        <hdop>2</hdop>
        <extensions>
          <speed>3.51</speed>
        </extensions>
      </trkpt>
      <trkpt lat="52.7052388" lon="27.6020315">
        <ele>186</ele>
        <time>2024-08-17T13:18:16Z</time>
        <hdop>2</hdop>
        <extensions>
          <speed>3.45</speed>
        </extensions>
      </trkpt>
      <trkpt lat="52.7055338" lon="27.6016516">
        <ele>184</ele>
        <time>2024-08-17T13:18:26Z</time>
        <hdop>2</hdop>
        <extensions>
          <speed>3.62</speed>
        </extensions>
      </trkpt>
      <trkpt lat="52.7058072" lon="27.6013181">
        <ele>182</ele>
        <time>2024-08-17T13:18:37Z</time>
        <hdop>2</hdop>
        <extensions>
          <speed>3.34</speed>
        </extensions>
      </trkpt>
      <trkpt lat="52.7060471" lon="27.6009588">
        <ele>181</ele>
        <time>2024-08-17T13:18:47Z</time>
        <hdop>2</hdop>
        <extensions>
          <speed>3.19</speed>
        </extensions>
      </trkpt>
      <trkpt lat="52.7062571" lon="27.6005656">
        <ele>183</ele>
        <time>2024-08-17T13:18:58Z</time>
        <hdop>3</hdop>
        <extensions>
          <speed>2.55</speed>
        </extensions>
      </trkpt>
      <trkpt lat="52.7064947" lon="27.6002645">
        <ele>186</ele>
        <time>2024-08-17T13:19:08Z</time>
        <hdop>2</hdop>
        <extensions>
          <speed>2.88</speed>
        </extensions>
      </trkpt>
      <trkpt lat="52.7066611" lon="27.5999735">
        <ele>182</ele>
        <time>2024-08-17T13:19:19Z</time>
        <hdop>2</hdop>
        <extensions>
          <speed>2.59</speed>
        </extensions>
      </trkpt>
      <trkpt lat="52.7063778" lon="27.5999049">
        <ele>178</ele>
        <time>2024-08-17T13:19:30Z</time>
        <hdop>2</hdop>
        <extensions>
          <speed>2.74</speed>
        </extensions>
      </trkpt>
      <trkpt lat="52.7060617" lon="27.5998707">
        <ele>175</ele>
        <time>2024-08-17T13:19:41Z</time>
        <hdop>2</hdop>
        <extensions>
          <speed>3.3</speed>
        </extensions>
      </trkpt>
      <trkpt lat="52.7057476" lon="27.5997985">
        <ele>177</ele>
        <time>2024-08-17T13:19:52Z</time>
        <hdop>2</hdop>
        <extensions>
          <speed>2.92</speed>
        </extensions>
      </trkpt>
      <trkpt lat="52.705457" lon="27.5996298">
        <ele>179</ele>
        <time>2024-08-17T13:20:03Z</time>
        <hdop>2</hdop>
        <extensions>
          <speed>2.73</speed>
        </extensions>
      </trkpt>
      <trkpt lat="52.7051518" lon="27.5995677">
        <ele>176</ele>
        <time>2024-08-17T13:20:13Z</time>
        <hdop>2</hdop>
        <extensions>
          <speed>3</speed>
        </extensions>
      </trkpt>
      <trkpt lat="52.7048727" lon="27.5995455">
        <ele>174</ele>
        <time>2024-08-17T13:20:24Z</time>
        <hdop>2</hdop>
        <extensions>
          <speed>2.25</speed>
        </extensions>
      </trkpt>
      <trkpt lat="52.7047822" lon="27.5994294">
        <ele>174</ele>
        <time>2024-08-17T13:20:34Z</time>
        <hdop>2</hdop>
        <extensions>
          <speed>1.38</speed>
        </extensions>
      </trkpt>
      <trkpt lat="52.7047135" lon="27.5992667">
        <ele>175</ele>
        <time>2024-08-17T13:20:44Z</time>
        <hdop>2</hdop>
        <extensions>
          <speed>1.52</speed>
        </extensions>
      </trkpt>
      <trkpt lat="52.7046388" lon="27.5990438">
        <ele>179</ele>
        <time>2024-08-17T13:20:54Z</time>
        <hdop>2.5</hdop>
        <extensions>
          <speed>1.84</speed>
        </extensions>
      </trkpt>
      <trkpt lat="52.7046021" lon="27.5988378">
        <ele>179</ele>
        <time>2024-08-17T13:21:04Z</time>
        <hdop>2</hdop>
      </trkpt>
      <trkpt lat="52.7044761" lon="27.5985695">
        <ele>180</ele>
        <time>2024-08-17T13:21:15Z</time>
        <hdop>2</hdop>
        <extensions>
          <speed>1.76</speed>
        </extensions>
      </trkpt>
      <trkpt lat="52.7043496" lon="27.5982951">
        <ele>178</ele>
        <time>2024-08-17T13:21:25Z</time>
        <hdop>2.5</hdop>
        <extensions>
          <speed>2.18</speed>
        </extensions>
      </trkpt>
      <trkpt lat="52.704261" lon="27.5980572">
        <ele>177</ele>
        <time>2024-08-17T13:21:35Z</time>
        <hdop>2</hdop>
        <extensions>
          <speed>2.09</speed>
        </extensions>
      </trkpt>
      <trkpt lat="52.7041533" lon="27.5977786">
        <ele>179</ele>
        <time>2024-08-17T13:21:45Z</time>
        <hdop>2</hdop>
        <extensions>
          <speed>1.65</speed>
        </extensions>
      </trkpt>
      <trkpt lat="52.7041107" lon="27.5974779">
        <ele>187</ele>
        <time>2024-08-17T13:21:56Z</time>
        <hdop>2</hdop>
        <extensions>
          <speed>1.71</speed>
        </extensions>
      </trkpt>
      <trkpt lat="52.7041066" lon="27.5971369">
        <ele>189</ele>
        <time>2024-08-17T13:22:07Z</time>
        <hdop>3</hdop>
        <extensions>
          <speed>1.48</speed>
        </extensions>
      </trkpt>
      <trkpt lat="52.7041258" lon="27.5968684">
        <ele>193</ele>
        <time>2024-08-17T13:22:17Z</time>
        <hdop>2.5</hdop>
        <extensions>
          <speed>0.93</speed>
        </extensions>
      </trkpt>
      <trkpt lat="52.7041259" lon="27.5965586">
        <ele>191</ele>
        <time>2024-08-17T13:22:27Z</time>
        <hdop>2.5</hdop>
        <extensions>
          <speed>2.23</speed>
        </extensions>
      </trkpt>
      <trkpt lat="52.7040986" lon="27.5962208">
        <ele>188</ele>
        <time>2024-08-17T13:22:37Z</time>
        <hdop>2</hdop>
        <extensions>
          <speed>1.78</speed>
        </extensions>
      </trkpt>
      <trkpt lat="52.7040469" lon="27.5959121">
        <ele>188</ele>
        <time>2024-08-17T13:22:48Z</time>
        <hdop>2</hdop>
        <extensions>
          <speed>1.88</speed>
        </extensions>
      </trkpt>
      <trkpt lat="52.7040054" lon="27.5956061">
        <ele>188</ele>
        <time>2024-08-17T13:22:59Z</time>
        <hdop>2</hdop>
        <extensions>
          <speed>1.99</speed>
        </extensions>
      </trkpt>
      <trkpt lat="52.7039616" lon="27.595247">
        <ele>190</ele>
        <time>2024-08-17T13:23:10Z</time>
        <hdop>2.5</hdop>
        <extensions>
          <speed>1.87</speed>
        </extensions>
      </trkpt>
      <trkpt lat="52.7039038" lon="27.5948602">
        <ele>196</ele>
        <time>2024-08-17T13:23:20Z</time>
        <hdop>2.5</hdop>
        <extensions>
          <speed>2.02</speed>
        </extensions>
      </trkpt>
      <trkpt lat="52.7038541" lon="27.5944088">
        <ele>195</ele>
        <time>2024-08-17T13:23:30Z</time>
        <hdop>2.5</hdop>
        <extensions>
          <speed>2.74</speed>
        </extensions>
      </trkpt>
      <trkpt lat="52.7038056" lon="27.5938689">
        <ele>193</ele>
        <time>2024-08-17T13:23:41Z</time>
        <hdop>2.5</hdop>
        <extensions>
          <speed>2.5</speed>
        </extensions>
      </trkpt>
      <trkpt lat="52.7037435" lon="27.5934203">
        <ele>192</ele>
        <time>2024-08-17T13:23:51Z</time>
        <hdop>2.5</hdop>
        <extensions>
          <speed>2.17</speed>
        </extensions>
      </trkpt>
      <trkpt lat="52.70357" lon="27.5930148">
        <ele>192</ele>
        <time>2024-08-17T13:24:02Z</time>
        <hdop>2.5</hdop>
        <extensions>
          <speed>2.35</speed>
        </extensions>
      </trkpt>
      <trkpt lat="52.7034555" lon="27.5925528">
        <ele>192</ele>
        <time>2024-08-17T13:24:12Z</time>
        <hdop>2.5</hdop>
        <extensions>
          <speed>2.79</speed>
        </extensions>
      </trkpt>
      <trkpt lat="52.7033571" lon="27.5921624">
        <ele>193</ele>
        <time>2024-08-17T13:24:22Z</time>
        <hdop>3</hdop>
        <extensions>
          <speed>1.65</speed>
        </extensions>
      </trkpt>
      <trkpt lat="52.703274" lon="27.5917614">
        <ele>194</ele>
        <time>2024-08-17T13:24:33Z</time>
        <hdop>3</hdop>
        <extensions>
          <speed>1.87</speed>
        </extensions>
      </trkpt>
      <trkpt lat="52.7031337" lon="27.5914054">
        <ele>195</ele>
        <time>2024-08-17T13:24:43Z</time>
        <hdop>3</hdop>
        <extensions>
          <speed>2.03</speed>
        </extensions>
      </trkpt>
      <trkpt lat="52.7029403" lon="27.5910471">
        <ele>191</ele>
        <time>2024-08-17T13:24:54Z</time>
        <hdop>2.5</hdop>
        <extensions>
          <speed>2.36</speed>
        </extensions>
      </trkpt>
      <trkpt lat="52.702757" lon="27.5904887">
        <ele>192</ele>
        <time>2024-08-17T13:25:04Z</time>
        <hdop>3</hdop>
        <extensions>
          <speed>1.88</speed>
        </extensions>
      </trkpt>
      <trkpt lat="52.7026023" lon="27.5900449">
        <ele>192</ele>
        <time>2024-08-17T13:25:14Z</time>
        <hdop>3</hdop>
        <extensions>
          <speed>1.67</speed>
        </extensions>
      </trkpt>
      <trkpt lat="52.7024383" lon="27.589584">
        <ele>192</ele>
        <time>2024-08-17T13:25:24Z</time>
        <hdop>3</hdop>
        <extensions>
          <speed>1.8</speed>
        </extensions>
      </trkpt>
      <trkpt lat="52.7022248" lon="27.5890386">
        <ele>195</ele>
        <time>2024-08-17T13:25:35Z</time>
        <hdop>3</hdop>
        <extensions>
          <speed>1.9</speed>
        </extensions>
      </trkpt>
      <trkpt lat="52.7020481" lon="27.5885658">
        <ele>200</ele>
        <time>2024-08-17T13:25:45Z</time>
        <hdop>3</hdop>
        <extensions>
          <speed>2.08</speed>
        </extensions>
      </trkpt>
      <trkpt lat="52.7017246" lon="27.5881798">
        <ele>195</ele>
        <time>2024-08-17T13:25:56Z</time>
        <hdop>2.5</hdop>
        <extensions>
          <speed>2.88</speed>
        </extensions>
      </trkpt>
      <trkpt lat="52.7014889" lon="27.5876053">
        <ele>194</ele>
        <time>2024-08-17T13:26:07Z</time>
        <hdop>2.5</hdop>
        <extensions>
          <speed>2.91</speed>
        </extensions>
      </trkpt>
      <trkpt lat="52.7013186" lon="27.5871281">
        <ele>201</ele>
        <time>2024-08-17T13:26:17Z</time>
        <hdop>3</hdop>
        <extensions>
          <speed>2.42</speed>
        </extensions>
      </trkpt>
      <trkpt lat="52.7010421" lon="27.5869488">
        <ele>201</ele>
        <time>2024-08-17T13:26:27Z</time>
        <hdop>3</hdop>
        <extensions>
          <speed>3.29</speed>
        </extensions>
      </trkpt>
      <trkpt lat="52.7006326" lon="27.5867029">
        <ele>194</ele>
        <time>2024-08-17T13:26:38Z</time>
        <hdop>3</hdop>
        <extensions>
          <speed>2.55</speed>
        </extensions>
      </trkpt>
      <trkpt lat="52.7002554" lon="27.5866009">
        <ele>190</ele>
        <time>2024-08-17T13:26:48Z</time>
        <hdop>3</hdop>
        <extensions>
          <speed>2.97</speed>
        </extensions>
      </trkpt>
      <trkpt lat="52.6999932" lon="27.586623">
        <ele>193</ele>
        <time>2024-08-17T13:26:58Z</time>
        <hdop>3</hdop>
        <extensions>
          <speed>1.38</speed>
        </extensions>
      </trkpt>
      <trkpt lat="52.6996464" lon="27.5867444">
        <ele>194</ele>
        <time>2024-08-17T13:27:09Z</time>
        <hdop>2.5</hdop>
        <extensions>
          <speed>2.28</speed>
        </extensions>
      </trkpt>
      <trkpt lat="52.6992239" lon="27.5867411">
        <ele>189</ele>
        <time>2024-08-17T13:27:19Z</time>
        <hdop>2.5</hdop>
        <extensions>
          <speed>3.57</speed>
        </extensions>
      </trkpt>
      <trkpt lat="52.6987648" lon="27.5866893">
        <ele>182</ele>
        <time>2024-08-17T13:27:30Z</time>
        <hdop>2</hdop>
        <extensions>
          <speed>3.06</speed>
        </extensions>
      </trkpt>
      <trkpt lat="52.6984125" lon="27.5863168">
        <ele>180</ele>
        <time>2024-08-17T13:27:40Z</time>
        <hdop>1.5</hdop>
        <extensions>
          <speed>3.32</speed>
        </extensions>
      </trkpt>
      <trkpt lat="52.6981959" lon="27.585944">
        <ele>178</ele>
        <time>2024-08-17T13:27:50Z</time>
        <hdop>2</hdop>
        <extensions>
          <speed>3.66</speed>
        </extensions>
      </trkpt>
      <trkpt lat="52.6979353" lon="27.5856893">
        <ele>182</ele>
        <time>2024-08-17T13:28:00Z</time>
        <hdop>2</hdop>
        <extensions>
          <speed>2.5</speed>
        </extensions>
      </trkpt>
      <trkpt lat="52.697661" lon="27.5854103">
        <ele>189</ele>
        <time>2024-08-17T13:28:10Z</time>
        <hdop>2.5</hdop>
        <extensions>
          <speed>2.96</speed>
        </extensions>
      </trkpt>
      <trkpt lat="52.6973017" lon="27.5849951">
        <ele>197</ele>
        <time>2024-08-17T13:28:21Z</time>
        <hdop>2.5</hdop>
        <extensions>
          <speed>2.92</speed>
        </extensions>
      </trkpt>
      <trkpt lat="52.6970824" lon="27.5843216">
        <ele>205</ele>
        <time>2024-08-17T13:28:32Z</time>
        <hdop>3</hdop>
        <extensions>
          <speed>2.94</speed>
        </extensions>
      </trkpt>
      <trkpt lat="52.6969454" lon="27.5836755">
        <ele>210</ele>
        <time>2024-08-17T13:28:43Z</time>
        <hdop>2.5</hdop>
        <extensions>
          <speed>2.13</speed>
        </extensions>
      </trkpt>
      <trkpt lat="52.6967088" lon="27.5832363">
        <ele>205</ele>
        <time>2024-08-17T13:28:54Z</time>
        <hdop>3</hdop>
        <extensions>
          <speed>2.65</speed>
        </extensions>
      </trkpt>
      <trkpt lat="52.6963678" lon="27.5832115">
        <ele>199</ele>
        <time>2024-08-17T13:29:04Z</time>
        <hdop>2.5</hdop>
        <extensions>
          <speed>2.85</speed>
        </extensions>
      </trkpt>
      <trkpt lat="52.6959878" lon="27.5831667">
        <ele>197</ele>
        <time>2024-08-17T13:29:14Z</time>
        <hdop>3</hdop>
        <extensions>
          <speed>1.75</speed>
        </extensions>
      </trkpt>
      <trkpt lat="52.6955195" lon="27.5830275">
        <ele>195</ele>
        <time>2024-08-17T13:29:26Z</time>
        <hdop>2.5</hdop>
        <extensions>
          <speed>2.61</speed>
        </extensions>
      </trkpt>
      <trkpt lat="52.6951186" lon="27.5827078">
        <ele>197</ele>
        <time>2024-08-17T13:29:36Z</time>
        <hdop>2.5</hdop>
        <extensions>
          <speed>4.01</speed>
        </extensions>
      </trkpt>
      <trkpt lat="52.6947766" lon="27.5823694">
        <ele>196</ele>
        <time>2024-08-17T13:29:47Z</time>
        <hdop>2</hdop>
        <extensions>
          <speed>2.46</speed>
        </extensions>
      </trkpt>
      <trkpt lat="52.6945134" lon="27.5819284">
        <ele>201</ele>
        <time>2024-08-17T13:29:58Z</time>
        <hdop>2</hdop>
        <extensions>
          <speed>1.86</speed>
        </extensions>
      </trkpt>
      <trkpt lat="52.6943211" lon="27.5814124">
        <ele>205</ele>
        <time>2024-08-17T13:30:08Z</time>
        <hdop>2.5</hdop>
        <extensions>
          <speed>2.4</speed>
        </extensions>
      </trkpt>
      <trkpt lat="52.6941643" lon="27.5805939">
        <ele>205</ele>
        <time>2024-08-17T13:30:19Z</time>
        <hdop>2.5</hdop>
        <extensions>
          <speed>4.3</speed>
        </extensions>
      </trkpt>
      <trkpt lat="52.6941884" lon="27.5798204">
        <ele>193</ele>
        <time>2024-08-17T13:30:29Z</time>
        <hdop>1.5</hdop>
        <extensions>
          <speed>4</speed>
        </extensions>
      </trkpt>
      <trkpt lat="52.6941924" lon="27.5792303">
        <ele>185</ele>
        <time>2024-08-17T13:30:40Z</time>
        <hdop>1.5</hdop>
        <extensions>
          <speed>4.07</speed>
        </extensions>
      </trkpt>
      <trkpt lat="52.6942149" lon="27.5785573">
        <ele>184</ele>
        <time>2024-08-17T13:30:50Z</time>
        <hdop>2</hdop>
        <extensions>
          <speed>2.7</speed>
        </extensions>
      </trkpt>
      <trkpt lat="52.6944236" lon="27.5780559">
        <ele>193</ele>
        <time>2024-08-17T13:31:01Z</time>
        <hdop>5</hdop>
        <extensions>
          <speed>2.13</speed>
        </extensions>
      </trkpt>
      <trkpt lat="52.6946809" lon="27.5775564">
        <ele>196</ele>
        <time>2024-08-17T13:31:12Z</time>
        <hdop>3.5</hdop>
        <extensions>
          <speed>1.92</speed>
        </extensions>
      </trkpt>
      <trkpt lat="52.6946866" lon="27.5768913">
        <ele>192</ele>
        <time>2024-08-17T13:31:22Z</time>
        <hdop>2.5</hdop>
        <extensions>
          <speed>2.71</speed>
        </extensions>
      </trkpt>
      <trkpt lat="52.6947165" lon="27.5758998">
        <ele>182</ele>
        <time>2024-08-17T13:31:32Z</time>
        <hdop>1.5</hdop>
        <extensions>
          <speed>5.31</speed>
        </extensions>
      </trkpt>
      <trkpt lat="52.6946996" lon="27.5750609">
        <ele>178</ele>
        <time>2024-08-17T13:31:43Z</time>
        <hdop>2</hdop>
        <extensions>
          <speed>4.22</speed>
        </extensions>
      </trkpt>
      <trkpt lat="52.6946969" lon="27.5743114">
        <ele>176</ele>
        <time>2024-08-17T13:31:53Z</time>
        <hdop>1.5</hdop>
        <extensions>
          <speed>4.28</speed>
        </extensions>
      </trkpt>
      <trkpt lat="52.6946177" lon="27.5736429">
        <ele>180</ele>
        <time>2024-08-17T13:32:04Z</time>
        <hdop>2.5</hdop>
        <extensions>
          <speed>4.52</speed>
        </extensions>
      </trkpt>
      <trkpt lat="52.6946172" lon="27.5727638">
        <ele>172</ele>
        <time>2024-08-17T13:32:14Z</time>
        <hdop>1.5</hdop>
        <extensions>
          <speed>5.11</speed>
        </extensions>
      </trkpt>
      <trkpt lat="52.6946066" lon="27.5719288">
        <ele>170</ele>
        <time>2024-08-17T13:32:24Z</time>
        <hdop>1</hdop>
        <extensions>
          <speed>5.02</speed>
        </extensions>
      </trkpt>
      <trkpt lat="52.6945716" lon="27.5712327">
        <ele>170</ele>
        <time>2024-08-17T13:32:34Z</time>
        <hdop>1.5</hdop>
        <extensions>
          <speed>4.15</speed>
        </extensions>
      </trkpt>
      <trkpt lat="52.6942441" lon="27.570832">
        <ele>168</ele>
        <time>2024-08-17T13:32:44Z</time>
        <hdop>1</hdop>
        <extensions>
          <speed>5.06</speed>
        </extensions>
      </trkpt>
      <trkpt lat="52.6937653" lon="27.5705237">
        <ele>168</ele>
        <time>2024-08-17T13:32:55Z</time>
        <hdop>1</hdop>
        <extensions>
          <speed>5.12</speed>
        </extensions>
      </trkpt>
      <trkpt lat="52.6933298" lon="27.5702166">
        <ele>167</ele>
        <time>2024-08-17T13:33:05Z</time>
        <hdop>1.5</hdop>
        <extensions>
          <speed>5.04</speed>
        </extensions>
      </trkpt>
      <trkpt lat="52.6929053" lon="27.5699249">
        <ele>167</ele>
        <time>2024-08-17T13:33:16Z</time>
        <hdop>1.5</hdop>
        <extensions>
          <speed>3.98</speed>
        </extensions>
      </trkpt>
      <trkpt lat="52.693021" lon="27.5693835">
        <ele>168</ele>
        <time>2024-08-17T13:33:27Z</time>
        <hdop>1.5</hdop>
        <extensions>
          <speed>2.67</speed>
        </extensions>
      </trkpt>
      <trkpt lat="52.6930295" lon="27.5692864">
        <ele>168</ele>
        <time>2024-08-17T13:33:38Z</time>
        <hdop>1.5</hdop>
      </trkpt>
      <trkpt lat="52.6930295" lon="27.5692864">
        <ele>168</ele>
        <time>2024-08-17T13:33:50Z</time>
        <hdop>1.5</hdop>
      </trkpt>
      <trkpt lat="52.693029" lon="27.5692843">
        <ele>168</ele>
        <time>2024-08-17T13:34:00Z</time>
        <hdop>2</hdop>
      </trkpt>
      <trkpt lat="52.693038" lon="27.5692807">
        <ele>167</ele>
        <time>2024-08-17T13:34:11Z</time>
        <hdop>2</hdop>
      </trkpt>
      <trkpt lat="52.6930958" lon="27.5692294">
        <ele>169</ele>
        <time>2024-08-17T13:34:21Z</time>
        <hdop>1.5</hdop>
        <extensions>
          <speed>1.03</speed>
        </extensions>
      </trkpt>
      <trkpt lat="52.693141" lon="27.5691811">
        <ele>168</ele>
        <time>2024-08-17T13:34:32Z</time>
        <hdop>2</hdop>
      </trkpt>
      <trkpt lat="52.693141" lon="27.5691811">
        <ele>168</ele>
        <time>2024-08-17T13:34:42Z</time>
        <hdop>2</hdop>
      </trkpt>
      <trkpt lat="52.6931436" lon="27.5692077">
        <ele>166</ele>
        <time>2024-08-17T13:34:52Z</time>
        <hdop>3</hdop>
        <extensions>
          <speed>0.96</speed>
        </extensions>
      </trkpt>
      <trkpt lat="52.6931057" lon="27.5691643">
        <ele>167</ele>
        <time>2024-08-17T13:35:03Z</time>
        <hdop>3.5</hdop>
        <extensions>
          <speed>0.19</speed>
        </extensions>
      </trkpt>
      <trkpt lat="52.6931196" lon="27.5691354">
        <ele>161</ele>
        <time>2024-08-17T13:35:13Z</time>
        <hdop>4</hdop>
      </trkpt>
      <trkpt lat="52.6930908" lon="27.5692574">
        <ele>168</ele>
        <time>2024-08-17T13:35:24Z</time>
        <hdop>2.5</hdop>
        <extensions>
          <speed>1.3</speed>
        </extensions>
      </trkpt>
      <trkpt lat="52.6930427" lon="27.5692874">
        <ele>166</ele>
        <time>2024-08-17T13:35:35Z</time>
        <hdop>3.5</hdop>
      </trkpt>
      <trkpt lat="52.6930427" lon="27.5692722">
        <ele>168</ele>
        <time>2024-08-17T13:35:46Z</time>
        <hdop>2</hdop>
      </trkpt>
      <trkpt lat="52.6931132" lon="27.5692279">
        <ele>168</ele>
        <time>2024-08-17T13:35:56Z</time>
        <hdop>2</hdop>
      </trkpt>
      <trkpt lat="52.693142" lon="27.5691916">
        <ele>167</ele>
        <time>2024-08-17T13:36:07Z</time>
        <hdop>1.5</hdop>
      </trkpt>
      <trkpt lat="52.693142" lon="27.5691916">
        <ele>167</ele>
        <time>2024-08-17T13:36:18Z</time>
        <hdop>2</hdop>
      </trkpt>
      <trkpt lat="52.6931645" lon="27.5691786">
        <ele>166</ele>
        <time>2024-08-17T13:36:28Z</time>
        <hdop>2</hdop>
        <extensions>
          <speed>0.15</speed>
        </extensions>
      </trkpt>
      <trkpt lat="52.6931684" lon="27.569184">
        <ele>166</ele>
        <time>2024-08-17T13:36:38Z</time>
        <hdop>1.5</hdop>
      </trkpt>
      <trkpt lat="52.6931684" lon="27.569184">
        <ele>166</ele>
        <time>2024-08-17T13:36:49Z</time>
        <hdop>2</hdop>
      </trkpt>
      <trkpt lat="52.6931664" lon="27.5691807">
        <ele>166</ele>
        <time>2024-08-17T13:36:59Z</time>
        <hdop>2</hdop>
      </trkpt>
      <trkpt lat="52.6931704" lon="27.5692284">
        <ele>167</ele>
        <time>2024-08-17T13:37:10Z</time>
        <hdop>2</hdop>
      </trkpt>
      <trkpt lat="52.6931704" lon="27.5692284">
        <ele>167</ele>
        <time>2024-08-17T13:37:20Z</time>
        <hdop>2</hdop>
      </trkpt>
      <trkpt lat="52.6931596" lon="27.56919">
        <ele>167</ele>
        <time>2024-08-17T13:37:30Z</time>
        <hdop>1.5</hdop>
      </trkpt>
      <trkpt lat="52.6931502" lon="27.5691804">
        <ele>166</ele>
        <time>2024-08-17T13:37:41Z</time>
        <hdop>2</hdop>
        <extensions>
          <speed>0.26</speed>
        </extensions>
      </trkpt>
      <trkpt lat="52.6932125" lon="27.5688584">
        <ele>168</ele>
        <time>2024-08-17T13:37:52Z</time>
        <hdop>1.5</hdop>
        <extensions>
          <speed>4.79</speed>
        </extensions>
      </trkpt>
      <trkpt lat="52.6933649" lon="27.5680958">
        <ele>167</ele>
        <time>2024-08-17T13:38:02Z</time>
        <hdop>1</hdop>
        <extensions>
          <speed>5.51</speed>
        </extensions>
      </trkpt>
      <trkpt lat="52.6935041" lon="27.5672619">
        <ele>168</ele>
        <time>2024-08-17T13:38:13Z</time>
        <hdop>1</hdop>
        <extensions>
          <speed>4.51</speed>
        </extensions>
      </trkpt>
      <trkpt lat="52.6935931" lon="27.5666554">
        <ele>168</ele>
        <time>2024-08-17T13:38:24Z</time>
        <hdop>1.5</hdop>
        <extensions>
          <speed>4.12</speed>
        </extensions>
      </trkpt>
      <trkpt lat="52.6937266" lon="27.5659351">
        <ele>168</ele>
        <time>2024-08-17T13:38:34Z</time>
        <hdop>1</hdop>
        <extensions>
          <speed>4.69</speed>
        </extensions>
      </trkpt>
      <trkpt lat="52.6938623" lon="27.5651769">
        <ele>168</ele>
        <time>2024-08-17T13:38:45Z</time>
        <hdop>1</hdop>
        <extensions>
          <speed>4.59</speed>
        </extensions>
      </trkpt>
      <trkpt lat="52.6939831" lon="27.5644104">
        <ele>169</ele>
        <time>2024-08-17T13:38:56Z</time>
        <hdop>1</hdop>
        <extensions>
          <speed>4.82</speed>
        </extensions>
      </trkpt>
      <trkpt lat="52.6941932" lon="27.5638156">
        <ele>171</ele>
        <time>2024-08-17T13:39:06Z</time>
        <hdop>1.5</hdop>
        <extensions>
          <speed>5.09</speed>
        </extensions>
      </trkpt>
      <trkpt lat="52.694641" lon="27.5635421">
        <ele>171</ele>
        <time>2024-08-17T13:39:16Z</time>
        <hdop>1.5</hdop>
        <extensions>
          <speed>4.93</speed>
        </extensions>
      </trkpt>
      <trkpt lat="52.6950213" lon="27.5631558">
        <ele>170</ele>
        <time>2024-08-17T13:39:26Z</time>
        <hdop>1.5</hdop>
        <extensions>
          <speed>5.31</speed>
        </extensions>
      </trkpt>
      <trkpt lat="52.6952783" lon="27.5625321">
        <ele>173</ele>
        <time>2024-08-17T13:39:37Z</time>
        <hdop>2.5</hdop>
        <extensions>
          <speed>2.18</speed>
        </extensions>
      </trkpt>
      <trkpt lat="52.69558" lon="27.561948">
        <ele>182</ele>
        <time>2024-08-17T13:39:48Z</time>
        <hdop>2</hdop>
        <extensions>
          <speed>4.43</speed>
        </extensions>
      </trkpt>
      <trkpt lat="52.6958399" lon="27.5615111">
        <ele>202</ele>
        <time>2024-08-17T13:39:58Z</time>
        <hdop>3.5</hdop>
        <extensions>
          <speed>2.49</speed>
        </extensions>
      </trkpt>
      <trkpt lat="52.6960254" lon="27.5609677">
        <ele>214</ele>
        <time>2024-08-17T13:40:09Z</time>
        <hdop>2.5</hdop>
        <extensions>
          <speed>3.06</speed>
        </extensions>
      </trkpt>
      <trkpt lat="52.6965193" lon="27.5604768">
        <ele>198</ele>
        <time>2024-08-17T13:40:19Z</time>
        <hdop>2.5</hdop>
        <extensions>
          <speed>4.04</speed>
        </extensions>
      </trkpt>
      <trkpt lat="52.6969345" lon="27.5601603">
        <ele>196</ele>
        <time>2024-08-17T13:40:30Z</time>
        <hdop>2.5</hdop>
        <extensions>
          <speed>2.71</speed>
        </extensions>
      </trkpt>
      <trkpt lat="52.6973135" lon="27.5599267">
        <ele>204</ele>
        <time>2024-08-17T13:40:40Z</time>
        <hdop>2.5</hdop>
        <extensions>
          <speed>3.89</speed>
        </extensions>
      </trkpt>
      <trkpt lat="52.6977292" lon="27.5595281">
        <ele>203</ele>
        <time>2024-08-17T13:40:51Z</time>
        <hdop>2</hdop>
        <extensions>
          <speed>4.23</speed>
        </extensions>
      </trkpt>
      <trkpt lat="52.6981119" lon="27.5590642">
        <ele>196</ele>
        <time>2024-08-17T13:41:02Z</time>
        <hdop>2.5</hdop>
        <extensions>
          <speed>3.83</speed>
        </extensions>
      </trkpt>
      <trkpt lat="52.6984743" lon="27.5587299">
        <ele>193</ele>
        <time>2024-08-17T13:41:12Z</time>
        <hdop>2.5</hdop>
        <extensions>
          <speed>3.36</speed>
        </extensions>
      </trkpt>
      <trkpt lat="52.698761" lon="27.5584603">
        <ele>196</ele>
        <time>2024-08-17T13:41:23Z</time>
        <hdop>2.5</hdop>
        <extensions>
          <speed>2.61</speed>
        </extensions>
      </trkpt>
      <trkpt lat="52.6990142" lon="27.558146">
        <ele>192</ele>
        <time>2024-08-17T13:41:33Z</time>
        <hdop>2.5</hdop>
        <extensions>
          <speed>3.39</speed>
        </extensions>
      </trkpt>
      <trkpt lat="52.6992451" lon="27.5577436">
        <ele>187</ele>
        <time>2024-08-17T13:41:43Z</time>
        <hdop>2</hdop>
        <extensions>
          <speed>3.31</speed>
        </extensions>
      </trkpt>
      <trkpt lat="52.6994789" lon="27.557281">
        <ele>186</ele>
        <time>2024-08-17T13:41:54Z</time>
        <hdop>2</hdop>
        <extensions>
          <speed>3.1</speed>
        </extensions>
      </trkpt>
      <trkpt lat="52.6996579" lon="27.5569213">
        <ele>187</ele>
        <time>2024-08-17T13:42:04Z</time>
        <hdop>2.5</hdop>
        <extensions>
          <speed>3.23</speed>
        </extensions>
      </trkpt>
      <trkpt lat="52.6998525" lon="27.5564602">
        <ele>189</ele>
        <time>2024-08-17T13:42:15Z</time>
        <hdop>2</hdop>
        <extensions>
          <speed>2.76</speed>
        </extensions>
      </trkpt>
      <trkpt lat="52.7000432" lon="27.5560932">
        <ele>189</ele>
        <time>2024-08-17T13:42:25Z</time>
        <hdop>2.5</hdop>
        <extensions>
          <speed>3.13</speed>
        </extensions>
      </trkpt>
      <trkpt lat="52.7002436" lon="27.5555932">
        <ele>192</ele>
        <time>2024-08-17T13:42:36Z</time>
        <hdop>2.5</hdop>
        <extensions>
          <speed>3.51</speed>
        </extensions>
      </trkpt>
      <trkpt lat="52.7004768" lon="27.5550524">
        <ele>197</ele>
        <time>2024-08-17T13:42:47Z</time>
        <hdop>2</hdop>
        <extensions>
          <speed>4.03</speed>
        </extensions>
      </trkpt>
      <trkpt lat="52.7007253" lon="27.554497">
        <ele>194</ele>
        <time>2024-08-17T13:42:58Z</time>
        <hdop>2</hdop>
        <extensions>
          <speed>3.86</speed>
        </extensions>
      </trkpt>
      <trkpt lat="52.7009421" lon="27.5539017">
        <ele>192</ele>
        <time>2024-08-17T13:43:08Z</time>
        <hdop>2</hdop>
        <extensions>
          <speed>4.05</speed>
        </extensions>
      </trkpt>
      <trkpt lat="52.7011195" lon="27.5533305">
        <ele>198</ele>
        <time>2024-08-17T13:43:19Z</time>
        <hdop>3</hdop>
        <extensions>
          <speed>3.7</speed>
        </extensions>
      </trkpt>
      <trkpt lat="52.7013086" lon="27.5527582">
        <ele>199</ele>
        <time>2024-08-17T13:43:30Z</time>
        <hdop>2.5</hdop>
        <extensions>
          <speed>2.46</speed>
        </extensions>
      </trkpt>
      <trkpt lat="52.7015153" lon="27.552338">
        <ele>199</ele>
        <time>2024-08-17T13:43:40Z</time>
        <hdop>2.5</hdop>
        <extensions>
          <speed>3.43</speed>
        </extensions>
      </trkpt>
      <trkpt lat="52.7015541" lon="27.5518409">
        <ele>197</ele>
        <time>2024-08-17T13:43:50Z</time>
        <hdop>2.5</hdop>
        <extensions>
          <speed>3.33</speed>
        </extensions>
      </trkpt>
      <trkpt lat="52.7015232" lon="27.5512924">
        <ele>189</ele>
        <time>2024-08-17T13:44:01Z</time>
        <hdop>2</hdop>
        <extensions>
          <speed>2.47</speed>
        </extensions>
      </trkpt>
      <trkpt lat="52.7014951" lon="27.5508252">
        <ele>185</ele>
        <time>2024-08-17T13:44:11Z</time>
        <hdop>2</hdop>
        <extensions>
          <speed>2.74</speed>
        </extensions>
      </trkpt>
      <trkpt lat="52.7014737" lon="27.5502835">
        <ele>182</ele>
        <time>2024-08-17T13:44:22Z</time>
        <hdop>2</hdop>
        <extensions>
          <speed>3.31</speed>
        </extensions>
      </trkpt>
      <trkpt lat="52.7014689" lon="27.5497324">
        <ele>182</ele>
        <time>2024-08-17T13:44:33Z</time>
        <hdop>1.5</hdop>
        <extensions>
          <speed>3.82</speed>
        </extensions>
      </trkpt>
      <trkpt lat="52.7015121" lon="27.5491217">
        <ele>182</ele>
        <time>2024-08-17T13:44:43Z</time>
        <hdop>1.5</hdop>
        <extensions>
          <speed>4.18</speed>
        </extensions>
      </trkpt>
      <trkpt lat="52.7015438" lon="27.548557">
        <ele>188</ele>
        <time>2024-08-17T13:44:53Z</time>
        <hdop>2</hdop>
        <extensions>
          <speed>4.32</speed>
        </extensions>
      </trkpt>
      <trkpt lat="52.7014992" lon="27.5478802">
        <ele>197</ele>
        <time>2024-08-17T13:45:04Z</time>
        <hdop>2.5</hdop>
        <extensions>
          <speed>2.71</speed>
        </extensions>
      </trkpt>
      <trkpt lat="52.7014396" lon="27.5473387">
        <ele>218</ele>
        <time>2024-08-17T13:45:14Z</time>
        <hdop>2</hdop>
        <extensions>
          <speed>1.96</speed>
        </extensions>
      </trkpt>
      <trkpt lat="52.701489" lon="27.5467069">
        <ele>211</ele>
        <time>2024-08-17T13:45:24Z</time>
        <hdop>2</hdop>
        <extensions>
          <speed>1.59</speed>
        </extensions>
      </trkpt>
      <trkpt lat="52.7015504" lon="27.5464268">
        <ele>198</ele>
        <time>2024-08-17T13:45:36Z</time>
        <hdop>2</hdop>
        <extensions>
          <speed>1.3</speed>
        </extensions>
      </trkpt>
      <trkpt lat="52.7016229" lon="27.5461497">
        <ele>193</ele>
        <time>2024-08-17T13:45:46Z</time>
        <hdop>2</hdop>
        <extensions>
          <speed>1.52</speed>
        </extensions>
      </trkpt>
      <trkpt lat="52.7016557" lon="27.5460132">
        <ele>191</ele>
        <time>2024-08-17T13:45:58Z</time>
        <hdop>2</hdop>
      </trkpt>
      <trkpt lat="52.7016772" lon="27.5459325">
        <ele>193</ele>
        <time>2024-08-17T13:46:08Z</time>
        <hdop>2</hdop>
        <extensions>
          <speed>0.35</speed>
        </extensions>
      </trkpt>
      <trkpt lat="52.7017999" lon="27.5457787">
        <ele>194</ele>
        <time>2024-08-17T13:46:18Z</time>
        <hdop>2</hdop>
      </trkpt>
      <trkpt lat="52.7019335" lon="27.5456101">
        <ele>193</ele>
        <time>2024-08-17T13:46:28Z</time>
        <hdop>3</hdop>
        <extensions>
          <speed>2.38</speed>
        </extensions>
      </trkpt>
      <trkpt lat="52.70198" lon="27.545522">
        <ele>191</ele>
        <time>2024-08-17T13:46:39Z</time>
        <hdop>2</hdop>
        <extensions>
          <speed>1.17</speed>
        </extensions>
      </trkpt>
      <trkpt lat="52.7020035" lon="27.5453595">
        <ele>195</ele>
        <time>2024-08-17T13:46:50Z</time>
        <hdop>2.5</hdop>
      </trkpt>
      <trkpt lat="52.7020889" lon="27.5450546">
        <ele>198</ele>
        <time>2024-08-17T13:47:00Z</time>
        <hdop>2</hdop>
        <extensions>
          <speed>2.02</speed>
        </extensions>
      </trkpt>
      <trkpt lat="52.7022185" lon="27.5446485">
        <ele>206</ele>
        <time>2024-08-17T13:47:11Z</time>
        <hdop>2.5</hdop>
        <extensions>
          <speed>1.24</speed>
        </extensions>
      </trkpt>
      <trkpt lat="52.7024078" lon="27.544375">
        <ele>203</ele>
        <time>2024-08-17T13:47:22Z</time>
        <hdop>2.5</hdop>
        <extensions>
          <speed>1.37</speed>
        </extensions>
      </trkpt>
      <trkpt lat="52.7025235" lon="27.5439786">
        <ele>201</ele>
        <time>2024-08-17T13:47:32Z</time>
        <hdop>2.5</hdop>
        <extensions>
          <speed>2.35</speed>
        </extensions>
      </trkpt>
      <trkpt lat="52.7026892" lon="27.5434935">
        <ele>193</ele>
        <time>2024-08-17T13:47:43Z</time>
        <hdop>2</hdop>
        <extensions>
          <speed>3.44</speed>
        </extensions>
      </trkpt>
      <trkpt lat="52.7029075" lon="27.5430276">
        <ele>191</ele>
        <time>2024-08-17T13:47:53Z</time>
        <hdop>2</hdop>
        <extensions>
          <speed>3.09</speed>
        </extensions>
      </trkpt>
      <trkpt lat="52.7030202" lon="27.5425895">
        <ele>194</ele>
        <time>2024-08-17T13:48:04Z</time>
        <hdop>2.5</hdop>
        <extensions>
          <speed>2.14</speed>
        </extensions>
      </trkpt>
      <trkpt lat="52.7032294" lon="27.5421169">
        <ele>191</ele>
        <time>2024-08-17T13:48:14Z</time>
        <hdop>2.5</hdop>
        <extensions>
          <speed>3.47</speed>
        </extensions>
      </trkpt>
      <trkpt lat="52.7034567" lon="27.5416256">
        <ele>183</ele>
        <time>2024-08-17T13:48:25Z</time>
        <hdop>2</hdop>
        <extensions>
          <speed>3.33</speed>
        </extensions>
      </trkpt>
      <trkpt lat="52.7035921" lon="27.5411649">
        <ele>182</ele>
        <time>2024-08-17T13:48:35Z</time>
        <hdop>2.5</hdop>
        <extensions>
          <speed>3.27</speed>
        </extensions>
      </trkpt>
      <trkpt lat="52.7037331" lon="27.5406461">
        <ele>185</ele>
        <time>2024-08-17T13:48:46Z</time>
        <hdop>2.5</hdop>
        <extensions>
          <speed>2.96</speed>
        </extensions>
      </trkpt>
      <trkpt lat="52.7038935" lon="27.540178">
        <ele>190</ele>
        <time>2024-08-17T13:48:56Z</time>
        <hdop>2</hdop>
        <extensions>
          <speed>2.16</speed>
        </extensions>
      </trkpt>
      <trkpt lat="52.7040928" lon="27.5396882">
        <ele>188</ele>
        <time>2024-08-17T13:49:06Z</time>
        <hdop>2.5</hdop>
        <extensions>
          <speed>4.01</speed>
        </extensions>
      </trkpt>
      <trkpt lat="52.7043046" lon="27.539097">
        <ele>193</ele>
        <time>2024-08-17T13:49:17Z</time>
        <hdop>2</hdop>
        <extensions>
          <speed>3.96</speed>
        </extensions>
      </trkpt>
      <trkpt lat="52.7045395" lon="27.538541">
        <ele>194</ele>
        <time>2024-08-17T13:49:27Z</time>
        <hdop>2</hdop>
        <extensions>
          <speed>3.39</speed>
        </extensions>
      </trkpt>
      <trkpt lat="52.704764" lon="27.5381031">
        <ele>196</ele>
        <time>2024-08-17T13:49:37Z</time>
        <hdop>2</hdop>
        <extensions>
          <speed>3.81</speed>
        </extensions>
      </trkpt>
      <trkpt lat="52.7050152" lon="27.5376473">
        <ele>197</ele>
        <time>2024-08-17T13:49:47Z</time>
        <hdop>2</hdop>
        <extensions>
          <speed>2.65</speed>
        </extensions>
      </trkpt>
      <trkpt lat="52.7052556" lon="27.5371974">
        <ele>204</ele>
        <time>2024-08-17T13:49:58Z</time>
        <hdop>2.5</hdop>
        <extensions>
          <speed>3.29</speed>
        </extensions>
      </trkpt>
      <trkpt lat="52.7055678" lon="27.5367248">
        <ele>201</ele>
        <time>2024-08-17T13:50:09Z</time>
        <hdop>2</hdop>
        <extensions>
          <speed>4.54</speed>
        </extensions>
      </trkpt>
      <trkpt lat="52.7058658" lon="27.5362564">
        <ele>202</ele>
        <time>2024-08-17T13:50:19Z</time>
        <hdop>2.5</hdop>
        <extensions>
          <speed>4.17</speed>
        </extensions>
      </trkpt>
      <trkpt lat="52.7062276" lon="27.5358707">
        <ele>202</ele>
        <time>2024-08-17T13:50:30Z</time>
        <hdop>2.5</hdop>
        <extensions>
          <speed>2.59</speed>
        </extensions>
      </trkpt>
      <trkpt lat="52.7065742" lon="27.5355516">
        <ele>208</ele>
        <time>2024-08-17T13:50:41Z</time>
        <hdop>2.5</hdop>
        <extensions>
          <speed>3.74</speed>
        </extensions>
      </trkpt>
      <trkpt lat="52.7069513" lon="27.5353115">
        <ele>206</ele>
        <time>2024-08-17T13:50:51Z</time>
        <hdop>2.5</hdop>
        <extensions>
          <speed>3.85</speed>
        </extensions>
      </trkpt>
      <trkpt lat="52.707336" lon="27.5348462">
        <ele>202</ele>
        <time>2024-08-17T13:51:02Z</time>
        <hdop>2.5</hdop>
        <extensions>
          <speed>4.11</speed>
        </extensions>
      </trkpt>
      <trkpt lat="52.7076229" lon="27.5343348">
        <ele>204</ele>
        <time>2024-08-17T13:51:13Z</time>
        <hdop>2</hdop>
        <extensions>
          <speed>2.84</speed>
        </extensions>
      </trkpt>
      <trkpt lat="52.7077709" lon="27.5337301">
        <ele>209</ele>
        <time>2024-08-17T13:51:23Z</time>
        <hdop>2.5</hdop>
        <extensions>
          <speed>3.6</speed>
        </extensions>
      </trkpt>
      <trkpt lat="52.708047" lon="27.5329805">
        <ele>202</ele>
        <time>2024-08-17T13:51:34Z</time>
        <hdop>3.5</hdop>
        <extensions>
          <speed>3.33</speed>
        </extensions>
      </trkpt>
      <trkpt lat="52.70832" lon="27.5322416">
        <ele>194</ele>
        <time>2024-08-17T13:51:45Z</time>
        <hdop>2</hdop>
        <extensions>
          <speed>4.11</speed>
        </extensions>
      </trkpt>
      <trkpt lat="52.7084934" lon="27.5316105">
        <ele>192</ele>
        <time>2024-08-17T13:51:55Z</time>
        <hdop>2</hdop>
        <extensions>
          <speed>4.07</speed>
        </extensions>
      </trkpt>
      <trkpt lat="52.7086493" lon="27.5309473">
        <ele>188</ele>
        <time>2024-08-17T13:52:06Z</time>
        <hdop>2</hdop>
        <extensions>
          <speed>4.24</speed>
        </extensions>
      </trkpt>
      <trkpt lat="52.7087816" lon="27.5303576">
        <ele>183</ele>
        <time>2024-08-17T13:52:16Z</time>
        <hdop>2.5</hdop>
        <extensions>
          <speed>3.88</speed>
        </extensions>
      </trkpt>
      <trkpt lat="52.708931" lon="27.5297973">
        <ele>180</ele>
        <time>2024-08-17T13:52:26Z</time>
        <hdop>2</hdop>
        <extensions>
          <speed>3.72</speed>
        </extensions>
      </trkpt>
      <trkpt lat="52.7090151" lon="27.5292182">
        <ele>179</ele>
        <time>2024-08-17T13:52:37Z</time>
        <hdop>2</hdop>
        <extensions>
          <speed>3.03</speed>
        </extensions>
      </trkpt>
      <trkpt lat="52.7090768" lon="27.5287266">
        <ele>185</ele>
        <time>2024-08-17T13:52:47Z</time>
        <hdop>2</hdop>
        <extensions>
          <speed>3.7</speed>
        </extensions>
      </trkpt>
      <trkpt lat="52.7091805" lon="27.528121">
        <ele>191</ele>
        <time>2024-08-17T13:52:58Z</time>
        <hdop>2.5</hdop>
        <extensions>
          <speed>3.89</speed>
        </extensions>
      </trkpt>
      <trkpt lat="52.7093932" lon="27.5274725">
        <ele>191</ele>
        <time>2024-08-17T13:53:10Z</time>
        <hdop>3.5</hdop>
        <extensions>
          <speed>2.63</speed>
        </extensions>
      </trkpt>
      <trkpt lat="52.7096782" lon="27.5269463">
        <ele>185</ele>
        <time>2024-08-17T13:53:21Z</time>
        <hdop>2</hdop>
        <extensions>
          <speed>3.59</speed>
        </extensions>
      </trkpt>
      <trkpt lat="52.709846" lon="27.5264529">
        <ele>186</ele>
        <time>2024-08-17T13:53:31Z</time>
        <hdop>2.5</hdop>
        <extensions>
          <speed>3.7</speed>
        </extensions>
      </trkpt>
      <trkpt lat="52.7100468" lon="27.5259138">
        <ele>188</ele>
        <time>2024-08-17T13:53:42Z</time>
        <hdop>3</hdop>
        <extensions>
          <speed>2.94</speed>
        </extensions>
      </trkpt>
      <trkpt lat="52.710207" lon="27.5252961">
        <ele>191</ele>
        <time>2024-08-17T13:53:53Z</time>
        <hdop>2</hdop>
        <extensions>
          <speed>3.84</speed>
        </extensions>
      </trkpt>
      <trkpt lat="52.7104152" lon="27.5246599">
        <ele>193</ele>
        <time>2024-08-17T13:54:04Z</time>
        <hdop>2.5</hdop>
        <extensions>
          <speed>4.1</speed>
        </extensions>
      </trkpt>
      <trkpt lat="52.7105354" lon="27.5241541">
        <ele>195</ele>
        <time>2024-08-17T13:54:14Z</time>
        <hdop>2.5</hdop>
        <extensions>
          <speed>2.29</speed>
        </extensions>
      </trkpt>
      <trkpt lat="52.7107443" lon="27.5235563">
        <ele>194</ele>
        <time>2024-08-17T13:54:24Z</time>
        <hdop>2.5</hdop>
        <extensions>
          <speed>2.11</speed>
        </extensions>
      </trkpt>
      <trkpt lat="52.7109949" lon="27.5230318">
        <ele>202</ele>
        <time>2024-08-17T13:54:35Z</time>
        <hdop>2.5</hdop>
        <extensions>
          <speed>3.28</speed>
        </extensions>
      </trkpt>
      <trkpt lat="52.7112881" lon="27.5225738">
        <ele>209</ele>
        <time>2024-08-17T13:54:46Z</time>
        <hdop>2.5</hdop>
        <extensions>
          <speed>2.59</speed>
        </extensions>
      </trkpt>
      <trkpt lat="52.7115806" lon="27.5221922">
        <ele>214</ele>
        <time>2024-08-17T13:54:56Z</time>
        <hdop>3</hdop>
        <extensions>
          <speed>3.29</speed>
        </extensions>
      </trkpt>
      <trkpt lat="52.7119663" lon="27.5215777">
        <ele>203</ele>
        <time>2024-08-17T13:55:07Z</time>
        <hdop>1.5</hdop>
        <extensions>
          <speed>4.55</speed>
        </extensions>
      </trkpt>
      <trkpt lat="52.712243" lon="27.5210578">
        <ele>200</ele>
        <time>2024-08-17T13:55:17Z</time>
        <hdop>2</hdop>
        <extensions>
          <speed>4.42</speed>
        </extensions>
      </trkpt>
      <trkpt lat="52.7125526" lon="27.5205843">
        <ele>198</ele>
        <time>2024-08-17T13:55:28Z</time>
        <hdop>2.5</hdop>
        <extensions>
          <speed>3.43</speed>
        </extensions>
      </trkpt>
      <trkpt lat="52.7127823" lon="27.520162">
        <ele>202</ele>
        <time>2024-08-17T13:55:38Z</time>
        <hdop>2.5</hdop>
        <extensions>
          <speed>3</speed>
        </extensions>
      </trkpt>
      <trkpt lat="52.7129483" lon="27.5196948">
        <ele>201</ele>
        <time>2024-08-17T13:55:49Z</time>
        <hdop>2.5</hdop>
        <extensions>
          <speed>1.24</speed>
        </extensions>
      </trkpt>
      <trkpt lat="52.7130252" lon="27.5191897">
        <ele>215</ele>
        <time>2024-08-17T13:55:59Z</time>
        <hdop>2.5</hdop>
        <extensions>
          <speed>1.66</speed>
        </extensions>
      </trkpt>
      <trkpt lat="52.7131937" lon="27.5186517">
        <ele>216</ele>
        <time>2024-08-17T13:56:10Z</time>
        <hdop>2.5</hdop>
        <extensions>
          <speed>2.31</speed>
        </extensions>
      </trkpt>
      <trkpt lat="52.7133243" lon="27.5180855">
        <ele>216</ele>
        <time>2024-08-17T13:56:20Z</time>
        <hdop>2.5</hdop>
        <extensions>
          <speed>2.05</speed>
        </extensions>
      </trkpt>
      <trkpt lat="52.7132628" lon="27.5175047">
        <ele>214</ele>
        <time>2024-08-17T13:56:31Z</time>
        <hdop>2.5</hdop>
        <extensions>
          <speed>2.69</speed>
        </extensions>
      </trkpt>
      <trkpt lat="52.7131282" lon="27.5168425">
        <ele>219</ele>
        <time>2024-08-17T13:56:42Z</time>
        <hdop>2.5</hdop>
        <extensions>
          <speed>2.18</speed>
        </extensions>
      </trkpt>
      <trkpt lat="52.7129407" lon="27.5162857">
        <ele>221</ele>
        <time>2024-08-17T13:56:52Z</time>
        <hdop>3</hdop>
        <extensions>
          <speed>2.48</speed>
        </extensions>
      </trkpt>
      <trkpt lat="52.7127503" lon="27.5155796">
        <ele>219</ele>
        <time>2024-08-17T13:57:03Z</time>
        <hdop>2.5</hdop>
        <extensions>
          <speed>3.29</speed>
        </extensions>
      </trkpt>
      <trkpt lat="52.7126156" lon="27.5149266">
        <ele>207</ele>
        <time>2024-08-17T13:57:13Z</time>
        <hdop>2</hdop>
        <extensions>
          <speed>2.65</speed>
        </extensions>
      </trkpt>
      <trkpt lat="52.7124658" lon="27.5143388">
        <ele>207</ele>
        <time>2024-08-17T13:57:24Z</time>
        <hdop>2</hdop>
        <extensions>
          <speed>2.71</speed>
        </extensions>
      </trkpt>
      <trkpt lat="52.7123356" lon="27.5136864">
        <ele>194</ele>
        <time>2024-08-17T13:57:34Z</time>
        <hdop>1.5</hdop>
        <extensions>
          <speed>4.11</speed>
        </extensions>
      </trkpt>
      <trkpt lat="52.7121638" lon="27.5130708">
        <ele>192</ele>
        <time>2024-08-17T13:57:44Z</time>
        <hdop>1.5</hdop>
        <extensions>
          <speed>4.74</speed>
        </extensions>
      </trkpt>
      <trkpt lat="52.7119595" lon="27.5124438">
        <ele>195</ele>
        <time>2024-08-17T13:57:54Z</time>
        <hdop>2</hdop>
        <extensions>
          <speed>4.03</speed>
        </extensions>
      </trkpt>
      <trkpt lat="52.7117596" lon="27.511749">
        <ele>201</ele>
        <time>2024-08-17T13:58:05Z</time>
        <hdop>2</hdop>
        <extensions>
          <speed>3.96</speed>
        </extensions>
      </trkpt>
      <trkpt lat="52.7115653" lon="27.5110047">
        <ele>192</ele>
        <time>2024-08-17T13:58:16Z</time>
        <hdop>1.5</hdop>
        <extensions>
          <speed>4.66</speed>
        </extensions>
      </trkpt>
      <trkpt lat="52.7116444" lon="27.5102919">
        <ele>187</ele>
        <time>2024-08-17T13:58:26Z</time>
        <hdop>1.5</hdop>
        <extensions>
          <speed>5.21</speed>
        </extensions>
      </trkpt>
      <trkpt lat="52.7119519" lon="27.5097415">
        <ele>187</ele>
        <time>2024-08-17T13:58:36Z</time>
        <hdop>2</hdop>
        <extensions>
          <speed>4.81</speed>
        </extensions>
      </trkpt>
      <trkpt lat="52.7121811" lon="27.5090474">
        <ele>191</ele>
        <time>2024-08-17T13:58:47Z</time>
        <hdop>2</hdop>
        <extensions>
          <speed>4.34</speed>
        </extensions>
      </trkpt>
      <trkpt lat="52.7124791" lon="27.5084047">
        <ele>196</ele>
        <time>2024-08-17T13:58:58Z</time>
        <hdop>2</hdop>
        <extensions>
          <speed>3.92</speed>
        </extensions>
      </trkpt>
      <trkpt lat="52.7127642" lon="27.5076499">
        <ele>199</ele>
        <time>2024-08-17T13:59:09Z</time>
        <hdop>2</hdop>
        <extensions>
          <speed>4.47</speed>
        </extensions>
      </trkpt>
      <trkpt lat="52.713202" lon="27.5070263">
        <ele>197</ele>
        <time>2024-08-17T13:59:20Z</time>
        <hdop>2</hdop>
        <extensions>
          <speed>5.11</speed>
        </extensions>
      </trkpt>
      <trkpt lat="52.7134893" lon="27.5067364">
        <ele>197</ele>
        <time>2024-08-17T13:59:31Z</time>
        <hdop>2.5</hdop>
        <extensions>
          <speed>0.98</speed>
        </extensions>
      </trkpt>
      <trkpt lat="52.7135406" lon="27.506391">
        <ele>205</ele>
        <time>2024-08-17T13:59:41Z</time>
        <hdop>2.5</hdop>
        <extensions>
          <speed>2.96</speed>
        </extensions>
      </trkpt>
      <trkpt lat="52.7137454" lon="27.5056965">
        <ele>207</ele>
        <time>2024-08-17T13:59:52Z</time>
        <hdop>3</hdop>
        <extensions>
          <speed>2.77</speed>
        </extensions>
      </trkpt>
      <trkpt lat="52.7139429" lon="27.5049095">
        <ele>213</ele>
        <time>2024-08-17T14:00:03Z</time>
        <hdop>3</hdop>
        <extensions>
          <speed>3.31</speed>
        </extensions>
      </trkpt>
      <trkpt lat="52.7141355" lon="27.5040133">
        <ele>205</ele>
        <time>2024-08-17T14:00:13Z</time>
        <hdop>2.5</hdop>
        <extensions>
          <speed>5.23</speed>
        </extensions>
      </trkpt>
      <trkpt lat="52.7144113" lon="27.5031411">
        <ele>204</ele>
        <time>2024-08-17T14:00:24Z</time>
        <hdop>2.5</hdop>
        <extensions>
          <speed>4.9</speed>
        </extensions>
      </trkpt>
      <trkpt lat="52.7147042" lon="27.5021981">
        <ele>199</ele>
        <time>2024-08-17T14:00:35Z</time>
        <hdop>2.5</hdop>
        <extensions>
          <speed>5.02</speed>
        </extensions>
      </trkpt>
      <trkpt lat="52.7149118" lon="27.5013859">
        <ele>197</ele>
        <time>2024-08-17T14:00:46Z</time>
        <hdop>2.5</hdop>
        <extensions>
          <speed>4.73</speed>
        </extensions>
      </trkpt>
      <trkpt lat="52.7151031" lon="27.500636">
        <ele>193</ele>
        <time>2024-08-17T14:00:56Z</time>
        <hdop>2</hdop>
        <extensions>
          <speed>4.76</speed>
        </extensions>
      </trkpt>
      <trkpt lat="52.7152834" lon="27.4999422">
        <ele>192</ele>
        <time>2024-08-17T14:01:06Z</time>
        <hdop>2</hdop>
        <extensions>
          <speed>4.24</speed>
        </extensions>
      </trkpt>
      <trkpt lat="52.7154674" lon="27.4991752">
        <ele>193</ele>
        <time>2024-08-17T14:01:17Z</time>
        <hdop>2</hdop>
        <extensions>
          <speed>4.75</speed>
        </extensions>
      </trkpt>
      <trkpt lat="52.7156918" lon="27.4983988">
        <ele>193</ele>
        <time>2024-08-17T14:01:27Z</time>
        <hdop>2</hdop>
        <extensions>
          <speed>4.78</speed>
        </extensions>
      </trkpt>
      <trkpt lat="52.7159781" lon="27.4976516">
        <ele>197</ele>
        <time>2024-08-17T14:01:37Z</time>
        <hdop>2</hdop>
        <extensions>
          <speed>5.47</speed>
        </extensions>
      </trkpt>
      <trkpt lat="52.716255" lon="27.4968213">
        <ele>192</ele>
        <time>2024-08-17T14:01:48Z</time>
        <hdop>2</hdop>
        <extensions>
          <speed>5.17</speed>
        </extensions>
      </trkpt>
      <trkpt lat="52.716487" lon="27.4960408">
        <ele>187</ele>
        <time>2024-08-17T14:01:58Z</time>
        <hdop>2</hdop>
        <extensions>
          <speed>5.8</speed>
        </extensions>
      </trkpt>
      <trkpt lat="52.7167568" lon="27.4952598">
        <ele>187</ele>
        <time>2024-08-17T14:02:08Z</time>
        <hdop>2</hdop>
        <extensions>
          <speed>5.38</speed>
        </extensions>
      </trkpt>
      <trkpt lat="52.7170655" lon="27.4944241">
        <ele>188</ele>
        <time>2024-08-17T14:02:19Z</time>
        <hdop>2</hdop>
        <extensions>
          <speed>6.12</speed>
        </extensions>
      </trkpt>
      <trkpt lat="52.7173297" lon="27.4936471">
        <ele>189</ele>
        <time>2024-08-17T14:02:29Z</time>
        <hdop>2.5</hdop>
        <extensions>
          <speed>5.63</speed>
        </extensions>
      </trkpt>
      <trkpt lat="52.7175943" lon="27.4929002">
        <ele>186</ele>
        <time>2024-08-17T14:02:39Z</time>
        <hdop>2</hdop>
        <extensions>
          <speed>4.73</speed>
        </extensions>
      </trkpt>
      <trkpt lat="52.717974" lon="27.4921067">
        <ele>186</ele>
        <time>2024-08-17T14:02:50Z</time>
        <hdop>2</hdop>
        <extensions>
          <speed>5.9</speed>
        </extensions>
      </trkpt>
      <trkpt lat="52.7183042" lon="27.4914399">
        <ele>191</ele>
        <time>2024-08-17T14:03:00Z</time>
        <hdop>2</hdop>
        <extensions>
          <speed>4.47</speed>
        </extensions>
      </trkpt>
      <trkpt lat="52.7186625" lon="27.4907073">
        <ele>196</ele>
        <time>2024-08-17T14:03:11Z</time>
        <hdop>2</hdop>
        <extensions>
          <speed>4.32</speed>
        </extensions>
      </trkpt>
      <trkpt lat="52.7190152" lon="27.4901046">
        <ele>195</ele>
        <time>2024-08-17T14:03:21Z</time>
        <hdop>2</hdop>
        <extensions>
          <speed>4.69</speed>
        </extensions>
      </trkpt>
      <trkpt lat="52.7192652" lon="27.4895746">
        <ele>199</ele>
        <time>2024-08-17T14:03:31Z</time>
        <hdop>2.5</hdop>
        <extensions>
          <speed>3.44</speed>
        </extensions>
      </trkpt>
      <trkpt lat="52.7194674" lon="27.4892154">
        <ele>196</ele>
        <time>2024-08-17T14:03:42Z</time>
        <hdop>2.5</hdop>
        <extensions>
          <speed>3.81</speed>
        </extensions>
      </trkpt>
      <trkpt lat="52.7197645" lon="27.4886612">
        <ele>195</ele>
        <time>2024-08-17T14:03:54Z</time>
        <hdop>2.5</hdop>
        <extensions>
          <speed>3.58</speed>
        </extensions>
      </trkpt>
      <trkpt lat="52.7200852" lon="27.4880921">
        <ele>195</ele>
        <time>2024-08-17T14:04:04Z</time>
        <hdop>2.5</hdop>
        <extensions>
          <speed>3.75</speed>
        </extensions>
      </trkpt>
      <trkpt lat="52.7204584" lon="27.4875551">
        <ele>194</ele>
        <time>2024-08-17T14:04:15Z</time>
        <hdop>2</hdop>
        <extensions>
          <speed>4.52</speed>
        </extensions>
      </trkpt>
      <trkpt lat="52.7209615" lon="27.4870737">
        <ele>187</ele>
        <time>2024-08-17T14:04:26Z</time>
        <hdop>1.5</hdop>
        <extensions>
          <speed>4.91</speed>
        </extensions>
      </trkpt>
      <trkpt lat="52.7213919" lon="27.4868574">
        <ele>182</ele>
        <time>2024-08-17T14:04:37Z</time>
        <hdop>1.5</hdop>
        <extensions>
          <speed>4.29</speed>
        </extensions>
      </trkpt>
      <trkpt lat="52.7217633" lon="27.4865756">
        <ele>185</ele>
        <time>2024-08-17T14:04:47Z</time>
        <hdop>2</hdop>
        <extensions>
          <speed>4.09</speed>
        </extensions>
      </trkpt>
      <trkpt lat="52.7221368" lon="27.4862513">
        <ele>192</ele>
        <time>2024-08-17T14:04:57Z</time>
        <hdop>2.5</hdop>
        <extensions>
          <speed>3.83</speed>
        </extensions>
      </trkpt>
      <trkpt lat="52.7225302" lon="27.4859139">
        <ele>188</ele>
        <time>2024-08-17T14:05:07Z</time>
        <hdop>2</hdop>
        <extensions>
          <speed>3.45</speed>
        </extensions>
      </trkpt>
      <trkpt lat="52.7228047" lon="27.4854937">
        <ele>187</ele>
        <time>2024-08-17T14:05:17Z</time>
        <hdop>2.5</hdop>
        <extensions>
          <speed>3.54</speed>
        </extensions>
      </trkpt>
      <trkpt lat="52.723183" lon="27.4851806">
        <ele>189</ele>
        <time>2024-08-17T14:05:28Z</time>
        <hdop>3</hdop>
        <extensions>
          <speed>3.62</speed>
        </extensions>
      </trkpt>
      <trkpt lat="52.7235577" lon="27.4849063">
        <ele>183</ele>
        <time>2024-08-17T14:05:38Z</time>
        <hdop>1.5</hdop>
        <extensions>
          <speed>4.86</speed>
        </extensions>
      </trkpt>
      <trkpt lat="52.7238447" lon="27.4842053">
        <ele>180</ele>
        <time>2024-08-17T14:05:49Z</time>
        <hdop>1.5</hdop>
        <extensions>
          <speed>5.41</speed>
        </extensions>
      </trkpt>
      <trkpt lat="52.7241419" lon="27.4831812">
        <ele>180</ele>
        <time>2024-08-17T14:05:59Z</time>
        <hdop>2</hdop>
        <extensions>
          <speed>7.15</speed>
        </extensions>
      </trkpt>
      <trkpt lat="52.7244732" lon="27.4821979">
        <ele>180</ele>
        <time>2024-08-17T14:06:10Z</time>
        <hdop>2</hdop>
        <extensions>
          <speed>5.97</speed>
        </extensions>
      </trkpt>
      <trkpt lat="52.7247847" lon="27.4812895">
        <ele>177</ele>
        <time>2024-08-17T14:06:20Z</time>
        <hdop>2</hdop>
        <extensions>
          <speed>6.83</speed>
        </extensions>
      </trkpt>
      <trkpt lat="52.7250485" lon="27.4804852">
        <ele>175</ele>
        <time>2024-08-17T14:06:30Z</time>
        <hdop>1.5</hdop>
        <extensions>
          <speed>5.75</speed>
        </extensions>
      </trkpt>
      <trkpt lat="52.7253252" lon="27.4796693">
        <ele>173</ele>
        <time>2024-08-17T14:06:40Z</time>
        <hdop>2</hdop>
        <extensions>
          <speed>5.97</speed>
        </extensions>
      </trkpt>
      <trkpt lat="52.7256271" lon="27.4787742">
        <ele>172</ele>
        <time>2024-08-17T14:06:51Z</time>
        <hdop>1.5</hdop>
        <extensions>
          <speed>6.03</speed>
        </extensions>
      </trkpt>
      <trkpt lat="52.7258919" lon="27.4779574">
        <ele>171</ele>
        <time>2024-08-17T14:07:01Z</time>
        <hdop>1.5</hdop>
        <extensions>
          <speed>5.92</speed>
        </extensions>
      </trkpt>
      <trkpt lat="52.7261673" lon="27.4771296">
        <ele>170</ele>
        <time>2024-08-17T14:07:11Z</time>
        <hdop>1.5</hdop>
        <extensions>
          <speed>6.15</speed>
        </extensions>
      </trkpt>
      <trkpt lat="52.7264335" lon="27.476326">
        <ele>172</ele>
        <time>2024-08-17T14:07:21Z</time>
        <hdop>1.5</hdop>
        <extensions>
          <speed>5.57</speed>
        </extensions>
      </trkpt>
      <trkpt lat="52.7267064" lon="27.4755268">
        <ele>170</ele>
        <time>2024-08-17T14:07:32Z</time>
        <hdop>1</hdop>
        <extensions>
          <speed>5.47</speed>
        </extensions>
      </trkpt>
      <trkpt lat="52.7269587" lon="27.474735">
        <ele>170</ele>
        <time>2024-08-17T14:07:43Z</time>
        <hdop>1</hdop>
        <extensions>
          <speed>5.75</speed>
        </extensions>
      </trkpt>
      <trkpt lat="52.727175" lon="27.4740269">
        <ele>170</ele>
        <time>2024-08-17T14:07:53Z</time>
        <hdop>1.5</hdop>
        <extensions>
          <speed>5.19</speed>
        </extensions>
      </trkpt>
      <trkpt lat="52.7274234" lon="27.4732885">
        <ele>169</ele>
        <time>2024-08-17T14:08:03Z</time>
        <hdop>2</hdop>
        <extensions>
          <speed>5.33</speed>
        </extensions>
      </trkpt>
      <trkpt lat="52.7276928" lon="27.4723942">
        <ele>171</ele>
        <time>2024-08-17T14:08:14Z</time>
        <hdop>1.5</hdop>
        <extensions>
          <speed>6</speed>
        </extensions>
      </trkpt>
      <trkpt lat="52.7279575" lon="27.4715096">
        <ele>173</ele>
        <time>2024-08-17T14:08:25Z</time>
        <hdop>1.5</hdop>
        <extensions>
          <speed>5.49</speed>
        </extensions>
      </trkpt>
      <trkpt lat="52.7281084" lon="27.470576">
        <ele>170</ele>
        <time>2024-08-17T14:08:36Z</time>
        <hdop>1</hdop>
        <extensions>
          <speed>6.07</speed>
        </extensions>
      </trkpt>
      <trkpt lat="52.7281416" lon="27.4697065">
        <ele>170</ele>
        <time>2024-08-17T14:08:47Z</time>
        <hdop>1.5</hdop>
        <extensions>
          <speed>6.22</speed>
        </extensions>
      </trkpt>
      <trkpt lat="52.7281587" lon="27.4687323">
        <ele>171</ele>
        <time>2024-08-17T14:08:57Z</time>
        <hdop>1</hdop>
        <extensions>
          <speed>5.83</speed>
        </extensions>
      </trkpt>
      <trkpt lat="52.7281662" lon="27.4678041">
        <ele>172</ele>
        <time>2024-08-17T14:09:08Z</time>
        <hdop>1.5</hdop>
        <extensions>
          <speed>5.27</speed>
        </extensions>
      </trkpt>
      <trkpt lat="52.7282486" lon="27.4670625">
        <ele>172</ele>
        <time>2024-08-17T14:09:19Z</time>
        <hdop>1.5</hdop>
        <extensions>
          <speed>4.98</speed>
        </extensions>
      </trkpt>
      <trkpt lat="52.7288007" lon="27.4670929">
        <ele>171</ele>
        <time>2024-08-17T14:09:29Z</time>
        <hdop>1</hdop>
        <extensions>
          <speed>6.48</speed>
        </extensions>
      </trkpt>
      <trkpt lat="52.7293764" lon="27.4671334">
        <ele>170</ele>
        <time>2024-08-17T14:09:39Z</time>
        <hdop>1</hdop>
        <extensions>
          <speed>5.95</speed>
        </extensions>
      </trkpt>
      <trkpt lat="52.729944" lon="27.4671618">
        <ele>171</ele>
        <time>2024-08-17T14:09:50Z</time>
        <hdop>1</hdop>
        <extensions>
          <speed>5.73</speed>
        </extensions>
      </trkpt>
      <trkpt lat="52.7304854" lon="27.4671769">
        <ele>170</ele>
        <time>2024-08-17T14:10:00Z</time>
        <hdop>1</hdop>
        <extensions>
          <speed>5.97</speed>
        </extensions>
      </trkpt>
      <trkpt lat="52.7310338" lon="27.467169">
        <ele>169</ele>
        <time>2024-08-17T14:10:11Z</time>
        <hdop>1.5</hdop>
        <extensions>
          <speed>5.3</speed>
        </extensions>
      </trkpt>
      <trkpt lat="52.7315075" lon="27.4672014">
        <ele>169</ele>
        <time>2024-08-17T14:10:21Z</time>
        <hdop>1.5</hdop>
        <extensions>
          <speed>5.21</speed>
        </extensions>
      </trkpt>
      <trkpt lat="52.7320315" lon="27.467186">
        <ele>170</ele>
        <time>2024-08-17T14:10:32Z</time>
        <hdop>1.5</hdop>
        <extensions>
          <speed>5.17</speed>
        </extensions>
      </trkpt>
      <trkpt lat="52.7326138" lon="27.4672559">
        <ele>170</ele>
        <time>2024-08-17T14:10:43Z</time>
        <hdop>1</hdop>
        <extensions>
          <speed>5.69</speed>
        </extensions>
      </trkpt>
      <trkpt lat="52.7330849" lon="27.467309">
        <ele>168</ele>
        <time>2024-08-17T14:10:53Z</time>
        <hdop>1.5</hdop>
        <extensions>
          <speed>5.05</speed>
        </extensions>
      </trkpt>
      <trkpt lat="52.7335393" lon="27.4674591">
        <ele>170</ele>
        <time>2024-08-17T14:11:03Z</time>
        <hdop>1.5</hdop>
        <extensions>
          <speed>5.12</speed>
        </extensions>
      </trkpt>
      <trkpt lat="52.7340163" lon="27.4676574">
        <ele>169</ele>
        <time>2024-08-17T14:11:13Z</time>
        <hdop>1</hdop>
        <extensions>
          <speed>5.62</speed>
        </extensions>
      </trkpt>
      <trkpt lat="52.7344957" lon="27.4678779">
        <ele>169</ele>
        <time>2024-08-17T14:11:23Z</time>
        <hdop>1.5</hdop>
        <extensions>
          <speed>5.42</speed>
        </extensions>
      </trkpt>
      <trkpt lat="52.7350261" lon="27.4681562">
        <ele>170</ele>
        <time>2024-08-17T14:11:34Z</time>
        <hdop>2</hdop>
        <extensions>
          <speed>5.38</speed>
        </extensions>
      </trkpt>
      <trkpt lat="52.7355695" lon="27.4684005">
        <ele>172</ele>
        <time>2024-08-17T14:11:45Z</time>
        <hdop>1.5</hdop>
        <extensions>
          <speed>4.99</speed>
        </extensions>
      </trkpt>
      <trkpt lat="52.7360317" lon="27.468659">
        <ele>172</ele>
        <time>2024-08-17T14:11:55Z</time>
        <hdop>1.5</hdop>
        <extensions>
          <speed>5.3</speed>
        </extensions>
      </trkpt>
      <trkpt lat="52.7365086" lon="27.468891">
        <ele>171</ele>
        <time>2024-08-17T14:12:05Z</time>
        <hdop>1</hdop>
        <extensions>
          <speed>4.75</speed>
        </extensions>
      </trkpt>
      <trkpt lat="52.7367222" lon="27.4683573">
        <ele>171</ele>
        <time>2024-08-17T14:12:16Z</time>
        <hdop>1.5</hdop>
        <extensions>
          <speed>4.45</speed>
        </extensions>
      </trkpt>
      <trkpt lat="52.7370446" lon="27.4680054">
        <ele>173</ele>
        <time>2024-08-17T14:12:26Z</time>
        <hdop>1.5</hdop>
        <extensions>
          <speed>3.94</speed>
        </extensions>
      </trkpt>
      <trkpt lat="52.7374285" lon="27.4678083">
        <ele>175</ele>
        <time>2024-08-17T14:12:37Z</time>
        <hdop>1.5</hdop>
        <extensions>
          <speed>4.1</speed>
        </extensions>
      </trkpt>
      <trkpt lat="52.7378542" lon="27.4676109">
        <ele>175</ele>
        <time>2024-08-17T14:12:48Z</time>
        <hdop>1</hdop>
        <extensions>
          <speed>3.85</speed>
        </extensions>
      </trkpt>
      <trkpt lat="52.7381666" lon="27.467422">
        <ele>177</ele>
        <time>2024-08-17T14:12:58Z</time>
        <hdop>2</hdop>
        <extensions>
          <speed>3.75</speed>
        </extensions>
      </trkpt>
      <trkpt lat="52.7384523" lon="27.4672487">
        <ele>180</ele>
        <time>2024-08-17T14:13:08Z</time>
        <hdop>3</hdop>
        <extensions>
          <speed>2.46</speed>
        </extensions>
      </trkpt>
      <trkpt lat="52.7387356" lon="27.4668973">
        <ele>186</ele>
        <time>2024-08-17T14:13:19Z</time>
        <hdop>3</hdop>
        <extensions>
          <speed>2.86</speed>
        </extensions>
      </trkpt>
      <trkpt lat="52.7391129" lon="27.4670395">
        <ele>195</ele>
        <time>2024-08-17T14:13:30Z</time>
        <hdop>2.5</hdop>
        <extensions>
          <speed>3.19</speed>
        </extensions>
      </trkpt>
      <trkpt lat="52.7394802" lon="27.4673777">
        <ele>202</ele>
        <time>2024-08-17T14:13:40Z</time>
        <hdop>2.5</hdop>
        <extensions>
          <speed>4.02</speed>
        </extensions>
      </trkpt>
      <trkpt lat="52.7398045" lon="27.4676268">
        <ele>216</ele>
        <time>2024-08-17T14:13:51Z</time>
        <hdop>3</hdop>
        <extensions>
          <speed>2.24</speed>
        </extensions>
      </trkpt>
      <trkpt lat="52.740173" lon="27.4680809">
        <ele>224</ele>
        <time>2024-08-17T14:14:01Z</time>
        <hdop>2.5</hdop>
        <extensions>
          <speed>3.94</speed>
        </extensions>
      </trkpt>
      <trkpt lat="52.740752" lon="27.468659">
        <ele>205</ele>
        <time>2024-08-17T14:14:11Z</time>
        <hdop>1.5</hdop>
        <extensions>
          <speed>5.67</speed>
        </extensions>
      </trkpt>
      <trkpt lat="52.7411622" lon="27.4692685">
        <ele>191</ele>
        <time>2024-08-17T14:14:22Z</time>
        <hdop>1.5</hdop>
        <extensions>
          <speed>3.25</speed>
        </extensions>
      </trkpt>
      <trkpt lat="52.7414785" lon="27.4695649">
        <ele>190</ele>
        <time>2024-08-17T14:14:32Z</time>
        <hdop>2</hdop>
        <extensions>
          <speed>3.99</speed>
        </extensions>
      </trkpt>
      <trkpt lat="52.7418239" lon="27.4699901">
        <ele>190</ele>
        <time>2024-08-17T14:14:42Z</time>
        <hdop>2.5</hdop>
        <extensions>
          <speed>3.46</speed>
        </extensions>
      </trkpt>
      <trkpt lat="52.742171" lon="27.470433">
        <ele>193</ele>
        <time>2024-08-17T14:14:53Z</time>
        <hdop>2.5</hdop>
        <extensions>
          <speed>3.15</speed>
        </extensions>
      </trkpt>
      <trkpt lat="52.7424453" lon="27.4707875">
        <ele>197</ele>
        <time>2024-08-17T14:15:03Z</time>
        <hdop>2.5</hdop>
        <extensions>
          <speed>3.38</speed>
        </extensions>
      </trkpt>
      <trkpt lat="52.7428306" lon="27.471158">
        <ele>195</ele>
        <time>2024-08-17T14:15:14Z</time>
        <hdop>2</hdop>
        <extensions>
          <speed>2.94</speed>
        </extensions>
      </trkpt>
      <trkpt lat="52.7431721" lon="27.4718315">
        <ele>189</ele>
        <time>2024-08-17T14:15:24Z</time>
        <hdop>1.5</hdop>
        <extensions>
          <speed>3.97</speed>
        </extensions>
      </trkpt>
      <trkpt lat="52.7434637" lon="27.47209">
        <ele>190</ele>
        <time>2024-08-17T14:15:34Z</time>
        <hdop>2.5</hdop>
        <extensions>
          <speed>3.28</speed>
        </extensions>
      </trkpt>
      <trkpt lat="52.7438122" lon="27.4723585">
        <ele>193</ele>
        <time>2024-08-17T14:15:45Z</time>
        <hdop>2</hdop>
        <extensions>
          <speed>3.82</speed>
        </extensions>
      </trkpt>
      <trkpt lat="52.7441135" lon="27.4726678">
        <ele>190</ele>
        <time>2024-08-17T14:15:55Z</time>
        <hdop>2</hdop>
        <extensions>
          <speed>3.13</speed>
        </extensions>
      </trkpt>
      <trkpt lat="52.7444791" lon="27.472965">
        <ele>189</ele>
        <time>2024-08-17T14:16:06Z</time>
        <hdop>2</hdop>
        <extensions>
          <speed>4.43</speed>
        </extensions>
      </trkpt>
      <trkpt lat="52.7448831" lon="27.4732977">
        <ele>188</ele>
        <time>2024-08-17T14:16:17Z</time>
        <hdop>1.5</hdop>
        <extensions>
          <speed>4.43</speed>
        </extensions>
      </trkpt>
      <trkpt lat="52.7452577" lon="27.4735892">
        <ele>191</ele>
        <time>2024-08-17T14:16:27Z</time>
        <hdop>1.5</hdop>
        <extensions>
          <speed>4.59</speed>
        </extensions>
      </trkpt>
      <trkpt lat="52.7456604" lon="27.4739149">
        <ele>190</ele>
        <time>2024-08-17T14:16:37Z</time>
        <hdop>1.5</hdop>
        <extensions>
          <speed>4.08</speed>
        </extensions>
      </trkpt>
      <trkpt lat="52.7461028" lon="27.4742838">
        <ele>191</ele>
        <time>2024-08-17T14:16:48Z</time>
        <hdop>1.5</hdop>
        <extensions>
          <speed>4.31</speed>
        </extensions>
      </trkpt>
      <trkpt lat="52.7464848" lon="27.4747058">
        <ele>191</ele>
        <time>2024-08-17T14:16:58Z</time>
        <hdop>1.5</hdop>
        <extensions>
          <speed>4.62</speed>
        </extensions>
      </trkpt>
      <trkpt lat="52.7468565" lon="27.4750552">
        <ele>188</ele>
        <time>2024-08-17T14:17:08Z</time>
        <hdop>1.5</hdop>
        <extensions>
          <speed>3.65</speed>
        </extensions>
      </trkpt>
      <trkpt lat="52.7472267" lon="27.4753378">
        <ele>188</ele>
        <time>2024-08-17T14:17:18Z</time>
        <hdop>1.5</hdop>
        <extensions>
          <speed>4.8</speed>
        </extensions>
      </trkpt>
      <trkpt lat="52.7476298" lon="27.4756905">
        <ele>189</ele>
        <time>2024-08-17T14:17:29Z</time>
        <hdop>2</hdop>
        <extensions>
          <speed>3.87</speed>
        </extensions>
      </trkpt>
      <trkpt lat="52.7479882" lon="27.4759881">
        <ele>188</ele>
        <time>2024-08-17T14:17:40Z</time>
        <hdop>2</hdop>
        <extensions>
          <speed>3.7</speed>
        </extensions>
      </trkpt>
      <trkpt lat="52.7484052" lon="27.4763147">
        <ele>186</ele>
        <time>2024-08-17T14:17:50Z</time>
        <hdop>1.5</hdop>
        <extensions>
          <speed>5.6</speed>
        </extensions>
      </trkpt>
      <trkpt lat="52.7489047" lon="27.4767867">
        <ele>185</ele>
        <time>2024-08-17T14:18:00Z</time>
        <hdop>2</hdop>
        <extensions>
          <speed>6.53</speed>
        </extensions>
      </trkpt>
      <trkpt lat="52.7495015" lon="27.4772712">
        <ele>184</ele>
        <time>2024-08-17T14:18:10Z</time>
        <hdop>2</hdop>
        <extensions>
          <speed>7.66</speed>
        </extensions>
      </trkpt>
      <trkpt lat="52.7500984" lon="27.4777972">
        <ele>182</ele>
        <time>2024-08-17T14:18:20Z</time>
        <hdop>1.5</hdop>
        <extensions>
          <speed>7.16</speed>
        </extensions>
      </trkpt>
      <trkpt lat="52.7506697" lon="27.4782206">
        <ele>187</ele>
        <time>2024-08-17T14:18:32Z</time>
        <hdop>2</hdop>
        <extensions>
          <speed>5.17</speed>
        </extensions>
      </trkpt>
      <trkpt lat="52.7513304" lon="27.4786934">
        <ele>185</ele>
        <time>2024-08-17T14:18:42Z</time>
        <hdop>1.5</hdop>
        <extensions>
          <speed>6.76</speed>
        </extensions>
      </trkpt>
      <trkpt lat="52.7519349" lon="27.479233">
        <ele>182</ele>
        <time>2024-08-17T14:18:53Z</time>
        <hdop>1.5</hdop>
        <extensions>
          <speed>6.13</speed>
        </extensions>
      </trkpt>
      <trkpt lat="52.7520377" lon="27.4802782">
        <ele>182</ele>
        <time>2024-08-17T14:19:03Z</time>
        <hdop>2.5</hdop>
        <extensions>
          <speed>6.54</speed>
        </extensions>
      </trkpt>
      <trkpt lat="52.75216" lon="27.4812934">
        <ele>183</ele>
        <time>2024-08-17T14:19:14Z</time>
        <hdop>2</hdop>
        <extensions>
          <speed>6.26</speed>
        </extensions>
      </trkpt>
      <trkpt lat="52.7523337" lon="27.4822198">
        <ele>185</ele>
        <time>2024-08-17T14:19:25Z</time>
        <hdop>2</hdop>
        <extensions>
          <speed>5.33</speed>
        </extensions>
      </trkpt>
      <trkpt lat="52.7523949" lon="27.4832351">
        <ele>184</ele>
        <time>2024-08-17T14:19:36Z</time>
        <hdop>2.5</hdop>
        <extensions>
          <speed>5.42</speed>
        </extensions>
      </trkpt>
      <trkpt lat="52.752427" lon="27.4841193">
        <ele>182</ele>
        <time>2024-08-17T14:19:46Z</time>
        <hdop>1.5</hdop>
        <extensions>
          <speed>5.65</speed>
        </extensions>
      </trkpt>
      <trkpt lat="52.7527594" lon="27.4848437">
        <ele>182</ele>
        <time>2024-08-17T14:19:57Z</time>
        <hdop>1.5</hdop>
        <extensions>
          <speed>5.6</speed>
        </extensions>
      </trkpt>
      <trkpt lat="52.7531639" lon="27.4853948">
        <ele>187</ele>
        <time>2024-08-17T14:20:08Z</time>
        <hdop>2</hdop>
        <extensions>
          <speed>5.1</speed>
        </extensions>
      </trkpt>
      <trkpt lat="52.7535159" lon="27.4858911">
        <ele>194</ele>
        <time>2024-08-17T14:20:18Z</time>
        <hdop>2</hdop>
        <extensions>
          <speed>3.95</speed>
        </extensions>
      </trkpt>
      <trkpt lat="52.7537364" lon="27.486776">
        <ele>194</ele>
        <time>2024-08-17T14:20:28Z</time>
        <hdop>2</hdop>
        <extensions>
          <speed>4.61</speed>
        </extensions>
      </trkpt>
      <trkpt lat="52.7539702" lon="27.487471">
        <ele>192</ele>
        <time>2024-08-17T14:20:38Z</time>
        <hdop>2</hdop>
        <extensions>
          <speed>5.17</speed>
        </extensions>
      </trkpt>
      <trkpt lat="52.7544451" lon="27.4879355">
        <ele>191</ele>
        <time>2024-08-17T14:20:49Z</time>
        <hdop>2</hdop>
        <extensions>
          <speed>3.18</speed>
        </extensions>
      </trkpt>
      <trkpt lat="52.7547598" lon="27.4882127">
        <ele>206</ele>
        <time>2024-08-17T14:20:59Z</time>
        <hdop>2.5</hdop>
        <extensions>
          <speed>2.93</speed>
        </extensions>
      </trkpt>
      <trkpt lat="52.7551513" lon="27.488792">
        <ele>205</ele>
        <time>2024-08-17T14:21:09Z</time>
        <hdop>2</hdop>
        <extensions>
          <speed>4.22</speed>
        </extensions>
      </trkpt>
      <trkpt lat="52.7556997" lon="27.4893651">
        <ele>198</ele>
        <time>2024-08-17T14:21:19Z</time>
        <hdop>1.5</hdop>
        <extensions>
          <speed>5.32</speed>
        </extensions>
      </trkpt>
      <trkpt lat="52.7561379" lon="27.4899579">
        <ele>192</ele>
        <time>2024-08-17T14:21:30Z</time>
        <hdop>1.5</hdop>
        <extensions>
          <speed>4.41</speed>
        </extensions>
      </trkpt>
      <trkpt lat="52.7565327" lon="27.4903326">
        <ele>189</ele>
        <time>2024-08-17T14:21:41Z</time>
        <hdop>2</hdop>
        <extensions>
          <speed>4.04</speed>
        </extensions>
      </trkpt>
      <trkpt lat="52.7568469" lon="27.4908983">
        <ele>194</ele>
        <time>2024-08-17T14:21:52Z</time>
        <hdop>2.5</hdop>
        <extensions>
          <speed>2.7</speed>
        </extensions>
      </trkpt>
      <trkpt lat="52.7569056" lon="27.4917587">
        <ele>214</ele>
        <time>2024-08-17T14:22:03Z</time>
        <hdop>2.5</hdop>
        <extensions>
          <speed>3.08</speed>
        </extensions>
      </trkpt>
      <trkpt lat="52.757119" lon="27.4924587">
        <ele>211</ele>
        <time>2024-08-17T14:22:13Z</time>
        <hdop>2</hdop>
        <extensions>
          <speed>3.97</speed>
        </extensions>
      </trkpt>
      <trkpt lat="52.7574467" lon="27.4929679">
        <ele>209</ele>
        <time>2024-08-17T14:22:24Z</time>
        <hdop>2.5</hdop>
        <extensions>
          <speed>2.68</speed>
        </extensions>
      </trkpt>
      <trkpt lat="52.7577824" lon="27.4932912">
        <ele>215</ele>
        <time>2024-08-17T14:22:34Z</time>
        <hdop>2.5</hdop>
        <extensions>
          <speed>3.76</speed>
        </extensions>
      </trkpt>
      <trkpt lat="52.7582031" lon="27.4938082">
        <ele>210</ele>
        <time>2024-08-17T14:22:45Z</time>
        <hdop>2.5</hdop>
        <extensions>
          <speed>4.33</speed>
        </extensions>
      </trkpt>
      <trkpt lat="52.7587621" lon="27.4943752">
        <ele>204</ele>
        <time>2024-08-17T14:22:55Z</time>
        <hdop>2</hdop>
        <extensions>
          <speed>4.54</speed>
        </extensions>
      </trkpt>
      <trkpt lat="52.7593979" lon="27.4947405">
        <ele>194</ele>
        <time>2024-08-17T14:23:06Z</time>
        <hdop>1.5</hdop>
        <extensions>
          <speed>6.47</speed>
        </extensions>
      </trkpt>
      <trkpt lat="52.7598504" lon="27.4953701">
        <ele>186</ele>
        <time>2024-08-17T14:23:17Z</time>
        <hdop>1.5</hdop>
        <extensions>
          <speed>5.39</speed>
        </extensions>
      </trkpt>
      <trkpt lat="52.7599016" lon="27.4962879">
        <ele>183</ele>
        <time>2024-08-17T14:23:28Z</time>
        <hdop>1</hdop>
        <extensions>
          <speed>5.28</speed>
        </extensions>
      </trkpt>
      <trkpt lat="52.7599198" lon="27.4970825">
        <ele>180</ele>
        <time>2024-08-17T14:23:38Z</time>
        <hdop>1.5</hdop>
        <extensions>
          <speed>5.72</speed>
        </extensions>
      </trkpt>
      <trkpt lat="52.7603554" lon="27.4972971">
        <ele>179</ele>
        <time>2024-08-17T14:23:49Z</time>
        <hdop>1.5</hdop>
        <extensions>
          <speed>5.1</speed>
        </extensions>
      </trkpt>
      <trkpt lat="52.7608785" lon="27.4972584">
        <ele>179</ele>
        <time>2024-08-17T14:24:00Z</time>
        <hdop>1.5</hdop>
        <extensions>
          <speed>5.42</speed>
        </extensions>
      </trkpt>
      <trkpt lat="52.7613522" lon="27.4972164">
        <ele>179</ele>
        <time>2024-08-17T14:24:10Z</time>
        <hdop>1</hdop>
        <extensions>
          <speed>5.08</speed>
        </extensions>
      </trkpt>
      <trkpt lat="52.7618337" lon="27.497162">
        <ele>180</ele>
        <time>2024-08-17T14:24:21Z</time>
        <hdop>1.5</hdop>
        <extensions>
          <speed>4.69</speed>
        </extensions>
      </trkpt>
      <trkpt lat="52.7621464" lon="27.4973102">
        <ele>185</ele>
        <time>2024-08-17T14:24:31Z</time>
        <hdop>1.5</hdop>
        <extensions>
          <speed>4.96</speed>
        </extensions>
      </trkpt>
      <trkpt lat="52.7621985" lon="27.4982957">
        <ele>181</ele>
        <time>2024-08-17T14:24:42Z</time>
        <hdop>1.5</hdop>
        <extensions>
          <speed>6.28</speed>
        </extensions>
      </trkpt>
      <trkpt lat="52.762244" lon="27.4992371">
        <ele>180</ele>
        <time>2024-08-17T14:24:52Z</time>
        <hdop>1.5</hdop>
        <extensions>
          <speed>6.6</speed>
        </extensions>
      </trkpt>
      <trkpt lat="52.7623024" lon="27.5002719">
        <ele>177</ele>
        <time>2024-08-17T14:25:02Z</time>
        <hdop>1</hdop>
        <extensions>
          <speed>7.52</speed>
        </extensions>
      </trkpt>
      <trkpt lat="52.7623788" lon="27.501475">
        <ele>176</ele>
        <time>2024-08-17T14:25:13Z</time>
        <hdop>1.5</hdop>
        <extensions>
          <speed>7.3</speed>
        </extensions>
      </trkpt>
      <trkpt lat="52.7625949" lon="27.5023797">
        <ele>176</ele>
        <time>2024-08-17T14:25:23Z</time>
        <hdop>1</hdop>
        <extensions>
          <speed>6.21</speed>
        </extensions>
      </trkpt>
      <trkpt lat="52.7629601" lon="27.5031054">
        <ele>176</ele>
        <time>2024-08-17T14:25:34Z</time>
        <hdop>2</hdop>
        <extensions>
          <speed>5.16</speed>
        </extensions>
      </trkpt>
      <trkpt lat="52.7633219" lon="27.503648">
        <ele>179</ele>
        <time>2024-08-17T14:25:45Z</time>
        <hdop>2</hdop>
        <extensions>
          <speed>4.29</speed>
        </extensions>
      </trkpt>
      <trkpt lat="52.7637648" lon="27.5041411">
        <ele>181</ele>
        <time>2024-08-17T14:25:56Z</time>
        <hdop>1.5</hdop>
        <extensions>
          <speed>5.73</speed>
        </extensions>
      </trkpt>
      <trkpt lat="52.7640925" lon="27.5048223">
        <ele>183</ele>
        <time>2024-08-17T14:26:07Z</time>
        <hdop>2</hdop>
        <extensions>
          <speed>5.23</speed>
        </extensions>
      </trkpt>
      <trkpt lat="52.7643922" lon="27.5055616">
        <ele>185</ele>
        <time>2024-08-17T14:26:17Z</time>
        <hdop>2</hdop>
        <extensions>
          <speed>5.9</speed>
        </extensions>
      </trkpt>
      <trkpt lat="52.7646644" lon="27.5064708">
        <ele>189</ele>
        <time>2024-08-17T14:26:28Z</time>
        <hdop>2.5</hdop>
        <extensions>
          <speed>4.87</speed>
        </extensions>
      </trkpt>
      <trkpt lat="52.7648633" lon="27.5073128">
        <ele>191</ele>
        <time>2024-08-17T14:26:38Z</time>
        <hdop>2.5</hdop>
        <extensions>
          <speed>5.1</speed>
        </extensions>
      </trkpt>
      <trkpt lat="52.7652158" lon="27.5078432">
        <ele>204</ele>
        <time>2024-08-17T14:26:49Z</time>
        <hdop>3</hdop>
        <extensions>
          <speed>3.44</speed>
        </extensions>
      </trkpt>
      <trkpt lat="52.7653663" lon="27.508437">
        <ele>204</ele>
        <time>2024-08-17T14:26:59Z</time>
        <hdop>2.5</hdop>
        <extensions>
          <speed>3.73</speed>
        </extensions>
      </trkpt>
      <trkpt lat="52.7655722" lon="27.5090587">
        <ele>208</ele>
        <time>2024-08-17T14:27:09Z</time>
        <hdop>2.5</hdop>
        <extensions>
          <speed>3.94</speed>
        </extensions>
      </trkpt>
      <trkpt lat="52.7657892" lon="27.5097674">
        <ele>206</ele>
        <time>2024-08-17T14:27:19Z</time>
        <hdop>2.5</hdop>
        <extensions>
          <speed>3.69</speed>
        </extensions>
      </trkpt>
      <trkpt lat="52.76599" lon="27.510441">
        <ele>207</ele>
        <time>2024-08-17T14:27:30Z</time>
        <hdop>3</hdop>
        <extensions>
          <speed>2.98</speed>
        </extensions>
      </trkpt>
      <trkpt lat="52.7663423" lon="27.5112495">
        <ele>208</ele>
        <time>2024-08-17T14:27:41Z</time>
        <hdop>2.5</hdop>
        <extensions>
          <speed>3.1</speed>
        </extensions>
      </trkpt>
      <trkpt lat="52.7666146" lon="27.5120864">
        <ele>207</ele>
        <time>2024-08-17T14:27:51Z</time>
        <hdop>2.5</hdop>
        <extensions>
          <speed>5.39</speed>
        </extensions>
      </trkpt>
      <trkpt lat="52.7670221" lon="27.5127161">
        <ele>207</ele>
        <time>2024-08-17T14:28:02Z</time>
        <hdop>2.5</hdop>
        <extensions>
          <speed>4.2</speed>
        </extensions>
      </trkpt>
      <trkpt lat="52.7674526" lon="27.5135485">
        <ele>205</ele>
        <time>2024-08-17T14:28:13Z</time>
        <hdop>2.5</hdop>
        <extensions>
          <speed>3.84</speed>
        </extensions>
      </trkpt>
      <trkpt lat="52.7676996" lon="27.5145252">
        <ele>202</ele>
        <time>2024-08-17T14:28:23Z</time>
        <hdop>2.5</hdop>
        <extensions>
          <speed>5.68</speed>
        </extensions>
      </trkpt>
      <trkpt lat="52.7679879" lon="27.5153802">
        <ele>200</ele>
        <time>2024-08-17T14:28:34Z</time>
        <hdop>2.5</hdop>
        <extensions>
          <speed>3.98</speed>
        </extensions>
      </trkpt>
      <trkpt lat="52.7683515" lon="27.5160873">
        <ele>202</ele>
        <time>2024-08-17T14:28:45Z</time>
        <hdop>2.5</hdop>
        <extensions>
          <speed>4.01</speed>
        </extensions>
      </trkpt>
      <trkpt lat="52.7687962" lon="27.5165592">
        <ele>211</ele>
        <time>2024-08-17T14:28:56Z</time>
        <hdop>2.5</hdop>
        <extensions>
          <speed>3.71</speed>
        </extensions>
      </trkpt>
      <trkpt lat="52.7693137" lon="27.5167433">
        <ele>209</ele>
        <time>2024-08-17T14:29:06Z</time>
        <hdop>2</hdop>
        <extensions>
          <speed>3.91</speed>
        </extensions>
      </trkpt>
      <trkpt lat="52.7696358" lon="27.5171523">
        <ele>224</ele>
        <time>2024-08-17T14:29:17Z</time>
        <hdop>3.5</hdop>
        <extensions>
          <speed>1.78</speed>
        </extensions>
      </trkpt>
      <trkpt lat="52.7699667" lon="27.5182588">
        <ele>206</ele>
        <time>2024-08-17T14:29:28Z</time>
        <hdop>2.5</hdop>
        <extensions>
          <speed>3.83</speed>
        </extensions>
      </trkpt>
      <trkpt lat="52.7703068" lon="27.5187972">
        <ele>203</ele>
        <time>2024-08-17T14:29:38Z</time>
        <hdop>3</hdop>
        <extensions>
          <speed>3.32</speed>
        </extensions>
      </trkpt>
      <trkpt lat="52.7706933" lon="27.519357">
        <ele>202</ele>
        <time>2024-08-17T14:29:48Z</time>
        <hdop>2</hdop>
        <extensions>
          <speed>4.52</speed>
        </extensions>
      </trkpt>
      <trkpt lat="52.7711394" lon="27.5199579">
        <ele>194</ele>
        <time>2024-08-17T14:29:59Z</time>
        <hdop>3</hdop>
        <extensions>
          <speed>4.22</speed>
        </extensions>
      </trkpt>
      <trkpt lat="52.7713827" lon="27.5203469">
        <ele>206</ele>
        <time>2024-08-17T14:30:09Z</time>
        <hdop>3</hdop>
        <extensions>
          <speed>2.27</speed>
        </extensions>
      </trkpt>
      <trkpt lat="52.7715557" lon="27.5209591">
        <ele>224</ele>
        <time>2024-08-17T14:30:20Z</time>
        <hdop>3</hdop>
        <extensions>
          <speed>1.97</speed>
        </extensions>
      </trkpt>
      <trkpt lat="52.7716962" lon="27.5217895">
        <ele>227</ele>
        <time>2024-08-17T14:30:31Z</time>
        <hdop>3</hdop>
        <extensions>
          <speed>2.2</speed>
        </extensions>
      </trkpt>
      <trkpt lat="52.7718823" lon="27.5224771">
        <ele>217</ele>
        <time>2024-08-17T14:30:41Z</time>
        <hdop>2.5</hdop>
        <extensions>
          <speed>3.83</speed>
        </extensions>
      </trkpt>
      <trkpt lat="52.7722424" lon="27.5227777">
        <ele>208</ele>
        <time>2024-08-17T14:30:52Z</time>
        <hdop>2.5</hdop>
        <extensions>
          <speed>2.91</speed>
        </extensions>
      </trkpt>
      <trkpt lat="52.772651" lon="27.5230326">
        <ele>208</ele>
        <time>2024-08-17T14:31:02Z</time>
        <hdop>3</hdop>
        <extensions>
          <speed>3.19</speed>
        </extensions>
      </trkpt>
      <trkpt lat="52.7730712" lon="27.523306">
        <ele>207</ele>
        <time>2024-08-17T14:31:13Z</time>
        <hdop>3</hdop>
        <extensions>
          <speed>2.96</speed>
        </extensions>
      </trkpt>
      <trkpt lat="52.7735034" lon="27.5236049">
        <ele>211</ele>
        <time>2024-08-17T14:31:23Z</time>
        <hdop>3</hdop>
        <extensions>
          <speed>3.17</speed>
        </extensions>
      </trkpt>
      <trkpt lat="52.7738948" lon="27.5239459">
        <ele>210</ele>
        <time>2024-08-17T14:31:33Z</time>
        <hdop>3</hdop>
        <extensions>
          <speed>2.33</speed>
        </extensions>
      </trkpt>
      <trkpt lat="52.7742107" lon="27.5242541">
        <ele>212</ele>
        <time>2024-08-17T14:31:43Z</time>
        <hdop>3</hdop>
        <extensions>
          <speed>3.04</speed>
        </extensions>
      </trkpt>
      <trkpt lat="52.7746094" lon="27.5245696">
        <ele>222</ele>
        <time>2024-08-17T14:31:54Z</time>
        <hdop>3</hdop>
        <extensions>
          <speed>2.14</speed>
        </extensions>
      </trkpt>
      <trkpt lat="52.7749976" lon="27.5248536">
        <ele>233</ele>
        <time>2024-08-17T14:32:05Z</time>
        <hdop>3</hdop>
        <extensions>
          <speed>2.09</speed>
        </extensions>
      </trkpt>
      <trkpt lat="52.7754009" lon="27.5251763">
        <ele>240</ele>
        <time>2024-08-17T14:32:16Z</time>
        <hdop>3</hdop>
        <extensions>
          <speed>1.79</speed>
        </extensions>
      </trkpt>
      <trkpt lat="52.7758278" lon="27.5255783">
        <ele>238</ele>
        <time>2024-08-17T14:32:26Z</time>
        <hdop>3.5</hdop>
        <extensions>
          <speed>3.62</speed>
        </extensions>
      </trkpt>
      <trkpt lat="52.7763862" lon="27.5260851">
        <ele>239</ele>
        <time>2024-08-17T14:32:37Z</time>
        <hdop>3.5</hdop>
        <extensions>
          <speed>3.24</speed>
        </extensions>
      </trkpt>
      <trkpt lat="52.7768943" lon="27.5264751">
        <ele>234</ele>
        <time>2024-08-17T14:32:47Z</time>
        <hdop>2.5</hdop>
        <extensions>
          <speed>3.87</speed>
        </extensions>
      </trkpt>
      <trkpt lat="52.7771812" lon="27.5267295">
        <ele>227</ele>
        <time>2024-08-17T14:32:57Z</time>
        <hdop>2.5</hdop>
        <extensions>
          <speed>3.36</speed>
        </extensions>
      </trkpt>
      <trkpt lat="52.7776333" lon="27.5274841">
        <ele>216</ele>
        <time>2024-08-17T14:33:08Z</time>
        <hdop>2</hdop>
        <extensions>
          <speed>4.34</speed>
        </extensions>
      </trkpt>
      <trkpt lat="52.7781003" lon="27.527856">
        <ele>220</ele>
        <time>2024-08-17T14:33:19Z</time>
        <hdop>2</hdop>
        <extensions>
          <speed>4.1</speed>
        </extensions>
      </trkpt>
      <trkpt lat="52.7786946" lon="27.5283681">
        <ele>215</ele>
        <time>2024-08-17T14:33:30Z</time>
        <hdop>2</hdop>
        <extensions>
          <speed>5.59</speed>
        </extensions>
      </trkpt>
      <trkpt lat="52.7791506" lon="27.5290779">
        <ele>208</ele>
        <time>2024-08-17T14:33:40Z</time>
        <hdop>2</hdop>
        <extensions>
          <speed>6.3</speed>
        </extensions>
      </trkpt>
      <trkpt lat="52.779318" lon="27.5300769">
        <ele>195</ele>
        <time>2024-08-17T14:33:50Z</time>
        <hdop>1.5</hdop>
        <extensions>
          <speed>4.92</speed>
        </extensions>
      </trkpt>
      <trkpt lat="52.7795529" lon="27.5307682">
        <ele>188</ele>
        <time>2024-08-17T14:34:01Z</time>
        <hdop>1.5</hdop>
        <extensions>
          <speed>4.38</speed>
        </extensions>
      </trkpt>
      <trkpt lat="52.7798864" lon="27.5313137">
        <ele>184</ele>
        <time>2024-08-17T14:34:11Z</time>
        <hdop>1.5</hdop>
        <extensions>
          <speed>6.21</speed>
        </extensions>
      </trkpt>
      <trkpt lat="52.7801886" lon="27.532289">
        <ele>182</ele>
        <time>2024-08-17T14:34:22Z</time>
        <hdop>1.5</hdop>
        <extensions>
          <speed>6.72</speed>
        </extensions>
      </trkpt>
      <trkpt lat="52.7804676" lon="27.5331667">
        <ele>181</ele>
        <time>2024-08-17T14:34:32Z</time>
        <hdop>1.5</hdop>
        <extensions>
          <speed>6.3</speed>
        </extensions>
      </trkpt>
      <trkpt lat="52.7807404" lon="27.5340058">
        <ele>181</ele>
        <time>2024-08-17T14:34:42Z</time>
        <hdop>1.5</hdop>
        <extensions>
          <speed>6.14</speed>
        </extensions>
      </trkpt>
      <trkpt lat="52.7810101" lon="27.53487">
        <ele>180</ele>
        <time>2024-08-17T14:34:52Z</time>
        <hdop>1.5</hdop>
        <extensions>
          <speed>6.33</speed>
        </extensions>
      </trkpt>
      <trkpt lat="52.7813042" lon="27.535875">
        <ele>179</ele>
        <time>2024-08-17T14:35:03Z</time>
        <hdop>1.5</hdop>
        <extensions>
          <speed>6.64</speed>
        </extensions>
      </trkpt>
      <trkpt lat="52.7816058" lon="27.5368904">
        <ele>179</ele>
        <time>2024-08-17T14:35:14Z</time>
        <hdop>1.5</hdop>
        <extensions>
          <speed>7.08</speed>
        </extensions>
      </trkpt>
      <trkpt lat="52.7819056" lon="27.5378523">
        <ele>178</ele>
        <time>2024-08-17T14:35:24Z</time>
        <hdop>2</hdop>
        <extensions>
          <speed>7.2</speed>
        </extensions>
      </trkpt>
      <trkpt lat="52.7822481" lon="27.5390327">
        <ele>178</ele>
        <time>2024-08-17T14:35:35Z</time>
        <hdop>1.5</hdop>
        <extensions>
          <speed>7.23</speed>
        </extensions>
      </trkpt>
      <trkpt lat="52.7825703" lon="27.5400696">
        <ele>179</ele>
        <time>2024-08-17T14:35:46Z</time>
        <hdop>1.5</hdop>
        <extensions>
          <speed>6.8</speed>
        </extensions>
      </trkpt>
      <trkpt lat="52.7827284" lon="27.5405586">
        <ele>179</ele>
        <time>2024-08-17T14:35:57Z</time>
        <hdop>1.5</hdop>
        <extensions>
          <speed>0.14</speed>
        </extensions>
      </trkpt>
      <trkpt lat="52.7827275" lon="27.5405724">
        <ele>180</ele>
        <time>2024-08-17T14:36:08Z</time>
        <hdop>1.5</hdop>
      </trkpt>
      <trkpt lat="52.782729" lon="27.5405607">
        <ele>180</ele>
        <time>2024-08-17T14:36:19Z</time>
        <hdop>1.5</hdop>
      </trkpt>
      <trkpt lat="52.7827263" lon="27.5405534">
        <ele>180</ele>
        <time>2024-08-17T14:36:30Z</time>
        <hdop>1.5</hdop>
        <extensions>
          <speed>1.08</speed>
        </extensions>
      </trkpt>
      <trkpt lat="52.7827075" lon="27.5405559">
        <ele>180</ele>
        <time>2024-08-17T14:36:42Z</time>
        <hdop>1.5</hdop>
      </trkpt>
      <trkpt lat="52.7827075" lon="27.5405559">
        <ele>180</ele>
        <time>2024-08-17T14:36:52Z</time>
        <hdop>1.5</hdop>
      </trkpt>
      <trkpt lat="52.7827075" lon="27.5405559">
        <ele>180</ele>
        <time>2024-08-17T14:37:03Z</time>
        <hdop>1.5</hdop>
      </trkpt>
      <trkpt lat="52.7827075" lon="27.5405559">
        <ele>180</ele>
        <time>2024-08-17T14:37:13Z</time>
        <hdop>1.5</hdop>
      </trkpt>
      <trkpt lat="52.7827075" lon="27.5405559">
        <ele>180</ele>
        <time>2024-08-17T14:37:23Z</time>
        <hdop>2</hdop>
      </trkpt>
      <trkpt lat="52.7827044" lon="27.5405551">
        <ele>179</ele>
        <time>2024-08-17T14:37:34Z</time>
        <hdop>1.5</hdop>
      </trkpt>
      <trkpt lat="52.7827044" lon="27.5405551">
        <ele>179</ele>
        <time>2024-08-17T14:37:44Z</time>
        <hdop>2</hdop>
      </trkpt>
      <trkpt lat="52.7827044" lon="27.5405551">
        <ele>179</ele>
        <time>2024-08-17T14:37:55Z</time>
        <hdop>2</hdop>
      </trkpt>
      <trkpt lat="52.7827044" lon="27.5405551">
        <ele>179</ele>
        <time>2024-08-17T14:38:05Z</time>
        <hdop>1.5</hdop>
      </trkpt>
      <trkpt lat="52.7827025" lon="27.5405481">
        <ele>179</ele>
        <time>2024-08-17T14:38:16Z</time>
        <hdop>2</hdop>
      </trkpt>
      <trkpt lat="52.7827026" lon="27.5405477">
        <ele>179</ele>
        <time>2024-08-17T14:38:26Z</time>
        <hdop>2</hdop>
      </trkpt>
      <trkpt lat="52.7827026" lon="27.5405477">
        <ele>179</ele>
        <time>2024-08-17T14:38:36Z</time>
        <hdop>1.5</hdop>
      </trkpt>
      <trkpt lat="52.7827027" lon="27.5405438">
        <ele>178</ele>
        <time>2024-08-17T14:38:47Z</time>
        <hdop>1.5</hdop>
      </trkpt>
      <trkpt lat="52.7827027" lon="27.5405438">
        <ele>178</ele>
        <time>2024-08-17T14:38:57Z</time>
        <hdop>1.5</hdop>
      </trkpt>
      <trkpt lat="52.7826869" lon="27.5405485">
        <ele>181</ele>
        <time>2024-08-17T14:39:08Z</time>
        <hdop>1.5</hdop>
        <extensions>
          <speed>0.14</speed>
        </extensions>
      </trkpt>
      <trkpt lat="52.7826651" lon="27.5405499">
        <ele>180</ele>
        <time>2024-08-17T14:39:19Z</time>
        <hdop>1.5</hdop>
        <extensions>
          <speed>1.09</speed>
        </extensions>
      </trkpt>
      <trkpt lat="52.7825925" lon="27.5407117">
        <ele>179</ele>
        <time>2024-08-17T14:39:29Z</time>
        <hdop>2</hdop>
        <extensions>
          <speed>1.14</speed>
        </extensions>
      </trkpt>
      <trkpt lat="52.7825569" lon="27.5407161">
        <ele>177</ele>
        <time>2024-08-17T14:39:39Z</time>
        <hdop>2</hdop>
      </trkpt>
      <trkpt lat="52.782544" lon="27.5407371">
        <ele>180</ele>
        <time>2024-08-17T14:39:50Z</time>
        <hdop>2.5</hdop>
      </trkpt>
      <trkpt lat="52.7825515" lon="27.5407332">
        <ele>178</ele>
        <time>2024-08-17T14:40:01Z</time>
        <hdop>1.5</hdop>
      </trkpt>
      <trkpt lat="52.7825515" lon="27.5407332">
        <ele>178</ele>
        <time>2024-08-17T14:40:11Z</time>
        <hdop>4</hdop>
      </trkpt>
      <trkpt lat="52.7825585" lon="27.540775">
        <ele>176</ele>
        <time>2024-08-17T14:40:21Z</time>
        <hdop>4</hdop>
      </trkpt>
      <trkpt lat="52.7825585" lon="27.540775">
        <ele>176</ele>
        <time>2024-08-17T14:40:32Z</time>
        <hdop>2.5</hdop>
      </trkpt>
      <trkpt lat="52.7825446" lon="27.5407606">
        <ele>174</ele>
        <time>2024-08-17T14:40:42Z</time>
        <hdop>2.5</hdop>
      </trkpt>
      <trkpt lat="52.7825441" lon="27.5407613">
        <ele>174</ele>
        <time>2024-08-17T14:40:53Z</time>
        <hdop>2.5</hdop>
      </trkpt>
      <trkpt lat="52.7825441" lon="27.5407613">
        <ele>174</ele>
        <time>2024-08-17T14:41:04Z</time>
        <hdop>2.5</hdop>
      </trkpt>
      <trkpt lat="52.7825403" lon="27.5407866">
        <ele>173</ele>
        <time>2024-08-17T14:41:15Z</time>
        <hdop>1.5</hdop>
      </trkpt>
      <trkpt lat="52.7825403" lon="27.5407866">
        <ele>173</ele>
        <time>2024-08-17T14:41:25Z</time>
        <hdop>2.5</hdop>
      </trkpt>
      <trkpt lat="52.7825403" lon="27.5407866">
        <ele>173</ele>
        <time>2024-08-17T14:41:35Z</time>
        <hdop>2</hdop>
      </trkpt>
    </trkseg>
  </trk>
</gpx>