<?xml version='1.0' encoding='UTF-8' standalone='yes' ?>
<gpx version="1.1" creator="OsmAnd~ 3.7.4" xmlns="http://www.topografix.com/GPX/1/1" xmlns:xsi="http://www.w3.org/2001/XMLSchema-instance" xsi:schemaLocation="http://www.topografix.com/GPX/1/1 http://www.topografix.com/GPX/1/1/gpx.xsd">
  <metadata>
    <name>2025-06-21_08-57_Sat</name>
  </metadata>
  <trk>
    <trkseg>
      <trkpt lat="54.0147419" lon="27.2560544">
        <ele>274</ele>
        <time>2025-06-21T05:57:13Z</time>
        <hdop>8</hdop>
        <extensions>
          <speed>0.02</speed>
        </extensions>
      </trkpt>
      <trkpt lat="54.0147008" lon="27.2560763">
        <ele>271</ele>
        <time>2025-06-21T05:57:26Z</time>
        <hdop>6.5</hdop>
        <extensions>
          <speed>0.11</speed>
        </extensions>
      </trkpt>
      <trkpt lat="54.0147038" lon="27.2561396">
        <ele>271</ele>
        <time>2025-06-21T05:57:38Z</time>
        <hdop>7</hdop>
        <extensions>
          <speed>0.49</speed>
        </extensions>
      </trkpt>
      <trkpt lat="54.0146902" lon="27.2561207">
        <ele>265</ele>
        <time>2025-06-21T05:57:50Z</time>
        <hdop>6.5</hdop>
        <extensions>
          <speed>0.1</speed>
        </extensions>
      </trkpt>
      <trkpt lat="54.0146895" lon="27.2561281">
        <ele>268</ele>
        <time>2025-06-21T05:58:02Z</time>
        <hdop>7</hdop>
        <extensions>
          <speed>0.66</speed>
        </extensions>
      </trkpt>
      <trkpt lat="54.0149121" lon="27.2559449">
        <ele>263</ele>
        <time>2025-06-21T05:58:14Z</time>
        <hdop>7</hdop>
        <extensions>
          <speed>5.79</speed>
        </extensions>
      </trkpt>
      <trkpt lat="54.0155299" lon="27.2550737">
        <ele>265</ele>
        <time>2025-06-21T05:58:26Z</time>
        <hdop>8</hdop>
        <extensions>
          <speed>5.58</speed>
        </extensions>
      </trkpt>
      <trkpt lat="54.0157789" lon="27.2547612">
        <ele>271</ele>
        <time>2025-06-21T05:58:38Z</time>
        <hdop>23</hdop>
        <extensions>
          <speed>0.33</speed>
        </extensions>
      </trkpt>
      <trkpt lat="54.0157236" lon="27.2550165">
        <ele>257</ele>
        <time>2025-06-21T05:58:50Z</time>
        <hdop>8.5</hdop>
        <extensions>
          <speed>0.14</speed>
        </extensions>
      </trkpt>
      <trkpt lat="54.0157327" lon="27.2550928">
        <ele>249</ele>
        <time>2025-06-21T05:59:02Z</time>
        <hdop>10</hdop>
        <extensions>
          <speed>0.37</speed>
        </extensions>
      </trkpt>
      <trkpt lat="54.0157326" lon="27.2547476">
        <ele>248</ele>
        <time>2025-06-21T05:59:14Z</time>
        <hdop>7.5</hdop>
        <extensions>
          <speed>0.18</speed>
        </extensions>
      </trkpt>
      <trkpt lat="54.0161897" lon="27.2550401">
        <ele>261</ele>
        <time>2025-06-21T05:59:26Z</time>
        <hdop>7</hdop>
        <extensions>
          <speed>4.64</speed>
        </extensions>
      </trkpt>
      <trkpt lat="54.0159425" lon="27.2547484">
        <ele>265</ele>
        <time>2025-06-21T05:59:38Z</time>
        <hdop>8</hdop>
        <extensions>
          <speed>4.36</speed>
        </extensions>
      </trkpt>
      <trkpt lat="54.0170988" lon="27.253561">
        <ele>282</ele>
        <time>2025-06-21T05:59:50Z</time>
        <hdop>7</hdop>
        <extensions>
          <speed>4.72</speed>
        </extensions>
      </trkpt>
      <trkpt lat="54.0175826" lon="27.2525751">
        <ele>250</ele>
        <time>2025-06-21T06:00:02Z</time>
        <hdop>10</hdop>
        <extensions>
          <speed>5</speed>
        </extensions>
      </trkpt>
      <trkpt lat="54.0181503" lon="27.2517059">
        <ele>257</ele>
        <time>2025-06-21T06:00:14Z</time>
        <hdop>7</hdop>
        <extensions>
          <speed>5.37</speed>
        </extensions>
      </trkpt>
      <trkpt lat="54.0187193" lon="27.250551">
        <ele>263</ele>
        <time>2025-06-21T06:00:27Z</time>
        <hdop>8.5</hdop>
        <extensions>
          <speed>4.48</speed>
        </extensions>
      </trkpt>
      <trkpt lat="54.0192402" lon="27.2496948">
        <ele>261</ele>
        <time>2025-06-21T06:00:40Z</time>
        <hdop>8</hdop>
        <extensions>
          <speed>3.35</speed>
        </extensions>
      </trkpt>
      <trkpt lat="54.0196435" lon="27.2489151">
        <ele>259</ele>
        <time>2025-06-21T06:00:52Z</time>
        <hdop>8</hdop>
        <extensions>
          <speed>2.8</speed>
        </extensions>
      </trkpt>
      <trkpt lat="54.0201663" lon="27.2482161">
        <ele>253</ele>
        <time>2025-06-21T06:01:04Z</time>
        <hdop>9.5</hdop>
        <extensions>
          <speed>3.47</speed>
        </extensions>
      </trkpt>
      <trkpt lat="54.0205276" lon="27.2474208">
        <ele>253</ele>
        <time>2025-06-21T06:01:16Z</time>
        <hdop>14</hdop>
        <extensions>
          <speed>6.93</speed>
        </extensions>
      </trkpt>
      <trkpt lat="54.0211778" lon="27.2464623">
        <ele>252</ele>
        <time>2025-06-21T06:01:28Z</time>
        <hdop>9</hdop>
        <extensions>
          <speed>5.97</speed>
        </extensions>
      </trkpt>
      <trkpt lat="54.0216316" lon="27.2456703">
        <ele>257</ele>
        <time>2025-06-21T06:01:40Z</time>
        <hdop>8.5</hdop>
        <extensions>
          <speed>5.84</speed>
        </extensions>
      </trkpt>
      <trkpt lat="54.0220582" lon="27.2449513">
        <ele>267</ele>
        <time>2025-06-21T06:01:52Z</time>
        <hdop>8.5</hdop>
        <extensions>
          <speed>5.41</speed>
        </extensions>
      </trkpt>
      <trkpt lat="54.0224568" lon="27.2442734">
        <ele>261</ele>
        <time>2025-06-21T06:02:04Z</time>
        <hdop>9.5</hdop>
        <extensions>
          <speed>4.24</speed>
        </extensions>
      </trkpt>
      <trkpt lat="54.0230103" lon="27.2433022">
        <ele>254</ele>
        <time>2025-06-21T06:02:17Z</time>
        <hdop>7</hdop>
        <extensions>
          <speed>4.72</speed>
        </extensions>
      </trkpt>
      <trkpt lat="54.0234557" lon="27.2425806">
        <ele>255</ele>
        <time>2025-06-21T06:02:29Z</time>
        <hdop>7</hdop>
        <extensions>
          <speed>5.18</speed>
        </extensions>
      </trkpt>
      <trkpt lat="54.0238652" lon="27.2419084">
        <ele>253</ele>
        <time>2025-06-21T06:02:41Z</time>
        <hdop>8</hdop>
        <extensions>
          <speed>6.04</speed>
        </extensions>
      </trkpt>
      <trkpt lat="54.0243219" lon="27.2411764">
        <ele>259</ele>
        <time>2025-06-21T06:02:53Z</time>
        <hdop>7</hdop>
        <extensions>
          <speed>5.75</speed>
        </extensions>
      </trkpt>
      <trkpt lat="54.0247479" lon="27.240463">
        <ele>258</ele>
        <time>2025-06-21T06:03:05Z</time>
        <hdop>6.5</hdop>
        <extensions>
          <speed>5.94</speed>
        </extensions>
      </trkpt>
      <trkpt lat="54.0252658" lon="27.2397093">
        <ele>246</ele>
        <time>2025-06-21T06:03:17Z</time>
        <hdop>8.5</hdop>
        <extensions>
          <speed>5.32</speed>
        </extensions>
      </trkpt>
      <trkpt lat="54.0256897" lon="27.2389525">
        <ele>257</ele>
        <time>2025-06-21T06:03:29Z</time>
        <hdop>7.5</hdop>
        <extensions>
          <speed>6.17</speed>
        </extensions>
      </trkpt>
      <trkpt lat="54.0261764" lon="27.2381695">
        <ele>264</ele>
        <time>2025-06-21T06:03:41Z</time>
        <hdop>7</hdop>
        <extensions>
          <speed>6.52</speed>
        </extensions>
      </trkpt>
      <trkpt lat="54.0267887" lon="27.2373919">
        <ele>247</ele>
        <time>2025-06-21T06:03:53Z</time>
        <hdop>7</hdop>
        <extensions>
          <speed>6.17</speed>
        </extensions>
      </trkpt>
      <trkpt lat="54.0271887" lon="27.2365057">
        <ele>256</ele>
        <time>2025-06-21T06:04:06Z</time>
        <hdop>7</hdop>
        <extensions>
          <speed>6.09</speed>
        </extensions>
      </trkpt>
      <trkpt lat="54.0276294" lon="27.2358318">
        <ele>255</ele>
        <time>2025-06-21T06:04:18Z</time>
        <hdop>9</hdop>
        <extensions>
          <speed>5.39</speed>
        </extensions>
      </trkpt>
      <trkpt lat="54.0280801" lon="27.2350757">
        <ele>258</ele>
        <time>2025-06-21T06:04:30Z</time>
        <hdop>7.5</hdop>
        <extensions>
          <speed>5.75</speed>
        </extensions>
      </trkpt>
      <trkpt lat="54.0285591" lon="27.2342744">
        <ele>261</ele>
        <time>2025-06-21T06:04:42Z</time>
        <hdop>8.5</hdop>
        <extensions>
          <speed>5.14</speed>
        </extensions>
      </trkpt>
      <trkpt lat="54.0289327" lon="27.233649">
        <ele>265</ele>
        <time>2025-06-21T06:04:54Z</time>
        <hdop>7.5</hdop>
        <extensions>
          <speed>5.3</speed>
        </extensions>
      </trkpt>
      <trkpt lat="54.0293436" lon="27.2330425">
        <ele>255</ele>
        <time>2025-06-21T06:05:06Z</time>
        <hdop>7</hdop>
        <extensions>
          <speed>4.73</speed>
        </extensions>
      </trkpt>
      <trkpt lat="54.0297671" lon="27.2322914">
        <ele>264</ele>
        <time>2025-06-21T06:05:18Z</time>
        <hdop>7</hdop>
        <extensions>
          <speed>4.99</speed>
        </extensions>
      </trkpt>
      <trkpt lat="54.0300633" lon="27.231837">
        <ele>272</ele>
        <time>2025-06-21T06:05:30Z</time>
        <hdop>8</hdop>
        <extensions>
          <speed>4.47</speed>
        </extensions>
      </trkpt>
      <trkpt lat="54.0305571" lon="27.2311288">
        <ele>260</ele>
        <time>2025-06-21T06:05:42Z</time>
        <hdop>8</hdop>
        <extensions>
          <speed>4.49</speed>
        </extensions>
      </trkpt>
      <trkpt lat="54.0309143" lon="27.2304374">
        <ele>269</ele>
        <time>2025-06-21T06:05:54Z</time>
        <hdop>8.5</hdop>
        <extensions>
          <speed>5.17</speed>
        </extensions>
      </trkpt>
      <trkpt lat="54.0312351" lon="27.2297874">
        <ele>269</ele>
        <time>2025-06-21T06:06:06Z</time>
        <hdop>7</hdop>
        <extensions>
          <speed>5.99</speed>
        </extensions>
      </trkpt>
      <trkpt lat="54.0316774" lon="27.2290409">
        <ele>270</ele>
        <time>2025-06-21T06:06:18Z</time>
        <hdop>9</hdop>
        <extensions>
          <speed>4.62</speed>
        </extensions>
      </trkpt>
      <trkpt lat="54.0322642" lon="27.2281627">
        <ele>266</ele>
        <time>2025-06-21T06:06:30Z</time>
        <hdop>8</hdop>
        <extensions>
          <speed>6.31</speed>
        </extensions>
      </trkpt>
      <trkpt lat="54.0327854" lon="27.2272009">
        <ele>260</ele>
        <time>2025-06-21T06:06:42Z</time>
        <hdop>7</hdop>
        <extensions>
          <speed>6.89</speed>
        </extensions>
      </trkpt>
      <trkpt lat="54.0333011" lon="27.2263854">
        <ele>257</ele>
        <time>2025-06-21T06:06:54Z</time>
        <hdop>8.5</hdop>
        <extensions>
          <speed>6.08</speed>
        </extensions>
      </trkpt>
      <trkpt lat="54.0338561" lon="27.2254785">
        <ele>254</ele>
        <time>2025-06-21T06:07:06Z</time>
        <hdop>10.5</hdop>
        <extensions>
          <speed>5.99</speed>
        </extensions>
      </trkpt>
      <trkpt lat="54.0343703" lon="27.2245524">
        <ele>261</ele>
        <time>2025-06-21T06:07:18Z</time>
        <hdop>9</hdop>
        <extensions>
          <speed>5.06</speed>
        </extensions>
      </trkpt>
      <trkpt lat="54.0348935" lon="27.2235852">
        <ele>257</ele>
        <time>2025-06-21T06:07:31Z</time>
        <hdop>8</hdop>
        <extensions>
          <speed>6.66</speed>
        </extensions>
      </trkpt>
      <trkpt lat="54.0353532" lon="27.2227668">
        <ele>254</ele>
        <time>2025-06-21T06:07:42Z</time>
        <hdop>8</hdop>
        <extensions>
          <speed>5.83</speed>
        </extensions>
      </trkpt>
      <trkpt lat="54.0357338" lon="27.2221059">
        <ele>255</ele>
        <time>2025-06-21T06:07:53Z</time>
        <hdop>7.5</hdop>
        <extensions>
          <speed>5.67</speed>
        </extensions>
      </trkpt>
      <trkpt lat="54.0361275" lon="27.2214356">
        <ele>257</ele>
        <time>2025-06-21T06:08:03Z</time>
        <hdop>1</hdop>
        <extensions>
          <speed>5.7</speed>
        </extensions>
      </trkpt>
      <trkpt lat="54.0365022" lon="27.2207942">
        <ele>256</ele>
        <time>2025-06-21T06:08:13Z</time>
        <hdop>1</hdop>
        <extensions>
          <speed>6.03</speed>
        </extensions>
      </trkpt>
      <trkpt lat="54.036902" lon="27.220074">
        <ele>257</ele>
        <time>2025-06-21T06:08:24Z</time>
        <hdop>1</hdop>
        <extensions>
          <speed>5.9</speed>
        </extensions>
      </trkpt>
      <trkpt lat="54.0372937" lon="27.2194787">
        <ele>257</ele>
        <time>2025-06-21T06:08:35Z</time>
        <hdop>1</hdop>
        <extensions>
          <speed>4.8</speed>
        </extensions>
      </trkpt>
      <trkpt lat="54.037677" lon="27.2190711">
        <ele>258</ele>
        <time>2025-06-21T06:08:46Z</time>
        <hdop>1</hdop>
        <extensions>
          <speed>4.55</speed>
        </extensions>
      </trkpt>
      <trkpt lat="54.0380581" lon="27.2187739">
        <ele>259</ele>
        <time>2025-06-21T06:08:56Z</time>
        <hdop>1</hdop>
        <extensions>
          <speed>4.86</speed>
        </extensions>
      </trkpt>
      <trkpt lat="54.0384581" lon="27.2185125">
        <ele>260</ele>
        <time>2025-06-21T06:09:06Z</time>
        <hdop>1</hdop>
        <extensions>
          <speed>5.02</speed>
        </extensions>
      </trkpt>
      <trkpt lat="54.0388884" lon="27.2182797">
        <ele>259</ele>
        <time>2025-06-21T06:09:16Z</time>
        <hdop>1</hdop>
        <extensions>
          <speed>4.62</speed>
        </extensions>
      </trkpt>
      <trkpt lat="54.0393" lon="27.2181453">
        <ele>259</ele>
        <time>2025-06-21T06:09:27Z</time>
        <hdop>1</hdop>
        <extensions>
          <speed>4.59</speed>
        </extensions>
      </trkpt>
      <trkpt lat="54.0397309" lon="27.2180219">
        <ele>260</ele>
        <time>2025-06-21T06:09:38Z</time>
        <hdop>1.5</hdop>
        <extensions>
          <speed>4.23</speed>
        </extensions>
      </trkpt>
      <trkpt lat="54.0401428" lon="27.2179133">
        <ele>260</ele>
        <time>2025-06-21T06:09:48Z</time>
        <hdop>1</hdop>
        <extensions>
          <speed>5.18</speed>
        </extensions>
      </trkpt>
      <trkpt lat="54.040581" lon="27.2178071">
        <ele>260</ele>
        <time>2025-06-21T06:09:58Z</time>
        <hdop>1</hdop>
        <extensions>
          <speed>5.41</speed>
        </extensions>
      </trkpt>
      <trkpt lat="54.0410935" lon="27.2176651">
        <ele>261</ele>
        <time>2025-06-21T06:10:09Z</time>
        <hdop>1</hdop>
        <extensions>
          <speed>5.42</speed>
        </extensions>
      </trkpt>
      <trkpt lat="54.041618" lon="27.2175293">
        <ele>260</ele>
        <time>2025-06-21T06:10:20Z</time>
        <hdop>1</hdop>
        <extensions>
          <speed>5.34</speed>
        </extensions>
      </trkpt>
      <trkpt lat="54.0420922" lon="27.2173753">
        <ele>260</ele>
        <time>2025-06-21T06:10:30Z</time>
        <hdop>1</hdop>
        <extensions>
          <speed>5.37</speed>
        </extensions>
      </trkpt>
      <trkpt lat="54.0425706" lon="27.217242">
        <ele>261</ele>
        <time>2025-06-21T06:10:40Z</time>
        <hdop>1</hdop>
        <extensions>
          <speed>5.74</speed>
        </extensions>
      </trkpt>
      <trkpt lat="54.043139" lon="27.2170691">
        <ele>261</ele>
        <time>2025-06-21T06:10:51Z</time>
        <hdop>1</hdop>
        <extensions>
          <speed>6.13</speed>
        </extensions>
      </trkpt>
      <trkpt lat="54.0437651" lon="27.2168765">
        <ele>261</ele>
        <time>2025-06-21T06:11:02Z</time>
        <hdop>1</hdop>
        <extensions>
          <speed>6.63</speed>
        </extensions>
      </trkpt>
      <trkpt lat="54.0444077" lon="27.2166714">
        <ele>261</ele>
        <time>2025-06-21T06:11:13Z</time>
        <hdop>1</hdop>
        <extensions>
          <speed>6.44</speed>
        </extensions>
      </trkpt>
      <trkpt lat="54.0449859" lon="27.2164865">
        <ele>260</ele>
        <time>2025-06-21T06:11:23Z</time>
        <hdop>1</hdop>
        <extensions>
          <speed>6.65</speed>
        </extensions>
      </trkpt>
      <trkpt lat="54.045599" lon="27.2163087">
        <ele>260</ele>
        <time>2025-06-21T06:11:33Z</time>
        <hdop>1</hdop>
        <extensions>
          <speed>7.23</speed>
        </extensions>
      </trkpt>
      <trkpt lat="54.0463115" lon="27.216092">
        <ele>258</ele>
        <time>2025-06-21T06:11:44Z</time>
        <hdop>1</hdop>
        <extensions>
          <speed>7.23</speed>
        </extensions>
      </trkpt>
      <trkpt lat="54.0469815" lon="27.215903">
        <ele>260</ele>
        <time>2025-06-21T06:11:54Z</time>
        <hdop>1.5</hdop>
        <extensions>
          <speed>7.25</speed>
        </extensions>
      </trkpt>
      <trkpt lat="54.0477164" lon="27.2157871">
        <ele>259</ele>
        <time>2025-06-21T06:12:05Z</time>
        <hdop>1.5</hdop>
        <extensions>
          <speed>7.59</speed>
        </extensions>
      </trkpt>
      <trkpt lat="54.0483619" lon="27.2157692">
        <ele>258</ele>
        <time>2025-06-21T06:12:15Z</time>
        <hdop>1</hdop>
        <extensions>
          <speed>6.73</speed>
        </extensions>
      </trkpt>
      <trkpt lat="54.0490144" lon="27.2157565">
        <ele>258</ele>
        <time>2025-06-21T06:12:26Z</time>
        <hdop>1</hdop>
        <extensions>
          <speed>6.09</speed>
        </extensions>
      </trkpt>
      <trkpt lat="54.0495516" lon="27.2157358">
        <ele>259</ele>
        <time>2025-06-21T06:12:36Z</time>
        <hdop>1.5</hdop>
        <extensions>
          <speed>5.52</speed>
        </extensions>
      </trkpt>
      <trkpt lat="54.050075" lon="27.2157402">
        <ele>260</ele>
        <time>2025-06-21T06:12:46Z</time>
        <hdop>1</hdop>
        <extensions>
          <speed>5.32</speed>
        </extensions>
      </trkpt>
      <trkpt lat="54.0501973" lon="27.2157697">
        <ele>259</ele>
        <time>2025-06-21T06:12:57Z</time>
        <hdop>1.5</hdop>
      </trkpt>
      <trkpt lat="54.0501978" lon="27.2157685">
        <ele>259</ele>
        <time>2025-06-21T06:13:08Z</time>
        <hdop>4.5</hdop>
      </trkpt>
      <trkpt lat="54.0501978" lon="27.2157685">
        <ele>259</ele>
        <time>2025-06-21T06:13:19Z</time>
        <hdop>2</hdop>
      </trkpt>
      <trkpt lat="54.0501897" lon="27.2157811">
        <ele>257</ele>
        <time>2025-06-21T06:13:30Z</time>
        <hdop>2</hdop>
        <extensions>
          <speed>0.18</speed>
        </extensions>
      </trkpt>
      <trkpt lat="54.0503846" lon="27.2157176">
        <ele>258</ele>
        <time>2025-06-21T06:13:40Z</time>
        <hdop>2</hdop>
        <extensions>
          <speed>1.91</speed>
        </extensions>
      </trkpt>
      <trkpt lat="54.0507764" lon="27.2156719">
        <ele>259</ele>
        <time>2025-06-21T06:13:50Z</time>
        <hdop>1</hdop>
        <extensions>
          <speed>6.39</speed>
        </extensions>
      </trkpt>
      <trkpt lat="54.0514611" lon="27.215637">
        <ele>259</ele>
        <time>2025-06-21T06:14:01Z</time>
        <hdop>1</hdop>
        <extensions>
          <speed>7</speed>
        </extensions>
      </trkpt>
      <trkpt lat="54.052101" lon="27.2156053">
        <ele>259</ele>
        <time>2025-06-21T06:14:11Z</time>
        <hdop>1</hdop>
        <extensions>
          <speed>8.19</speed>
        </extensions>
      </trkpt>
      <trkpt lat="54.0528943" lon="27.2155381">
        <ele>259</ele>
        <time>2025-06-21T06:14:22Z</time>
        <hdop>1</hdop>
        <extensions>
          <speed>8.09</speed>
        </extensions>
      </trkpt>
      <trkpt lat="54.053642" lon="27.2154878">
        <ele>258</ele>
        <time>2025-06-21T06:14:33Z</time>
        <hdop>1</hdop>
        <extensions>
          <speed>6.92</speed>
        </extensions>
      </trkpt>
      <trkpt lat="54.0542969" lon="27.2154013">
        <ele>259</ele>
        <time>2025-06-21T06:14:44Z</time>
        <hdop>1.5</hdop>
        <extensions>
          <speed>6.68</speed>
        </extensions>
      </trkpt>
      <trkpt lat="54.0549786" lon="27.2152986">
        <ele>258</ele>
        <time>2025-06-21T06:14:55Z</time>
        <hdop>1</hdop>
        <extensions>
          <speed>6.94</speed>
        </extensions>
      </trkpt>
      <trkpt lat="54.0556051" lon="27.2152338">
        <ele>258</ele>
        <time>2025-06-21T06:15:05Z</time>
        <hdop>1</hdop>
        <extensions>
          <speed>6.92</speed>
        </extensions>
      </trkpt>
      <trkpt lat="54.0562175" lon="27.2151127">
        <ele>258</ele>
        <time>2025-06-21T06:15:15Z</time>
        <hdop>1</hdop>
        <extensions>
          <speed>7.11</speed>
        </extensions>
      </trkpt>
      <trkpt lat="54.0567695" lon="27.2149961">
        <ele>255</ele>
        <time>2025-06-21T06:15:26Z</time>
        <hdop>4</hdop>
        <extensions>
          <speed>6.74</speed>
        </extensions>
      </trkpt>
      <trkpt lat="54.0575507" lon="27.2149961">
        <ele>259</ele>
        <time>2025-06-21T06:15:36Z</time>
        <hdop>1.5</hdop>
        <extensions>
          <speed>7.28</speed>
        </extensions>
      </trkpt>
      <trkpt lat="54.0582078" lon="27.2149406">
        <ele>258</ele>
        <time>2025-06-21T06:15:46Z</time>
        <hdop>1.5</hdop>
        <extensions>
          <speed>7.28</speed>
        </extensions>
      </trkpt>
      <trkpt lat="54.0589206" lon="27.214908">
        <ele>258</ele>
        <time>2025-06-21T06:15:57Z</time>
        <hdop>1</hdop>
        <extensions>
          <speed>6.96</speed>
        </extensions>
      </trkpt>
      <trkpt lat="54.0595651" lon="27.214852">
        <ele>258</ele>
        <time>2025-06-21T06:16:07Z</time>
        <hdop>1</hdop>
        <extensions>
          <speed>7.21</speed>
        </extensions>
      </trkpt>
      <trkpt lat="54.0602525" lon="27.2147695">
        <ele>259</ele>
        <time>2025-06-21T06:16:18Z</time>
        <hdop>1</hdop>
        <extensions>
          <speed>6.95</speed>
        </extensions>
      </trkpt>
      <trkpt lat="54.0608775" lon="27.2147238">
        <ele>259</ele>
        <time>2025-06-21T06:16:28Z</time>
        <hdop>1</hdop>
        <extensions>
          <speed>6.9</speed>
        </extensions>
      </trkpt>
      <trkpt lat="54.0615535" lon="27.2146468">
        <ele>259</ele>
        <time>2025-06-21T06:16:39Z</time>
        <hdop>1.5</hdop>
        <extensions>
          <speed>6.91</speed>
        </extensions>
      </trkpt>
      <trkpt lat="54.0621884" lon="27.2145583">
        <ele>260</ele>
        <time>2025-06-21T06:16:49Z</time>
        <hdop>1.5</hdop>
        <extensions>
          <speed>7.13</speed>
        </extensions>
      </trkpt>
      <trkpt lat="54.0628202" lon="27.2142381">
        <ele>261</ele>
        <time>2025-06-21T06:17:00Z</time>
        <hdop>1.5</hdop>
        <extensions>
          <speed>6.09</speed>
        </extensions>
      </trkpt>
      <trkpt lat="54.0633542" lon="27.2139203">
        <ele>262</ele>
        <time>2025-06-21T06:17:10Z</time>
        <hdop>1.5</hdop>
        <extensions>
          <speed>6.48</speed>
        </extensions>
      </trkpt>
      <trkpt lat="54.063853" lon="27.2136378">
        <ele>261</ele>
        <time>2025-06-21T06:17:20Z</time>
        <hdop>1.5</hdop>
        <extensions>
          <speed>5.5</speed>
        </extensions>
      </trkpt>
      <trkpt lat="54.0643612" lon="27.2133589">
        <ele>263</ele>
        <time>2025-06-21T06:17:31Z</time>
        <hdop>1</hdop>
        <extensions>
          <speed>4.82</speed>
        </extensions>
      </trkpt>
      <trkpt lat="54.0648179" lon="27.2131136">
        <ele>264</ele>
        <time>2025-06-21T06:17:42Z</time>
        <hdop>1</hdop>
        <extensions>
          <speed>4.27</speed>
        </extensions>
      </trkpt>
      <trkpt lat="54.0652127" lon="27.2128671">
        <ele>266</ele>
        <time>2025-06-21T06:17:53Z</time>
        <hdop>1</hdop>
        <extensions>
          <speed>4.3</speed>
        </extensions>
      </trkpt>
      <trkpt lat="54.0656287" lon="27.2126409">
        <ele>266</ele>
        <time>2025-06-21T06:18:04Z</time>
        <hdop>1.5</hdop>
        <extensions>
          <speed>4.05</speed>
        </extensions>
      </trkpt>
      <trkpt lat="54.0660476" lon="27.2124535">
        <ele>268</ele>
        <time>2025-06-21T06:18:15Z</time>
        <hdop>1</hdop>
        <extensions>
          <speed>4.46</speed>
        </extensions>
      </trkpt>
      <trkpt lat="54.0664923" lon="27.2123046">
        <ele>269</ele>
        <time>2025-06-21T06:18:26Z</time>
        <hdop>1.5</hdop>
        <extensions>
          <speed>4.61</speed>
        </extensions>
      </trkpt>
      <trkpt lat="54.0669723" lon="27.2121477">
        <ele>271</ele>
        <time>2025-06-21T06:18:37Z</time>
        <hdop>1.5</hdop>
        <extensions>
          <speed>5.47</speed>
        </extensions>
      </trkpt>
      <trkpt lat="54.0675844" lon="27.2120118">
        <ele>270</ele>
        <time>2025-06-21T06:18:48Z</time>
        <hdop>1.5</hdop>
        <extensions>
          <speed>7.05</speed>
        </extensions>
      </trkpt>
      <trkpt lat="54.0683359" lon="27.2118714">
        <ele>267</ele>
        <time>2025-06-21T06:18:59Z</time>
        <hdop>1.5</hdop>
        <extensions>
          <speed>7.73</speed>
        </extensions>
      </trkpt>
      <trkpt lat="54.0690742" lon="27.2117145">
        <ele>266</ele>
        <time>2025-06-21T06:19:10Z</time>
        <hdop>1</hdop>
        <extensions>
          <speed>7.26</speed>
        </extensions>
      </trkpt>
      <trkpt lat="54.0698151" lon="27.2115492">
        <ele>266</ele>
        <time>2025-06-21T06:19:21Z</time>
        <hdop>1</hdop>
        <extensions>
          <speed>7.26</speed>
        </extensions>
      </trkpt>
      <trkpt lat="54.0704458" lon="27.2113467">
        <ele>265</ele>
        <time>2025-06-21T06:19:31Z</time>
        <hdop>1.5</hdop>
        <extensions>
          <speed>7.35</speed>
        </extensions>
      </trkpt>
      <trkpt lat="54.0710441" lon="27.211145">
        <ele>266</ele>
        <time>2025-06-21T06:19:41Z</time>
        <hdop>1.5</hdop>
        <extensions>
          <speed>6.61</speed>
        </extensions>
      </trkpt>
      <trkpt lat="54.0714888" lon="27.211029">
        <ele>265</ele>
        <time>2025-06-21T06:19:52Z</time>
        <hdop>2</hdop>
        <extensions>
          <speed>2.34</speed>
        </extensions>
      </trkpt>
      <trkpt lat="54.0715324" lon="27.2110298">
        <ele>265</ele>
        <time>2025-06-21T06:20:02Z</time>
        <hdop>2</hdop>
      </trkpt>
      <trkpt lat="54.0714756" lon="27.2110183">
        <ele>269</ele>
        <time>2025-06-21T06:20:13Z</time>
        <hdop>2.5</hdop>
        <extensions>
          <speed>3.25</speed>
        </extensions>
      </trkpt>
      <trkpt lat="54.0713477" lon="27.2100964">
        <ele>263</ele>
        <time>2025-06-21T06:20:23Z</time>
        <hdop>1.5</hdop>
        <extensions>
          <speed>6.93</speed>
        </extensions>
      </trkpt>
      <trkpt lat="54.0711453" lon="27.209006">
        <ele>263</ele>
        <time>2025-06-21T06:20:34Z</time>
        <hdop>1.5</hdop>
        <extensions>
          <speed>7.22</speed>
        </extensions>
      </trkpt>
      <trkpt lat="54.0710187" lon="27.207877">
        <ele>262</ele>
        <time>2025-06-21T06:20:44Z</time>
        <hdop>1.5</hdop>
        <extensions>
          <speed>7.52</speed>
        </extensions>
      </trkpt>
      <trkpt lat="54.0709085" lon="27.2067349">
        <ele>260</ele>
        <time>2025-06-21T06:20:54Z</time>
        <hdop>1.5</hdop>
        <extensions>
          <speed>7.46</speed>
        </extensions>
      </trkpt>
      <trkpt lat="54.0708228" lon="27.2056608">
        <ele>261</ele>
        <time>2025-06-21T06:21:04Z</time>
        <hdop>1</hdop>
        <extensions>
          <speed>6.87</speed>
        </extensions>
      </trkpt>
      <trkpt lat="54.0710742" lon="27.2047757">
        <ele>265</ele>
        <time>2025-06-21T06:21:15Z</time>
        <hdop>1.5</hdop>
        <extensions>
          <speed>5.83</speed>
        </extensions>
      </trkpt>
      <trkpt lat="54.071724" lon="27.2046329">
        <ele>266</ele>
        <time>2025-06-21T06:21:25Z</time>
        <hdop>1.5</hdop>
        <extensions>
          <speed>7.11</speed>
        </extensions>
      </trkpt>
      <trkpt lat="54.0724388" lon="27.2046465">
        <ele>266</ele>
        <time>2025-06-21T06:21:36Z</time>
        <hdop>1.5</hdop>
        <extensions>
          <speed>7.04</speed>
        </extensions>
      </trkpt>
      <trkpt lat="54.0730845" lon="27.204648">
        <ele>266</ele>
        <time>2025-06-21T06:21:46Z</time>
        <hdop>1.5</hdop>
        <extensions>
          <speed>6.86</speed>
        </extensions>
      </trkpt>
      <trkpt lat="54.0736788" lon="27.2045641">
        <ele>269</ele>
        <time>2025-06-21T06:21:56Z</time>
        <hdop>2</hdop>
        <extensions>
          <speed>7.19</speed>
        </extensions>
      </trkpt>
      <trkpt lat="54.0743389" lon="27.2043789">
        <ele>275</ele>
        <time>2025-06-21T06:22:07Z</time>
        <hdop>2.5</hdop>
        <extensions>
          <speed>6.19</speed>
        </extensions>
      </trkpt>
      <trkpt lat="54.0750095" lon="27.2041036">
        <ele>276</ele>
        <time>2025-06-21T06:22:17Z</time>
        <hdop>2.5</hdop>
        <extensions>
          <speed>6.46</speed>
        </extensions>
      </trkpt>
      <trkpt lat="54.0757576" lon="27.203953">
        <ele>268</ele>
        <time>2025-06-21T06:22:28Z</time>
        <hdop>2</hdop>
        <extensions>
          <speed>6.92</speed>
        </extensions>
      </trkpt>
      <trkpt lat="54.0764577" lon="27.2038473">
        <ele>265</ele>
        <time>2025-06-21T06:22:38Z</time>
        <hdop>1.5</hdop>
        <extensions>
          <speed>7.75</speed>
        </extensions>
      </trkpt>
      <trkpt lat="54.0771715" lon="27.2037487">
        <ele>262</ele>
        <time>2025-06-21T06:22:48Z</time>
        <hdop>1.5</hdop>
        <extensions>
          <speed>8.07</speed>
        </extensions>
      </trkpt>
      <trkpt lat="54.0779907" lon="27.2039836">
        <ele>262</ele>
        <time>2025-06-21T06:22:59Z</time>
        <hdop>1.5</hdop>
        <extensions>
          <speed>8.94</speed>
        </extensions>
      </trkpt>
      <trkpt lat="54.0788129" lon="27.2041628">
        <ele>258</ele>
        <time>2025-06-21T06:23:10Z</time>
        <hdop>1</hdop>
        <extensions>
          <speed>7.92</speed>
        </extensions>
      </trkpt>
      <trkpt lat="54.0793558" lon="27.2036203">
        <ele>257</ele>
        <time>2025-06-21T06:23:20Z</time>
        <hdop>1.5</hdop>
        <extensions>
          <speed>5.97</speed>
        </extensions>
      </trkpt>
      <trkpt lat="54.0797318" lon="27.2030807">
        <ele>258</ele>
        <time>2025-06-21T06:23:30Z</time>
        <hdop>1</hdop>
        <extensions>
          <speed>5.51</speed>
        </extensions>
      </trkpt>
      <trkpt lat="54.0801062" lon="27.2024513">
        <ele>258</ele>
        <time>2025-06-21T06:23:40Z</time>
        <hdop>1.5</hdop>
        <extensions>
          <speed>5.88</speed>
        </extensions>
      </trkpt>
      <trkpt lat="54.0804131" lon="27.201633">
        <ele>257</ele>
        <time>2025-06-21T06:23:51Z</time>
        <hdop>1</hdop>
        <extensions>
          <speed>5.65</speed>
        </extensions>
      </trkpt>
      <trkpt lat="54.0806684" lon="27.2008771">
        <ele>260</ele>
        <time>2025-06-21T06:24:02Z</time>
        <hdop>1.5</hdop>
        <extensions>
          <speed>4.74</speed>
        </extensions>
      </trkpt>
      <trkpt lat="54.0809144" lon="27.2003236">
        <ele>262</ele>
        <time>2025-06-21T06:24:12Z</time>
        <hdop>1.5</hdop>
        <extensions>
          <speed>4.58</speed>
        </extensions>
      </trkpt>
      <trkpt lat="54.0812209" lon="27.199692">
        <ele>264</ele>
        <time>2025-06-21T06:24:23Z</time>
        <hdop>1.5</hdop>
        <extensions>
          <speed>5.24</speed>
        </extensions>
      </trkpt>
      <trkpt lat="54.0815818" lon="27.199051">
        <ele>265</ele>
        <time>2025-06-21T06:24:34Z</time>
        <hdop>1.5</hdop>
        <extensions>
          <speed>5.8</speed>
        </extensions>
      </trkpt>
      <trkpt lat="54.081922" lon="27.1983887">
        <ele>266</ele>
        <time>2025-06-21T06:24:44Z</time>
        <hdop>2</hdop>
        <extensions>
          <speed>5.63</speed>
        </extensions>
      </trkpt>
      <trkpt lat="54.0823036" lon="27.1976985">
        <ele>271</ele>
        <time>2025-06-21T06:24:54Z</time>
        <hdop>2</hdop>
        <extensions>
          <speed>6.32</speed>
        </extensions>
      </trkpt>
      <trkpt lat="54.0828393" lon="27.196929">
        <ele>270</ele>
        <time>2025-06-21T06:25:05Z</time>
        <hdop>1.5</hdop>
        <extensions>
          <speed>6.38</speed>
        </extensions>
      </trkpt>
      <trkpt lat="54.0834165" lon="27.1963805">
        <ele>265</ele>
        <time>2025-06-21T06:25:16Z</time>
        <hdop>1.5</hdop>
        <extensions>
          <speed>6.56</speed>
        </extensions>
      </trkpt>
      <trkpt lat="54.0840521" lon="27.1959939">
        <ele>263</ele>
        <time>2025-06-21T06:25:27Z</time>
        <hdop>1.5</hdop>
        <extensions>
          <speed>7.06</speed>
        </extensions>
      </trkpt>
      <trkpt lat="54.0845411" lon="27.1954369">
        <ele>261</ele>
        <time>2025-06-21T06:25:37Z</time>
        <hdop>1.5</hdop>
        <extensions>
          <speed>6.65</speed>
        </extensions>
      </trkpt>
      <trkpt lat="54.0850898" lon="27.1949544">
        <ele>257</ele>
        <time>2025-06-21T06:25:48Z</time>
        <hdop>2</hdop>
        <extensions>
          <speed>6.03</speed>
        </extensions>
      </trkpt>
      <trkpt lat="54.0856027" lon="27.194717">
        <ele>256</ele>
        <time>2025-06-21T06:25:59Z</time>
        <hdop>2.5</hdop>
        <extensions>
          <speed>4.68</speed>
        </extensions>
      </trkpt>
      <trkpt lat="54.0858768" lon="27.1945323">
        <ele>256</ele>
        <time>2025-06-21T06:26:09Z</time>
        <hdop>2</hdop>
        <extensions>
          <speed>3.08</speed>
        </extensions>
      </trkpt>
      <trkpt lat="54.0859508" lon="27.1944345">
        <ele>257</ele>
        <time>2025-06-21T06:26:19Z</time>
        <hdop>2</hdop>
      </trkpt>
      <trkpt lat="54.0859439" lon="27.1943781">
        <ele>261</ele>
        <time>2025-06-21T06:26:33Z</time>
        <hdop>7.5</hdop>
        <extensions>
          <speed>1.9</speed>
        </extensions>
      </trkpt>
      <trkpt lat="54.0862169" lon="27.1937436">
        <ele>272</ele>
        <time>2025-06-21T06:26:51Z</time>
        <hdop>7</hdop>
        <extensions>
          <speed>2.18</speed>
        </extensions>
      </trkpt>
      <trkpt lat="54.0865158" lon="27.1935179">
        <ele>276</ele>
        <time>2025-06-21T06:27:02Z</time>
        <hdop>7.5</hdop>
        <extensions>
          <speed>2.24</speed>
        </extensions>
      </trkpt>
      <trkpt lat="54.0867839" lon="27.1932359">
        <ele>282</ele>
        <time>2025-06-21T06:27:13Z</time>
        <hdop>2.5</hdop>
        <extensions>
          <speed>2.24</speed>
        </extensions>
      </trkpt>
      <trkpt lat="54.0870138" lon="27.1930278">
        <ele>288</ele>
        <time>2025-06-21T06:27:23Z</time>
        <hdop>2.5</hdop>
        <extensions>
          <speed>2.17</speed>
        </extensions>
      </trkpt>
      <trkpt lat="54.0872853" lon="27.1928887">
        <ele>296</ele>
        <time>2025-06-21T06:27:33Z</time>
        <hdop>2.5</hdop>
        <extensions>
          <speed>1.48</speed>
        </extensions>
      </trkpt>
      <trkpt lat="54.0875699" lon="27.1925559">
        <ele>298</ele>
        <time>2025-06-21T06:27:44Z</time>
        <hdop>2.5</hdop>
        <extensions>
          <speed>2.14</speed>
        </extensions>
      </trkpt>
      <trkpt lat="54.0878729" lon="27.1922616">
        <ele>298</ele>
        <time>2025-06-21T06:27:54Z</time>
        <hdop>2.5</hdop>
        <extensions>
          <speed>2.52</speed>
        </extensions>
      </trkpt>
      <trkpt lat="54.0882508" lon="27.1919967">
        <ele>303</ele>
        <time>2025-06-21T06:28:05Z</time>
        <hdop>2.5</hdop>
        <extensions>
          <speed>2.72</speed>
        </extensions>
      </trkpt>
      <trkpt lat="54.0885639" lon="27.1915757">
        <ele>295</ele>
        <time>2025-06-21T06:28:15Z</time>
        <hdop>2.5</hdop>
        <extensions>
          <speed>3.4</speed>
        </extensions>
      </trkpt>
      <trkpt lat="54.0891787" lon="27.1912199">
        <ele>287</ele>
        <time>2025-06-21T06:28:26Z</time>
        <hdop>2</hdop>
        <extensions>
          <speed>4.3</speed>
        </extensions>
      </trkpt>
      <trkpt lat="54.0895961" lon="27.191576">
        <ele>299</ele>
        <time>2025-06-21T06:28:36Z</time>
        <hdop>3</hdop>
        <extensions>
          <speed>2.14</speed>
        </extensions>
      </trkpt>
      <trkpt lat="54.0899434" lon="27.1912275">
        <ele>289</ele>
        <time>2025-06-21T06:28:47Z</time>
        <hdop>2.5</hdop>
        <extensions>
          <speed>2.55</speed>
        </extensions>
      </trkpt>
      <trkpt lat="54.0900491" lon="27.1909601">
        <ele>280</ele>
        <time>2025-06-21T06:28:58Z</time>
        <hdop>2</hdop>
        <extensions>
          <speed>0.57</speed>
        </extensions>
      </trkpt>
      <trkpt lat="54.0902942" lon="27.1906927">
        <ele>265</ele>
        <time>2025-06-21T06:29:09Z</time>
        <hdop>3</hdop>
        <extensions>
          <speed>1.67</speed>
        </extensions>
      </trkpt>
      <trkpt lat="54.0907226" lon="27.1904473">
        <ele>266</ele>
        <time>2025-06-21T06:29:20Z</time>
        <hdop>2</hdop>
        <extensions>
          <speed>4.9</speed>
        </extensions>
      </trkpt>
      <trkpt lat="54.0912625" lon="27.1903456">
        <ele>270</ele>
        <time>2025-06-21T06:29:30Z</time>
        <hdop>1.5</hdop>
        <extensions>
          <speed>4.32</speed>
        </extensions>
      </trkpt>
      <trkpt lat="54.0915702" lon="27.1901381">
        <ele>273</ele>
        <time>2025-06-21T06:29:41Z</time>
        <hdop>2.5</hdop>
        <extensions>
          <speed>2.37</speed>
        </extensions>
      </trkpt>
      <trkpt lat="54.0919079" lon="27.1900323">
        <ele>277</ele>
        <time>2025-06-21T06:29:51Z</time>
        <hdop>3</hdop>
        <extensions>
          <speed>2.81</speed>
        </extensions>
      </trkpt>
      <trkpt lat="54.0923068" lon="27.1899461">
        <ele>279</ele>
        <time>2025-06-21T06:30:02Z</time>
        <hdop>3</hdop>
        <extensions>
          <speed>2.13</speed>
        </extensions>
      </trkpt>
      <trkpt lat="54.0927176" lon="27.1901285">
        <ele>279</ele>
        <time>2025-06-21T06:30:13Z</time>
        <hdop>4</hdop>
        <extensions>
          <speed>1.48</speed>
        </extensions>
      </trkpt>
      <trkpt lat="54.0929564" lon="27.1900601">
        <ele>275</ele>
        <time>2025-06-21T06:30:23Z</time>
        <hdop>3</hdop>
        <extensions>
          <speed>1.84</speed>
        </extensions>
      </trkpt>
      <trkpt lat="54.0935114" lon="27.1899296">
        <ele>278</ele>
        <time>2025-06-21T06:30:33Z</time>
        <hdop>3</hdop>
        <extensions>
          <speed>6.66</speed>
        </extensions>
      </trkpt>
      <trkpt lat="54.0939532" lon="27.1898436">
        <ele>272</ele>
        <time>2025-06-21T06:30:43Z</time>
        <hdop>2.5</hdop>
      </trkpt>
      <trkpt lat="54.0940116" lon="27.1899513">
        <ele>271</ele>
        <time>2025-06-21T06:30:54Z</time>
        <hdop>2</hdop>
      </trkpt>
      <trkpt lat="54.0941236" lon="27.1901503">
        <ele>269</ele>
        <time>2025-06-21T06:31:04Z</time>
        <hdop>2</hdop>
        <extensions>
          <speed>4.41</speed>
        </extensions>
      </trkpt>
      <trkpt lat="54.0944121" lon="27.1906228">
        <ele>266</ele>
        <time>2025-06-21T06:31:15Z</time>
        <hdop>2.5</hdop>
        <extensions>
          <speed>3.74</speed>
        </extensions>
      </trkpt>
      <trkpt lat="54.094975" lon="27.1904004">
        <ele>268</ele>
        <time>2025-06-21T06:31:26Z</time>
        <hdop>1.5</hdop>
        <extensions>
          <speed>5.1</speed>
        </extensions>
      </trkpt>
      <trkpt lat="54.0955026" lon="27.1900972">
        <ele>264</ele>
        <time>2025-06-21T06:31:37Z</time>
        <hdop>1</hdop>
        <extensions>
          <speed>5.26</speed>
        </extensions>
      </trkpt>
      <trkpt lat="54.0960058" lon="27.1898363">
        <ele>263</ele>
        <time>2025-06-21T06:31:48Z</time>
        <hdop>1.5</hdop>
        <extensions>
          <speed>4.51</speed>
        </extensions>
      </trkpt>
      <trkpt lat="54.0963924" lon="27.1893967">
        <ele>263</ele>
        <time>2025-06-21T06:31:58Z</time>
        <hdop>1.5</hdop>
        <extensions>
          <speed>5.81</speed>
        </extensions>
      </trkpt>
      <trkpt lat="54.0968102" lon="27.1887878">
        <ele>261</ele>
        <time>2025-06-21T06:32:08Z</time>
        <hdop>1.5</hdop>
        <extensions>
          <speed>5.06</speed>
        </extensions>
      </trkpt>
      <trkpt lat="54.0971392" lon="27.1882258">
        <ele>262</ele>
        <time>2025-06-21T06:32:18Z</time>
        <hdop>1.5</hdop>
        <extensions>
          <speed>5</speed>
        </extensions>
      </trkpt>
      <trkpt lat="54.097446" lon="27.1875048">
        <ele>261</ele>
        <time>2025-06-21T06:32:29Z</time>
        <hdop>1.5</hdop>
        <extensions>
          <speed>7.81</speed>
        </extensions>
      </trkpt>
      <trkpt lat="54.097729" lon="27.1864543">
        <ele>259</ele>
        <time>2025-06-21T06:32:39Z</time>
        <hdop>1.5</hdop>
        <extensions>
          <speed>5.91</speed>
        </extensions>
      </trkpt>
      <trkpt lat="54.0979995" lon="27.1856431">
        <ele>260</ele>
        <time>2025-06-21T06:32:50Z</time>
        <hdop>1.5</hdop>
        <extensions>
          <speed>5.04</speed>
        </extensions>
      </trkpt>
      <trkpt lat="54.0981366" lon="27.184948">
        <ele>265</ele>
        <time>2025-06-21T06:33:00Z</time>
        <hdop>1.5</hdop>
        <extensions>
          <speed>4.81</speed>
        </extensions>
      </trkpt>
      <trkpt lat="54.0983645" lon="27.1842219">
        <ele>262</ele>
        <time>2025-06-21T06:33:11Z</time>
        <hdop>1.5</hdop>
        <extensions>
          <speed>3.98</speed>
        </extensions>
      </trkpt>
      <trkpt lat="54.0982124" lon="27.183893">
        <ele>271</ele>
        <time>2025-06-21T06:33:22Z</time>
        <hdop>2</hdop>
        <extensions>
          <speed>0.87</speed>
        </extensions>
      </trkpt>
      <trkpt lat="54.0981642" lon="27.183581">
        <ele>271</ele>
        <time>2025-06-21T06:33:33Z</time>
        <hdop>2.5</hdop>
        <extensions>
          <speed>0.46</speed>
        </extensions>
      </trkpt>
      <trkpt lat="54.0982776" lon="27.1833949">
        <ele>271</ele>
        <time>2025-06-21T06:33:43Z</time>
        <hdop>2</hdop>
        <extensions>
          <speed>1.56</speed>
        </extensions>
      </trkpt>
      <trkpt lat="54.0982901" lon="27.1831092">
        <ele>278</ele>
        <time>2025-06-21T06:33:54Z</time>
        <hdop>2</hdop>
        <extensions>
          <speed>2.12</speed>
        </extensions>
      </trkpt>
      <trkpt lat="54.0982713" lon="27.182699">
        <ele>287</ele>
        <time>2025-06-21T06:34:05Z</time>
        <hdop>2.5</hdop>
        <extensions>
          <speed>1.12</speed>
        </extensions>
      </trkpt>
      <trkpt lat="54.0981825" lon="27.1822361">
        <ele>288</ele>
        <time>2025-06-21T06:34:15Z</time>
        <hdop>2.5</hdop>
        <extensions>
          <speed>0.94</speed>
        </extensions>
      </trkpt>
      <trkpt lat="54.0981839" lon="27.1817195">
        <ele>291</ele>
        <time>2025-06-21T06:34:25Z</time>
        <hdop>2.5</hdop>
        <extensions>
          <speed>1.11</speed>
        </extensions>
      </trkpt>
      <trkpt lat="54.0980957" lon="27.1811678">
        <ele>299</ele>
        <time>2025-06-21T06:34:36Z</time>
        <hdop>2.5</hdop>
        <extensions>
          <speed>0.25</speed>
        </extensions>
      </trkpt>
      <trkpt lat="54.0982212" lon="27.1806356">
        <ele>290</ele>
        <time>2025-06-21T06:34:46Z</time>
        <hdop>3</hdop>
        <extensions>
          <speed>2.01</speed>
        </extensions>
      </trkpt>
      <trkpt lat="54.0984867" lon="27.1802678">
        <ele>284</ele>
        <time>2025-06-21T06:34:57Z</time>
        <hdop>2.5</hdop>
        <extensions>
          <speed>1.87</speed>
        </extensions>
      </trkpt>
      <trkpt lat="54.0985704" lon="27.1798695">
        <ele>285</ele>
        <time>2025-06-21T06:35:07Z</time>
        <hdop>2.5</hdop>
        <extensions>
          <speed>2.2</speed>
        </extensions>
      </trkpt>
      <trkpt lat="54.0985217" lon="27.1792384">
        <ele>290</ele>
        <time>2025-06-21T06:35:18Z</time>
        <hdop>3</hdop>
        <extensions>
          <speed>1.15</speed>
        </extensions>
      </trkpt>
      <trkpt lat="54.0985155" lon="27.178664">
        <ele>301</ele>
        <time>2025-06-21T06:35:29Z</time>
        <hdop>2.5</hdop>
        <extensions>
          <speed>1.38</speed>
        </extensions>
      </trkpt>
      <trkpt lat="54.0985335" lon="27.1782164">
        <ele>297</ele>
        <time>2025-06-21T06:35:39Z</time>
        <hdop>2.5</hdop>
        <extensions>
          <speed>1.02</speed>
        </extensions>
      </trkpt>
      <trkpt lat="54.0985645" lon="27.1777311">
        <ele>297</ele>
        <time>2025-06-21T06:35:50Z</time>
        <hdop>2.5</hdop>
        <extensions>
          <speed>1.15</speed>
        </extensions>
      </trkpt>
      <trkpt lat="54.0985443" lon="27.1772702">
        <ele>300</ele>
        <time>2025-06-21T06:36:00Z</time>
        <hdop>2.5</hdop>
        <extensions>
          <speed>0.7</speed>
        </extensions>
      </trkpt>
      <trkpt lat="54.0984707" lon="27.1767141">
        <ele>301</ele>
        <time>2025-06-21T06:36:11Z</time>
        <hdop>2.5</hdop>
        <extensions>
          <speed>2.7</speed>
        </extensions>
      </trkpt>
      <trkpt lat="54.0983578" lon="27.1761766">
        <ele>296</ele>
        <time>2025-06-21T06:36:21Z</time>
        <hdop>2.5</hdop>
        <extensions>
          <speed>2.99</speed>
        </extensions>
      </trkpt>
      <trkpt lat="54.0983308" lon="27.1751185">
        <ele>303</ele>
        <time>2025-06-21T06:36:32Z</time>
        <hdop>2.5</hdop>
        <extensions>
          <speed>5.6</speed>
        </extensions>
      </trkpt>
      <trkpt lat="54.0983429" lon="27.1740231">
        <ele>296</ele>
        <time>2025-06-21T06:36:43Z</time>
        <hdop>2</hdop>
        <extensions>
          <speed>2.07</speed>
        </extensions>
      </trkpt>
      <trkpt lat="54.0985019" lon="27.1735982">
        <ele>288</ele>
        <time>2025-06-21T06:36:53Z</time>
        <hdop>2</hdop>
        <extensions>
          <speed>2.78</speed>
        </extensions>
      </trkpt>
      <trkpt lat="54.0986876" lon="27.1735825">
        <ele>280</ele>
        <time>2025-06-21T06:37:04Z</time>
        <hdop>2.5</hdop>
      </trkpt>
      <trkpt lat="54.0987811" lon="27.1735004">
        <ele>275</ele>
        <time>2025-06-21T06:37:15Z</time>
        <hdop>1.5</hdop>
        <extensions>
          <speed>3.1</speed>
        </extensions>
      </trkpt>
      <trkpt lat="54.0991052" lon="27.17333">
        <ele>273</ele>
        <time>2025-06-21T06:37:25Z</time>
        <hdop>1.5</hdop>
        <extensions>
          <speed>3.49</speed>
        </extensions>
      </trkpt>
      <trkpt lat="54.0994627" lon="27.1732199">
        <ele>271</ele>
        <time>2025-06-21T06:37:35Z</time>
        <hdop>1.5</hdop>
        <extensions>
          <speed>4.29</speed>
        </extensions>
      </trkpt>
      <trkpt lat="54.0998983" lon="27.1730454">
        <ele>272</ele>
        <time>2025-06-21T06:37:45Z</time>
        <hdop>1.5</hdop>
        <extensions>
          <speed>6.03</speed>
        </extensions>
      </trkpt>
      <trkpt lat="54.1001272" lon="27.1724745">
        <ele>272</ele>
        <time>2025-06-21T06:37:56Z</time>
        <hdop>2.5</hdop>
        <extensions>
          <speed>8.44</speed>
        </extensions>
      </trkpt>
      <trkpt lat="54.0999764" lon="27.1706969">
        <ele>269</ele>
        <time>2025-06-21T06:38:07Z</time>
        <hdop>1.5</hdop>
        <extensions>
          <speed>8.4</speed>
        </extensions>
      </trkpt>
      <trkpt lat="54.0998103" lon="27.1694136">
        <ele>262</ele>
        <time>2025-06-21T06:38:17Z</time>
        <hdop>1.5</hdop>
        <extensions>
          <speed>7.11</speed>
        </extensions>
      </trkpt>
      <trkpt lat="54.0999847" lon="27.1683741">
        <ele>261</ele>
        <time>2025-06-21T06:38:28Z</time>
        <hdop>1.5</hdop>
        <extensions>
          <speed>3.97</speed>
        </extensions>
      </trkpt>
      <trkpt lat="54.0998583" lon="27.1675677">
        <ele>266</ele>
        <time>2025-06-21T06:38:39Z</time>
        <hdop>1.5</hdop>
        <extensions>
          <speed>4.45</speed>
        </extensions>
      </trkpt>
      <trkpt lat="54.099776" lon="27.1666631">
        <ele>269</ele>
        <time>2025-06-21T06:38:50Z</time>
        <hdop>1.5</hdop>
        <extensions>
          <speed>4.18</speed>
        </extensions>
      </trkpt>
      <trkpt lat="54.0996688" lon="27.1658464">
        <ele>269</ele>
        <time>2025-06-21T06:39:00Z</time>
        <hdop>2</hdop>
        <extensions>
          <speed>4.81</speed>
        </extensions>
      </trkpt>
      <trkpt lat="54.0995599" lon="27.1652133">
        <ele>269</ele>
        <time>2025-06-21T06:39:10Z</time>
        <hdop>2.5</hdop>
        <extensions>
          <speed>1.57</speed>
        </extensions>
      </trkpt>
      <trkpt lat="54.0995345" lon="27.1644919">
        <ele>272</ele>
        <time>2025-06-21T06:39:20Z</time>
        <hdop>2.5</hdop>
        <extensions>
          <speed>2.76</speed>
        </extensions>
      </trkpt>
      <trkpt lat="54.099573" lon="27.1637351">
        <ele>273</ele>
        <time>2025-06-21T06:39:31Z</time>
        <hdop>3</hdop>
        <extensions>
          <speed>2.11</speed>
        </extensions>
      </trkpt>
      <trkpt lat="54.0995977" lon="27.1629124">
        <ele>270</ele>
        <time>2025-06-21T06:39:41Z</time>
        <hdop>2.5</hdop>
        <extensions>
          <speed>3.3</speed>
        </extensions>
      </trkpt>
      <trkpt lat="54.099804" lon="27.1617102">
        <ele>271</ele>
        <time>2025-06-21T06:39:52Z</time>
        <hdop>1.5</hdop>
        <extensions>
          <speed>5.07</speed>
        </extensions>
      </trkpt>
      <trkpt lat="54.1001124" lon="27.1609283">
        <ele>268</ele>
        <time>2025-06-21T06:40:03Z</time>
        <hdop>1.5</hdop>
        <extensions>
          <speed>5.97</speed>
        </extensions>
      </trkpt>
      <trkpt lat="54.1003666" lon="27.1600831">
        <ele>266</ele>
        <time>2025-06-21T06:40:13Z</time>
        <hdop>1.5</hdop>
        <extensions>
          <speed>5.96</speed>
        </extensions>
      </trkpt>
      <trkpt lat="54.1006334" lon="27.1593333">
        <ele>265</ele>
        <time>2025-06-21T06:40:23Z</time>
        <hdop>1.5</hdop>
        <extensions>
          <speed>4.83</speed>
        </extensions>
      </trkpt>
      <trkpt lat="54.1008921" lon="27.15862">
        <ele>265</ele>
        <time>2025-06-21T06:40:34Z</time>
        <hdop>1.5</hdop>
        <extensions>
          <speed>5.57</speed>
        </extensions>
      </trkpt>
      <trkpt lat="54.1011409" lon="27.1579178">
        <ele>265</ele>
        <time>2025-06-21T06:40:44Z</time>
        <hdop>1.5</hdop>
        <extensions>
          <speed>4.73</speed>
        </extensions>
      </trkpt>
      <trkpt lat="54.1014434" lon="27.1578714">
        <ele>266</ele>
        <time>2025-06-21T06:40:55Z</time>
        <hdop>1.5</hdop>
        <extensions>
          <speed>2.31</speed>
        </extensions>
      </trkpt>
      <trkpt lat="54.1015428" lon="27.1579075">
        <ele>265</ele>
        <time>2025-06-21T06:41:06Z</time>
        <hdop>1.5</hdop>
      </trkpt>
      <trkpt lat="54.1015428" lon="27.1579075">
        <ele>265</ele>
        <time>2025-06-21T06:41:17Z</time>
        <hdop>2</hdop>
      </trkpt>
      <trkpt lat="54.1015428" lon="27.1579867">
        <ele>266</ele>
        <time>2025-06-21T06:41:28Z</time>
        <hdop>4.5</hdop>
      </trkpt>
      <trkpt lat="54.1015428" lon="27.1579867">
        <ele>266</ele>
        <time>2025-06-21T06:41:39Z</time>
        <hdop>3.5</hdop>
      </trkpt>
      <trkpt lat="54.101553" lon="27.1580068">
        <ele>266</ele>
        <time>2025-06-21T06:41:49Z</time>
        <hdop>3</hdop>
      </trkpt>
      <trkpt lat="54.1015464" lon="27.1580178">
        <ele>266</ele>
        <time>2025-06-21T06:42:00Z</time>
        <hdop>2.5</hdop>
      </trkpt>
      <trkpt lat="54.1015464" lon="27.1580178">
        <ele>266</ele>
        <time>2025-06-21T06:42:11Z</time>
        <hdop>2.5</hdop>
      </trkpt>
      <trkpt lat="54.1015464" lon="27.1580178">
        <ele>266</ele>
        <time>2025-06-21T06:42:22Z</time>
        <hdop>2.5</hdop>
      </trkpt>
      <trkpt lat="54.1015464" lon="27.1580178">
        <ele>266</ele>
        <time>2025-06-21T06:42:32Z</time>
        <hdop>2.5</hdop>
      </trkpt>
      <trkpt lat="54.1015464" lon="27.1580178">
        <ele>266</ele>
        <time>2025-06-21T06:42:42Z</time>
        <hdop>2</hdop>
      </trkpt>
      <trkpt lat="54.1015464" lon="27.1580178">
        <ele>266</ele>
        <time>2025-06-21T06:42:53Z</time>
        <hdop>2.5</hdop>
      </trkpt>
      <trkpt lat="54.1015464" lon="27.1580178">
        <ele>266</ele>
        <time>2025-06-21T06:43:03Z</time>
        <hdop>4.5</hdop>
      </trkpt>
      <trkpt lat="54.1015225" lon="27.1580337">
        <ele>263</ele>
        <time>2025-06-21T06:43:13Z</time>
        <hdop>3</hdop>
      </trkpt>
      <trkpt lat="54.1014065" lon="27.1579589">
        <ele>271</ele>
        <time>2025-06-21T06:43:25Z</time>
        <hdop>7.5</hdop>
        <extensions>
          <speed>0.01</speed>
        </extensions>
      </trkpt>
      <trkpt lat="54.1015037" lon="27.1580496">
        <ele>274</ele>
        <time>2025-06-21T06:43:36Z</time>
        <hdop>7</hdop>
        <extensions>
          <speed>0.06</speed>
        </extensions>
      </trkpt>
      <trkpt lat="54.1015015" lon="27.1580363">
        <ele>272</ele>
        <time>2025-06-21T06:43:46Z</time>
        <hdop>3</hdop>
      </trkpt>
      <trkpt lat="54.1015015" lon="27.1580363">
        <ele>272</ele>
        <time>2025-06-21T06:43:56Z</time>
        <hdop>2.5</hdop>
      </trkpt>
      <trkpt lat="54.1015194" lon="27.1580259">
        <ele>267</ele>
        <time>2025-06-21T06:44:07Z</time>
        <hdop>2</hdop>
        <extensions>
          <speed>0.04</speed>
        </extensions>
      </trkpt>
      <trkpt lat="54.1015171" lon="27.1580372">
        <ele>266</ele>
        <time>2025-06-21T06:44:18Z</time>
        <hdop>2</hdop>
      </trkpt>
      <trkpt lat="54.1015171" lon="27.1580372">
        <ele>266</ele>
        <time>2025-06-21T06:44:28Z</time>
        <hdop>1.5</hdop>
      </trkpt>
      <trkpt lat="54.1015171" lon="27.1580372">
        <ele>266</ele>
        <time>2025-06-21T06:44:38Z</time>
        <hdop>2</hdop>
      </trkpt>
      <trkpt lat="54.1015171" lon="27.1580372">
        <ele>266</ele>
        <time>2025-06-21T06:44:49Z</time>
        <hdop>2</hdop>
      </trkpt>
      <trkpt lat="54.1015171" lon="27.1580372">
        <ele>266</ele>
        <time>2025-06-21T06:44:59Z</time>
        <hdop>2</hdop>
      </trkpt>
      <trkpt lat="54.1015171" lon="27.1580372">
        <ele>266</ele>
        <time>2025-06-21T06:45:10Z</time>
        <hdop>2</hdop>
      </trkpt>
      <trkpt lat="54.1015163" lon="27.158076">
        <ele>264</ele>
        <time>2025-06-21T06:45:20Z</time>
        <hdop>2</hdop>
      </trkpt>
      <trkpt lat="54.1015163" lon="27.158076">
        <ele>264</ele>
        <time>2025-06-21T06:45:31Z</time>
        <hdop>2.5</hdop>
      </trkpt>
      <trkpt lat="54.1015163" lon="27.158076">
        <ele>264</ele>
        <time>2025-06-21T06:45:41Z</time>
        <hdop>1.5</hdop>
      </trkpt>
      <trkpt lat="54.1015163" lon="27.158076">
        <ele>264</ele>
        <time>2025-06-21T06:45:52Z</time>
        <hdop>2</hdop>
      </trkpt>
      <trkpt lat="54.1015163" lon="27.158076">
        <ele>264</ele>
        <time>2025-06-21T06:46:03Z</time>
        <hdop>2</hdop>
      </trkpt>
      <trkpt lat="54.1015163" lon="27.158076">
        <ele>264</ele>
        <time>2025-06-21T06:46:14Z</time>
        <hdop>2</hdop>
      </trkpt>
      <trkpt lat="54.1015163" lon="27.158076">
        <ele>264</ele>
        <time>2025-06-21T06:46:25Z</time>
        <hdop>2</hdop>
      </trkpt>
      <trkpt lat="54.1015163" lon="27.158076">
        <ele>264</ele>
        <time>2025-06-21T06:46:35Z</time>
        <hdop>2</hdop>
      </trkpt>
      <trkpt lat="54.1015163" lon="27.158076">
        <ele>264</ele>
        <time>2025-06-21T06:46:46Z</time>
        <hdop>2</hdop>
      </trkpt>
      <trkpt lat="54.1015163" lon="27.158076">
        <ele>264</ele>
        <time>2025-06-21T06:46:56Z</time>
        <hdop>2</hdop>
      </trkpt>
      <trkpt lat="54.1015163" lon="27.158076">
        <ele>264</ele>
        <time>2025-06-21T06:47:07Z</time>
        <hdop>1.5</hdop>
      </trkpt>
      <trkpt lat="54.1015163" lon="27.158076">
        <ele>264</ele>
        <time>2025-06-21T06:47:17Z</time>
        <hdop>1.5</hdop>
      </trkpt>
      <trkpt lat="54.1015163" lon="27.158076">
        <ele>264</ele>
        <time>2025-06-21T06:47:28Z</time>
        <hdop>2</hdop>
      </trkpt>
      <trkpt lat="54.1015074" lon="27.1580723">
        <ele>266</ele>
        <time>2025-06-21T06:47:38Z</time>
        <hdop>2</hdop>
      </trkpt>
      <trkpt lat="54.1014996" lon="27.1580693">
        <ele>267</ele>
        <time>2025-06-21T06:47:49Z</time>
        <hdop>6.5</hdop>
      </trkpt>
      <trkpt lat="54.1014996" lon="27.1580693">
        <ele>267</ele>
        <time>2025-06-21T06:48:00Z</time>
        <hdop>2.5</hdop>
      </trkpt>
      <trkpt lat="54.1014996" lon="27.1580693">
        <ele>267</ele>
        <time>2025-06-21T06:48:10Z</time>
        <hdop>2</hdop>
      </trkpt>
      <trkpt lat="54.1014524" lon="27.1578032">
        <ele>264.3</ele>
        <time>2025-06-21T06:48:21Z</time>
        <hdop>32.099</hdop>
      </trkpt>
      <trkpt lat="54.1015467" lon="27.1581342">
        <ele>273</ele>
        <time>2025-06-21T06:48:34Z</time>
        <hdop>7.5</hdop>
        <extensions>
          <speed>0.13</speed>
        </extensions>
      </trkpt>
      <trkpt lat="54.101541" lon="27.1578673">
        <ele>271</ele>
        <time>2025-06-21T06:48:53Z</time>
        <hdop>8</hdop>
        <extensions>
          <speed>0.11</speed>
        </extensions>
      </trkpt>
      <trkpt lat="54.1015089" lon="27.1580428">
        <ele>260</ele>
        <time>2025-06-21T06:49:03Z</time>
        <hdop>11</hdop>
        <extensions>
          <speed>0.07</speed>
        </extensions>
      </trkpt>
      <trkpt lat="54.1015041" lon="27.1580757">
        <ele>271</ele>
        <time>2025-06-21T06:49:23Z</time>
        <hdop>7.5</hdop>
        <extensions>
          <speed>0.21</speed>
        </extensions>
      </trkpt>
      <trkpt lat="54.1016088" lon="27.1579198">
        <ele>271</ele>
        <time>2025-06-21T06:49:41Z</time>
        <hdop>7.5</hdop>
        <extensions>
          <speed>0.03</speed>
        </extensions>
      </trkpt>
      <trkpt lat="54.1015498" lon="27.1579642">
        <ele>273</ele>
        <time>2025-06-21T06:49:52Z</time>
        <hdop>3</hdop>
      </trkpt>
      <trkpt lat="54.1015498" lon="27.1579642">
        <ele>273</ele>
        <time>2025-06-21T06:50:03Z</time>
        <hdop>2</hdop>
      </trkpt>
      <trkpt lat="54.1015435" lon="27.1579827">
        <ele>272</ele>
        <time>2025-06-21T06:50:13Z</time>
        <hdop>2</hdop>
      </trkpt>
      <trkpt lat="54.1015435" lon="27.1579827">
        <ele>272</ele>
        <time>2025-06-21T06:50:23Z</time>
        <hdop>2.5</hdop>
      </trkpt>
      <trkpt lat="54.1015435" lon="27.1579827">
        <ele>272</ele>
        <time>2025-06-21T06:50:34Z</time>
        <hdop>2</hdop>
      </trkpt>
      <trkpt lat="54.1015435" lon="27.1579827">
        <ele>272</ele>
        <time>2025-06-21T06:50:44Z</time>
        <hdop>2</hdop>
      </trkpt>
      <trkpt lat="54.1015435" lon="27.1579827">
        <ele>272</ele>
        <time>2025-06-21T06:50:55Z</time>
        <hdop>2</hdop>
      </trkpt>
      <trkpt lat="54.1015422" lon="27.1580355">
        <ele>270</ele>
        <time>2025-06-21T06:51:06Z</time>
        <hdop>6.5</hdop>
      </trkpt>
      <trkpt lat="54.1015603" lon="27.1579681">
        <ele>263</ele>
        <time>2025-06-21T06:51:21Z</time>
        <hdop>7.5</hdop>
        <extensions>
          <speed>0.22</speed>
        </extensions>
      </trkpt>
      <trkpt lat="54.1014829" lon="27.1580041">
        <ele>261</ele>
        <time>2025-06-21T06:51:39Z</time>
        <hdop>7.5</hdop>
        <extensions>
          <speed>0.33</speed>
        </extensions>
      </trkpt>
      <trkpt lat="54.1015239" lon="27.1580001">
        <ele>268</ele>
        <time>2025-06-21T06:51:50Z</time>
        <hdop>2</hdop>
      </trkpt>
      <trkpt lat="54.1015199" lon="27.1580235">
        <ele>266</ele>
        <time>2025-06-21T06:52:01Z</time>
        <hdop>1.5</hdop>
        <extensions>
          <speed>0.59</speed>
        </extensions>
      </trkpt>
      <trkpt lat="54.1014329" lon="27.1583468">
        <ele>263</ele>
        <time>2025-06-21T06:52:11Z</time>
        <hdop>2</hdop>
        <extensions>
          <speed>2.12</speed>
        </extensions>
      </trkpt>
      <trkpt lat="54.1013953" lon="27.1585158">
        <ele>263</ele>
        <time>2025-06-21T06:52:21Z</time>
        <hdop>2</hdop>
        <extensions>
          <speed>0.27</speed>
        </extensions>
      </trkpt>
      <trkpt lat="54.1013889" lon="27.1584544">
        <ele>265</ele>
        <time>2025-06-21T06:52:32Z</time>
        <hdop>1.5</hdop>
      </trkpt>
      <trkpt lat="54.1013978" lon="27.1584871">
        <ele>262</ele>
        <time>2025-06-21T06:52:42Z</time>
        <hdop>2.5</hdop>
        <extensions>
          <speed>0.23</speed>
        </extensions>
      </trkpt>
      <trkpt lat="54.101378" lon="27.1584828">
        <ele>266</ele>
        <time>2025-06-21T06:52:53Z</time>
        <hdop>1.5</hdop>
      </trkpt>
      <trkpt lat="54.101378" lon="27.1584828">
        <ele>266</ele>
        <time>2025-06-21T06:53:03Z</time>
        <hdop>1.5</hdop>
      </trkpt>
      <trkpt lat="54.1013776" lon="27.1584617">
        <ele>266</ele>
        <time>2025-06-21T06:53:14Z</time>
        <hdop>1.5</hdop>
      </trkpt>
      <trkpt lat="54.1013776" lon="27.1584617">
        <ele>266</ele>
        <time>2025-06-21T06:53:24Z</time>
        <hdop>2</hdop>
      </trkpt>
      <trkpt lat="54.1013776" lon="27.1584617">
        <ele>266</ele>
        <time>2025-06-21T06:53:36Z</time>
        <hdop>1.5</hdop>
      </trkpt>
      <trkpt lat="54.1013776" lon="27.1584617">
        <ele>266</ele>
        <time>2025-06-21T06:53:47Z</time>
        <hdop>1.5</hdop>
      </trkpt>
      <trkpt lat="54.1013776" lon="27.1584617">
        <ele>266</ele>
        <time>2025-06-21T06:53:57Z</time>
        <hdop>1.5</hdop>
      </trkpt>
      <trkpt lat="54.1013971" lon="27.1584632">
        <ele>266</ele>
        <time>2025-06-21T06:54:08Z</time>
        <hdop>1.5</hdop>
        <extensions>
          <speed>0.33</speed>
        </extensions>
      </trkpt>
      <trkpt lat="54.1014838" lon="27.1581763">
        <ele>268</ele>
        <time>2025-06-21T06:54:18Z</time>
        <hdop>2</hdop>
        <extensions>
          <speed>2.48</speed>
        </extensions>
      </trkpt>
      <trkpt lat="54.1015469" lon="27.1579984">
        <ele>268</ele>
        <time>2025-06-21T06:54:28Z</time>
        <hdop>1.5</hdop>
        <extensions>
          <speed>1.59</speed>
        </extensions>
      </trkpt>
      <trkpt lat="54.1014224" lon="27.1578393">
        <ele>268</ele>
        <time>2025-06-21T06:54:39Z</time>
        <hdop>1.5</hdop>
        <extensions>
          <speed>1.28</speed>
        </extensions>
      </trkpt>
      <trkpt lat="54.1014204" lon="27.1579228">
        <ele>267</ele>
        <time>2025-06-21T06:54:50Z</time>
        <hdop>1.5</hdop>
        <extensions>
          <speed>0.25</speed>
        </extensions>
      </trkpt>
      <trkpt lat="54.1014211" lon="27.1579033">
        <ele>266</ele>
        <time>2025-06-21T06:55:00Z</time>
        <hdop>1.5</hdop>
        <extensions>
          <speed>0.23</speed>
        </extensions>
      </trkpt>
      <trkpt lat="54.1014199" lon="27.1579083">
        <ele>266</ele>
        <time>2025-06-21T06:55:11Z</time>
        <hdop>1.5</hdop>
      </trkpt>
      <trkpt lat="54.1014136" lon="27.157915">
        <ele>266</ele>
        <time>2025-06-21T06:55:21Z</time>
        <hdop>1.5</hdop>
        <extensions>
          <speed>0.28</speed>
        </extensions>
      </trkpt>
      <trkpt lat="54.1014146" lon="27.1579327">
        <ele>267</ele>
        <time>2025-06-21T06:55:32Z</time>
        <hdop>1.5</hdop>
      </trkpt>
      <trkpt lat="54.1014146" lon="27.1579327">
        <ele>267</ele>
        <time>2025-06-21T06:55:42Z</time>
        <hdop>1.5</hdop>
      </trkpt>
      <trkpt lat="54.1014146" lon="27.1579327">
        <ele>267</ele>
        <time>2025-06-21T06:55:52Z</time>
        <hdop>1.5</hdop>
      </trkpt>
      <trkpt lat="54.1014146" lon="27.1579327">
        <ele>267</ele>
        <time>2025-06-21T06:56:03Z</time>
        <hdop>1.5</hdop>
      </trkpt>
      <trkpt lat="54.1014146" lon="27.1579327">
        <ele>267</ele>
        <time>2025-06-21T06:56:14Z</time>
        <hdop>1.5</hdop>
      </trkpt>
      <trkpt lat="54.1014146" lon="27.1579327">
        <ele>267</ele>
        <time>2025-06-21T06:56:25Z</time>
        <hdop>1.5</hdop>
      </trkpt>
      <trkpt lat="54.1014146" lon="27.1579327">
        <ele>267</ele>
        <time>2025-06-21T06:56:36Z</time>
        <hdop>1.5</hdop>
      </trkpt>
      <trkpt lat="54.1014146" lon="27.1579327">
        <ele>267</ele>
        <time>2025-06-21T06:56:47Z</time>
        <hdop>1.5</hdop>
      </trkpt>
      <trkpt lat="54.1014146" lon="27.1579327">
        <ele>267</ele>
        <time>2025-06-21T06:56:57Z</time>
        <hdop>1.5</hdop>
      </trkpt>
      <trkpt lat="54.1014146" lon="27.1579327">
        <ele>267</ele>
        <time>2025-06-21T06:57:08Z</time>
        <hdop>1.5</hdop>
      </trkpt>
      <trkpt lat="54.1014146" lon="27.1579327">
        <ele>267</ele>
        <time>2025-06-21T06:57:19Z</time>
        <hdop>1</hdop>
      </trkpt>
      <trkpt lat="54.1014146" lon="27.1579327">
        <ele>267</ele>
        <time>2025-06-21T06:57:29Z</time>
        <hdop>1</hdop>
      </trkpt>
      <trkpt lat="54.1014146" lon="27.1579327">
        <ele>267</ele>
        <time>2025-06-21T06:57:40Z</time>
        <hdop>1</hdop>
      </trkpt>
      <trkpt lat="54.1014146" lon="27.1579327">
        <ele>267</ele>
        <time>2025-06-21T06:57:51Z</time>
        <hdop>1</hdop>
      </trkpt>
      <trkpt lat="54.1014146" lon="27.1579327">
        <ele>267</ele>
        <time>2025-06-21T06:58:01Z</time>
        <hdop>1.5</hdop>
      </trkpt>
      <trkpt lat="54.1014146" lon="27.1579327">
        <ele>267</ele>
        <time>2025-06-21T06:58:11Z</time>
        <hdop>1.5</hdop>
      </trkpt>
      <trkpt lat="54.1014146" lon="27.1579327">
        <ele>267</ele>
        <time>2025-06-21T06:58:21Z</time>
        <hdop>1</hdop>
      </trkpt>
      <trkpt lat="54.1014146" lon="27.1579327">
        <ele>267</ele>
        <time>2025-06-21T06:58:31Z</time>
        <hdop>1.5</hdop>
      </trkpt>
      <trkpt lat="54.1014146" lon="27.1579327">
        <ele>267</ele>
        <time>2025-06-21T06:58:41Z</time>
        <hdop>1.5</hdop>
      </trkpt>
      <trkpt lat="54.1014146" lon="27.1579327">
        <ele>267</ele>
        <time>2025-06-21T06:58:52Z</time>
        <hdop>1.5</hdop>
      </trkpt>
      <trkpt lat="54.1014146" lon="27.1579327">
        <ele>267</ele>
        <time>2025-06-21T06:59:03Z</time>
        <hdop>1</hdop>
      </trkpt>
      <trkpt lat="54.1014085" lon="27.1579294">
        <ele>267</ele>
        <time>2025-06-21T06:59:13Z</time>
        <hdop>1.5</hdop>
      </trkpt>
      <trkpt lat="54.1014085" lon="27.1579294">
        <ele>267</ele>
        <time>2025-06-21T06:59:24Z</time>
        <hdop>1.5</hdop>
      </trkpt>
      <trkpt lat="54.1014085" lon="27.1579294">
        <ele>267</ele>
        <time>2025-06-21T06:59:34Z</time>
        <hdop>1</hdop>
      </trkpt>
      <trkpt lat="54.1014085" lon="27.1579294">
        <ele>267</ele>
        <time>2025-06-21T06:59:44Z</time>
        <hdop>1</hdop>
      </trkpt>
      <trkpt lat="54.1014085" lon="27.1579294">
        <ele>267</ele>
        <time>2025-06-21T06:59:54Z</time>
        <hdop>1.5</hdop>
      </trkpt>
      <trkpt lat="54.1014085" lon="27.1579294">
        <ele>267</ele>
        <time>2025-06-21T07:00:04Z</time>
        <hdop>1.5</hdop>
      </trkpt>
      <trkpt lat="54.1014085" lon="27.1579294">
        <ele>267</ele>
        <time>2025-06-21T07:00:14Z</time>
        <hdop>2.5</hdop>
      </trkpt>
      <trkpt lat="54.101412" lon="27.1578852">
        <ele>266</ele>
        <time>2025-06-21T07:00:25Z</time>
        <hdop>7.5</hdop>
      </trkpt>
      <trkpt lat="54.1014824" lon="27.1579403">
        <ele>277</ele>
        <time>2025-06-21T07:00:35Z</time>
        <hdop>7.5</hdop>
        <extensions>
          <speed>0.18</speed>
        </extensions>
      </trkpt>
      <trkpt lat="54.1014369" lon="27.1578622">
        <ele>272</ele>
        <time>2025-06-21T07:00:54Z</time>
        <hdop>8</hdop>
        <extensions>
          <speed>0.15</speed>
        </extensions>
      </trkpt>
      <trkpt lat="54.1013779" lon="27.1579401">
        <ele>274</ele>
        <time>2025-06-21T07:01:12Z</time>
        <hdop>7</hdop>
        <extensions>
          <speed>0.31</speed>
        </extensions>
      </trkpt>
      <trkpt lat="54.1013425" lon="27.1579825">
        <ele>277</ele>
        <time>2025-06-21T07:01:30Z</time>
        <hdop>7.5</hdop>
        <extensions>
          <speed>0.57</speed>
        </extensions>
      </trkpt>
      <trkpt lat="54.101161" lon="27.1577087">
        <ele>271</ele>
        <time>2025-06-21T07:01:48Z</time>
        <hdop>7</hdop>
        <extensions>
          <speed>1.52</speed>
        </extensions>
      </trkpt>
      <trkpt lat="54.1013575" lon="27.1573141">
        <ele>279</ele>
        <time>2025-06-21T07:02:08Z</time>
        <hdop>8</hdop>
        <extensions>
          <speed>3.12</speed>
        </extensions>
      </trkpt>
      <trkpt lat="54.1013781" lon="27.1574407">
        <ele>281</ele>
        <time>2025-06-21T07:02:18Z</time>
        <hdop>8</hdop>
        <extensions>
          <speed>2.31</speed>
        </extensions>
      </trkpt>
      <trkpt lat="54.1016066" lon="27.1547201">
        <ele>280</ele>
        <time>2025-06-21T07:02:37Z</time>
        <hdop>8</hdop>
        <extensions>
          <speed>3.53</speed>
        </extensions>
      </trkpt>
      <trkpt lat="54.1014827" lon="27.1535283">
        <ele>280</ele>
        <time>2025-06-21T07:02:55Z</time>
        <hdop>7</hdop>
        <extensions>
          <speed>2.44</speed>
        </extensions>
      </trkpt>
      <trkpt lat="54.1013797" lon="27.1529603">
        <ele>273</ele>
        <time>2025-06-21T07:03:06Z</time>
        <hdop>2</hdop>
        <extensions>
          <speed>2.54</speed>
        </extensions>
      </trkpt>
      <trkpt lat="54.1012609" lon="27.152473">
        <ele>266</ele>
        <time>2025-06-21T07:03:16Z</time>
        <hdop>2</hdop>
        <extensions>
          <speed>2.38</speed>
        </extensions>
      </trkpt>
      <trkpt lat="54.1011237" lon="27.1517667">
        <ele>267</ele>
        <time>2025-06-21T07:03:27Z</time>
        <hdop>2</hdop>
        <extensions>
          <speed>4.28</speed>
        </extensions>
      </trkpt>
      <trkpt lat="54.1008855" lon="27.1508835">
        <ele>280</ele>
        <time>2025-06-21T07:03:40Z</time>
        <hdop>7.5</hdop>
        <extensions>
          <speed>4.02</speed>
        </extensions>
      </trkpt>
      <trkpt lat="54.1006514" lon="27.1497945">
        <ele>276</ele>
        <time>2025-06-21T07:03:51Z</time>
        <hdop>8.5</hdop>
        <extensions>
          <speed>5.36</speed>
        </extensions>
      </trkpt>
      <trkpt lat="54.1003945" lon="27.1487734">
        <ele>273</ele>
        <time>2025-06-21T07:04:01Z</time>
        <hdop>1.5</hdop>
        <extensions>
          <speed>6.01</speed>
        </extensions>
      </trkpt>
      <trkpt lat="54.1002025" lon="27.1478992">
        <ele>276</ele>
        <time>2025-06-21T07:04:11Z</time>
        <hdop>1</hdop>
        <extensions>
          <speed>5.93</speed>
        </extensions>
      </trkpt>
      <trkpt lat="54.1000835" lon="27.1469157">
        <ele>274</ele>
        <time>2025-06-21T07:04:22Z</time>
        <hdop>1</hdop>
        <extensions>
          <speed>5.66</speed>
        </extensions>
      </trkpt>
      <trkpt lat="54.0999987" lon="27.1460908">
        <ele>274</ele>
        <time>2025-06-21T07:04:32Z</time>
        <hdop>1</hdop>
        <extensions>
          <speed>5.31</speed>
        </extensions>
      </trkpt>
      <trkpt lat="54.0999209" lon="27.1452697">
        <ele>274</ele>
        <time>2025-06-21T07:04:42Z</time>
        <hdop>1</hdop>
        <extensions>
          <speed>5.62</speed>
        </extensions>
      </trkpt>
      <trkpt lat="54.0998369" lon="27.1443786">
        <ele>276</ele>
        <time>2025-06-21T07:04:53Z</time>
        <hdop>1</hdop>
        <extensions>
          <speed>5.15</speed>
        </extensions>
      </trkpt>
      <trkpt lat="54.0997464" lon="27.1435714">
        <ele>278</ele>
        <time>2025-06-21T07:05:04Z</time>
        <hdop>1</hdop>
        <extensions>
          <speed>4.69</speed>
        </extensions>
      </trkpt>
      <trkpt lat="54.0995749" lon="27.1422376">
        <ele>284</ele>
        <time>2025-06-21T07:05:21Z</time>
        <hdop>7.5</hdop>
        <extensions>
          <speed>4.14</speed>
        </extensions>
      </trkpt>
      <trkpt lat="54.0994691" lon="27.1408211">
        <ele>282</ele>
        <time>2025-06-21T07:05:39Z</time>
        <hdop>8</hdop>
        <extensions>
          <speed>5.02</speed>
        </extensions>
      </trkpt>
      <trkpt lat="54.0993982" lon="27.1399964">
        <ele>282</ele>
        <time>2025-06-21T07:05:50Z</time>
        <hdop>1</hdop>
        <extensions>
          <speed>5.02</speed>
        </extensions>
      </trkpt>
      <trkpt lat="54.0993307" lon="27.13919">
        <ele>284</ele>
        <time>2025-06-21T07:06:01Z</time>
        <hdop>1</hdop>
        <extensions>
          <speed>4.67</speed>
        </extensions>
      </trkpt>
      <trkpt lat="54.0992608" lon="27.1384568">
        <ele>284</ele>
        <time>2025-06-21T07:06:11Z</time>
        <hdop>1</hdop>
        <extensions>
          <speed>4.14</speed>
        </extensions>
      </trkpt>
      <trkpt lat="54.0991826" lon="27.1376518">
        <ele>284</ele>
        <time>2025-06-21T07:06:22Z</time>
        <hdop>1</hdop>
        <extensions>
          <speed>4.82</speed>
        </extensions>
      </trkpt>
      <trkpt lat="54.0991052" lon="27.1369009">
        <ele>285</ele>
        <time>2025-06-21T07:06:32Z</time>
        <hdop>1</hdop>
        <extensions>
          <speed>5</speed>
        </extensions>
      </trkpt>
      <trkpt lat="54.0990213" lon="27.1360974">
        <ele>285</ele>
        <time>2025-06-21T07:06:43Z</time>
        <hdop>1</hdop>
        <extensions>
          <speed>4.74</speed>
        </extensions>
      </trkpt>
      <trkpt lat="54.0989332" lon="27.1353533">
        <ele>286</ele>
        <time>2025-06-21T07:06:53Z</time>
        <hdop>1</hdop>
        <extensions>
          <speed>5.02</speed>
        </extensions>
      </trkpt>
      <trkpt lat="54.0987127" lon="27.1342509">
        <ele>290</ele>
        <time>2025-06-21T07:07:08Z</time>
        <hdop>7.5</hdop>
        <extensions>
          <speed>5.21</speed>
        </extensions>
      </trkpt>
      <trkpt lat="54.0983607" lon="27.1330883">
        <ele>295</ele>
        <time>2025-06-21T07:07:26Z</time>
        <hdop>8</hdop>
        <extensions>
          <speed>3.68</speed>
        </extensions>
      </trkpt>
      <trkpt lat="54.0981761" lon="27.132417">
        <ele>290</ele>
        <time>2025-06-21T07:07:37Z</time>
        <hdop>1</hdop>
        <extensions>
          <speed>4.92</speed>
        </extensions>
      </trkpt>
      <trkpt lat="54.0979866" lon="27.1317835">
        <ele>292</ele>
        <time>2025-06-21T07:07:47Z</time>
        <hdop>1</hdop>
        <extensions>
          <speed>5</speed>
        </extensions>
      </trkpt>
      <trkpt lat="54.0979079" lon="27.1310472">
        <ele>290</ele>
        <time>2025-06-21T07:07:57Z</time>
        <hdop>1</hdop>
        <extensions>
          <speed>5.46</speed>
        </extensions>
      </trkpt>
      <trkpt lat="54.0980188" lon="27.1302273">
        <ele>288</ele>
        <time>2025-06-21T07:08:08Z</time>
        <hdop>1</hdop>
        <extensions>
          <speed>5.13</speed>
        </extensions>
      </trkpt>
      <trkpt lat="54.0981832" lon="27.129334">
        <ele>285</ele>
        <time>2025-06-21T07:08:18Z</time>
        <hdop>1.5</hdop>
        <extensions>
          <speed>7.47</speed>
        </extensions>
      </trkpt>
      <trkpt lat="54.0983971" lon="27.1281934">
        <ele>281</ele>
        <time>2025-06-21T07:08:28Z</time>
        <hdop>1.5</hdop>
        <extensions>
          <speed>6.91</speed>
        </extensions>
      </trkpt>
      <trkpt lat="54.0986043" lon="27.1270194">
        <ele>277</ele>
        <time>2025-06-21T07:08:39Z</time>
        <hdop>1</hdop>
        <extensions>
          <speed>7.1</speed>
        </extensions>
      </trkpt>
      <trkpt lat="54.0988291" lon="27.1257953">
        <ele>273</ele>
        <time>2025-06-21T07:08:50Z</time>
        <hdop>1</hdop>
        <extensions>
          <speed>7.63</speed>
        </extensions>
      </trkpt>
      <trkpt lat="54.0990101" lon="27.1247248">
        <ele>272</ele>
        <time>2025-06-21T07:09:00Z</time>
        <hdop>1.5</hdop>
        <extensions>
          <speed>6.78</speed>
        </extensions>
      </trkpt>
      <trkpt lat="54.0992106" lon="27.1235646">
        <ele>271</ele>
        <time>2025-06-21T07:09:11Z</time>
        <hdop>1</hdop>
        <extensions>
          <speed>6.76</speed>
        </extensions>
      </trkpt>
      <trkpt lat="54.0994133" lon="27.1224221">
        <ele>273</ele>
        <time>2025-06-21T07:09:22Z</time>
        <hdop>1</hdop>
        <extensions>
          <speed>7.69</speed>
        </extensions>
      </trkpt>
      <trkpt lat="54.0995994" lon="27.12136">
        <ele>275</ele>
        <time>2025-06-21T07:09:33Z</time>
        <hdop>1</hdop>
        <extensions>
          <speed>4.98</speed>
        </extensions>
      </trkpt>
      <trkpt lat="54.0996132" lon="27.1203364">
        <ele>276</ele>
        <time>2025-06-21T07:09:45Z</time>
        <hdop>1</hdop>
        <extensions>
          <speed>5.12</speed>
        </extensions>
      </trkpt>
      <trkpt lat="54.0995018" lon="27.1195978">
        <ele>277</ele>
        <time>2025-06-21T07:09:55Z</time>
        <hdop>2</hdop>
        <extensions>
          <speed>4.64</speed>
        </extensions>
      </trkpt>
      <trkpt lat="54.0993907" lon="27.1188721">
        <ele>277</ele>
        <time>2025-06-21T07:10:06Z</time>
        <hdop>1</hdop>
        <extensions>
          <speed>3.94</speed>
        </extensions>
      </trkpt>
      <trkpt lat="54.0992988" lon="27.1182796">
        <ele>278</ele>
        <time>2025-06-21T07:10:16Z</time>
        <hdop>1</hdop>
        <extensions>
          <speed>3.57</speed>
        </extensions>
      </trkpt>
      <trkpt lat="54.0992144" lon="27.117712">
        <ele>279</ele>
        <time>2025-06-21T07:10:26Z</time>
        <hdop>1.5</hdop>
        <extensions>
          <speed>3.92</speed>
        </extensions>
      </trkpt>
      <trkpt lat="54.0991212" lon="27.117054">
        <ele>281</ele>
        <time>2025-06-21T07:10:37Z</time>
        <hdop>1</hdop>
        <extensions>
          <speed>4.07</speed>
        </extensions>
      </trkpt>
      <trkpt lat="54.0990286" lon="27.1164509">
        <ele>281</ele>
        <time>2025-06-21T07:10:47Z</time>
        <hdop>1</hdop>
        <extensions>
          <speed>4.21</speed>
        </extensions>
      </trkpt>
      <trkpt lat="54.0989287" lon="27.1158228">
        <ele>282</ele>
        <time>2025-06-21T07:10:57Z</time>
        <hdop>1</hdop>
        <extensions>
          <speed>4.31</speed>
        </extensions>
      </trkpt>
      <trkpt lat="54.0988314" lon="27.115115">
        <ele>285</ele>
        <time>2025-06-21T07:11:08Z</time>
        <hdop>1</hdop>
        <extensions>
          <speed>4.39</speed>
        </extensions>
      </trkpt>
      <trkpt lat="54.0987288" lon="27.1144132">
        <ele>287</ele>
        <time>2025-06-21T07:11:19Z</time>
        <hdop>1</hdop>
        <extensions>
          <speed>4.26</speed>
        </extensions>
      </trkpt>
      <trkpt lat="54.0986471" lon="27.1138253">
        <ele>289</ele>
        <time>2025-06-21T07:11:29Z</time>
        <hdop>1</hdop>
        <extensions>
          <speed>3.93</speed>
        </extensions>
      </trkpt>
      <trkpt lat="54.0985563" lon="27.1132921">
        <ele>291</ele>
        <time>2025-06-21T07:11:39Z</time>
        <hdop>1.5</hdop>
        <extensions>
          <speed>3.34</speed>
        </extensions>
      </trkpt>
      <trkpt lat="54.0984582" lon="27.112883">
        <ele>291</ele>
        <time>2025-06-21T07:11:50Z</time>
        <hdop>1.5</hdop>
        <extensions>
          <speed>0.8</speed>
        </extensions>
      </trkpt>
      <trkpt lat="54.0984585" lon="27.1128749">
        <ele>291</ele>
        <time>2025-06-21T07:12:01Z</time>
        <hdop>1.5</hdop>
      </trkpt>
      <trkpt lat="54.098459" lon="27.1128732">
        <ele>291</ele>
        <time>2025-06-21T07:12:11Z</time>
        <hdop>3.5</hdop>
      </trkpt>
      <trkpt lat="54.098459" lon="27.1128732">
        <ele>291</ele>
        <time>2025-06-21T07:12:21Z</time>
        <hdop>2</hdop>
      </trkpt>
      <trkpt lat="54.0984479" lon="27.1128426">
        <ele>292</ele>
        <time>2025-06-21T07:12:32Z</time>
        <hdop>1.5</hdop>
      </trkpt>
      <trkpt lat="54.0983319" lon="27.1124501">
        <ele>290</ele>
        <time>2025-06-21T07:12:43Z</time>
        <hdop>1</hdop>
        <extensions>
          <speed>4.01</speed>
        </extensions>
      </trkpt>
      <trkpt lat="54.0981448" lon="27.1118364">
        <ele>290</ele>
        <time>2025-06-21T07:12:53Z</time>
        <hdop>0.5</hdop>
        <extensions>
          <speed>5.21</speed>
        </extensions>
      </trkpt>
      <trkpt lat="54.0978947" lon="27.1111024">
        <ele>290</ele>
        <time>2025-06-21T07:13:03Z</time>
        <hdop>0.5</hdop>
        <extensions>
          <speed>5.68</speed>
        </extensions>
      </trkpt>
      <trkpt lat="54.0976032" lon="27.1102809">
        <ele>291</ele>
        <time>2025-06-21T07:13:14Z</time>
        <hdop>0.5</hdop>
        <extensions>
          <speed>5.87</speed>
        </extensions>
      </trkpt>
      <trkpt lat="54.0973574" lon="27.1095489">
        <ele>292</ele>
        <time>2025-06-21T07:13:24Z</time>
        <hdop>1</hdop>
        <extensions>
          <speed>5.53</speed>
        </extensions>
      </trkpt>
      <trkpt lat="54.0970954" lon="27.1087524">
        <ele>291</ele>
        <time>2025-06-21T07:13:35Z</time>
        <hdop>0.5</hdop>
        <extensions>
          <speed>6.57</speed>
        </extensions>
      </trkpt>
      <trkpt lat="54.096784" lon="27.1078168">
        <ele>289</ele>
        <time>2025-06-21T07:13:45Z</time>
        <hdop>1</hdop>
        <extensions>
          <speed>6.88</speed>
        </extensions>
      </trkpt>
      <trkpt lat="54.0962647" lon="27.1070933">
        <ele>287</ele>
        <time>2025-06-21T07:13:56Z</time>
        <hdop>1</hdop>
        <extensions>
          <speed>6.99</speed>
        </extensions>
      </trkpt>
      <trkpt lat="54.0957396" lon="27.1065668">
        <ele>286</ele>
        <time>2025-06-21T07:14:06Z</time>
        <hdop>1</hdop>
        <extensions>
          <speed>6.7</speed>
        </extensions>
      </trkpt>
      <trkpt lat="54.095212" lon="27.1057714">
        <ele>284</ele>
        <time>2025-06-21T07:14:17Z</time>
        <hdop>1</hdop>
        <extensions>
          <speed>7.01</speed>
        </extensions>
      </trkpt>
      <trkpt lat="54.0948796" lon="27.1047815">
        <ele>284</ele>
        <time>2025-06-21T07:14:28Z</time>
        <hdop>1</hdop>
        <extensions>
          <speed>6.39</speed>
        </extensions>
      </trkpt>
      <trkpt lat="54.0947206" lon="27.1038058">
        <ele>283</ele>
        <time>2025-06-21T07:14:38Z</time>
        <hdop>1</hdop>
        <extensions>
          <speed>6.36</speed>
        </extensions>
      </trkpt>
      <trkpt lat="54.0945453" lon="27.102776">
        <ele>281</ele>
        <time>2025-06-21T07:14:49Z</time>
        <hdop>1</hdop>
        <extensions>
          <speed>6.36</speed>
        </extensions>
      </trkpt>
      <trkpt lat="54.0943826" lon="27.1018131">
        <ele>282</ele>
        <time>2025-06-21T07:15:00Z</time>
        <hdop>1</hdop>
        <extensions>
          <speed>4.95</speed>
        </extensions>
      </trkpt>
      <trkpt lat="54.0942665" lon="27.101265">
        <ele>283</ele>
        <time>2025-06-21T07:15:10Z</time>
        <hdop>4</hdop>
        <extensions>
          <speed>1.78</speed>
        </extensions>
      </trkpt>
      <trkpt lat="54.094137" lon="27.1007645">
        <ele>284</ele>
        <time>2025-06-21T07:15:21Z</time>
        <hdop>2</hdop>
        <extensions>
          <speed>3.6</speed>
        </extensions>
      </trkpt>
      <trkpt lat="54.0940752" lon="27.1004902">
        <ele>285</ele>
        <time>2025-06-21T07:15:32Z</time>
        <hdop>1.5</hdop>
        <extensions>
          <speed>0.23</speed>
        </extensions>
      </trkpt>
      <trkpt lat="54.0940768" lon="27.100491">
        <ele>284</ele>
        <time>2025-06-21T07:15:43Z</time>
        <hdop>1.5</hdop>
      </trkpt>
      <trkpt lat="54.0940768" lon="27.100491">
        <ele>284</ele>
        <time>2025-06-21T07:15:53Z</time>
        <hdop>1.5</hdop>
      </trkpt>
      <trkpt lat="54.0940768" lon="27.100491">
        <ele>284</ele>
        <time>2025-06-21T07:16:03Z</time>
        <hdop>1.5</hdop>
      </trkpt>
      <trkpt lat="54.0940768" lon="27.100491">
        <ele>284</ele>
        <time>2025-06-21T07:16:14Z</time>
        <hdop>1.5</hdop>
      </trkpt>
      <trkpt lat="54.0940768" lon="27.100491">
        <ele>284</ele>
        <time>2025-06-21T07:16:24Z</time>
        <hdop>1.5</hdop>
      </trkpt>
      <trkpt lat="54.0940768" lon="27.100491">
        <ele>284</ele>
        <time>2025-06-21T07:16:35Z</time>
        <hdop>1.5</hdop>
      </trkpt>
      <trkpt lat="54.0940768" lon="27.100491">
        <ele>284</ele>
        <time>2025-06-21T07:16:45Z</time>
        <hdop>1.5</hdop>
      </trkpt>
      <trkpt lat="54.0940768" lon="27.100491">
        <ele>284</ele>
        <time>2025-06-21T07:16:56Z</time>
        <hdop>1.5</hdop>
      </trkpt>
      <trkpt lat="54.0940768" lon="27.100491">
        <ele>284</ele>
        <time>2025-06-21T07:17:07Z</time>
        <hdop>1</hdop>
      </trkpt>
      <trkpt lat="54.0940846" lon="27.1004806">
        <ele>284</ele>
        <time>2025-06-21T07:17:17Z</time>
        <hdop>2</hdop>
      </trkpt>
      <trkpt lat="54.0940847" lon="27.1004807">
        <ele>284</ele>
        <time>2025-06-21T07:17:27Z</time>
        <hdop>1.5</hdop>
      </trkpt>
      <trkpt lat="54.0940847" lon="27.1004807">
        <ele>284</ele>
        <time>2025-06-21T07:17:38Z</time>
        <hdop>1.5</hdop>
      </trkpt>
      <trkpt lat="54.0940847" lon="27.1004807">
        <ele>284</ele>
        <time>2025-06-21T07:17:48Z</time>
        <hdop>1.5</hdop>
      </trkpt>
      <trkpt lat="54.0940847" lon="27.1004807">
        <ele>284</ele>
        <time>2025-06-21T07:17:58Z</time>
        <hdop>1.5</hdop>
      </trkpt>
      <trkpt lat="54.0940847" lon="27.1004807">
        <ele>284</ele>
        <time>2025-06-21T07:18:09Z</time>
        <hdop>1.5</hdop>
      </trkpt>
      <trkpt lat="54.0940881" lon="27.1000883">
        <ele>284</ele>
        <time>2025-06-21T07:18:20Z</time>
        <hdop>2</hdop>
        <extensions>
          <speed>2.96</speed>
        </extensions>
      </trkpt>
      <trkpt lat="54.0940155" lon="27.0996109">
        <ele>284</ele>
        <time>2025-06-21T07:18:30Z</time>
        <hdop>2</hdop>
        <extensions>
          <speed>3.9</speed>
        </extensions>
      </trkpt>
      <trkpt lat="54.0939516" lon="27.0989274">
        <ele>286</ele>
        <time>2025-06-21T07:18:41Z</time>
        <hdop>1</hdop>
        <extensions>
          <speed>4.16</speed>
        </extensions>
      </trkpt>
      <trkpt lat="54.0938751" lon="27.0982786">
        <ele>285</ele>
        <time>2025-06-21T07:18:51Z</time>
        <hdop>1</hdop>
        <extensions>
          <speed>4.38</speed>
        </extensions>
      </trkpt>
      <trkpt lat="54.0937797" lon="27.0974587">
        <ele>284</ele>
        <time>2025-06-21T07:19:02Z</time>
        <hdop>1</hdop>
        <extensions>
          <speed>5.16</speed>
        </extensions>
      </trkpt>
      <trkpt lat="54.0936403" lon="27.0963667">
        <ele>280</ele>
        <time>2025-06-21T07:19:13Z</time>
        <hdop>1.5</hdop>
        <extensions>
          <speed>7.09</speed>
        </extensions>
      </trkpt>
      <trkpt lat="54.0935816" lon="27.0954563">
        <ele>278</ele>
        <time>2025-06-21T07:19:23Z</time>
        <hdop>1.5</hdop>
        <extensions>
          <speed>5.05</speed>
        </extensions>
      </trkpt>
      <trkpt lat="54.0940659" lon="27.0951038">
        <ele>276</ele>
        <time>2025-06-21T07:19:34Z</time>
        <hdop>2</hdop>
        <extensions>
          <speed>5.83</speed>
        </extensions>
      </trkpt>
      <trkpt lat="54.094492" lon="27.0946874">
        <ele>274</ele>
        <time>2025-06-21T07:19:44Z</time>
        <hdop>1.5</hdop>
        <extensions>
          <speed>4.02</speed>
        </extensions>
      </trkpt>
      <trkpt lat="54.094557" lon="27.0937802">
        <ele>272</ele>
        <time>2025-06-21T07:19:56Z</time>
        <hdop>1.5</hdop>
        <extensions>
          <speed>4.82</speed>
        </extensions>
      </trkpt>
      <trkpt lat="54.094588" lon="27.0930525">
        <ele>274</ele>
        <time>2025-06-21T07:20:06Z</time>
        <hdop>1.5</hdop>
        <extensions>
          <speed>4.29</speed>
        </extensions>
      </trkpt>
      <trkpt lat="54.094601" lon="27.0923284">
        <ele>275</ele>
        <time>2025-06-21T07:20:17Z</time>
        <hdop>1.5</hdop>
        <extensions>
          <speed>4.48</speed>
        </extensions>
      </trkpt>
      <trkpt lat="54.0946282" lon="27.0916644">
        <ele>277</ele>
        <time>2025-06-21T07:20:27Z</time>
        <hdop>1.5</hdop>
        <extensions>
          <speed>3.94</speed>
        </extensions>
      </trkpt>
      <trkpt lat="54.0946848" lon="27.0910243">
        <ele>277</ele>
        <time>2025-06-21T07:20:37Z</time>
        <hdop>2</hdop>
        <extensions>
          <speed>3.6</speed>
        </extensions>
      </trkpt>
      <trkpt lat="54.0946932" lon="27.0904651">
        <ele>280</ele>
        <time>2025-06-21T07:20:48Z</time>
        <hdop>2</hdop>
        <extensions>
          <speed>3.29</speed>
        </extensions>
      </trkpt>
      <trkpt lat="54.0946681" lon="27.0899359">
        <ele>282</ele>
        <time>2025-06-21T07:20:59Z</time>
        <hdop>1.5</hdop>
        <extensions>
          <speed>3.11</speed>
        </extensions>
      </trkpt>
      <trkpt lat="54.0946434" lon="27.0894602">
        <ele>283</ele>
        <time>2025-06-21T07:21:09Z</time>
        <hdop>2</hdop>
        <extensions>
          <speed>2.87</speed>
        </extensions>
      </trkpt>
      <trkpt lat="54.0946391" lon="27.0891352">
        <ele>283</ele>
        <time>2025-06-21T07:21:20Z</time>
        <hdop>2.5</hdop>
        <extensions>
          <speed>1.23</speed>
        </extensions>
      </trkpt>
      <trkpt lat="54.0948307" lon="27.0890348">
        <ele>284</ele>
        <time>2025-06-21T07:21:31Z</time>
        <hdop>2</hdop>
        <extensions>
          <speed>1.98</speed>
        </extensions>
      </trkpt>
      <trkpt lat="54.0950316" lon="27.0890809">
        <ele>288</ele>
        <time>2025-06-21T07:21:42Z</time>
        <hdop>2</hdop>
        <extensions>
          <speed>1.71</speed>
        </extensions>
      </trkpt>
      <trkpt lat="54.0950758" lon="27.0892035">
        <ele>284</ele>
        <time>2025-06-21T07:21:52Z</time>
        <hdop>2.5</hdop>
        <extensions>
          <speed>0.87</speed>
        </extensions>
      </trkpt>
      <trkpt lat="54.0950903" lon="27.0892378">
        <ele>284</ele>
        <time>2025-06-21T07:22:03Z</time>
        <hdop>2.5</hdop>
      </trkpt>
      <trkpt lat="54.0950581" lon="27.0891806">
        <ele>284</ele>
        <time>2025-06-21T07:22:13Z</time>
        <hdop>2.5</hdop>
        <extensions>
          <speed>1.22</speed>
        </extensions>
      </trkpt>
      <trkpt lat="54.0949046" lon="27.0890813">
        <ele>286</ele>
        <time>2025-06-21T07:22:24Z</time>
        <hdop>2</hdop>
        <extensions>
          <speed>0.96</speed>
        </extensions>
      </trkpt>
      <trkpt lat="54.094872" lon="27.0890338">
        <ele>286</ele>
        <time>2025-06-21T07:22:34Z</time>
        <hdop>2</hdop>
        <extensions>
          <speed>1.01</speed>
        </extensions>
      </trkpt>
      <trkpt lat="54.0947502" lon="27.0890549">
        <ele>287</ele>
        <time>2025-06-21T07:22:45Z</time>
        <hdop>2</hdop>
      </trkpt>
      <trkpt lat="54.0946583" lon="27.0890735">
        <ele>287</ele>
        <time>2025-06-21T07:22:56Z</time>
        <hdop>2</hdop>
      </trkpt>
      <trkpt lat="54.0946327" lon="27.0890909">
        <ele>286</ele>
        <time>2025-06-21T07:23:06Z</time>
        <hdop>2</hdop>
      </trkpt>
      <trkpt lat="54.094633" lon="27.0891121">
        <ele>284</ele>
        <time>2025-06-21T07:23:17Z</time>
        <hdop>2</hdop>
        <extensions>
          <speed>0.43</speed>
        </extensions>
      </trkpt>
      <trkpt lat="54.0946102" lon="27.0892276">
        <ele>285</ele>
        <time>2025-06-21T07:23:28Z</time>
        <hdop>2</hdop>
        <extensions>
          <speed>0.74</speed>
        </extensions>
      </trkpt>
      <trkpt lat="54.0946002" lon="27.0892881">
        <ele>285</ele>
        <time>2025-06-21T07:23:38Z</time>
        <hdop>2.5</hdop>
      </trkpt>
      <trkpt lat="54.0946042" lon="27.0892302">
        <ele>286</ele>
        <time>2025-06-21T07:23:48Z</time>
        <hdop>2</hdop>
        <extensions>
          <speed>0.21</speed>
        </extensions>
      </trkpt>
      <trkpt lat="54.0946039" lon="27.0892295">
        <ele>285</ele>
        <time>2025-06-21T07:23:59Z</time>
        <hdop>1.5</hdop>
      </trkpt>
      <trkpt lat="54.0946098" lon="27.0892113">
        <ele>284</ele>
        <time>2025-06-21T07:24:09Z</time>
        <hdop>2.5</hdop>
      </trkpt>
      <trkpt lat="54.0945113" lon="27.0892324">
        <ele>286</ele>
        <time>2025-06-21T07:24:20Z</time>
        <hdop>2</hdop>
        <extensions>
          <speed>0.38</speed>
        </extensions>
      </trkpt>
      <trkpt lat="54.094478" lon="27.0892388">
        <ele>292</ele>
        <time>2025-06-21T07:24:31Z</time>
        <hdop>3.5</hdop>
        <extensions>
          <speed>0.25</speed>
        </extensions>
      </trkpt>
      <trkpt lat="54.0944785" lon="27.0892499">
        <ele>287</ele>
        <time>2025-06-21T07:24:42Z</time>
        <hdop>3</hdop>
      </trkpt>
      <trkpt lat="54.0945322" lon="27.0892397">
        <ele>284</ele>
        <time>2025-06-21T07:24:53Z</time>
        <hdop>2</hdop>
        <extensions>
          <speed>0.36</speed>
        </extensions>
      </trkpt>
      <trkpt lat="54.0945328" lon="27.0892383">
        <ele>284</ele>
        <time>2025-06-21T07:25:04Z</time>
        <hdop>2</hdop>
      </trkpt>
      <trkpt lat="54.0945343" lon="27.089268">
        <ele>284</ele>
        <time>2025-06-21T07:25:14Z</time>
        <hdop>2</hdop>
      </trkpt>
      <trkpt lat="54.094581" lon="27.0892333">
        <ele>284</ele>
        <time>2025-06-21T07:25:25Z</time>
        <hdop>2.5</hdop>
      </trkpt>
      <trkpt lat="54.0946164" lon="27.0891109">
        <ele>284</ele>
        <time>2025-06-21T07:25:36Z</time>
        <hdop>2</hdop>
        <extensions>
          <speed>0.09</speed>
        </extensions>
      </trkpt>
      <trkpt lat="54.0946123" lon="27.0891113">
        <ele>285</ele>
        <time>2025-06-21T07:25:46Z</time>
        <hdop>2</hdop>
      </trkpt>
      <trkpt lat="54.0946123" lon="27.0891113">
        <ele>285</ele>
        <time>2025-06-21T07:25:56Z</time>
        <hdop>1.5</hdop>
      </trkpt>
      <trkpt lat="54.0946123" lon="27.0891113">
        <ele>285</ele>
        <time>2025-06-21T07:26:06Z</time>
        <hdop>1.5</hdop>
      </trkpt>
      <trkpt lat="54.0946123" lon="27.0891113">
        <ele>285</ele>
        <time>2025-06-21T07:26:17Z</time>
        <hdop>1.5</hdop>
      </trkpt>
      <trkpt lat="54.0946123" lon="27.0891113">
        <ele>285</ele>
        <time>2025-06-21T07:26:27Z</time>
        <hdop>1.5</hdop>
      </trkpt>
      <trkpt lat="54.0946123" lon="27.0891113">
        <ele>285</ele>
        <time>2025-06-21T07:26:37Z</time>
        <hdop>1.5</hdop>
      </trkpt>
      <trkpt lat="54.0946123" lon="27.0891113">
        <ele>285</ele>
        <time>2025-06-21T07:26:47Z</time>
        <hdop>1.5</hdop>
      </trkpt>
      <trkpt lat="54.0946123" lon="27.0891113">
        <ele>285</ele>
        <time>2025-06-21T07:26:57Z</time>
        <hdop>1.5</hdop>
      </trkpt>
      <trkpt lat="54.0946123" lon="27.0891113">
        <ele>285</ele>
        <time>2025-06-21T07:27:08Z</time>
        <hdop>1.5</hdop>
      </trkpt>
      <trkpt lat="54.0946123" lon="27.0891113">
        <ele>285</ele>
        <time>2025-06-21T07:27:18Z</time>
        <hdop>1.5</hdop>
      </trkpt>
      <trkpt lat="54.0946123" lon="27.0891113">
        <ele>285</ele>
        <time>2025-06-21T07:27:28Z</time>
        <hdop>1.5</hdop>
      </trkpt>
      <trkpt lat="54.0946123" lon="27.0891113">
        <ele>285</ele>
        <time>2025-06-21T07:27:38Z</time>
        <hdop>1.5</hdop>
      </trkpt>
      <trkpt lat="54.0946123" lon="27.0891113">
        <ele>285</ele>
        <time>2025-06-21T07:27:48Z</time>
        <hdop>1.5</hdop>
      </trkpt>
      <trkpt lat="54.0946018" lon="27.0890824">
        <ele>285</ele>
        <time>2025-06-21T07:27:58Z</time>
        <hdop>2</hdop>
      </trkpt>
      <trkpt lat="54.0946145" lon="27.0890839">
        <ele>287</ele>
        <time>2025-06-21T07:28:09Z</time>
        <hdop>1.5</hdop>
      </trkpt>
      <trkpt lat="54.0946145" lon="27.0890839">
        <ele>287</ele>
        <time>2025-06-21T07:28:19Z</time>
        <hdop>1.5</hdop>
      </trkpt>
      <trkpt lat="54.0946249" lon="27.0891146">
        <ele>287</ele>
        <time>2025-06-21T07:28:30Z</time>
        <hdop>2</hdop>
      </trkpt>
      <trkpt lat="54.0946413" lon="27.0891371">
        <ele>286</ele>
        <time>2025-06-21T07:28:41Z</time>
        <hdop>2</hdop>
      </trkpt>
      <trkpt lat="54.09464" lon="27.0891302">
        <ele>286</ele>
        <time>2025-06-21T07:28:51Z</time>
        <hdop>2</hdop>
      </trkpt>
      <trkpt lat="54.0946479" lon="27.0891341">
        <ele>285</ele>
        <time>2025-06-21T07:29:01Z</time>
        <hdop>2</hdop>
      </trkpt>
      <trkpt lat="54.0946479" lon="27.0891341">
        <ele>285</ele>
        <time>2025-06-21T07:29:11Z</time>
        <hdop>2</hdop>
      </trkpt>
      <trkpt lat="54.0946479" lon="27.0891341">
        <ele>285</ele>
        <time>2025-06-21T07:29:22Z</time>
        <hdop>2</hdop>
      </trkpt>
      <trkpt lat="54.0946479" lon="27.0891341">
        <ele>285</ele>
        <time>2025-06-21T07:29:33Z</time>
        <hdop>1.5</hdop>
      </trkpt>
      <trkpt lat="54.0946011" lon="27.0892165">
        <ele>284</ele>
        <time>2025-06-21T07:29:43Z</time>
        <hdop>2</hdop>
        <extensions>
          <speed>2.09</speed>
        </extensions>
      </trkpt>
      <trkpt lat="54.0944167" lon="27.0891457">
        <ele>285</ele>
        <time>2025-06-21T07:29:54Z</time>
        <hdop>1.5</hdop>
        <extensions>
          <speed>1.46</speed>
        </extensions>
      </trkpt>
      <trkpt lat="54.0941804" lon="27.0889451">
        <ele>284</ele>
        <time>2025-06-21T07:30:05Z</time>
        <hdop>1.5</hdop>
        <extensions>
          <speed>3.92</speed>
        </extensions>
      </trkpt>
      <trkpt lat="54.0938127" lon="27.0887463">
        <ele>284</ele>
        <time>2025-06-21T07:30:16Z</time>
        <hdop>1.5</hdop>
        <extensions>
          <speed>4.08</speed>
        </extensions>
      </trkpt>
      <trkpt lat="54.0933043" lon="27.0885305">
        <ele>282</ele>
        <time>2025-06-21T07:30:27Z</time>
        <hdop>1.5</hdop>
        <extensions>
          <speed>7.54</speed>
        </extensions>
      </trkpt>
      <trkpt lat="54.0924848" lon="27.0880119">
        <ele>277</ele>
        <time>2025-06-21T07:30:38Z</time>
        <hdop>1</hdop>
        <extensions>
          <speed>8.24</speed>
        </extensions>
      </trkpt>
      <trkpt lat="54.091878" lon="27.0876501">
        <ele>276</ele>
        <time>2025-06-21T07:30:48Z</time>
        <hdop>1</hdop>
        <extensions>
          <speed>6.26</speed>
        </extensions>
      </trkpt>
      <trkpt lat="54.0913131" lon="27.087324">
        <ele>275</ele>
        <time>2025-06-21T07:30:59Z</time>
        <hdop>1.5</hdop>
        <extensions>
          <speed>6.33</speed>
        </extensions>
      </trkpt>
      <trkpt lat="54.0907886" lon="27.08696">
        <ele>277</ele>
        <time>2025-06-21T07:31:10Z</time>
        <hdop>1</hdop>
        <extensions>
          <speed>5.47</speed>
        </extensions>
      </trkpt>
      <trkpt lat="54.0903476" lon="27.0867283">
        <ele>277</ele>
        <time>2025-06-21T07:31:20Z</time>
        <hdop>1</hdop>
        <extensions>
          <speed>4.71</speed>
        </extensions>
      </trkpt>
      <trkpt lat="54.0898943" lon="27.0864378">
        <ele>277</ele>
        <time>2025-06-21T07:31:31Z</time>
        <hdop>1</hdop>
        <extensions>
          <speed>4.76</speed>
        </extensions>
      </trkpt>
      <trkpt lat="54.0894643" lon="27.086159">
        <ele>278</ele>
        <time>2025-06-21T07:31:42Z</time>
        <hdop>1</hdop>
        <extensions>
          <speed>4.56</speed>
        </extensions>
      </trkpt>
      <trkpt lat="54.0890925" lon="27.0859494">
        <ele>280</ele>
        <time>2025-06-21T07:31:52Z</time>
        <hdop>1.5</hdop>
        <extensions>
          <speed>4.35</speed>
        </extensions>
      </trkpt>
      <trkpt lat="54.0887187" lon="27.0856889">
        <ele>282</ele>
        <time>2025-06-21T07:32:03Z</time>
        <hdop>2</hdop>
        <extensions>
          <speed>4.15</speed>
        </extensions>
      </trkpt>
      <trkpt lat="54.0883555" lon="27.0856805">
        <ele>285</ele>
        <time>2025-06-21T07:32:13Z</time>
        <hdop>1.5</hdop>
        <extensions>
          <speed>3.87</speed>
        </extensions>
      </trkpt>
      <trkpt lat="54.0878755" lon="27.0860028">
        <ele>282</ele>
        <time>2025-06-21T07:32:24Z</time>
        <hdop>1.5</hdop>
        <extensions>
          <speed>7.83</speed>
        </extensions>
      </trkpt>
      <trkpt lat="54.0872782" lon="27.0866104">
        <ele>279</ele>
        <time>2025-06-21T07:32:34Z</time>
        <hdop>1</hdop>
        <extensions>
          <speed>6.79</speed>
        </extensions>
      </trkpt>
      <trkpt lat="54.0868819" lon="27.0873656">
        <ele>278</ele>
        <time>2025-06-21T07:32:44Z</time>
        <hdop>1.5</hdop>
        <extensions>
          <speed>5.99</speed>
        </extensions>
      </trkpt>
      <trkpt lat="54.0865924" lon="27.0882103">
        <ele>278</ele>
        <time>2025-06-21T07:32:55Z</time>
        <hdop>1.5</hdop>
        <extensions>
          <speed>5.43</speed>
        </extensions>
      </trkpt>
      <trkpt lat="54.0863154" lon="27.0884109">
        <ele>282</ele>
        <time>2025-06-21T07:33:05Z</time>
        <hdop>1.5</hdop>
        <extensions>
          <speed>3.13</speed>
        </extensions>
      </trkpt>
      <trkpt lat="54.086106" lon="27.088211">
        <ele>281</ele>
        <time>2025-06-21T07:33:15Z</time>
        <hdop>1.5</hdop>
        <extensions>
          <speed>1.64</speed>
        </extensions>
      </trkpt>
      <trkpt lat="54.0860616" lon="27.0881914">
        <ele>282</ele>
        <time>2025-06-21T07:33:26Z</time>
        <hdop>1.5</hdop>
      </trkpt>
      <trkpt lat="54.0860616" lon="27.0881914">
        <ele>282</ele>
        <time>2025-06-21T07:33:36Z</time>
        <hdop>1.5</hdop>
      </trkpt>
      <trkpt lat="54.0859655" lon="27.0880111">
        <ele>281</ele>
        <time>2025-06-21T07:33:47Z</time>
        <hdop>2</hdop>
        <extensions>
          <speed>1.57</speed>
        </extensions>
      </trkpt>
      <trkpt lat="54.0857999" lon="27.0877169">
        <ele>282</ele>
        <time>2025-06-21T07:33:57Z</time>
        <hdop>1.5</hdop>
        <extensions>
          <speed>1.67</speed>
        </extensions>
      </trkpt>
      <trkpt lat="54.0857729" lon="27.0877355">
        <ele>283</ele>
        <time>2025-06-21T07:34:08Z</time>
        <hdop>1.5</hdop>
      </trkpt>
      <trkpt lat="54.0857729" lon="27.0877355">
        <ele>283</ele>
        <time>2025-06-21T07:34:18Z</time>
        <hdop>1.5</hdop>
      </trkpt>
      <trkpt lat="54.0857715" lon="27.0877289">
        <ele>285</ele>
        <time>2025-06-21T07:34:28Z</time>
        <hdop>1.5</hdop>
      </trkpt>
      <trkpt lat="54.0857715" lon="27.0877289">
        <ele>285</ele>
        <time>2025-06-21T07:34:39Z</time>
        <hdop>1.5</hdop>
      </trkpt>
      <trkpt lat="54.0857715" lon="27.0877289">
        <ele>285</ele>
        <time>2025-06-21T07:34:50Z</time>
        <hdop>1</hdop>
      </trkpt>
      <trkpt lat="54.0857715" lon="27.0877289">
        <ele>285</ele>
        <time>2025-06-21T07:35:01Z</time>
        <hdop>1</hdop>
      </trkpt>
      <trkpt lat="54.0857715" lon="27.0877289">
        <ele>285</ele>
        <time>2025-06-21T07:35:11Z</time>
        <hdop>1.5</hdop>
      </trkpt>
      <trkpt lat="54.0857715" lon="27.0877289">
        <ele>285</ele>
        <time>2025-06-21T07:35:22Z</time>
        <hdop>1.5</hdop>
      </trkpt>
      <trkpt lat="54.0857715" lon="27.0877289">
        <ele>285</ele>
        <time>2025-06-21T07:35:33Z</time>
        <hdop>1.5</hdop>
      </trkpt>
      <trkpt lat="54.0857715" lon="27.0877289">
        <ele>285</ele>
        <time>2025-06-21T07:35:43Z</time>
        <hdop>1.5</hdop>
      </trkpt>
      <trkpt lat="54.0857075" lon="27.0876522">
        <ele>284</ele>
        <time>2025-06-21T07:35:53Z</time>
        <hdop>1</hdop>
        <extensions>
          <speed>2.19</speed>
        </extensions>
      </trkpt>
      <trkpt lat="54.0854781" lon="27.0872938">
        <ele>282</ele>
        <time>2025-06-21T07:36:04Z</time>
        <hdop>1.5</hdop>
        <extensions>
          <speed>3.94</speed>
        </extensions>
      </trkpt>
      <trkpt lat="54.085194" lon="27.0867684">
        <ele>281</ele>
        <time>2025-06-21T07:36:15Z</time>
        <hdop>1</hdop>
        <extensions>
          <speed>4.82</speed>
        </extensions>
      </trkpt>
      <trkpt lat="54.0849115" lon="27.0862379">
        <ele>282</ele>
        <time>2025-06-21T07:36:25Z</time>
        <hdop>1</hdop>
        <extensions>
          <speed>4.66</speed>
        </extensions>
      </trkpt>
      <trkpt lat="54.0845946" lon="27.0856371">
        <ele>285</ele>
        <time>2025-06-21T07:36:36Z</time>
        <hdop>1</hdop>
        <extensions>
          <speed>4.71</speed>
        </extensions>
      </trkpt>
      <trkpt lat="54.0843155" lon="27.0850757">
        <ele>285</ele>
        <time>2025-06-21T07:36:46Z</time>
        <hdop>1.5</hdop>
        <extensions>
          <speed>4.98</speed>
        </extensions>
      </trkpt>
      <trkpt lat="54.0839782" lon="27.0844939">
        <ele>285</ele>
        <time>2025-06-21T07:36:56Z</time>
        <hdop>1.5</hdop>
        <extensions>
          <speed>5.34</speed>
        </extensions>
      </trkpt>
      <trkpt lat="54.0836097" lon="27.0839217">
        <ele>285</ele>
        <time>2025-06-21T07:37:07Z</time>
        <hdop>2</hdop>
        <extensions>
          <speed>5.02</speed>
        </extensions>
      </trkpt>
      <trkpt lat="54.0832523" lon="27.0834423">
        <ele>284</ele>
        <time>2025-06-21T07:37:17Z</time>
        <hdop>1</hdop>
        <extensions>
          <speed>5.09</speed>
        </extensions>
      </trkpt>
      <trkpt lat="54.0828513" lon="27.0829598">
        <ele>282</ele>
        <time>2025-06-21T07:37:28Z</time>
        <hdop>1.5</hdop>
        <extensions>
          <speed>4.95</speed>
        </extensions>
      </trkpt>
      <trkpt lat="54.0825057" lon="27.0824814">
        <ele>284</ele>
        <time>2025-06-21T07:37:38Z</time>
        <hdop>1</hdop>
        <extensions>
          <speed>5.11</speed>
        </extensions>
      </trkpt>
      <trkpt lat="54.0821026" lon="27.0819112">
        <ele>286</ele>
        <time>2025-06-21T07:37:49Z</time>
        <hdop>1.5</hdop>
        <extensions>
          <speed>5.08</speed>
        </extensions>
      </trkpt>
      <trkpt lat="54.0817064" lon="27.0813402">
        <ele>287</ele>
        <time>2025-06-21T07:38:00Z</time>
        <hdop>1</hdop>
        <extensions>
          <speed>5.27</speed>
        </extensions>
      </trkpt>
      <trkpt lat="54.0813432" lon="27.0808245">
        <ele>287</ele>
        <time>2025-06-21T07:38:10Z</time>
        <hdop>1</hdop>
        <extensions>
          <speed>5.4</speed>
        </extensions>
      </trkpt>
      <trkpt lat="54.0809223" lon="27.0802367">
        <ele>288</ele>
        <time>2025-06-21T07:38:21Z</time>
        <hdop>1.5</hdop>
        <extensions>
          <speed>5.96</speed>
        </extensions>
      </trkpt>
      <trkpt lat="54.080444" lon="27.0796323">
        <ele>289</ele>
        <time>2025-06-21T07:38:32Z</time>
        <hdop>1</hdop>
        <extensions>
          <speed>5.71</speed>
        </extensions>
      </trkpt>
      <trkpt lat="54.0802238" lon="27.079022">
        <ele>289</ele>
        <time>2025-06-21T07:38:42Z</time>
        <hdop>3</hdop>
        <extensions>
          <speed>3.85</speed>
        </extensions>
      </trkpt>
      <trkpt lat="54.0802886" lon="27.0783767">
        <ele>291</ele>
        <time>2025-06-21T07:38:53Z</time>
        <hdop>2</hdop>
        <extensions>
          <speed>3.85</speed>
        </extensions>
      </trkpt>
      <trkpt lat="54.0803707" lon="27.0777457">
        <ele>291</ele>
        <time>2025-06-21T07:39:04Z</time>
        <hdop>2</hdop>
        <extensions>
          <speed>4.09</speed>
        </extensions>
      </trkpt>
      <trkpt lat="54.0804421" lon="27.0770173">
        <ele>289</ele>
        <time>2025-06-21T07:39:15Z</time>
        <hdop>1</hdop>
        <extensions>
          <speed>4.6</speed>
        </extensions>
      </trkpt>
      <trkpt lat="54.0805321" lon="27.0761557">
        <ele>288</ele>
        <time>2025-06-21T07:39:26Z</time>
        <hdop>1.5</hdop>
        <extensions>
          <speed>5.05</speed>
        </extensions>
      </trkpt>
      <trkpt lat="54.0806052" lon="27.0753303">
        <ele>289</ele>
        <time>2025-06-21T07:39:37Z</time>
        <hdop>1</hdop>
        <extensions>
          <speed>4.88</speed>
        </extensions>
      </trkpt>
      <trkpt lat="54.080698" lon="27.0745093">
        <ele>288</ele>
        <time>2025-06-21T07:39:48Z</time>
        <hdop>1.5</hdop>
        <extensions>
          <speed>4.93</speed>
        </extensions>
      </trkpt>
      <trkpt lat="54.0807565" lon="27.073709">
        <ele>289</ele>
        <time>2025-06-21T07:39:59Z</time>
        <hdop>1</hdop>
        <extensions>
          <speed>4.72</speed>
        </extensions>
      </trkpt>
      <trkpt lat="54.0805848" lon="27.0730541">
        <ele>291</ele>
        <time>2025-06-21T07:40:09Z</time>
        <hdop>1.5</hdop>
        <extensions>
          <speed>4.95</speed>
        </extensions>
      </trkpt>
      <trkpt lat="54.0801986" lon="27.072428">
        <ele>291</ele>
        <time>2025-06-21T07:40:20Z</time>
        <hdop>1</hdop>
        <extensions>
          <speed>5.26</speed>
        </extensions>
      </trkpt>
      <trkpt lat="54.0798947" lon="27.0718088">
        <ele>291</ele>
        <time>2025-06-21T07:40:30Z</time>
        <hdop>1</hdop>
        <extensions>
          <speed>5.52</speed>
        </extensions>
      </trkpt>
      <trkpt lat="54.0795638" lon="27.0712219">
        <ele>291</ele>
        <time>2025-06-21T07:40:40Z</time>
        <hdop>1.5</hdop>
        <extensions>
          <speed>5.18</speed>
        </extensions>
      </trkpt>
      <trkpt lat="54.0792393" lon="27.0706869">
        <ele>295</ele>
        <time>2025-06-21T07:40:50Z</time>
        <hdop>1</hdop>
        <extensions>
          <speed>4.63</speed>
        </extensions>
      </trkpt>
      <trkpt lat="54.0789094" lon="27.0701747">
        <ele>295</ele>
        <time>2025-06-21T07:41:01Z</time>
        <hdop>1.5</hdop>
        <extensions>
          <speed>4.75</speed>
        </extensions>
      </trkpt>
      <trkpt lat="54.0785717" lon="27.0697347">
        <ele>298</ele>
        <time>2025-06-21T07:41:11Z</time>
        <hdop>1.5</hdop>
        <extensions>
          <speed>4.5</speed>
        </extensions>
      </trkpt>
      <trkpt lat="54.0782435" lon="27.0692739">
        <ele>297</ele>
        <time>2025-06-21T07:41:21Z</time>
        <hdop>1.5</hdop>
        <extensions>
          <speed>4.96</speed>
        </extensions>
      </trkpt>
      <trkpt lat="54.0778813" lon="27.0687787">
        <ele>297</ele>
        <time>2025-06-21T07:41:32Z</time>
        <hdop>1</hdop>
        <extensions>
          <speed>4.39</speed>
        </extensions>
      </trkpt>
      <trkpt lat="54.0774992" lon="27.0683259">
        <ele>298</ele>
        <time>2025-06-21T07:41:43Z</time>
        <hdop>1.5</hdop>
        <extensions>
          <speed>4.73</speed>
        </extensions>
      </trkpt>
      <trkpt lat="54.077154" lon="27.0678852">
        <ele>299</ele>
        <time>2025-06-21T07:41:53Z</time>
        <hdop>1.5</hdop>
        <extensions>
          <speed>4.88</speed>
        </extensions>
      </trkpt>
      <trkpt lat="54.0767926" lon="27.0673977">
        <ele>301</ele>
        <time>2025-06-21T07:42:04Z</time>
        <hdop>1</hdop>
        <extensions>
          <speed>4.49</speed>
        </extensions>
      </trkpt>
      <trkpt lat="54.0764432" lon="27.0669983">
        <ele>301</ele>
        <time>2025-06-21T07:42:14Z</time>
        <hdop>1</hdop>
        <extensions>
          <speed>4.59</speed>
        </extensions>
      </trkpt>
      <trkpt lat="54.0760936" lon="27.066472">
        <ele>301</ele>
        <time>2025-06-21T07:42:25Z</time>
        <hdop>1</hdop>
        <extensions>
          <speed>4.78</speed>
        </extensions>
      </trkpt>
      <trkpt lat="54.0758065" lon="27.065957">
        <ele>302</ele>
        <time>2025-06-21T07:42:35Z</time>
        <hdop>1.5</hdop>
        <extensions>
          <speed>4.46</speed>
        </extensions>
      </trkpt>
      <trkpt lat="54.07545" lon="27.06546">
        <ele>304</ele>
        <time>2025-06-21T07:42:46Z</time>
        <hdop>1.5</hdop>
        <extensions>
          <speed>5.12</speed>
        </extensions>
      </trkpt>
      <trkpt lat="54.0751215" lon="27.064971">
        <ele>304</ele>
        <time>2025-06-21T07:42:56Z</time>
        <hdop>1.5</hdop>
        <extensions>
          <speed>4.79</speed>
        </extensions>
      </trkpt>
      <trkpt lat="54.0747882" lon="27.0644214">
        <ele>305</ele>
        <time>2025-06-21T07:43:07Z</time>
        <hdop>1</hdop>
        <extensions>
          <speed>4.85</speed>
        </extensions>
      </trkpt>
      <trkpt lat="54.0744355" lon="27.063857">
        <ele>305</ele>
        <time>2025-06-21T07:43:18Z</time>
        <hdop>1</hdop>
        <extensions>
          <speed>4.71</speed>
        </extensions>
      </trkpt>
      <trkpt lat="54.0741104" lon="27.0633483">
        <ele>307</ele>
        <time>2025-06-21T07:43:29Z</time>
        <hdop>1</hdop>
        <extensions>
          <speed>4.11</speed>
        </extensions>
      </trkpt>
      <trkpt lat="54.0737971" lon="27.0628622">
        <ele>307</ele>
        <time>2025-06-21T07:43:40Z</time>
        <hdop>1</hdop>
        <extensions>
          <speed>4.06</speed>
        </extensions>
      </trkpt>
      <trkpt lat="54.0735497" lon="27.0624577">
        <ele>309</ele>
        <time>2025-06-21T07:43:50Z</time>
        <hdop>1.5</hdop>
        <extensions>
          <speed>3.72</speed>
        </extensions>
      </trkpt>
      <trkpt lat="54.0732859" lon="27.0620412">
        <ele>311</ele>
        <time>2025-06-21T07:44:01Z</time>
        <hdop>1.5</hdop>
        <extensions>
          <speed>3.69</speed>
        </extensions>
      </trkpt>
      <trkpt lat="54.0730004" lon="27.0615653">
        <ele>313</ele>
        <time>2025-06-21T07:44:12Z</time>
        <hdop>1.5</hdop>
        <extensions>
          <speed>3.93</speed>
        </extensions>
      </trkpt>
      <trkpt lat="54.0727234" lon="27.0611093">
        <ele>315</ele>
        <time>2025-06-21T07:44:23Z</time>
        <hdop>1.5</hdop>
        <extensions>
          <speed>3.44</speed>
        </extensions>
      </trkpt>
      <trkpt lat="54.0724719" lon="27.0607838">
        <ele>315</ele>
        <time>2025-06-21T07:44:34Z</time>
        <hdop>1.5</hdop>
        <extensions>
          <speed>3.35</speed>
        </extensions>
      </trkpt>
      <trkpt lat="54.0722084" lon="27.060436">
        <ele>316</ele>
        <time>2025-06-21T07:44:45Z</time>
        <hdop>1.5</hdop>
        <extensions>
          <speed>3.8</speed>
        </extensions>
      </trkpt>
      <trkpt lat="54.071969" lon="27.0600877">
        <ele>317</ele>
        <time>2025-06-21T07:44:55Z</time>
        <hdop>2</hdop>
        <extensions>
          <speed>3.5</speed>
        </extensions>
      </trkpt>
      <trkpt lat="54.0717388" lon="27.0597272">
        <ele>317</ele>
        <time>2025-06-21T07:45:05Z</time>
        <hdop>2</hdop>
        <extensions>
          <speed>3.19</speed>
        </extensions>
      </trkpt>
      <trkpt lat="54.0714656" lon="27.0593569">
        <ele>319</ele>
        <time>2025-06-21T07:45:16Z</time>
        <hdop>2</hdop>
        <extensions>
          <speed>3.23</speed>
        </extensions>
      </trkpt>
      <trkpt lat="54.0712603" lon="27.0589797">
        <ele>320</ele>
        <time>2025-06-21T07:45:26Z</time>
        <hdop>1.5</hdop>
        <extensions>
          <speed>3.47</speed>
        </extensions>
      </trkpt>
      <trkpt lat="54.0710191" lon="27.0586342">
        <ele>320</ele>
        <time>2025-06-21T07:45:36Z</time>
        <hdop>1.5</hdop>
        <extensions>
          <speed>3.61</speed>
        </extensions>
      </trkpt>
      <trkpt lat="54.0707644" lon="27.0582426">
        <ele>324</ele>
        <time>2025-06-21T07:45:47Z</time>
        <hdop>2.5</hdop>
        <extensions>
          <speed>3.15</speed>
        </extensions>
      </trkpt>
      <trkpt lat="54.0705498" lon="27.0578676">
        <ele>329</ele>
        <time>2025-06-21T07:45:59Z</time>
        <hdop>2.5</hdop>
        <extensions>
          <speed>2.29</speed>
        </extensions>
      </trkpt>
      <trkpt lat="54.0704182" lon="27.0575868">
        <ele>332</ele>
        <time>2025-06-21T07:46:10Z</time>
        <hdop>2.5</hdop>
        <extensions>
          <speed>1.61</speed>
        </extensions>
      </trkpt>
      <trkpt lat="54.070368" lon="27.057489">
        <ele>333</ele>
        <time>2025-06-21T07:46:21Z</time>
        <hdop>2</hdop>
      </trkpt>
      <trkpt lat="54.0703742" lon="27.0574861">
        <ele>334</ele>
        <time>2025-06-21T07:46:31Z</time>
        <hdop>2</hdop>
      </trkpt>
      <trkpt lat="54.0703834" lon="27.0574808">
        <ele>332</ele>
        <time>2025-06-21T07:46:42Z</time>
        <hdop>1.5</hdop>
        <extensions>
          <speed>0.04</speed>
        </extensions>
      </trkpt>
      <trkpt lat="54.0703506" lon="27.0574061">
        <ele>332</ele>
        <time>2025-06-21T07:46:53Z</time>
        <hdop>2</hdop>
        <extensions>
          <speed>1.35</speed>
        </extensions>
      </trkpt>
      <trkpt lat="54.0702176" lon="27.0570797">
        <ele>332</ele>
        <time>2025-06-21T07:47:04Z</time>
        <hdop>2.5</hdop>
        <extensions>
          <speed>2.09</speed>
        </extensions>
      </trkpt>
      <trkpt lat="54.0698697" lon="27.0563523">
        <ele>326</ele>
        <time>2025-06-21T07:47:15Z</time>
        <hdop>2.5</hdop>
        <extensions>
          <speed>5.34</speed>
        </extensions>
      </trkpt>
      <trkpt lat="54.0694057" lon="27.0553694">
        <ele>321</ele>
        <time>2025-06-21T07:47:25Z</time>
        <hdop>2.5</hdop>
        <extensions>
          <speed>7.2</speed>
        </extensions>
      </trkpt>
      <trkpt lat="54.0689889" lon="27.0544244">
        <ele>318</ele>
        <time>2025-06-21T07:47:36Z</time>
        <hdop>1</hdop>
        <extensions>
          <speed>6.21</speed>
        </extensions>
      </trkpt>
      <trkpt lat="54.0686478" lon="27.0538083">
        <ele>318</ele>
        <time>2025-06-21T07:47:47Z</time>
        <hdop>1.5</hdop>
        <extensions>
          <speed>4.15</speed>
        </extensions>
      </trkpt>
      <trkpt lat="54.0684112" lon="27.053581">
        <ele>317</ele>
        <time>2025-06-21T07:47:58Z</time>
        <hdop>2</hdop>
        <extensions>
          <speed>3.33</speed>
        </extensions>
      </trkpt>
      <trkpt lat="54.0680894" lon="27.0532645">
        <ele>319</ele>
        <time>2025-06-21T07:48:08Z</time>
        <hdop>1.5</hdop>
        <extensions>
          <speed>3.22</speed>
        </extensions>
      </trkpt>
      <trkpt lat="54.0678547" lon="27.0529446">
        <ele>317</ele>
        <time>2025-06-21T07:48:19Z</time>
        <hdop>2.5</hdop>
        <extensions>
          <speed>3.56</speed>
        </extensions>
      </trkpt>
      <trkpt lat="54.0675475" lon="27.0525238">
        <ele>318</ele>
        <time>2025-06-21T07:48:29Z</time>
        <hdop>2</hdop>
        <extensions>
          <speed>3.1</speed>
        </extensions>
      </trkpt>
      <trkpt lat="54.0673376" lon="27.0521814">
        <ele>318</ele>
        <time>2025-06-21T07:48:40Z</time>
        <hdop>2</hdop>
        <extensions>
          <speed>2.58</speed>
        </extensions>
      </trkpt>
      <trkpt lat="54.0671927" lon="27.051834">
        <ele>319</ele>
        <time>2025-06-21T07:48:50Z</time>
        <hdop>1.5</hdop>
        <extensions>
          <speed>3.17</speed>
        </extensions>
      </trkpt>
      <trkpt lat="54.0670459" lon="27.051418">
        <ele>319</ele>
        <time>2025-06-21T07:49:00Z</time>
        <hdop>1.5</hdop>
        <extensions>
          <speed>3.29</speed>
        </extensions>
      </trkpt>
      <trkpt lat="54.0668925" lon="27.050951">
        <ele>320</ele>
        <time>2025-06-21T07:49:10Z</time>
        <hdop>1.5</hdop>
        <extensions>
          <speed>3.19</speed>
        </extensions>
      </trkpt>
      <trkpt lat="54.0667409" lon="27.0504707">
        <ele>321</ele>
        <time>2025-06-21T07:49:21Z</time>
        <hdop>1.5</hdop>
        <extensions>
          <speed>3.04</speed>
        </extensions>
      </trkpt>
      <trkpt lat="54.0666167" lon="27.0500997">
        <ele>321</ele>
        <time>2025-06-21T07:49:31Z</time>
        <hdop>1.5</hdop>
        <extensions>
          <speed>2.86</speed>
        </extensions>
      </trkpt>
      <trkpt lat="54.066498" lon="27.049728">
        <ele>322</ele>
        <time>2025-06-21T07:49:42Z</time>
        <hdop>1.5</hdop>
        <extensions>
          <speed>1.87</speed>
        </extensions>
      </trkpt>
      <trkpt lat="54.0663919" lon="27.0493907">
        <ele>321</ele>
        <time>2025-06-21T07:49:53Z</time>
        <hdop>2</hdop>
        <extensions>
          <speed>2.14</speed>
        </extensions>
      </trkpt>
      <trkpt lat="54.0662501" lon="27.049051">
        <ele>326</ele>
        <time>2025-06-21T07:50:04Z</time>
        <hdop>1.5</hdop>
        <extensions>
          <speed>2.62</speed>
        </extensions>
      </trkpt>
      <trkpt lat="54.0661134" lon="27.04867">
        <ele>327</ele>
        <time>2025-06-21T07:50:15Z</time>
        <hdop>2</hdop>
        <extensions>
          <speed>2.27</speed>
        </extensions>
      </trkpt>
      <trkpt lat="54.0660005" lon="27.0483666">
        <ele>328</ele>
        <time>2025-06-21T07:50:25Z</time>
        <hdop>2</hdop>
        <extensions>
          <speed>2.44</speed>
        </extensions>
      </trkpt>
      <trkpt lat="54.0658811" lon="27.0480429">
        <ele>330</ele>
        <time>2025-06-21T07:50:36Z</time>
        <hdop>2</hdop>
        <extensions>
          <speed>2.2</speed>
        </extensions>
      </trkpt>
      <trkpt lat="54.0657697" lon="27.0476808">
        <ele>332</ele>
        <time>2025-06-21T07:50:47Z</time>
        <hdop>2</hdop>
        <extensions>
          <speed>3.48</speed>
        </extensions>
      </trkpt>
      <trkpt lat="54.0656722" lon="27.0473219">
        <ele>333</ele>
        <time>2025-06-21T07:50:57Z</time>
        <hdop>1.5</hdop>
        <extensions>
          <speed>2.72</speed>
        </extensions>
      </trkpt>
      <trkpt lat="54.0655982" lon="27.0469535">
        <ele>333</ele>
        <time>2025-06-21T07:51:07Z</time>
        <hdop>1.5</hdop>
        <extensions>
          <speed>2.2</speed>
        </extensions>
      </trkpt>
      <trkpt lat="54.0654846" lon="27.0465713">
        <ele>333</ele>
        <time>2025-06-21T07:51:18Z</time>
        <hdop>2</hdop>
        <extensions>
          <speed>2.21</speed>
        </extensions>
      </trkpt>
      <trkpt lat="54.0653726" lon="27.0461848">
        <ele>336</ele>
        <time>2025-06-21T07:51:29Z</time>
        <hdop>2</hdop>
        <extensions>
          <speed>2.55</speed>
        </extensions>
      </trkpt>
      <trkpt lat="54.0652828" lon="27.0458192">
        <ele>337</ele>
        <time>2025-06-21T07:51:39Z</time>
        <hdop>2</hdop>
        <extensions>
          <speed>2.31</speed>
        </extensions>
      </trkpt>
      <trkpt lat="54.0651946" lon="27.0454638">
        <ele>338</ele>
        <time>2025-06-21T07:51:49Z</time>
        <hdop>1.5</hdop>
        <extensions>
          <speed>2.49</speed>
        </extensions>
      </trkpt>
      <trkpt lat="54.0650851" lon="27.0450701">
        <ele>343</ele>
        <time>2025-06-21T07:52:00Z</time>
        <hdop>1.5</hdop>
        <extensions>
          <speed>2.3</speed>
        </extensions>
      </trkpt>
      <trkpt lat="54.0649783" lon="27.0447468">
        <ele>346</ele>
        <time>2025-06-21T07:52:11Z</time>
        <hdop>1</hdop>
        <extensions>
          <speed>1.87</speed>
        </extensions>
      </trkpt>
      <trkpt lat="54.0648709" lon="27.0444547">
        <ele>347</ele>
        <time>2025-06-21T07:52:21Z</time>
        <hdop>1</hdop>
        <extensions>
          <speed>2.37</speed>
        </extensions>
      </trkpt>
      <trkpt lat="54.0647049" lon="27.0441551">
        <ele>348</ele>
        <time>2025-06-21T07:52:32Z</time>
        <hdop>1.5</hdop>
        <extensions>
          <speed>2.16</speed>
        </extensions>
      </trkpt>
      <trkpt lat="54.0645722" lon="27.0439467">
        <ele>349</ele>
        <time>2025-06-21T07:52:42Z</time>
        <hdop>1.5</hdop>
        <extensions>
          <speed>2.02</speed>
        </extensions>
      </trkpt>
      <trkpt lat="54.0644262" lon="27.0437191">
        <ele>350</ele>
        <time>2025-06-21T07:52:53Z</time>
        <hdop>1.5</hdop>
        <extensions>
          <speed>2.5</speed>
        </extensions>
      </trkpt>
      <trkpt lat="54.064277" lon="27.0433889">
        <ele>351</ele>
        <time>2025-06-21T07:53:04Z</time>
        <hdop>1.5</hdop>
        <extensions>
          <speed>1.99</speed>
        </extensions>
      </trkpt>
      <trkpt lat="54.0641537" lon="27.043121">
        <ele>351</ele>
        <time>2025-06-21T07:53:14Z</time>
        <hdop>1.5</hdop>
        <extensions>
          <speed>1.59</speed>
        </extensions>
      </trkpt>
      <trkpt lat="54.0640513" lon="27.0429047">
        <ele>351</ele>
        <time>2025-06-21T07:53:25Z</time>
        <hdop>1.5</hdop>
        <extensions>
          <speed>1</speed>
        </extensions>
      </trkpt>
      <trkpt lat="54.0640381" lon="27.042816">
        <ele>351</ele>
        <time>2025-06-21T07:53:35Z</time>
        <hdop>1.5</hdop>
        <extensions>
          <speed>0.84</speed>
        </extensions>
      </trkpt>
      <trkpt lat="54.0640921" lon="27.0429509">
        <ele>350</ele>
        <time>2025-06-21T07:53:46Z</time>
        <hdop>1.5</hdop>
        <extensions>
          <speed>0.63</speed>
        </extensions>
      </trkpt>
      <trkpt lat="54.0641548" lon="27.0431158">
        <ele>350</ele>
        <time>2025-06-21T07:53:57Z</time>
        <hdop>1.5</hdop>
        <extensions>
          <speed>0.89</speed>
        </extensions>
      </trkpt>
      <trkpt lat="54.0642089" lon="27.0432477">
        <ele>350</ele>
        <time>2025-06-21T07:54:07Z</time>
        <hdop>1.5</hdop>
        <extensions>
          <speed>1.12</speed>
        </extensions>
      </trkpt>
      <trkpt lat="54.0641517" lon="27.0431012">
        <ele>351</ele>
        <time>2025-06-21T07:54:18Z</time>
        <hdop>1.5</hdop>
        <extensions>
          <speed>1.22</speed>
        </extensions>
      </trkpt>
      <trkpt lat="54.0640758" lon="27.0429699">
        <ele>352</ele>
        <time>2025-06-21T07:54:29Z</time>
        <hdop>1.5</hdop>
        <extensions>
          <speed>1.22</speed>
        </extensions>
      </trkpt>
      <trkpt lat="54.0641181" lon="27.0429829">
        <ele>350</ele>
        <time>2025-06-21T07:54:40Z</time>
        <hdop>1.5</hdop>
        <extensions>
          <speed>0.98</speed>
        </extensions>
      </trkpt>
      <trkpt lat="54.0641918" lon="27.0431973">
        <ele>349</ele>
        <time>2025-06-21T07:54:51Z</time>
        <hdop>1.5</hdop>
        <extensions>
          <speed>1.35</speed>
        </extensions>
      </trkpt>
      <trkpt lat="54.064292" lon="27.0434172">
        <ele>349</ele>
        <time>2025-06-21T07:55:02Z</time>
        <hdop>1.5</hdop>
        <extensions>
          <speed>3.09</speed>
        </extensions>
      </trkpt>
      <trkpt lat="54.0645019" lon="27.0438252">
        <ele>349</ele>
        <time>2025-06-21T07:55:12Z</time>
        <hdop>1.5</hdop>
        <extensions>
          <speed>3.48</speed>
        </extensions>
      </trkpt>
      <trkpt lat="54.0644441" lon="27.0436949">
        <ele>350</ele>
        <time>2025-06-21T07:55:23Z</time>
        <hdop>1.5</hdop>
        <extensions>
          <speed>3.63</speed>
        </extensions>
      </trkpt>
      <trkpt lat="54.0642298" lon="27.0432425">
        <ele>350</ele>
        <time>2025-06-21T07:55:34Z</time>
        <hdop>1.5</hdop>
        <extensions>
          <speed>3.21</speed>
        </extensions>
      </trkpt>
      <trkpt lat="54.0640462" lon="27.042879">
        <ele>351</ele>
        <time>2025-06-21T07:55:45Z</time>
        <hdop>1.5</hdop>
        <extensions>
          <speed>1.99</speed>
        </extensions>
      </trkpt>
      <trkpt lat="54.0640042" lon="27.0428776">
        <ele>351</ele>
        <time>2025-06-21T07:55:56Z</time>
        <hdop>1.5</hdop>
        <extensions>
          <speed>0.04</speed>
        </extensions>
      </trkpt>
      <trkpt lat="54.0640036" lon="27.0428791">
        <ele>350</ele>
        <time>2025-06-21T07:56:07Z</time>
        <hdop>1.5</hdop>
      </trkpt>
      <trkpt lat="54.0639937" lon="27.0428614">
        <ele>350</ele>
        <time>2025-06-21T07:56:17Z</time>
        <hdop>1.5</hdop>
      </trkpt>
      <trkpt lat="54.0640053" lon="27.0428537">
        <ele>352</ele>
        <time>2025-06-21T07:56:28Z</time>
        <hdop>1</hdop>
      </trkpt>
      <trkpt lat="54.0640053" lon="27.0428537">
        <ele>352</ele>
        <time>2025-06-21T07:56:38Z</time>
        <hdop>1.5</hdop>
      </trkpt>
      <trkpt lat="54.0639924" lon="27.0428623">
        <ele>352</ele>
        <time>2025-06-21T07:56:49Z</time>
        <hdop>1.5</hdop>
      </trkpt>
      <trkpt lat="54.0639924" lon="27.0428623">
        <ele>352</ele>
        <time>2025-06-21T07:57:01Z</time>
        <hdop>1.5</hdop>
      </trkpt>
      <trkpt lat="54.064003" lon="27.0428476">
        <ele>352</ele>
        <time>2025-06-21T07:57:12Z</time>
        <hdop>1.5</hdop>
      </trkpt>
      <trkpt lat="54.064003" lon="27.0428476">
        <ele>352</ele>
        <time>2025-06-21T07:57:22Z</time>
        <hdop>1.5</hdop>
      </trkpt>
      <trkpt lat="54.064003" lon="27.0428476">
        <ele>352</ele>
        <time>2025-06-21T07:57:33Z</time>
        <hdop>1</hdop>
      </trkpt>
      <trkpt lat="54.064003" lon="27.0428476">
        <ele>352</ele>
        <time>2025-06-21T07:57:44Z</time>
        <hdop>1</hdop>
      </trkpt>
      <trkpt lat="54.064003" lon="27.0428476">
        <ele>352</ele>
        <time>2025-06-21T07:57:54Z</time>
        <hdop>1.5</hdop>
      </trkpt>
      <trkpt lat="54.064003" lon="27.0428476">
        <ele>352</ele>
        <time>2025-06-21T07:58:04Z</time>
        <hdop>1</hdop>
      </trkpt>
      <trkpt lat="54.064003" lon="27.0428476">
        <ele>352</ele>
        <time>2025-06-21T07:58:14Z</time>
        <hdop>1.5</hdop>
      </trkpt>
      <trkpt lat="54.0640064" lon="27.0428541">
        <ele>352</ele>
        <time>2025-06-21T07:58:25Z</time>
        <hdop>1.5</hdop>
      </trkpt>
      <trkpt lat="54.0640064" lon="27.0428541">
        <ele>352</ele>
        <time>2025-06-21T07:58:35Z</time>
        <hdop>1.5</hdop>
      </trkpt>
      <trkpt lat="54.0640064" lon="27.0428541">
        <ele>352</ele>
        <time>2025-06-21T07:58:45Z</time>
        <hdop>1.5</hdop>
      </trkpt>
      <trkpt lat="54.0640064" lon="27.0428541">
        <ele>352</ele>
        <time>2025-06-21T07:58:55Z</time>
        <hdop>1.5</hdop>
      </trkpt>
      <trkpt lat="54.0640064" lon="27.0428541">
        <ele>352</ele>
        <time>2025-06-21T07:59:06Z</time>
        <hdop>2</hdop>
      </trkpt>
      <trkpt lat="54.0640064" lon="27.0428541">
        <ele>352</ele>
        <time>2025-06-21T07:59:17Z</time>
        <hdop>1.5</hdop>
      </trkpt>
      <trkpt lat="54.0640064" lon="27.0428541">
        <ele>352</ele>
        <time>2025-06-21T07:59:27Z</time>
        <hdop>1.5</hdop>
      </trkpt>
      <trkpt lat="54.0640074" lon="27.0428614">
        <ele>352</ele>
        <time>2025-06-21T07:59:38Z</time>
        <hdop>1.5</hdop>
      </trkpt>
      <trkpt lat="54.0640074" lon="27.0428614">
        <ele>352</ele>
        <time>2025-06-21T07:59:49Z</time>
        <hdop>1</hdop>
      </trkpt>
      <trkpt lat="54.0640074" lon="27.0428614">
        <ele>352</ele>
        <time>2025-06-21T07:59:59Z</time>
        <hdop>1.5</hdop>
      </trkpt>
      <trkpt lat="54.0640074" lon="27.0428614">
        <ele>352</ele>
        <time>2025-06-21T08:00:10Z</time>
        <hdop>1</hdop>
      </trkpt>
      <trkpt lat="54.0640074" lon="27.0428614">
        <ele>352</ele>
        <time>2025-06-21T08:00:21Z</time>
        <hdop>1.5</hdop>
      </trkpt>
      <trkpt lat="54.0640074" lon="27.0428614">
        <ele>352</ele>
        <time>2025-06-21T08:00:32Z</time>
        <hdop>1</hdop>
      </trkpt>
      <trkpt lat="54.0640076" lon="27.0428524">
        <ele>351</ele>
        <time>2025-06-21T08:00:43Z</time>
        <hdop>1.5</hdop>
        <extensions>
          <speed>0.71</speed>
        </extensions>
      </trkpt>
      <trkpt lat="54.0640041" lon="27.0428022">
        <ele>350</ele>
        <time>2025-06-21T08:00:53Z</time>
        <hdop>1.5</hdop>
        <extensions>
          <speed>1.08</speed>
        </extensions>
      </trkpt>
      <trkpt lat="54.0639328" lon="27.0426349">
        <ele>349</ele>
        <time>2025-06-21T08:01:03Z</time>
        <hdop>1.5</hdop>
        <extensions>
          <speed>0.91</speed>
        </extensions>
      </trkpt>
      <trkpt lat="54.0639202" lon="27.0426201">
        <ele>348</ele>
        <time>2025-06-21T08:01:14Z</time>
        <hdop>1.5</hdop>
      </trkpt>
      <trkpt lat="54.0639202" lon="27.0426201">
        <ele>348</ele>
        <time>2025-06-21T08:01:24Z</time>
        <hdop>1.5</hdop>
      </trkpt>
      <trkpt lat="54.0639202" lon="27.0426201">
        <ele>348</ele>
        <time>2025-06-21T08:01:34Z</time>
        <hdop>1</hdop>
      </trkpt>
      <trkpt lat="54.0639202" lon="27.0426201">
        <ele>348</ele>
        <time>2025-06-21T08:01:45Z</time>
        <hdop>1.5</hdop>
      </trkpt>
      <trkpt lat="54.063905" lon="27.0426432">
        <ele>347</ele>
        <time>2025-06-21T08:01:56Z</time>
        <hdop>1.5</hdop>
      </trkpt>
      <trkpt lat="54.063905" lon="27.0426432">
        <ele>347</ele>
        <time>2025-06-21T08:02:06Z</time>
        <hdop>1.5</hdop>
      </trkpt>
      <trkpt lat="54.063905" lon="27.0426432">
        <ele>347</ele>
        <time>2025-06-21T08:02:17Z</time>
        <hdop>1.5</hdop>
      </trkpt>
      <trkpt lat="54.0639101" lon="27.0426245">
        <ele>348</ele>
        <time>2025-06-21T08:02:28Z</time>
        <hdop>1.5</hdop>
        <extensions>
          <speed>0.55</speed>
        </extensions>
      </trkpt>
      <trkpt lat="54.0639039" lon="27.0426018">
        <ele>349</ele>
        <time>2025-06-21T08:02:39Z</time>
        <hdop>1.5</hdop>
      </trkpt>
      <trkpt lat="54.0639039" lon="27.0426018">
        <ele>349</ele>
        <time>2025-06-21T08:02:49Z</time>
        <hdop>1.5</hdop>
      </trkpt>
      <trkpt lat="54.0639039" lon="27.0426018">
        <ele>349</ele>
        <time>2025-06-21T08:03:00Z</time>
        <hdop>1.5</hdop>
      </trkpt>
      <trkpt lat="54.0639039" lon="27.0426018">
        <ele>349</ele>
        <time>2025-06-21T08:03:10Z</time>
        <hdop>1.5</hdop>
      </trkpt>
      <trkpt lat="54.0639039" lon="27.0426018">
        <ele>349</ele>
        <time>2025-06-21T08:03:20Z</time>
        <hdop>1.5</hdop>
      </trkpt>
      <trkpt lat="54.0639039" lon="27.0426018">
        <ele>349</ele>
        <time>2025-06-21T08:03:30Z</time>
        <hdop>1.5</hdop>
      </trkpt>
      <trkpt lat="54.0639039" lon="27.0426018">
        <ele>349</ele>
        <time>2025-06-21T08:03:40Z</time>
        <hdop>1.5</hdop>
      </trkpt>
      <trkpt lat="54.0639037" lon="27.042606">
        <ele>350</ele>
        <time>2025-06-21T08:03:50Z</time>
        <hdop>1.5</hdop>
      </trkpt>
      <trkpt lat="54.0637311" lon="27.0422943">
        <ele>351</ele>
        <time>2025-06-21T08:04:01Z</time>
        <hdop>2</hdop>
        <extensions>
          <speed>3.3</speed>
        </extensions>
      </trkpt>
      <trkpt lat="54.0634684" lon="27.0418584">
        <ele>351</ele>
        <time>2025-06-21T08:04:12Z</time>
        <hdop>1.5</hdop>
        <extensions>
          <speed>4.69</speed>
        </extensions>
      </trkpt>
      <trkpt lat="54.0630734" lon="27.041515">
        <ele>350</ele>
        <time>2025-06-21T08:04:22Z</time>
        <hdop>2</hdop>
        <extensions>
          <speed>5.58</speed>
        </extensions>
      </trkpt>
      <trkpt lat="54.0626142" lon="27.0411504">
        <ele>351</ele>
        <time>2025-06-21T08:04:32Z</time>
        <hdop>1.5</hdop>
        <extensions>
          <speed>6.15</speed>
        </extensions>
      </trkpt>
      <trkpt lat="54.0622685" lon="27.040249">
        <ele>349</ele>
        <time>2025-06-21T08:04:43Z</time>
        <hdop>1</hdop>
        <extensions>
          <speed>6.08</speed>
        </extensions>
      </trkpt>
      <trkpt lat="54.0619376" lon="27.0393151">
        <ele>347</ele>
        <time>2025-06-21T08:04:54Z</time>
        <hdop>1.5</hdop>
        <extensions>
          <speed>5.62</speed>
        </extensions>
      </trkpt>
      <trkpt lat="54.0616809" lon="27.0386566">
        <ele>347</ele>
        <time>2025-06-21T08:05:04Z</time>
        <hdop>1.5</hdop>
        <extensions>
          <speed>4.9</speed>
        </extensions>
      </trkpt>
      <trkpt lat="54.0614494" lon="27.038044">
        <ele>347</ele>
        <time>2025-06-21T08:05:14Z</time>
        <hdop>1</hdop>
        <extensions>
          <speed>4.57</speed>
        </extensions>
      </trkpt>
      <trkpt lat="54.0612076" lon="27.0373928">
        <ele>350</ele>
        <time>2025-06-21T08:05:25Z</time>
        <hdop>1</hdop>
        <extensions>
          <speed>4.34</speed>
        </extensions>
      </trkpt>
      <trkpt lat="54.0609912" lon="27.0367438">
        <ele>353</ele>
        <time>2025-06-21T08:05:36Z</time>
        <hdop>1</hdop>
        <extensions>
          <speed>4.33</speed>
        </extensions>
      </trkpt>
      <trkpt lat="54.0607934" lon="27.0361651">
        <ele>354</ele>
        <time>2025-06-21T08:05:46Z</time>
        <hdop>1</hdop>
        <extensions>
          <speed>4.15</speed>
        </extensions>
      </trkpt>
      <trkpt lat="54.0604328" lon="27.035371">
        <ele>352</ele>
        <time>2025-06-21T08:05:57Z</time>
        <hdop>1.5</hdop>
        <extensions>
          <speed>8.66</speed>
        </extensions>
      </trkpt>
      <trkpt lat="54.0599898" lon="27.0344174">
        <ele>348</ele>
        <time>2025-06-21T08:06:07Z</time>
        <hdop>1.5</hdop>
        <extensions>
          <speed>6.81</speed>
        </extensions>
      </trkpt>
      <trkpt lat="54.0595677" lon="27.0335332">
        <ele>346</ele>
        <time>2025-06-21T08:06:18Z</time>
        <hdop>1</hdop>
        <extensions>
          <speed>6.62</speed>
        </extensions>
      </trkpt>
      <trkpt lat="54.0591339" lon="27.0325597">
        <ele>342</ele>
        <time>2025-06-21T08:06:29Z</time>
        <hdop>1.5</hdop>
        <extensions>
          <speed>8.9</speed>
        </extensions>
      </trkpt>
      <trkpt lat="54.0586361" lon="27.0315201">
        <ele>337</ele>
        <time>2025-06-21T08:06:39Z</time>
        <hdop>2</hdop>
        <extensions>
          <speed>8.94</speed>
        </extensions>
      </trkpt>
      <trkpt lat="54.0581047" lon="27.0304479">
        <ele>333</ele>
        <time>2025-06-21T08:06:49Z</time>
        <hdop>1.5</hdop>
        <extensions>
          <speed>8.51</speed>
        </extensions>
      </trkpt>
      <trkpt lat="54.0575416" lon="27.0292553">
        <ele>325</ele>
        <time>2025-06-21T08:07:00Z</time>
        <hdop>1</hdop>
        <extensions>
          <speed>9.33</speed>
        </extensions>
      </trkpt>
      <trkpt lat="54.0571206" lon="27.0284694">
        <ele>323</ele>
        <time>2025-06-21T08:07:11Z</time>
        <hdop>2</hdop>
        <extensions>
          <speed>2.24</speed>
        </extensions>
      </trkpt>
      <trkpt lat="54.0572014" lon="27.0280828">
        <ele>321</ele>
        <time>2025-06-21T08:07:22Z</time>
        <hdop>2.5</hdop>
        <extensions>
          <speed>1.99</speed>
        </extensions>
      </trkpt>
      <trkpt lat="54.0572679" lon="27.0276434">
        <ele>320</ele>
        <time>2025-06-21T08:07:33Z</time>
        <hdop>1.5</hdop>
        <extensions>
          <speed>2.55</speed>
        </extensions>
      </trkpt>
      <trkpt lat="54.057326" lon="27.0272118">
        <ele>320</ele>
        <time>2025-06-21T08:07:43Z</time>
        <hdop>1.5</hdop>
        <extensions>
          <speed>3.33</speed>
        </extensions>
      </trkpt>
      <trkpt lat="54.0573926" lon="27.0266881">
        <ele>321</ele>
        <time>2025-06-21T08:07:53Z</time>
        <hdop>1</hdop>
        <extensions>
          <speed>4.19</speed>
        </extensions>
      </trkpt>
      <trkpt lat="54.0574677" lon="27.0260116">
        <ele>323</ele>
        <time>2025-06-21T08:08:04Z</time>
        <hdop>1.5</hdop>
        <extensions>
          <speed>4.27</speed>
        </extensions>
      </trkpt>
      <trkpt lat="54.0575229" lon="27.0254374">
        <ele>323</ele>
        <time>2025-06-21T08:08:14Z</time>
        <hdop>1.5</hdop>
        <extensions>
          <speed>3.39</speed>
        </extensions>
      </trkpt>
      <trkpt lat="54.0575971" lon="27.0249343">
        <ele>324</ele>
        <time>2025-06-21T08:08:25Z</time>
        <hdop>1.5</hdop>
        <extensions>
          <speed>2.53</speed>
        </extensions>
      </trkpt>
      <trkpt lat="54.0576329" lon="27.0245134">
        <ele>324</ele>
        <time>2025-06-21T08:08:36Z</time>
        <hdop>2</hdop>
        <extensions>
          <speed>2.9</speed>
        </extensions>
      </trkpt>
      <trkpt lat="54.057691" lon="27.0239577">
        <ele>324</ele>
        <time>2025-06-21T08:08:46Z</time>
        <hdop>1.5</hdop>
        <extensions>
          <speed>4</speed>
        </extensions>
      </trkpt>
      <trkpt lat="54.0577932" lon="27.0233111">
        <ele>325</ele>
        <time>2025-06-21T08:08:56Z</time>
        <hdop>2</hdop>
        <extensions>
          <speed>4.56</speed>
        </extensions>
      </trkpt>
      <trkpt lat="54.0578989" lon="27.0224882">
        <ele>325</ele>
        <time>2025-06-21T08:09:07Z</time>
        <hdop>1.5</hdop>
        <extensions>
          <speed>5.45</speed>
        </extensions>
      </trkpt>
      <trkpt lat="54.0579876" lon="27.0217256">
        <ele>323</ele>
        <time>2025-06-21T08:09:17Z</time>
        <hdop>1</hdop>
        <extensions>
          <speed>5.04</speed>
        </extensions>
      </trkpt>
      <trkpt lat="54.0580783" lon="27.0209672">
        <ele>323</ele>
        <time>2025-06-21T08:09:27Z</time>
        <hdop>1.5</hdop>
        <extensions>
          <speed>4.78</speed>
        </extensions>
      </trkpt>
      <trkpt lat="54.0581117" lon="27.0203089">
        <ele>323</ele>
        <time>2025-06-21T08:09:38Z</time>
        <hdop>1</hdop>
        <extensions>
          <speed>2.34</speed>
        </extensions>
      </trkpt>
      <trkpt lat="54.0580152" lon="27.0202405">
        <ele>323</ele>
        <time>2025-06-21T08:09:48Z</time>
        <hdop>1.5</hdop>
        <extensions>
          <speed>1.24</speed>
        </extensions>
      </trkpt>
      <trkpt lat="54.0580557" lon="27.0204613">
        <ele>321</ele>
        <time>2025-06-21T08:09:58Z</time>
        <hdop>1.5</hdop>
        <extensions>
          <speed>1.71</speed>
        </extensions>
      </trkpt>
      <trkpt lat="54.0579278" lon="27.0200876">
        <ele>322</ele>
        <time>2025-06-21T08:10:09Z</time>
        <hdop>1.5</hdop>
        <extensions>
          <speed>3.2</speed>
        </extensions>
      </trkpt>
      <trkpt lat="54.057677" lon="27.0197634">
        <ele>324</ele>
        <time>2025-06-21T08:10:20Z</time>
        <hdop>1.5</hdop>
        <extensions>
          <speed>3.38</speed>
        </extensions>
      </trkpt>
      <trkpt lat="54.0574144" lon="27.0193963">
        <ele>328</ele>
        <time>2025-06-21T08:10:30Z</time>
        <hdop>1.5</hdop>
        <extensions>
          <speed>3.79</speed>
        </extensions>
      </trkpt>
      <trkpt lat="54.0571322" lon="27.0189547">
        <ele>330</ele>
        <time>2025-06-21T08:10:41Z</time>
        <hdop>1.5</hdop>
        <extensions>
          <speed>3.5</speed>
        </extensions>
      </trkpt>
      <trkpt lat="54.0568753" lon="27.0185677">
        <ele>329</ele>
        <time>2025-06-21T08:10:52Z</time>
        <hdop>2.5</hdop>
        <extensions>
          <speed>3.1</speed>
        </extensions>
      </trkpt>
      <trkpt lat="54.0566728" lon="27.018286">
        <ele>329</ele>
        <time>2025-06-21T08:11:02Z</time>
        <hdop>2</hdop>
        <extensions>
          <speed>3.31</speed>
        </extensions>
      </trkpt>
      <trkpt lat="54.0564382" lon="27.0178699">
        <ele>328</ele>
        <time>2025-06-21T08:11:13Z</time>
        <hdop>2.5</hdop>
        <extensions>
          <speed>3.15</speed>
        </extensions>
      </trkpt>
      <trkpt lat="54.0561735" lon="27.0174874">
        <ele>328</ele>
        <time>2025-06-21T08:11:24Z</time>
        <hdop>2</hdop>
        <extensions>
          <speed>3.18</speed>
        </extensions>
      </trkpt>
      <trkpt lat="54.0559281" lon="27.0171184">
        <ele>327</ele>
        <time>2025-06-21T08:11:35Z</time>
        <hdop>2</hdop>
        <extensions>
          <speed>3.05</speed>
        </extensions>
      </trkpt>
      <trkpt lat="54.0556843" lon="27.0167714">
        <ele>324</ele>
        <time>2025-06-21T08:11:45Z</time>
        <hdop>2.5</hdop>
        <extensions>
          <speed>3.81</speed>
        </extensions>
      </trkpt>
      <trkpt lat="54.0553762" lon="27.0163609">
        <ele>325</ele>
        <time>2025-06-21T08:11:55Z</time>
        <hdop>1.5</hdop>
        <extensions>
          <speed>4.57</speed>
        </extensions>
      </trkpt>
      <trkpt lat="54.054975" lon="27.0157501">
        <ele>326</ele>
        <time>2025-06-21T08:12:06Z</time>
        <hdop>1.5</hdop>
        <extensions>
          <speed>5.85</speed>
        </extensions>
      </trkpt>
      <trkpt lat="54.0546114" lon="27.015178">
        <ele>325</ele>
        <time>2025-06-21T08:12:16Z</time>
        <hdop>1.5</hdop>
        <extensions>
          <speed>5.04</speed>
        </extensions>
      </trkpt>
      <trkpt lat="54.0542195" lon="27.0145867">
        <ele>326</ele>
        <time>2025-06-21T08:12:27Z</time>
        <hdop>2</hdop>
        <extensions>
          <speed>5.07</speed>
        </extensions>
      </trkpt>
      <trkpt lat="54.053806" lon="27.0140219">
        <ele>324</ele>
        <time>2025-06-21T08:12:38Z</time>
        <hdop>2</hdop>
        <extensions>
          <speed>5.58</speed>
        </extensions>
      </trkpt>
      <trkpt lat="54.0534041" lon="27.013462">
        <ele>324</ele>
        <time>2025-06-21T08:12:49Z</time>
        <hdop>1.5</hdop>
        <extensions>
          <speed>4.9</speed>
        </extensions>
      </trkpt>
      <trkpt lat="54.0530959" lon="27.0129935">
        <ele>325</ele>
        <time>2025-06-21T08:12:59Z</time>
        <hdop>2.5</hdop>
        <extensions>
          <speed>4.4</speed>
        </extensions>
      </trkpt>
      <trkpt lat="54.052764" lon="27.0124813">
        <ele>325</ele>
        <time>2025-06-21T08:13:10Z</time>
        <hdop>1</hdop>
        <extensions>
          <speed>4.38</speed>
        </extensions>
      </trkpt>
      <trkpt lat="54.052461" lon="27.0123706">
        <ele>323</ele>
        <time>2025-06-21T08:13:20Z</time>
        <hdop>1</hdop>
        <extensions>
          <speed>3.83</speed>
        </extensions>
      </trkpt>
      <trkpt lat="54.0522068" lon="27.0128129">
        <ele>322</ele>
        <time>2025-06-21T08:13:31Z</time>
        <hdop>1.5</hdop>
        <extensions>
          <speed>3.66</speed>
        </extensions>
      </trkpt>
      <trkpt lat="54.0519549" lon="27.0133111">
        <ele>322</ele>
        <time>2025-06-21T08:13:42Z</time>
        <hdop>1.5</hdop>
        <extensions>
          <speed>3.91</speed>
        </extensions>
      </trkpt>
      <trkpt lat="54.0517" lon="27.0137671">
        <ele>324</ele>
        <time>2025-06-21T08:13:52Z</time>
        <hdop>1.5</hdop>
        <extensions>
          <speed>4.2</speed>
        </extensions>
      </trkpt>
      <trkpt lat="54.0514452" lon="27.0142827">
        <ele>325</ele>
        <time>2025-06-21T08:14:02Z</time>
        <hdop>1</hdop>
        <extensions>
          <speed>4.96</speed>
        </extensions>
      </trkpt>
      <trkpt lat="54.0511461" lon="27.014859">
        <ele>326</ele>
        <time>2025-06-21T08:14:13Z</time>
        <hdop>1</hdop>
        <extensions>
          <speed>4.49</speed>
        </extensions>
      </trkpt>
      <trkpt lat="54.0508231" lon="27.0154584">
        <ele>323</ele>
        <time>2025-06-21T08:14:24Z</time>
        <hdop>2</hdop>
        <extensions>
          <speed>4.81</speed>
        </extensions>
      </trkpt>
      <trkpt lat="54.0504999" lon="27.0160812">
        <ele>322</ele>
        <time>2025-06-21T08:14:34Z</time>
        <hdop>1.5</hdop>
        <extensions>
          <speed>6.19</speed>
        </extensions>
      </trkpt>
      <trkpt lat="54.0500823" lon="27.0168458">
        <ele>319</ele>
        <time>2025-06-21T08:14:44Z</time>
        <hdop>1.5</hdop>
        <extensions>
          <speed>6.71</speed>
        </extensions>
      </trkpt>
      <trkpt lat="54.0496332" lon="27.0177166">
        <ele>318</ele>
        <time>2025-06-21T08:14:55Z</time>
        <hdop>1.5</hdop>
        <extensions>
          <speed>6.86</speed>
        </extensions>
      </trkpt>
      <trkpt lat="54.0492652" lon="27.0180875">
        <ele>319</ele>
        <time>2025-06-21T08:15:06Z</time>
        <hdop>2</hdop>
        <extensions>
          <speed>3.01</speed>
        </extensions>
      </trkpt>
      <trkpt lat="54.0490405" lon="27.0177165">
        <ele>319</ele>
        <time>2025-06-21T08:15:16Z</time>
        <hdop>2.5</hdop>
        <extensions>
          <speed>3.23</speed>
        </extensions>
      </trkpt>
      <trkpt lat="54.0487529" lon="27.0172396">
        <ele>321</ele>
        <time>2025-06-21T08:15:27Z</time>
        <hdop>2</hdop>
        <extensions>
          <speed>3.76</speed>
        </extensions>
      </trkpt>
      <trkpt lat="54.0485283" lon="27.0168075">
        <ele>323</ele>
        <time>2025-06-21T08:15:38Z</time>
        <hdop>1.5</hdop>
        <extensions>
          <speed>3.22</speed>
        </extensions>
      </trkpt>
      <trkpt lat="54.048333" lon="27.0164563">
        <ele>324</ele>
        <time>2025-06-21T08:15:48Z</time>
        <hdop>1.5</hdop>
        <extensions>
          <speed>3.12</speed>
        </extensions>
      </trkpt>
      <trkpt lat="54.0480959" lon="27.0160763">
        <ele>323</ele>
        <time>2025-06-21T08:15:59Z</time>
        <hdop>1.5</hdop>
        <extensions>
          <speed>3.49</speed>
        </extensions>
      </trkpt>
      <trkpt lat="54.0478548" lon="27.0156719">
        <ele>322</ele>
        <time>2025-06-21T08:16:09Z</time>
        <hdop>1.5</hdop>
        <extensions>
          <speed>3.69</speed>
        </extensions>
      </trkpt>
      <trkpt lat="54.0475993" lon="27.01526">
        <ele>323</ele>
        <time>2025-06-21T08:16:19Z</time>
        <hdop>1</hdop>
        <extensions>
          <speed>4.11</speed>
        </extensions>
      </trkpt>
      <trkpt lat="54.0472941" lon="27.0147779">
        <ele>323</ele>
        <time>2025-06-21T08:16:30Z</time>
        <hdop>1</hdop>
        <extensions>
          <speed>3.82</speed>
        </extensions>
      </trkpt>
      <trkpt lat="54.0471454" lon="27.0147926">
        <ele>322</ele>
        <time>2025-06-21T08:16:40Z</time>
        <hdop>1.5</hdop>
      </trkpt>
      <trkpt lat="54.0471895" lon="27.0146555">
        <ele>321</ele>
        <time>2025-06-21T08:16:51Z</time>
        <hdop>2</hdop>
        <extensions>
          <speed>1.59</speed>
        </extensions>
      </trkpt>
      <trkpt lat="54.0470478" lon="27.0143404">
        <ele>321</ele>
        <time>2025-06-21T08:17:01Z</time>
        <hdop>2</hdop>
        <extensions>
          <speed>3.55</speed>
        </extensions>
      </trkpt>
      <trkpt lat="54.0469381" lon="27.0137409">
        <ele>321</ele>
        <time>2025-06-21T08:17:11Z</time>
        <hdop>1.5</hdop>
        <extensions>
          <speed>4.69</speed>
        </extensions>
      </trkpt>
      <trkpt lat="54.0468773" lon="27.0131833">
        <ele>323</ele>
        <time>2025-06-21T08:17:22Z</time>
        <hdop>2</hdop>
        <extensions>
          <speed>2.02</speed>
        </extensions>
      </trkpt>
      <trkpt lat="54.0465868" lon="27.0128876">
        <ele>324</ele>
        <time>2025-06-21T08:17:33Z</time>
        <hdop>2.5</hdop>
        <extensions>
          <speed>2.83</speed>
        </extensions>
      </trkpt>
      <trkpt lat="54.0463391" lon="27.0124588">
        <ele>324</ele>
        <time>2025-06-21T08:17:44Z</time>
        <hdop>2.5</hdop>
        <extensions>
          <speed>2.38</speed>
        </extensions>
      </trkpt>
      <trkpt lat="54.0461411" lon="27.0121724">
        <ele>327</ele>
        <time>2025-06-21T08:17:54Z</time>
        <hdop>2.5</hdop>
        <extensions>
          <speed>1.52</speed>
        </extensions>
      </trkpt>
      <trkpt lat="54.0459294" lon="27.0118246">
        <ele>326</ele>
        <time>2025-06-21T08:18:04Z</time>
        <hdop>4</hdop>
        <extensions>
          <speed>2.46</speed>
        </extensions>
      </trkpt>
      <trkpt lat="54.0456776" lon="27.0114199">
        <ele>323</ele>
        <time>2025-06-21T08:18:15Z</time>
        <hdop>2.5</hdop>
        <extensions>
          <speed>2.76</speed>
        </extensions>
      </trkpt>
      <trkpt lat="54.0455982" lon="27.0113109">
        <ele>325</ele>
        <time>2025-06-21T08:18:26Z</time>
        <hdop>2</hdop>
      </trkpt>
      <trkpt lat="54.0455982" lon="27.0113109">
        <ele>325</ele>
        <time>2025-06-21T08:18:36Z</time>
        <hdop>2</hdop>
      </trkpt>
      <trkpt lat="54.0455776" lon="27.0112591">
        <ele>326</ele>
        <time>2025-06-21T08:18:47Z</time>
        <hdop>2</hdop>
        <extensions>
          <speed>1.44</speed>
        </extensions>
      </trkpt>
      <trkpt lat="54.0455197" lon="27.0111658">
        <ele>324</ele>
        <time>2025-06-21T08:18:57Z</time>
        <hdop>1.5</hdop>
      </trkpt>
      <trkpt lat="54.0454762" lon="27.0111168">
        <ele>323</ele>
        <time>2025-06-21T08:19:07Z</time>
        <hdop>2</hdop>
        <extensions>
          <speed>1.12</speed>
        </extensions>
      </trkpt>
      <trkpt lat="54.0453789" lon="27.0109871">
        <ele>323</ele>
        <time>2025-06-21T08:19:18Z</time>
        <hdop>2</hdop>
      </trkpt>
      <trkpt lat="54.0451472" lon="27.0108017">
        <ele>323</ele>
        <time>2025-06-21T08:19:28Z</time>
        <hdop>2.5</hdop>
        <extensions>
          <speed>0.3</speed>
        </extensions>
      </trkpt>
      <trkpt lat="54.0451339" lon="27.0107698">
        <ele>324</ele>
        <time>2025-06-21T08:19:39Z</time>
        <hdop>2</hdop>
      </trkpt>
      <trkpt lat="54.0451338" lon="27.0107696">
        <ele>324</ele>
        <time>2025-06-21T08:19:50Z</time>
        <hdop>2</hdop>
      </trkpt>
      <trkpt lat="54.0449772" lon="27.0105579">
        <ele>323</ele>
        <time>2025-06-21T08:20:01Z</time>
        <hdop>2.5</hdop>
      </trkpt>
      <trkpt lat="54.0448824" lon="27.0104224">
        <ele>322</ele>
        <time>2025-06-21T08:20:11Z</time>
        <hdop>2.5</hdop>
        <extensions>
          <speed>0.57</speed>
        </extensions>
      </trkpt>
      <trkpt lat="54.0447058" lon="27.0102205">
        <ele>320</ele>
        <time>2025-06-21T08:20:22Z</time>
        <hdop>2</hdop>
        <extensions>
          <speed>1.56</speed>
        </extensions>
      </trkpt>
      <trkpt lat="54.0445343" lon="27.0099887">
        <ele>317</ele>
        <time>2025-06-21T08:20:32Z</time>
        <hdop>2</hdop>
        <extensions>
          <speed>1.32</speed>
        </extensions>
      </trkpt>
      <trkpt lat="54.0443103" lon="27.0097965">
        <ele>309</ele>
        <time>2025-06-21T08:20:42Z</time>
        <hdop>2</hdop>
        <extensions>
          <speed>2.49</speed>
        </extensions>
      </trkpt>
      <trkpt lat="54.0440376" lon="27.0096309">
        <ele>310</ele>
        <time>2025-06-21T08:20:53Z</time>
        <hdop>1.5</hdop>
        <extensions>
          <speed>2.33</speed>
        </extensions>
      </trkpt>
      <trkpt lat="54.043796" lon="27.0094878">
        <ele>309</ele>
        <time>2025-06-21T08:21:03Z</time>
        <hdop>1.5</hdop>
        <extensions>
          <speed>3.36</speed>
        </extensions>
      </trkpt>
      <trkpt lat="54.0434839" lon="27.0094915">
        <ele>309</ele>
        <time>2025-06-21T08:21:13Z</time>
        <hdop>1.5</hdop>
        <extensions>
          <speed>2.27</speed>
        </extensions>
      </trkpt>
      <trkpt lat="54.043246" lon="27.0095169">
        <ele>308</ele>
        <time>2025-06-21T08:21:23Z</time>
        <hdop>2</hdop>
        <extensions>
          <speed>3.08</speed>
        </extensions>
      </trkpt>
      <trkpt lat="54.0429336" lon="27.0095093">
        <ele>307</ele>
        <time>2025-06-21T08:21:34Z</time>
        <hdop>2</hdop>
        <extensions>
          <speed>3.33</speed>
        </extensions>
      </trkpt>
      <trkpt lat="54.0425981" lon="27.0095207">
        <ele>307</ele>
        <time>2025-06-21T08:21:45Z</time>
        <hdop>1.5</hdop>
        <extensions>
          <speed>3.57</speed>
        </extensions>
      </trkpt>
      <trkpt lat="54.0422636" lon="27.0095508">
        <ele>307</ele>
        <time>2025-06-21T08:21:56Z</time>
        <hdop>1.5</hdop>
        <extensions>
          <speed>3.06</speed>
        </extensions>
      </trkpt>
      <trkpt lat="54.041955" lon="27.0095554">
        <ele>306</ele>
        <time>2025-06-21T08:22:07Z</time>
        <hdop>1.5</hdop>
        <extensions>
          <speed>3.19</speed>
        </extensions>
      </trkpt>
      <trkpt lat="54.0417088" lon="27.0096301">
        <ele>305</ele>
        <time>2025-06-21T08:22:17Z</time>
        <hdop>2</hdop>
        <extensions>
          <speed>2.36</speed>
        </extensions>
      </trkpt>
      <trkpt lat="54.0413948" lon="27.0097465">
        <ele>306</ele>
        <time>2025-06-21T08:22:28Z</time>
        <hdop>2</hdop>
        <extensions>
          <speed>1.76</speed>
        </extensions>
      </trkpt>
      <trkpt lat="54.0411437" lon="27.0096697">
        <ele>301</ele>
        <time>2025-06-21T08:22:39Z</time>
        <hdop>2.5</hdop>
        <extensions>
          <speed>2.79</speed>
        </extensions>
      </trkpt>
      <trkpt lat="54.0405766" lon="27.0096602">
        <ele>301</ele>
        <time>2025-06-21T08:22:50Z</time>
        <hdop>1.5</hdop>
        <extensions>
          <speed>4.27</speed>
        </extensions>
      </trkpt>
      <trkpt lat="54.0402277" lon="27.0096489">
        <ele>298</ele>
        <time>2025-06-21T08:23:00Z</time>
        <hdop>2.5</hdop>
        <extensions>
          <speed>3.11</speed>
        </extensions>
      </trkpt>
      <trkpt lat="54.0401209" lon="27.0095119">
        <ele>298</ele>
        <time>2025-06-21T08:23:10Z</time>
        <hdop>2.5</hdop>
        <extensions>
          <speed>1.52</speed>
        </extensions>
      </trkpt>
      <trkpt lat="54.0399857" lon="27.0093814">
        <ele>295</ele>
        <time>2025-06-21T08:23:21Z</time>
        <hdop>2</hdop>
      </trkpt>
      <trkpt lat="54.039983" lon="27.0093782">
        <ele>295</ele>
        <time>2025-06-21T08:23:32Z</time>
        <hdop>2</hdop>
        <extensions>
          <speed>0.77</speed>
        </extensions>
      </trkpt>
      <trkpt lat="54.0398002" lon="27.0091917">
        <ele>291</ele>
        <time>2025-06-21T08:23:42Z</time>
        <hdop>1.5</hdop>
        <extensions>
          <speed>1.75</speed>
        </extensions>
      </trkpt>
      <trkpt lat="54.0395864" lon="27.0091487">
        <ele>288</ele>
        <time>2025-06-21T08:23:53Z</time>
        <hdop>1.5</hdop>
        <extensions>
          <speed>2.21</speed>
        </extensions>
      </trkpt>
      <trkpt lat="54.0393901" lon="27.0091996">
        <ele>286</ele>
        <time>2025-06-21T08:24:03Z</time>
        <hdop>2</hdop>
        <extensions>
          <speed>1.94</speed>
        </extensions>
      </trkpt>
      <trkpt lat="54.0391228" lon="27.0092559">
        <ele>281</ele>
        <time>2025-06-21T08:24:14Z</time>
        <hdop>1.5</hdop>
        <extensions>
          <speed>4.18</speed>
        </extensions>
      </trkpt>
      <trkpt lat="54.0387705" lon="27.0092314">
        <ele>280</ele>
        <time>2025-06-21T08:24:25Z</time>
        <hdop>1.5</hdop>
        <extensions>
          <speed>2.52</speed>
        </extensions>
      </trkpt>
      <trkpt lat="54.0385546" lon="27.0090614">
        <ele>279</ele>
        <time>2025-06-21T08:24:35Z</time>
        <hdop>1.5</hdop>
        <extensions>
          <speed>4</speed>
        </extensions>
      </trkpt>
      <trkpt lat="54.03839" lon="27.0087283">
        <ele>279</ele>
        <time>2025-06-21T08:24:46Z</time>
        <hdop>2</hdop>
        <extensions>
          <speed>2.25</speed>
        </extensions>
      </trkpt>
      <trkpt lat="54.0383154" lon="27.0085349">
        <ele>278</ele>
        <time>2025-06-21T08:24:57Z</time>
        <hdop>2</hdop>
        <extensions>
          <speed>2.6</speed>
        </extensions>
      </trkpt>
      <trkpt lat="54.0381702" lon="27.0081314">
        <ele>278</ele>
        <time>2025-06-21T08:25:07Z</time>
        <hdop>1.5</hdop>
        <extensions>
          <speed>2.21</speed>
        </extensions>
      </trkpt>
      <trkpt lat="54.0379974" lon="27.0080039">
        <ele>277</ele>
        <time>2025-06-21T08:25:17Z</time>
        <hdop>2</hdop>
        <extensions>
          <speed>1.18</speed>
        </extensions>
      </trkpt>
      <trkpt lat="54.0379761" lon="27.0080189">
        <ele>276</ele>
        <time>2025-06-21T08:25:28Z</time>
        <hdop>1.5</hdop>
      </trkpt>
      <trkpt lat="54.0379761" lon="27.0080189">
        <ele>276</ele>
        <time>2025-06-21T08:25:38Z</time>
        <hdop>1.5</hdop>
      </trkpt>
      <trkpt lat="54.0379761" lon="27.0080189">
        <ele>276</ele>
        <time>2025-06-21T08:25:48Z</time>
        <hdop>1.5</hdop>
      </trkpt>
      <trkpt lat="54.0379761" lon="27.0080189">
        <ele>276</ele>
        <time>2025-06-21T08:25:59Z</time>
        <hdop>1.5</hdop>
      </trkpt>
      <trkpt lat="54.0379761" lon="27.0080189">
        <ele>276</ele>
        <time>2025-06-21T08:26:09Z</time>
        <hdop>1.5</hdop>
      </trkpt>
      <trkpt lat="54.0379761" lon="27.0080189">
        <ele>276</ele>
        <time>2025-06-21T08:26:20Z</time>
        <hdop>2</hdop>
      </trkpt>
      <trkpt lat="54.0379761" lon="27.0080189">
        <ele>276</ele>
        <time>2025-06-21T08:26:31Z</time>
        <hdop>1.5</hdop>
      </trkpt>
      <trkpt lat="54.0379761" lon="27.0080189">
        <ele>276</ele>
        <time>2025-06-21T08:26:41Z</time>
        <hdop>1.5</hdop>
      </trkpt>
      <trkpt lat="54.0379761" lon="27.0080189">
        <ele>276</ele>
        <time>2025-06-21T08:26:52Z</time>
        <hdop>1.5</hdop>
      </trkpt>
      <trkpt lat="54.0379761" lon="27.0080189">
        <ele>276</ele>
        <time>2025-06-21T08:27:03Z</time>
        <hdop>1.5</hdop>
      </trkpt>
      <trkpt lat="54.0379761" lon="27.0080189">
        <ele>276</ele>
        <time>2025-06-21T08:27:14Z</time>
        <hdop>1.5</hdop>
      </trkpt>
      <trkpt lat="54.0379761" lon="27.0080189">
        <ele>276</ele>
        <time>2025-06-21T08:27:25Z</time>
        <hdop>1.5</hdop>
      </trkpt>
      <trkpt lat="54.0379761" lon="27.0080189">
        <ele>276</ele>
        <time>2025-06-21T08:27:36Z</time>
        <hdop>1.5</hdop>
      </trkpt>
      <trkpt lat="54.0379391" lon="27.0080369">
        <ele>275</ele>
        <time>2025-06-21T08:27:47Z</time>
        <hdop>2</hdop>
        <extensions>
          <speed>1.84</speed>
        </extensions>
      </trkpt>
      <trkpt lat="54.0376545" lon="27.0080782">
        <ele>275</ele>
        <time>2025-06-21T08:27:58Z</time>
        <hdop>2</hdop>
        <extensions>
          <speed>3.62</speed>
        </extensions>
      </trkpt>
      <trkpt lat="54.0372214" lon="27.0080794">
        <ele>275</ele>
        <time>2025-06-21T08:28:08Z</time>
        <hdop>1.5</hdop>
        <extensions>
          <speed>4.73</speed>
        </extensions>
      </trkpt>
      <trkpt lat="54.0367223" lon="27.0080364">
        <ele>272</ele>
        <time>2025-06-21T08:28:19Z</time>
        <hdop>1.5</hdop>
        <extensions>
          <speed>5.12</speed>
        </extensions>
      </trkpt>
      <trkpt lat="54.0362923" lon="27.0077866">
        <ele>271</ele>
        <time>2025-06-21T08:28:29Z</time>
        <hdop>1.5</hdop>
        <extensions>
          <speed>4.48</speed>
        </extensions>
      </trkpt>
      <trkpt lat="54.0358844" lon="27.0072742">
        <ele>271</ele>
        <time>2025-06-21T08:28:39Z</time>
        <hdop>1.5</hdop>
        <extensions>
          <speed>5.55</speed>
        </extensions>
      </trkpt>
      <trkpt lat="54.0354572" lon="27.0066998">
        <ele>271</ele>
        <time>2025-06-21T08:28:50Z</time>
        <hdop>1</hdop>
        <extensions>
          <speed>5.41</speed>
        </extensions>
      </trkpt>
      <trkpt lat="54.0350363" lon="27.0061769">
        <ele>269</ele>
        <time>2025-06-21T08:29:01Z</time>
        <hdop>1</hdop>
        <extensions>
          <speed>5.37</speed>
        </extensions>
      </trkpt>
      <trkpt lat="54.0346153" lon="27.0059836">
        <ele>271</ele>
        <time>2025-06-21T08:29:12Z</time>
        <hdop>1</hdop>
        <extensions>
          <speed>3.82</speed>
        </extensions>
      </trkpt>
      <trkpt lat="54.0343096" lon="27.0059029">
        <ele>272</ele>
        <time>2025-06-21T08:29:22Z</time>
        <hdop>3</hdop>
        <extensions>
          <speed>3.21</speed>
        </extensions>
      </trkpt>
      <trkpt lat="54.033946" lon="27.0060685">
        <ele>272</ele>
        <time>2025-06-21T08:29:33Z</time>
        <hdop>1.5</hdop>
        <extensions>
          <speed>3.67</speed>
        </extensions>
      </trkpt>
      <trkpt lat="54.0336449" lon="27.0062422">
        <ele>275</ele>
        <time>2025-06-21T08:29:43Z</time>
        <hdop>2</hdop>
        <extensions>
          <speed>3.39</speed>
        </extensions>
      </trkpt>
      <trkpt lat="54.0333766" lon="27.0064066">
        <ele>278</ele>
        <time>2025-06-21T08:29:53Z</time>
        <hdop>1.5</hdop>
        <extensions>
          <speed>3.02</speed>
        </extensions>
      </trkpt>
      <trkpt lat="54.0331186" lon="27.0065292">
        <ele>280</ele>
        <time>2025-06-21T08:30:03Z</time>
        <hdop>1.5</hdop>
        <extensions>
          <speed>2.34</speed>
        </extensions>
      </trkpt>
      <trkpt lat="54.0328763" lon="27.0066918">
        <ele>284</ele>
        <time>2025-06-21T08:30:14Z</time>
        <hdop>2</hdop>
        <extensions>
          <speed>2.56</speed>
        </extensions>
      </trkpt>
      <trkpt lat="54.0326367" lon="27.0068882">
        <ele>285</ele>
        <time>2025-06-21T08:30:25Z</time>
        <hdop>2</hdop>
        <extensions>
          <speed>2.53</speed>
        </extensions>
      </trkpt>
      <trkpt lat="54.0324109" lon="27.0070344">
        <ele>287</ele>
        <time>2025-06-21T08:30:36Z</time>
        <hdop>1.5</hdop>
        <extensions>
          <speed>2.47</speed>
        </extensions>
      </trkpt>
      <trkpt lat="54.0321942" lon="27.0071948">
        <ele>288</ele>
        <time>2025-06-21T08:30:46Z</time>
        <hdop>2</hdop>
        <extensions>
          <speed>2.54</speed>
        </extensions>
      </trkpt>
      <trkpt lat="54.031957" lon="27.0073678">
        <ele>292</ele>
        <time>2025-06-21T08:30:57Z</time>
        <hdop>2</hdop>
        <extensions>
          <speed>2.13</speed>
        </extensions>
      </trkpt>
      <trkpt lat="54.0318075" lon="27.0076143">
        <ele>297</ele>
        <time>2025-06-21T08:31:08Z</time>
        <hdop>2</hdop>
        <extensions>
          <speed>1.61</speed>
        </extensions>
      </trkpt>
      <trkpt lat="54.0316691" lon="27.0078379">
        <ele>301</ele>
        <time>2025-06-21T08:31:19Z</time>
        <hdop>2</hdop>
      </trkpt>
      <trkpt lat="54.0316145" lon="27.0080148">
        <ele>300</ele>
        <time>2025-06-21T08:31:29Z</time>
        <hdop>1.5</hdop>
        <extensions>
          <speed>1.16</speed>
        </extensions>
      </trkpt>
      <trkpt lat="54.0315206" lon="27.0082247">
        <ele>300</ele>
        <time>2025-06-21T08:31:39Z</time>
        <hdop>1.5</hdop>
        <extensions>
          <speed>1.7</speed>
        </extensions>
      </trkpt>
      <trkpt lat="54.0313865" lon="27.008399">
        <ele>300</ele>
        <time>2025-06-21T08:31:50Z</time>
        <hdop>1.5</hdop>
        <extensions>
          <speed>0.95</speed>
        </extensions>
      </trkpt>
      <trkpt lat="54.0313717" lon="27.0083867">
        <ele>302</ele>
        <time>2025-06-21T08:32:01Z</time>
        <hdop>1</hdop>
        <extensions>
          <speed>0.82</speed>
        </extensions>
      </trkpt>
      <trkpt lat="54.0313649" lon="27.0084169">
        <ele>302</ele>
        <time>2025-06-21T08:32:11Z</time>
        <hdop>1.5</hdop>
        <extensions>
          <speed>0.56</speed>
        </extensions>
      </trkpt>
      <trkpt lat="54.0313685" lon="27.0084115">
        <ele>300</ele>
        <time>2025-06-21T08:32:22Z</time>
        <hdop>1.5</hdop>
        <extensions>
          <speed>1.35</speed>
        </extensions>
      </trkpt>
      <trkpt lat="54.0313923" lon="27.0083792">
        <ele>300</ele>
        <time>2025-06-21T08:32:32Z</time>
        <hdop>1.5</hdop>
        <extensions>
          <speed>1.11</speed>
        </extensions>
      </trkpt>
      <trkpt lat="54.0313364" lon="27.0083611">
        <ele>302</ele>
        <time>2025-06-21T08:32:42Z</time>
        <hdop>2</hdop>
        <extensions>
          <speed>1.21</speed>
        </extensions>
      </trkpt>
      <trkpt lat="54.0313987" lon="27.0084367">
        <ele>299</ele>
        <time>2025-06-21T08:32:53Z</time>
        <hdop>1.5</hdop>
        <extensions>
          <speed>0.89</speed>
        </extensions>
      </trkpt>
      <trkpt lat="54.0314301" lon="27.0085499">
        <ele>299</ele>
        <time>2025-06-21T08:33:04Z</time>
        <hdop>1.5</hdop>
        <extensions>
          <speed>0.31</speed>
        </extensions>
      </trkpt>
      <trkpt lat="54.0314852" lon="27.008659">
        <ele>297</ele>
        <time>2025-06-21T08:33:15Z</time>
        <hdop>1.5</hdop>
        <extensions>
          <speed>0.75</speed>
        </extensions>
      </trkpt>
      <trkpt lat="54.0315703" lon="27.0086898">
        <ele>297</ele>
        <time>2025-06-21T08:33:25Z</time>
        <hdop>1.5</hdop>
        <extensions>
          <speed>0.46</speed>
        </extensions>
      </trkpt>
      <trkpt lat="54.0315535" lon="27.0087144">
        <ele>296</ele>
        <time>2025-06-21T08:33:36Z</time>
        <hdop>1.5</hdop>
        <extensions>
          <speed>1.89</speed>
        </extensions>
      </trkpt>
      <trkpt lat="54.0314251" lon="27.0085683">
        <ele>299</ele>
        <time>2025-06-21T08:33:47Z</time>
        <hdop>1.5</hdop>
        <extensions>
          <speed>1.13</speed>
        </extensions>
      </trkpt>
      <trkpt lat="54.031372" lon="27.0085085">
        <ele>301</ele>
        <time>2025-06-21T08:33:57Z</time>
        <hdop>1.5</hdop>
      </trkpt>
      <trkpt lat="54.0314036" lon="27.0083761">
        <ele>299</ele>
        <time>2025-06-21T08:34:08Z</time>
        <hdop>1.5</hdop>
        <extensions>
          <speed>0.12</speed>
        </extensions>
      </trkpt>
      <trkpt lat="54.0313935" lon="27.0083537">
        <ele>300</ele>
        <time>2025-06-21T08:34:19Z</time>
        <hdop>1.5</hdop>
      </trkpt>
      <trkpt lat="54.0313911" lon="27.0083475">
        <ele>300</ele>
        <time>2025-06-21T08:34:30Z</time>
        <hdop>1.5</hdop>
      </trkpt>
      <trkpt lat="54.0313835" lon="27.0084087">
        <ele>301</ele>
        <time>2025-06-21T08:34:40Z</time>
        <hdop>1.5</hdop>
        <extensions>
          <speed>0.9</speed>
        </extensions>
      </trkpt>
      <trkpt lat="54.0314593" lon="27.0082616">
        <ele>301</ele>
        <time>2025-06-21T08:34:51Z</time>
        <hdop>1.5</hdop>
        <extensions>
          <speed>0.86</speed>
        </extensions>
      </trkpt>
      <trkpt lat="54.031501" lon="27.0081882">
        <ele>302</ele>
        <time>2025-06-21T08:35:01Z</time>
        <hdop>2.5</hdop>
        <extensions>
          <speed>0.15</speed>
        </extensions>
      </trkpt>
      <trkpt lat="54.0315066" lon="27.0081899">
        <ele>302</ele>
        <time>2025-06-21T08:35:12Z</time>
        <hdop>2</hdop>
      </trkpt>
      <trkpt lat="54.0315517" lon="27.0080965">
        <ele>299</ele>
        <time>2025-06-21T08:35:23Z</time>
        <hdop>2</hdop>
        <extensions>
          <speed>0.62</speed>
        </extensions>
      </trkpt>
      <trkpt lat="54.0315637" lon="27.0080939">
        <ele>299</ele>
        <time>2025-06-21T08:35:33Z</time>
        <hdop>2</hdop>
      </trkpt>
      <trkpt lat="54.0315691" lon="27.0081019">
        <ele>298</ele>
        <time>2025-06-21T08:35:43Z</time>
        <hdop>1.5</hdop>
      </trkpt>
      <trkpt lat="54.0315524" lon="27.0081711">
        <ele>300</ele>
        <time>2025-06-21T08:35:53Z</time>
        <hdop>1.5</hdop>
        <extensions>
          <speed>1.01</speed>
        </extensions>
      </trkpt>
      <trkpt lat="54.0315468" lon="27.0082961">
        <ele>310</ele>
        <time>2025-06-21T08:36:04Z</time>
        <hdop>2</hdop>
        <extensions>
          <speed>0.45</speed>
        </extensions>
      </trkpt>
      <trkpt lat="54.031508" lon="27.0083162">
        <ele>316</ele>
        <time>2025-06-21T08:36:15Z</time>
        <hdop>2</hdop>
        <extensions>
          <speed>0.16</speed>
        </extensions>
      </trkpt>
      <trkpt lat="54.0314875" lon="27.0084142">
        <ele>318</ele>
        <time>2025-06-21T08:36:25Z</time>
        <hdop>2</hdop>
        <extensions>
          <speed>0.9</speed>
        </extensions>
      </trkpt>
      <trkpt lat="54.0315608" lon="27.0084888">
        <ele>315</ele>
        <time>2025-06-21T08:36:36Z</time>
        <hdop>2</hdop>
        <extensions>
          <speed>1</speed>
        </extensions>
      </trkpt>
      <trkpt lat="54.0316213" lon="27.0084965">
        <ele>315</ele>
        <time>2025-06-21T08:36:47Z</time>
        <hdop>1.5</hdop>
        <extensions>
          <speed>0.19</speed>
        </extensions>
      </trkpt>
      <trkpt lat="54.0316561" lon="27.008569">
        <ele>310</ele>
        <time>2025-06-21T08:36:58Z</time>
        <hdop>2</hdop>
      </trkpt>
      <trkpt lat="54.0316797" lon="27.0086496">
        <ele>306</ele>
        <time>2025-06-21T08:37:08Z</time>
        <hdop>2.5</hdop>
      </trkpt>
      <trkpt lat="54.0316828" lon="27.0086121">
        <ele>307</ele>
        <time>2025-06-21T08:37:18Z</time>
        <hdop>1.5</hdop>
        <extensions>
          <speed>1.09</speed>
        </extensions>
      </trkpt>
      <trkpt lat="54.0316969" lon="27.0086741">
        <ele>307</ele>
        <time>2025-06-21T08:37:29Z</time>
        <hdop>2</hdop>
        <extensions>
          <speed>0.77</speed>
        </extensions>
      </trkpt>
      <trkpt lat="54.0317168" lon="27.0086545">
        <ele>307</ele>
        <time>2025-06-21T08:37:39Z</time>
        <hdop>2</hdop>
        <extensions>
          <speed>0.82</speed>
        </extensions>
      </trkpt>
      <trkpt lat="54.0317041" lon="27.0085728">
        <ele>310</ele>
        <time>2025-06-21T08:37:50Z</time>
        <hdop>1.5</hdop>
      </trkpt>
      <trkpt lat="54.0315649" lon="27.0087456">
        <ele>313</ele>
        <time>2025-06-21T08:38:01Z</time>
        <hdop>2</hdop>
        <extensions>
          <speed>2.9</speed>
        </extensions>
      </trkpt>
      <trkpt lat="54.0313684" lon="27.008552">
        <ele>316</ele>
        <time>2025-06-21T08:38:12Z</time>
        <hdop>2</hdop>
        <extensions>
          <speed>1.52</speed>
        </extensions>
      </trkpt>
      <trkpt lat="54.0315752" lon="27.0080979">
        <ele>312</ele>
        <time>2025-06-21T08:38:22Z</time>
        <hdop>2</hdop>
        <extensions>
          <speed>3.06</speed>
        </extensions>
      </trkpt>
      <trkpt lat="54.0316999" lon="27.0077537">
        <ele>309</ele>
        <time>2025-06-21T08:38:33Z</time>
        <hdop>1.5</hdop>
        <extensions>
          <speed>1.71</speed>
        </extensions>
      </trkpt>
      <trkpt lat="54.0317931" lon="27.0075181">
        <ele>305</ele>
        <time>2025-06-21T08:38:44Z</time>
        <hdop>2</hdop>
      </trkpt>
      <trkpt lat="54.0318087" lon="27.0075526">
        <ele>303</ele>
        <time>2025-06-21T08:38:54Z</time>
        <hdop>2</hdop>
        <extensions>
          <speed>0.74</speed>
        </extensions>
      </trkpt>
      <trkpt lat="54.0317564" lon="27.0078167">
        <ele>305</ele>
        <time>2025-06-21T08:39:05Z</time>
        <hdop>2</hdop>
        <extensions>
          <speed>1.84</speed>
        </extensions>
      </trkpt>
      <trkpt lat="54.0316715" lon="27.0081451">
        <ele>309</ele>
        <time>2025-06-21T08:39:15Z</time>
        <hdop>2</hdop>
        <extensions>
          <speed>1.95</speed>
        </extensions>
      </trkpt>
      <trkpt lat="54.0314829" lon="27.0084087">
        <ele>311</ele>
        <time>2025-06-21T08:39:26Z</time>
        <hdop>2</hdop>
        <extensions>
          <speed>1.86</speed>
        </extensions>
      </trkpt>
      <trkpt lat="54.0314987" lon="27.0085298">
        <ele>313</ele>
        <time>2025-06-21T08:39:36Z</time>
        <hdop>2</hdop>
        <extensions>
          <speed>2.05</speed>
        </extensions>
      </trkpt>
      <trkpt lat="54.0316387" lon="27.0085276">
        <ele>313</ele>
        <time>2025-06-21T08:39:47Z</time>
        <hdop>1.5</hdop>
        <extensions>
          <speed>0.23</speed>
        </extensions>
      </trkpt>
      <trkpt lat="54.031658" lon="27.0085752">
        <ele>311</ele>
        <time>2025-06-21T08:39:57Z</time>
        <hdop>2</hdop>
        <extensions>
          <speed>0.11</speed>
        </extensions>
      </trkpt>
      <trkpt lat="54.0316747" lon="27.0085975">
        <ele>309</ele>
        <time>2025-06-21T08:40:07Z</time>
        <hdop>2</hdop>
      </trkpt>
      <trkpt lat="54.0316743" lon="27.008652">
        <ele>308</ele>
        <time>2025-06-21T08:40:17Z</time>
        <hdop>2</hdop>
      </trkpt>
      <trkpt lat="54.0316743" lon="27.008652">
        <ele>308</ele>
        <time>2025-06-21T08:40:28Z</time>
        <hdop>2</hdop>
      </trkpt>
      <trkpt lat="54.0316386" lon="27.008746">
        <ele>310</ele>
        <time>2025-06-21T08:40:39Z</time>
        <hdop>2</hdop>
        <extensions>
          <speed>0.88</speed>
        </extensions>
      </trkpt>
      <trkpt lat="54.0315213" lon="27.0088005">
        <ele>315</ele>
        <time>2025-06-21T08:40:50Z</time>
        <hdop>1.5</hdop>
        <extensions>
          <speed>1.22</speed>
        </extensions>
      </trkpt>
      <trkpt lat="54.0314166" lon="27.0086717">
        <ele>311</ele>
        <time>2025-06-21T08:41:01Z</time>
        <hdop>2</hdop>
      </trkpt>
      <trkpt lat="54.0313798" lon="27.008575">
        <ele>309</ele>
        <time>2025-06-21T08:41:11Z</time>
        <hdop>2</hdop>
        <extensions>
          <speed>0.78</speed>
        </extensions>
      </trkpt>
      <trkpt lat="54.0313457" lon="27.0084903">
        <ele>309</ele>
        <time>2025-06-21T08:41:21Z</time>
        <hdop>2</hdop>
        <extensions>
          <speed>0.65</speed>
        </extensions>
      </trkpt>
      <trkpt lat="54.0311864" lon="27.0085915">
        <ele>311</ele>
        <time>2025-06-21T08:41:32Z</time>
        <hdop>2.5</hdop>
        <extensions>
          <speed>1.44</speed>
        </extensions>
      </trkpt>
      <trkpt lat="54.0308877" lon="27.0086822">
        <ele>310</ele>
        <time>2025-06-21T08:41:42Z</time>
        <hdop>2</hdop>
        <extensions>
          <speed>2.62</speed>
        </extensions>
      </trkpt>
      <trkpt lat="54.0305702" lon="27.0085719">
        <ele>301</ele>
        <time>2025-06-21T08:41:53Z</time>
        <hdop>1.5</hdop>
        <extensions>
          <speed>2.12</speed>
        </extensions>
      </trkpt>
      <trkpt lat="54.0303136" lon="27.0086299">
        <ele>300</ele>
        <time>2025-06-21T08:42:04Z</time>
        <hdop>2</hdop>
        <extensions>
          <speed>2.44</speed>
        </extensions>
      </trkpt>
      <trkpt lat="54.0300835" lon="27.0087387">
        <ele>300</ele>
        <time>2025-06-21T08:42:14Z</time>
        <hdop>1.5</hdop>
        <extensions>
          <speed>2.71</speed>
        </extensions>
      </trkpt>
      <trkpt lat="54.0298534" lon="27.0088694">
        <ele>301</ele>
        <time>2025-06-21T08:42:25Z</time>
        <hdop>1.5</hdop>
        <extensions>
          <speed>2.13</speed>
        </extensions>
      </trkpt>
      <trkpt lat="54.0296299" lon="27.0090345">
        <ele>304</ele>
        <time>2025-06-21T08:42:36Z</time>
        <hdop>2</hdop>
        <extensions>
          <speed>2.21</speed>
        </extensions>
      </trkpt>
      <trkpt lat="54.0294492" lon="27.0092013">
        <ele>301</ele>
        <time>2025-06-21T08:42:46Z</time>
        <hdop>2</hdop>
        <extensions>
          <speed>2.17</speed>
        </extensions>
      </trkpt>
      <trkpt lat="54.0292145" lon="27.0093824">
        <ele>304</ele>
        <time>2025-06-21T08:42:57Z</time>
        <hdop>2</hdop>
        <extensions>
          <speed>2.12</speed>
        </extensions>
      </trkpt>
      <trkpt lat="54.0290034" lon="27.0095689">
        <ele>308</ele>
        <time>2025-06-21T08:43:07Z</time>
        <hdop>2</hdop>
        <extensions>
          <speed>2.04</speed>
        </extensions>
      </trkpt>
      <trkpt lat="54.0288009" lon="27.0097496">
        <ele>308</ele>
        <time>2025-06-21T08:43:17Z</time>
        <hdop>2</hdop>
        <extensions>
          <speed>1.95</speed>
        </extensions>
      </trkpt>
      <trkpt lat="54.0285522" lon="27.0099914">
        <ele>309</ele>
        <time>2025-06-21T08:43:27Z</time>
        <hdop>2</hdop>
        <extensions>
          <speed>2.59</speed>
        </extensions>
      </trkpt>
      <trkpt lat="54.0282389" lon="27.0103997">
        <ele>309</ele>
        <time>2025-06-21T08:43:38Z</time>
        <hdop>1.5</hdop>
        <extensions>
          <speed>3.33</speed>
        </extensions>
      </trkpt>
      <trkpt lat="54.0279526" lon="27.0107329">
        <ele>310</ele>
        <time>2025-06-21T08:43:48Z</time>
        <hdop>2</hdop>
        <extensions>
          <speed>3.94</speed>
        </extensions>
      </trkpt>
      <trkpt lat="54.0276328" lon="27.0111213">
        <ele>311</ele>
        <time>2025-06-21T08:43:58Z</time>
        <hdop>1.5</hdop>
        <extensions>
          <speed>4.75</speed>
        </extensions>
      </trkpt>
      <trkpt lat="54.0272322" lon="27.0116063">
        <ele>311</ele>
        <time>2025-06-21T08:44:09Z</time>
        <hdop>1.5</hdop>
        <extensions>
          <speed>4.62</speed>
        </extensions>
      </trkpt>
      <trkpt lat="54.0268418" lon="27.0120526">
        <ele>311</ele>
        <time>2025-06-21T08:44:20Z</time>
        <hdop>1.5</hdop>
        <extensions>
          <speed>5.06</speed>
        </extensions>
      </trkpt>
      <trkpt lat="54.0265009" lon="27.0125493">
        <ele>310</ele>
        <time>2025-06-21T08:44:30Z</time>
        <hdop>2</hdop>
        <extensions>
          <speed>5.53</speed>
        </extensions>
      </trkpt>
      <trkpt lat="54.0260629" lon="27.0130962">
        <ele>312</ele>
        <time>2025-06-21T08:44:41Z</time>
        <hdop>1.5</hdop>
        <extensions>
          <speed>4.57</speed>
        </extensions>
      </trkpt>
      <trkpt lat="54.0257172" lon="27.0134582">
        <ele>312</ele>
        <time>2025-06-21T08:44:51Z</time>
        <hdop>2.5</hdop>
        <extensions>
          <speed>2.85</speed>
        </extensions>
      </trkpt>
      <trkpt lat="54.0252158" lon="27.0137942">
        <ele>313</ele>
        <time>2025-06-21T08:45:02Z</time>
        <hdop>2.5</hdop>
        <extensions>
          <speed>4.05</speed>
        </extensions>
      </trkpt>
      <trkpt lat="54.0248001" lon="27.0140382">
        <ele>310</ele>
        <time>2025-06-21T08:45:12Z</time>
        <hdop>2.5</hdop>
        <extensions>
          <speed>2.91</speed>
        </extensions>
      </trkpt>
      <trkpt lat="54.0243873" lon="27.0142701">
        <ele>301</ele>
        <time>2025-06-21T08:45:23Z</time>
        <hdop>2.5</hdop>
        <extensions>
          <speed>2.66</speed>
        </extensions>
      </trkpt>
      <trkpt lat="54.0238883" lon="27.0144898">
        <ele>305</ele>
        <time>2025-06-21T08:45:33Z</time>
        <hdop>2</hdop>
        <extensions>
          <speed>4.63</speed>
        </extensions>
      </trkpt>
      <trkpt lat="54.0232608" lon="27.0144619">
        <ele>305</ele>
        <time>2025-06-21T08:45:44Z</time>
        <hdop>2</hdop>
        <extensions>
          <speed>5.49</speed>
        </extensions>
      </trkpt>
      <trkpt lat="54.0225687" lon="27.0140565">
        <ele>304</ele>
        <time>2025-06-21T08:45:55Z</time>
        <hdop>2</hdop>
        <extensions>
          <speed>7.19</speed>
        </extensions>
      </trkpt>
      <trkpt lat="54.0220022" lon="27.0137098">
        <ele>303</ele>
        <time>2025-06-21T08:46:05Z</time>
        <hdop>2.5</hdop>
        <extensions>
          <speed>5.45</speed>
        </extensions>
      </trkpt>
      <trkpt lat="54.0214944" lon="27.0134049">
        <ele>303</ele>
        <time>2025-06-21T08:46:15Z</time>
        <hdop>3</hdop>
        <extensions>
          <speed>5.64</speed>
        </extensions>
      </trkpt>
      <trkpt lat="54.021023" lon="27.0131476">
        <ele>304</ele>
        <time>2025-06-21T08:46:26Z</time>
        <hdop>2.5</hdop>
        <extensions>
          <speed>3.45</speed>
        </extensions>
      </trkpt>
      <trkpt lat="54.0206291" lon="27.012908">
        <ele>307</ele>
        <time>2025-06-21T08:46:37Z</time>
        <hdop>2.5</hdop>
        <extensions>
          <speed>2.81</speed>
        </extensions>
      </trkpt>
      <trkpt lat="54.0202566" lon="27.0126742">
        <ele>301</ele>
        <time>2025-06-21T08:46:47Z</time>
        <hdop>2.5</hdop>
        <extensions>
          <speed>3.69</speed>
        </extensions>
      </trkpt>
      <trkpt lat="54.0196441" lon="27.0123287">
        <ele>301</ele>
        <time>2025-06-21T08:46:58Z</time>
        <hdop>1.5</hdop>
        <extensions>
          <speed>5.61</speed>
        </extensions>
      </trkpt>
      <trkpt lat="54.0191429" lon="27.0120715">
        <ele>298</ele>
        <time>2025-06-21T08:47:08Z</time>
        <hdop>1.5</hdop>
        <extensions>
          <speed>5.38</speed>
        </extensions>
      </trkpt>
      <trkpt lat="54.0186121" lon="27.0119509">
        <ele>296</ele>
        <time>2025-06-21T08:47:19Z</time>
        <hdop>1.5</hdop>
        <extensions>
          <speed>4.95</speed>
        </extensions>
      </trkpt>
      <trkpt lat="54.0180912" lon="27.0117025">
        <ele>294</ele>
        <time>2025-06-21T08:47:29Z</time>
        <hdop>1</hdop>
        <extensions>
          <speed>5.95</speed>
        </extensions>
      </trkpt>
      <trkpt lat="54.0175902" lon="27.0113853">
        <ele>293</ele>
        <time>2025-06-21T08:47:40Z</time>
        <hdop>1</hdop>
        <extensions>
          <speed>5.55</speed>
        </extensions>
      </trkpt>
      <trkpt lat="54.01712" lon="27.0112093">
        <ele>292</ele>
        <time>2025-06-21T08:47:50Z</time>
        <hdop>1.5</hdop>
        <extensions>
          <speed>4.88</speed>
        </extensions>
      </trkpt>
      <trkpt lat="54.0165694" lon="27.0111415">
        <ele>293</ele>
        <time>2025-06-21T08:48:01Z</time>
        <hdop>1</hdop>
        <extensions>
          <speed>5.73</speed>
        </extensions>
      </trkpt>
      <trkpt lat="54.0160881" lon="27.0111326">
        <ele>292</ele>
        <time>2025-06-21T08:48:11Z</time>
        <hdop>1.5</hdop>
        <extensions>
          <speed>5.01</speed>
        </extensions>
      </trkpt>
      <trkpt lat="54.0156279" lon="27.0112096">
        <ele>292</ele>
        <time>2025-06-21T08:48:21Z</time>
        <hdop>1.5</hdop>
        <extensions>
          <speed>4.23</speed>
        </extensions>
      </trkpt>
      <trkpt lat="54.0153117" lon="27.0114132">
        <ele>292</ele>
        <time>2025-06-21T08:48:32Z</time>
        <hdop>2.5</hdop>
        <extensions>
          <speed>2.68</speed>
        </extensions>
      </trkpt>
      <trkpt lat="54.0146533" lon="27.0117529">
        <ele>284</ele>
        <time>2025-06-21T08:48:43Z</time>
        <hdop>2.5</hdop>
        <extensions>
          <speed>7.19</speed>
        </extensions>
      </trkpt>
      <trkpt lat="54.0139136" lon="27.0121926">
        <ele>280</ele>
        <time>2025-06-21T08:48:54Z</time>
        <hdop>2</hdop>
        <extensions>
          <speed>6.66</speed>
        </extensions>
      </trkpt>
      <trkpt lat="54.0131479" lon="27.0125738">
        <ele>273</ele>
        <time>2025-06-21T08:49:05Z</time>
        <hdop>2</hdop>
        <extensions>
          <speed>8.37</speed>
        </extensions>
      </trkpt>
      <trkpt lat="54.0125359" lon="27.0127743">
        <ele>270</ele>
        <time>2025-06-21T08:49:15Z</time>
        <hdop>1.5</hdop>
        <extensions>
          <speed>4.7</speed>
        </extensions>
      </trkpt>
      <trkpt lat="54.012027" lon="27.0129576">
        <ele>269</ele>
        <time>2025-06-21T08:49:26Z</time>
        <hdop>2</hdop>
        <extensions>
          <speed>3.91</speed>
        </extensions>
      </trkpt>
      <trkpt lat="54.0116776" lon="27.0128937">
        <ele>268</ele>
        <time>2025-06-21T08:49:37Z</time>
        <hdop>2</hdop>
        <extensions>
          <speed>3.29</speed>
        </extensions>
      </trkpt>
      <trkpt lat="54.0113643" lon="27.0129914">
        <ele>271</ele>
        <time>2025-06-21T08:49:47Z</time>
        <hdop>1.5</hdop>
        <extensions>
          <speed>3.49</speed>
        </extensions>
      </trkpt>
      <trkpt lat="54.0110473" lon="27.0130929">
        <ele>272</ele>
        <time>2025-06-21T08:49:57Z</time>
        <hdop>1.5</hdop>
        <extensions>
          <speed>4</speed>
        </extensions>
      </trkpt>
      <trkpt lat="54.0107034" lon="27.0133119">
        <ele>274</ele>
        <time>2025-06-21T08:50:08Z</time>
        <hdop>1.5</hdop>
        <extensions>
          <speed>3.25</speed>
        </extensions>
      </trkpt>
      <trkpt lat="54.0104517" lon="27.013504">
        <ele>276</ele>
        <time>2025-06-21T08:50:18Z</time>
        <hdop>2</hdop>
        <extensions>
          <speed>2.58</speed>
        </extensions>
      </trkpt>
      <trkpt lat="54.0101818" lon="27.0136531">
        <ele>278</ele>
        <time>2025-06-21T08:50:29Z</time>
        <hdop>1.5</hdop>
        <extensions>
          <speed>2.71</speed>
        </extensions>
      </trkpt>
      <trkpt lat="54.0099905" lon="27.0138245">
        <ele>278</ele>
        <time>2025-06-21T08:50:40Z</time>
        <hdop>2</hdop>
        <extensions>
          <speed>1.87</speed>
        </extensions>
      </trkpt>
      <trkpt lat="54.0096492" lon="27.0141537">
        <ele>275</ele>
        <time>2025-06-21T08:50:50Z</time>
        <hdop>2</hdop>
        <extensions>
          <speed>5.25</speed>
        </extensions>
      </trkpt>
      <trkpt lat="54.0090674" lon="27.014602">
        <ele>269</ele>
        <time>2025-06-21T08:51:01Z</time>
        <hdop>2</hdop>
        <extensions>
          <speed>7.03</speed>
        </extensions>
      </trkpt>
      <trkpt lat="54.0085356" lon="27.0150639">
        <ele>266</ele>
        <time>2025-06-21T08:51:11Z</time>
        <hdop>1.5</hdop>
        <extensions>
          <speed>5.15</speed>
        </extensions>
      </trkpt>
      <trkpt lat="54.0080852" lon="27.0154287">
        <ele>264</ele>
        <time>2025-06-21T08:51:22Z</time>
        <hdop>2</hdop>
        <extensions>
          <speed>3.22</speed>
        </extensions>
      </trkpt>
      <trkpt lat="54.0078549" lon="27.0156603">
        <ele>264</ele>
        <time>2025-06-21T08:51:32Z</time>
        <hdop>2</hdop>
        <extensions>
          <speed>1.62</speed>
        </extensions>
      </trkpt>
      <trkpt lat="54.0076778" lon="27.0157518">
        <ele>265</ele>
        <time>2025-06-21T08:51:42Z</time>
        <hdop>1.5</hdop>
        <extensions>
          <speed>2.29</speed>
        </extensions>
      </trkpt>
      <trkpt lat="54.007546" lon="27.0158455">
        <ele>266</ele>
        <time>2025-06-21T08:51:52Z</time>
        <hdop>2</hdop>
        <extensions>
          <speed>1.39</speed>
        </extensions>
      </trkpt>
      <trkpt lat="54.0073986" lon="27.0158686">
        <ele>267</ele>
        <time>2025-06-21T08:52:03Z</time>
        <hdop>1.5</hdop>
        <extensions>
          <speed>1.82</speed>
        </extensions>
      </trkpt>
      <trkpt lat="54.007193" lon="27.0159505">
        <ele>268</ele>
        <time>2025-06-21T08:52:14Z</time>
        <hdop>1.5</hdop>
        <extensions>
          <speed>1.99</speed>
        </extensions>
      </trkpt>
      <trkpt lat="54.0070603" lon="27.0160213">
        <ele>268</ele>
        <time>2025-06-21T08:52:24Z</time>
        <hdop>1.5</hdop>
        <extensions>
          <speed>0.91</speed>
        </extensions>
      </trkpt>
      <trkpt lat="54.0070362" lon="27.0160522">
        <ele>268</ele>
        <time>2025-06-21T08:52:35Z</time>
        <hdop>1.5</hdop>
      </trkpt>
      <trkpt lat="54.0068311" lon="27.016201">
        <ele>265</ele>
        <time>2025-06-21T08:52:45Z</time>
        <hdop>1.5</hdop>
        <extensions>
          <speed>3.21</speed>
        </extensions>
      </trkpt>
      <trkpt lat="54.0065451" lon="27.0164451">
        <ele>262</ele>
        <time>2025-06-21T08:52:56Z</time>
        <hdop>2</hdop>
        <extensions>
          <speed>3.12</speed>
        </extensions>
      </trkpt>
      <trkpt lat="54.0061272" lon="27.0166082">
        <ele>258</ele>
        <time>2025-06-21T08:53:06Z</time>
        <hdop>1</hdop>
        <extensions>
          <speed>4.43</speed>
        </extensions>
      </trkpt>
      <trkpt lat="54.0059805" lon="27.0166561">
        <ele>257</ele>
        <time>2025-06-21T08:53:16Z</time>
        <hdop>1.5</hdop>
        <extensions>
          <speed>0.98</speed>
        </extensions>
      </trkpt>
      <trkpt lat="54.0058213" lon="27.0166885">
        <ele>255</ele>
        <time>2025-06-21T08:53:26Z</time>
        <hdop>1.5</hdop>
        <extensions>
          <speed>3.94</speed>
        </extensions>
      </trkpt>
      <trkpt lat="54.0053593" lon="27.0168505">
        <ele>251</ele>
        <time>2025-06-21T08:53:36Z</time>
        <hdop>1.5</hdop>
        <extensions>
          <speed>1.68</speed>
        </extensions>
      </trkpt>
      <trkpt lat="54.0051526" lon="27.016916">
        <ele>251</ele>
        <time>2025-06-21T08:53:46Z</time>
        <hdop>1.5</hdop>
        <extensions>
          <speed>2.73</speed>
        </extensions>
      </trkpt>
      <trkpt lat="54.0048753" lon="27.0170293">
        <ele>250</ele>
        <time>2025-06-21T08:53:57Z</time>
        <hdop>1.5</hdop>
        <extensions>
          <speed>4.52</speed>
        </extensions>
      </trkpt>
      <trkpt lat="54.0043854" lon="27.0172255">
        <ele>249</ele>
        <time>2025-06-21T08:54:08Z</time>
        <hdop>1</hdop>
        <extensions>
          <speed>4.79</speed>
        </extensions>
      </trkpt>
      <trkpt lat="54.00424" lon="27.0170582">
        <ele>250</ele>
        <time>2025-06-21T08:54:19Z</time>
        <hdop>2</hdop>
        <extensions>
          <speed>1.43</speed>
        </extensions>
      </trkpt>
      <trkpt lat="54.0042471" lon="27.0169644">
        <ele>250</ele>
        <time>2025-06-21T08:54:30Z</time>
        <hdop>2</hdop>
      </trkpt>
      <trkpt lat="54.004214" lon="27.0172605">
        <ele>247</ele>
        <time>2025-06-21T08:54:40Z</time>
        <hdop>1.5</hdop>
        <extensions>
          <speed>2.88</speed>
        </extensions>
      </trkpt>
      <trkpt lat="54.0037964" lon="27.0174272">
        <ele>246</ele>
        <time>2025-06-21T08:54:51Z</time>
        <hdop>1</hdop>
        <extensions>
          <speed>4.97</speed>
        </extensions>
      </trkpt>
      <trkpt lat="54.0033732" lon="27.0176034">
        <ele>245</ele>
        <time>2025-06-21T08:55:01Z</time>
        <hdop>1</hdop>
        <extensions>
          <speed>4.69</speed>
        </extensions>
      </trkpt>
      <trkpt lat="54.0030077" lon="27.0180524">
        <ele>246</ele>
        <time>2025-06-21T08:55:12Z</time>
        <hdop>1.5</hdop>
        <extensions>
          <speed>3.88</speed>
        </extensions>
      </trkpt>
      <trkpt lat="54.0027866" lon="27.0184707">
        <ele>244</ele>
        <time>2025-06-21T08:55:22Z</time>
        <hdop>2</hdop>
        <extensions>
          <speed>2.96</speed>
        </extensions>
      </trkpt>
      <trkpt lat="54.0025594" lon="27.0189123">
        <ele>245</ele>
        <time>2025-06-21T08:55:33Z</time>
        <hdop>2</hdop>
        <extensions>
          <speed>2.8</speed>
        </extensions>
      </trkpt>
      <trkpt lat="54.0023808" lon="27.018972">
        <ele>247</ele>
        <time>2025-06-21T08:55:43Z</time>
        <hdop>1.5</hdop>
        <extensions>
          <speed>1.5</speed>
        </extensions>
      </trkpt>
      <trkpt lat="54.0022976" lon="27.0188837">
        <ele>249</ele>
        <time>2025-06-21T08:55:54Z</time>
        <hdop>2</hdop>
        <extensions>
          <speed>0.21</speed>
        </extensions>
      </trkpt>
      <trkpt lat="54.0022821" lon="27.0188857">
        <ele>248</ele>
        <time>2025-06-21T08:56:05Z</time>
        <hdop>2</hdop>
      </trkpt>
      <trkpt lat="54.0022823" lon="27.0188855">
        <ele>248</ele>
        <time>2025-06-21T08:56:15Z</time>
        <hdop>2</hdop>
      </trkpt>
      <trkpt lat="54.0022823" lon="27.0188855">
        <ele>248</ele>
        <time>2025-06-21T08:56:26Z</time>
        <hdop>2</hdop>
      </trkpt>
      <trkpt lat="54.0022657" lon="27.018854">
        <ele>249</ele>
        <time>2025-06-21T08:56:36Z</time>
        <hdop>2</hdop>
      </trkpt>
      <trkpt lat="54.0022657" lon="27.018854">
        <ele>249</ele>
        <time>2025-06-21T08:56:47Z</time>
        <hdop>2</hdop>
      </trkpt>
      <trkpt lat="54.0022657" lon="27.018854">
        <ele>249</ele>
        <time>2025-06-21T08:56:57Z</time>
        <hdop>1.5</hdop>
      </trkpt>
      <trkpt lat="54.0022657" lon="27.018854">
        <ele>249</ele>
        <time>2025-06-21T08:57:08Z</time>
        <hdop>2</hdop>
      </trkpt>
      <trkpt lat="54.0022657" lon="27.018854">
        <ele>249</ele>
        <time>2025-06-21T08:57:18Z</time>
        <hdop>2</hdop>
      </trkpt>
      <trkpt lat="54.0022657" lon="27.018854">
        <ele>249</ele>
        <time>2025-06-21T08:57:28Z</time>
        <hdop>2</hdop>
      </trkpt>
      <trkpt lat="54.0022657" lon="27.018854">
        <ele>249</ele>
        <time>2025-06-21T08:57:38Z</time>
        <hdop>1.5</hdop>
      </trkpt>
      <trkpt lat="54.0022657" lon="27.018854">
        <ele>249</ele>
        <time>2025-06-21T08:57:49Z</time>
        <hdop>1.5</hdop>
      </trkpt>
      <trkpt lat="54.0022657" lon="27.018854">
        <ele>249</ele>
        <time>2025-06-21T08:57:59Z</time>
        <hdop>1.5</hdop>
      </trkpt>
      <trkpt lat="54.0022657" lon="27.018854">
        <ele>249</ele>
        <time>2025-06-21T08:58:10Z</time>
        <hdop>1.5</hdop>
      </trkpt>
      <trkpt lat="54.0022657" lon="27.018854">
        <ele>249</ele>
        <time>2025-06-21T08:58:20Z</time>
        <hdop>2</hdop>
      </trkpt>
      <trkpt lat="54.0022657" lon="27.018854">
        <ele>249</ele>
        <time>2025-06-21T08:58:31Z</time>
        <hdop>1.5</hdop>
      </trkpt>
      <trkpt lat="54.0022657" lon="27.018854">
        <ele>249</ele>
        <time>2025-06-21T08:58:42Z</time>
        <hdop>1.5</hdop>
      </trkpt>
      <trkpt lat="54.0022657" lon="27.018854">
        <ele>249</ele>
        <time>2025-06-21T08:58:52Z</time>
        <hdop>1.5</hdop>
      </trkpt>
      <trkpt lat="54.0022657" lon="27.018854">
        <ele>249</ele>
        <time>2025-06-21T08:59:02Z</time>
        <hdop>1</hdop>
      </trkpt>
      <trkpt lat="54.0022031" lon="27.0187008">
        <ele>248</ele>
        <time>2025-06-21T08:59:13Z</time>
        <hdop>2</hdop>
        <extensions>
          <speed>1.85</speed>
        </extensions>
      </trkpt>
      <trkpt lat="54.0018951" lon="27.0182419">
        <ele>249</ele>
        <time>2025-06-21T08:59:23Z</time>
        <hdop>2</hdop>
        <extensions>
          <speed>4.83</speed>
        </extensions>
      </trkpt>
      <trkpt lat="54.0015116" lon="27.0176274">
        <ele>248</ele>
        <time>2025-06-21T08:59:34Z</time>
        <hdop>2</hdop>
        <extensions>
          <speed>4.69</speed>
        </extensions>
      </trkpt>
      <trkpt lat="54.0010799" lon="27.0169794">
        <ele>248</ele>
        <time>2025-06-21T08:59:45Z</time>
        <hdop>1.5</hdop>
        <extensions>
          <speed>5.02</speed>
        </extensions>
      </trkpt>
      <trkpt lat="54.0007333" lon="27.0164921">
        <ele>250</ele>
        <time>2025-06-21T08:59:55Z</time>
        <hdop>1.5</hdop>
        <extensions>
          <speed>4.71</speed>
        </extensions>
      </trkpt>
      <trkpt lat="54.0003435" lon="27.0159936">
        <ele>251</ele>
        <time>2025-06-21T09:00:05Z</time>
        <hdop>2</hdop>
        <extensions>
          <speed>5.13</speed>
        </extensions>
      </trkpt>
      <trkpt lat="53.9999142" lon="27.0154537">
        <ele>252</ele>
        <time>2025-06-21T09:00:15Z</time>
        <hdop>3.5</hdop>
        <extensions>
          <speed>5.6</speed>
        </extensions>
      </trkpt>
      <trkpt lat="53.9995196" lon="27.0148892">
        <ele>249</ele>
        <time>2025-06-21T09:00:26Z</time>
        <hdop>1.5</hdop>
        <extensions>
          <speed>5.04</speed>
        </extensions>
      </trkpt>
      <trkpt lat="53.999081" lon="27.0141529">
        <ele>251</ele>
        <time>2025-06-21T09:00:37Z</time>
        <hdop>2</hdop>
        <extensions>
          <speed>5.07</speed>
        </extensions>
      </trkpt>
      <trkpt lat="53.9987709" lon="27.0133421">
        <ele>247</ele>
        <time>2025-06-21T09:00:48Z</time>
        <hdop>1.5</hdop>
        <extensions>
          <speed>5.55</speed>
        </extensions>
      </trkpt>
      <trkpt lat="53.9985523" lon="27.0125609">
        <ele>243</ele>
        <time>2025-06-21T09:00:58Z</time>
        <hdop>1.5</hdop>
        <extensions>
          <speed>5.13</speed>
        </extensions>
      </trkpt>
      <trkpt lat="53.9982876" lon="27.0116948">
        <ele>240</ele>
        <time>2025-06-21T09:01:08Z</time>
        <hdop>1.5</hdop>
        <extensions>
          <speed>5.94</speed>
        </extensions>
      </trkpt>
      <trkpt lat="53.9981036" lon="27.0108166">
        <ele>243</ele>
        <time>2025-06-21T09:01:19Z</time>
        <hdop>1.5</hdop>
        <extensions>
          <speed>5.01</speed>
        </extensions>
      </trkpt>
      <trkpt lat="53.9979433" lon="27.0098947">
        <ele>244</ele>
        <time>2025-06-21T09:01:30Z</time>
        <hdop>1.5</hdop>
        <extensions>
          <speed>4.93</speed>
        </extensions>
      </trkpt>
      <trkpt lat="53.9978449" lon="27.0090205">
        <ele>246</ele>
        <time>2025-06-21T09:01:40Z</time>
        <hdop>1.5</hdop>
        <extensions>
          <speed>5.33</speed>
        </extensions>
      </trkpt>
      <trkpt lat="53.9977615" lon="27.0081106">
        <ele>247</ele>
        <time>2025-06-21T09:01:51Z</time>
        <hdop>2</hdop>
        <extensions>
          <speed>3.98</speed>
        </extensions>
      </trkpt>
      <trkpt lat="53.9976564" lon="27.0073104">
        <ele>247</ele>
        <time>2025-06-21T09:02:02Z</time>
        <hdop>2.5</hdop>
        <extensions>
          <speed>3.19</speed>
        </extensions>
      </trkpt>
      <trkpt lat="53.9975141" lon="27.0064917">
        <ele>239</ele>
        <time>2025-06-21T09:02:12Z</time>
        <hdop>2</hdop>
        <extensions>
          <speed>4.71</speed>
        </extensions>
      </trkpt>
      <trkpt lat="53.9971939" lon="27.0057468">
        <ele>242</ele>
        <time>2025-06-21T09:02:23Z</time>
        <hdop>2</hdop>
        <extensions>
          <speed>4.64</speed>
        </extensions>
      </trkpt>
      <trkpt lat="53.9969078" lon="27.0050154">
        <ele>243</ele>
        <time>2025-06-21T09:02:34Z</time>
        <hdop>2.5</hdop>
        <extensions>
          <speed>4.17</speed>
        </extensions>
      </trkpt>
      <trkpt lat="53.9966308" lon="27.0043656">
        <ele>246</ele>
        <time>2025-06-21T09:02:44Z</time>
        <hdop>2</hdop>
        <extensions>
          <speed>4.07</speed>
        </extensions>
      </trkpt>
      <trkpt lat="53.9965097" lon="27.0036651">
        <ele>232</ele>
        <time>2025-06-21T09:02:54Z</time>
        <hdop>2</hdop>
        <extensions>
          <speed>3</speed>
        </extensions>
      </trkpt>
      <trkpt lat="53.9963116" lon="27.0027627">
        <ele>231</ele>
        <time>2025-06-21T09:03:05Z</time>
        <hdop>2</hdop>
        <extensions>
          <speed>4.04</speed>
        </extensions>
      </trkpt>
      <trkpt lat="53.9960937" lon="27.0019534">
        <ele>235</ele>
        <time>2025-06-21T09:03:16Z</time>
        <hdop>2</hdop>
        <extensions>
          <speed>3.57</speed>
        </extensions>
      </trkpt>
      <trkpt lat="53.9957258" lon="27.0010889">
        <ele>236</ele>
        <time>2025-06-21T09:03:26Z</time>
        <hdop>2</hdop>
        <extensions>
          <speed>5.09</speed>
        </extensions>
      </trkpt>
      <trkpt lat="53.9954559" lon="27.0002632">
        <ele>229</ele>
        <time>2025-06-21T09:03:37Z</time>
        <hdop>2</hdop>
        <extensions>
          <speed>4.31</speed>
        </extensions>
      </trkpt>
      <trkpt lat="53.9951709" lon="26.9993918">
        <ele>227</ele>
        <time>2025-06-21T09:03:48Z</time>
        <hdop>2</hdop>
        <extensions>
          <speed>4.78</speed>
        </extensions>
      </trkpt>
      <trkpt lat="53.9949276" lon="26.9984484">
        <ele>232</ele>
        <time>2025-06-21T09:03:59Z</time>
        <hdop>1</hdop>
        <extensions>
          <speed>6.1</speed>
        </extensions>
      </trkpt>
      <trkpt lat="53.9947092" lon="26.9975826">
        <ele>233</ele>
        <time>2025-06-21T09:04:10Z</time>
        <hdop>1.5</hdop>
        <extensions>
          <speed>4.59</speed>
        </extensions>
      </trkpt>
      <trkpt lat="53.9944984" lon="26.9969588">
        <ele>235</ele>
        <time>2025-06-21T09:04:20Z</time>
        <hdop>2</hdop>
        <extensions>
          <speed>2.75</speed>
        </extensions>
      </trkpt>
      <trkpt lat="53.9943456" lon="26.996353">
        <ele>234</ele>
        <time>2025-06-21T09:04:31Z</time>
        <hdop>2.5</hdop>
        <extensions>
          <speed>3.16</speed>
        </extensions>
      </trkpt>
      <trkpt lat="53.9941557" lon="26.995642">
        <ele>235</ele>
        <time>2025-06-21T09:04:41Z</time>
        <hdop>2</hdop>
        <extensions>
          <speed>5</speed>
        </extensions>
      </trkpt>
      <trkpt lat="53.9939433" lon="26.9947791">
        <ele>242</ele>
        <time>2025-06-21T09:04:52Z</time>
        <hdop>2</hdop>
        <extensions>
          <speed>5.11</speed>
        </extensions>
      </trkpt>
      <trkpt lat="53.9937352" lon="26.9940823">
        <ele>236</ele>
        <time>2025-06-21T09:05:02Z</time>
        <hdop>2</hdop>
        <extensions>
          <speed>5.29</speed>
        </extensions>
      </trkpt>
      <trkpt lat="53.9934787" lon="26.9931689">
        <ele>240</ele>
        <time>2025-06-21T09:05:13Z</time>
        <hdop>2</hdop>
        <extensions>
          <speed>5.14</speed>
        </extensions>
      </trkpt>
      <trkpt lat="53.9932923" lon="26.992432">
        <ele>238</ele>
        <time>2025-06-21T09:05:23Z</time>
        <hdop>2</hdop>
        <extensions>
          <speed>3.47</speed>
        </extensions>
      </trkpt>
      <trkpt lat="53.9930371" lon="26.9916977">
        <ele>237</ele>
        <time>2025-06-21T09:05:34Z</time>
        <hdop>2</hdop>
        <extensions>
          <speed>4.71</speed>
        </extensions>
      </trkpt>
      <trkpt lat="53.9927607" lon="26.9914656">
        <ele>238</ele>
        <time>2025-06-21T09:05:45Z</time>
        <hdop>2</hdop>
        <extensions>
          <speed>0.9</speed>
        </extensions>
      </trkpt>
      <trkpt lat="53.9926561" lon="26.9914794">
        <ele>237</ele>
        <time>2025-06-21T09:05:55Z</time>
        <hdop>2</hdop>
        <extensions>
          <speed>0.13</speed>
        </extensions>
      </trkpt>
      <trkpt lat="53.9926445" lon="26.9914782">
        <ele>237</ele>
        <time>2025-06-21T09:06:06Z</time>
        <hdop>2</hdop>
      </trkpt>
      <trkpt lat="53.9926428" lon="26.9914747">
        <ele>238</ele>
        <time>2025-06-21T09:06:17Z</time>
        <hdop>1.5</hdop>
      </trkpt>
      <trkpt lat="53.992624" lon="26.9914966">
        <ele>237</ele>
        <time>2025-06-21T09:06:28Z</time>
        <hdop>1.5</hdop>
        <extensions>
          <speed>0.78</speed>
        </extensions>
      </trkpt>
      <trkpt lat="53.9924253" lon="26.9914127">
        <ele>238</ele>
        <time>2025-06-21T09:06:39Z</time>
        <hdop>2</hdop>
        <extensions>
          <speed>1.55</speed>
        </extensions>
      </trkpt>
      <trkpt lat="53.992267" lon="26.991142">
        <ele>237</ele>
        <time>2025-06-21T09:06:49Z</time>
        <hdop>2</hdop>
        <extensions>
          <speed>1.71</speed>
        </extensions>
      </trkpt>
      <trkpt lat="53.9921488" lon="26.9911678">
        <ele>240</ele>
        <time>2025-06-21T09:07:00Z</time>
        <hdop>2</hdop>
        <extensions>
          <speed>0.06</speed>
        </extensions>
      </trkpt>
      <trkpt lat="53.9921483" lon="26.991168">
        <ele>240</ele>
        <time>2025-06-21T09:07:10Z</time>
        <hdop>1.5</hdop>
      </trkpt>
      <trkpt lat="53.9921483" lon="26.991168">
        <ele>240</ele>
        <time>2025-06-21T09:07:21Z</time>
        <hdop>1.5</hdop>
      </trkpt>
      <trkpt lat="53.9919159" lon="26.9912033">
        <ele>239</ele>
        <time>2025-06-21T09:07:32Z</time>
        <hdop>2</hdop>
        <extensions>
          <speed>2.97</speed>
        </extensions>
      </trkpt>
      <trkpt lat="53.9915169" lon="26.991188">
        <ele>241</ele>
        <time>2025-06-21T09:07:43Z</time>
        <hdop>2</hdop>
        <extensions>
          <speed>3.1</speed>
        </extensions>
      </trkpt>
      <trkpt lat="53.9911408" lon="26.9911242">
        <ele>242</ele>
        <time>2025-06-21T09:07:53Z</time>
        <hdop>2</hdop>
        <extensions>
          <speed>3.9</speed>
        </extensions>
      </trkpt>
      <trkpt lat="53.9907569" lon="26.9910386">
        <ele>245</ele>
        <time>2025-06-21T09:08:03Z</time>
        <hdop>2</hdop>
        <extensions>
          <speed>4.17</speed>
        </extensions>
      </trkpt>
      <trkpt lat="53.9903842" lon="26.9909146">
        <ele>244</ele>
        <time>2025-06-21T09:08:13Z</time>
        <hdop>2</hdop>
        <extensions>
          <speed>3.77</speed>
        </extensions>
      </trkpt>
      <trkpt lat="53.9899659" lon="26.9907924">
        <ele>241</ele>
        <time>2025-06-21T09:08:23Z</time>
        <hdop>2</hdop>
        <extensions>
          <speed>4.31</speed>
        </extensions>
      </trkpt>
      <trkpt lat="53.9893956" lon="26.9906164">
        <ele>239</ele>
        <time>2025-06-21T09:08:34Z</time>
        <hdop>1.5</hdop>
        <extensions>
          <speed>6.02</speed>
        </extensions>
      </trkpt>
      <trkpt lat="53.9888049" lon="26.9904445">
        <ele>237</ele>
        <time>2025-06-21T09:08:45Z</time>
        <hdop>1.5</hdop>
        <extensions>
          <speed>4.64</speed>
        </extensions>
      </trkpt>
      <trkpt lat="53.9881866" lon="26.9902439">
        <ele>229</ele>
        <time>2025-06-21T09:08:56Z</time>
        <hdop>2</hdop>
        <extensions>
          <speed>6.06</speed>
        </extensions>
      </trkpt>
      <trkpt lat="53.9875661" lon="26.9900932">
        <ele>232</ele>
        <time>2025-06-21T09:09:07Z</time>
        <hdop>2</hdop>
        <extensions>
          <speed>4.39</speed>
        </extensions>
      </trkpt>
      <trkpt lat="53.9870191" lon="26.9899196">
        <ele>229</ele>
        <time>2025-06-21T09:09:18Z</time>
        <hdop>2</hdop>
        <extensions>
          <speed>4.25</speed>
        </extensions>
      </trkpt>
      <trkpt lat="53.9864858" lon="26.9898313">
        <ele>230</ele>
        <time>2025-06-21T09:09:28Z</time>
        <hdop>1.5</hdop>
        <extensions>
          <speed>5.07</speed>
        </extensions>
      </trkpt>
      <trkpt lat="53.9861231" lon="26.9896311">
        <ele>228</ele>
        <time>2025-06-21T09:09:39Z</time>
        <hdop>1</hdop>
        <extensions>
          <speed>1.16</speed>
        </extensions>
      </trkpt>
      <trkpt lat="53.9860908" lon="26.9895363">
        <ele>225</ele>
        <time>2025-06-21T09:09:50Z</time>
        <hdop>1.5</hdop>
      </trkpt>
      <trkpt lat="53.9861164" lon="26.9892264">
        <ele>221</ele>
        <time>2025-06-21T09:10:01Z</time>
        <hdop>1.5</hdop>
        <extensions>
          <speed>4.43</speed>
        </extensions>
      </trkpt>
      <trkpt lat="53.9860877" lon="26.988358">
        <ele>221</ele>
        <time>2025-06-21T09:10:11Z</time>
        <hdop>1.5</hdop>
        <extensions>
          <speed>5.93</speed>
        </extensions>
      </trkpt>
      <trkpt lat="53.9856273" lon="26.9876253">
        <ele>219</ele>
        <time>2025-06-21T09:10:22Z</time>
        <hdop>1</hdop>
        <extensions>
          <speed>7.11</speed>
        </extensions>
      </trkpt>
      <trkpt lat="53.9850432" lon="26.9873523">
        <ele>219</ele>
        <time>2025-06-21T09:10:32Z</time>
        <hdop>2.5</hdop>
        <extensions>
          <speed>6.49</speed>
        </extensions>
      </trkpt>
      <trkpt lat="53.9844176" lon="26.9870713">
        <ele>220</ele>
        <time>2025-06-21T09:10:43Z</time>
        <hdop>1.5</hdop>
        <extensions>
          <speed>5.05</speed>
        </extensions>
      </trkpt>
      <trkpt lat="53.9842311" lon="26.9865915">
        <ele>222</ele>
        <time>2025-06-21T09:10:53Z</time>
        <hdop>1.5</hdop>
        <extensions>
          <speed>4.03</speed>
        </extensions>
      </trkpt>
      <trkpt lat="53.9844552" lon="26.9859492">
        <ele>221</ele>
        <time>2025-06-21T09:11:04Z</time>
        <hdop>1</hdop>
        <extensions>
          <speed>5.15</speed>
        </extensions>
      </trkpt>
      <trkpt lat="53.9847043" lon="26.9852051">
        <ele>221</ele>
        <time>2025-06-21T09:11:15Z</time>
        <hdop>2</hdop>
        <extensions>
          <speed>4.7</speed>
        </extensions>
      </trkpt>
      <trkpt lat="53.9849576" lon="26.9845297">
        <ele>226</ele>
        <time>2025-06-21T09:11:26Z</time>
        <hdop>1.5</hdop>
        <extensions>
          <speed>5.66</speed>
        </extensions>
      </trkpt>
      <trkpt lat="53.9852296" lon="26.9837247">
        <ele>225</ele>
        <time>2025-06-21T09:11:36Z</time>
        <hdop>1</hdop>
        <extensions>
          <speed>4.67</speed>
        </extensions>
      </trkpt>
      <trkpt lat="53.9852153" lon="26.9830317">
        <ele>225</ele>
        <time>2025-06-21T09:11:47Z</time>
        <hdop>1</hdop>
        <extensions>
          <speed>4.39</speed>
        </extensions>
      </trkpt>
      <trkpt lat="53.9852388" lon="26.982369">
        <ele>227</ele>
        <time>2025-06-21T09:11:58Z</time>
        <hdop>2</hdop>
        <extensions>
          <speed>4.19</speed>
        </extensions>
      </trkpt>
      <trkpt lat="53.9852585" lon="26.9817574">
        <ele>229</ele>
        <time>2025-06-21T09:12:08Z</time>
        <hdop>1.5</hdop>
        <extensions>
          <speed>3.96</speed>
        </extensions>
      </trkpt>
      <trkpt lat="53.9852958" lon="26.9810774">
        <ele>233</ele>
        <time>2025-06-21T09:12:19Z</time>
        <hdop>1.5</hdop>
        <extensions>
          <speed>4.12</speed>
        </extensions>
      </trkpt>
      <trkpt lat="53.9853268" lon="26.980438">
        <ele>235</ele>
        <time>2025-06-21T09:12:29Z</time>
        <hdop>1</hdop>
        <extensions>
          <speed>4.36</speed>
        </extensions>
      </trkpt>
      <trkpt lat="53.9853557" lon="26.9797857">
        <ele>235</ele>
        <time>2025-06-21T09:12:39Z</time>
        <hdop>1.5</hdop>
        <extensions>
          <speed>4.5</speed>
        </extensions>
      </trkpt>
      <trkpt lat="53.9854005" lon="26.9790012">
        <ele>238</ele>
        <time>2025-06-21T09:12:50Z</time>
        <hdop>1</hdop>
        <extensions>
          <speed>4.54</speed>
        </extensions>
      </trkpt>
      <trkpt lat="53.9854205" lon="26.978174">
        <ele>238</ele>
        <time>2025-06-21T09:13:01Z</time>
        <hdop>1.5</hdop>
        <extensions>
          <speed>4.65</speed>
        </extensions>
      </trkpt>
      <trkpt lat="53.9853118" lon="26.9776874">
        <ele>236</ele>
        <time>2025-06-21T09:13:11Z</time>
        <hdop>1.5</hdop>
        <extensions>
          <speed>0.97</speed>
        </extensions>
      </trkpt>
      <trkpt lat="53.9851661" lon="26.9775987">
        <ele>232</ele>
        <time>2025-06-21T09:13:21Z</time>
        <hdop>2</hdop>
        <extensions>
          <speed>1.55</speed>
        </extensions>
      </trkpt>
      <trkpt lat="53.9850016" lon="26.9775485">
        <ele>233</ele>
        <time>2025-06-21T09:13:31Z</time>
        <hdop>2.5</hdop>
        <extensions>
          <speed>1.05</speed>
        </extensions>
      </trkpt>
      <trkpt lat="53.9848206" lon="26.9774582">
        <ele>234</ele>
        <time>2025-06-21T09:13:41Z</time>
        <hdop>2</hdop>
        <extensions>
          <speed>2.22</speed>
        </extensions>
      </trkpt>
      <trkpt lat="53.9845479" lon="26.977308">
        <ele>232</ele>
        <time>2025-06-21T09:13:52Z</time>
        <hdop>2</hdop>
        <extensions>
          <speed>2.95</speed>
        </extensions>
      </trkpt>
      <trkpt lat="53.9842261" lon="26.9771078">
        <ele>231</ele>
        <time>2025-06-21T09:14:02Z</time>
        <hdop>1.5</hdop>
        <extensions>
          <speed>3.54</speed>
        </extensions>
      </trkpt>
      <trkpt lat="53.9839581" lon="26.976976">
        <ele>231</ele>
        <time>2025-06-21T09:14:12Z</time>
        <hdop>1.5</hdop>
        <extensions>
          <speed>1.93</speed>
        </extensions>
      </trkpt>
      <trkpt lat="53.9835603" lon="26.976793">
        <ele>233</ele>
        <time>2025-06-21T09:14:23Z</time>
        <hdop>1.5</hdop>
        <extensions>
          <speed>4.14</speed>
        </extensions>
      </trkpt>
      <trkpt lat="53.982951" lon="26.9765232">
        <ele>228</ele>
        <time>2025-06-21T09:14:34Z</time>
        <hdop>2</hdop>
        <extensions>
          <speed>4.61</speed>
        </extensions>
      </trkpt>
      <trkpt lat="53.9825479" lon="26.9761919">
        <ele>231</ele>
        <time>2025-06-21T09:14:44Z</time>
        <hdop>2</hdop>
        <extensions>
          <speed>2.84</speed>
        </extensions>
      </trkpt>
      <trkpt lat="53.9820839" lon="26.9760624">
        <ele>226</ele>
        <time>2025-06-21T09:14:55Z</time>
        <hdop>2.5</hdop>
        <extensions>
          <speed>6.39</speed>
        </extensions>
      </trkpt>
      <trkpt lat="53.9816112" lon="26.9755001">
        <ele>219</ele>
        <time>2025-06-21T09:15:06Z</time>
        <hdop>1</hdop>
        <extensions>
          <speed>2.75</speed>
        </extensions>
      </trkpt>
      <trkpt lat="53.9815192" lon="26.9751685">
        <ele>217</ele>
        <time>2025-06-21T09:15:17Z</time>
        <hdop>1.5</hdop>
        <extensions>
          <speed>1.63</speed>
        </extensions>
      </trkpt>
      <trkpt lat="53.9815136" lon="26.9751529">
        <ele>217</ele>
        <time>2025-06-21T09:15:28Z</time>
        <hdop>1.5</hdop>
      </trkpt>
      <trkpt lat="53.9815076" lon="26.9750964">
        <ele>217</ele>
        <time>2025-06-21T09:15:39Z</time>
        <hdop>1</hdop>
        <extensions>
          <speed>0.21</speed>
        </extensions>
      </trkpt>
      <trkpt lat="53.9815079" lon="26.9750956">
        <ele>217</ele>
        <time>2025-06-21T09:15:49Z</time>
        <hdop>1</hdop>
      </trkpt>
      <trkpt lat="53.9814828" lon="26.9750598">
        <ele>217</ele>
        <time>2025-06-21T09:15:59Z</time>
        <hdop>1.5</hdop>
        <extensions>
          <speed>1.46</speed>
        </extensions>
      </trkpt>
      <trkpt lat="53.9812973" lon="26.9747656">
        <ele>217</ele>
        <time>2025-06-21T09:16:10Z</time>
        <hdop>1</hdop>
        <extensions>
          <speed>2.41</speed>
        </extensions>
      </trkpt>
      <trkpt lat="53.9812416" lon="26.9743424">
        <ele>217</ele>
        <time>2025-06-21T09:16:20Z</time>
        <hdop>1.5</hdop>
        <extensions>
          <speed>3.47</speed>
        </extensions>
      </trkpt>
      <trkpt lat="53.9811634" lon="26.9738536">
        <ele>216</ele>
        <time>2025-06-21T09:16:30Z</time>
        <hdop>1.5</hdop>
        <extensions>
          <speed>3.26</speed>
        </extensions>
      </trkpt>
      <trkpt lat="53.9810391" lon="26.9734147">
        <ele>218</ele>
        <time>2025-06-21T09:16:40Z</time>
        <hdop>2</hdop>
        <extensions>
          <speed>2.91</speed>
        </extensions>
      </trkpt>
      <trkpt lat="53.9807931" lon="26.972917">
        <ele>218</ele>
        <time>2025-06-21T09:16:51Z</time>
        <hdop>1.5</hdop>
        <extensions>
          <speed>4.24</speed>
        </extensions>
      </trkpt>
      <trkpt lat="53.9805675" lon="26.9724851">
        <ele>218</ele>
        <time>2025-06-21T09:17:01Z</time>
        <hdop>2</hdop>
        <extensions>
          <speed>3.72</speed>
        </extensions>
      </trkpt>
      <trkpt lat="53.9805307" lon="26.9719073">
        <ele>218</ele>
        <time>2025-06-21T09:17:11Z</time>
        <hdop>2</hdop>
        <extensions>
          <speed>3.49</speed>
        </extensions>
      </trkpt>
      <trkpt lat="53.9805997" lon="26.9712907">
        <ele>218</ele>
        <time>2025-06-21T09:17:22Z</time>
        <hdop>1.5</hdop>
        <extensions>
          <speed>3.5</speed>
        </extensions>
      </trkpt>
      <trkpt lat="53.9807174" lon="26.9707792">
        <ele>218</ele>
        <time>2025-06-21T09:17:33Z</time>
        <hdop>2</hdop>
        <extensions>
          <speed>3.35</speed>
        </extensions>
      </trkpt>
      <trkpt lat="53.9807313" lon="26.9701948">
        <ele>217</ele>
        <time>2025-06-21T09:17:44Z</time>
        <hdop>1.5</hdop>
        <extensions>
          <speed>3.32</speed>
        </extensions>
      </trkpt>
      <trkpt lat="53.9809068" lon="26.9696149">
        <ele>217</ele>
        <time>2025-06-21T09:17:54Z</time>
        <hdop>1.5</hdop>
        <extensions>
          <speed>3.79</speed>
        </extensions>
      </trkpt>
      <trkpt lat="53.9811675" lon="26.9691708">
        <ele>215</ele>
        <time>2025-06-21T09:18:05Z</time>
        <hdop>2</hdop>
        <extensions>
          <speed>2.8</speed>
        </extensions>
      </trkpt>
      <trkpt lat="53.9813079" lon="26.9688541">
        <ele>215</ele>
        <time>2025-06-21T09:18:16Z</time>
        <hdop>2</hdop>
        <extensions>
          <speed>1.65</speed>
        </extensions>
      </trkpt>
      <trkpt lat="53.9813734" lon="26.9687316">
        <ele>217</ele>
        <time>2025-06-21T09:18:27Z</time>
        <hdop>2</hdop>
      </trkpt>
      <trkpt lat="53.9814763" lon="26.968694">
        <ele>217</ele>
        <time>2025-06-21T09:18:38Z</time>
        <hdop>1.5</hdop>
        <extensions>
          <speed>0.73</speed>
        </extensions>
      </trkpt>
      <trkpt lat="53.9815042" lon="26.9686241">
        <ele>217</ele>
        <time>2025-06-21T09:18:49Z</time>
        <hdop>2</hdop>
        <extensions>
          <speed>0.88</speed>
        </extensions>
      </trkpt>
      <trkpt lat="53.9816173" lon="26.9683713">
        <ele>220</ele>
        <time>2025-06-21T09:19:00Z</time>
        <hdop>2.5</hdop>
        <extensions>
          <speed>1.71</speed>
        </extensions>
      </trkpt>
      <trkpt lat="53.9817014" lon="26.9680447">
        <ele>208</ele>
        <time>2025-06-21T09:19:11Z</time>
        <hdop>2</hdop>
        <extensions>
          <speed>3.66</speed>
        </extensions>
      </trkpt>
      <trkpt lat="53.9817201" lon="26.9675672">
        <ele>217</ele>
        <time>2025-06-21T09:19:21Z</time>
        <hdop>2.5</hdop>
        <extensions>
          <speed>1.79</speed>
        </extensions>
      </trkpt>
      <trkpt lat="53.981714" lon="26.9671039">
        <ele>217</ele>
        <time>2025-06-21T09:19:32Z</time>
        <hdop>2.5</hdop>
        <extensions>
          <speed>1.81</speed>
        </extensions>
      </trkpt>
      <trkpt lat="53.9817179" lon="26.9668786">
        <ele>220</ele>
        <time>2025-06-21T09:19:43Z</time>
        <hdop>2</hdop>
      </trkpt>
      <trkpt lat="53.9817327" lon="26.9668297">
        <ele>220</ele>
        <time>2025-06-21T09:19:53Z</time>
        <hdop>2</hdop>
        <extensions>
          <speed>0.87</speed>
        </extensions>
      </trkpt>
      <trkpt lat="53.9817927" lon="26.9666867">
        <ele>217</ele>
        <time>2025-06-21T09:20:04Z</time>
        <hdop>2</hdop>
        <extensions>
          <speed>1.7</speed>
        </extensions>
      </trkpt>
      <trkpt lat="53.9818559" lon="26.9661711">
        <ele>212</ele>
        <time>2025-06-21T09:20:15Z</time>
        <hdop>2.5</hdop>
        <extensions>
          <speed>2.21</speed>
        </extensions>
      </trkpt>
      <trkpt lat="53.9820583" lon="26.9657448">
        <ele>213</ele>
        <time>2025-06-21T09:20:26Z</time>
        <hdop>2</hdop>
        <extensions>
          <speed>2.35</speed>
        </extensions>
      </trkpt>
      <trkpt lat="53.9821437" lon="26.9653635">
        <ele>215</ele>
        <time>2025-06-21T09:20:37Z</time>
        <hdop>2</hdop>
        <extensions>
          <speed>1.54</speed>
        </extensions>
      </trkpt>
      <trkpt lat="53.9819818" lon="26.964936">
        <ele>215</ele>
        <time>2025-06-21T09:20:47Z</time>
        <hdop>1.5</hdop>
        <extensions>
          <speed>3.07</speed>
        </extensions>
      </trkpt>
      <trkpt lat="53.9817503" lon="26.964439">
        <ele>214</ele>
        <time>2025-06-21T09:20:57Z</time>
        <hdop>1</hdop>
        <extensions>
          <speed>3.66</speed>
        </extensions>
      </trkpt>
      <trkpt lat="53.9817943" lon="26.9640295">
        <ele>215</ele>
        <time>2025-06-21T09:21:07Z</time>
        <hdop>1.5</hdop>
        <extensions>
          <speed>2.69</speed>
        </extensions>
      </trkpt>
      <trkpt lat="53.9820472" lon="26.9637846">
        <ele>215</ele>
        <time>2025-06-21T09:21:17Z</time>
        <hdop>1.5</hdop>
        <extensions>
          <speed>2.75</speed>
        </extensions>
      </trkpt>
      <trkpt lat="53.9821698" lon="26.963348">
        <ele>215</ele>
        <time>2025-06-21T09:21:27Z</time>
        <hdop>2</hdop>
        <extensions>
          <speed>2.45</speed>
        </extensions>
      </trkpt>
      <trkpt lat="53.9824414" lon="26.9632528">
        <ele>215</ele>
        <time>2025-06-21T09:21:38Z</time>
        <hdop>2.5</hdop>
        <extensions>
          <speed>2.48</speed>
        </extensions>
      </trkpt>
      <trkpt lat="53.982678" lon="26.9629076">
        <ele>215</ele>
        <time>2025-06-21T09:21:48Z</time>
        <hdop>2</hdop>
        <extensions>
          <speed>3.32</speed>
        </extensions>
      </trkpt>
      <trkpt lat="53.9829383" lon="26.9624269">
        <ele>215</ele>
        <time>2025-06-21T09:21:58Z</time>
        <hdop>1.5</hdop>
        <extensions>
          <speed>5.33</speed>
        </extensions>
      </trkpt>
      <trkpt lat="53.9830565" lon="26.9619632">
        <ele>215</ele>
        <time>2025-06-21T09:22:08Z</time>
        <hdop>1.5</hdop>
        <extensions>
          <speed>2.22</speed>
        </extensions>
      </trkpt>
      <trkpt lat="53.9833263" lon="26.9620631">
        <ele>218</ele>
        <time>2025-06-21T09:22:19Z</time>
        <hdop>2</hdop>
        <extensions>
          <speed>3.06</speed>
        </extensions>
      </trkpt>
      <trkpt lat="53.983547" lon="26.9622641">
        <ele>216</ele>
        <time>2025-06-21T09:22:30Z</time>
        <hdop>2.5</hdop>
        <extensions>
          <speed>1.36</speed>
        </extensions>
      </trkpt>
      <trkpt lat="53.9838141" lon="26.9620794">
        <ele>214</ele>
        <time>2025-06-21T09:22:41Z</time>
        <hdop>2</hdop>
        <extensions>
          <speed>1.27</speed>
        </extensions>
      </trkpt>
      <trkpt lat="53.9839521" lon="26.961783">
        <ele>214</ele>
        <time>2025-06-21T09:22:52Z</time>
        <hdop>1.5</hdop>
        <extensions>
          <speed>1.83</speed>
        </extensions>
      </trkpt>
      <trkpt lat="53.9840527" lon="26.9615519">
        <ele>215</ele>
        <time>2025-06-21T09:23:02Z</time>
        <hdop>1.5</hdop>
        <extensions>
          <speed>2.6</speed>
        </extensions>
      </trkpt>
      <trkpt lat="53.9841152" lon="26.9610473">
        <ele>214</ele>
        <time>2025-06-21T09:23:13Z</time>
        <hdop>2.5</hdop>
        <extensions>
          <speed>2.23</speed>
        </extensions>
      </trkpt>
      <trkpt lat="53.9840752" lon="26.9608474">
        <ele>217</ele>
        <time>2025-06-21T09:23:24Z</time>
        <hdop>1.5</hdop>
        <extensions>
          <speed>1.88</speed>
        </extensions>
      </trkpt>
      <trkpt lat="53.983923" lon="26.9605701">
        <ele>215</ele>
        <time>2025-06-21T09:23:35Z</time>
        <hdop>2</hdop>
        <extensions>
          <speed>0.41</speed>
        </extensions>
      </trkpt>
      <trkpt lat="53.9839019" lon="26.960395">
        <ele>214</ele>
        <time>2025-06-21T09:23:46Z</time>
        <hdop>2</hdop>
        <extensions>
          <speed>1.69</speed>
        </extensions>
      </trkpt>
      <trkpt lat="53.9837286" lon="26.9599371">
        <ele>207</ele>
        <time>2025-06-21T09:23:57Z</time>
        <hdop>2.5</hdop>
        <extensions>
          <speed>1.43</speed>
        </extensions>
      </trkpt>
      <trkpt lat="53.9836038" lon="26.9595721">
        <ele>211</ele>
        <time>2025-06-21T09:24:07Z</time>
        <hdop>1.5</hdop>
        <extensions>
          <speed>2.67</speed>
        </extensions>
      </trkpt>
      <trkpt lat="53.9836648" lon="26.9593441">
        <ele>215</ele>
        <time>2025-06-21T09:24:18Z</time>
        <hdop>1.5</hdop>
        <extensions>
          <speed>1.8</speed>
        </extensions>
      </trkpt>
      <trkpt lat="53.9838759" lon="26.9592216">
        <ele>214</ele>
        <time>2025-06-21T09:24:28Z</time>
        <hdop>1.5</hdop>
        <extensions>
          <speed>3.01</speed>
        </extensions>
      </trkpt>
      <trkpt lat="53.9840311" lon="26.958893">
        <ele>215</ele>
        <time>2025-06-21T09:24:39Z</time>
        <hdop>2</hdop>
        <extensions>
          <speed>1.64</speed>
        </extensions>
      </trkpt>
      <trkpt lat="53.9840408" lon="26.9587132">
        <ele>213</ele>
        <time>2025-06-21T09:24:50Z</time>
        <hdop>2.5</hdop>
      </trkpt>
      <trkpt lat="53.9840379" lon="26.9588321">
        <ele>214</ele>
        <time>2025-06-21T09:25:00Z</time>
        <hdop>2</hdop>
        <extensions>
          <speed>1.2</speed>
        </extensions>
      </trkpt>
      <trkpt lat="53.984075" lon="26.9589643">
        <ele>216</ele>
        <time>2025-06-21T09:25:11Z</time>
        <hdop>1.5</hdop>
        <extensions>
          <speed>0.21</speed>
        </extensions>
      </trkpt>
      <trkpt lat="53.9840769" lon="26.9589525">
        <ele>216</ele>
        <time>2025-06-21T09:25:22Z</time>
        <hdop>2</hdop>
      </trkpt>
      <trkpt lat="53.9840769" lon="26.9589525">
        <ele>216</ele>
        <time>2025-06-21T09:25:33Z</time>
        <hdop>2</hdop>
      </trkpt>
      <trkpt lat="53.9841188" lon="26.9589157">
        <ele>217</ele>
        <time>2025-06-21T09:25:44Z</time>
        <hdop>1.5</hdop>
        <extensions>
          <speed>0.26</speed>
        </extensions>
      </trkpt>
      <trkpt lat="53.9841697" lon="26.958869">
        <ele>218</ele>
        <time>2025-06-21T09:25:54Z</time>
        <hdop>1.5</hdop>
      </trkpt>
      <trkpt lat="53.9841974" lon="26.9588966">
        <ele>218</ele>
        <time>2025-06-21T09:26:05Z</time>
        <hdop>1.5</hdop>
      </trkpt>
      <trkpt lat="53.9841976" lon="26.9588968">
        <ele>218</ele>
        <time>2025-06-21T09:26:16Z</time>
        <hdop>1.5</hdop>
      </trkpt>
      <trkpt lat="53.9842315" lon="26.9588418">
        <ele>217</ele>
        <time>2025-06-21T09:26:27Z</time>
        <hdop>2</hdop>
        <extensions>
          <speed>0.53</speed>
        </extensions>
      </trkpt>
      <trkpt lat="53.9842335" lon="26.9587422">
        <ele>216</ele>
        <time>2025-06-21T09:26:38Z</time>
        <hdop>2</hdop>
        <extensions>
          <speed>0.3</speed>
        </extensions>
      </trkpt>
      <trkpt lat="53.9842003" lon="26.9587207">
        <ele>211</ele>
        <time>2025-06-21T09:26:49Z</time>
        <hdop>2.5</hdop>
      </trkpt>
      <trkpt lat="53.9842003" lon="26.9587207">
        <ele>211</ele>
        <time>2025-06-21T09:27:00Z</time>
        <hdop>2</hdop>
      </trkpt>
      <trkpt lat="53.9842026" lon="26.9586781">
        <ele>215</ele>
        <time>2025-06-21T09:27:10Z</time>
        <hdop>1.5</hdop>
      </trkpt>
      <trkpt lat="53.9841976" lon="26.9585863">
        <ele>213</ele>
        <time>2025-06-21T09:27:20Z</time>
        <hdop>2</hdop>
        <extensions>
          <speed>1.03</speed>
        </extensions>
      </trkpt>
      <trkpt lat="53.9840802" lon="26.9583834">
        <ele>214</ele>
        <time>2025-06-21T09:27:30Z</time>
        <hdop>2</hdop>
        <extensions>
          <speed>1.55</speed>
        </extensions>
      </trkpt>
      <trkpt lat="53.983968" lon="26.9578832">
        <ele>214</ele>
        <time>2025-06-21T09:27:41Z</time>
        <hdop>1.5</hdop>
        <extensions>
          <speed>2.97</speed>
        </extensions>
      </trkpt>
      <trkpt lat="53.9837551" lon="26.9575542">
        <ele>214</ele>
        <time>2025-06-21T09:27:51Z</time>
        <hdop>1.5</hdop>
        <extensions>
          <speed>2.67</speed>
        </extensions>
      </trkpt>
      <trkpt lat="53.9836769" lon="26.9571911">
        <ele>214</ele>
        <time>2025-06-21T09:28:01Z</time>
        <hdop>1.5</hdop>
        <extensions>
          <speed>2.76</speed>
        </extensions>
      </trkpt>
      <trkpt lat="53.9836895" lon="26.9567265">
        <ele>215</ele>
        <time>2025-06-21T09:28:12Z</time>
        <hdop>2</hdop>
        <extensions>
          <speed>2.73</speed>
        </extensions>
      </trkpt>
      <trkpt lat="53.9838806" lon="26.9563352">
        <ele>214</ele>
        <time>2025-06-21T09:28:23Z</time>
        <hdop>2.5</hdop>
        <extensions>
          <speed>3.26</speed>
        </extensions>
      </trkpt>
      <trkpt lat="53.9837603" lon="26.9559342">
        <ele>214</ele>
        <time>2025-06-21T09:28:33Z</time>
        <hdop>1.5</hdop>
        <extensions>
          <speed>3.41</speed>
        </extensions>
      </trkpt>
      <trkpt lat="53.9834394" lon="26.9556927">
        <ele>215</ele>
        <time>2025-06-21T09:28:44Z</time>
        <hdop>1.5</hdop>
        <extensions>
          <speed>3.19</speed>
        </extensions>
      </trkpt>
      <trkpt lat="53.9832261" lon="26.9554678">
        <ele>214</ele>
        <time>2025-06-21T09:28:54Z</time>
        <hdop>2</hdop>
        <extensions>
          <speed>2.85</speed>
        </extensions>
      </trkpt>
      <trkpt lat="53.9833782" lon="26.9551032">
        <ele>215</ele>
        <time>2025-06-21T09:29:05Z</time>
        <hdop>2.5</hdop>
        <extensions>
          <speed>1.57</speed>
        </extensions>
      </trkpt>
      <trkpt lat="53.9835648" lon="26.9547071">
        <ele>213</ele>
        <time>2025-06-21T09:29:16Z</time>
        <hdop>2</hdop>
        <extensions>
          <speed>3.05</speed>
        </extensions>
      </trkpt>
      <trkpt lat="53.9837876" lon="26.9541879">
        <ele>213</ele>
        <time>2025-06-21T09:29:27Z</time>
        <hdop>2</hdop>
        <extensions>
          <speed>4.02</speed>
        </extensions>
      </trkpt>
      <trkpt lat="53.9837597" lon="26.9534834">
        <ele>212</ele>
        <time>2025-06-21T09:29:38Z</time>
        <hdop>1.5</hdop>
        <extensions>
          <speed>4.22</speed>
        </extensions>
      </trkpt>
      <trkpt lat="53.9837796" lon="26.953069">
        <ele>211</ele>
        <time>2025-06-21T09:29:49Z</time>
        <hdop>2</hdop>
        <extensions>
          <speed>1.24</speed>
        </extensions>
      </trkpt>
      <trkpt lat="53.9838139" lon="26.9526619">
        <ele>213</ele>
        <time>2025-06-21T09:29:59Z</time>
        <hdop>2</hdop>
        <extensions>
          <speed>2.4</speed>
        </extensions>
      </trkpt>
      <trkpt lat="53.983848" lon="26.9522562">
        <ele>214</ele>
        <time>2025-06-21T09:30:10Z</time>
        <hdop>2</hdop>
        <extensions>
          <speed>2.25</speed>
        </extensions>
      </trkpt>
      <trkpt lat="53.9838045" lon="26.9518691">
        <ele>214</ele>
        <time>2025-06-21T09:30:21Z</time>
        <hdop>2</hdop>
        <extensions>
          <speed>2.43</speed>
        </extensions>
      </trkpt>
      <trkpt lat="53.9837814" lon="26.9515197">
        <ele>215</ele>
        <time>2025-06-21T09:30:32Z</time>
        <hdop>2</hdop>
        <extensions>
          <speed>1.64</speed>
        </extensions>
      </trkpt>
      <trkpt lat="53.9837275" lon="26.9512983">
        <ele>215</ele>
        <time>2025-06-21T09:30:42Z</time>
        <hdop>2</hdop>
        <extensions>
          <speed>2.24</speed>
        </extensions>
      </trkpt>
      <trkpt lat="53.9837514" lon="26.9510059">
        <ele>215</ele>
        <time>2025-06-21T09:30:53Z</time>
        <hdop>1.5</hdop>
        <extensions>
          <speed>1.67</speed>
        </extensions>
      </trkpt>
      <trkpt lat="53.9837249" lon="26.9507337">
        <ele>214</ele>
        <time>2025-06-21T09:31:04Z</time>
        <hdop>1.5</hdop>
        <extensions>
          <speed>2.14</speed>
        </extensions>
      </trkpt>
      <trkpt lat="53.983705" lon="26.9504059">
        <ele>215</ele>
        <time>2025-06-21T09:31:14Z</time>
        <hdop>1.5</hdop>
        <extensions>
          <speed>2.41</speed>
        </extensions>
      </trkpt>
      <trkpt lat="53.9836849" lon="26.9499302">
        <ele>215</ele>
        <time>2025-06-21T09:31:25Z</time>
        <hdop>1.5</hdop>
        <extensions>
          <speed>2.61</speed>
        </extensions>
      </trkpt>
      <trkpt lat="53.9836626" lon="26.9494886">
        <ele>213</ele>
        <time>2025-06-21T09:31:36Z</time>
        <hdop>1.5</hdop>
        <extensions>
          <speed>2.34</speed>
        </extensions>
      </trkpt>
      <trkpt lat="53.9836074" lon="26.9490915">
        <ele>211</ele>
        <time>2025-06-21T09:31:46Z</time>
        <hdop>2</hdop>
        <extensions>
          <speed>2.27</speed>
        </extensions>
      </trkpt>
      <trkpt lat="53.9835086" lon="26.9486611">
        <ele>212</ele>
        <time>2025-06-21T09:31:57Z</time>
        <hdop>1.5</hdop>
        <extensions>
          <speed>2.59</speed>
        </extensions>
      </trkpt>
      <trkpt lat="53.9834101" lon="26.9482716">
        <ele>213</ele>
        <time>2025-06-21T09:32:07Z</time>
        <hdop>2</hdop>
        <extensions>
          <speed>2</speed>
        </extensions>
      </trkpt>
      <trkpt lat="53.9833162" lon="26.9479048">
        <ele>211</ele>
        <time>2025-06-21T09:32:18Z</time>
        <hdop>2</hdop>
        <extensions>
          <speed>2.25</speed>
        </extensions>
      </trkpt>
      <trkpt lat="53.9832356" lon="26.9474927">
        <ele>210</ele>
        <time>2025-06-21T09:32:28Z</time>
        <hdop>1.5</hdop>
        <extensions>
          <speed>2.06</speed>
        </extensions>
      </trkpt>
      <trkpt lat="53.9829399" lon="26.9471558">
        <ele>210</ele>
        <time>2025-06-21T09:32:39Z</time>
        <hdop>2</hdop>
        <extensions>
          <speed>2.78</speed>
        </extensions>
      </trkpt>
      <trkpt lat="53.9826849" lon="26.9468797">
        <ele>212</ele>
        <time>2025-06-21T09:32:49Z</time>
        <hdop>2</hdop>
        <extensions>
          <speed>2.56</speed>
        </extensions>
      </trkpt>
      <trkpt lat="53.982536" lon="26.9465348">
        <ele>212</ele>
        <time>2025-06-21T09:32:59Z</time>
        <hdop>2</hdop>
        <extensions>
          <speed>2.69</speed>
        </extensions>
      </trkpt>
      <trkpt lat="53.9824055" lon="26.9460354">
        <ele>213</ele>
        <time>2025-06-21T09:33:10Z</time>
        <hdop>1.5</hdop>
        <extensions>
          <speed>2.55</speed>
        </extensions>
      </trkpt>
      <trkpt lat="53.9821919" lon="26.9457848">
        <ele>213</ele>
        <time>2025-06-21T09:33:21Z</time>
        <hdop>1.5</hdop>
        <extensions>
          <speed>2.8</speed>
        </extensions>
      </trkpt>
      <trkpt lat="53.9819403" lon="26.9457287">
        <ele>213</ele>
        <time>2025-06-21T09:33:32Z</time>
        <hdop>2</hdop>
        <extensions>
          <speed>1.64</speed>
        </extensions>
      </trkpt>
      <trkpt lat="53.981697" lon="26.9454869">
        <ele>213</ele>
        <time>2025-06-21T09:33:42Z</time>
        <hdop>2</hdop>
        <extensions>
          <speed>2.82</speed>
        </extensions>
      </trkpt>
      <trkpt lat="53.9815027" lon="26.9452404">
        <ele>213</ele>
        <time>2025-06-21T09:33:52Z</time>
        <hdop>2</hdop>
        <extensions>
          <speed>2.53</speed>
        </extensions>
      </trkpt>
      <trkpt lat="53.9811989" lon="26.9449792">
        <ele>214</ele>
        <time>2025-06-21T09:34:03Z</time>
        <hdop>2</hdop>
        <extensions>
          <speed>2.93</speed>
        </extensions>
      </trkpt>
      <trkpt lat="53.9810484" lon="26.9444088">
        <ele>215</ele>
        <time>2025-06-21T09:34:14Z</time>
        <hdop>1.5</hdop>
        <extensions>
          <speed>2.74</speed>
        </extensions>
      </trkpt>
      <trkpt lat="53.9808164" lon="26.9443181">
        <ele>218</ele>
        <time>2025-06-21T09:34:25Z</time>
        <hdop>1.5</hdop>
        <extensions>
          <speed>0.9</speed>
        </extensions>
      </trkpt>
      <trkpt lat="53.9808171" lon="26.9443351">
        <ele>218</ele>
        <time>2025-06-21T09:34:35Z</time>
        <hdop>1.5</hdop>
        <extensions>
          <speed>0.11</speed>
        </extensions>
      </trkpt>
      <trkpt lat="53.9808556" lon="26.9443488">
        <ele>217</ele>
        <time>2025-06-21T09:34:45Z</time>
        <hdop>1.5</hdop>
      </trkpt>
      <trkpt lat="53.9808221" lon="26.9443492">
        <ele>218</ele>
        <time>2025-06-21T09:34:56Z</time>
        <hdop>1.5</hdop>
      </trkpt>
      <trkpt lat="53.9807076" lon="26.9442906">
        <ele>219</ele>
        <time>2025-06-21T09:35:06Z</time>
        <hdop>1.5</hdop>
        <extensions>
          <speed>1.35</speed>
        </extensions>
      </trkpt>
      <trkpt lat="53.9805627" lon="26.9441867">
        <ele>213</ele>
        <time>2025-06-21T09:35:16Z</time>
        <hdop>2</hdop>
      </trkpt>
      <trkpt lat="53.9803209" lon="26.943966">
        <ele>205</ele>
        <time>2025-06-21T09:35:26Z</time>
        <hdop>2</hdop>
        <extensions>
          <speed>1.91</speed>
        </extensions>
      </trkpt>
      <trkpt lat="53.9799392" lon="26.9437414">
        <ele>211</ele>
        <time>2025-06-21T09:35:37Z</time>
        <hdop>2</hdop>
        <extensions>
          <speed>2.87</speed>
        </extensions>
      </trkpt>
      <trkpt lat="53.9796558" lon="26.943538">
        <ele>209</ele>
        <time>2025-06-21T09:35:48Z</time>
        <hdop>2</hdop>
        <extensions>
          <speed>1.64</speed>
        </extensions>
      </trkpt>
      <trkpt lat="53.9793347" lon="26.9433268">
        <ele>211</ele>
        <time>2025-06-21T09:35:59Z</time>
        <hdop>1.5</hdop>
        <extensions>
          <speed>2.76</speed>
        </extensions>
      </trkpt>
      <trkpt lat="53.9790149" lon="26.9431357">
        <ele>211</ele>
        <time>2025-06-21T09:36:09Z</time>
        <hdop>1.5</hdop>
        <extensions>
          <speed>2.48</speed>
        </extensions>
      </trkpt>
      <trkpt lat="53.978855" lon="26.942844">
        <ele>212</ele>
        <time>2025-06-21T09:36:19Z</time>
        <hdop>1.5</hdop>
        <extensions>
          <speed>2.2</speed>
        </extensions>
      </trkpt>
      <trkpt lat="53.9789839" lon="26.9425285">
        <ele>214</ele>
        <time>2025-06-21T09:36:30Z</time>
        <hdop>2</hdop>
        <extensions>
          <speed>1.36</speed>
        </extensions>
      </trkpt>
      <trkpt lat="53.9789797" lon="26.9425301">
        <ele>214</ele>
        <time>2025-06-21T09:36:41Z</time>
        <hdop>2</hdop>
      </trkpt>
      <trkpt lat="53.9789797" lon="26.9425301">
        <ele>214</ele>
        <time>2025-06-21T09:36:52Z</time>
        <hdop>1.5</hdop>
      </trkpt>
      <trkpt lat="53.9789797" lon="26.9425301">
        <ele>214</ele>
        <time>2025-06-21T09:37:02Z</time>
        <hdop>1.5</hdop>
      </trkpt>
      <trkpt lat="53.9789797" lon="26.9425301">
        <ele>214</ele>
        <time>2025-06-21T09:37:12Z</time>
        <hdop>1</hdop>
      </trkpt>
      <trkpt lat="53.9789773" lon="26.9425244">
        <ele>214</ele>
        <time>2025-06-21T09:37:22Z</time>
        <hdop>1.5</hdop>
        <extensions>
          <speed>0.38</speed>
        </extensions>
      </trkpt>
      <trkpt lat="53.9789681" lon="26.942506">
        <ele>217</ele>
        <time>2025-06-21T09:37:32Z</time>
        <hdop>1.5</hdop>
      </trkpt>
      <trkpt lat="53.9789681" lon="26.942506">
        <ele>217</ele>
        <time>2025-06-21T09:37:43Z</time>
        <hdop>1.5</hdop>
      </trkpt>
      <trkpt lat="53.978963" lon="26.9425057">
        <ele>221</ele>
        <time>2025-06-21T09:37:54Z</time>
        <hdop>1.5</hdop>
        <extensions>
          <speed>0.01</speed>
        </extensions>
      </trkpt>
      <trkpt lat="53.9789575" lon="26.9424832">
        <ele>218</ele>
        <time>2025-06-21T09:38:04Z</time>
        <hdop>1.5</hdop>
      </trkpt>
      <trkpt lat="53.9789461" lon="26.9423692">
        <ele>218</ele>
        <time>2025-06-21T09:38:14Z</time>
        <hdop>1.5</hdop>
        <extensions>
          <speed>1.67</speed>
        </extensions>
      </trkpt>
      <trkpt lat="53.978959" lon="26.9419576">
        <ele>214</ele>
        <time>2025-06-21T09:38:25Z</time>
        <hdop>2</hdop>
        <extensions>
          <speed>2.23</speed>
        </extensions>
      </trkpt>
      <trkpt lat="53.9791074" lon="26.9415505">
        <ele>205</ele>
        <time>2025-06-21T09:38:35Z</time>
        <hdop>2</hdop>
        <extensions>
          <speed>4.2</speed>
        </extensions>
      </trkpt>
      <trkpt lat="53.9791797" lon="26.940808">
        <ele>208</ele>
        <time>2025-06-21T09:38:46Z</time>
        <hdop>2</hdop>
        <extensions>
          <speed>2.84</speed>
        </extensions>
      </trkpt>
      <trkpt lat="53.9792627" lon="26.9403036">
        <ele>211</ele>
        <time>2025-06-21T09:38:56Z</time>
        <hdop>1.5</hdop>
        <extensions>
          <speed>3.47</speed>
        </extensions>
      </trkpt>
      <trkpt lat="53.9794318" lon="26.9397224">
        <ele>213</ele>
        <time>2025-06-21T09:39:07Z</time>
        <hdop>2</hdop>
        <extensions>
          <speed>2.23</speed>
        </extensions>
      </trkpt>
      <trkpt lat="53.9797677" lon="26.9397321">
        <ele>213</ele>
        <time>2025-06-21T09:39:18Z</time>
        <hdop>2</hdop>
        <extensions>
          <speed>2.85</speed>
        </extensions>
      </trkpt>
      <trkpt lat="53.9800538" lon="26.9398018">
        <ele>213</ele>
        <time>2025-06-21T09:39:30Z</time>
        <hdop>2</hdop>
        <extensions>
          <speed>1.83</speed>
        </extensions>
      </trkpt>
      <trkpt lat="53.9802261" lon="26.9397981">
        <ele>215</ele>
        <time>2025-06-21T09:39:41Z</time>
        <hdop>2</hdop>
        <extensions>
          <speed>0.73</speed>
        </extensions>
      </trkpt>
      <trkpt lat="53.9802432" lon="26.9397946">
        <ele>217</ele>
        <time>2025-06-21T09:39:51Z</time>
        <hdop>1.5</hdop>
      </trkpt>
      <trkpt lat="53.9802875" lon="26.9398038">
        <ele>219</ele>
        <time>2025-06-21T09:40:01Z</time>
        <hdop>1.5</hdop>
      </trkpt>
      <trkpt lat="53.9803108" lon="26.9397846">
        <ele>223</ele>
        <time>2025-06-21T09:40:12Z</time>
        <hdop>1.5</hdop>
      </trkpt>
      <trkpt lat="53.9803071" lon="26.9397896">
        <ele>221</ele>
        <time>2025-06-21T09:40:22Z</time>
        <hdop>2</hdop>
      </trkpt>
      <trkpt lat="53.9803234" lon="26.9397797">
        <ele>222</ele>
        <time>2025-06-21T09:40:33Z</time>
        <hdop>3</hdop>
      </trkpt>
      <trkpt lat="53.9803737" lon="26.9397935">
        <ele>219</ele>
        <time>2025-06-21T09:40:44Z</time>
        <hdop>3</hdop>
        <extensions>
          <speed>0.18</speed>
        </extensions>
      </trkpt>
      <trkpt lat="53.9803581" lon="26.9397863">
        <ele>221</ele>
        <time>2025-06-21T09:40:55Z</time>
        <hdop>2</hdop>
      </trkpt>
      <trkpt lat="53.9803581" lon="26.9397863">
        <ele>221</ele>
        <time>2025-06-21T09:41:05Z</time>
        <hdop>2</hdop>
      </trkpt>
      <trkpt lat="53.9803581" lon="26.9397863">
        <ele>221</ele>
        <time>2025-06-21T09:41:15Z</time>
        <hdop>2</hdop>
      </trkpt>
      <trkpt lat="53.9803581" lon="26.9397863">
        <ele>221</ele>
        <time>2025-06-21T09:41:25Z</time>
        <hdop>2</hdop>
      </trkpt>
      <trkpt lat="53.9803682" lon="26.9397903">
        <ele>222</ele>
        <time>2025-06-21T09:41:35Z</time>
        <hdop>1.5</hdop>
        <extensions>
          <speed>0.09</speed>
        </extensions>
      </trkpt>
      <trkpt lat="53.9803856" lon="26.9398079">
        <ele>223</ele>
        <time>2025-06-21T09:41:46Z</time>
        <hdop>2</hdop>
      </trkpt>
      <trkpt lat="53.9803856" lon="26.9398079">
        <ele>223</ele>
        <time>2025-06-21T09:41:57Z</time>
        <hdop>2</hdop>
      </trkpt>
      <trkpt lat="53.9803862" lon="26.9398685">
        <ele>226</ele>
        <time>2025-06-21T09:42:07Z</time>
        <hdop>2</hdop>
      </trkpt>
      <trkpt lat="53.9803727" lon="26.9399037">
        <ele>228</ele>
        <time>2025-06-21T09:42:17Z</time>
        <hdop>2</hdop>
      </trkpt>
      <trkpt lat="53.9803619" lon="26.939886">
        <ele>227</ele>
        <time>2025-06-21T09:42:27Z</time>
        <hdop>2</hdop>
        <extensions>
          <speed>0.07</speed>
        </extensions>
      </trkpt>
      <trkpt lat="53.9803613" lon="26.9398854">
        <ele>226</ele>
        <time>2025-06-21T09:42:38Z</time>
        <hdop>2</hdop>
      </trkpt>
      <trkpt lat="53.9803613" lon="26.9398854">
        <ele>226</ele>
        <time>2025-06-21T09:42:49Z</time>
        <hdop>2</hdop>
      </trkpt>
      <trkpt lat="53.9803613" lon="26.9398854">
        <ele>226</ele>
        <time>2025-06-21T09:42:59Z</time>
        <hdop>2</hdop>
      </trkpt>
      <trkpt lat="53.9803716" lon="26.9398359">
        <ele>224</ele>
        <time>2025-06-21T09:43:09Z</time>
        <hdop>2</hdop>
        <extensions>
          <speed>0.32</speed>
        </extensions>
      </trkpt>
      <trkpt lat="53.9803664" lon="26.9398557">
        <ele>224</ele>
        <time>2025-06-21T09:43:19Z</time>
        <hdop>2</hdop>
      </trkpt>
      <trkpt lat="53.9803664" lon="26.9398557">
        <ele>224</ele>
        <time>2025-06-21T09:43:30Z</time>
        <hdop>2</hdop>
      </trkpt>
      <trkpt lat="53.9803673" lon="26.9398879">
        <ele>223</ele>
        <time>2025-06-21T09:43:40Z</time>
        <hdop>2</hdop>
      </trkpt>
      <trkpt lat="53.9803673" lon="26.9398879">
        <ele>223</ele>
        <time>2025-06-21T09:43:51Z</time>
        <hdop>2</hdop>
      </trkpt>
      <trkpt lat="53.9803802" lon="26.9398994">
        <ele>226</ele>
        <time>2025-06-21T09:44:02Z</time>
        <hdop>2</hdop>
      </trkpt>
      <trkpt lat="53.9803802" lon="26.9398994">
        <ele>226</ele>
        <time>2025-06-21T09:44:13Z</time>
        <hdop>1.5</hdop>
      </trkpt>
      <trkpt lat="53.9803802" lon="26.9398994">
        <ele>226</ele>
        <time>2025-06-21T09:44:23Z</time>
        <hdop>2</hdop>
      </trkpt>
      <trkpt lat="53.9803802" lon="26.9398994">
        <ele>226</ele>
        <time>2025-06-21T09:44:33Z</time>
        <hdop>2</hdop>
      </trkpt>
      <trkpt lat="53.9803698" lon="26.9398603">
        <ele>227</ele>
        <time>2025-06-21T09:44:44Z</time>
        <hdop>2</hdop>
        <extensions>
          <speed>0.41</speed>
        </extensions>
      </trkpt>
      <trkpt lat="53.9803828" lon="26.9398678">
        <ele>227</ele>
        <time>2025-06-21T09:44:55Z</time>
        <hdop>2</hdop>
      </trkpt>
      <trkpt lat="53.9803803" lon="26.9398616">
        <ele>225</ele>
        <time>2025-06-21T09:45:05Z</time>
        <hdop>2.5</hdop>
      </trkpt>
      <trkpt lat="53.9804022" lon="26.9398118">
        <ele>223</ele>
        <time>2025-06-21T09:45:16Z</time>
        <hdop>2</hdop>
      </trkpt>
      <trkpt lat="53.9804029" lon="26.9398104">
        <ele>223</ele>
        <time>2025-06-21T09:45:27Z</time>
        <hdop>2</hdop>
      </trkpt>
      <trkpt lat="53.9804029" lon="26.9398104">
        <ele>223</ele>
        <time>2025-06-21T09:45:37Z</time>
        <hdop>2</hdop>
      </trkpt>
      <trkpt lat="53.9803965" lon="26.9396972">
        <ele>218</ele>
        <time>2025-06-21T09:45:47Z</time>
        <hdop>2.5</hdop>
        <extensions>
          <speed>0.25</speed>
        </extensions>
      </trkpt>
      <trkpt lat="53.9803733" lon="26.9396481">
        <ele>217</ele>
        <time>2025-06-21T09:45:57Z</time>
        <hdop>2.5</hdop>
      </trkpt>
      <trkpt lat="53.980338" lon="26.9396099">
        <ele>217</ele>
        <time>2025-06-21T09:46:08Z</time>
        <hdop>2</hdop>
      </trkpt>
      <trkpt lat="53.980338" lon="26.9396099">
        <ele>217</ele>
        <time>2025-06-21T09:46:18Z</time>
        <hdop>2</hdop>
      </trkpt>
      <trkpt lat="53.9803302" lon="26.9396271">
        <ele>216</ele>
        <time>2025-06-21T09:46:29Z</time>
        <hdop>2</hdop>
      </trkpt>
      <trkpt lat="53.9803144" lon="26.9396721">
        <ele>215</ele>
        <time>2025-06-21T09:46:39Z</time>
        <hdop>2</hdop>
      </trkpt>
      <trkpt lat="53.9803144" lon="26.9396721">
        <ele>215</ele>
        <time>2025-06-21T09:46:50Z</time>
        <hdop>1.5</hdop>
      </trkpt>
      <trkpt lat="53.9803144" lon="26.9396721">
        <ele>215</ele>
        <time>2025-06-21T09:47:00Z</time>
        <hdop>1.5</hdop>
      </trkpt>
      <trkpt lat="53.9803144" lon="26.9396721">
        <ele>215</ele>
        <time>2025-06-21T09:47:11Z</time>
        <hdop>1.5</hdop>
      </trkpt>
      <trkpt lat="53.9803144" lon="26.9396721">
        <ele>215</ele>
        <time>2025-06-21T09:47:22Z</time>
        <hdop>1.5</hdop>
      </trkpt>
      <trkpt lat="53.9803144" lon="26.9396721">
        <ele>215</ele>
        <time>2025-06-21T09:47:33Z</time>
        <hdop>2</hdop>
      </trkpt>
      <trkpt lat="53.9803144" lon="26.9396721">
        <ele>215</ele>
        <time>2025-06-21T09:47:43Z</time>
        <hdop>2</hdop>
      </trkpt>
      <trkpt lat="53.9803378" lon="26.939668">
        <ele>215</ele>
        <time>2025-06-21T09:47:54Z</time>
        <hdop>2</hdop>
      </trkpt>
      <trkpt lat="53.9803378" lon="26.939668">
        <ele>215</ele>
        <time>2025-06-21T09:48:04Z</time>
        <hdop>1.5</hdop>
      </trkpt>
      <trkpt lat="53.9803494" lon="26.9396909">
        <ele>215</ele>
        <time>2025-06-21T09:48:15Z</time>
        <hdop>2</hdop>
      </trkpt>
      <trkpt lat="53.9803494" lon="26.9396909">
        <ele>215</ele>
        <time>2025-06-21T09:48:26Z</time>
        <hdop>2</hdop>
      </trkpt>
      <trkpt lat="53.980361" lon="26.9396726">
        <ele>215</ele>
        <time>2025-06-21T09:48:36Z</time>
        <hdop>2</hdop>
      </trkpt>
      <trkpt lat="53.9803788" lon="26.9396779">
        <ele>213</ele>
        <time>2025-06-21T09:48:46Z</time>
        <hdop>1.5</hdop>
      </trkpt>
      <trkpt lat="53.9803788" lon="26.9396779">
        <ele>213</ele>
        <time>2025-06-21T09:48:57Z</time>
        <hdop>2</hdop>
      </trkpt>
      <trkpt lat="53.9803788" lon="26.9396779">
        <ele>213</ele>
        <time>2025-06-21T09:49:08Z</time>
        <hdop>1.5</hdop>
      </trkpt>
      <trkpt lat="53.9803788" lon="26.9396779">
        <ele>213</ele>
        <time>2025-06-21T09:49:18Z</time>
        <hdop>1.5</hdop>
      </trkpt>
      <trkpt lat="53.9803788" lon="26.9396779">
        <ele>213</ele>
        <time>2025-06-21T09:49:29Z</time>
        <hdop>2</hdop>
      </trkpt>
      <trkpt lat="53.9803788" lon="26.9396779">
        <ele>213</ele>
        <time>2025-06-21T09:49:40Z</time>
        <hdop>2.5</hdop>
      </trkpt>
      <trkpt lat="53.9803788" lon="26.9396779">
        <ele>213</ele>
        <time>2025-06-21T09:49:51Z</time>
        <hdop>1.5</hdop>
      </trkpt>
      <trkpt lat="53.9803788" lon="26.9396779">
        <ele>213</ele>
        <time>2025-06-21T09:50:01Z</time>
        <hdop>2</hdop>
      </trkpt>
      <trkpt lat="53.9803687" lon="26.939668">
        <ele>213</ele>
        <time>2025-06-21T09:50:12Z</time>
        <hdop>1.5</hdop>
      </trkpt>
      <trkpt lat="53.9803687" lon="26.939668">
        <ele>213</ele>
        <time>2025-06-21T09:50:22Z</time>
        <hdop>2</hdop>
      </trkpt>
      <trkpt lat="53.9803687" lon="26.939668">
        <ele>213</ele>
        <time>2025-06-21T09:50:32Z</time>
        <hdop>2</hdop>
      </trkpt>
      <trkpt lat="53.9803716" lon="26.9396743">
        <ele>215</ele>
        <time>2025-06-21T09:50:43Z</time>
        <hdop>2</hdop>
      </trkpt>
      <trkpt lat="53.9803786" lon="26.9396658">
        <ele>214</ele>
        <time>2025-06-21T09:50:53Z</time>
        <hdop>2</hdop>
      </trkpt>
      <trkpt lat="53.9803908" lon="26.9396538">
        <ele>214</ele>
        <time>2025-06-21T09:51:04Z</time>
        <hdop>2</hdop>
        <extensions>
          <speed>0.03</speed>
        </extensions>
      </trkpt>
      <trkpt lat="53.9803966" lon="26.9396536">
        <ele>214</ele>
        <time>2025-06-21T09:51:15Z</time>
        <hdop>2</hdop>
      </trkpt>
      <trkpt lat="53.980404" lon="26.9396639">
        <ele>215</ele>
        <time>2025-06-21T09:51:25Z</time>
        <hdop>2</hdop>
        <extensions>
          <speed>0.04</speed>
        </extensions>
      </trkpt>
      <trkpt lat="53.9804104" lon="26.9396732">
        <ele>214</ele>
        <time>2025-06-21T09:51:35Z</time>
        <hdop>2.5</hdop>
      </trkpt>
      <trkpt lat="53.9804103" lon="26.9396732">
        <ele>214</ele>
        <time>2025-06-21T09:51:46Z</time>
        <hdop>2</hdop>
      </trkpt>
      <trkpt lat="53.9804103" lon="26.9396732">
        <ele>214</ele>
        <time>2025-06-21T09:51:56Z</time>
        <hdop>2.5</hdop>
      </trkpt>
      <trkpt lat="53.9804103" lon="26.9396732">
        <ele>214</ele>
        <time>2025-06-21T09:52:06Z</time>
        <hdop>2</hdop>
      </trkpt>
      <trkpt lat="53.9804103" lon="26.9396732">
        <ele>214</ele>
        <time>2025-06-21T09:52:17Z</time>
        <hdop>2</hdop>
      </trkpt>
      <trkpt lat="53.9804103" lon="26.9396732">
        <ele>214</ele>
        <time>2025-06-21T09:52:28Z</time>
        <hdop>1.5</hdop>
      </trkpt>
      <trkpt lat="53.9803895" lon="26.9397007">
        <ele>214</ele>
        <time>2025-06-21T09:52:38Z</time>
        <hdop>2</hdop>
      </trkpt>
      <trkpt lat="53.9803883" lon="26.9396587">
        <ele>215</ele>
        <time>2025-06-21T09:52:48Z</time>
        <hdop>2</hdop>
      </trkpt>
      <trkpt lat="53.9803883" lon="26.9396587">
        <ele>215</ele>
        <time>2025-06-21T09:52:59Z</time>
        <hdop>4</hdop>
      </trkpt>
      <trkpt lat="53.9803965" lon="26.9397062">
        <ele>214</ele>
        <time>2025-06-21T09:53:10Z</time>
        <hdop>4.5</hdop>
      </trkpt>
      <trkpt lat="53.9803965" lon="26.9397062">
        <ele>214</ele>
        <time>2025-06-21T09:53:21Z</time>
        <hdop>4.5</hdop>
      </trkpt>
      <trkpt lat="53.9804391" lon="26.9396851">
        <ele>212</ele>
        <time>2025-06-21T09:53:31Z</time>
        <hdop>5</hdop>
      </trkpt>
      <trkpt lat="53.9804151" lon="26.9397587">
        <ele>211</ele>
        <time>2025-06-21T09:53:42Z</time>
        <hdop>2.5</hdop>
      </trkpt>
      <trkpt lat="53.9804071" lon="26.9397485">
        <ele>211</ele>
        <time>2025-06-21T09:53:52Z</time>
        <hdop>2</hdop>
      </trkpt>
      <trkpt lat="53.9804065" lon="26.939735">
        <ele>215</ele>
        <time>2025-06-21T09:54:03Z</time>
        <hdop>2</hdop>
        <extensions>
          <speed>0.05</speed>
        </extensions>
      </trkpt>
      <trkpt lat="53.9803942" lon="26.9396965">
        <ele>214</ele>
        <time>2025-06-21T09:54:13Z</time>
        <hdop>2</hdop>
        <extensions>
          <speed>0.08</speed>
        </extensions>
      </trkpt>
      <trkpt lat="53.9803827" lon="26.939708">
        <ele>214</ele>
        <time>2025-06-21T09:54:23Z</time>
        <hdop>2</hdop>
      </trkpt>
      <trkpt lat="53.9803827" lon="26.939708">
        <ele>214</ele>
        <time>2025-06-21T09:54:34Z</time>
        <hdop>2</hdop>
      </trkpt>
      <trkpt lat="53.9803827" lon="26.939708">
        <ele>214</ele>
        <time>2025-06-21T09:54:45Z</time>
        <hdop>2</hdop>
      </trkpt>
      <trkpt lat="53.9803827" lon="26.939708">
        <ele>214</ele>
        <time>2025-06-21T09:54:56Z</time>
        <hdop>2</hdop>
      </trkpt>
      <trkpt lat="53.9803702" lon="26.939698">
        <ele>215</ele>
        <time>2025-06-21T09:55:07Z</time>
        <hdop>2</hdop>
      </trkpt>
      <trkpt lat="53.9803702" lon="26.939698">
        <ele>215</ele>
        <time>2025-06-21T09:55:17Z</time>
        <hdop>2</hdop>
      </trkpt>
      <trkpt lat="53.9803726" lon="26.9397105">
        <ele>215</ele>
        <time>2025-06-21T09:55:28Z</time>
        <hdop>2.5</hdop>
      </trkpt>
      <trkpt lat="53.9803723" lon="26.9397112">
        <ele>215</ele>
        <time>2025-06-21T09:55:38Z</time>
        <hdop>2</hdop>
      </trkpt>
      <trkpt lat="53.9803723" lon="26.9397112">
        <ele>215</ele>
        <time>2025-06-21T09:55:48Z</time>
        <hdop>2</hdop>
      </trkpt>
      <trkpt lat="53.9803723" lon="26.9397112">
        <ele>215</ele>
        <time>2025-06-21T09:55:59Z</time>
        <hdop>1.5</hdop>
      </trkpt>
      <trkpt lat="53.980366" lon="26.9396934">
        <ele>216</ele>
        <time>2025-06-21T09:56:09Z</time>
        <hdop>1.5</hdop>
      </trkpt>
      <trkpt lat="53.9803591" lon="26.9396872">
        <ele>216</ele>
        <time>2025-06-21T09:56:19Z</time>
        <hdop>2</hdop>
      </trkpt>
      <trkpt lat="53.9803591" lon="26.9396872">
        <ele>216</ele>
        <time>2025-06-21T09:56:30Z</time>
        <hdop>2</hdop>
      </trkpt>
      <trkpt lat="53.980378" lon="26.9397484">
        <ele>213</ele>
        <time>2025-06-21T09:56:40Z</time>
        <hdop>2</hdop>
        <extensions>
          <speed>0.48</speed>
        </extensions>
      </trkpt>
      <trkpt lat="53.9803838" lon="26.9397476">
        <ele>213</ele>
        <time>2025-06-21T09:56:51Z</time>
        <hdop>2</hdop>
      </trkpt>
      <trkpt lat="53.9803838" lon="26.9397476">
        <ele>213</ele>
        <time>2025-06-21T09:57:02Z</time>
        <hdop>1.5</hdop>
      </trkpt>
      <trkpt lat="53.9803838" lon="26.9397476">
        <ele>213</ele>
        <time>2025-06-21T09:57:12Z</time>
        <hdop>2</hdop>
      </trkpt>
      <trkpt lat="53.9803838" lon="26.9397476">
        <ele>213</ele>
        <time>2025-06-21T09:57:22Z</time>
        <hdop>2</hdop>
      </trkpt>
      <trkpt lat="53.980383" lon="26.9397285">
        <ele>215</ele>
        <time>2025-06-21T09:57:33Z</time>
        <hdop>2</hdop>
      </trkpt>
      <trkpt lat="53.9804066" lon="26.9396479">
        <ele>219</ele>
        <time>2025-06-21T09:57:43Z</time>
        <hdop>4.5</hdop>
        <extensions>
          <speed>0.06</speed>
        </extensions>
      </trkpt>
      <trkpt lat="53.9803985" lon="26.9396675">
        <ele>218</ele>
        <time>2025-06-21T09:57:54Z</time>
        <hdop>5</hdop>
      </trkpt>
      <trkpt lat="53.9802843" lon="26.9397479">
        <ele>210</ele>
        <time>2025-06-21T09:58:13Z</time>
        <hdop>10</hdop>
        <extensions>
          <speed>0.23</speed>
        </extensions>
      </trkpt>
      <trkpt lat="53.9804017" lon="26.9395664">
        <ele>220</ele>
        <time>2025-06-21T09:58:23Z</time>
        <hdop>7</hdop>
        <extensions>
          <speed>0.22</speed>
        </extensions>
      </trkpt>
      <trkpt lat="53.9802755" lon="26.9396451">
        <ele>213</ele>
        <time>2025-06-21T09:58:33Z</time>
        <hdop>11</hdop>
        <extensions>
          <speed>0.31</speed>
        </extensions>
      </trkpt>
      <trkpt lat="53.9803421" lon="26.9396767">
        <ele>215</ele>
        <time>2025-06-21T09:58:43Z</time>
        <hdop>7</hdop>
        <extensions>
          <speed>0.08</speed>
        </extensions>
      </trkpt>
      <trkpt lat="53.9804957" lon="26.939651">
        <ele>217</ele>
        <time>2025-06-21T09:59:01Z</time>
        <hdop>7</hdop>
        <extensions>
          <speed>0.16</speed>
        </extensions>
      </trkpt>
      <trkpt lat="53.9805218" lon="26.9397226">
        <ele>250</ele>
        <time>2025-06-21T09:59:12Z</time>
        <hdop>8.5</hdop>
        <extensions>
          <speed>0.13</speed>
        </extensions>
      </trkpt>
      <trkpt lat="53.9803937" lon="26.9397625">
        <ele>222</ele>
        <time>2025-06-21T09:59:22Z</time>
        <hdop>4.5</hdop>
      </trkpt>
      <trkpt lat="53.9803937" lon="26.9397625">
        <ele>222</ele>
        <time>2025-06-21T09:59:33Z</time>
        <hdop>4</hdop>
      </trkpt>
      <trkpt lat="53.9803905" lon="26.9397592">
        <ele>221</ele>
        <time>2025-06-21T09:59:43Z</time>
        <hdop>3.5</hdop>
      </trkpt>
      <trkpt lat="53.9803897" lon="26.9397739">
        <ele>222</ele>
        <time>2025-06-21T09:59:54Z</time>
        <hdop>3</hdop>
      </trkpt>
      <trkpt lat="53.9803897" lon="26.9397739">
        <ele>222</ele>
        <time>2025-06-21T10:00:04Z</time>
        <hdop>3</hdop>
      </trkpt>
      <trkpt lat="53.980397" lon="26.939771">
        <ele>221</ele>
        <time>2025-06-21T10:00:14Z</time>
        <hdop>3.5</hdop>
      </trkpt>
      <trkpt lat="53.980397" lon="26.939771">
        <ele>221</ele>
        <time>2025-06-21T10:00:25Z</time>
        <hdop>3</hdop>
      </trkpt>
      <trkpt lat="53.980397" lon="26.939771">
        <ele>221</ele>
        <time>2025-06-21T10:00:35Z</time>
        <hdop>2.5</hdop>
      </trkpt>
      <trkpt lat="53.980397" lon="26.939771">
        <ele>221</ele>
        <time>2025-06-21T10:00:45Z</time>
        <hdop>3</hdop>
      </trkpt>
      <trkpt lat="53.980397" lon="26.939771">
        <ele>221</ele>
        <time>2025-06-21T10:00:55Z</time>
        <hdop>2.5</hdop>
      </trkpt>
      <trkpt lat="53.980397" lon="26.939771">
        <ele>221</ele>
        <time>2025-06-21T10:01:06Z</time>
        <hdop>3</hdop>
      </trkpt>
      <trkpt lat="53.9804049" lon="26.9397242">
        <ele>222</ele>
        <time>2025-06-21T10:01:17Z</time>
        <hdop>3</hdop>
      </trkpt>
      <trkpt lat="53.9803862" lon="26.9397534">
        <ele>220</ele>
        <time>2025-06-21T10:01:28Z</time>
        <hdop>2.5</hdop>
        <extensions>
          <speed>0.81</speed>
        </extensions>
      </trkpt>
      <trkpt lat="53.9804164" lon="26.9396879">
        <ele>216</ele>
        <time>2025-06-21T10:01:39Z</time>
        <hdop>2.5</hdop>
        <extensions>
          <speed>0.05</speed>
        </extensions>
      </trkpt>
      <trkpt lat="53.980404" lon="26.9396955">
        <ele>217</ele>
        <time>2025-06-21T10:01:49Z</time>
        <hdop>2.5</hdop>
      </trkpt>
      <trkpt lat="53.980407" lon="26.9396914">
        <ele>215</ele>
        <time>2025-06-21T10:01:59Z</time>
        <hdop>2</hdop>
        <extensions>
          <speed>0.12</speed>
        </extensions>
      </trkpt>
      <trkpt lat="53.9804055" lon="26.9396915">
        <ele>215</ele>
        <time>2025-06-21T10:02:10Z</time>
        <hdop>2</hdop>
      </trkpt>
      <trkpt lat="53.9804055" lon="26.9396915">
        <ele>215</ele>
        <time>2025-06-21T10:02:21Z</time>
        <hdop>2.5</hdop>
      </trkpt>
      <trkpt lat="53.9804055" lon="26.9396915">
        <ele>215</ele>
        <time>2025-06-21T10:02:32Z</time>
        <hdop>3.5</hdop>
      </trkpt>
      <trkpt lat="53.9803049" lon="26.9397097">
        <ele>225</ele>
        <time>2025-06-21T10:02:51Z</time>
        <hdop>8</hdop>
        <extensions>
          <speed>0.14</speed>
        </extensions>
      </trkpt>
      <trkpt lat="53.9802895" lon="26.9396538">
        <ele>217</ele>
        <time>2025-06-21T10:03:10Z</time>
        <hdop>11</hdop>
        <extensions>
          <speed>0.07</speed>
        </extensions>
      </trkpt>
      <trkpt lat="53.980345" lon="26.939585">
        <ele>214</ele>
        <time>2025-06-21T10:03:29Z</time>
        <hdop>9</hdop>
        <extensions>
          <speed>0.69</speed>
        </extensions>
      </trkpt>
      <trkpt lat="53.9804189" lon="26.9394961">
        <ele>219</ele>
        <time>2025-06-21T10:03:39Z</time>
        <hdop>7.5</hdop>
        <extensions>
          <speed>0.11</speed>
        </extensions>
      </trkpt>
      <trkpt lat="53.9804293" lon="26.9394841">
        <ele>220</ele>
        <time>2025-06-21T10:03:50Z</time>
        <hdop>6.5</hdop>
      </trkpt>
      <trkpt lat="53.9803879" lon="26.9396561">
        <ele>211</ele>
        <time>2025-06-21T10:04:00Z</time>
        <hdop>4</hdop>
      </trkpt>
      <trkpt lat="53.9803879" lon="26.9396561">
        <ele>211</ele>
        <time>2025-06-21T10:04:11Z</time>
        <hdop>3.5</hdop>
      </trkpt>
      <trkpt lat="53.9803879" lon="26.9396561">
        <ele>211</ele>
        <time>2025-06-21T10:04:22Z</time>
        <hdop>3</hdop>
      </trkpt>
      <trkpt lat="53.9804152" lon="26.9396784">
        <ele>208</ele>
        <time>2025-06-21T10:04:32Z</time>
        <hdop>3</hdop>
        <extensions>
          <speed>0.02</speed>
        </extensions>
      </trkpt>
      <trkpt lat="53.9804104" lon="26.9396745">
        <ele>208</ele>
        <time>2025-06-21T10:04:42Z</time>
        <hdop>2</hdop>
      </trkpt>
      <trkpt lat="53.9804104" lon="26.9396745">
        <ele>208</ele>
        <time>2025-06-21T10:04:53Z</time>
        <hdop>2</hdop>
      </trkpt>
      <trkpt lat="53.9803693" lon="26.9396834">
        <ele>207</ele>
        <time>2025-06-21T10:05:04Z</time>
        <hdop>2</hdop>
        <extensions>
          <speed>0.13</speed>
        </extensions>
      </trkpt>
      <trkpt lat="53.9803898" lon="26.9396567">
        <ele>205</ele>
        <time>2025-06-21T10:05:15Z</time>
        <hdop>2.5</hdop>
        <extensions>
          <speed>0.11</speed>
        </extensions>
      </trkpt>
      <trkpt lat="53.9803865" lon="26.9396568">
        <ele>202</ele>
        <time>2025-06-21T10:05:25Z</time>
        <hdop>2.5</hdop>
        <extensions>
          <speed>0.21</speed>
        </extensions>
      </trkpt>
      <trkpt lat="53.9803859" lon="26.9396608">
        <ele>200</ele>
        <time>2025-06-21T10:05:36Z</time>
        <hdop>3</hdop>
      </trkpt>
      <trkpt lat="53.9803731" lon="26.9396857">
        <ele>203</ele>
        <time>2025-06-21T10:05:46Z</time>
        <hdop>3</hdop>
      </trkpt>
      <trkpt lat="53.9803784" lon="26.9396879">
        <ele>205</ele>
        <time>2025-06-21T10:05:56Z</time>
        <hdop>2</hdop>
        <extensions>
          <speed>0.07</speed>
        </extensions>
      </trkpt>
      <trkpt lat="53.9803782" lon="26.9396863">
        <ele>207</ele>
        <time>2025-06-21T10:06:06Z</time>
        <hdop>2</hdop>
      </trkpt>
      <trkpt lat="53.9803782" lon="26.9396863">
        <ele>207</ele>
        <time>2025-06-21T10:06:17Z</time>
        <hdop>2.5</hdop>
      </trkpt>
      <trkpt lat="53.9803782" lon="26.9396863">
        <ele>207</ele>
        <time>2025-06-21T10:06:28Z</time>
        <hdop>2</hdop>
      </trkpt>
      <trkpt lat="53.9803764" lon="26.9396717">
        <ele>209</ele>
        <time>2025-06-21T10:06:39Z</time>
        <hdop>2</hdop>
        <extensions>
          <speed>0.04</speed>
        </extensions>
      </trkpt>
      <trkpt lat="53.9803734" lon="26.9396729">
        <ele>209</ele>
        <time>2025-06-21T10:06:49Z</time>
        <hdop>2</hdop>
      </trkpt>
      <trkpt lat="53.9803734" lon="26.9396729">
        <ele>209</ele>
        <time>2025-06-21T10:07:00Z</time>
        <hdop>2</hdop>
      </trkpt>
      <trkpt lat="53.9803734" lon="26.9396729">
        <ele>209</ele>
        <time>2025-06-21T10:07:10Z</time>
        <hdop>2</hdop>
      </trkpt>
      <trkpt lat="53.9803734" lon="26.9396729">
        <ele>209</ele>
        <time>2025-06-21T10:07:21Z</time>
        <hdop>2</hdop>
      </trkpt>
      <trkpt lat="53.9803734" lon="26.9396729">
        <ele>209</ele>
        <time>2025-06-21T10:07:32Z</time>
        <hdop>2</hdop>
      </trkpt>
      <trkpt lat="53.9803729" lon="26.9396806">
        <ele>209</ele>
        <time>2025-06-21T10:07:43Z</time>
        <hdop>2</hdop>
      </trkpt>
      <trkpt lat="53.9803728" lon="26.9396809">
        <ele>209</ele>
        <time>2025-06-21T10:07:54Z</time>
        <hdop>2.5</hdop>
      </trkpt>
      <trkpt lat="53.9803728" lon="26.9396809">
        <ele>209</ele>
        <time>2025-06-21T10:08:04Z</time>
        <hdop>2</hdop>
      </trkpt>
      <trkpt lat="53.9803728" lon="26.9396809">
        <ele>209</ele>
        <time>2025-06-21T10:08:14Z</time>
        <hdop>2</hdop>
      </trkpt>
      <trkpt lat="53.9803983" lon="26.9397219">
        <ele>209</ele>
        <time>2025-06-21T10:08:24Z</time>
        <hdop>2</hdop>
      </trkpt>
      <trkpt lat="53.980394" lon="26.9396886">
        <ele>211</ele>
        <time>2025-06-21T10:08:35Z</time>
        <hdop>1.5</hdop>
      </trkpt>
      <trkpt lat="53.980394" lon="26.9396886">
        <ele>211</ele>
        <time>2025-06-21T10:08:45Z</time>
        <hdop>1.5</hdop>
      </trkpt>
      <trkpt lat="53.9803912" lon="26.9396704">
        <ele>209</ele>
        <time>2025-06-21T10:08:56Z</time>
        <hdop>2</hdop>
        <extensions>
          <speed>0.27</speed>
        </extensions>
      </trkpt>
      <trkpt lat="53.9803977" lon="26.9396763">
        <ele>208</ele>
        <time>2025-06-21T10:09:06Z</time>
        <hdop>2</hdop>
      </trkpt>
      <trkpt lat="53.9803977" lon="26.9396763">
        <ele>208</ele>
        <time>2025-06-21T10:09:16Z</time>
        <hdop>2</hdop>
      </trkpt>
      <trkpt lat="53.9803928" lon="26.9396753">
        <ele>209</ele>
        <time>2025-06-21T10:09:27Z</time>
        <hdop>1.5</hdop>
      </trkpt>
      <trkpt lat="53.9803928" lon="26.9396753">
        <ele>209</ele>
        <time>2025-06-21T10:09:38Z</time>
        <hdop>2</hdop>
      </trkpt>
      <trkpt lat="53.9803928" lon="26.9396753">
        <ele>209</ele>
        <time>2025-06-21T10:09:49Z</time>
        <hdop>1.5</hdop>
      </trkpt>
      <trkpt lat="53.9803928" lon="26.9396753">
        <ele>209</ele>
        <time>2025-06-21T10:09:59Z</time>
        <hdop>1.5</hdop>
      </trkpt>
      <trkpt lat="53.9803963" lon="26.9396773">
        <ele>211</ele>
        <time>2025-06-21T10:10:09Z</time>
        <hdop>2</hdop>
      </trkpt>
      <trkpt lat="53.9803963" lon="26.9396773">
        <ele>211</ele>
        <time>2025-06-21T10:10:20Z</time>
        <hdop>2</hdop>
      </trkpt>
      <trkpt lat="53.9803963" lon="26.9396773">
        <ele>211</ele>
        <time>2025-06-21T10:10:31Z</time>
        <hdop>2</hdop>
      </trkpt>
      <trkpt lat="53.9803963" lon="26.9396773">
        <ele>211</ele>
        <time>2025-06-21T10:10:41Z</time>
        <hdop>2</hdop>
      </trkpt>
      <trkpt lat="53.9803963" lon="26.9396773">
        <ele>211</ele>
        <time>2025-06-21T10:10:52Z</time>
        <hdop>2</hdop>
      </trkpt>
      <trkpt lat="53.9803963" lon="26.9396773">
        <ele>211</ele>
        <time>2025-06-21T10:11:02Z</time>
        <hdop>2</hdop>
      </trkpt>
      <trkpt lat="53.9803963" lon="26.9396773">
        <ele>211</ele>
        <time>2025-06-21T10:11:13Z</time>
        <hdop>2.5</hdop>
      </trkpt>
      <trkpt lat="53.9803963" lon="26.9396773">
        <ele>211</ele>
        <time>2025-06-21T10:11:24Z</time>
        <hdop>2.5</hdop>
      </trkpt>
      <trkpt lat="53.9803963" lon="26.9396773">
        <ele>211</ele>
        <time>2025-06-21T10:11:35Z</time>
        <hdop>1.5</hdop>
      </trkpt>
      <trkpt lat="53.9803963" lon="26.9396773">
        <ele>211</ele>
        <time>2025-06-21T10:11:45Z</time>
        <hdop>1.5</hdop>
      </trkpt>
      <trkpt lat="53.9803963" lon="26.9396773">
        <ele>211</ele>
        <time>2025-06-21T10:11:56Z</time>
        <hdop>2.5</hdop>
      </trkpt>
      <trkpt lat="53.9803963" lon="26.9396773">
        <ele>211</ele>
        <time>2025-06-21T10:12:07Z</time>
        <hdop>2</hdop>
      </trkpt>
      <trkpt lat="53.9803978" lon="26.9396833">
        <ele>210</ele>
        <time>2025-06-21T10:12:17Z</time>
        <hdop>2</hdop>
      </trkpt>
      <trkpt lat="53.9803978" lon="26.9396833">
        <ele>210</ele>
        <time>2025-06-21T10:12:28Z</time>
        <hdop>2.5</hdop>
      </trkpt>
      <trkpt lat="53.9803978" lon="26.9396833">
        <ele>210</ele>
        <time>2025-06-21T10:12:38Z</time>
        <hdop>2</hdop>
      </trkpt>
      <trkpt lat="53.9803978" lon="26.9396833">
        <ele>210</ele>
        <time>2025-06-21T10:12:49Z</time>
        <hdop>2.5</hdop>
      </trkpt>
      <trkpt lat="53.980401" lon="26.9396787">
        <ele>210</ele>
        <time>2025-06-21T10:12:59Z</time>
        <hdop>2.5</hdop>
      </trkpt>
      <trkpt lat="53.9804025" lon="26.9397437">
        <ele>207</ele>
        <time>2025-06-21T10:13:09Z</time>
        <hdop>2</hdop>
        <extensions>
          <speed>0.15</speed>
        </extensions>
      </trkpt>
      <trkpt lat="53.9803859" lon="26.9397419">
        <ele>211</ele>
        <time>2025-06-21T10:13:20Z</time>
        <hdop>2</hdop>
      </trkpt>
      <trkpt lat="53.9803949" lon="26.9397298">
        <ele>212</ele>
        <time>2025-06-21T10:13:31Z</time>
        <hdop>2</hdop>
        <extensions>
          <speed>0.04</speed>
        </extensions>
      </trkpt>
      <trkpt lat="53.9803997" lon="26.9397328">
        <ele>213</ele>
        <time>2025-06-21T10:13:42Z</time>
        <hdop>2</hdop>
      </trkpt>
      <trkpt lat="53.9803911" lon="26.9397326">
        <ele>214</ele>
        <time>2025-06-21T10:13:52Z</time>
        <hdop>2</hdop>
      </trkpt>
      <trkpt lat="53.9803919" lon="26.9397145">
        <ele>213</ele>
        <time>2025-06-21T10:14:03Z</time>
        <hdop>2</hdop>
      </trkpt>
      <trkpt lat="53.9803919" lon="26.9397145">
        <ele>213</ele>
        <time>2025-06-21T10:14:13Z</time>
        <hdop>2</hdop>
      </trkpt>
      <trkpt lat="53.9803919" lon="26.9397145">
        <ele>213</ele>
        <time>2025-06-21T10:14:23Z</time>
        <hdop>2</hdop>
      </trkpt>
      <trkpt lat="53.9803924" lon="26.9397206">
        <ele>214</ele>
        <time>2025-06-21T10:14:34Z</time>
        <hdop>2.5</hdop>
        <extensions>
          <speed>0.03</speed>
        </extensions>
      </trkpt>
      <trkpt lat="53.9803874" lon="26.939707">
        <ele>215</ele>
        <time>2025-06-21T10:14:45Z</time>
        <hdop>2.5</hdop>
      </trkpt>
      <trkpt lat="53.9803975" lon="26.9397049">
        <ele>215</ele>
        <time>2025-06-21T10:14:56Z</time>
        <hdop>2</hdop>
      </trkpt>
      <trkpt lat="53.9803975" lon="26.9397049">
        <ele>215</ele>
        <time>2025-06-21T10:15:06Z</time>
        <hdop>2</hdop>
      </trkpt>
      <trkpt lat="53.9803923" lon="26.9397205">
        <ele>216</ele>
        <time>2025-06-21T10:15:17Z</time>
        <hdop>5</hdop>
      </trkpt>
      <trkpt lat="53.9804512" lon="26.9396965">
        <ele>228</ele>
        <time>2025-06-21T10:15:31Z</time>
        <hdop>7.5</hdop>
        <extensions>
          <speed>0.08</speed>
        </extensions>
      </trkpt>
      <trkpt lat="53.9804087" lon="26.9397903">
        <ele>234</ele>
        <time>2025-06-21T10:15:49Z</time>
        <hdop>7.5</hdop>
        <extensions>
          <speed>0.34</speed>
        </extensions>
      </trkpt>
      <trkpt lat="53.9804336" lon="26.9397514">
        <ele>232</ele>
        <time>2025-06-21T10:16:08Z</time>
        <hdop>8</hdop>
        <extensions>
          <speed>0.39</speed>
        </extensions>
      </trkpt>
      <trkpt lat="53.9803711" lon="26.9397399">
        <ele>241</ele>
        <time>2025-06-21T10:16:25Z</time>
        <hdop>8</hdop>
        <extensions>
          <speed>0.09</speed>
        </extensions>
      </trkpt>
      <trkpt lat="53.9804134" lon="26.9397716">
        <ele>220</ele>
        <time>2025-06-21T10:16:36Z</time>
        <hdop>2</hdop>
        <extensions>
          <speed>0.16</speed>
        </extensions>
      </trkpt>
      <trkpt lat="53.9804076" lon="26.9397714">
        <ele>222</ele>
        <time>2025-06-21T10:16:47Z</time>
        <hdop>2</hdop>
      </trkpt>
      <trkpt lat="53.9804076" lon="26.9397714">
        <ele>222</ele>
        <time>2025-06-21T10:16:57Z</time>
        <hdop>1.5</hdop>
      </trkpt>
      <trkpt lat="53.9804232" lon="26.9397593">
        <ele>222</ele>
        <time>2025-06-21T10:17:08Z</time>
        <hdop>1.5</hdop>
        <extensions>
          <speed>0.48</speed>
        </extensions>
      </trkpt>
      <trkpt lat="53.9804721" lon="26.9396506">
        <ele>223</ele>
        <time>2025-06-21T10:17:19Z</time>
        <hdop>1.5</hdop>
        <extensions>
          <speed>0.16</speed>
        </extensions>
      </trkpt>
      <trkpt lat="53.980484" lon="26.9396533">
        <ele>223</ele>
        <time>2025-06-21T10:17:30Z</time>
        <hdop>1.5</hdop>
      </trkpt>
      <trkpt lat="53.980484" lon="26.9396533">
        <ele>223</ele>
        <time>2025-06-21T10:17:41Z</time>
        <hdop>1.5</hdop>
      </trkpt>
      <trkpt lat="53.980484" lon="26.9396533">
        <ele>223</ele>
        <time>2025-06-21T10:17:52Z</time>
        <hdop>1.5</hdop>
      </trkpt>
      <trkpt lat="53.9804664" lon="26.939652">
        <ele>223</ele>
        <time>2025-06-21T10:18:03Z</time>
        <hdop>1.5</hdop>
      </trkpt>
      <trkpt lat="53.980647" lon="26.9395188">
        <ele>247</ele>
        <time>2025-06-21T10:18:22Z</time>
        <hdop>7.5</hdop>
        <extensions>
          <speed>0.67</speed>
        </extensions>
      </trkpt>
      <trkpt lat="53.9805045" lon="26.9393939">
        <ele>227</ele>
        <time>2025-06-21T10:18:40Z</time>
        <hdop>7.5</hdop>
        <extensions>
          <speed>1.69</speed>
        </extensions>
      </trkpt>
      <trkpt lat="53.9805405" lon="26.9391332">
        <ele>227</ele>
        <time>2025-06-21T10:18:58Z</time>
        <hdop>8</hdop>
        <extensions>
          <speed>2.15</speed>
        </extensions>
      </trkpt>
      <trkpt lat="53.9803108" lon="26.9391267">
        <ele>223</ele>
        <time>2025-06-21T10:19:16Z</time>
        <hdop>7.5</hdop>
        <extensions>
          <speed>0.36</speed>
        </extensions>
      </trkpt>
      <trkpt lat="53.9801245" lon="26.9387281">
        <ele>221</ele>
        <time>2025-06-21T10:19:27Z</time>
        <hdop>2</hdop>
        <extensions>
          <speed>0.71</speed>
        </extensions>
      </trkpt>
      <trkpt lat="53.9801487" lon="26.9387556">
        <ele>215</ele>
        <time>2025-06-21T10:19:37Z</time>
        <hdop>1.5</hdop>
      </trkpt>
      <trkpt lat="53.980058" lon="26.9387835">
        <ele>214</ele>
        <time>2025-06-21T10:19:48Z</time>
        <hdop>1.5</hdop>
        <extensions>
          <speed>1.25</speed>
        </extensions>
      </trkpt>
      <trkpt lat="53.9799459" lon="26.9387077">
        <ele>213</ele>
        <time>2025-06-21T10:19:59Z</time>
        <hdop>1.5</hdop>
        <extensions>
          <speed>1.12</speed>
        </extensions>
      </trkpt>
      <trkpt lat="53.9798878" lon="26.9386206">
        <ele>212</ele>
        <time>2025-06-21T10:20:10Z</time>
        <hdop>1</hdop>
      </trkpt>
      <trkpt lat="53.9798326" lon="26.938526">
        <ele>212</ele>
        <time>2025-06-21T10:20:20Z</time>
        <hdop>1.5</hdop>
        <extensions>
          <speed>0.05</speed>
        </extensions>
      </trkpt>
      <trkpt lat="53.9798378" lon="26.9385271">
        <ele>213</ele>
        <time>2025-06-21T10:20:31Z</time>
        <hdop>1</hdop>
      </trkpt>
      <trkpt lat="53.9798378" lon="26.9385271">
        <ele>213</ele>
        <time>2025-06-21T10:20:42Z</time>
        <hdop>1</hdop>
      </trkpt>
      <trkpt lat="53.9798378" lon="26.9385271">
        <ele>213</ele>
        <time>2025-06-21T10:20:53Z</time>
        <hdop>1</hdop>
      </trkpt>
      <trkpt lat="53.9798378" lon="26.9385271">
        <ele>213</ele>
        <time>2025-06-21T10:21:04Z</time>
        <hdop>1.5</hdop>
      </trkpt>
      <trkpt lat="53.9798378" lon="26.9385271">
        <ele>213</ele>
        <time>2025-06-21T10:21:14Z</time>
        <hdop>1</hdop>
      </trkpt>
      <trkpt lat="53.9798304" lon="26.9385471">
        <ele>218</ele>
        <time>2025-06-21T10:21:25Z</time>
        <hdop>7.5</hdop>
        <extensions>
          <speed>0.13</speed>
        </extensions>
      </trkpt>
      <trkpt lat="53.9798438" lon="26.9385254">
        <ele>216</ele>
        <time>2025-06-21T10:21:35Z</time>
        <hdop>1.5</hdop>
      </trkpt>
      <trkpt lat="53.9798438" lon="26.9385254">
        <ele>216</ele>
        <time>2025-06-21T10:21:46Z</time>
        <hdop>1.5</hdop>
      </trkpt>
      <trkpt lat="53.9798438" lon="26.9385254">
        <ele>216</ele>
        <time>2025-06-21T10:21:56Z</time>
        <hdop>1</hdop>
      </trkpt>
      <trkpt lat="53.9798438" lon="26.9385254">
        <ele>216</ele>
        <time>2025-06-21T10:22:07Z</time>
        <hdop>1</hdop>
      </trkpt>
      <trkpt lat="53.9798438" lon="26.9385254">
        <ele>216</ele>
        <time>2025-06-21T10:22:18Z</time>
        <hdop>1</hdop>
      </trkpt>
      <trkpt lat="53.9798438" lon="26.9385254">
        <ele>216</ele>
        <time>2025-06-21T10:22:28Z</time>
        <hdop>1</hdop>
      </trkpt>
      <trkpt lat="53.9798438" lon="26.9385254">
        <ele>216</ele>
        <time>2025-06-21T10:22:38Z</time>
        <hdop>1</hdop>
      </trkpt>
      <trkpt lat="53.9798438" lon="26.9385254">
        <ele>216</ele>
        <time>2025-06-21T10:22:49Z</time>
        <hdop>1</hdop>
      </trkpt>
      <trkpt lat="53.9797848" lon="26.9384393">
        <ele>214</ele>
        <time>2025-06-21T10:23:00Z</time>
        <hdop>1</hdop>
        <extensions>
          <speed>1.24</speed>
        </extensions>
      </trkpt>
      <trkpt lat="53.9795746" lon="26.938412">
        <ele>211</ele>
        <time>2025-06-21T10:23:10Z</time>
        <hdop>2</hdop>
        <extensions>
          <speed>4.31</speed>
        </extensions>
      </trkpt>
      <trkpt lat="53.9792504" lon="26.9385693">
        <ele>212</ele>
        <time>2025-06-21T10:23:21Z</time>
        <hdop>2</hdop>
        <extensions>
          <speed>2.53</speed>
        </extensions>
      </trkpt>
      <trkpt lat="53.9789002" lon="26.9384775">
        <ele>218</ele>
        <time>2025-06-21T10:23:32Z</time>
        <hdop>8</hdop>
        <extensions>
          <speed>3.16</speed>
        </extensions>
      </trkpt>
      <trkpt lat="53.9786513" lon="26.9382295">
        <ele>212</ele>
        <time>2025-06-21T10:23:42Z</time>
        <hdop>2</hdop>
        <extensions>
          <speed>2.9</speed>
        </extensions>
      </trkpt>
      <trkpt lat="53.9783549" lon="26.9382134">
        <ele>212</ele>
        <time>2025-06-21T10:23:52Z</time>
        <hdop>1.5</hdop>
        <extensions>
          <speed>2.77</speed>
        </extensions>
      </trkpt>
      <trkpt lat="53.9780501" lon="26.9384142">
        <ele>213</ele>
        <time>2025-06-21T10:24:03Z</time>
        <hdop>1.5</hdop>
        <extensions>
          <speed>3.18</speed>
        </extensions>
      </trkpt>
      <trkpt lat="53.9777148" lon="26.9385958">
        <ele>214</ele>
        <time>2025-06-21T10:24:13Z</time>
        <hdop>2</hdop>
        <extensions>
          <speed>3.3</speed>
        </extensions>
      </trkpt>
      <trkpt lat="53.9773695" lon="26.9387652">
        <ele>218</ele>
        <time>2025-06-21T10:24:23Z</time>
        <hdop>2</hdop>
        <extensions>
          <speed>3.7</speed>
        </extensions>
      </trkpt>
      <trkpt lat="53.9767408" lon="26.9390786">
        <ele>221</ele>
        <time>2025-06-21T10:24:41Z</time>
        <hdop>8</hdop>
        <extensions>
          <speed>2.44</speed>
        </extensions>
      </trkpt>
      <trkpt lat="53.9761961" lon="26.9393037">
        <ele>231</ele>
        <time>2025-06-21T10:24:59Z</time>
        <hdop>8.5</hdop>
        <extensions>
          <speed>2.01</speed>
        </extensions>
      </trkpt>
      <trkpt lat="53.9758662" lon="26.9395036">
        <ele>234</ele>
        <time>2025-06-21T10:25:10Z</time>
        <hdop>7.5</hdop>
        <extensions>
          <speed>1.92</speed>
        </extensions>
      </trkpt>
      <trkpt lat="53.9756626" lon="26.9394888">
        <ele>225</ele>
        <time>2025-06-21T10:25:20Z</time>
        <hdop>2</hdop>
        <extensions>
          <speed>2.31</speed>
        </extensions>
      </trkpt>
      <trkpt lat="53.9754121" lon="26.9394121">
        <ele>224</ele>
        <time>2025-06-21T10:25:31Z</time>
        <hdop>2</hdop>
        <extensions>
          <speed>2.31</speed>
        </extensions>
      </trkpt>
      <trkpt lat="53.9751609" lon="26.9393558">
        <ele>229</ele>
        <time>2025-06-21T10:25:42Z</time>
        <hdop>1.5</hdop>
        <extensions>
          <speed>2.16</speed>
        </extensions>
      </trkpt>
      <trkpt lat="53.9749365" lon="26.9393329">
        <ele>241</ele>
        <time>2025-06-21T10:25:52Z</time>
        <hdop>7.5</hdop>
        <extensions>
          <speed>2.56</speed>
        </extensions>
      </trkpt>
      <trkpt lat="53.9749666" lon="26.9398099">
        <ele>230</ele>
        <time>2025-06-21T10:26:10Z</time>
        <hdop>9.5</hdop>
        <extensions>
          <speed>2.3</speed>
        </extensions>
      </trkpt>
      <trkpt lat="53.9751493" lon="26.9400975">
        <ele>221</ele>
        <time>2025-06-21T10:26:21Z</time>
        <hdop>2.5</hdop>
        <extensions>
          <speed>2.33</speed>
        </extensions>
      </trkpt>
      <trkpt lat="53.9752457" lon="26.9405974">
        <ele>222</ele>
        <time>2025-06-21T10:26:31Z</time>
        <hdop>2</hdop>
        <extensions>
          <speed>2.83</speed>
        </extensions>
      </trkpt>
      <trkpt lat="53.97523" lon="26.9411387">
        <ele>224</ele>
        <time>2025-06-21T10:26:41Z</time>
        <hdop>2</hdop>
        <extensions>
          <speed>3.41</speed>
        </extensions>
      </trkpt>
      <trkpt lat="53.9752916" lon="26.9414581">
        <ele>223</ele>
        <time>2025-06-21T10:26:51Z</time>
        <hdop>2</hdop>
        <extensions>
          <speed>1.35</speed>
        </extensions>
      </trkpt>
      <trkpt lat="53.9754034" lon="26.9417278">
        <ele>222</ele>
        <time>2025-06-21T10:27:02Z</time>
        <hdop>2</hdop>
        <extensions>
          <speed>1.72</speed>
        </extensions>
      </trkpt>
      <trkpt lat="53.9755277" lon="26.9419304">
        <ele>224</ele>
        <time>2025-06-21T10:27:12Z</time>
        <hdop>2.5</hdop>
        <extensions>
          <speed>1.02</speed>
        </extensions>
      </trkpt>
      <trkpt lat="53.9756501" lon="26.9421322">
        <ele>223</ele>
        <time>2025-06-21T10:27:23Z</time>
        <hdop>2.5</hdop>
        <extensions>
          <speed>0.9</speed>
        </extensions>
      </trkpt>
      <trkpt lat="53.975709" lon="26.9423593">
        <ele>227</ele>
        <time>2025-06-21T10:27:34Z</time>
        <hdop>2.5</hdop>
        <extensions>
          <speed>0.58</speed>
        </extensions>
      </trkpt>
      <trkpt lat="53.9756998" lon="26.9424551">
        <ele>230</ele>
        <time>2025-06-21T10:27:45Z</time>
        <hdop>3</hdop>
      </trkpt>
      <trkpt lat="53.9757204" lon="26.9423389">
        <ele>227</ele>
        <time>2025-06-21T10:27:56Z</time>
        <hdop>3.5</hdop>
        <extensions>
          <speed>0.33</speed>
        </extensions>
      </trkpt>
      <trkpt lat="53.9756649" lon="26.9422405">
        <ele>226</ele>
        <time>2025-06-21T10:28:07Z</time>
        <hdop>3.5</hdop>
        <extensions>
          <speed>0.09</speed>
        </extensions>
      </trkpt>
      <trkpt lat="53.9756448" lon="26.9421804">
        <ele>226</ele>
        <time>2025-06-21T10:28:17Z</time>
        <hdop>3.5</hdop>
        <extensions>
          <speed>1.04</speed>
        </extensions>
      </trkpt>
      <trkpt lat="53.9755265" lon="26.9420509">
        <ele>224</ele>
        <time>2025-06-21T10:28:27Z</time>
        <hdop>3</hdop>
        <extensions>
          <speed>0.34</speed>
        </extensions>
      </trkpt>
      <trkpt lat="53.9755782" lon="26.9420648">
        <ele>221</ele>
        <time>2025-06-21T10:28:37Z</time>
        <hdop>3</hdop>
      </trkpt>
      <trkpt lat="53.9755958" lon="26.9420459">
        <ele>222</ele>
        <time>2025-06-21T10:28:48Z</time>
        <hdop>2.5</hdop>
        <extensions>
          <speed>0.51</speed>
        </extensions>
      </trkpt>
      <trkpt lat="53.9755955" lon="26.942035">
        <ele>222</ele>
        <time>2025-06-21T10:28:59Z</time>
        <hdop>3</hdop>
      </trkpt>
      <trkpt lat="53.9756289" lon="26.942118">
        <ele>223</ele>
        <time>2025-06-21T10:29:09Z</time>
        <hdop>2.5</hdop>
        <extensions>
          <speed>0.49</speed>
        </extensions>
      </trkpt>
      <trkpt lat="53.9756545" lon="26.9421654">
        <ele>226</ele>
        <time>2025-06-21T10:29:20Z</time>
        <hdop>3</hdop>
      </trkpt>
      <trkpt lat="53.9756545" lon="26.9421654">
        <ele>226</ele>
        <time>2025-06-21T10:29:30Z</time>
        <hdop>2.5</hdop>
      </trkpt>
      <trkpt lat="53.9757234" lon="26.9423159">
        <ele>229</ele>
        <time>2025-06-21T10:29:41Z</time>
        <hdop>3.5</hdop>
        <extensions>
          <speed>1.45</speed>
        </extensions>
      </trkpt>
      <trkpt lat="53.9757475" lon="26.9424315">
        <ele>229</ele>
        <time>2025-06-21T10:29:51Z</time>
        <hdop>2.5</hdop>
      </trkpt>
      <trkpt lat="53.975748" lon="26.9424653">
        <ele>230</ele>
        <time>2025-06-21T10:30:02Z</time>
        <hdop>2</hdop>
        <extensions>
          <speed>0.23</speed>
        </extensions>
      </trkpt>
      <trkpt lat="53.9757301" lon="26.9429015">
        <ele>234</ele>
        <time>2025-06-21T10:30:12Z</time>
        <hdop>2</hdop>
        <extensions>
          <speed>2.86</speed>
        </extensions>
      </trkpt>
      <trkpt lat="53.97574" lon="26.9434726">
        <ele>229</ele>
        <time>2025-06-21T10:30:22Z</time>
        <hdop>2</hdop>
        <extensions>
          <speed>2.72</speed>
        </extensions>
      </trkpt>
      <trkpt lat="53.9757611" lon="26.9441737">
        <ele>226</ele>
        <time>2025-06-21T10:30:33Z</time>
        <hdop>2</hdop>
        <extensions>
          <speed>2.97</speed>
        </extensions>
      </trkpt>
      <trkpt lat="53.9757693" lon="26.9451776">
        <ele>230</ele>
        <time>2025-06-21T10:30:44Z</time>
        <hdop>2</hdop>
        <extensions>
          <speed>3.44</speed>
        </extensions>
      </trkpt>
      <trkpt lat="53.9758477" lon="26.945952">
        <ele>233</ele>
        <time>2025-06-21T10:30:54Z</time>
        <hdop>2.5</hdop>
        <extensions>
          <speed>3.66</speed>
        </extensions>
      </trkpt>
      <trkpt lat="53.9758553" lon="26.9467062">
        <ele>235</ele>
        <time>2025-06-21T10:31:05Z</time>
        <hdop>2.5</hdop>
        <extensions>
          <speed>3.83</speed>
        </extensions>
      </trkpt>
      <trkpt lat="53.97581" lon="26.9474115">
        <ele>236</ele>
        <time>2025-06-21T10:31:16Z</time>
        <hdop>2.5</hdop>
        <extensions>
          <speed>3.27</speed>
        </extensions>
      </trkpt>
      <trkpt lat="53.9758125" lon="26.9483881">
        <ele>256</ele>
        <time>2025-06-21T10:31:30Z</time>
        <hdop>9.5</hdop>
        <extensions>
          <speed>3.61</speed>
        </extensions>
      </trkpt>
      <trkpt lat="53.9758457" lon="26.9492028">
        <ele>253</ele>
        <time>2025-06-21T10:31:41Z</time>
        <hdop>8.5</hdop>
        <extensions>
          <speed>2.87</speed>
        </extensions>
      </trkpt>
      <trkpt lat="53.9758296" lon="26.949898">
        <ele>238</ele>
        <time>2025-06-21T10:31:51Z</time>
        <hdop>1.5</hdop>
        <extensions>
          <speed>5.02</speed>
        </extensions>
      </trkpt>
      <trkpt lat="53.975834" lon="26.9508099">
        <ele>243</ele>
        <time>2025-06-21T10:32:01Z</time>
        <hdop>1.5</hdop>
        <extensions>
          <speed>5.98</speed>
        </extensions>
      </trkpt>
      <trkpt lat="53.9758403" lon="26.9519111">
        <ele>244</ele>
        <time>2025-06-21T10:32:12Z</time>
        <hdop>2</hdop>
        <extensions>
          <speed>5.76</speed>
        </extensions>
      </trkpt>
      <trkpt lat="53.9758591" lon="26.9529088">
        <ele>240</ele>
        <time>2025-06-21T10:32:23Z</time>
        <hdop>1.5</hdop>
        <extensions>
          <speed>4.71</speed>
        </extensions>
      </trkpt>
      <trkpt lat="53.9757251" lon="26.9539116">
        <ele>234</ele>
        <time>2025-06-21T10:32:34Z</time>
        <hdop>2</hdop>
        <extensions>
          <speed>5.15</speed>
        </extensions>
      </trkpt>
      <trkpt lat="53.9755697" lon="26.9548451">
        <ele>233</ele>
        <time>2025-06-21T10:32:45Z</time>
        <hdop>1.5</hdop>
        <extensions>
          <speed>4.95</speed>
        </extensions>
      </trkpt>
      <trkpt lat="53.9753701" lon="26.9556135">
        <ele>234</ele>
        <time>2025-06-21T10:32:55Z</time>
        <hdop>1.5</hdop>
        <extensions>
          <speed>4.74</speed>
        </extensions>
      </trkpt>
      <trkpt lat="53.9751024" lon="26.9563236">
        <ele>234</ele>
        <time>2025-06-21T10:33:06Z</time>
        <hdop>1.5</hdop>
        <extensions>
          <speed>5.04</speed>
        </extensions>
      </trkpt>
      <trkpt lat="53.975026" lon="26.9571017">
        <ele>231</ele>
        <time>2025-06-21T10:33:17Z</time>
        <hdop>2</hdop>
        <extensions>
          <speed>3.82</speed>
        </extensions>
      </trkpt>
      <trkpt lat="53.9749761" lon="26.9577851">
        <ele>234</ele>
        <time>2025-06-21T10:33:28Z</time>
        <hdop>2</hdop>
        <extensions>
          <speed>3.57</speed>
        </extensions>
      </trkpt>
      <trkpt lat="53.97498" lon="26.9584175">
        <ele>233</ele>
        <time>2025-06-21T10:33:38Z</time>
        <hdop>2</hdop>
        <extensions>
          <speed>3.74</speed>
        </extensions>
      </trkpt>
      <trkpt lat="53.9749441" lon="26.9591411">
        <ele>233</ele>
        <time>2025-06-21T10:33:49Z</time>
        <hdop>2.5</hdop>
        <extensions>
          <speed>3.48</speed>
        </extensions>
      </trkpt>
      <trkpt lat="53.9749624" lon="26.9598182">
        <ele>233</ele>
        <time>2025-06-21T10:34:00Z</time>
        <hdop>2</hdop>
        <extensions>
          <speed>3.25</speed>
        </extensions>
      </trkpt>
      <trkpt lat="53.9749897" lon="26.9604082">
        <ele>231</ele>
        <time>2025-06-21T10:34:10Z</time>
        <hdop>1.5</hdop>
        <extensions>
          <speed>3.78</speed>
        </extensions>
      </trkpt>
      <trkpt lat="53.9750679" lon="26.9610847">
        <ele>229</ele>
        <time>2025-06-21T10:34:21Z</time>
        <hdop>1.5</hdop>
        <extensions>
          <speed>3.64</speed>
        </extensions>
      </trkpt>
      <trkpt lat="53.9751419" lon="26.9617139">
        <ele>231</ele>
        <time>2025-06-21T10:34:32Z</time>
        <hdop>1.5</hdop>
        <extensions>
          <speed>3.45</speed>
        </extensions>
      </trkpt>
      <trkpt lat="53.9752055" lon="26.9623651">
        <ele>230</ele>
        <time>2025-06-21T10:34:42Z</time>
        <hdop>1.5</hdop>
        <extensions>
          <speed>3.58</speed>
        </extensions>
      </trkpt>
      <trkpt lat="53.9750952" lon="26.9630376">
        <ele>231</ele>
        <time>2025-06-21T10:34:53Z</time>
        <hdop>2</hdop>
        <extensions>
          <speed>4.59</speed>
        </extensions>
      </trkpt>
      <trkpt lat="53.9749041" lon="26.9636387">
        <ele>236</ele>
        <time>2025-06-21T10:35:03Z</time>
        <hdop>2</hdop>
        <extensions>
          <speed>3.04</speed>
        </extensions>
      </trkpt>
      <trkpt lat="53.974827" lon="26.9642518">
        <ele>234</ele>
        <time>2025-06-21T10:35:13Z</time>
        <hdop>2</hdop>
        <extensions>
          <speed>3.67</speed>
        </extensions>
      </trkpt>
      <trkpt lat="53.9746957" lon="26.9648454">
        <ele>237</ele>
        <time>2025-06-21T10:35:24Z</time>
        <hdop>1.5</hdop>
        <extensions>
          <speed>3.24</speed>
        </extensions>
      </trkpt>
      <trkpt lat="53.9745763" lon="26.9653449">
        <ele>237</ele>
        <time>2025-06-21T10:35:34Z</time>
        <hdop>1.5</hdop>
        <extensions>
          <speed>3.96</speed>
        </extensions>
      </trkpt>
      <trkpt lat="53.9744816" lon="26.9660518">
        <ele>241</ele>
        <time>2025-06-21T10:35:45Z</time>
        <hdop>1.5</hdop>
        <extensions>
          <speed>4.18</speed>
        </extensions>
      </trkpt>
      <trkpt lat="53.9744553" lon="26.9666848">
        <ele>242</ele>
        <time>2025-06-21T10:35:55Z</time>
        <hdop>1.5</hdop>
        <extensions>
          <speed>2.63</speed>
        </extensions>
      </trkpt>
      <trkpt lat="53.9744479" lon="26.9673323">
        <ele>241</ele>
        <time>2025-06-21T10:36:06Z</time>
        <hdop>2</hdop>
        <extensions>
          <speed>4.33</speed>
        </extensions>
      </trkpt>
      <trkpt lat="53.974407" lon="26.968166">
        <ele>237</ele>
        <time>2025-06-21T10:36:17Z</time>
        <hdop>1.5</hdop>
        <extensions>
          <speed>4.44</speed>
        </extensions>
      </trkpt>
      <trkpt lat="53.9743451" lon="26.9687745">
        <ele>237</ele>
        <time>2025-06-21T10:36:27Z</time>
        <hdop>1.5</hdop>
        <extensions>
          <speed>2.99</speed>
        </extensions>
      </trkpt>
      <trkpt lat="53.9741716" lon="26.9693434">
        <ele>237</ele>
        <time>2025-06-21T10:36:37Z</time>
        <hdop>2</hdop>
        <extensions>
          <speed>4.42</speed>
        </extensions>
      </trkpt>
      <trkpt lat="53.9739442" lon="26.9700458">
        <ele>240</ele>
        <time>2025-06-21T10:36:48Z</time>
        <hdop>1.5</hdop>
        <extensions>
          <speed>4.46</speed>
        </extensions>
      </trkpt>
      <trkpt lat="53.9737202" lon="26.9706292">
        <ele>241</ele>
        <time>2025-06-21T10:36:58Z</time>
        <hdop>1.5</hdop>
        <extensions>
          <speed>3.84</speed>
        </extensions>
      </trkpt>
      <trkpt lat="53.9735488" lon="26.9713284">
        <ele>243</ele>
        <time>2025-06-21T10:37:09Z</time>
        <hdop>1.5</hdop>
        <extensions>
          <speed>4.41</speed>
        </extensions>
      </trkpt>
      <trkpt lat="53.9733106" lon="26.9719991">
        <ele>244</ele>
        <time>2025-06-21T10:37:20Z</time>
        <hdop>1.5</hdop>
        <extensions>
          <speed>3.98</speed>
        </extensions>
      </trkpt>
      <trkpt lat="53.9730756" lon="26.9725349">
        <ele>243</ele>
        <time>2025-06-21T10:37:30Z</time>
        <hdop>2</hdop>
        <extensions>
          <speed>2.78</speed>
        </extensions>
      </trkpt>
      <trkpt lat="53.9728079" lon="26.9731097">
        <ele>243</ele>
        <time>2025-06-21T10:37:41Z</time>
        <hdop>1.5</hdop>
        <extensions>
          <speed>3.64</speed>
        </extensions>
      </trkpt>
      <trkpt lat="53.9726005" lon="26.9737573">
        <ele>243</ele>
        <time>2025-06-21T10:37:51Z</time>
        <hdop>1.5</hdop>
        <extensions>
          <speed>4.53</speed>
        </extensions>
      </trkpt>
      <trkpt lat="53.9724131" lon="26.974432">
        <ele>246</ele>
        <time>2025-06-21T10:38:01Z</time>
        <hdop>1.5</hdop>
        <extensions>
          <speed>4.31</speed>
        </extensions>
      </trkpt>
      <trkpt lat="53.9721714" lon="26.9751156">
        <ele>246</ele>
        <time>2025-06-21T10:38:12Z</time>
        <hdop>1.5</hdop>
        <extensions>
          <speed>3.87</speed>
        </extensions>
      </trkpt>
      <trkpt lat="53.9719975" lon="26.9757299">
        <ele>244</ele>
        <time>2025-06-21T10:38:23Z</time>
        <hdop>1.5</hdop>
        <extensions>
          <speed>3.94</speed>
        </extensions>
      </trkpt>
      <trkpt lat="53.9718439" lon="26.9763571">
        <ele>245</ele>
        <time>2025-06-21T10:38:33Z</time>
        <hdop>1.5</hdop>
        <extensions>
          <speed>3.96</speed>
        </extensions>
      </trkpt>
      <trkpt lat="53.9716442" lon="26.9768427">
        <ele>242</ele>
        <time>2025-06-21T10:38:43Z</time>
        <hdop>1.5</hdop>
        <extensions>
          <speed>4.77</speed>
        </extensions>
      </trkpt>
      <trkpt lat="53.9714057" lon="26.9776095">
        <ele>240</ele>
        <time>2025-06-21T10:38:54Z</time>
        <hdop>1.5</hdop>
        <extensions>
          <speed>3.92</speed>
        </extensions>
      </trkpt>
      <trkpt lat="53.9712171" lon="26.9782613">
        <ele>236</ele>
        <time>2025-06-21T10:39:04Z</time>
        <hdop>1.5</hdop>
        <extensions>
          <speed>5.42</speed>
        </extensions>
      </trkpt>
      <trkpt lat="53.970972" lon="26.9789207">
        <ele>236</ele>
        <time>2025-06-21T10:39:14Z</time>
        <hdop>1</hdop>
        <extensions>
          <speed>4.34</speed>
        </extensions>
      </trkpt>
      <trkpt lat="53.9706392" lon="26.9792825">
        <ele>234</ele>
        <time>2025-06-21T10:39:25Z</time>
        <hdop>1.5</hdop>
        <extensions>
          <speed>3.27</speed>
        </extensions>
      </trkpt>
      <trkpt lat="53.9703445" lon="26.9795346">
        <ele>234</ele>
        <time>2025-06-21T10:39:35Z</time>
        <hdop>1.5</hdop>
        <extensions>
          <speed>3.56</speed>
        </extensions>
      </trkpt>
      <trkpt lat="53.9699355" lon="26.9798915">
        <ele>234</ele>
        <time>2025-06-21T10:39:46Z</time>
        <hdop>1.5</hdop>
        <extensions>
          <speed>4.21</speed>
        </extensions>
      </trkpt>
      <trkpt lat="53.9695253" lon="26.9803005">
        <ele>231</ele>
        <time>2025-06-21T10:39:57Z</time>
        <hdop>1</hdop>
        <extensions>
          <speed>6.13</speed>
        </extensions>
      </trkpt>
      <trkpt lat="53.9692234" lon="26.9806899">
        <ele>233</ele>
        <time>2025-06-21T10:40:07Z</time>
        <hdop>1</hdop>
        <extensions>
          <speed>3.81</speed>
        </extensions>
      </trkpt>
      <trkpt lat="53.9689237" lon="26.9810893">
        <ele>234</ele>
        <time>2025-06-21T10:40:18Z</time>
        <hdop>1</hdop>
        <extensions>
          <speed>3.66</speed>
        </extensions>
      </trkpt>
      <trkpt lat="53.9685611" lon="26.9813388">
        <ele>233</ele>
        <time>2025-06-21T10:40:29Z</time>
        <hdop>1</hdop>
        <extensions>
          <speed>3.84</speed>
        </extensions>
      </trkpt>
      <trkpt lat="53.9682603" lon="26.9815963">
        <ele>233</ele>
        <time>2025-06-21T10:40:39Z</time>
        <hdop>1.5</hdop>
        <extensions>
          <speed>3.66</speed>
        </extensions>
      </trkpt>
      <trkpt lat="53.9678964" lon="26.9818793">
        <ele>232</ele>
        <time>2025-06-21T10:40:50Z</time>
        <hdop>1</hdop>
        <extensions>
          <speed>5.01</speed>
        </extensions>
      </trkpt>
      <trkpt lat="53.9673818" lon="26.9819431">
        <ele>231</ele>
        <time>2025-06-21T10:41:01Z</time>
        <hdop>1</hdop>
        <extensions>
          <speed>5.81</speed>
        </extensions>
      </trkpt>
      <trkpt lat="53.9669882" lon="26.9815507">
        <ele>232</ele>
        <time>2025-06-21T10:41:11Z</time>
        <hdop>1</hdop>
        <extensions>
          <speed>4.78</speed>
        </extensions>
      </trkpt>
      <trkpt lat="53.9666099" lon="26.9809929">
        <ele>232</ele>
        <time>2025-06-21T10:41:22Z</time>
        <hdop>1</hdop>
        <extensions>
          <speed>4.57</speed>
        </extensions>
      </trkpt>
      <trkpt lat="53.9662965" lon="26.9805336">
        <ele>232</ele>
        <time>2025-06-21T10:41:33Z</time>
        <hdop>1</hdop>
        <extensions>
          <speed>4.4</speed>
        </extensions>
      </trkpt>
      <trkpt lat="53.9658229" lon="26.9803805">
        <ele>232</ele>
        <time>2025-06-21T10:41:44Z</time>
        <hdop>1</hdop>
        <extensions>
          <speed>4.96</speed>
        </extensions>
      </trkpt>
      <trkpt lat="53.9653992" lon="26.980217">
        <ele>233</ele>
        <time>2025-06-21T10:41:54Z</time>
        <hdop>1</hdop>
        <extensions>
          <speed>4.54</speed>
        </extensions>
      </trkpt>
      <trkpt lat="53.9650007" lon="26.9800182">
        <ele>233</ele>
        <time>2025-06-21T10:42:05Z</time>
        <hdop>1</hdop>
        <extensions>
          <speed>3.81</speed>
        </extensions>
      </trkpt>
      <trkpt lat="53.9645998" lon="26.9798468">
        <ele>236</ele>
        <time>2025-06-21T10:42:16Z</time>
        <hdop>1</hdop>
        <extensions>
          <speed>3.97</speed>
        </extensions>
      </trkpt>
      <trkpt lat="53.9642044" lon="26.9797099">
        <ele>237</ele>
        <time>2025-06-21T10:42:27Z</time>
        <hdop>1</hdop>
        <extensions>
          <speed>4.22</speed>
        </extensions>
      </trkpt>
      <trkpt lat="53.9638238" lon="26.9795729">
        <ele>236</ele>
        <time>2025-06-21T10:42:37Z</time>
        <hdop>1</hdop>
        <extensions>
          <speed>4.45</speed>
        </extensions>
      </trkpt>
      <trkpt lat="53.9634282" lon="26.9794065">
        <ele>238</ele>
        <time>2025-06-21T10:42:47Z</time>
        <hdop>1</hdop>
        <extensions>
          <speed>4.18</speed>
        </extensions>
      </trkpt>
      <trkpt lat="53.9630772" lon="26.9792549">
        <ele>238</ele>
        <time>2025-06-21T10:42:57Z</time>
        <hdop>1</hdop>
        <extensions>
          <speed>4.3</speed>
        </extensions>
      </trkpt>
      <trkpt lat="53.9626356" lon="26.9790876">
        <ele>238</ele>
        <time>2025-06-21T10:43:08Z</time>
        <hdop>1</hdop>
        <extensions>
          <speed>4.7</speed>
        </extensions>
      </trkpt>
      <trkpt lat="53.9622775" lon="26.9789033">
        <ele>238</ele>
        <time>2025-06-21T10:43:19Z</time>
        <hdop>1</hdop>
        <extensions>
          <speed>3.69</speed>
        </extensions>
      </trkpt>
      <trkpt lat="53.962038" lon="26.9787602">
        <ele>237</ele>
        <time>2025-06-21T10:43:29Z</time>
        <hdop>1</hdop>
        <extensions>
          <speed>1.93</speed>
        </extensions>
      </trkpt>
      <trkpt lat="53.9619706" lon="26.9787513">
        <ele>236</ele>
        <time>2025-06-21T10:43:40Z</time>
        <hdop>1</hdop>
      </trkpt>
      <trkpt lat="53.9619706" lon="26.9787513">
        <ele>236</ele>
        <time>2025-06-21T10:43:51Z</time>
        <hdop>1</hdop>
      </trkpt>
      <trkpt lat="53.9619706" lon="26.9787513">
        <ele>236</ele>
        <time>2025-06-21T10:44:02Z</time>
        <hdop>1</hdop>
      </trkpt>
      <trkpt lat="53.9619706" lon="26.9787513">
        <ele>236</ele>
        <time>2025-06-21T10:44:12Z</time>
        <hdop>1</hdop>
      </trkpt>
      <trkpt lat="53.9619459" lon="26.9787923">
        <ele>237</ele>
        <time>2025-06-21T10:44:22Z</time>
        <hdop>1.5</hdop>
        <extensions>
          <speed>0.76</speed>
        </extensions>
      </trkpt>
      <trkpt lat="53.9619409" lon="26.9789434">
        <ele>237</ele>
        <time>2025-06-21T10:44:32Z</time>
        <hdop>1.5</hdop>
        <extensions>
          <speed>1.47</speed>
        </extensions>
      </trkpt>
      <trkpt lat="53.9618965" lon="26.979042">
        <ele>237</ele>
        <time>2025-06-21T10:44:43Z</time>
        <hdop>1.5</hdop>
      </trkpt>
      <trkpt lat="53.961907" lon="26.979054">
        <ele>236</ele>
        <time>2025-06-21T10:44:54Z</time>
        <hdop>1.5</hdop>
      </trkpt>
      <trkpt lat="53.961907" lon="26.979054">
        <ele>236</ele>
        <time>2025-06-21T10:45:04Z</time>
        <hdop>1</hdop>
      </trkpt>
      <trkpt lat="53.961907" lon="26.979054">
        <ele>236</ele>
        <time>2025-06-21T10:45:14Z</time>
        <hdop>1</hdop>
      </trkpt>
      <trkpt lat="53.961907" lon="26.979054">
        <ele>236</ele>
        <time>2025-06-21T10:45:25Z</time>
        <hdop>1.5</hdop>
      </trkpt>
      <trkpt lat="53.961907" lon="26.979054">
        <ele>236</ele>
        <time>2025-06-21T10:45:35Z</time>
        <hdop>1.5</hdop>
      </trkpt>
      <trkpt lat="53.961907" lon="26.979054">
        <ele>236</ele>
        <time>2025-06-21T10:45:46Z</time>
        <hdop>1</hdop>
      </trkpt>
      <trkpt lat="53.961907" lon="26.979054">
        <ele>236</ele>
        <time>2025-06-21T10:45:57Z</time>
        <hdop>1.5</hdop>
      </trkpt>
      <trkpt lat="53.961907" lon="26.979054">
        <ele>236</ele>
        <time>2025-06-21T10:46:08Z</time>
        <hdop>1.5</hdop>
      </trkpt>
      <trkpt lat="53.961907" lon="26.979054">
        <ele>236</ele>
        <time>2025-06-21T10:46:18Z</time>
        <hdop>1.5</hdop>
      </trkpt>
      <trkpt lat="53.961907" lon="26.979054">
        <ele>236</ele>
        <time>2025-06-21T10:46:29Z</time>
        <hdop>1.5</hdop>
      </trkpt>
      <trkpt lat="53.961907" lon="26.979054">
        <ele>236</ele>
        <time>2025-06-21T10:46:39Z</time>
        <hdop>1</hdop>
      </trkpt>
      <trkpt lat="53.961907" lon="26.979054">
        <ele>236</ele>
        <time>2025-06-21T10:46:50Z</time>
        <hdop>1.5</hdop>
      </trkpt>
      <trkpt lat="53.961907" lon="26.979054">
        <ele>236</ele>
        <time>2025-06-21T10:47:01Z</time>
        <hdop>1</hdop>
      </trkpt>
      <trkpt lat="53.961907" lon="26.979054">
        <ele>236</ele>
        <time>2025-06-21T10:47:11Z</time>
        <hdop>1.5</hdop>
      </trkpt>
      <trkpt lat="53.961907" lon="26.979054">
        <ele>236</ele>
        <time>2025-06-21T10:47:21Z</time>
        <hdop>1</hdop>
      </trkpt>
      <trkpt lat="53.961907" lon="26.979054">
        <ele>236</ele>
        <time>2025-06-21T10:47:32Z</time>
        <hdop>1.5</hdop>
      </trkpt>
      <trkpt lat="53.961907" lon="26.979054">
        <ele>236</ele>
        <time>2025-06-21T10:47:42Z</time>
        <hdop>1</hdop>
      </trkpt>
      <trkpt lat="53.961907" lon="26.979054">
        <ele>236</ele>
        <time>2025-06-21T10:47:53Z</time>
        <hdop>1.5</hdop>
      </trkpt>
      <trkpt lat="53.961907" lon="26.979054">
        <ele>236</ele>
        <time>2025-06-21T10:48:03Z</time>
        <hdop>1</hdop>
      </trkpt>
      <trkpt lat="53.961907" lon="26.979054">
        <ele>236</ele>
        <time>2025-06-21T10:48:13Z</time>
        <hdop>1.5</hdop>
      </trkpt>
      <trkpt lat="53.961907" lon="26.979054">
        <ele>236</ele>
        <time>2025-06-21T10:48:23Z</time>
        <hdop>1.5</hdop>
      </trkpt>
      <trkpt lat="53.961907" lon="26.979054">
        <ele>236</ele>
        <time>2025-06-21T10:48:34Z</time>
        <hdop>1.5</hdop>
      </trkpt>
      <trkpt lat="53.961907" lon="26.979054">
        <ele>236</ele>
        <time>2025-06-21T10:48:44Z</time>
        <hdop>1.5</hdop>
      </trkpt>
      <trkpt lat="53.961907" lon="26.979054">
        <ele>236</ele>
        <time>2025-06-21T10:48:55Z</time>
        <hdop>1.5</hdop>
      </trkpt>
      <trkpt lat="53.961907" lon="26.979054">
        <ele>236</ele>
        <time>2025-06-21T10:49:06Z</time>
        <hdop>1.5</hdop>
      </trkpt>
      <trkpt lat="53.961907" lon="26.979054">
        <ele>236</ele>
        <time>2025-06-21T10:49:17Z</time>
        <hdop>1.5</hdop>
      </trkpt>
      <trkpt lat="53.961907" lon="26.979054">
        <ele>236</ele>
        <time>2025-06-21T10:49:28Z</time>
        <hdop>1.5</hdop>
      </trkpt>
      <trkpt lat="53.961907" lon="26.979054">
        <ele>236</ele>
        <time>2025-06-21T10:49:39Z</time>
        <hdop>1</hdop>
      </trkpt>
      <trkpt lat="53.9619139" lon="26.9790439">
        <ele>237</ele>
        <time>2025-06-21T10:49:50Z</time>
        <hdop>1</hdop>
      </trkpt>
      <trkpt lat="53.9619343" lon="26.9790931">
        <ele>237</ele>
        <time>2025-06-21T10:50:00Z</time>
        <hdop>1.5</hdop>
        <extensions>
          <speed>1.59</speed>
        </extensions>
      </trkpt>
      <trkpt lat="53.9620924" lon="26.9796403">
        <ele>238</ele>
        <time>2025-06-21T10:50:10Z</time>
        <hdop>1</hdop>
        <extensions>
          <speed>6.24</speed>
        </extensions>
      </trkpt>
      <trkpt lat="53.9623688" lon="26.9806275">
        <ele>235</ele>
        <time>2025-06-21T10:50:20Z</time>
        <hdop>1</hdop>
        <extensions>
          <speed>7.49</speed>
        </extensions>
      </trkpt>
      <trkpt lat="53.9625187" lon="26.9818386">
        <ele>233</ele>
        <time>2025-06-21T10:50:30Z</time>
        <hdop>1</hdop>
        <extensions>
          <speed>8.53</speed>
        </extensions>
      </trkpt>
      <trkpt lat="53.9629506" lon="26.9826449">
        <ele>234</ele>
        <time>2025-06-21T10:50:40Z</time>
        <hdop>1</hdop>
        <extensions>
          <speed>6.09</speed>
        </extensions>
      </trkpt>
      <trkpt lat="53.9632258" lon="26.983461">
        <ele>235</ele>
        <time>2025-06-21T10:50:51Z</time>
        <hdop>1.5</hdop>
        <extensions>
          <speed>5.35</speed>
        </extensions>
      </trkpt>
      <trkpt lat="53.9634259" lon="26.9841744">
        <ele>236</ele>
        <time>2025-06-21T10:51:01Z</time>
        <hdop>1</hdop>
        <extensions>
          <speed>4.98</speed>
        </extensions>
      </trkpt>
      <trkpt lat="53.9635873" lon="26.9850727">
        <ele>236</ele>
        <time>2025-06-21T10:51:13Z</time>
        <hdop>1</hdop>
        <extensions>
          <speed>5.25</speed>
        </extensions>
      </trkpt>
      <trkpt lat="53.9636464" lon="26.9858577">
        <ele>240</ele>
        <time>2025-06-21T10:51:23Z</time>
        <hdop>1.5</hdop>
        <extensions>
          <speed>5.04</speed>
        </extensions>
      </trkpt>
      <trkpt lat="53.9636652" lon="26.9866666">
        <ele>246</ele>
        <time>2025-06-21T10:51:34Z</time>
        <hdop>1.5</hdop>
        <extensions>
          <speed>4.64</speed>
        </extensions>
      </trkpt>
      <trkpt lat="53.9636881" lon="26.9874809">
        <ele>249</ele>
        <time>2025-06-21T10:51:45Z</time>
        <hdop>1.5</hdop>
        <extensions>
          <speed>4.8</speed>
        </extensions>
      </trkpt>
      <trkpt lat="53.9637362" lon="26.9882588">
        <ele>246</ele>
        <time>2025-06-21T10:51:55Z</time>
        <hdop>1.5</hdop>
        <extensions>
          <speed>5.72</speed>
        </extensions>
      </trkpt>
      <trkpt lat="53.9638049" lon="26.9892925">
        <ele>241</ele>
        <time>2025-06-21T10:52:05Z</time>
        <hdop>1</hdop>
        <extensions>
          <speed>7.89</speed>
        </extensions>
      </trkpt>
      <trkpt lat="53.9638787" lon="26.9906754">
        <ele>237</ele>
        <time>2025-06-21T10:52:16Z</time>
        <hdop>1.5</hdop>
        <extensions>
          <speed>8.62</speed>
        </extensions>
      </trkpt>
      <trkpt lat="53.9639491" lon="26.9921941">
        <ele>237</ele>
        <time>2025-06-21T10:52:27Z</time>
        <hdop>1.5</hdop>
        <extensions>
          <speed>8.98</speed>
        </extensions>
      </trkpt>
      <trkpt lat="53.9640075" lon="26.993664">
        <ele>237</ele>
        <time>2025-06-21T10:52:38Z</time>
        <hdop>1.5</hdop>
        <extensions>
          <speed>8.1</speed>
        </extensions>
      </trkpt>
      <trkpt lat="53.9640932" lon="26.9947919">
        <ele>238</ele>
        <time>2025-06-21T10:52:48Z</time>
        <hdop>1.5</hdop>
        <extensions>
          <speed>6.53</speed>
        </extensions>
      </trkpt>
      <trkpt lat="53.964159" lon="26.9958482">
        <ele>238</ele>
        <time>2025-06-21T10:52:58Z</time>
        <hdop>1.5</hdop>
        <extensions>
          <speed>7</speed>
        </extensions>
      </trkpt>
      <trkpt lat="53.964242" lon="26.9970214">
        <ele>240</ele>
        <time>2025-06-21T10:53:09Z</time>
        <hdop>1.5</hdop>
        <extensions>
          <speed>7.03</speed>
        </extensions>
      </trkpt>
      <trkpt lat="53.9643194" lon="26.9980679">
        <ele>240</ele>
        <time>2025-06-21T10:53:19Z</time>
        <hdop>1.5</hdop>
        <extensions>
          <speed>6.83</speed>
        </extensions>
      </trkpt>
      <trkpt lat="53.9643853" lon="26.9992361">
        <ele>242</ele>
        <time>2025-06-21T10:53:30Z</time>
        <hdop>2</hdop>
        <extensions>
          <speed>6.95</speed>
        </extensions>
      </trkpt>
      <trkpt lat="53.9644662" lon="27.0004864">
        <ele>241</ele>
        <time>2025-06-21T10:53:41Z</time>
        <hdop>1.5</hdop>
        <extensions>
          <speed>8.08</speed>
        </extensions>
      </trkpt>
      <trkpt lat="53.9645615" lon="27.001757">
        <ele>236</ele>
        <time>2025-06-21T10:53:51Z</time>
        <hdop>1.5</hdop>
        <extensions>
          <speed>8.42</speed>
        </extensions>
      </trkpt>
      <trkpt lat="53.9646509" lon="27.0030518">
        <ele>232</ele>
        <time>2025-06-21T10:54:02Z</time>
        <hdop>1</hdop>
        <extensions>
          <speed>6.9</speed>
        </extensions>
      </trkpt>
      <trkpt lat="53.9647166" lon="27.0040998">
        <ele>235</ele>
        <time>2025-06-21T10:54:12Z</time>
        <hdop>1.5</hdop>
        <extensions>
          <speed>6.7</speed>
        </extensions>
      </trkpt>
      <trkpt lat="53.964801" lon="27.0052523">
        <ele>236</ele>
        <time>2025-06-21T10:54:23Z</time>
        <hdop>1.5</hdop>
        <extensions>
          <speed>7</speed>
        </extensions>
      </trkpt>
      <trkpt lat="53.9648953" lon="27.0063643">
        <ele>236</ele>
        <time>2025-06-21T10:54:33Z</time>
        <hdop>1.5</hdop>
        <extensions>
          <speed>7.01</speed>
        </extensions>
      </trkpt>
      <trkpt lat="53.9650201" lon="27.0074101">
        <ele>234</ele>
        <time>2025-06-21T10:54:43Z</time>
        <hdop>1.5</hdop>
        <extensions>
          <speed>6.86</speed>
        </extensions>
      </trkpt>
      <trkpt lat="53.9651333" lon="27.008347">
        <ele>237</ele>
        <time>2025-06-21T10:54:53Z</time>
        <hdop>1.5</hdop>
        <extensions>
          <speed>5.93</speed>
        </extensions>
      </trkpt>
      <trkpt lat="53.9652695" lon="27.0093463">
        <ele>239</ele>
        <time>2025-06-21T10:55:04Z</time>
        <hdop>1.5</hdop>
        <extensions>
          <speed>6.34</speed>
        </extensions>
      </trkpt>
      <trkpt lat="53.9653988" lon="27.0103139">
        <ele>239</ele>
        <time>2025-06-21T10:55:14Z</time>
        <hdop>1.5</hdop>
        <extensions>
          <speed>6.33</speed>
        </extensions>
      </trkpt>
      <trkpt lat="53.9655756" lon="27.0114326">
        <ele>237</ele>
        <time>2025-06-21T10:55:25Z</time>
        <hdop>1.5</hdop>
        <extensions>
          <speed>7.14</speed>
        </extensions>
      </trkpt>
      <trkpt lat="53.9657359" lon="27.0126831">
        <ele>236</ele>
        <time>2025-06-21T10:55:36Z</time>
        <hdop>1.5</hdop>
        <extensions>
          <speed>7.74</speed>
        </extensions>
      </trkpt>
      <trkpt lat="53.9658756" lon="27.0137481">
        <ele>237</ele>
        <time>2025-06-21T10:55:46Z</time>
        <hdop>1.5</hdop>
        <extensions>
          <speed>7.17</speed>
        </extensions>
      </trkpt>
      <trkpt lat="53.9660364" lon="27.014888">
        <ele>236</ele>
        <time>2025-06-21T10:55:57Z</time>
        <hdop>1</hdop>
        <extensions>
          <speed>6.88</speed>
        </extensions>
      </trkpt>
      <trkpt lat="53.9661794" lon="27.0159243">
        <ele>234</ele>
        <time>2025-06-21T10:56:07Z</time>
        <hdop>1.5</hdop>
        <extensions>
          <speed>6.75</speed>
        </extensions>
      </trkpt>
      <trkpt lat="53.9663089" lon="27.0169292">
        <ele>234</ele>
        <time>2025-06-21T10:56:17Z</time>
        <hdop>1.5</hdop>
        <extensions>
          <speed>6.72</speed>
        </extensions>
      </trkpt>
      <trkpt lat="53.9664463" lon="27.017965">
        <ele>236</ele>
        <time>2025-06-21T10:56:27Z</time>
        <hdop>1.5</hdop>
        <extensions>
          <speed>7.12</speed>
        </extensions>
      </trkpt>
      <trkpt lat="53.9665846" lon="27.0190336">
        <ele>235</ele>
        <time>2025-06-21T10:56:37Z</time>
        <hdop>1.5</hdop>
        <extensions>
          <speed>7.27</speed>
        </extensions>
      </trkpt>
      <trkpt lat="53.966704" lon="27.0201899">
        <ele>234</ele>
        <time>2025-06-21T10:56:48Z</time>
        <hdop>1.5</hdop>
        <extensions>
          <speed>7.08</speed>
        </extensions>
      </trkpt>
      <trkpt lat="53.9667942" lon="27.0212469">
        <ele>234</ele>
        <time>2025-06-21T10:56:58Z</time>
        <hdop>1</hdop>
        <extensions>
          <speed>7.03</speed>
        </extensions>
      </trkpt>
      <trkpt lat="53.9668515" lon="27.0223571">
        <ele>234</ele>
        <time>2025-06-21T10:57:08Z</time>
        <hdop>1</hdop>
        <extensions>
          <speed>7.47</speed>
        </extensions>
      </trkpt>
      <trkpt lat="53.966894" lon="27.0235463">
        <ele>235</ele>
        <time>2025-06-21T10:57:19Z</time>
        <hdop>1</hdop>
        <extensions>
          <speed>6.73</speed>
        </extensions>
      </trkpt>
      <trkpt lat="53.9669242" lon="27.0246497">
        <ele>236</ele>
        <time>2025-06-21T10:57:30Z</time>
        <hdop>1.5</hdop>
        <extensions>
          <speed>6.39</speed>
        </extensions>
      </trkpt>
      <trkpt lat="53.9669213" lon="27.0257547">
        <ele>235</ele>
        <time>2025-06-21T10:57:41Z</time>
        <hdop>1</hdop>
        <extensions>
          <speed>6.4</speed>
        </extensions>
      </trkpt>
      <trkpt lat="53.9668893" lon="27.0268067">
        <ele>233</ele>
        <time>2025-06-21T10:57:52Z</time>
        <hdop>1.5</hdop>
        <extensions>
          <speed>6.19</speed>
        </extensions>
      </trkpt>
      <trkpt lat="53.9668517" lon="27.0277753">
        <ele>235</ele>
        <time>2025-06-21T10:58:02Z</time>
        <hdop>1.5</hdop>
        <extensions>
          <speed>6.48</speed>
        </extensions>
      </trkpt>
      <trkpt lat="53.9668091" lon="27.0287487">
        <ele>236</ele>
        <time>2025-06-21T10:58:12Z</time>
        <hdop>1.5</hdop>
        <extensions>
          <speed>5.97</speed>
        </extensions>
      </trkpt>
      <trkpt lat="53.9667688" lon="27.0298324">
        <ele>236</ele>
        <time>2025-06-21T10:58:23Z</time>
        <hdop>1.5</hdop>
        <extensions>
          <speed>6.51</speed>
        </extensions>
      </trkpt>
      <trkpt lat="53.9667428" lon="27.0309128">
        <ele>237</ele>
        <time>2025-06-21T10:58:34Z</time>
        <hdop>1.5</hdop>
        <extensions>
          <speed>6.46</speed>
        </extensions>
      </trkpt>
      <trkpt lat="53.9667205" lon="27.0319512">
        <ele>237</ele>
        <time>2025-06-21T10:58:45Z</time>
        <hdop>1.5</hdop>
        <extensions>
          <speed>6.07</speed>
        </extensions>
      </trkpt>
      <trkpt lat="53.9666976" lon="27.0328824">
        <ele>236</ele>
        <time>2025-06-21T10:58:55Z</time>
        <hdop>1.5</hdop>
        <extensions>
          <speed>6.18</speed>
        </extensions>
      </trkpt>
      <trkpt lat="53.9666431" lon="27.0339627">
        <ele>235</ele>
        <time>2025-06-21T10:59:06Z</time>
        <hdop>1</hdop>
        <extensions>
          <speed>6.71</speed>
        </extensions>
      </trkpt>
      <trkpt lat="53.966615" lon="27.0349913">
        <ele>235</ele>
        <time>2025-06-21T10:59:16Z</time>
        <hdop>1</hdop>
        <extensions>
          <speed>7.04</speed>
        </extensions>
      </trkpt>
      <trkpt lat="53.9665951" lon="27.036149">
        <ele>234</ele>
        <time>2025-06-21T10:59:27Z</time>
        <hdop>1</hdop>
        <extensions>
          <speed>6.6</speed>
        </extensions>
      </trkpt>
      <trkpt lat="53.966568" lon="27.037241">
        <ele>234</ele>
        <time>2025-06-21T10:59:38Z</time>
        <hdop>1</hdop>
        <extensions>
          <speed>6.47</speed>
        </extensions>
      </trkpt>
      <trkpt lat="53.9666109" lon="27.03825">
        <ele>233</ele>
        <time>2025-06-21T10:59:48Z</time>
        <hdop>1</hdop>
        <extensions>
          <speed>6.78</speed>
        </extensions>
      </trkpt>
      <trkpt lat="53.9665923" lon="27.0393095">
        <ele>231</ele>
        <time>2025-06-21T10:59:59Z</time>
        <hdop>1</hdop>
        <extensions>
          <speed>6.13</speed>
        </extensions>
      </trkpt>
      <trkpt lat="53.9661121" lon="27.0394377">
        <ele>232</ele>
        <time>2025-06-21T11:00:09Z</time>
        <hdop>1</hdop>
        <extensions>
          <speed>4.66</speed>
        </extensions>
      </trkpt>
      <trkpt lat="53.9656884" lon="27.0395452">
        <ele>235</ele>
        <time>2025-06-21T11:00:20Z</time>
        <hdop>1</hdop>
        <extensions>
          <speed>4.07</speed>
        </extensions>
      </trkpt>
      <trkpt lat="53.9652992" lon="27.0395942">
        <ele>235</ele>
        <time>2025-06-21T11:00:30Z</time>
        <hdop>1</hdop>
        <extensions>
          <speed>4.52</speed>
        </extensions>
      </trkpt>
      <trkpt lat="53.9648529" lon="27.0396891">
        <ele>237</ele>
        <time>2025-06-21T11:00:41Z</time>
        <hdop>1</hdop>
        <extensions>
          <speed>4.81</speed>
        </extensions>
      </trkpt>
      <trkpt lat="53.9643927" lon="27.0398612">
        <ele>237</ele>
        <time>2025-06-21T11:00:52Z</time>
        <hdop>1</hdop>
        <extensions>
          <speed>5.1</speed>
        </extensions>
      </trkpt>
      <trkpt lat="53.9639458" lon="27.0400791">
        <ele>239</ele>
        <time>2025-06-21T11:01:02Z</time>
        <hdop>1</hdop>
        <extensions>
          <speed>5.19</speed>
        </extensions>
      </trkpt>
      <trkpt lat="53.9634509" lon="27.040353">
        <ele>240</ele>
        <time>2025-06-21T11:01:13Z</time>
        <hdop>1</hdop>
        <extensions>
          <speed>5.13</speed>
        </extensions>
      </trkpt>
      <trkpt lat="53.9630355" lon="27.040651">
        <ele>243</ele>
        <time>2025-06-21T11:01:23Z</time>
        <hdop>1</hdop>
        <extensions>
          <speed>4.84</speed>
        </extensions>
      </trkpt>
      <trkpt lat="53.9626273" lon="27.0410177">
        <ele>245</ele>
        <time>2025-06-21T11:01:34Z</time>
        <hdop>1</hdop>
        <extensions>
          <speed>5.05</speed>
        </extensions>
      </trkpt>
      <trkpt lat="53.9622152" lon="27.0415293">
        <ele>247</ele>
        <time>2025-06-21T11:01:45Z</time>
        <hdop>1.5</hdop>
        <extensions>
          <speed>4.74</speed>
        </extensions>
      </trkpt>
      <trkpt lat="53.9618922" lon="27.0419745">
        <ele>248</ele>
        <time>2025-06-21T11:01:56Z</time>
        <hdop>1.5</hdop>
        <extensions>
          <speed>3.51</speed>
        </extensions>
      </trkpt>
      <trkpt lat="53.9615186" lon="27.0423532">
        <ele>247</ele>
        <time>2025-06-21T11:02:06Z</time>
        <hdop>1</hdop>
        <extensions>
          <speed>5.47</speed>
        </extensions>
      </trkpt>
      <trkpt lat="53.9610303" lon="27.0427973">
        <ele>246</ele>
        <time>2025-06-21T11:02:16Z</time>
        <hdop>1</hdop>
        <extensions>
          <speed>6.66</speed>
        </extensions>
      </trkpt>
      <trkpt lat="53.9604207" lon="27.0433462">
        <ele>244</ele>
        <time>2025-06-21T11:02:27Z</time>
        <hdop>1</hdop>
        <extensions>
          <speed>7.9</speed>
        </extensions>
      </trkpt>
      <trkpt lat="53.9597384" lon="27.0440022">
        <ele>241</ele>
        <time>2025-06-21T11:02:38Z</time>
        <hdop>1</hdop>
        <extensions>
          <speed>7.36</speed>
        </extensions>
      </trkpt>
      <trkpt lat="53.9594335" lon="27.0446431">
        <ele>242</ele>
        <time>2025-06-21T11:02:49Z</time>
        <hdop>1.5</hdop>
        <extensions>
          <speed>5.78</speed>
        </extensions>
      </trkpt>
      <trkpt lat="53.9597316" lon="27.0455431">
        <ele>240</ele>
        <time>2025-06-21T11:03:00Z</time>
        <hdop>1.5</hdop>
        <extensions>
          <speed>6.13</speed>
        </extensions>
      </trkpt>
      <trkpt lat="53.9600127" lon="27.046377">
        <ele>239</ele>
        <time>2025-06-21T11:03:10Z</time>
        <hdop>1.5</hdop>
        <extensions>
          <speed>5.86</speed>
        </extensions>
      </trkpt>
      <trkpt lat="53.9601441" lon="27.0472347">
        <ele>245</ele>
        <time>2025-06-21T11:03:21Z</time>
        <hdop>1.5</hdop>
        <extensions>
          <speed>5.55</speed>
        </extensions>
      </trkpt>
      <trkpt lat="53.9600291" lon="27.0481688">
        <ele>242</ele>
        <time>2025-06-21T11:03:32Z</time>
        <hdop>1.5</hdop>
        <extensions>
          <speed>5.49</speed>
        </extensions>
      </trkpt>
      <trkpt lat="53.9598058" lon="27.0489899">
        <ele>242</ele>
        <time>2025-06-21T11:03:43Z</time>
        <hdop>1.5</hdop>
        <extensions>
          <speed>5.2</speed>
        </extensions>
      </trkpt>
      <trkpt lat="53.959707" lon="27.0497745">
        <ele>242</ele>
        <time>2025-06-21T11:03:53Z</time>
        <hdop>1.5</hdop>
        <extensions>
          <speed>4.98</speed>
        </extensions>
      </trkpt>
      <trkpt lat="53.9594908" lon="27.0499978">
        <ele>241</ele>
        <time>2025-06-21T11:04:03Z</time>
        <hdop>1.5</hdop>
        <extensions>
          <speed>2</speed>
        </extensions>
      </trkpt>
      <trkpt lat="53.9594808" lon="27.0500535">
        <ele>241</ele>
        <time>2025-06-21T11:04:14Z</time>
        <hdop>2</hdop>
        <extensions>
          <speed>1.01</speed>
        </extensions>
      </trkpt>
      <trkpt lat="53.959729" lon="27.0500855">
        <ele>240</ele>
        <time>2025-06-21T11:04:25Z</time>
        <hdop>2</hdop>
        <extensions>
          <speed>3.75</speed>
        </extensions>
      </trkpt>
      <trkpt lat="53.9600004" lon="27.0503771">
        <ele>240</ele>
        <time>2025-06-21T11:04:35Z</time>
        <hdop>3</hdop>
        <extensions>
          <speed>2.59</speed>
        </extensions>
      </trkpt>
      <trkpt lat="53.9603484" lon="27.050331">
        <ele>238</ele>
        <time>2025-06-21T11:04:46Z</time>
        <hdop>2.5</hdop>
        <extensions>
          <speed>2.3</speed>
        </extensions>
      </trkpt>
      <trkpt lat="53.960602" lon="27.0500887">
        <ele>241</ele>
        <time>2025-06-21T11:04:56Z</time>
        <hdop>2.5</hdop>
        <extensions>
          <speed>1.69</speed>
        </extensions>
      </trkpt>
      <trkpt lat="53.9608669" lon="27.0504101">
        <ele>240</ele>
        <time>2025-06-21T11:05:06Z</time>
        <hdop>2.5</hdop>
        <extensions>
          <speed>2.48</speed>
        </extensions>
      </trkpt>
      <trkpt lat="53.9611989" lon="27.0507931">
        <ele>236</ele>
        <time>2025-06-21T11:05:16Z</time>
        <hdop>2.5</hdop>
        <extensions>
          <speed>3.88</speed>
        </extensions>
      </trkpt>
      <trkpt lat="53.9615989" lon="27.0513411">
        <ele>238</ele>
        <time>2025-06-21T11:05:27Z</time>
        <hdop>2.5</hdop>
        <extensions>
          <speed>3.37</speed>
        </extensions>
      </trkpt>
      <trkpt lat="53.9619323" lon="27.0518965">
        <ele>238</ele>
        <time>2025-06-21T11:05:38Z</time>
        <hdop>2.5</hdop>
        <extensions>
          <speed>4.2</speed>
        </extensions>
      </trkpt>
      <trkpt lat="53.9624604" lon="27.0525728">
        <ele>235</ele>
        <time>2025-06-21T11:05:49Z</time>
        <hdop>2</hdop>
        <extensions>
          <speed>6.23</speed>
        </extensions>
      </trkpt>
      <trkpt lat="53.9629227" lon="27.0530449">
        <ele>231</ele>
        <time>2025-06-21T11:05:59Z</time>
        <hdop>1.5</hdop>
        <extensions>
          <speed>7.46</speed>
        </extensions>
      </trkpt>
      <trkpt lat="53.9634045" lon="27.0532763">
        <ele>228</ele>
        <time>2025-06-21T11:06:10Z</time>
        <hdop>2</hdop>
        <extensions>
          <speed>3.01</speed>
        </extensions>
      </trkpt>
      <trkpt lat="53.963564" lon="27.0534396">
        <ele>227</ele>
        <time>2025-06-21T11:06:20Z</time>
        <hdop>2</hdop>
        <extensions>
          <speed>1.74</speed>
        </extensions>
      </trkpt>
      <trkpt lat="53.9636512" lon="27.0536194">
        <ele>228</ele>
        <time>2025-06-21T11:06:31Z</time>
        <hdop>2</hdop>
        <extensions>
          <speed>0.01</speed>
        </extensions>
      </trkpt>
      <trkpt lat="53.963658" lon="27.0536228">
        <ele>228</ele>
        <time>2025-06-21T11:06:41Z</time>
        <hdop>1.5</hdop>
      </trkpt>
      <trkpt lat="53.963658" lon="27.0536228">
        <ele>228</ele>
        <time>2025-06-21T11:06:51Z</time>
        <hdop>1.5</hdop>
      </trkpt>
      <trkpt lat="53.963658" lon="27.0536228">
        <ele>228</ele>
        <time>2025-06-21T11:07:02Z</time>
        <hdop>1.5</hdop>
      </trkpt>
      <trkpt lat="53.963658" lon="27.0536228">
        <ele>228</ele>
        <time>2025-06-21T11:07:13Z</time>
        <hdop>1.5</hdop>
      </trkpt>
      <trkpt lat="53.9636531" lon="27.0536267">
        <ele>228</ele>
        <time>2025-06-21T11:07:24Z</time>
        <hdop>1.5</hdop>
        <extensions>
          <speed>0.5</speed>
        </extensions>
      </trkpt>
      <trkpt lat="53.963599" lon="27.0535603">
        <ele>227</ele>
        <time>2025-06-21T11:07:34Z</time>
        <hdop>1.5</hdop>
        <extensions>
          <speed>1.36</speed>
        </extensions>
      </trkpt>
      <trkpt lat="53.9635285" lon="27.0534245">
        <ele>229</ele>
        <time>2025-06-21T11:07:44Z</time>
        <hdop>1</hdop>
        <extensions>
          <speed>1.34</speed>
        </extensions>
      </trkpt>
      <trkpt lat="53.9634272" lon="27.0533547">
        <ele>226</ele>
        <time>2025-06-21T11:07:55Z</time>
        <hdop>1.5</hdop>
      </trkpt>
      <trkpt lat="53.9633342" lon="27.0532806">
        <ele>225</ele>
        <time>2025-06-21T11:08:06Z</time>
        <hdop>1.5</hdop>
      </trkpt>
      <trkpt lat="53.9633011" lon="27.0532295">
        <ele>223</ele>
        <time>2025-06-21T11:08:17Z</time>
        <hdop>1.5</hdop>
        <extensions>
          <speed>0.21</speed>
        </extensions>
      </trkpt>
      <trkpt lat="53.963312" lon="27.0532284">
        <ele>224</ele>
        <time>2025-06-21T11:08:27Z</time>
        <hdop>2</hdop>
      </trkpt>
      <trkpt lat="53.963312" lon="27.0532284">
        <ele>224</ele>
        <time>2025-06-21T11:08:37Z</time>
        <hdop>1.5</hdop>
      </trkpt>
      <trkpt lat="53.963312" lon="27.0532284">
        <ele>224</ele>
        <time>2025-06-21T11:08:47Z</time>
        <hdop>1.5</hdop>
      </trkpt>
      <trkpt lat="53.963312" lon="27.0532284">
        <ele>224</ele>
        <time>2025-06-21T11:08:57Z</time>
        <hdop>1.5</hdop>
      </trkpt>
      <trkpt lat="53.963312" lon="27.0532284">
        <ele>224</ele>
        <time>2025-06-21T11:09:07Z</time>
        <hdop>1.5</hdop>
      </trkpt>
      <trkpt lat="53.9633185" lon="27.0532165">
        <ele>225</ele>
        <time>2025-06-21T11:09:18Z</time>
        <hdop>1.5</hdop>
        <extensions>
          <speed>0.01</speed>
        </extensions>
      </trkpt>
      <trkpt lat="53.9633323" lon="27.0532307">
        <ele>226</ele>
        <time>2025-06-21T11:09:28Z</time>
        <hdop>1.5</hdop>
        <extensions>
          <speed>0.24</speed>
        </extensions>
      </trkpt>
      <trkpt lat="53.9633313" lon="27.0532317">
        <ele>226</ele>
        <time>2025-06-21T11:09:39Z</time>
        <hdop>1</hdop>
      </trkpt>
      <trkpt lat="53.9633313" lon="27.0532317">
        <ele>226</ele>
        <time>2025-06-21T11:09:49Z</time>
        <hdop>1.5</hdop>
      </trkpt>
      <trkpt lat="53.9633313" lon="27.0532317">
        <ele>226</ele>
        <time>2025-06-21T11:10:00Z</time>
        <hdop>1.5</hdop>
      </trkpt>
      <trkpt lat="53.9633139" lon="27.0531477">
        <ele>226</ele>
        <time>2025-06-21T11:10:11Z</time>
        <hdop>1.5</hdop>
        <extensions>
          <speed>0.24</speed>
        </extensions>
      </trkpt>
      <trkpt lat="53.9633119" lon="27.0531458">
        <ele>226</ele>
        <time>2025-06-21T11:10:21Z</time>
        <hdop>1.5</hdop>
      </trkpt>
      <trkpt lat="53.9633348" lon="27.052762">
        <ele>223</ele>
        <time>2025-06-21T11:10:32Z</time>
        <hdop>2</hdop>
        <extensions>
          <speed>2.97</speed>
        </extensions>
      </trkpt>
      <trkpt lat="53.9633801" lon="27.0522532">
        <ele>224</ele>
        <time>2025-06-21T11:10:43Z</time>
        <hdop>2</hdop>
        <extensions>
          <speed>3.36</speed>
        </extensions>
      </trkpt>
      <trkpt lat="53.9634474" lon="27.0518482">
        <ele>223</ele>
        <time>2025-06-21T11:10:53Z</time>
        <hdop>2</hdop>
        <extensions>
          <speed>2.99</speed>
        </extensions>
      </trkpt>
      <trkpt lat="53.9636127" lon="27.0516848">
        <ele>225</ele>
        <time>2025-06-21T11:11:04Z</time>
        <hdop>2</hdop>
        <extensions>
          <speed>1.43</speed>
        </extensions>
      </trkpt>
      <trkpt lat="53.9636761" lon="27.0515732">
        <ele>228</ele>
        <time>2025-06-21T11:11:14Z</time>
        <hdop>1.5</hdop>
        <extensions>
          <speed>1.56</speed>
        </extensions>
      </trkpt>
      <trkpt lat="53.9637485" lon="27.0516207">
        <ele>231</ele>
        <time>2025-06-21T11:11:25Z</time>
        <hdop>1.5</hdop>
        <extensions>
          <speed>0.29</speed>
        </extensions>
      </trkpt>
      <trkpt lat="53.9637705" lon="27.0516184">
        <ele>231</ele>
        <time>2025-06-21T11:11:36Z</time>
        <hdop>1</hdop>
      </trkpt>
      <trkpt lat="53.9637705" lon="27.0516184">
        <ele>231</ele>
        <time>2025-06-21T11:11:47Z</time>
        <hdop>1</hdop>
      </trkpt>
      <trkpt lat="53.9637705" lon="27.0516184">
        <ele>231</ele>
        <time>2025-06-21T11:11:58Z</time>
        <hdop>1</hdop>
      </trkpt>
      <trkpt lat="53.9637705" lon="27.0516184">
        <ele>231</ele>
        <time>2025-06-21T11:12:09Z</time>
        <hdop>1</hdop>
      </trkpt>
      <trkpt lat="53.9637737" lon="27.0516333">
        <ele>232</ele>
        <time>2025-06-21T11:12:20Z</time>
        <hdop>2</hdop>
        <extensions>
          <speed>0.29</speed>
        </extensions>
      </trkpt>
      <trkpt lat="53.9637737" lon="27.0516315">
        <ele>232</ele>
        <time>2025-06-21T11:12:31Z</time>
        <hdop>2</hdop>
      </trkpt>
      <trkpt lat="53.9637737" lon="27.0516315">
        <ele>232</ele>
        <time>2025-06-21T11:12:41Z</time>
        <hdop>2</hdop>
      </trkpt>
      <trkpt lat="53.9637716" lon="27.0516295">
        <ele>231</ele>
        <time>2025-06-21T11:12:52Z</time>
        <hdop>2.5</hdop>
      </trkpt>
      <trkpt lat="53.9637836" lon="27.0516299">
        <ele>233</ele>
        <time>2025-06-21T11:13:03Z</time>
        <hdop>3</hdop>
      </trkpt>
      <trkpt lat="53.9637707" lon="27.0516512">
        <ele>230</ele>
        <time>2025-06-21T11:13:13Z</time>
        <hdop>2.5</hdop>
      </trkpt>
      <trkpt lat="53.9637536" lon="27.0516366">
        <ele>231</ele>
        <time>2025-06-21T11:13:24Z</time>
        <hdop>1.5</hdop>
        <extensions>
          <speed>0.76</speed>
        </extensions>
      </trkpt>
      <trkpt lat="53.9637324" lon="27.0516265">
        <ele>231</ele>
        <time>2025-06-21T11:13:35Z</time>
        <hdop>2</hdop>
        <extensions>
          <speed>0.2</speed>
        </extensions>
      </trkpt>
      <trkpt lat="53.9637394" lon="27.0516176">
        <ele>232</ele>
        <time>2025-06-21T11:13:45Z</time>
        <hdop>3</hdop>
      </trkpt>
      <trkpt lat="53.963737" lon="27.0516298">
        <ele>232</ele>
        <time>2025-06-21T11:13:55Z</time>
        <hdop>2.5</hdop>
        <extensions>
          <speed>0.1</speed>
        </extensions>
      </trkpt>
      <trkpt lat="53.9637552" lon="27.0516595">
        <ele>230</ele>
        <time>2025-06-21T11:14:05Z</time>
        <hdop>2.5</hdop>
      </trkpt>
      <trkpt lat="53.9637462" lon="27.0516525">
        <ele>231</ele>
        <time>2025-06-21T11:14:16Z</time>
        <hdop>2.5</hdop>
      </trkpt>
      <trkpt lat="53.9637462" lon="27.0516525">
        <ele>231</ele>
        <time>2025-06-21T11:14:27Z</time>
        <hdop>4</hdop>
      </trkpt>
      <trkpt lat="53.9637462" lon="27.0516525">
        <ele>231</ele>
        <time>2025-06-21T11:14:38Z</time>
        <hdop>3</hdop>
      </trkpt>
      <trkpt lat="53.9637462" lon="27.0516525">
        <ele>231</ele>
        <time>2025-06-21T11:14:48Z</time>
        <hdop>3</hdop>
      </trkpt>
      <trkpt lat="53.9637462" lon="27.0516525">
        <ele>231</ele>
        <time>2025-06-21T11:14:59Z</time>
        <hdop>2.5</hdop>
      </trkpt>
      <trkpt lat="53.9637462" lon="27.0516525">
        <ele>231</ele>
        <time>2025-06-21T11:15:09Z</time>
        <hdop>2.5</hdop>
      </trkpt>
      <trkpt lat="53.9637462" lon="27.0516525">
        <ele>231</ele>
        <time>2025-06-21T11:15:20Z</time>
        <hdop>2</hdop>
      </trkpt>
      <trkpt lat="53.9637419" lon="27.0516307">
        <ele>230</ele>
        <time>2025-06-21T11:15:31Z</time>
        <hdop>2.5</hdop>
      </trkpt>
      <trkpt lat="53.9637105" lon="27.0516167">
        <ele>230</ele>
        <time>2025-06-21T11:15:42Z</time>
        <hdop>2</hdop>
      </trkpt>
      <trkpt lat="53.9636107" lon="27.0516314">
        <ele>227</ele>
        <time>2025-06-21T11:15:53Z</time>
        <hdop>2.5</hdop>
        <extensions>
          <speed>0.42</speed>
        </extensions>
      </trkpt>
      <trkpt lat="53.9636272" lon="27.0516649">
        <ele>226</ele>
        <time>2025-06-21T11:16:03Z</time>
        <hdop>2</hdop>
        <extensions>
          <speed>0.37</speed>
        </extensions>
      </trkpt>
      <trkpt lat="53.9635948" lon="27.0516923">
        <ele>223</ele>
        <time>2025-06-21T11:16:13Z</time>
        <hdop>2.5</hdop>
      </trkpt>
      <trkpt lat="53.9634989" lon="27.0517895">
        <ele>223</ele>
        <time>2025-06-21T11:16:24Z</time>
        <hdop>2.5</hdop>
        <extensions>
          <speed>1.47</speed>
        </extensions>
      </trkpt>
      <trkpt lat="53.9634208" lon="27.0519806">
        <ele>225</ele>
        <time>2025-06-21T11:16:35Z</time>
        <hdop>2</hdop>
        <extensions>
          <speed>2.08</speed>
        </extensions>
      </trkpt>
      <trkpt lat="53.9633887" lon="27.0522756">
        <ele>224</ele>
        <time>2025-06-21T11:16:46Z</time>
        <hdop>2</hdop>
        <extensions>
          <speed>1.65</speed>
        </extensions>
      </trkpt>
      <trkpt lat="53.9633999" lon="27.0525308">
        <ele>225</ele>
        <time>2025-06-21T11:16:56Z</time>
        <hdop>2</hdop>
        <extensions>
          <speed>2.27</speed>
        </extensions>
      </trkpt>
      <trkpt lat="53.9633428" lon="27.0528924">
        <ele>225</ele>
        <time>2025-06-21T11:17:07Z</time>
        <hdop>2</hdop>
        <extensions>
          <speed>1.69</speed>
        </extensions>
      </trkpt>
      <trkpt lat="53.963336" lon="27.0532189">
        <ele>225</ele>
        <time>2025-06-21T11:17:18Z</time>
        <hdop>2</hdop>
        <extensions>
          <speed>1.48</speed>
        </extensions>
      </trkpt>
      <trkpt lat="53.9634887" lon="27.0533484">
        <ele>227</ele>
        <time>2025-06-21T11:17:29Z</time>
        <hdop>2</hdop>
        <extensions>
          <speed>3.11</speed>
        </extensions>
      </trkpt>
      <trkpt lat="53.9637637" lon="27.0537734">
        <ele>228</ele>
        <time>2025-06-21T11:17:40Z</time>
        <hdop>2</hdop>
        <extensions>
          <speed>2.88</speed>
        </extensions>
      </trkpt>
      <trkpt lat="53.9640811" lon="27.0541565">
        <ele>229</ele>
        <time>2025-06-21T11:17:51Z</time>
        <hdop>1.5</hdop>
        <extensions>
          <speed>4.65</speed>
        </extensions>
      </trkpt>
      <trkpt lat="53.9644341" lon="27.0545041">
        <ele>229</ele>
        <time>2025-06-21T11:18:02Z</time>
        <hdop>1.5</hdop>
        <extensions>
          <speed>3.68</speed>
        </extensions>
      </trkpt>
      <trkpt lat="53.9647778" lon="27.0548041">
        <ele>228</ele>
        <time>2025-06-21T11:18:13Z</time>
        <hdop>1.5</hdop>
        <extensions>
          <speed>4.19</speed>
        </extensions>
      </trkpt>
      <trkpt lat="53.9650815" lon="27.0551239">
        <ele>229</ele>
        <time>2025-06-21T11:18:23Z</time>
        <hdop>1.5</hdop>
        <extensions>
          <speed>3.68</speed>
        </extensions>
      </trkpt>
      <trkpt lat="53.9653237" lon="27.0554793">
        <ele>229</ele>
        <time>2025-06-21T11:18:34Z</time>
        <hdop>2</hdop>
        <extensions>
          <speed>2.64</speed>
        </extensions>
      </trkpt>
      <trkpt lat="53.9655937" lon="27.0554125">
        <ele>230</ele>
        <time>2025-06-21T11:18:45Z</time>
        <hdop>2</hdop>
        <extensions>
          <speed>3.04</speed>
        </extensions>
      </trkpt>
      <trkpt lat="53.9658081" lon="27.0552703">
        <ele>232</ele>
        <time>2025-06-21T11:18:55Z</time>
        <hdop>2.5</hdop>
        <extensions>
          <speed>1.8</speed>
        </extensions>
      </trkpt>
      <trkpt lat="53.9660417" lon="27.0549579">
        <ele>231</ele>
        <time>2025-06-21T11:19:05Z</time>
        <hdop>2</hdop>
        <extensions>
          <speed>3.03</speed>
        </extensions>
      </trkpt>
      <trkpt lat="53.9662173" lon="27.0551799">
        <ele>232</ele>
        <time>2025-06-21T11:19:16Z</time>
        <hdop>2</hdop>
        <extensions>
          <speed>2.16</speed>
        </extensions>
      </trkpt>
      <trkpt lat="53.9661763" lon="27.0554391">
        <ele>233</ele>
        <time>2025-06-21T11:19:26Z</time>
        <hdop>2</hdop>
        <extensions>
          <speed>1.88</speed>
        </extensions>
      </trkpt>
      <trkpt lat="53.9660248" lon="27.0556597">
        <ele>234</ele>
        <time>2025-06-21T11:19:37Z</time>
        <hdop>2.5</hdop>
        <extensions>
          <speed>1.29</speed>
        </extensions>
      </trkpt>
      <trkpt lat="53.9658773" lon="27.0557662">
        <ele>235</ele>
        <time>2025-06-21T11:19:48Z</time>
        <hdop>2.5</hdop>
        <extensions>
          <speed>3.06</speed>
        </extensions>
      </trkpt>
      <trkpt lat="53.9657021" lon="27.0555621">
        <ele>234</ele>
        <time>2025-06-21T11:19:58Z</time>
        <hdop>2</hdop>
        <extensions>
          <speed>1.58</speed>
        </extensions>
      </trkpt>
      <trkpt lat="53.9654727" lon="27.0557189">
        <ele>239</ele>
        <time>2025-06-21T11:20:09Z</time>
        <hdop>3</hdop>
        <extensions>
          <speed>2.01</speed>
        </extensions>
      </trkpt>
      <trkpt lat="53.965426" lon="27.0560894">
        <ele>237</ele>
        <time>2025-06-21T11:20:19Z</time>
        <hdop>2.5</hdop>
        <extensions>
          <speed>2.21</speed>
        </extensions>
      </trkpt>
      <trkpt lat="53.9656296" lon="27.0561725">
        <ele>238</ele>
        <time>2025-06-21T11:20:30Z</time>
        <hdop>2</hdop>
        <extensions>
          <speed>2.75</speed>
        </extensions>
      </trkpt>
      <trkpt lat="53.9658236" lon="27.0559734">
        <ele>235</ele>
        <time>2025-06-21T11:20:40Z</time>
        <hdop>2.5</hdop>
        <extensions>
          <speed>2.1</speed>
        </extensions>
      </trkpt>
      <trkpt lat="53.9658331" lon="27.0558545">
        <ele>234</ele>
        <time>2025-06-21T11:20:51Z</time>
        <hdop>1.5</hdop>
      </trkpt>
      <trkpt lat="53.9658331" lon="27.0558545">
        <ele>234</ele>
        <time>2025-06-21T11:21:01Z</time>
        <hdop>1.5</hdop>
      </trkpt>
      <trkpt lat="53.965815" lon="27.0559386">
        <ele>234</ele>
        <time>2025-06-21T11:21:11Z</time>
        <hdop>2</hdop>
      </trkpt>
      <trkpt lat="53.965815" lon="27.0559386">
        <ele>234</ele>
        <time>2025-06-21T11:21:22Z</time>
        <hdop>2</hdop>
      </trkpt>
      <trkpt lat="53.9658233" lon="27.0559483">
        <ele>234</ele>
        <time>2025-06-21T11:21:32Z</time>
        <hdop>2</hdop>
      </trkpt>
      <trkpt lat="53.9658233" lon="27.0559483">
        <ele>234</ele>
        <time>2025-06-21T11:21:43Z</time>
        <hdop>2</hdop>
      </trkpt>
      <trkpt lat="53.9658233" lon="27.0559483">
        <ele>234</ele>
        <time>2025-06-21T11:21:53Z</time>
        <hdop>2</hdop>
      </trkpt>
      <trkpt lat="53.9658233" lon="27.0559483">
        <ele>234</ele>
        <time>2025-06-21T11:22:04Z</time>
        <hdop>2</hdop>
      </trkpt>
      <trkpt lat="53.9658399" lon="27.0559253">
        <ele>235</ele>
        <time>2025-06-21T11:22:15Z</time>
        <hdop>1.5</hdop>
        <extensions>
          <speed>0.07</speed>
        </extensions>
      </trkpt>
      <trkpt lat="53.9658464" lon="27.0559256">
        <ele>234</ele>
        <time>2025-06-21T11:22:26Z</time>
        <hdop>2</hdop>
      </trkpt>
      <trkpt lat="53.9659121" lon="27.0557674">
        <ele>236</ele>
        <time>2025-06-21T11:22:36Z</time>
        <hdop>2</hdop>
        <extensions>
          <speed>1.79</speed>
        </extensions>
      </trkpt>
      <trkpt lat="53.9660177" lon="27.0556967">
        <ele>236</ele>
        <time>2025-06-21T11:22:46Z</time>
        <hdop>2</hdop>
      </trkpt>
      <trkpt lat="53.9660923" lon="27.056013">
        <ele>234</ele>
        <time>2025-06-21T11:22:57Z</time>
        <hdop>2</hdop>
        <extensions>
          <speed>2.08</speed>
        </extensions>
      </trkpt>
      <trkpt lat="53.9661439" lon="27.0563965">
        <ele>234</ele>
        <time>2025-06-21T11:23:08Z</time>
        <hdop>1.5</hdop>
        <extensions>
          <speed>1.71</speed>
        </extensions>
      </trkpt>
      <trkpt lat="53.9661903" lon="27.0567538">
        <ele>235</ele>
        <time>2025-06-21T11:23:18Z</time>
        <hdop>1.5</hdop>
        <extensions>
          <speed>3.11</speed>
        </extensions>
      </trkpt>
      <trkpt lat="53.9662646" lon="27.0572578">
        <ele>233</ele>
        <time>2025-06-21T11:23:29Z</time>
        <hdop>2</hdop>
        <extensions>
          <speed>3.13</speed>
        </extensions>
      </trkpt>
      <trkpt lat="53.966353" lon="27.0577504">
        <ele>235</ele>
        <time>2025-06-21T11:23:39Z</time>
        <hdop>2</hdop>
        <extensions>
          <speed>3.25</speed>
        </extensions>
      </trkpt>
      <trkpt lat="53.96643" lon="27.0582761">
        <ele>236</ele>
        <time>2025-06-21T11:23:50Z</time>
        <hdop>2</hdop>
        <extensions>
          <speed>3.43</speed>
        </extensions>
      </trkpt>
      <trkpt lat="53.9665035" lon="27.0587123">
        <ele>236</ele>
        <time>2025-06-21T11:24:00Z</time>
        <hdop>2</hdop>
        <extensions>
          <speed>2.41</speed>
        </extensions>
      </trkpt>
      <trkpt lat="53.9665217" lon="27.0590846">
        <ele>237</ele>
        <time>2025-06-21T11:24:11Z</time>
        <hdop>2</hdop>
        <extensions>
          <speed>2.48</speed>
        </extensions>
      </trkpt>
      <trkpt lat="53.9664956" lon="27.0591233">
        <ele>237</ele>
        <time>2025-06-21T11:24:22Z</time>
        <hdop>2</hdop>
      </trkpt>
      <trkpt lat="53.9666486" lon="27.0589302">
        <ele>239</ele>
        <time>2025-06-21T11:24:32Z</time>
        <hdop>2</hdop>
        <extensions>
          <speed>4.38</speed>
        </extensions>
      </trkpt>
      <trkpt lat="53.9668199" lon="27.058309">
        <ele>239</ele>
        <time>2025-06-21T11:24:42Z</time>
        <hdop>1</hdop>
        <extensions>
          <speed>4.19</speed>
        </extensions>
      </trkpt>
      <trkpt lat="53.967002" lon="27.0577591">
        <ele>239</ele>
        <time>2025-06-21T11:24:53Z</time>
        <hdop>1.5</hdop>
        <extensions>
          <speed>3.9</speed>
        </extensions>
      </trkpt>
      <trkpt lat="53.9671533" lon="27.0571408">
        <ele>239</ele>
        <time>2025-06-21T11:25:04Z</time>
        <hdop>1</hdop>
        <extensions>
          <speed>3.96</speed>
        </extensions>
      </trkpt>
      <trkpt lat="53.9670595" lon="27.0565929">
        <ele>238</ele>
        <time>2025-06-21T11:25:14Z</time>
        <hdop>1</hdop>
        <extensions>
          <speed>4.19</speed>
        </extensions>
      </trkpt>
      <trkpt lat="53.96713" lon="27.056196">
        <ele>237</ele>
        <time>2025-06-21T11:25:25Z</time>
        <hdop>1.5</hdop>
        <extensions>
          <speed>2.17</speed>
        </extensions>
      </trkpt>
      <trkpt lat="53.9671418" lon="27.0559375">
        <ele>236</ele>
        <time>2025-06-21T11:25:36Z</time>
        <hdop>1.5</hdop>
        <extensions>
          <speed>0.19</speed>
        </extensions>
      </trkpt>
      <trkpt lat="53.9671333" lon="27.0559605">
        <ele>237</ele>
        <time>2025-06-21T11:25:47Z</time>
        <hdop>1.5</hdop>
      </trkpt>
      <trkpt lat="53.9671025" lon="27.0559164">
        <ele>239</ele>
        <time>2025-06-21T11:25:58Z</time>
        <hdop>1.5</hdop>
      </trkpt>
      <trkpt lat="53.9671028" lon="27.0559145">
        <ele>239</ele>
        <time>2025-06-21T11:26:09Z</time>
        <hdop>2</hdop>
      </trkpt>
      <trkpt lat="53.9671222" lon="27.0558786">
        <ele>239</ele>
        <time>2025-06-21T11:26:20Z</time>
        <hdop>2</hdop>
        <extensions>
          <speed>0.58</speed>
        </extensions>
      </trkpt>
      <trkpt lat="53.9671197" lon="27.0559712">
        <ele>241</ele>
        <time>2025-06-21T11:26:31Z</time>
        <hdop>2.5</hdop>
      </trkpt>
      <trkpt lat="53.9671576" lon="27.0559603">
        <ele>237</ele>
        <time>2025-06-21T11:26:42Z</time>
        <hdop>3.5</hdop>
      </trkpt>
      <trkpt lat="53.9671596" lon="27.0559017">
        <ele>244</ele>
        <time>2025-06-21T11:26:53Z</time>
        <hdop>8.5</hdop>
        <extensions>
          <speed>0.49</speed>
        </extensions>
      </trkpt>
      <trkpt lat="53.9672219" lon="27.0557815">
        <ele>239</ele>
        <time>2025-06-21T11:27:04Z</time>
        <hdop>4.5</hdop>
        <extensions>
          <speed>0.31</speed>
        </extensions>
      </trkpt>
      <trkpt lat="53.9672422" lon="27.0558794">
        <ele>242</ele>
        <time>2025-06-21T11:27:14Z</time>
        <hdop>3</hdop>
        <extensions>
          <speed>0.66</speed>
        </extensions>
      </trkpt>
      <trkpt lat="53.9671865" lon="27.0561162">
        <ele>246</ele>
        <time>2025-06-21T11:27:25Z</time>
        <hdop>2.5</hdop>
        <extensions>
          <speed>0.64</speed>
        </extensions>
      </trkpt>
      <trkpt lat="53.9671672" lon="27.0561144">
        <ele>245</ele>
        <time>2025-06-21T11:27:36Z</time>
        <hdop>3</hdop>
        <extensions>
          <speed>0.4</speed>
        </extensions>
      </trkpt>
      <trkpt lat="53.9671531" lon="27.056112">
        <ele>245</ele>
        <time>2025-06-21T11:27:46Z</time>
        <hdop>4</hdop>
        <extensions>
          <speed>0.47</speed>
        </extensions>
      </trkpt>
      <trkpt lat="53.96714" lon="27.0560877">
        <ele>244</ele>
        <time>2025-06-21T11:27:57Z</time>
        <hdop>4.5</hdop>
        <extensions>
          <speed>0.41</speed>
        </extensions>
      </trkpt>
      <trkpt lat="53.9671407" lon="27.0560741">
        <ele>243</ele>
        <time>2025-06-21T11:28:08Z</time>
        <hdop>5</hdop>
      </trkpt>
      <trkpt lat="53.9671154" lon="27.0560768">
        <ele>243</ele>
        <time>2025-06-21T11:28:19Z</time>
        <hdop>4</hdop>
      </trkpt>
      <trkpt lat="53.9671154" lon="27.0560768">
        <ele>243</ele>
        <time>2025-06-21T11:28:30Z</time>
        <hdop>3.5</hdop>
      </trkpt>
      <trkpt lat="53.9671154" lon="27.0560768">
        <ele>243</ele>
        <time>2025-06-21T11:28:40Z</time>
        <hdop>3.5</hdop>
      </trkpt>
      <trkpt lat="53.9671154" lon="27.0560768">
        <ele>243</ele>
        <time>2025-06-21T11:28:50Z</time>
        <hdop>4</hdop>
      </trkpt>
      <trkpt lat="53.9671106" lon="27.0560549">
        <ele>240</ele>
        <time>2025-06-21T11:29:01Z</time>
        <hdop>3.5</hdop>
      </trkpt>
      <trkpt lat="53.9671106" lon="27.0560549">
        <ele>240</ele>
        <time>2025-06-21T11:29:11Z</time>
        <hdop>3.5</hdop>
      </trkpt>
      <trkpt lat="53.9671106" lon="27.0560549">
        <ele>240</ele>
        <time>2025-06-21T11:29:22Z</time>
        <hdop>3.5</hdop>
      </trkpt>
      <trkpt lat="53.9671106" lon="27.0560549">
        <ele>240</ele>
        <time>2025-06-21T11:29:32Z</time>
        <hdop>3.5</hdop>
      </trkpt>
      <trkpt lat="53.9671163" lon="27.0560417">
        <ele>242</ele>
        <time>2025-06-21T11:29:42Z</time>
        <hdop>4</hdop>
      </trkpt>
      <trkpt lat="53.9671163" lon="27.0560417">
        <ele>242</ele>
        <time>2025-06-21T11:29:53Z</time>
        <hdop>3</hdop>
      </trkpt>
      <trkpt lat="53.9671163" lon="27.0560417">
        <ele>242</ele>
        <time>2025-06-21T11:30:03Z</time>
        <hdop>3</hdop>
      </trkpt>
      <trkpt lat="53.9671024" lon="27.0560334">
        <ele>243</ele>
        <time>2025-06-21T11:30:14Z</time>
        <hdop>3.5</hdop>
        <extensions>
          <speed>0.16</speed>
        </extensions>
      </trkpt>
      <trkpt lat="53.9671005" lon="27.0560329">
        <ele>243</ele>
        <time>2025-06-21T11:30:24Z</time>
        <hdop>4</hdop>
      </trkpt>
      <trkpt lat="53.9671005" lon="27.0560329">
        <ele>243</ele>
        <time>2025-06-21T11:30:35Z</time>
        <hdop>4</hdop>
      </trkpt>
      <trkpt lat="53.9671005" lon="27.0560329">
        <ele>243</ele>
        <time>2025-06-21T11:30:46Z</time>
        <hdop>3.5</hdop>
      </trkpt>
      <trkpt lat="53.9671005" lon="27.0560329">
        <ele>243</ele>
        <time>2025-06-21T11:30:56Z</time>
        <hdop>4</hdop>
      </trkpt>
      <trkpt lat="53.9671005" lon="27.0560329">
        <ele>243</ele>
        <time>2025-06-21T11:31:06Z</time>
        <hdop>4</hdop>
      </trkpt>
      <trkpt lat="53.9670992" lon="27.0560071">
        <ele>243</ele>
        <time>2025-06-21T11:31:17Z</time>
        <hdop>4</hdop>
      </trkpt>
      <trkpt lat="53.9670992" lon="27.0560071">
        <ele>243</ele>
        <time>2025-06-21T11:31:27Z</time>
        <hdop>5.5</hdop>
      </trkpt>
      <trkpt lat="53.9670992" lon="27.0560071">
        <ele>243</ele>
        <time>2025-06-21T11:31:38Z</time>
        <hdop>6</hdop>
      </trkpt>
      <trkpt lat="53.9671035" lon="27.0560333">
        <ele>241</ele>
        <time>2025-06-21T11:31:49Z</time>
        <hdop>7</hdop>
      </trkpt>
      <trkpt lat="53.9671035" lon="27.0560333">
        <ele>241</ele>
        <time>2025-06-21T11:31:59Z</time>
        <hdop>6</hdop>
      </trkpt>
      <trkpt lat="53.967087" lon="27.0560178">
        <ele>239</ele>
        <time>2025-06-21T11:32:09Z</time>
        <hdop>6</hdop>
      </trkpt>
      <trkpt lat="53.9670999" lon="27.0559673">
        <ele>240</ele>
        <time>2025-06-21T11:32:20Z</time>
        <hdop>6.5</hdop>
      </trkpt>
      <trkpt lat="53.9671025" lon="27.0559407">
        <ele>242</ele>
        <time>2025-06-21T11:32:30Z</time>
        <hdop>6.5</hdop>
        <extensions>
          <speed>0.41</speed>
        </extensions>
      </trkpt>
      <trkpt lat="53.9671178" lon="27.0558937">
        <ele>243</ele>
        <time>2025-06-21T11:32:41Z</time>
        <hdop>7</hdop>
        <extensions>
          <speed>0.36</speed>
        </extensions>
      </trkpt>
      <trkpt lat="53.9671415" lon="27.0558944">
        <ele>245</ele>
        <time>2025-06-21T11:32:52Z</time>
        <hdop>8</hdop>
      </trkpt>
      <trkpt lat="53.9671505" lon="27.0559432">
        <ele>246</ele>
        <time>2025-06-21T11:33:03Z</time>
        <hdop>7</hdop>
        <extensions>
          <speed>1.01</speed>
        </extensions>
      </trkpt>
      <trkpt lat="53.9671375" lon="27.0559681">
        <ele>246</ele>
        <time>2025-06-21T11:33:13Z</time>
        <hdop>7</hdop>
      </trkpt>
      <trkpt lat="53.9671266" lon="27.0559512">
        <ele>244</ele>
        <time>2025-06-21T11:33:23Z</time>
        <hdop>7.5</hdop>
      </trkpt>
      <trkpt lat="53.9671487" lon="27.0559481">
        <ele>244</ele>
        <time>2025-06-21T11:33:33Z</time>
        <hdop>6.5</hdop>
        <extensions>
          <speed>0.69</speed>
        </extensions>
      </trkpt>
      <trkpt lat="53.9671506" lon="27.0559447">
        <ele>243</ele>
        <time>2025-06-21T11:33:43Z</time>
        <hdop>6.5</hdop>
      </trkpt>
      <trkpt lat="53.9671506" lon="27.0559447">
        <ele>243</ele>
        <time>2025-06-21T11:33:54Z</time>
        <hdop>6.5</hdop>
      </trkpt>
      <trkpt lat="53.9671224" lon="27.0559017">
        <ele>243</ele>
        <time>2025-06-21T11:34:05Z</time>
        <hdop>8</hdop>
        <extensions>
          <speed>0.14</speed>
        </extensions>
      </trkpt>
      <trkpt lat="53.9671239" lon="27.0558857">
        <ele>243</ele>
        <time>2025-06-21T11:34:16Z</time>
        <hdop>8.5</hdop>
      </trkpt>
      <trkpt lat="53.9671155" lon="27.0559231">
        <ele>242</ele>
        <time>2025-06-21T11:34:26Z</time>
        <hdop>7.5</hdop>
      </trkpt>
      <trkpt lat="53.9671192" lon="27.0559238">
        <ele>243</ele>
        <time>2025-06-21T11:34:37Z</time>
        <hdop>7</hdop>
        <extensions>
          <speed>0.33</speed>
        </extensions>
      </trkpt>
      <trkpt lat="53.9671282" lon="27.055907">
        <ele>244</ele>
        <time>2025-06-21T11:34:48Z</time>
        <hdop>6</hdop>
      </trkpt>
      <trkpt lat="53.9671282" lon="27.055907">
        <ele>244</ele>
        <time>2025-06-21T11:34:59Z</time>
        <hdop>7</hdop>
      </trkpt>
      <trkpt lat="53.9671282" lon="27.055907">
        <ele>244</ele>
        <time>2025-06-21T11:35:09Z</time>
        <hdop>6.5</hdop>
      </trkpt>
      <trkpt lat="53.9671325" lon="27.0559212">
        <ele>243</ele>
        <time>2025-06-21T11:35:20Z</time>
        <hdop>5.5</hdop>
        <extensions>
          <speed>0.33</speed>
        </extensions>
      </trkpt>
      <trkpt lat="53.9671333" lon="27.055925">
        <ele>243</ele>
        <time>2025-06-21T11:35:30Z</time>
        <hdop>5.5</hdop>
      </trkpt>
      <trkpt lat="53.9671237" lon="27.0559687">
        <ele>243</ele>
        <time>2025-06-21T11:35:40Z</time>
        <hdop>6.5</hdop>
      </trkpt>
      <trkpt lat="53.967128" lon="27.0560115">
        <ele>244</ele>
        <time>2025-06-21T11:35:51Z</time>
        <hdop>6.5</hdop>
      </trkpt>
      <trkpt lat="53.9671258" lon="27.0560285">
        <ele>245</ele>
        <time>2025-06-21T11:36:02Z</time>
        <hdop>6</hdop>
      </trkpt>
      <trkpt lat="53.9671527" lon="27.056029">
        <ele>249</ele>
        <time>2025-06-21T11:36:12Z</time>
        <hdop>6</hdop>
      </trkpt>
      <trkpt lat="53.9671527" lon="27.056029">
        <ele>249</ele>
        <time>2025-06-21T11:36:22Z</time>
        <hdop>6</hdop>
      </trkpt>
      <trkpt lat="53.9671527" lon="27.056029">
        <ele>249</ele>
        <time>2025-06-21T11:36:33Z</time>
        <hdop>6</hdop>
      </trkpt>
      <trkpt lat="53.9671527" lon="27.056029">
        <ele>249</ele>
        <time>2025-06-21T11:36:43Z</time>
        <hdop>6</hdop>
      </trkpt>
      <trkpt lat="53.9671551" lon="27.0560286">
        <ele>247</ele>
        <time>2025-06-21T11:36:53Z</time>
        <hdop>6.5</hdop>
      </trkpt>
      <trkpt lat="53.9671501" lon="27.0560275">
        <ele>245</ele>
        <time>2025-06-21T11:37:04Z</time>
        <hdop>6</hdop>
        <extensions>
          <speed>0.51</speed>
        </extensions>
      </trkpt>
      <trkpt lat="53.9671231" lon="27.0560336">
        <ele>244</ele>
        <time>2025-06-21T11:37:14Z</time>
        <hdop>6.5</hdop>
      </trkpt>
      <trkpt lat="53.9671231" lon="27.0560336">
        <ele>244</ele>
        <time>2025-06-21T11:37:25Z</time>
        <hdop>5.5</hdop>
      </trkpt>
      <trkpt lat="53.9671077" lon="27.0560561">
        <ele>245</ele>
        <time>2025-06-21T11:37:36Z</time>
        <hdop>5.5</hdop>
      </trkpt>
      <trkpt lat="53.9671182" lon="27.0560716">
        <ele>246</ele>
        <time>2025-06-21T11:37:47Z</time>
        <hdop>5.5</hdop>
      </trkpt>
      <trkpt lat="53.9671758" lon="27.0560388">
        <ele>237</ele>
        <time>2025-06-21T11:37:58Z</time>
        <hdop>2.5</hdop>
        <extensions>
          <speed>0.98</speed>
        </extensions>
      </trkpt>
      <trkpt lat="53.967131" lon="27.055981">
        <ele>235</ele>
        <time>2025-06-21T11:38:08Z</time>
        <hdop>2</hdop>
      </trkpt>
      <trkpt lat="53.9671256" lon="27.0559754">
        <ele>237</ele>
        <time>2025-06-21T11:38:19Z</time>
        <hdop>2</hdop>
      </trkpt>
      <trkpt lat="53.9671256" lon="27.0559754">
        <ele>237</ele>
        <time>2025-06-21T11:38:30Z</time>
        <hdop>1.5</hdop>
      </trkpt>
      <trkpt lat="53.9671256" lon="27.0559754">
        <ele>237</ele>
        <time>2025-06-21T11:38:40Z</time>
        <hdop>1.5</hdop>
      </trkpt>
      <trkpt lat="53.9671316" lon="27.0559695">
        <ele>237</ele>
        <time>2025-06-21T11:38:51Z</time>
        <hdop>1.5</hdop>
      </trkpt>
      <trkpt lat="53.9671316" lon="27.0559695">
        <ele>237</ele>
        <time>2025-06-21T11:39:02Z</time>
        <hdop>1.5</hdop>
      </trkpt>
      <trkpt lat="53.9671316" lon="27.0559695">
        <ele>237</ele>
        <time>2025-06-21T11:39:13Z</time>
        <hdop>1.5</hdop>
      </trkpt>
      <trkpt lat="53.9671316" lon="27.0559695">
        <ele>237</ele>
        <time>2025-06-21T11:39:23Z</time>
        <hdop>1.5</hdop>
      </trkpt>
      <trkpt lat="53.9671316" lon="27.0559695">
        <ele>237</ele>
        <time>2025-06-21T11:39:34Z</time>
        <hdop>1.5</hdop>
      </trkpt>
      <trkpt lat="53.9671316" lon="27.0559695">
        <ele>237</ele>
        <time>2025-06-21T11:39:44Z</time>
        <hdop>1.5</hdop>
      </trkpt>
      <trkpt lat="53.9671316" lon="27.0559695">
        <ele>237</ele>
        <time>2025-06-21T11:39:54Z</time>
        <hdop>1.5</hdop>
      </trkpt>
      <trkpt lat="53.9671316" lon="27.0559695">
        <ele>237</ele>
        <time>2025-06-21T11:40:04Z</time>
        <hdop>1.5</hdop>
      </trkpt>
      <trkpt lat="53.9671368" lon="27.055958">
        <ele>237</ele>
        <time>2025-06-21T11:40:15Z</time>
        <hdop>1.5</hdop>
      </trkpt>
      <trkpt lat="53.9671368" lon="27.055958">
        <ele>237</ele>
        <time>2025-06-21T11:40:25Z</time>
        <hdop>1.5</hdop>
      </trkpt>
      <trkpt lat="53.9671368" lon="27.055958">
        <ele>237</ele>
        <time>2025-06-21T11:40:35Z</time>
        <hdop>1.5</hdop>
      </trkpt>
      <trkpt lat="53.9671368" lon="27.055958">
        <ele>237</ele>
        <time>2025-06-21T11:40:46Z</time>
        <hdop>1.5</hdop>
      </trkpt>
      <trkpt lat="53.9671368" lon="27.055958">
        <ele>237</ele>
        <time>2025-06-21T11:40:56Z</time>
        <hdop>1.5</hdop>
      </trkpt>
      <trkpt lat="53.9671368" lon="27.055958">
        <ele>237</ele>
        <time>2025-06-21T11:41:07Z</time>
        <hdop>1.5</hdop>
      </trkpt>
      <trkpt lat="53.9671368" lon="27.055958">
        <ele>237</ele>
        <time>2025-06-21T11:41:17Z</time>
        <hdop>1.5</hdop>
      </trkpt>
      <trkpt lat="53.9671368" lon="27.055958">
        <ele>237</ele>
        <time>2025-06-21T11:41:28Z</time>
        <hdop>1.5</hdop>
      </trkpt>
      <trkpt lat="53.9671368" lon="27.055958">
        <ele>237</ele>
        <time>2025-06-21T11:41:38Z</time>
        <hdop>1.5</hdop>
      </trkpt>
      <trkpt lat="53.9671368" lon="27.055958">
        <ele>237</ele>
        <time>2025-06-21T11:41:49Z</time>
        <hdop>1.5</hdop>
      </trkpt>
      <trkpt lat="53.9671368" lon="27.055958">
        <ele>237</ele>
        <time>2025-06-21T11:42:00Z</time>
        <hdop>1.5</hdop>
      </trkpt>
      <trkpt lat="53.9671368" lon="27.055958">
        <ele>237</ele>
        <time>2025-06-21T11:42:11Z</time>
        <hdop>1.5</hdop>
      </trkpt>
      <trkpt lat="53.9671368" lon="27.055958">
        <ele>237</ele>
        <time>2025-06-21T11:42:21Z</time>
        <hdop>1.5</hdop>
      </trkpt>
      <trkpt lat="53.9671368" lon="27.055958">
        <ele>237</ele>
        <time>2025-06-21T11:42:32Z</time>
        <hdop>1.5</hdop>
      </trkpt>
      <trkpt lat="53.9670938" lon="27.0559331">
        <ele>238</ele>
        <time>2025-06-21T11:42:43Z</time>
        <hdop>2</hdop>
        <extensions>
          <speed>0.38</speed>
        </extensions>
      </trkpt>
      <trkpt lat="53.9670958" lon="27.0559266">
        <ele>238</ele>
        <time>2025-06-21T11:42:53Z</time>
        <hdop>2</hdop>
      </trkpt>
      <trkpt lat="53.9670895" lon="27.0559262">
        <ele>238</ele>
        <time>2025-06-21T11:43:03Z</time>
        <hdop>1.5</hdop>
      </trkpt>
      <trkpt lat="53.9670895" lon="27.0559262">
        <ele>238</ele>
        <time>2025-06-21T11:43:14Z</time>
        <hdop>1.5</hdop>
      </trkpt>
      <trkpt lat="53.9670895" lon="27.0559262">
        <ele>238</ele>
        <time>2025-06-21T11:43:24Z</time>
        <hdop>1.5</hdop>
      </trkpt>
      <trkpt lat="53.9670895" lon="27.0559262">
        <ele>238</ele>
        <time>2025-06-21T11:43:35Z</time>
        <hdop>1.5</hdop>
      </trkpt>
      <trkpt lat="53.967088" lon="27.0559292">
        <ele>237</ele>
        <time>2025-06-21T11:43:46Z</time>
        <hdop>1.5</hdop>
      </trkpt>
      <trkpt lat="53.967088" lon="27.0559292">
        <ele>237</ele>
        <time>2025-06-21T11:43:57Z</time>
        <hdop>1.5</hdop>
      </trkpt>
      <trkpt lat="53.967088" lon="27.0559292">
        <ele>237</ele>
        <time>2025-06-21T11:44:08Z</time>
        <hdop>1.5</hdop>
      </trkpt>
      <trkpt lat="53.967088" lon="27.0559292">
        <ele>237</ele>
        <time>2025-06-21T11:44:18Z</time>
        <hdop>1.5</hdop>
      </trkpt>
      <trkpt lat="53.967088" lon="27.0559292">
        <ele>237</ele>
        <time>2025-06-21T11:44:28Z</time>
        <hdop>2</hdop>
      </trkpt>
      <trkpt lat="53.9670882" lon="27.0559221">
        <ele>238</ele>
        <time>2025-06-21T11:44:39Z</time>
        <hdop>2</hdop>
      </trkpt>
      <trkpt lat="53.9670919" lon="27.0559175">
        <ele>238</ele>
        <time>2025-06-21T11:44:49Z</time>
        <hdop>2</hdop>
      </trkpt>
      <trkpt lat="53.9670937" lon="27.0559087">
        <ele>238</ele>
        <time>2025-06-21T11:45:00Z</time>
        <hdop>1.5</hdop>
      </trkpt>
      <trkpt lat="53.9670923" lon="27.055916">
        <ele>238</ele>
        <time>2025-06-21T11:45:10Z</time>
        <hdop>1.5</hdop>
      </trkpt>
      <trkpt lat="53.9670923" lon="27.055916">
        <ele>238</ele>
        <time>2025-06-21T11:45:20Z</time>
        <hdop>1.5</hdop>
      </trkpt>
      <trkpt lat="53.9670872" lon="27.0559186">
        <ele>239</ele>
        <time>2025-06-21T11:45:31Z</time>
        <hdop>1.5</hdop>
        <extensions>
          <speed>0.24</speed>
        </extensions>
      </trkpt>
      <trkpt lat="53.9670883" lon="27.0559123">
        <ele>240</ele>
        <time>2025-06-21T11:45:41Z</time>
        <hdop>2</hdop>
        <extensions>
          <speed>0.01</speed>
        </extensions>
      </trkpt>
      <trkpt lat="53.9670885" lon="27.0559117">
        <ele>240</ele>
        <time>2025-06-21T11:45:52Z</time>
        <hdop>2</hdop>
      </trkpt>
      <trkpt lat="53.9670934" lon="27.055927">
        <ele>243</ele>
        <time>2025-06-21T11:46:02Z</time>
        <hdop>2</hdop>
      </trkpt>
      <trkpt lat="53.967133" lon="27.0559718">
        <ele>242</ele>
        <time>2025-06-21T11:46:13Z</time>
        <hdop>2</hdop>
      </trkpt>
      <trkpt lat="53.9671554" lon="27.0559563">
        <ele>239</ele>
        <time>2025-06-21T11:46:24Z</time>
        <hdop>2</hdop>
      </trkpt>
      <trkpt lat="53.9671721" lon="27.0561042">
        <ele>241</ele>
        <time>2025-06-21T11:46:35Z</time>
        <hdop>1.5</hdop>
        <extensions>
          <speed>1.54</speed>
        </extensions>
      </trkpt>
      <trkpt lat="53.9671472" lon="27.0561306">
        <ele>240</ele>
        <time>2025-06-21T11:46:45Z</time>
        <hdop>1.5</hdop>
        <extensions>
          <speed>1.84</speed>
        </extensions>
      </trkpt>
      <trkpt lat="53.9670586" lon="27.056387">
        <ele>238</ele>
        <time>2025-06-21T11:46:56Z</time>
        <hdop>2</hdop>
        <extensions>
          <speed>2.27</speed>
        </extensions>
      </trkpt>
      <trkpt lat="53.9670206" lon="27.0567436">
        <ele>236</ele>
        <time>2025-06-21T11:47:07Z</time>
        <hdop>2</hdop>
        <extensions>
          <speed>2.91</speed>
        </extensions>
      </trkpt>
      <trkpt lat="53.9670077" lon="27.057238">
        <ele>237</ele>
        <time>2025-06-21T11:47:18Z</time>
        <hdop>1.5</hdop>
        <extensions>
          <speed>3.64</speed>
        </extensions>
      </trkpt>
      <trkpt lat="53.9668628" lon="27.0578029">
        <ele>239</ele>
        <time>2025-06-21T11:47:29Z</time>
        <hdop>2</hdop>
        <extensions>
          <speed>3.86</speed>
        </extensions>
      </trkpt>
      <trkpt lat="53.966702" lon="27.0584338">
        <ele>240</ele>
        <time>2025-06-21T11:47:40Z</time>
        <hdop>1</hdop>
        <extensions>
          <speed>4.07</speed>
        </extensions>
      </trkpt>
      <trkpt lat="53.9665432" lon="27.0590298">
        <ele>240</ele>
        <time>2025-06-21T11:47:50Z</time>
        <hdop>1</hdop>
        <extensions>
          <speed>4.27</speed>
        </extensions>
      </trkpt>
      <trkpt lat="53.9662693" lon="27.0596773">
        <ele>238</ele>
        <time>2025-06-21T11:48:01Z</time>
        <hdop>1.5</hdop>
        <extensions>
          <speed>6.31</speed>
        </extensions>
      </trkpt>
      <trkpt lat="53.9656042" lon="27.0603555">
        <ele>231</ele>
        <time>2025-06-21T11:48:12Z</time>
        <hdop>1</hdop>
        <extensions>
          <speed>9.57</speed>
        </extensions>
      </trkpt>
      <trkpt lat="53.9649356" lon="27.0607676">
        <ele>232</ele>
        <time>2025-06-21T11:48:22Z</time>
        <hdop>1.5</hdop>
        <extensions>
          <speed>5.76</speed>
        </extensions>
      </trkpt>
      <trkpt lat="53.9645322" lon="27.0610554">
        <ele>233</ele>
        <time>2025-06-21T11:48:32Z</time>
        <hdop>1</hdop>
        <extensions>
          <speed>4.49</speed>
        </extensions>
      </trkpt>
      <trkpt lat="53.9641443" lon="27.0613871">
        <ele>235</ele>
        <time>2025-06-21T11:48:43Z</time>
        <hdop>1</hdop>
        <extensions>
          <speed>4.45</speed>
        </extensions>
      </trkpt>
      <trkpt lat="53.9637367" lon="27.0617882">
        <ele>236</ele>
        <time>2025-06-21T11:48:54Z</time>
        <hdop>1</hdop>
        <extensions>
          <speed>5.31</speed>
        </extensions>
      </trkpt>
      <trkpt lat="53.9633012" lon="27.0621365">
        <ele>235</ele>
        <time>2025-06-21T11:49:04Z</time>
        <hdop>1.5</hdop>
        <extensions>
          <speed>5.12</speed>
        </extensions>
      </trkpt>
      <trkpt lat="53.962866" lon="27.0624261">
        <ele>234</ele>
        <time>2025-06-21T11:49:14Z</time>
        <hdop>1</hdop>
        <extensions>
          <speed>4.77</speed>
        </extensions>
      </trkpt>
      <trkpt lat="53.9623782" lon="27.0627127">
        <ele>236</ele>
        <time>2025-06-21T11:49:25Z</time>
        <hdop>7.5</hdop>
        <extensions>
          <speed>6.05</speed>
        </extensions>
      </trkpt>
      <trkpt lat="53.961212" lon="27.0633132">
        <ele>232</ele>
        <time>2025-06-21T11:49:43Z</time>
        <hdop>6.5</hdop>
        <extensions>
          <speed>3.85</speed>
        </extensions>
      </trkpt>
      <trkpt lat="53.9611848" lon="27.0632514">
        <ele>230</ele>
        <time>2025-06-21T11:49:54Z</time>
        <hdop>8.5</hdop>
        <extensions>
          <speed>1.05</speed>
        </extensions>
      </trkpt>
      <trkpt lat="53.9610917" lon="27.0632634">
        <ele>230</ele>
        <time>2025-06-21T11:50:04Z</time>
        <hdop>2.5</hdop>
        <extensions>
          <speed>0.45</speed>
        </extensions>
      </trkpt>
      <trkpt lat="53.9611254" lon="27.0633313">
        <ele>245</ele>
        <time>2025-06-21T11:50:21Z</time>
        <hdop>7.5</hdop>
        <extensions>
          <speed>1.18</speed>
        </extensions>
      </trkpt>
      <trkpt lat="53.9609286" lon="27.0633214">
        <ele>231</ele>
        <time>2025-06-21T11:50:39Z</time>
        <hdop>7.5</hdop>
        <extensions>
          <speed>3.04</speed>
        </extensions>
      </trkpt>
      <trkpt lat="53.9608556" lon="27.0633018">
        <ele>233</ele>
        <time>2025-06-21T11:50:57Z</time>
        <hdop>7</hdop>
        <extensions>
          <speed>3.15</speed>
        </extensions>
      </trkpt>
      <trkpt lat="53.9597123" lon="27.0632186">
        <ele>237</ele>
        <time>2025-06-21T11:51:08Z</time>
        <hdop>7.5</hdop>
        <extensions>
          <speed>2.89</speed>
        </extensions>
      </trkpt>
      <trkpt lat="53.9593947" lon="27.0631809">
        <ele>235</ele>
        <time>2025-06-21T11:51:18Z</time>
        <hdop>2</hdop>
        <extensions>
          <speed>3.22</speed>
        </extensions>
      </trkpt>
      <trkpt lat="53.9590591" lon="27.0631122">
        <ele>235</ele>
        <time>2025-06-21T11:51:28Z</time>
        <hdop>1</hdop>
        <extensions>
          <speed>4.15</speed>
        </extensions>
      </trkpt>
      <trkpt lat="53.958631" lon="27.0629901">
        <ele>235</ele>
        <time>2025-06-21T11:51:39Z</time>
        <hdop>1</hdop>
        <extensions>
          <speed>4.33</speed>
        </extensions>
      </trkpt>
      <trkpt lat="53.9582612" lon="27.0627488">
        <ele>234</ele>
        <time>2025-06-21T11:51:50Z</time>
        <hdop>1</hdop>
        <extensions>
          <speed>3.72</speed>
        </extensions>
      </trkpt>
      <trkpt lat="53.9579797" lon="27.0624898">
        <ele>235</ele>
        <time>2025-06-21T11:52:00Z</time>
        <hdop>1</hdop>
        <extensions>
          <speed>3.7</speed>
        </extensions>
      </trkpt>
      <trkpt lat="53.9576409" lon="27.0623599">
        <ele>235</ele>
        <time>2025-06-21T11:52:11Z</time>
        <hdop>1.5</hdop>
        <extensions>
          <speed>3.4</speed>
        </extensions>
      </trkpt>
      <trkpt lat="53.9572573" lon="27.0624207">
        <ele>236</ele>
        <time>2025-06-21T11:52:22Z</time>
        <hdop>1.5</hdop>
        <extensions>
          <speed>3.98</speed>
        </extensions>
      </trkpt>
      <trkpt lat="53.9569273" lon="27.062282">
        <ele>238</ele>
        <time>2025-06-21T11:52:32Z</time>
        <hdop>1.5</hdop>
        <extensions>
          <speed>3.45</speed>
        </extensions>
      </trkpt>
      <trkpt lat="53.9566272" lon="27.0620683">
        <ele>237</ele>
        <time>2025-06-21T11:52:42Z</time>
        <hdop>1.5</hdop>
        <extensions>
          <speed>3.91</speed>
        </extensions>
      </trkpt>
      <trkpt lat="53.9560603" lon="27.0617776">
        <ele>250</ele>
        <time>2025-06-21T11:52:59Z</time>
        <hdop>7</hdop>
        <extensions>
          <speed>3.19</speed>
        </extensions>
      </trkpt>
      <trkpt lat="53.9555695" lon="27.0614382">
        <ele>248</ele>
        <time>2025-06-21T11:53:17Z</time>
        <hdop>7</hdop>
        <extensions>
          <speed>2.91</speed>
        </extensions>
      </trkpt>
      <trkpt lat="53.9552736" lon="27.0612241">
        <ele>249</ele>
        <time>2025-06-21T11:53:28Z</time>
        <hdop>6.5</hdop>
        <extensions>
          <speed>3.03</speed>
        </extensions>
      </trkpt>
      <trkpt lat="53.9550049" lon="27.0610642">
        <ele>243</ele>
        <time>2025-06-21T11:53:39Z</time>
        <hdop>1.5</hdop>
        <extensions>
          <speed>2.9</speed>
        </extensions>
      </trkpt>
      <trkpt lat="53.9545294" lon="27.0608171">
        <ele>256</ele>
        <time>2025-06-21T11:53:57Z</time>
        <hdop>6.5</hdop>
        <extensions>
          <speed>3.09</speed>
        </extensions>
      </trkpt>
      <trkpt lat="53.9540886" lon="27.060509">
        <ele>256</ele>
        <time>2025-06-21T11:54:15Z</time>
        <hdop>7</hdop>
        <extensions>
          <speed>2.52</speed>
        </extensions>
      </trkpt>
      <trkpt lat="53.953607" lon="27.0600733">
        <ele>256</ele>
        <time>2025-06-21T11:54:33Z</time>
        <hdop>6.5</hdop>
        <extensions>
          <speed>4.16</speed>
        </extensions>
      </trkpt>
      <trkpt lat="53.9529587" lon="27.0594988">
        <ele>251</ele>
        <time>2025-06-21T11:54:51Z</time>
        <hdop>6</hdop>
        <extensions>
          <speed>4.47</speed>
        </extensions>
      </trkpt>
      <trkpt lat="53.9525925" lon="27.0592303">
        <ele>264</ele>
        <time>2025-06-21T11:55:02Z</time>
        <hdop>6.5</hdop>
        <extensions>
          <speed>4.14</speed>
        </extensions>
      </trkpt>
      <trkpt lat="53.9522182" lon="27.0589201">
        <ele>257</ele>
        <time>2025-06-21T11:55:13Z</time>
        <hdop>1.5</hdop>
        <extensions>
          <speed>3.92</speed>
        </extensions>
      </trkpt>
      <trkpt lat="53.9517898" lon="27.0584279">
        <ele>254</ele>
        <time>2025-06-21T11:55:28Z</time>
        <hdop>6.5</hdop>
        <extensions>
          <speed>3.88</speed>
        </extensions>
      </trkpt>
      <trkpt lat="53.9512349" lon="27.058212">
        <ele>265</ele>
        <time>2025-06-21T11:55:46Z</time>
        <hdop>6</hdop>
        <extensions>
          <speed>3.17</speed>
        </extensions>
      </trkpt>
      <trkpt lat="53.9507018" lon="27.0582788">
        <ele>257</ele>
        <time>2025-06-21T11:56:04Z</time>
        <hdop>7</hdop>
        <extensions>
          <speed>3.1</speed>
        </extensions>
      </trkpt>
      <trkpt lat="53.9503825" lon="27.0584061">
        <ele>261</ele>
        <time>2025-06-21T11:56:15Z</time>
        <hdop>7.5</hdop>
        <extensions>
          <speed>3.54</speed>
        </extensions>
      </trkpt>
      <trkpt lat="53.950115" lon="27.058548">
        <ele>261</ele>
        <time>2025-06-21T11:56:25Z</time>
        <hdop>1.5</hdop>
        <extensions>
          <speed>3.15</speed>
        </extensions>
      </trkpt>
      <trkpt lat="53.9497057" lon="27.0587064">
        <ele>263</ele>
        <time>2025-06-21T11:56:35Z</time>
        <hdop>1</hdop>
        <extensions>
          <speed>5.87</speed>
        </extensions>
      </trkpt>
      <trkpt lat="53.9492767" lon="27.0585634">
        <ele>260</ele>
        <time>2025-06-21T11:56:45Z</time>
        <hdop>1</hdop>
        <extensions>
          <speed>4.08</speed>
        </extensions>
      </trkpt>
      <trkpt lat="53.9486412" lon="27.0589472">
        <ele>259</ele>
        <time>2025-06-21T11:57:02Z</time>
        <hdop>7.5</hdop>
        <extensions>
          <speed>3.82</speed>
        </extensions>
      </trkpt>
      <trkpt lat="53.9479937" lon="27.0593447">
        <ele>261</ele>
        <time>2025-06-21T11:57:20Z</time>
        <hdop>7</hdop>
        <extensions>
          <speed>3.98</speed>
        </extensions>
      </trkpt>
      <trkpt lat="53.947638" lon="27.0595896">
        <ele>267</ele>
        <time>2025-06-21T11:57:31Z</time>
        <hdop>7</hdop>
        <extensions>
          <speed>3.83</speed>
        </extensions>
      </trkpt>
      <trkpt lat="53.9473041" lon="27.0598061">
        <ele>265</ele>
        <time>2025-06-21T11:57:41Z</time>
        <hdop>1</hdop>
        <extensions>
          <speed>4.01</speed>
        </extensions>
      </trkpt>
      <trkpt lat="53.9469653" lon="27.0600104">
        <ele>265</ele>
        <time>2025-06-21T11:57:51Z</time>
        <hdop>1</hdop>
        <extensions>
          <speed>3.84</speed>
        </extensions>
      </trkpt>
      <trkpt lat="53.9466564" lon="27.0602077">
        <ele>267</ele>
        <time>2025-06-21T11:58:01Z</time>
        <hdop>1.5</hdop>
        <extensions>
          <speed>3.7</speed>
        </extensions>
      </trkpt>
      <trkpt lat="53.9463025" lon="27.0604521">
        <ele>268</ele>
        <time>2025-06-21T11:58:12Z</time>
        <hdop>1.5</hdop>
        <extensions>
          <speed>4.03</speed>
        </extensions>
      </trkpt>
      <trkpt lat="53.9459569" lon="27.0606736">
        <ele>269</ele>
        <time>2025-06-21T11:58:22Z</time>
        <hdop>1</hdop>
        <extensions>
          <speed>4.68</speed>
        </extensions>
      </trkpt>
      <trkpt lat="53.945553" lon="27.0609124">
        <ele>269</ele>
        <time>2025-06-21T11:58:33Z</time>
        <hdop>1</hdop>
        <extensions>
          <speed>4.17</speed>
        </extensions>
      </trkpt>
      <trkpt lat="53.9451725" lon="27.0611532">
        <ele>271</ele>
        <time>2025-06-21T11:58:44Z</time>
        <hdop>1</hdop>
        <extensions>
          <speed>4.05</speed>
        </extensions>
      </trkpt>
      <trkpt lat="53.9448079" lon="27.0613968">
        <ele>271</ele>
        <time>2025-06-21T11:58:55Z</time>
        <hdop>1</hdop>
        <extensions>
          <speed>4.09</speed>
        </extensions>
      </trkpt>
      <trkpt lat="53.9444115" lon="27.06162">
        <ele>270</ele>
        <time>2025-06-21T11:59:06Z</time>
        <hdop>1</hdop>
        <extensions>
          <speed>4.31</speed>
        </extensions>
      </trkpt>
      <trkpt lat="53.9439978" lon="27.0618502">
        <ele>272</ele>
        <time>2025-06-21T11:59:17Z</time>
        <hdop>1</hdop>
        <extensions>
          <speed>4.51</speed>
        </extensions>
      </trkpt>
      <trkpt lat="53.9436362" lon="27.0620305">
        <ele>273</ele>
        <time>2025-06-21T11:59:27Z</time>
        <hdop>1</hdop>
        <extensions>
          <speed>4.26</speed>
        </extensions>
      </trkpt>
      <trkpt lat="53.9432381" lon="27.0620713">
        <ele>272</ele>
        <time>2025-06-21T11:59:37Z</time>
        <hdop>1</hdop>
        <extensions>
          <speed>5.27</speed>
        </extensions>
      </trkpt>
      <trkpt lat="53.9427558" lon="27.0620205">
        <ele>272</ele>
        <time>2025-06-21T11:59:47Z</time>
        <hdop>1</hdop>
        <extensions>
          <speed>5.16</speed>
        </extensions>
      </trkpt>
      <trkpt lat="53.9423232" lon="27.0621281">
        <ele>273</ele>
        <time>2025-06-21T11:59:57Z</time>
        <hdop>1</hdop>
        <extensions>
          <speed>3.59</speed>
        </extensions>
      </trkpt>
      <trkpt lat="53.9424195" lon="27.0627723">
        <ele>270</ele>
        <time>2025-06-21T12:00:08Z</time>
        <hdop>1.5</hdop>
        <extensions>
          <speed>4.76</speed>
        </extensions>
      </trkpt>
      <trkpt lat="53.9425773" lon="27.0635584">
        <ele>268</ele>
        <time>2025-06-21T12:00:18Z</time>
        <hdop>1</hdop>
        <extensions>
          <speed>6.46</speed>
        </extensions>
      </trkpt>
      <trkpt lat="53.942787" lon="27.0646628">
        <ele>265</ele>
        <time>2025-06-21T12:00:29Z</time>
        <hdop>1</hdop>
        <extensions>
          <speed>6.96</speed>
        </extensions>
      </trkpt>
      <trkpt lat="53.9429202" lon="27.0657108">
        <ele>263</ele>
        <time>2025-06-21T12:00:39Z</time>
        <hdop>1</hdop>
        <extensions>
          <speed>7.28</speed>
        </extensions>
      </trkpt>
      <trkpt lat="53.9429817" lon="27.0670291">
        <ele>260</ele>
        <time>2025-06-21T12:00:50Z</time>
        <hdop>1</hdop>
        <extensions>
          <speed>8.31</speed>
        </extensions>
      </trkpt>
      <trkpt lat="53.9427907" lon="27.0683949">
        <ele>257</ele>
        <time>2025-06-21T12:01:01Z</time>
        <hdop>1</hdop>
        <extensions>
          <speed>8.39</speed>
        </extensions>
      </trkpt>
      <trkpt lat="53.9425043" lon="27.069414">
        <ele>255</ele>
        <time>2025-06-21T12:01:11Z</time>
        <hdop>1</hdop>
        <extensions>
          <speed>6.33</speed>
        </extensions>
      </trkpt>
      <trkpt lat="53.9422813" lon="27.0701838">
        <ele>257</ele>
        <time>2025-06-21T12:01:21Z</time>
        <hdop>1</hdop>
        <extensions>
          <speed>5.05</speed>
        </extensions>
      </trkpt>
      <trkpt lat="53.942065" lon="27.0708119">
        <ele>259</ele>
        <time>2025-06-21T12:01:31Z</time>
        <hdop>1</hdop>
        <extensions>
          <speed>4.22</speed>
        </extensions>
      </trkpt>
      <trkpt lat="53.941787" lon="27.0715975">
        <ele>267</ele>
        <time>2025-06-21T12:01:45Z</time>
        <hdop>8</hdop>
        <extensions>
          <speed>3.45</speed>
        </extensions>
      </trkpt>
      <trkpt lat="53.9414634" lon="27.072406">
        <ele>267</ele>
        <time>2025-06-21T12:02:03Z</time>
        <hdop>7.5</hdop>
        <extensions>
          <speed>3.53</speed>
        </extensions>
      </trkpt>
      <trkpt lat="53.9412785" lon="27.0729049">
        <ele>268</ele>
        <time>2025-06-21T12:02:14Z</time>
        <hdop>7.5</hdop>
        <extensions>
          <speed>3.44</speed>
        </extensions>
      </trkpt>
      <trkpt lat="53.9410932" lon="27.0732949">
        <ele>269</ele>
        <time>2025-06-21T12:02:24Z</time>
        <hdop>1.5</hdop>
        <extensions>
          <speed>3.51</speed>
        </extensions>
      </trkpt>
      <trkpt lat="53.9409052" lon="27.0737277">
        <ele>272</ele>
        <time>2025-06-21T12:02:35Z</time>
        <hdop>1</hdop>
        <extensions>
          <speed>3.01</speed>
        </extensions>
      </trkpt>
      <trkpt lat="53.940737" lon="27.0740791">
        <ele>274</ele>
        <time>2025-06-21T12:02:45Z</time>
        <hdop>1</hdop>
        <extensions>
          <speed>2.57</speed>
        </extensions>
      </trkpt>
      <trkpt lat="53.9405775" lon="27.0744579">
        <ele>275</ele>
        <time>2025-06-21T12:02:56Z</time>
        <hdop>1</hdop>
        <extensions>
          <speed>3.06</speed>
        </extensions>
      </trkpt>
      <trkpt lat="53.9404284" lon="27.0748194">
        <ele>275</ele>
        <time>2025-06-21T12:03:06Z</time>
        <hdop>1</hdop>
        <extensions>
          <speed>2.83</speed>
        </extensions>
      </trkpt>
      <trkpt lat="53.9402958" lon="27.075208">
        <ele>275</ele>
        <time>2025-06-21T12:03:16Z</time>
        <hdop>1.5</hdop>
        <extensions>
          <speed>2.91</speed>
        </extensions>
      </trkpt>
      <trkpt lat="53.9401842" lon="27.0754798">
        <ele>277</ele>
        <time>2025-06-21T12:03:27Z</time>
        <hdop>1.5</hdop>
        <extensions>
          <speed>1.57</speed>
        </extensions>
      </trkpt>
      <trkpt lat="53.9403902" lon="27.0758327">
        <ele>276</ele>
        <time>2025-06-21T12:03:38Z</time>
        <hdop>1.5</hdop>
        <extensions>
          <speed>4.47</speed>
        </extensions>
      </trkpt>
      <trkpt lat="53.9404929" lon="27.0760637">
        <ele>275</ele>
        <time>2025-06-21T12:03:48Z</time>
        <hdop>2</hdop>
        <extensions>
          <speed>0.86</speed>
        </extensions>
      </trkpt>
      <trkpt lat="53.9404935" lon="27.0761757">
        <ele>275</ele>
        <time>2025-06-21T12:03:58Z</time>
        <hdop>3</hdop>
        <extensions>
          <speed>0.71</speed>
        </extensions>
      </trkpt>
      <trkpt lat="53.940493" lon="27.0763574">
        <ele>272</ele>
        <time>2025-06-21T12:04:08Z</time>
        <hdop>4.5</hdop>
        <extensions>
          <speed>1.35</speed>
        </extensions>
      </trkpt>
      <trkpt lat="53.9404565" lon="27.0765691">
        <ele>270</ele>
        <time>2025-06-21T12:04:19Z</time>
        <hdop>4.5</hdop>
        <extensions>
          <speed>0.31</speed>
        </extensions>
      </trkpt>
      <trkpt lat="53.9404686" lon="27.0768398">
        <ele>271</ele>
        <time>2025-06-21T12:04:30Z</time>
        <hdop>2</hdop>
        <extensions>
          <speed>0.57</speed>
        </extensions>
      </trkpt>
      <trkpt lat="53.9404029" lon="27.0768578">
        <ele>272</ele>
        <time>2025-06-21T12:04:40Z</time>
        <hdop>1.5</hdop>
      </trkpt>
      <trkpt lat="53.9404031" lon="27.0768574">
        <ele>272</ele>
        <time>2025-06-21T12:04:51Z</time>
        <hdop>1</hdop>
      </trkpt>
      <trkpt lat="53.9404031" lon="27.0768574">
        <ele>272</ele>
        <time>2025-06-21T12:05:02Z</time>
        <hdop>1</hdop>
      </trkpt>
      <trkpt lat="53.9404031" lon="27.0768574">
        <ele>272</ele>
        <time>2025-06-21T12:05:13Z</time>
        <hdop>1.5</hdop>
      </trkpt>
      <trkpt lat="53.9404031" lon="27.0768574">
        <ele>272</ele>
        <time>2025-06-21T12:05:24Z</time>
        <hdop>1.5</hdop>
      </trkpt>
      <trkpt lat="53.9404044" lon="27.0768593">
        <ele>273</ele>
        <time>2025-06-21T12:05:34Z</time>
        <hdop>1</hdop>
      </trkpt>
      <trkpt lat="53.9404044" lon="27.0768593">
        <ele>273</ele>
        <time>2025-06-21T12:05:45Z</time>
        <hdop>1.5</hdop>
      </trkpt>
      <trkpt lat="53.9404044" lon="27.0768593">
        <ele>273</ele>
        <time>2025-06-21T12:05:55Z</time>
        <hdop>1.5</hdop>
      </trkpt>
      <trkpt lat="53.9404044" lon="27.0768593">
        <ele>273</ele>
        <time>2025-06-21T12:06:06Z</time>
        <hdop>1.5</hdop>
      </trkpt>
      <trkpt lat="53.9404044" lon="27.0768593">
        <ele>273</ele>
        <time>2025-06-21T12:06:17Z</time>
        <hdop>1.5</hdop>
      </trkpt>
      <trkpt lat="53.9404044" lon="27.0768593">
        <ele>273</ele>
        <time>2025-06-21T12:06:28Z</time>
        <hdop>1</hdop>
      </trkpt>
      <trkpt lat="53.9404044" lon="27.0768593">
        <ele>273</ele>
        <time>2025-06-21T12:06:38Z</time>
        <hdop>1.5</hdop>
      </trkpt>
      <trkpt lat="53.9404044" lon="27.0768593">
        <ele>273</ele>
        <time>2025-06-21T12:06:49Z</time>
        <hdop>1.5</hdop>
      </trkpt>
      <trkpt lat="53.9404044" lon="27.0768593">
        <ele>273</ele>
        <time>2025-06-21T12:06:59Z</time>
        <hdop>1</hdop>
      </trkpt>
      <trkpt lat="53.9404044" lon="27.0768593">
        <ele>273</ele>
        <time>2025-06-21T12:07:10Z</time>
        <hdop>1</hdop>
      </trkpt>
      <trkpt lat="53.9404044" lon="27.0768593">
        <ele>273</ele>
        <time>2025-06-21T12:07:20Z</time>
        <hdop>1.5</hdop>
      </trkpt>
      <trkpt lat="53.9403996" lon="27.0768731">
        <ele>274</ele>
        <time>2025-06-21T12:07:30Z</time>
        <hdop>1</hdop>
      </trkpt>
      <trkpt lat="53.9403729" lon="27.076868">
        <ele>274</ele>
        <time>2025-06-21T12:07:41Z</time>
        <hdop>1.5</hdop>
      </trkpt>
      <trkpt lat="53.9403502" lon="27.0768617">
        <ele>274</ele>
        <time>2025-06-21T12:07:51Z</time>
        <hdop>1.5</hdop>
        <extensions>
          <speed>0.53</speed>
        </extensions>
      </trkpt>
      <trkpt lat="53.9403401" lon="27.0768614">
        <ele>274</ele>
        <time>2025-06-21T12:08:01Z</time>
        <hdop>1.5</hdop>
      </trkpt>
      <trkpt lat="53.9403401" lon="27.0768614">
        <ele>274</ele>
        <time>2025-06-21T12:08:12Z</time>
        <hdop>1.5</hdop>
      </trkpt>
      <trkpt lat="53.9403401" lon="27.0768614">
        <ele>274</ele>
        <time>2025-06-21T12:08:23Z</time>
        <hdop>1.5</hdop>
      </trkpt>
      <trkpt lat="53.9403401" lon="27.0768614">
        <ele>274</ele>
        <time>2025-06-21T12:08:33Z</time>
        <hdop>1.5</hdop>
      </trkpt>
      <trkpt lat="53.9402306" lon="27.0768543">
        <ele>275</ele>
        <time>2025-06-21T12:08:44Z</time>
        <hdop>1.5</hdop>
        <extensions>
          <speed>2.42</speed>
        </extensions>
      </trkpt>
      <trkpt lat="53.9399602" lon="27.0768095">
        <ele>276</ele>
        <time>2025-06-21T12:08:55Z</time>
        <hdop>1.5</hdop>
        <extensions>
          <speed>2.9</speed>
        </extensions>
      </trkpt>
      <trkpt lat="53.9396785" lon="27.0767742">
        <ele>276</ele>
        <time>2025-06-21T12:09:05Z</time>
        <hdop>1.5</hdop>
        <extensions>
          <speed>3.09</speed>
        </extensions>
      </trkpt>
      <trkpt lat="53.9394146" lon="27.0770527">
        <ele>280</ele>
        <time>2025-06-21T12:09:16Z</time>
        <hdop>1.5</hdop>
        <extensions>
          <speed>3.2</speed>
        </extensions>
      </trkpt>
      <trkpt lat="53.9392332" lon="27.0774178">
        <ele>282</ele>
        <time>2025-06-21T12:09:26Z</time>
        <hdop>1.5</hdop>
        <extensions>
          <speed>2.91</speed>
        </extensions>
      </trkpt>
      <trkpt lat="53.9390841" lon="27.0777918">
        <ele>283</ele>
        <time>2025-06-21T12:09:36Z</time>
        <hdop>1.5</hdop>
        <extensions>
          <speed>3.1</speed>
        </extensions>
      </trkpt>
      <trkpt lat="53.938925" lon="27.0783213">
        <ele>282</ele>
        <time>2025-06-21T12:09:47Z</time>
        <hdop>1</hdop>
        <extensions>
          <speed>4.43</speed>
        </extensions>
      </trkpt>
      <trkpt lat="53.9386721" lon="27.0792995">
        <ele>280</ele>
        <time>2025-06-21T12:09:58Z</time>
        <hdop>1</hdop>
        <extensions>
          <speed>7.93</speed>
        </extensions>
      </trkpt>
      <trkpt lat="53.9383947" lon="27.0803866">
        <ele>279</ele>
        <time>2025-06-21T12:10:08Z</time>
        <hdop>1</hdop>
        <extensions>
          <speed>7.32</speed>
        </extensions>
      </trkpt>
      <trkpt lat="53.9381357" lon="27.0813705">
        <ele>279</ele>
        <time>2025-06-21T12:10:18Z</time>
        <hdop>1</hdop>
        <extensions>
          <speed>6.79</speed>
        </extensions>
      </trkpt>
      <trkpt lat="53.9378946" lon="27.0822432">
        <ele>279</ele>
        <time>2025-06-21T12:10:28Z</time>
        <hdop>1</hdop>
        <extensions>
          <speed>6.05</speed>
        </extensions>
      </trkpt>
      <trkpt lat="53.9376384" lon="27.0832723">
        <ele>277</ele>
        <time>2025-06-21T12:10:39Z</time>
        <hdop>1</hdop>
        <extensions>
          <speed>7.56</speed>
        </extensions>
      </trkpt>
      <trkpt lat="53.9373243" lon="27.0844929">
        <ele>275</ele>
        <time>2025-06-21T12:10:50Z</time>
        <hdop>1</hdop>
        <extensions>
          <speed>7.69</speed>
        </extensions>
      </trkpt>
      <trkpt lat="53.9370531" lon="27.0855293">
        <ele>273</ele>
        <time>2025-06-21T12:11:01Z</time>
        <hdop>1</hdop>
        <extensions>
          <speed>6.82</speed>
        </extensions>
      </trkpt>
      <trkpt lat="53.9368246" lon="27.0864231">
        <ele>274</ele>
        <time>2025-06-21T12:11:11Z</time>
        <hdop>1</hdop>
        <extensions>
          <speed>5.83</speed>
        </extensions>
      </trkpt>
      <trkpt lat="53.9365688" lon="27.0872822">
        <ele>274</ele>
        <time>2025-06-21T12:11:22Z</time>
        <hdop>1</hdop>
        <extensions>
          <speed>5.55</speed>
        </extensions>
      </trkpt>
      <trkpt lat="53.9368423" lon="27.087866">
        <ele>275</ele>
        <time>2025-06-21T12:11:32Z</time>
        <hdop>1.5</hdop>
        <extensions>
          <speed>5.05</speed>
        </extensions>
      </trkpt>
      <trkpt lat="53.9372471" lon="27.0884374">
        <ele>275</ele>
        <time>2025-06-21T12:11:43Z</time>
        <hdop>1</hdop>
        <extensions>
          <speed>5.36</speed>
        </extensions>
      </trkpt>
      <trkpt lat="53.9375792" lon="27.0889844">
        <ele>274</ele>
        <time>2025-06-21T12:11:53Z</time>
        <hdop>1.5</hdop>
        <extensions>
          <speed>5.41</speed>
        </extensions>
      </trkpt>
      <trkpt lat="53.9379177" lon="27.0895681">
        <ele>273</ele>
        <time>2025-06-21T12:12:03Z</time>
        <hdop>1.5</hdop>
        <extensions>
          <speed>5.91</speed>
        </extensions>
      </trkpt>
      <trkpt lat="53.9384328" lon="27.0903698">
        <ele>268</ele>
        <time>2025-06-21T12:12:14Z</time>
        <hdop>1.5</hdop>
        <extensions>
          <speed>7.86</speed>
        </extensions>
      </trkpt>
      <trkpt lat="53.9388812" lon="27.0910553">
        <ele>267</ele>
        <time>2025-06-21T12:12:24Z</time>
        <hdop>1</hdop>
        <extensions>
          <speed>5.66</speed>
        </extensions>
      </trkpt>
      <trkpt lat="53.939172" lon="27.0917248">
        <ele>270</ele>
        <time>2025-06-21T12:12:35Z</time>
        <hdop>1</hdop>
        <extensions>
          <speed>4.57</speed>
        </extensions>
      </trkpt>
      <trkpt lat="53.9395107" lon="27.0923215">
        <ele>270</ele>
        <time>2025-06-21T12:12:46Z</time>
        <hdop>1</hdop>
        <extensions>
          <speed>5.13</speed>
        </extensions>
      </trkpt>
      <trkpt lat="53.939871" lon="27.09291">
        <ele>271</ele>
        <time>2025-06-21T12:12:57Z</time>
        <hdop>1.5</hdop>
        <extensions>
          <speed>4.62</speed>
        </extensions>
      </trkpt>
      <trkpt lat="53.9402206" lon="27.0934785">
        <ele>272</ele>
        <time>2025-06-21T12:13:08Z</time>
        <hdop>1.5</hdop>
        <extensions>
          <speed>4.78</speed>
        </extensions>
      </trkpt>
      <trkpt lat="53.9406146" lon="27.094039">
        <ele>269</ele>
        <time>2025-06-21T12:13:19Z</time>
        <hdop>1</hdop>
        <extensions>
          <speed>5.94</speed>
        </extensions>
      </trkpt>
      <trkpt lat="53.9409887" lon="27.094654">
        <ele>268</ele>
        <time>2025-06-21T12:13:29Z</time>
        <hdop>1</hdop>
        <extensions>
          <speed>5.72</speed>
        </extensions>
      </trkpt>
      <trkpt lat="53.9414586" lon="27.0951926">
        <ele>267</ele>
        <time>2025-06-21T12:13:40Z</time>
        <hdop>1.5</hdop>
        <extensions>
          <speed>5.69</speed>
        </extensions>
      </trkpt>
      <trkpt lat="53.9418633" lon="27.0955657">
        <ele>267</ele>
        <time>2025-06-21T12:13:50Z</time>
        <hdop>1.5</hdop>
        <extensions>
          <speed>4.42</speed>
        </extensions>
      </trkpt>
      <trkpt lat="53.9423396" lon="27.0958433">
        <ele>264</ele>
        <time>2025-06-21T12:14:00Z</time>
        <hdop>1</hdop>
        <extensions>
          <speed>6.45</speed>
        </extensions>
      </trkpt>
      <trkpt lat="53.9430415" lon="27.0962095">
        <ele>260</ele>
        <time>2025-06-21T12:14:11Z</time>
        <hdop>1.5</hdop>
        <extensions>
          <speed>7.92</speed>
        </extensions>
      </trkpt>
      <trkpt lat="53.9438384" lon="27.0961969">
        <ele>255</ele>
        <time>2025-06-21T12:14:21Z</time>
        <hdop>1</hdop>
        <extensions>
          <speed>9.35</speed>
        </extensions>
      </trkpt>
      <trkpt lat="53.9446748" lon="27.0957883">
        <ele>253</ele>
        <time>2025-06-21T12:14:32Z</time>
        <hdop>1.5</hdop>
        <extensions>
          <speed>7.92</speed>
        </extensions>
      </trkpt>
      <trkpt lat="53.9452926" lon="27.0953019">
        <ele>256</ele>
        <time>2025-06-21T12:14:43Z</time>
        <hdop>1.5</hdop>
        <extensions>
          <speed>5.35</speed>
        </extensions>
      </trkpt>
      <trkpt lat="53.9459257" lon="27.0945134">
        <ele>265</ele>
        <time>2025-06-21T12:15:01Z</time>
        <hdop>8.5</hdop>
        <extensions>
          <speed>3.87</speed>
        </extensions>
      </trkpt>
      <trkpt lat="53.9466986" lon="27.0939081">
        <ele>267</ele>
        <time>2025-06-21T12:15:19Z</time>
        <hdop>8</hdop>
        <extensions>
          <speed>6.39</speed>
        </extensions>
      </trkpt>
      <trkpt lat="53.9473531" lon="27.0936241">
        <ele>258</ele>
        <time>2025-06-21T12:15:30Z</time>
        <hdop>1.5</hdop>
        <extensions>
          <speed>6.86</speed>
        </extensions>
      </trkpt>
      <trkpt lat="53.9478857" lon="27.0933803">
        <ele>256</ele>
        <time>2025-06-21T12:15:40Z</time>
        <hdop>1.5</hdop>
        <extensions>
          <speed>6.03</speed>
        </extensions>
      </trkpt>
      <trkpt lat="53.9486278" lon="27.0930637">
        <ele>255</ele>
        <time>2025-06-21T12:15:53Z</time>
        <hdop>7.5</hdop>
        <extensions>
          <speed>6.76</speed>
        </extensions>
      </trkpt>
      <trkpt lat="53.94983" lon="27.0924902">
        <ele>248</ele>
        <time>2025-06-21T12:16:11Z</time>
        <hdop>9</hdop>
        <extensions>
          <speed>8.8</speed>
        </extensions>
      </trkpt>
      <trkpt lat="53.9506676" lon="27.0923126">
        <ele>248</ele>
        <time>2025-06-21T12:16:22Z</time>
        <hdop>1.5</hdop>
        <extensions>
          <speed>8.9</speed>
        </extensions>
      </trkpt>
      <trkpt lat="53.9513937" lon="27.0931456">
        <ele>238</ele>
        <time>2025-06-21T12:16:32Z</time>
        <hdop>1.5</hdop>
        <extensions>
          <speed>7.84</speed>
        </extensions>
      </trkpt>
      <trkpt lat="53.9515627" lon="27.0936483">
        <ele>237</ele>
        <time>2025-06-21T12:16:43Z</time>
        <hdop>2</hdop>
        <extensions>
          <speed>1.22</speed>
        </extensions>
      </trkpt>
      <trkpt lat="53.9515296" lon="27.0937245">
        <ele>258</ele>
        <time>2025-06-21T12:17:01Z</time>
        <hdop>9</hdop>
        <extensions>
          <speed>0.74</speed>
        </extensions>
      </trkpt>
      <trkpt lat="53.9515258" lon="27.0935604">
        <ele>238</ele>
        <time>2025-06-21T12:17:12Z</time>
        <hdop>2</hdop>
        <extensions>
          <speed>1.03</speed>
        </extensions>
      </trkpt>
      <trkpt lat="53.951573" lon="27.0935974">
        <ele>233</ele>
        <time>2025-06-21T12:17:23Z</time>
        <hdop>2</hdop>
        <extensions>
          <speed>2.35</speed>
        </extensions>
      </trkpt>
      <trkpt lat="53.9514676" lon="27.0939635">
        <ele>234</ele>
        <time>2025-06-21T12:17:33Z</time>
        <hdop>2</hdop>
        <extensions>
          <speed>2.93</speed>
        </extensions>
      </trkpt>
      <trkpt lat="53.9514833" lon="27.0942828">
        <ele>233</ele>
        <time>2025-06-21T12:17:44Z</time>
        <hdop>2</hdop>
        <extensions>
          <speed>1.89</speed>
        </extensions>
      </trkpt>
      <trkpt lat="53.9517612" lon="27.0944912">
        <ele>234</ele>
        <time>2025-06-21T12:17:55Z</time>
        <hdop>1.5</hdop>
        <extensions>
          <speed>2.96</speed>
        </extensions>
      </trkpt>
      <trkpt lat="53.9520846" lon="27.0948574">
        <ele>246</ele>
        <time>2025-06-21T12:18:13Z</time>
        <hdop>7.5</hdop>
        <extensions>
          <speed>1.12</speed>
        </extensions>
      </trkpt>
      <trkpt lat="53.9520033" lon="27.0946945">
        <ele>241</ele>
        <time>2025-06-21T12:18:31Z</time>
        <hdop>8</hdop>
        <extensions>
          <speed>0.09</speed>
        </extensions>
      </trkpt>
      <trkpt lat="53.9519615" lon="27.094645">
        <ele>244</ele>
        <time>2025-06-21T12:18:42Z</time>
        <hdop>7</hdop>
      </trkpt>
      <trkpt lat="53.9519614" lon="27.0946701">
        <ele>241</ele>
        <time>2025-06-21T12:18:53Z</time>
        <hdop>5</hdop>
      </trkpt>
      <trkpt lat="53.9519641" lon="27.0946732">
        <ele>241</ele>
        <time>2025-06-21T12:19:03Z</time>
        <hdop>5</hdop>
      </trkpt>
      <trkpt lat="53.9519395" lon="27.094622">
        <ele>236</ele>
        <time>2025-06-21T12:19:19Z</time>
        <hdop>7.5</hdop>
        <extensions>
          <speed>0.07</speed>
        </extensions>
      </trkpt>
      <trkpt lat="53.9518885" lon="27.0948461">
        <ele>234</ele>
        <time>2025-06-21T12:19:39Z</time>
        <hdop>7.5</hdop>
        <extensions>
          <speed>0.22</speed>
        </extensions>
      </trkpt>
      <trkpt lat="53.9519355" lon="27.0948612">
        <ele>236</ele>
        <time>2025-06-21T12:19:50Z</time>
        <hdop>8</hdop>
        <extensions>
          <speed>0.7</speed>
        </extensions>
      </trkpt>
      <trkpt lat="53.951909" lon="27.094807">
        <ele>242</ele>
        <time>2025-06-21T12:20:01Z</time>
        <hdop>7</hdop>
        <extensions>
          <speed>0.26</speed>
        </extensions>
      </trkpt>
      <trkpt lat="53.9518749" lon="27.0948286">
        <ele>237</ele>
        <time>2025-06-21T12:20:21Z</time>
        <hdop>7</hdop>
        <extensions>
          <speed>0.2</speed>
        </extensions>
      </trkpt>
      <trkpt lat="53.9518836" lon="27.0948717">
        <ele>238</ele>
        <time>2025-06-21T12:20:32Z</time>
        <hdop>10.5</hdop>
        <extensions>
          <speed>0.36</speed>
        </extensions>
      </trkpt>
      <trkpt lat="53.9518967" lon="27.0948908">
        <ele>237</ele>
        <time>2025-06-21T12:20:43Z</time>
        <hdop>8.5</hdop>
        <extensions>
          <speed>0.68</speed>
        </extensions>
      </trkpt>
      <trkpt lat="53.9519557" lon="27.0947602">
        <ele>250</ele>
        <time>2025-06-21T12:20:55Z</time>
        <hdop>10</hdop>
        <extensions>
          <speed>0.66</speed>
        </extensions>
      </trkpt>
      <trkpt lat="53.9518575" lon="27.0947445">
        <ele>246</ele>
        <time>2025-06-21T12:21:06Z</time>
        <hdop>8.5</hdop>
        <extensions>
          <speed>1.11</speed>
        </extensions>
      </trkpt>
      <trkpt lat="53.9517549" lon="27.0946879">
        <ele>235</ele>
        <time>2025-06-21T12:21:17Z</time>
        <hdop>9.5</hdop>
        <extensions>
          <speed>0.3</speed>
        </extensions>
      </trkpt>
      <trkpt lat="53.9517897" lon="27.0947985">
        <ele>246</ele>
        <time>2025-06-21T12:21:27Z</time>
        <hdop>10</hdop>
        <extensions>
          <speed>0.54</speed>
        </extensions>
      </trkpt>
      <trkpt lat="53.9518061" lon="27.0947809">
        <ele>242</ele>
        <time>2025-06-21T12:21:46Z</time>
        <hdop>9.5</hdop>
        <extensions>
          <speed>0.57</speed>
        </extensions>
      </trkpt>
      <trkpt lat="53.9518793" lon="27.0948262">
        <ele>248</ele>
        <time>2025-06-21T12:22:04Z</time>
        <hdop>10</hdop>
        <extensions>
          <speed>0.81</speed>
        </extensions>
      </trkpt>
      <trkpt lat="53.9520112" lon="27.0946943">
        <ele>244</ele>
        <time>2025-06-21T12:22:22Z</time>
        <hdop>11</hdop>
        <extensions>
          <speed>0.12</speed>
        </extensions>
      </trkpt>
      <trkpt lat="53.9520192" lon="27.09459">
        <ele>228</ele>
        <time>2025-06-21T12:22:33Z</time>
        <hdop>4.5</hdop>
        <extensions>
          <speed>0.64</speed>
        </extensions>
      </trkpt>
      <trkpt lat="53.9519989" lon="27.0944953">
        <ele>224</ele>
        <time>2025-06-21T12:22:43Z</time>
        <hdop>4</hdop>
        <extensions>
          <speed>0.7</speed>
        </extensions>
      </trkpt>
      <trkpt lat="53.9520015" lon="27.0943633">
        <ele>226</ele>
        <time>2025-06-21T12:22:53Z</time>
        <hdop>3</hdop>
        <extensions>
          <speed>0.5</speed>
        </extensions>
      </trkpt>
      <trkpt lat="53.9519795" lon="27.0943701">
        <ele>229</ele>
        <time>2025-06-21T12:23:03Z</time>
        <hdop>2.5</hdop>
      </trkpt>
      <trkpt lat="53.9519795" lon="27.0943701">
        <ele>229</ele>
        <time>2025-06-21T12:23:14Z</time>
        <hdop>2.5</hdop>
      </trkpt>
      <trkpt lat="53.9519696" lon="27.0944002">
        <ele>233</ele>
        <time>2025-06-21T12:23:24Z</time>
        <hdop>2.5</hdop>
        <extensions>
          <speed>0.42</speed>
        </extensions>
      </trkpt>
      <trkpt lat="53.9519479" lon="27.0943965">
        <ele>236</ele>
        <time>2025-06-21T12:23:35Z</time>
        <hdop>2.5</hdop>
      </trkpt>
      <trkpt lat="53.9519219" lon="27.0943767">
        <ele>235</ele>
        <time>2025-06-21T12:23:46Z</time>
        <hdop>2.5</hdop>
      </trkpt>
      <trkpt lat="53.9519219" lon="27.0943767">
        <ele>235</ele>
        <time>2025-06-21T12:23:57Z</time>
        <hdop>2</hdop>
      </trkpt>
      <trkpt lat="53.951922" lon="27.0943939">
        <ele>235</ele>
        <time>2025-06-21T12:24:08Z</time>
        <hdop>2</hdop>
        <extensions>
          <speed>0.01</speed>
        </extensions>
      </trkpt>
      <trkpt lat="53.9519216" lon="27.0943942">
        <ele>235</ele>
        <time>2025-06-21T12:24:18Z</time>
        <hdop>1.5</hdop>
      </trkpt>
      <trkpt lat="53.9519216" lon="27.0943942">
        <ele>235</ele>
        <time>2025-06-21T12:24:28Z</time>
        <hdop>1.5</hdop>
      </trkpt>
      <trkpt lat="53.9519216" lon="27.0943942">
        <ele>235</ele>
        <time>2025-06-21T12:24:39Z</time>
        <hdop>1.5</hdop>
      </trkpt>
      <trkpt lat="53.9519216" lon="27.0943942">
        <ele>235</ele>
        <time>2025-06-21T12:24:50Z</time>
        <hdop>1.5</hdop>
      </trkpt>
      <trkpt lat="53.9519216" lon="27.0943942">
        <ele>235</ele>
        <time>2025-06-21T12:25:00Z</time>
        <hdop>1.5</hdop>
      </trkpt>
      <trkpt lat="53.9519216" lon="27.0943942">
        <ele>235</ele>
        <time>2025-06-21T12:25:10Z</time>
        <hdop>1.5</hdop>
      </trkpt>
      <trkpt lat="53.9519216" lon="27.0943942">
        <ele>235</ele>
        <time>2025-06-21T12:25:21Z</time>
        <hdop>1.5</hdop>
      </trkpt>
      <trkpt lat="53.9519216" lon="27.0943942">
        <ele>235</ele>
        <time>2025-06-21T12:25:31Z</time>
        <hdop>1.5</hdop>
      </trkpt>
      <trkpt lat="53.9519216" lon="27.0943942">
        <ele>235</ele>
        <time>2025-06-21T12:25:42Z</time>
        <hdop>1</hdop>
      </trkpt>
      <trkpt lat="53.9519516" lon="27.0943628">
        <ele>235</ele>
        <time>2025-06-21T12:25:52Z</time>
        <hdop>1.5</hdop>
        <extensions>
          <speed>0.9</speed>
        </extensions>
      </trkpt>
      <trkpt lat="53.9520326" lon="27.0944153">
        <ele>235</ele>
        <time>2025-06-21T12:26:03Z</time>
        <hdop>1.5</hdop>
        <extensions>
          <speed>0.3</speed>
        </extensions>
      </trkpt>
      <trkpt lat="53.9520331" lon="27.0944126">
        <ele>235</ele>
        <time>2025-06-21T12:26:14Z</time>
        <hdop>2</hdop>
      </trkpt>
      <trkpt lat="53.9520331" lon="27.0944126">
        <ele>235</ele>
        <time>2025-06-21T12:26:25Z</time>
        <hdop>2</hdop>
      </trkpt>
      <trkpt lat="53.9520331" lon="27.0944126">
        <ele>235</ele>
        <time>2025-06-21T12:26:35Z</time>
        <hdop>2</hdop>
      </trkpt>
      <trkpt lat="53.9520331" lon="27.0944126">
        <ele>235</ele>
        <time>2025-06-21T12:26:46Z</time>
        <hdop>1.5</hdop>
      </trkpt>
      <trkpt lat="53.9520331" lon="27.0944126">
        <ele>235</ele>
        <time>2025-06-21T12:26:56Z</time>
        <hdop>2</hdop>
      </trkpt>
      <trkpt lat="53.9520331" lon="27.0944126">
        <ele>235</ele>
        <time>2025-06-21T12:27:06Z</time>
        <hdop>1.5</hdop>
      </trkpt>
      <trkpt lat="53.9520299" lon="27.0944179">
        <ele>235</ele>
        <time>2025-06-21T12:27:17Z</time>
        <hdop>1.5</hdop>
      </trkpt>
      <trkpt lat="53.9520299" lon="27.094418">
        <ele>235</ele>
        <time>2025-06-21T12:27:27Z</time>
        <hdop>1.5</hdop>
      </trkpt>
      <trkpt lat="53.9520299" lon="27.094418">
        <ele>235</ele>
        <time>2025-06-21T12:27:37Z</time>
        <hdop>2</hdop>
      </trkpt>
      <trkpt lat="53.9520299" lon="27.094418">
        <ele>235</ele>
        <time>2025-06-21T12:27:48Z</time>
        <hdop>1.5</hdop>
      </trkpt>
      <trkpt lat="53.9520299" lon="27.094418">
        <ele>235</ele>
        <time>2025-06-21T12:27:59Z</time>
        <hdop>2</hdop>
      </trkpt>
      <trkpt lat="53.9520085" lon="27.0944572">
        <ele>234</ele>
        <time>2025-06-21T12:28:09Z</time>
        <hdop>2</hdop>
        <extensions>
          <speed>1.09</speed>
        </extensions>
      </trkpt>
      <trkpt lat="53.9519818" lon="27.0946194">
        <ele>232</ele>
        <time>2025-06-21T12:28:20Z</time>
        <hdop>2</hdop>
        <extensions>
          <speed>0.73</speed>
        </extensions>
      </trkpt>
      <trkpt lat="53.9519369" lon="27.0947456">
        <ele>230</ele>
        <time>2025-06-21T12:28:31Z</time>
        <hdop>1.5</hdop>
        <extensions>
          <speed>0.27</speed>
        </extensions>
      </trkpt>
      <trkpt lat="53.9519363" lon="27.094745">
        <ele>230</ele>
        <time>2025-06-21T12:28:42Z</time>
        <hdop>2</hdop>
      </trkpt>
      <trkpt lat="53.9519363" lon="27.094745">
        <ele>230</ele>
        <time>2025-06-21T12:28:52Z</time>
        <hdop>2</hdop>
      </trkpt>
      <trkpt lat="53.9519363" lon="27.094745">
        <ele>230</ele>
        <time>2025-06-21T12:29:02Z</time>
        <hdop>1.5</hdop>
      </trkpt>
      <trkpt lat="53.9519363" lon="27.094745">
        <ele>230</ele>
        <time>2025-06-21T12:29:12Z</time>
        <hdop>1.5</hdop>
      </trkpt>
      <trkpt lat="53.9519363" lon="27.094745">
        <ele>230</ele>
        <time>2025-06-21T12:29:23Z</time>
        <hdop>1.5</hdop>
      </trkpt>
      <trkpt lat="53.9519363" lon="27.094745">
        <ele>230</ele>
        <time>2025-06-21T12:29:34Z</time>
        <hdop>1.5</hdop>
      </trkpt>
      <trkpt lat="53.9519363" lon="27.094745">
        <ele>230</ele>
        <time>2025-06-21T12:29:45Z</time>
        <hdop>1.5</hdop>
      </trkpt>
      <trkpt lat="53.9519363" lon="27.094745">
        <ele>230</ele>
        <time>2025-06-21T12:29:55Z</time>
        <hdop>1.5</hdop>
      </trkpt>
      <trkpt lat="53.9519363" lon="27.094745">
        <ele>230</ele>
        <time>2025-06-21T12:30:06Z</time>
        <hdop>1.5</hdop>
      </trkpt>
      <trkpt lat="53.9519363" lon="27.094745">
        <ele>230</ele>
        <time>2025-06-21T12:30:16Z</time>
        <hdop>1.5</hdop>
      </trkpt>
      <trkpt lat="53.9519195" lon="27.0947364">
        <ele>232</ele>
        <time>2025-06-21T12:30:27Z</time>
        <hdop>1.5</hdop>
        <extensions>
          <speed>0.22</speed>
        </extensions>
      </trkpt>
      <trkpt lat="53.9518973" lon="27.0947591">
        <ele>233</ele>
        <time>2025-06-21T12:30:38Z</time>
        <hdop>3.5</hdop>
      </trkpt>
      <trkpt lat="53.9518973" lon="27.0947591">
        <ele>233</ele>
        <time>2025-06-21T12:30:48Z</time>
        <hdop>2.5</hdop>
      </trkpt>
      <trkpt lat="53.9518893" lon="27.0947791">
        <ele>237</ele>
        <time>2025-06-21T12:30:59Z</time>
        <hdop>1.5</hdop>
      </trkpt>
      <trkpt lat="53.9518891" lon="27.0947821">
        <ele>238</ele>
        <time>2025-06-21T12:31:10Z</time>
        <hdop>1.5</hdop>
      </trkpt>
      <trkpt lat="53.9518754" lon="27.0947861">
        <ele>237</ele>
        <time>2025-06-21T12:31:27Z</time>
        <hdop>7.5</hdop>
        <extensions>
          <speed>0.02</speed>
        </extensions>
      </trkpt>
      <trkpt lat="53.9519104" lon="27.0948227">
        <ele>229</ele>
        <time>2025-06-21T12:31:45Z</time>
        <hdop>8</hdop>
        <extensions>
          <speed>0.18</speed>
        </extensions>
      </trkpt>
      <trkpt lat="53.9519549" lon="27.0947719">
        <ele>231</ele>
        <time>2025-06-21T12:32:05Z</time>
        <hdop>7.5</hdop>
        <extensions>
          <speed>0.57</speed>
        </extensions>
      </trkpt>
      <trkpt lat="53.9518625" lon="27.0948155">
        <ele>242</ele>
        <time>2025-06-21T12:32:23Z</time>
        <hdop>7</hdop>
        <extensions>
          <speed>0.34</speed>
        </extensions>
      </trkpt>
      <trkpt lat="53.9518634" lon="27.0947077">
        <ele>231</ele>
        <time>2025-06-21T12:32:43Z</time>
        <hdop>7.5</hdop>
        <extensions>
          <speed>0.29</speed>
        </extensions>
      </trkpt>
      <trkpt lat="53.951825" lon="27.0946716">
        <ele>236</ele>
        <time>2025-06-21T12:32:53Z</time>
        <hdop>8</hdop>
        <extensions>
          <speed>0.11</speed>
        </extensions>
      </trkpt>
      <trkpt lat="53.9519053" lon="27.0947029">
        <ele>235</ele>
        <time>2025-06-21T12:33:04Z</time>
        <hdop>8</hdop>
        <extensions>
          <speed>0.73</speed>
        </extensions>
      </trkpt>
      <trkpt lat="53.9519282" lon="27.0948169">
        <ele>238</ele>
        <time>2025-06-21T12:33:14Z</time>
        <hdop>7.5</hdop>
        <extensions>
          <speed>0.25</speed>
        </extensions>
      </trkpt>
      <trkpt lat="53.9519096" lon="27.0948347">
        <ele>233</ele>
        <time>2025-06-21T12:33:33Z</time>
        <hdop>7.5</hdop>
        <extensions>
          <speed>0.22</speed>
        </extensions>
      </trkpt>
      <trkpt lat="53.9519687" lon="27.0947299">
        <ele>230</ele>
        <time>2025-06-21T12:33:51Z</time>
        <hdop>7.5</hdop>
        <extensions>
          <speed>0.64</speed>
        </extensions>
      </trkpt>
      <trkpt lat="53.9518839" lon="27.0947005">
        <ele>234</ele>
        <time>2025-06-21T12:34:09Z</time>
        <hdop>8</hdop>
        <extensions>
          <speed>0.13</speed>
        </extensions>
      </trkpt>
      <trkpt lat="53.9518376" lon="27.0947813">
        <ele>242</ele>
        <time>2025-06-21T12:34:27Z</time>
        <hdop>7</hdop>
        <extensions>
          <speed>0.06</speed>
        </extensions>
      </trkpt>
      <trkpt lat="53.9518979" lon="27.0947548">
        <ele>238</ele>
        <time>2025-06-21T12:34:44Z</time>
        <hdop>16.969</hdop>
        <extensions>
          <speed>0.08</speed>
        </extensions>
      </trkpt>
      <trkpt lat="53.9519608" lon="27.0947623">
        <ele>238</ele>
        <time>2025-06-21T12:34:56Z</time>
        <hdop>7.5</hdop>
        <extensions>
          <speed>0.32</speed>
        </extensions>
      </trkpt>
      <trkpt lat="53.9518672" lon="27.0948425">
        <ele>250</ele>
        <time>2025-06-21T12:35:14Z</time>
        <hdop>7.5</hdop>
        <extensions>
          <speed>0.11</speed>
        </extensions>
      </trkpt>
      <trkpt lat="53.9519648" lon="27.0948991">
        <ele>261</ele>
        <time>2025-06-21T12:35:32Z</time>
        <hdop>10.5</hdop>
        <extensions>
          <speed>0.74</speed>
        </extensions>
      </trkpt>
      <trkpt lat="53.9519168" lon="27.0947636">
        <ele>214</ele>
        <time>2025-06-21T12:35:43Z</time>
        <hdop>2.5</hdop>
      </trkpt>
      <trkpt lat="53.9519168" lon="27.0947636">
        <ele>214</ele>
        <time>2025-06-21T12:35:53Z</time>
        <hdop>1.5</hdop>
      </trkpt>
      <trkpt lat="53.9519222" lon="27.0947474">
        <ele>221</ele>
        <time>2025-06-21T12:36:04Z</time>
        <hdop>2</hdop>
      </trkpt>
      <trkpt lat="53.9519222" lon="27.0947474">
        <ele>221</ele>
        <time>2025-06-21T12:36:14Z</time>
        <hdop>1.5</hdop>
      </trkpt>
      <trkpt lat="53.9519131" lon="27.094746">
        <ele>222</ele>
        <time>2025-06-21T12:36:25Z</time>
        <hdop>2</hdop>
      </trkpt>
      <trkpt lat="53.9518921" lon="27.0947328">
        <ele>224</ele>
        <time>2025-06-21T12:36:35Z</time>
        <hdop>1.5</hdop>
      </trkpt>
      <trkpt lat="53.9518919" lon="27.0947326">
        <ele>224</ele>
        <time>2025-06-21T12:36:45Z</time>
        <hdop>1.5</hdop>
      </trkpt>
      <trkpt lat="53.9519067" lon="27.0947783">
        <ele>229</ele>
        <time>2025-06-21T12:36:57Z</time>
        <hdop>1.5</hdop>
      </trkpt>
      <trkpt lat="53.9519068" lon="27.094778">
        <ele>228</ele>
        <time>2025-06-21T12:37:07Z</time>
        <hdop>2</hdop>
        <extensions>
          <speed>0.53</speed>
        </extensions>
      </trkpt>
      <trkpt lat="53.9519695" lon="27.0948019">
        <ele>232</ele>
        <time>2025-06-21T12:37:18Z</time>
        <hdop>1.5</hdop>
        <extensions>
          <speed>1.28</speed>
        </extensions>
      </trkpt>
      <trkpt lat="53.9520308" lon="27.0948752">
        <ele>231</ele>
        <time>2025-06-21T12:37:28Z</time>
        <hdop>2</hdop>
        <extensions>
          <speed>0.69</speed>
        </extensions>
      </trkpt>
      <trkpt lat="53.9519909" lon="27.0952572">
        <ele>238</ele>
        <time>2025-06-21T12:37:39Z</time>
        <hdop>2.5</hdop>
        <extensions>
          <speed>2.57</speed>
        </extensions>
      </trkpt>
      <trkpt lat="53.9519182" lon="27.095764">
        <ele>239</ele>
        <time>2025-06-21T12:37:49Z</time>
        <hdop>2</hdop>
        <extensions>
          <speed>2.78</speed>
        </extensions>
      </trkpt>
      <trkpt lat="53.9520243" lon="27.0963702">
        <ele>246</ele>
        <time>2025-06-21T12:37:59Z</time>
        <hdop>2.5</hdop>
        <extensions>
          <speed>2.84</speed>
        </extensions>
      </trkpt>
      <trkpt lat="53.9521245" lon="27.0969296">
        <ele>252</ele>
        <time>2025-06-21T12:38:09Z</time>
        <hdop>2.5</hdop>
        <extensions>
          <speed>2.32</speed>
        </extensions>
      </trkpt>
      <trkpt lat="53.9522306" lon="27.097537">
        <ele>250</ele>
        <time>2025-06-21T12:38:20Z</time>
        <hdop>2.5</hdop>
        <extensions>
          <speed>3.28</speed>
        </extensions>
      </trkpt>
      <trkpt lat="53.952331" lon="27.0981222">
        <ele>252</ele>
        <time>2025-06-21T12:38:31Z</time>
        <hdop>2</hdop>
        <extensions>
          <speed>2.47</speed>
        </extensions>
      </trkpt>
      <trkpt lat="53.9524639" lon="27.0986025">
        <ele>253</ele>
        <time>2025-06-21T12:38:41Z</time>
        <hdop>2</hdop>
        <extensions>
          <speed>3.76</speed>
        </extensions>
      </trkpt>
      <trkpt lat="53.9525747" lon="27.099155">
        <ele>251</ele>
        <time>2025-06-21T12:38:51Z</time>
        <hdop>2</hdop>
        <extensions>
          <speed>3.41</speed>
        </extensions>
      </trkpt>
      <trkpt lat="53.9526766" lon="27.0996536">
        <ele>256</ele>
        <time>2025-06-21T12:39:01Z</time>
        <hdop>2</hdop>
        <extensions>
          <speed>3.62</speed>
        </extensions>
      </trkpt>
      <trkpt lat="53.9527847" lon="27.1001755">
        <ele>254</ele>
        <time>2025-06-21T12:39:12Z</time>
        <hdop>2</hdop>
        <extensions>
          <speed>2.67</speed>
        </extensions>
      </trkpt>
      <trkpt lat="53.9528809" lon="27.1007623">
        <ele>254</ele>
        <time>2025-06-21T12:39:22Z</time>
        <hdop>1.5</hdop>
        <extensions>
          <speed>4.48</speed>
        </extensions>
      </trkpt>
      <trkpt lat="53.9529887" lon="27.1012635">
        <ele>259</ele>
        <time>2025-06-21T12:39:33Z</time>
        <hdop>2</hdop>
        <extensions>
          <speed>2.13</speed>
        </extensions>
      </trkpt>
      <trkpt lat="53.9530926" lon="27.1016741">
        <ele>258</ele>
        <time>2025-06-21T12:39:43Z</time>
        <hdop>2</hdop>
        <extensions>
          <speed>1.59</speed>
        </extensions>
      </trkpt>
      <trkpt lat="53.9531225" lon="27.1017834">
        <ele>257</ele>
        <time>2025-06-21T12:39:54Z</time>
        <hdop>2.5</hdop>
        <extensions>
          <speed>0.55</speed>
        </extensions>
      </trkpt>
      <trkpt lat="53.9531515" lon="27.1018749">
        <ele>256</ele>
        <time>2025-06-21T12:40:04Z</time>
        <hdop>2.5</hdop>
        <extensions>
          <speed>0.5</speed>
        </extensions>
      </trkpt>
      <trkpt lat="53.9531672" lon="27.1019783">
        <ele>251</ele>
        <time>2025-06-21T12:40:14Z</time>
        <hdop>3</hdop>
        <extensions>
          <speed>0.07</speed>
        </extensions>
      </trkpt>
      <trkpt lat="53.9531934" lon="27.1019656">
        <ele>247</ele>
        <time>2025-06-21T12:40:25Z</time>
        <hdop>3</hdop>
        <extensions>
          <speed>0.24</speed>
        </extensions>
      </trkpt>
      <trkpt lat="53.9531833" lon="27.1019404">
        <ele>244</ele>
        <time>2025-06-21T12:40:36Z</time>
        <hdop>2.5</hdop>
      </trkpt>
      <trkpt lat="53.9531744" lon="27.1018881">
        <ele>243</ele>
        <time>2025-06-21T12:40:47Z</time>
        <hdop>3.5</hdop>
      </trkpt>
      <trkpt lat="53.9531928" lon="27.1018634">
        <ele>240</ele>
        <time>2025-06-21T12:40:57Z</time>
        <hdop>3.5</hdop>
      </trkpt>
      <trkpt lat="53.9532111" lon="27.1018389">
        <ele>240</ele>
        <time>2025-06-21T12:41:08Z</time>
        <hdop>4</hdop>
      </trkpt>
      <trkpt lat="53.9532111" lon="27.1018389">
        <ele>240</ele>
        <time>2025-06-21T12:41:19Z</time>
        <hdop>4</hdop>
      </trkpt>
      <trkpt lat="53.9531954" lon="27.1018238">
        <ele>239</ele>
        <time>2025-06-21T12:41:30Z</time>
        <hdop>3.5</hdop>
      </trkpt>
      <trkpt lat="53.9531798" lon="27.1018211">
        <ele>238</ele>
        <time>2025-06-21T12:41:41Z</time>
        <hdop>4</hdop>
      </trkpt>
      <trkpt lat="53.9531845" lon="27.1018167">
        <ele>237</ele>
        <time>2025-06-21T12:41:51Z</time>
        <hdop>4</hdop>
        <extensions>
          <speed>0.7</speed>
        </extensions>
      </trkpt>
      <trkpt lat="53.9531965" lon="27.1018405">
        <ele>236</ele>
        <time>2025-06-21T12:42:02Z</time>
        <hdop>4.5</hdop>
      </trkpt>
      <trkpt lat="53.9532204" lon="27.1018648">
        <ele>236</ele>
        <time>2025-06-21T12:42:12Z</time>
        <hdop>4.5</hdop>
      </trkpt>
      <trkpt lat="53.9532204" lon="27.1018648">
        <ele>236</ele>
        <time>2025-06-21T12:42:22Z</time>
        <hdop>3.5</hdop>
      </trkpt>
      <trkpt lat="53.9532229" lon="27.101843">
        <ele>236</ele>
        <time>2025-06-21T12:42:33Z</time>
        <hdop>3</hdop>
        <extensions>
          <speed>0.61</speed>
        </extensions>
      </trkpt>
      <trkpt lat="53.9532118" lon="27.1018344">
        <ele>235</ele>
        <time>2025-06-21T12:42:43Z</time>
        <hdop>4</hdop>
      </trkpt>
      <trkpt lat="53.9532066" lon="27.1018539">
        <ele>235</ele>
        <time>2025-06-21T12:42:54Z</time>
        <hdop>3.5</hdop>
      </trkpt>
      <trkpt lat="53.9532229" lon="27.101869">
        <ele>235</ele>
        <time>2025-06-21T12:43:04Z</time>
        <hdop>4</hdop>
      </trkpt>
      <trkpt lat="53.9532313" lon="27.1018607">
        <ele>236</ele>
        <time>2025-06-21T12:43:15Z</time>
        <hdop>4.5</hdop>
        <extensions>
          <speed>0.58</speed>
        </extensions>
      </trkpt>
      <trkpt lat="53.9532557" lon="27.1019351">
        <ele>234</ele>
        <time>2025-06-21T12:43:25Z</time>
        <hdop>3.5</hdop>
        <extensions>
          <speed>0.24</speed>
        </extensions>
      </trkpt>
      <trkpt lat="53.9532222" lon="27.1019347">
        <ele>240</ele>
        <time>2025-06-21T12:43:36Z</time>
        <hdop>3</hdop>
      </trkpt>
      <trkpt lat="53.9532309" lon="27.1019559">
        <ele>241</ele>
        <time>2025-06-21T12:43:47Z</time>
        <hdop>2.5</hdop>
      </trkpt>
      <trkpt lat="53.9532264" lon="27.1019497">
        <ele>241</ele>
        <time>2025-06-21T12:43:58Z</time>
        <hdop>3</hdop>
      </trkpt>
      <trkpt lat="53.9532405" lon="27.1019682">
        <ele>240</ele>
        <time>2025-06-21T12:44:08Z</time>
        <hdop>2.5</hdop>
      </trkpt>
      <trkpt lat="53.9532426" lon="27.101981">
        <ele>242</ele>
        <time>2025-06-21T12:44:18Z</time>
        <hdop>2</hdop>
      </trkpt>
      <trkpt lat="53.9532426" lon="27.101981">
        <ele>242</ele>
        <time>2025-06-21T12:44:29Z</time>
        <hdop>2.5</hdop>
      </trkpt>
      <trkpt lat="53.9532426" lon="27.101981">
        <ele>242</ele>
        <time>2025-06-21T12:44:39Z</time>
        <hdop>2.5</hdop>
      </trkpt>
      <trkpt lat="53.9532426" lon="27.101981">
        <ele>242</ele>
        <time>2025-06-21T12:44:50Z</time>
        <hdop>2.5</hdop>
      </trkpt>
      <trkpt lat="53.9532426" lon="27.101981">
        <ele>242</ele>
        <time>2025-06-21T12:45:00Z</time>
        <hdop>2.5</hdop>
      </trkpt>
      <trkpt lat="53.9532426" lon="27.101981">
        <ele>242</ele>
        <time>2025-06-21T12:45:10Z</time>
        <hdop>2</hdop>
      </trkpt>
      <trkpt lat="53.9532426" lon="27.101981">
        <ele>242</ele>
        <time>2025-06-21T12:45:21Z</time>
        <hdop>2</hdop>
      </trkpt>
      <trkpt lat="53.9532426" lon="27.101981">
        <ele>242</ele>
        <time>2025-06-21T12:45:31Z</time>
        <hdop>1.5</hdop>
      </trkpt>
      <trkpt lat="53.9532426" lon="27.101981">
        <ele>242</ele>
        <time>2025-06-21T12:45:42Z</time>
        <hdop>2.5</hdop>
      </trkpt>
      <trkpt lat="53.9532366" lon="27.1019785">
        <ele>242</ele>
        <time>2025-06-21T12:45:53Z</time>
        <hdop>2.5</hdop>
      </trkpt>
      <trkpt lat="53.9532366" lon="27.1019785">
        <ele>242</ele>
        <time>2025-06-21T12:46:04Z</time>
        <hdop>2.5</hdop>
      </trkpt>
      <trkpt lat="53.953235" lon="27.1019618">
        <ele>243</ele>
        <time>2025-06-21T12:46:15Z</time>
        <hdop>2.5</hdop>
      </trkpt>
      <trkpt lat="53.953235" lon="27.1019618">
        <ele>243</ele>
        <time>2025-06-21T12:46:25Z</time>
        <hdop>2</hdop>
      </trkpt>
      <trkpt lat="53.953235" lon="27.1019618">
        <ele>243</ele>
        <time>2025-06-21T12:46:36Z</time>
        <hdop>2</hdop>
      </trkpt>
      <trkpt lat="53.9532366" lon="27.1019581">
        <ele>243</ele>
        <time>2025-06-21T12:46:47Z</time>
        <hdop>2</hdop>
        <extensions>
          <speed>0.06</speed>
        </extensions>
      </trkpt>
      <trkpt lat="53.9532352" lon="27.1019596">
        <ele>243</ele>
        <time>2025-06-21T12:46:58Z</time>
        <hdop>2.5</hdop>
      </trkpt>
      <trkpt lat="53.9532262" lon="27.1019485">
        <ele>242</ele>
        <time>2025-06-21T12:47:08Z</time>
        <hdop>2</hdop>
      </trkpt>
      <trkpt lat="53.953227" lon="27.101942">
        <ele>242</ele>
        <time>2025-06-21T12:47:18Z</time>
        <hdop>2</hdop>
      </trkpt>
      <trkpt lat="53.953227" lon="27.101942">
        <ele>242</ele>
        <time>2025-06-21T12:47:29Z</time>
        <hdop>2</hdop>
      </trkpt>
      <trkpt lat="53.9532206" lon="27.1019323">
        <ele>242</ele>
        <time>2025-06-21T12:47:40Z</time>
        <hdop>2.5</hdop>
      </trkpt>
      <trkpt lat="53.9532205" lon="27.1019319">
        <ele>242</ele>
        <time>2025-06-21T12:47:50Z</time>
        <hdop>2</hdop>
      </trkpt>
      <trkpt lat="53.9532205" lon="27.1019319">
        <ele>242</ele>
        <time>2025-06-21T12:48:00Z</time>
        <hdop>2</hdop>
      </trkpt>
      <trkpt lat="53.9532205" lon="27.1019319">
        <ele>242</ele>
        <time>2025-06-21T12:48:11Z</time>
        <hdop>2</hdop>
      </trkpt>
      <trkpt lat="53.9532214" lon="27.1019415">
        <ele>241</ele>
        <time>2025-06-21T12:48:22Z</time>
        <hdop>2.5</hdop>
      </trkpt>
      <trkpt lat="53.9532264" lon="27.1019349">
        <ele>240</ele>
        <time>2025-06-21T12:48:32Z</time>
        <hdop>2.5</hdop>
        <extensions>
          <speed>0.24</speed>
        </extensions>
      </trkpt>
      <trkpt lat="53.9532278" lon="27.1019262">
        <ele>240</ele>
        <time>2025-06-21T12:48:43Z</time>
        <hdop>2.5</hdop>
      </trkpt>
      <trkpt lat="53.9532298" lon="27.1019224">
        <ele>240</ele>
        <time>2025-06-21T12:48:53Z</time>
        <hdop>2</hdop>
      </trkpt>
      <trkpt lat="53.9532298" lon="27.1019224">
        <ele>240</ele>
        <time>2025-06-21T12:49:04Z</time>
        <hdop>2.5</hdop>
      </trkpt>
      <trkpt lat="53.9532298" lon="27.1019224">
        <ele>240</ele>
        <time>2025-06-21T12:49:15Z</time>
        <hdop>2</hdop>
      </trkpt>
      <trkpt lat="53.9532298" lon="27.1019224">
        <ele>240</ele>
        <time>2025-06-21T12:49:25Z</time>
        <hdop>1.5</hdop>
      </trkpt>
      <trkpt lat="53.9532298" lon="27.1019224">
        <ele>240</ele>
        <time>2025-06-21T12:49:35Z</time>
        <hdop>2</hdop>
      </trkpt>
      <trkpt lat="53.953228" lon="27.1019174">
        <ele>240</ele>
        <time>2025-06-21T12:49:46Z</time>
        <hdop>2</hdop>
      </trkpt>
      <trkpt lat="53.9532289" lon="27.1019116">
        <ele>239</ele>
        <time>2025-06-21T12:49:56Z</time>
        <hdop>2</hdop>
      </trkpt>
      <trkpt lat="53.9532249" lon="27.1019095">
        <ele>241</ele>
        <time>2025-06-21T12:50:07Z</time>
        <hdop>2</hdop>
        <extensions>
          <speed>0.13</speed>
        </extensions>
      </trkpt>
      <trkpt lat="53.9532252" lon="27.1019094">
        <ele>241</ele>
        <time>2025-06-21T12:50:17Z</time>
        <hdop>2</hdop>
      </trkpt>
      <trkpt lat="53.9532252" lon="27.1019094">
        <ele>241</ele>
        <time>2025-06-21T12:50:28Z</time>
        <hdop>2</hdop>
      </trkpt>
      <trkpt lat="53.9532227" lon="27.1019093">
        <ele>241</ele>
        <time>2025-06-21T12:50:39Z</time>
        <hdop>2</hdop>
      </trkpt>
      <trkpt lat="53.9532227" lon="27.1019093">
        <ele>241</ele>
        <time>2025-06-21T12:50:50Z</time>
        <hdop>1.5</hdop>
      </trkpt>
      <trkpt lat="53.9532227" lon="27.1019093">
        <ele>241</ele>
        <time>2025-06-21T12:51:01Z</time>
        <hdop>2</hdop>
      </trkpt>
      <trkpt lat="53.953216" lon="27.1019151">
        <ele>240</ele>
        <time>2025-06-21T12:51:11Z</time>
        <hdop>2</hdop>
      </trkpt>
      <trkpt lat="53.953216" lon="27.1019151">
        <ele>240</ele>
        <time>2025-06-21T12:51:22Z</time>
        <hdop>2</hdop>
      </trkpt>
      <trkpt lat="53.95321" lon="27.1019114">
        <ele>240</ele>
        <time>2025-06-21T12:51:32Z</time>
        <hdop>2</hdop>
        <extensions>
          <speed>0.15</speed>
        </extensions>
      </trkpt>
      <trkpt lat="53.9532102" lon="27.1019102">
        <ele>240</ele>
        <time>2025-06-21T12:51:42Z</time>
        <hdop>2</hdop>
      </trkpt>
      <trkpt lat="53.9532102" lon="27.1019102">
        <ele>240</ele>
        <time>2025-06-21T12:51:53Z</time>
        <hdop>1.5</hdop>
      </trkpt>
      <trkpt lat="53.9532184" lon="27.1019089">
        <ele>240</ele>
        <time>2025-06-21T12:52:03Z</time>
        <hdop>1.5</hdop>
      </trkpt>
      <trkpt lat="53.9532184" lon="27.1019089">
        <ele>240</ele>
        <time>2025-06-21T12:52:14Z</time>
        <hdop>1.5</hdop>
      </trkpt>
      <trkpt lat="53.9532184" lon="27.1019089">
        <ele>240</ele>
        <time>2025-06-21T12:52:25Z</time>
        <hdop>1.5</hdop>
      </trkpt>
      <trkpt lat="53.9532184" lon="27.1019089">
        <ele>240</ele>
        <time>2025-06-21T12:52:35Z</time>
        <hdop>1.5</hdop>
      </trkpt>
      <trkpt lat="53.9532184" lon="27.1019089">
        <ele>240</ele>
        <time>2025-06-21T12:52:45Z</time>
        <hdop>1.5</hdop>
      </trkpt>
      <trkpt lat="53.9532184" lon="27.1019089">
        <ele>240</ele>
        <time>2025-06-21T12:52:55Z</time>
        <hdop>1.5</hdop>
      </trkpt>
      <trkpt lat="53.9532184" lon="27.1019089">
        <ele>240</ele>
        <time>2025-06-21T12:53:05Z</time>
        <hdop>1.5</hdop>
      </trkpt>
      <trkpt lat="53.9532184" lon="27.1019089">
        <ele>240</ele>
        <time>2025-06-21T12:53:15Z</time>
        <hdop>1.5</hdop>
      </trkpt>
      <trkpt lat="53.9532184" lon="27.1019089">
        <ele>240</ele>
        <time>2025-06-21T12:53:26Z</time>
        <hdop>1.5</hdop>
      </trkpt>
      <trkpt lat="53.9532002" lon="27.1019225">
        <ele>241</ele>
        <time>2025-06-21T12:53:37Z</time>
        <hdop>1.5</hdop>
      </trkpt>
      <trkpt lat="53.9532002" lon="27.1019225">
        <ele>241</ele>
        <time>2025-06-21T12:53:48Z</time>
        <hdop>1.5</hdop>
      </trkpt>
      <trkpt lat="53.9532154" lon="27.1018904">
        <ele>244</ele>
        <time>2025-06-21T12:53:58Z</time>
        <hdop>1.5</hdop>
        <extensions>
          <speed>1</speed>
        </extensions>
      </trkpt>
      <trkpt lat="53.953233" lon="27.1018853">
        <ele>245</ele>
        <time>2025-06-21T12:54:08Z</time>
        <hdop>1.5</hdop>
      </trkpt>
      <trkpt lat="53.9532334" lon="27.1018858">
        <ele>245</ele>
        <time>2025-06-21T12:54:19Z</time>
        <hdop>1.5</hdop>
      </trkpt>
      <trkpt lat="53.9532334" lon="27.1018858">
        <ele>245</ele>
        <time>2025-06-21T12:54:29Z</time>
        <hdop>1.5</hdop>
      </trkpt>
      <trkpt lat="53.9532334" lon="27.1018858">
        <ele>245</ele>
        <time>2025-06-21T12:54:40Z</time>
        <hdop>1.5</hdop>
      </trkpt>
      <trkpt lat="53.9532334" lon="27.1018858">
        <ele>245</ele>
        <time>2025-06-21T12:54:50Z</time>
        <hdop>1.5</hdop>
      </trkpt>
      <trkpt lat="53.9532334" lon="27.1018858">
        <ele>245</ele>
        <time>2025-06-21T12:55:00Z</time>
        <hdop>1.5</hdop>
      </trkpt>
      <trkpt lat="53.9532334" lon="27.1018858">
        <ele>245</ele>
        <time>2025-06-21T12:55:10Z</time>
        <hdop>2</hdop>
      </trkpt>
      <trkpt lat="53.9532334" lon="27.1018858">
        <ele>245</ele>
        <time>2025-06-21T12:55:20Z</time>
        <hdop>2</hdop>
      </trkpt>
      <trkpt lat="53.9532334" lon="27.1018858">
        <ele>245</ele>
        <time>2025-06-21T12:55:31Z</time>
        <hdop>1.5</hdop>
      </trkpt>
      <trkpt lat="53.9532334" lon="27.1018858">
        <ele>245</ele>
        <time>2025-06-21T12:55:42Z</time>
        <hdop>1.5</hdop>
      </trkpt>
      <trkpt lat="53.9532334" lon="27.1018858">
        <ele>245</ele>
        <time>2025-06-21T12:55:53Z</time>
        <hdop>1.5</hdop>
      </trkpt>
      <trkpt lat="53.9532334" lon="27.1018858">
        <ele>245</ele>
        <time>2025-06-21T12:56:03Z</time>
        <hdop>1.5</hdop>
      </trkpt>
      <trkpt lat="53.9532334" lon="27.1018858">
        <ele>245</ele>
        <time>2025-06-21T12:56:13Z</time>
        <hdop>1.5</hdop>
      </trkpt>
      <trkpt lat="53.9532334" lon="27.1018858">
        <ele>245</ele>
        <time>2025-06-21T12:56:24Z</time>
        <hdop>1.5</hdop>
      </trkpt>
      <trkpt lat="53.9532334" lon="27.1018858">
        <ele>245</ele>
        <time>2025-06-21T12:56:34Z</time>
        <hdop>1.5</hdop>
      </trkpt>
      <trkpt lat="53.9532334" lon="27.1018858">
        <ele>245</ele>
        <time>2025-06-21T12:56:45Z</time>
        <hdop>1.5</hdop>
      </trkpt>
      <trkpt lat="53.9532334" lon="27.1018858">
        <ele>245</ele>
        <time>2025-06-21T12:56:55Z</time>
        <hdop>1.5</hdop>
      </trkpt>
      <trkpt lat="53.9532334" lon="27.1018858">
        <ele>245</ele>
        <time>2025-06-21T12:57:05Z</time>
        <hdop>1.5</hdop>
      </trkpt>
      <trkpt lat="53.9532339" lon="27.1018802">
        <ele>245</ele>
        <time>2025-06-21T12:57:15Z</time>
        <hdop>1.5</hdop>
      </trkpt>
      <trkpt lat="53.9532339" lon="27.1018802">
        <ele>245</ele>
        <time>2025-06-21T12:57:26Z</time>
        <hdop>1.5</hdop>
      </trkpt>
      <trkpt lat="53.9532339" lon="27.1018802">
        <ele>245</ele>
        <time>2025-06-21T12:57:37Z</time>
        <hdop>1.5</hdop>
      </trkpt>
      <trkpt lat="53.9532339" lon="27.1018802">
        <ele>245</ele>
        <time>2025-06-21T12:57:48Z</time>
        <hdop>1.5</hdop>
      </trkpt>
      <trkpt lat="53.9532339" lon="27.1018802">
        <ele>245</ele>
        <time>2025-06-21T12:57:58Z</time>
        <hdop>1.5</hdop>
      </trkpt>
      <trkpt lat="53.9532339" lon="27.1018802">
        <ele>245</ele>
        <time>2025-06-21T12:58:09Z</time>
        <hdop>1.5</hdop>
      </trkpt>
      <trkpt lat="53.9532339" lon="27.1018802">
        <ele>245</ele>
        <time>2025-06-21T12:58:19Z</time>
        <hdop>1.5</hdop>
      </trkpt>
      <trkpt lat="53.9532339" lon="27.1018802">
        <ele>245</ele>
        <time>2025-06-21T12:58:29Z</time>
        <hdop>1.5</hdop>
      </trkpt>
      <trkpt lat="53.9532339" lon="27.1018802">
        <ele>245</ele>
        <time>2025-06-21T12:58:40Z</time>
        <hdop>1.5</hdop>
      </trkpt>
      <trkpt lat="53.9532339" lon="27.1018802">
        <ele>245</ele>
        <time>2025-06-21T12:58:51Z</time>
        <hdop>1.5</hdop>
      </trkpt>
      <trkpt lat="53.9532301" lon="27.1018843">
        <ele>246</ele>
        <time>2025-06-21T12:59:01Z</time>
        <hdop>1.5</hdop>
        <extensions>
          <speed>0.05</speed>
        </extensions>
      </trkpt>
      <trkpt lat="53.9532353" lon="27.1018842">
        <ele>246</ele>
        <time>2025-06-21T12:59:12Z</time>
        <hdop>2</hdop>
      </trkpt>
      <trkpt lat="53.9532352" lon="27.1020246">
        <ele>250</ele>
        <time>2025-06-21T12:59:23Z</time>
        <hdop>2</hdop>
        <extensions>
          <speed>1.16</speed>
        </extensions>
      </trkpt>
      <trkpt lat="53.9534332" lon="27.1026582">
        <ele>249</ele>
        <time>2025-06-21T12:59:33Z</time>
        <hdop>2</hdop>
        <extensions>
          <speed>6.37</speed>
        </extensions>
      </trkpt>
      <trkpt lat="53.9537755" lon="27.1038627">
        <ele>247</ele>
        <time>2025-06-21T12:59:43Z</time>
        <hdop>2</hdop>
        <extensions>
          <speed>7.46</speed>
        </extensions>
      </trkpt>
      <trkpt lat="53.9540815" lon="27.1048896">
        <ele>248</ele>
        <time>2025-06-21T12:59:53Z</time>
        <hdop>2</hdop>
        <extensions>
          <speed>7.52</speed>
        </extensions>
      </trkpt>
      <trkpt lat="53.9543761" lon="27.1065074">
        <ele>259</ele>
        <time>2025-06-21T13:00:08Z</time>
        <hdop>9.5</hdop>
        <extensions>
          <speed>5.99</speed>
        </extensions>
      </trkpt>
      <trkpt lat="53.954575" lon="27.1075551">
        <ele>255</ele>
        <time>2025-06-21T13:00:19Z</time>
        <hdop>9.5</hdop>
        <extensions>
          <speed>6.88</speed>
        </extensions>
      </trkpt>
      <trkpt lat="53.9548628" lon="27.1083411">
        <ele>255</ele>
        <time>2025-06-21T13:00:29Z</time>
        <hdop>2</hdop>
        <extensions>
          <speed>5.5</speed>
        </extensions>
      </trkpt>
      <trkpt lat="53.9552174" lon="27.1091658">
        <ele>252</ele>
        <time>2025-06-21T13:00:40Z</time>
        <hdop>2</hdop>
        <extensions>
          <speed>5.83</speed>
        </extensions>
      </trkpt>
      <trkpt lat="53.9555106" lon="27.1098979">
        <ele>251</ele>
        <time>2025-06-21T13:00:50Z</time>
        <hdop>2</hdop>
        <extensions>
          <speed>5.3</speed>
        </extensions>
      </trkpt>
      <trkpt lat="53.9557944" lon="27.1106292">
        <ele>252</ele>
        <time>2025-06-21T13:01:00Z</time>
        <hdop>2</hdop>
        <extensions>
          <speed>5.11</speed>
        </extensions>
      </trkpt>
      <trkpt lat="53.9560154" lon="27.1113834">
        <ele>251</ele>
        <time>2025-06-21T13:01:10Z</time>
        <hdop>2</hdop>
        <extensions>
          <speed>5.12</speed>
        </extensions>
      </trkpt>
      <trkpt lat="53.9561344" lon="27.1117265">
        <ele>252</ele>
        <time>2025-06-21T13:01:21Z</time>
        <hdop>1.5</hdop>
        <extensions>
          <speed>1.7</speed>
        </extensions>
      </trkpt>
      <trkpt lat="53.9563309" lon="27.1116392">
        <ele>250</ele>
        <time>2025-06-21T13:01:32Z</time>
        <hdop>1.5</hdop>
        <extensions>
          <speed>2.6</speed>
        </extensions>
      </trkpt>
      <trkpt lat="53.9564694" lon="27.1116067">
        <ele>248</ele>
        <time>2025-06-21T13:01:42Z</time>
        <hdop>1.5</hdop>
        <extensions>
          <speed>1.72</speed>
        </extensions>
      </trkpt>
      <trkpt lat="53.9564851" lon="27.1111996">
        <ele>247</ele>
        <time>2025-06-21T13:01:52Z</time>
        <hdop>1.5</hdop>
        <extensions>
          <speed>0.09</speed>
        </extensions>
      </trkpt>
      <trkpt lat="53.9568083" lon="27.1108936">
        <ele>245</ele>
        <time>2025-06-21T13:02:03Z</time>
        <hdop>1</hdop>
        <extensions>
          <speed>5.03</speed>
        </extensions>
      </trkpt>
      <trkpt lat="53.9571993" lon="27.111292">
        <ele>245</ele>
        <time>2025-06-21T13:02:14Z</time>
        <hdop>4</hdop>
        <extensions>
          <speed>2.95</speed>
        </extensions>
      </trkpt>
      <trkpt lat="53.9574238" lon="27.1118582">
        <ele>246</ele>
        <time>2025-06-21T13:02:24Z</time>
        <hdop>2</hdop>
        <extensions>
          <speed>4.54</speed>
        </extensions>
      </trkpt>
      <trkpt lat="53.9569553" lon="27.1125674">
        <ele>246</ele>
        <time>2025-06-21T13:02:34Z</time>
        <hdop>1.5</hdop>
        <extensions>
          <speed>7.17</speed>
        </extensions>
      </trkpt>
      <trkpt lat="53.9565211" lon="27.1130101">
        <ele>249</ele>
        <time>2025-06-21T13:02:44Z</time>
        <hdop>1</hdop>
        <extensions>
          <speed>3.77</speed>
        </extensions>
      </trkpt>
      <trkpt lat="53.9563509" lon="27.1133356">
        <ele>249</ele>
        <time>2025-06-21T13:02:55Z</time>
        <hdop>1.5</hdop>
        <extensions>
          <speed>3.1</speed>
        </extensions>
      </trkpt>
      <trkpt lat="53.9561201" lon="27.1138769">
        <ele>251</ele>
        <time>2025-06-21T13:03:06Z</time>
        <hdop>1.5</hdop>
        <extensions>
          <speed>4.46</speed>
        </extensions>
      </trkpt>
      <trkpt lat="53.9558478" lon="27.1145515">
        <ele>255</ele>
        <time>2025-06-21T13:03:16Z</time>
        <hdop>1.5</hdop>
        <extensions>
          <speed>4.3</speed>
        </extensions>
      </trkpt>
      <trkpt lat="53.9556473" lon="27.1151188">
        <ele>254</ele>
        <time>2025-06-21T13:03:27Z</time>
        <hdop>2</hdop>
        <extensions>
          <speed>2.81</speed>
        </extensions>
      </trkpt>
      <trkpt lat="53.9558628" lon="27.1155088">
        <ele>257</ele>
        <time>2025-06-21T13:03:37Z</time>
        <hdop>2</hdop>
        <extensions>
          <speed>3.93</speed>
        </extensions>
      </trkpt>
      <trkpt lat="53.9562642" lon="27.1159549">
        <ele>260</ele>
        <time>2025-06-21T13:03:48Z</time>
        <hdop>1.5</hdop>
        <extensions>
          <speed>4.82</speed>
        </extensions>
      </trkpt>
      <trkpt lat="53.9566156" lon="27.1163286">
        <ele>260</ele>
        <time>2025-06-21T13:03:58Z</time>
        <hdop>2</hdop>
        <extensions>
          <speed>4.23</speed>
        </extensions>
      </trkpt>
      <trkpt lat="53.9571022" lon="27.1168205">
        <ele>260</ele>
        <time>2025-06-21T13:04:09Z</time>
        <hdop>2</hdop>
        <extensions>
          <speed>5.7</speed>
        </extensions>
      </trkpt>
      <trkpt lat="53.9575888" lon="27.1173653">
        <ele>259</ele>
        <time>2025-06-21T13:04:20Z</time>
        <hdop>2</hdop>
        <extensions>
          <speed>5.44</speed>
        </extensions>
      </trkpt>
      <trkpt lat="53.9580756" lon="27.1179033">
        <ele>260</ele>
        <time>2025-06-21T13:04:31Z</time>
        <hdop>1.5</hdop>
        <extensions>
          <speed>5.4</speed>
        </extensions>
      </trkpt>
      <trkpt lat="53.9585912" lon="27.1184128">
        <ele>261</ele>
        <time>2025-06-21T13:04:42Z</time>
        <hdop>2</hdop>
        <extensions>
          <speed>5.58</speed>
        </extensions>
      </trkpt>
      <trkpt lat="53.9591021" lon="27.1188258">
        <ele>258</ele>
        <time>2025-06-21T13:04:53Z</time>
        <hdop>2</hdop>
        <extensions>
          <speed>6.93</speed>
        </extensions>
      </trkpt>
      <trkpt lat="53.9598232" lon="27.1188174">
        <ele>250</ele>
        <time>2025-06-21T13:05:03Z</time>
        <hdop>1.5</hdop>
        <extensions>
          <speed>7.18</speed>
        </extensions>
      </trkpt>
      <trkpt lat="53.960397" lon="27.1188106">
        <ele>248</ele>
        <time>2025-06-21T13:05:13Z</time>
        <hdop>1.5</hdop>
        <extensions>
          <speed>5.75</speed>
        </extensions>
      </trkpt>
      <trkpt lat="53.9609735" lon="27.1191007">
        <ele>255</ele>
        <time>2025-06-21T13:05:26Z</time>
        <hdop>7.5</hdop>
        <extensions>
          <speed>4.08</speed>
        </extensions>
      </trkpt>
      <trkpt lat="53.9616061" lon="27.1197803">
        <ele>259</ele>
        <time>2025-06-21T13:05:44Z</time>
        <hdop>7</hdop>
        <extensions>
          <speed>3.59</speed>
        </extensions>
      </trkpt>
      <trkpt lat="53.9615816" lon="27.1205349">
        <ele>256</ele>
        <time>2025-06-21T13:05:55Z</time>
        <hdop>8</hdop>
        <extensions>
          <speed>4.57</speed>
        </extensions>
      </trkpt>
      <trkpt lat="53.9616252" lon="27.1213119">
        <ele>255</ele>
        <time>2025-06-21T13:06:06Z</time>
        <hdop>1</hdop>
        <extensions>
          <speed>5.03</speed>
        </extensions>
      </trkpt>
      <trkpt lat="53.9616674" lon="27.1220726">
        <ele>259</ele>
        <time>2025-06-21T13:06:16Z</time>
        <hdop>8</hdop>
        <extensions>
          <speed>5.06</speed>
        </extensions>
      </trkpt>
      <trkpt lat="53.9615165" lon="27.12343">
        <ele>258</ele>
        <time>2025-06-21T13:06:34Z</time>
        <hdop>8</hdop>
        <extensions>
          <speed>3.89</speed>
        </extensions>
      </trkpt>
      <trkpt lat="53.9614016" lon="27.1241195">
        <ele>263</ele>
        <time>2025-06-21T13:06:45Z</time>
        <hdop>8</hdop>
        <extensions>
          <speed>4.17</speed>
        </extensions>
      </trkpt>
      <trkpt lat="53.9613182" lon="27.1246913">
        <ele>260</ele>
        <time>2025-06-21T13:06:55Z</time>
        <hdop>1.5</hdop>
        <extensions>
          <speed>4.09</speed>
        </extensions>
      </trkpt>
      <trkpt lat="53.9612086" lon="27.1253456">
        <ele>261</ele>
        <time>2025-06-21T13:07:06Z</time>
        <hdop>2</hdop>
        <extensions>
          <speed>3.14</speed>
        </extensions>
      </trkpt>
      <trkpt lat="53.9610973" lon="27.1256905">
        <ele>270</ele>
        <time>2025-06-21T13:07:16Z</time>
        <hdop>8</hdop>
        <extensions>
          <speed>1.3</speed>
        </extensions>
      </trkpt>
      <trkpt lat="53.9609775" lon="27.1262569">
        <ele>262</ele>
        <time>2025-06-21T13:07:34Z</time>
        <hdop>8</hdop>
        <extensions>
          <speed>0.15</speed>
        </extensions>
      </trkpt>
      <trkpt lat="53.9609925" lon="27.126122">
        <ele>245</ele>
        <time>2025-06-21T13:07:45Z</time>
        <hdop>8.5</hdop>
        <extensions>
          <speed>0.05</speed>
        </extensions>
      </trkpt>
      <trkpt lat="53.9610036" lon="27.1261289">
        <ele>249</ele>
        <time>2025-06-21T13:07:56Z</time>
        <hdop>3.5</hdop>
      </trkpt>
      <trkpt lat="53.9610036" lon="27.1261289">
        <ele>249</ele>
        <time>2025-06-21T13:08:06Z</time>
        <hdop>2.5</hdop>
      </trkpt>
      <trkpt lat="53.9610036" lon="27.1261289">
        <ele>249</ele>
        <time>2025-06-21T13:08:16Z</time>
        <hdop>2</hdop>
      </trkpt>
      <trkpt lat="53.9610001" lon="27.1261305">
        <ele>249</ele>
        <time>2025-06-21T13:08:26Z</time>
        <hdop>1.5</hdop>
      </trkpt>
      <trkpt lat="53.9610001" lon="27.1261305">
        <ele>249</ele>
        <time>2025-06-21T13:08:36Z</time>
        <hdop>1.5</hdop>
      </trkpt>
      <trkpt lat="53.9610001" lon="27.1261305">
        <ele>249</ele>
        <time>2025-06-21T13:08:47Z</time>
        <hdop>2</hdop>
      </trkpt>
      <trkpt lat="53.961031" lon="27.1261482">
        <ele>250</ele>
        <time>2025-06-21T13:08:57Z</time>
        <hdop>2</hdop>
        <extensions>
          <speed>0.44</speed>
        </extensions>
      </trkpt>
      <trkpt lat="53.9610819" lon="27.1259231">
        <ele>254</ele>
        <time>2025-06-21T13:09:07Z</time>
        <hdop>2</hdop>
        <extensions>
          <speed>2</speed>
        </extensions>
      </trkpt>
      <trkpt lat="53.9611282" lon="27.1254409">
        <ele>253</ele>
        <time>2025-06-21T13:09:18Z</time>
        <hdop>2</hdop>
        <extensions>
          <speed>2.61</speed>
        </extensions>
      </trkpt>
      <trkpt lat="53.9608354" lon="27.1251353">
        <ele>252</ele>
        <time>2025-06-21T13:09:29Z</time>
        <hdop>2.5</hdop>
        <extensions>
          <speed>3.57</speed>
        </extensions>
      </trkpt>
      <trkpt lat="53.9604844" lon="27.1247536">
        <ele>241</ele>
        <time>2025-06-21T13:09:40Z</time>
        <hdop>2.5</hdop>
        <extensions>
          <speed>2.62</speed>
        </extensions>
      </trkpt>
      <trkpt lat="53.9601806" lon="27.124108">
        <ele>244</ele>
        <time>2025-06-21T13:09:50Z</time>
        <hdop>2.5</hdop>
        <extensions>
          <speed>2.89</speed>
        </extensions>
      </trkpt>
      <trkpt lat="53.9601723" lon="27.1238194">
        <ele>248</ele>
        <time>2025-06-21T13:10:01Z</time>
        <hdop>2</hdop>
      </trkpt>
      <trkpt lat="53.9601499" lon="27.123971">
        <ele>248</ele>
        <time>2025-06-21T13:10:11Z</time>
        <hdop>2</hdop>
        <extensions>
          <speed>0.64</speed>
        </extensions>
      </trkpt>
      <trkpt lat="53.9602298" lon="27.1240924">
        <ele>249</ele>
        <time>2025-06-21T13:10:22Z</time>
        <hdop>2</hdop>
        <extensions>
          <speed>0.57</speed>
        </extensions>
      </trkpt>
      <trkpt lat="53.960264" lon="27.1242522">
        <ele>251</ele>
        <time>2025-06-21T13:10:32Z</time>
        <hdop>2</hdop>
        <extensions>
          <speed>0.41</speed>
        </extensions>
      </trkpt>
      <trkpt lat="53.9603008" lon="27.1244234">
        <ele>250</ele>
        <time>2025-06-21T13:10:42Z</time>
        <hdop>2</hdop>
        <extensions>
          <speed>0.64</speed>
        </extensions>
      </trkpt>
      <trkpt lat="53.9603561" lon="27.1245356">
        <ele>249</ele>
        <time>2025-06-21T13:10:52Z</time>
        <hdop>2</hdop>
        <extensions>
          <speed>0.36</speed>
        </extensions>
      </trkpt>
      <trkpt lat="53.9604785" lon="27.1247864">
        <ele>251</ele>
        <time>2025-06-21T13:11:02Z</time>
        <hdop>2</hdop>
        <extensions>
          <speed>0.65</speed>
        </extensions>
      </trkpt>
      <trkpt lat="53.9604214" lon="27.1248717">
        <ele>257</ele>
        <time>2025-06-21T13:11:12Z</time>
        <hdop>2</hdop>
        <extensions>
          <speed>1.47</speed>
        </extensions>
      </trkpt>
      <trkpt lat="53.9602825" lon="27.124989">
        <ele>257</ele>
        <time>2025-06-21T13:11:23Z</time>
        <hdop>2</hdop>
      </trkpt>
      <trkpt lat="53.9602829" lon="27.1249869">
        <ele>252</ele>
        <time>2025-06-21T13:11:33Z</time>
        <hdop>2</hdop>
      </trkpt>
      <trkpt lat="53.9602829" lon="27.1249869">
        <ele>252</ele>
        <time>2025-06-21T13:11:44Z</time>
        <hdop>1.5</hdop>
      </trkpt>
      <trkpt lat="53.9602829" lon="27.1249869">
        <ele>252</ele>
        <time>2025-06-21T13:11:54Z</time>
        <hdop>1.5</hdop>
      </trkpt>
      <trkpt lat="53.9602829" lon="27.1249869">
        <ele>252</ele>
        <time>2025-06-21T13:12:04Z</time>
        <hdop>1.5</hdop>
      </trkpt>
      <trkpt lat="53.9602968" lon="27.1249766">
        <ele>251</ele>
        <time>2025-06-21T13:12:14Z</time>
        <hdop>1.5</hdop>
      </trkpt>
      <trkpt lat="53.9602968" lon="27.1249766">
        <ele>251</ele>
        <time>2025-06-21T13:12:25Z</time>
        <hdop>1.5</hdop>
      </trkpt>
      <trkpt lat="53.9602968" lon="27.1249766">
        <ele>251</ele>
        <time>2025-06-21T13:12:36Z</time>
        <hdop>1.5</hdop>
      </trkpt>
      <trkpt lat="53.960332" lon="27.1249142">
        <ele>250</ele>
        <time>2025-06-21T13:12:46Z</time>
        <hdop>2</hdop>
      </trkpt>
      <trkpt lat="53.9603809" lon="27.1248589">
        <ele>252</ele>
        <time>2025-06-21T13:12:57Z</time>
        <hdop>1.5</hdop>
        <extensions>
          <speed>0.64</speed>
        </extensions>
      </trkpt>
      <trkpt lat="53.9604389" lon="27.1248251">
        <ele>254</ele>
        <time>2025-06-21T13:13:07Z</time>
        <hdop>2</hdop>
      </trkpt>
      <trkpt lat="53.9604538" lon="27.1248307">
        <ele>253</ele>
        <time>2025-06-21T13:13:18Z</time>
        <hdop>1.5</hdop>
      </trkpt>
      <trkpt lat="53.9604851" lon="27.1248652">
        <ele>257</ele>
        <time>2025-06-21T13:13:29Z</time>
        <hdop>1.5</hdop>
        <extensions>
          <speed>0.29</speed>
        </extensions>
      </trkpt>
      <trkpt lat="53.9605439" lon="27.1249377">
        <ele>260</ele>
        <time>2025-06-21T13:13:39Z</time>
        <hdop>2</hdop>
        <extensions>
          <speed>0.95</speed>
        </extensions>
      </trkpt>
      <trkpt lat="53.9606583" lon="27.125041">
        <ele>263</ele>
        <time>2025-06-21T13:13:50Z</time>
        <hdop>1.5</hdop>
        <extensions>
          <speed>0.56</speed>
        </extensions>
      </trkpt>
      <trkpt lat="53.960774" lon="27.1251217">
        <ele>264</ele>
        <time>2025-06-21T13:14:01Z</time>
        <hdop>2</hdop>
        <extensions>
          <speed>1.59</speed>
        </extensions>
      </trkpt>
      <trkpt lat="53.9609838" lon="27.125285">
        <ele>263</ele>
        <time>2025-06-21T13:14:11Z</time>
        <hdop>2</hdop>
        <extensions>
          <speed>1.45</speed>
        </extensions>
      </trkpt>
      <trkpt lat="53.9611131" lon="27.1256476">
        <ele>262</ele>
        <time>2025-06-21T13:14:22Z</time>
        <hdop>2</hdop>
        <extensions>
          <speed>3.29</speed>
        </extensions>
      </trkpt>
      <trkpt lat="53.9610086" lon="27.1261768">
        <ele>264</ele>
        <time>2025-06-21T13:14:33Z</time>
        <hdop>2</hdop>
        <extensions>
          <speed>2.15</speed>
        </extensions>
      </trkpt>
      <trkpt lat="53.9609563" lon="27.1266118">
        <ele>256</ele>
        <time>2025-06-21T13:14:43Z</time>
        <hdop>2</hdop>
        <extensions>
          <speed>2.62</speed>
        </extensions>
      </trkpt>
      <trkpt lat="53.9609042" lon="27.1271357">
        <ele>257</ele>
        <time>2025-06-21T13:14:53Z</time>
        <hdop>1.5</hdop>
        <extensions>
          <speed>3.38</speed>
        </extensions>
      </trkpt>
      <trkpt lat="53.9608678" lon="27.1277046">
        <ele>257</ele>
        <time>2025-06-21T13:15:04Z</time>
        <hdop>1.5</hdop>
        <extensions>
          <speed>3.53</speed>
        </extensions>
      </trkpt>
      <trkpt lat="53.9608513" lon="27.1282742">
        <ele>258</ele>
        <time>2025-06-21T13:15:14Z</time>
        <hdop>1.5</hdop>
        <extensions>
          <speed>3.68</speed>
        </extensions>
      </trkpt>
      <trkpt lat="53.960838" lon="27.1289219">
        <ele>257</ele>
        <time>2025-06-21T13:15:25Z</time>
        <hdop>1</hdop>
        <extensions>
          <speed>3.97</speed>
        </extensions>
      </trkpt>
      <trkpt lat="53.9609062" lon="27.1295679">
        <ele>256</ele>
        <time>2025-06-21T13:15:36Z</time>
        <hdop>1.5</hdop>
        <extensions>
          <speed>3.48</speed>
        </extensions>
      </trkpt>
      <trkpt lat="53.9610199" lon="27.1302217">
        <ele>255</ele>
        <time>2025-06-21T13:15:47Z</time>
        <hdop>1</hdop>
        <extensions>
          <speed>4.12</speed>
        </extensions>
      </trkpt>
      <trkpt lat="53.9611229" lon="27.1308032">
        <ele>256</ele>
        <time>2025-06-21T13:15:57Z</time>
        <hdop>1.5</hdop>
        <extensions>
          <speed>3.74</speed>
        </extensions>
      </trkpt>
      <trkpt lat="53.9613249" lon="27.1312068">
        <ele>257</ele>
        <time>2025-06-21T13:16:08Z</time>
        <hdop>1.5</hdop>
        <extensions>
          <speed>2.93</speed>
        </extensions>
      </trkpt>
      <trkpt lat="53.9616077" lon="27.1314886">
        <ele>259</ele>
        <time>2025-06-21T13:16:19Z</time>
        <hdop>1.5</hdop>
        <extensions>
          <speed>2.93</speed>
        </extensions>
      </trkpt>
      <trkpt lat="53.9618486" lon="27.1317305">
        <ele>260</ele>
        <time>2025-06-21T13:16:30Z</time>
        <hdop>1.5</hdop>
        <extensions>
          <speed>2.2</speed>
        </extensions>
      </trkpt>
      <trkpt lat="53.9621013" lon="27.1319213">
        <ele>270</ele>
        <time>2025-06-21T13:16:40Z</time>
        <hdop>7.5</hdop>
        <extensions>
          <speed>1.87</speed>
        </extensions>
      </trkpt>
      <trkpt lat="53.9624454" lon="27.1323121">
        <ele>267</ele>
        <time>2025-06-21T13:16:58Z</time>
        <hdop>6.5</hdop>
        <extensions>
          <speed>2.38</speed>
        </extensions>
      </trkpt>
      <trkpt lat="53.9628901" lon="27.132645">
        <ele>266</ele>
        <time>2025-06-21T13:17:16Z</time>
        <hdop>7.5</hdop>
        <extensions>
          <speed>3.86</speed>
        </extensions>
      </trkpt>
      <trkpt lat="53.9627942" lon="27.132591">
        <ele>266</ele>
        <time>2025-06-21T13:17:34Z</time>
        <hdop>7</hdop>
        <extensions>
          <speed>3.56</speed>
        </extensions>
      </trkpt>
      <trkpt lat="53.9639604" lon="27.1336651">
        <ele>262</ele>
        <time>2025-06-21T13:17:53Z</time>
        <hdop>7.5</hdop>
        <extensions>
          <speed>3.53</speed>
        </extensions>
      </trkpt>
      <trkpt lat="53.9642545" lon="27.1338988">
        <ele>264</ele>
        <time>2025-06-21T13:18:03Z</time>
        <hdop>7</hdop>
        <extensions>
          <speed>3.27</speed>
        </extensions>
      </trkpt>
      <trkpt lat="53.964726" lon="27.1341692">
        <ele>265</ele>
        <time>2025-06-21T13:18:22Z</time>
        <hdop>7.5</hdop>
        <extensions>
          <speed>2.62</speed>
        </extensions>
      </trkpt>
      <trkpt lat="53.9648885" lon="27.1342367">
        <ele>270</ele>
        <time>2025-06-21T13:18:40Z</time>
        <hdop>7</hdop>
        <extensions>
          <speed>2.54</speed>
        </extensions>
      </trkpt>
      <trkpt lat="53.9653679" lon="27.1345661">
        <ele>271</ele>
        <time>2025-06-21T13:18:51Z</time>
        <hdop>7.5</hdop>
        <extensions>
          <speed>2.92</speed>
        </extensions>
      </trkpt>
      <trkpt lat="53.9656065" lon="27.1348478">
        <ele>274</ele>
        <time>2025-06-21T13:19:01Z</time>
        <hdop>1.5</hdop>
        <extensions>
          <speed>2.91</speed>
        </extensions>
      </trkpt>
      <trkpt lat="53.9658225" lon="27.1351434">
        <ele>275</ele>
        <time>2025-06-21T13:19:12Z</time>
        <hdop>1.5</hdop>
        <extensions>
          <speed>3.15</speed>
        </extensions>
      </trkpt>
      <trkpt lat="53.966059" lon="27.1354791">
        <ele>274</ele>
        <time>2025-06-21T13:19:23Z</time>
        <hdop>1.5</hdop>
        <extensions>
          <speed>3.45</speed>
        </extensions>
      </trkpt>
      <trkpt lat="53.9663107" lon="27.1358609">
        <ele>274</ele>
        <time>2025-06-21T13:19:34Z</time>
        <hdop>1.5</hdop>
        <extensions>
          <speed>3.36</speed>
        </extensions>
      </trkpt>
      <trkpt lat="53.9665467" lon="27.1361347">
        <ele>276</ele>
        <time>2025-06-21T13:19:44Z</time>
        <hdop>1.5</hdop>
        <extensions>
          <speed>2.81</speed>
        </extensions>
      </trkpt>
      <trkpt lat="53.9667545" lon="27.1363709">
        <ele>276</ele>
        <time>2025-06-21T13:19:54Z</time>
        <hdop>1.5</hdop>
        <extensions>
          <speed>2.45</speed>
        </extensions>
      </trkpt>
      <trkpt lat="53.9669886" lon="27.1366235">
        <ele>276</ele>
        <time>2025-06-21T13:20:05Z</time>
        <hdop>1.5</hdop>
        <extensions>
          <speed>2.96</speed>
        </extensions>
      </trkpt>
      <trkpt lat="53.9672323" lon="27.1369776">
        <ele>276</ele>
        <time>2025-06-21T13:20:16Z</time>
        <hdop>1.5</hdop>
        <extensions>
          <speed>3.56</speed>
        </extensions>
      </trkpt>
      <trkpt lat="53.967498" lon="27.1372759">
        <ele>274</ele>
        <time>2025-06-21T13:20:26Z</time>
        <hdop>3.5</hdop>
        <extensions>
          <speed>3.16</speed>
        </extensions>
      </trkpt>
      <trkpt lat="53.9676814" lon="27.1374292">
        <ele>274</ele>
        <time>2025-06-21T13:20:37Z</time>
        <hdop>3</hdop>
        <extensions>
          <speed>0.74</speed>
        </extensions>
      </trkpt>
      <trkpt lat="53.9676543" lon="27.1375577">
        <ele>290</ele>
        <time>2025-06-21T13:20:47Z</time>
        <hdop>9</hdop>
        <extensions>
          <speed>0.01</speed>
        </extensions>
      </trkpt>
      <trkpt lat="53.9676393" lon="27.1374376">
        <ele>278</ele>
        <time>2025-06-21T13:21:06Z</time>
        <hdop>9.5</hdop>
        <extensions>
          <speed>0.04</speed>
        </extensions>
      </trkpt>
      <trkpt lat="53.9676125" lon="27.1375412">
        <ele>287</ele>
        <time>2025-06-21T13:21:16Z</time>
        <hdop>10</hdop>
        <extensions>
          <speed>0.04</speed>
        </extensions>
      </trkpt>
      <trkpt lat="53.9676533" lon="27.1375069">
        <ele>281</ele>
        <time>2025-06-21T13:21:34Z</time>
        <hdop>9.5</hdop>
        <extensions>
          <speed>0.14</speed>
        </extensions>
      </trkpt>
      <trkpt lat="53.9676281" lon="27.1374731">
        <ele>273</ele>
        <time>2025-06-21T13:21:45Z</time>
        <hdop>9.5</hdop>
        <extensions>
          <speed>0.05</speed>
        </extensions>
      </trkpt>
      <trkpt lat="53.9676366" lon="27.1374637">
        <ele>272</ele>
        <time>2025-06-21T13:21:56Z</time>
        <hdop>2</hdop>
      </trkpt>
      <trkpt lat="53.9676366" lon="27.1374637">
        <ele>272</ele>
        <time>2025-06-21T13:22:07Z</time>
        <hdop>2</hdop>
      </trkpt>
      <trkpt lat="53.9676366" lon="27.1374637">
        <ele>272</ele>
        <time>2025-06-21T13:22:19Z</time>
        <hdop>2</hdop>
      </trkpt>
      <trkpt lat="53.9676331" lon="27.1375">
        <ele>274</ele>
        <time>2025-06-21T13:22:29Z</time>
        <hdop>1.5</hdop>
        <extensions>
          <speed>1.15</speed>
        </extensions>
      </trkpt>
      <trkpt lat="53.9676426" lon="27.1376623">
        <ele>274</ele>
        <time>2025-06-21T13:22:40Z</time>
        <hdop>2</hdop>
        <extensions>
          <speed>1.51</speed>
        </extensions>
      </trkpt>
      <trkpt lat="53.9676221" lon="27.1379031">
        <ele>274</ele>
        <time>2025-06-21T13:22:51Z</time>
        <hdop>2</hdop>
      </trkpt>
      <trkpt lat="53.967615" lon="27.1381356">
        <ele>274</ele>
        <time>2025-06-21T13:23:01Z</time>
        <hdop>2.5</hdop>
        <extensions>
          <speed>2.22</speed>
        </extensions>
      </trkpt>
      <trkpt lat="53.9675983" lon="27.1382431">
        <ele>275</ele>
        <time>2025-06-21T13:23:12Z</time>
        <hdop>2</hdop>
      </trkpt>
      <trkpt lat="53.9675983" lon="27.1382431">
        <ele>275</ele>
        <time>2025-06-21T13:23:22Z</time>
        <hdop>2</hdop>
      </trkpt>
      <trkpt lat="53.9675983" lon="27.1382431">
        <ele>275</ele>
        <time>2025-06-21T13:23:33Z</time>
        <hdop>1.5</hdop>
      </trkpt>
      <trkpt lat="53.9676366" lon="27.1381741">
        <ele>267</ele>
        <time>2025-06-21T13:23:43Z</time>
        <hdop>2</hdop>
        <extensions>
          <speed>0.09</speed>
        </extensions>
      </trkpt>
      <trkpt lat="53.9676358" lon="27.1381737">
        <ele>267</ele>
        <time>2025-06-21T13:23:54Z</time>
        <hdop>1.5</hdop>
      </trkpt>
      <trkpt lat="53.9676325" lon="27.1384491">
        <ele>267</ele>
        <time>2025-06-21T13:24:04Z</time>
        <hdop>2</hdop>
        <extensions>
          <speed>4.06</speed>
        </extensions>
      </trkpt>
      <trkpt lat="53.9676891" lon="27.1393091">
        <ele>269</ele>
        <time>2025-06-21T13:24:15Z</time>
        <hdop>1.5</hdop>
        <extensions>
          <speed>4.62</speed>
        </extensions>
      </trkpt>
      <trkpt lat="53.9675609" lon="27.1399957">
        <ele>269</ele>
        <time>2025-06-21T13:24:26Z</time>
        <hdop>1</hdop>
        <extensions>
          <speed>4.63</speed>
        </extensions>
      </trkpt>
      <trkpt lat="53.9674358" lon="27.1402676">
        <ele>270</ele>
        <time>2025-06-21T13:24:36Z</time>
        <hdop>1.5</hdop>
        <extensions>
          <speed>0.57</speed>
        </extensions>
      </trkpt>
      <trkpt lat="53.9673524" lon="27.1406705">
        <ele>272</ele>
        <time>2025-06-21T13:24:47Z</time>
        <hdop>2</hdop>
        <extensions>
          <speed>3.04</speed>
        </extensions>
      </trkpt>
      <trkpt lat="53.9671654" lon="27.1412718">
        <ele>271</ele>
        <time>2025-06-21T13:24:58Z</time>
        <hdop>1.5</hdop>
        <extensions>
          <speed>3.79</speed>
        </extensions>
      </trkpt>
      <trkpt lat="53.9671273" lon="27.1417127">
        <ele>272</ele>
        <time>2025-06-21T13:25:09Z</time>
        <hdop>2</hdop>
        <extensions>
          <speed>2.67</speed>
        </extensions>
      </trkpt>
      <trkpt lat="53.9671183" lon="27.1423358">
        <ele>270</ele>
        <time>2025-06-21T13:25:20Z</time>
        <hdop>2</hdop>
        <extensions>
          <speed>4.25</speed>
        </extensions>
      </trkpt>
      <trkpt lat="53.967135" lon="27.1431268">
        <ele>267</ele>
        <time>2025-06-21T13:25:31Z</time>
        <hdop>1.5</hdop>
        <extensions>
          <speed>4.41</speed>
        </extensions>
      </trkpt>
      <trkpt lat="53.9670936" lon="27.1440892">
        <ele>265</ele>
        <time>2025-06-21T13:25:41Z</time>
        <hdop>1.5</hdop>
        <extensions>
          <speed>7.63</speed>
        </extensions>
      </trkpt>
      <trkpt lat="53.9672595" lon="27.1446406">
        <ele>266</ele>
        <time>2025-06-21T13:25:52Z</time>
        <hdop>1.5</hdop>
        <extensions>
          <speed>4.65</speed>
        </extensions>
      </trkpt>
      <trkpt lat="53.9676666" lon="27.1450299">
        <ele>266</ele>
        <time>2025-06-21T13:26:02Z</time>
        <hdop>1.5</hdop>
        <extensions>
          <speed>5.92</speed>
        </extensions>
      </trkpt>
      <trkpt lat="53.967995" lon="27.1454636">
        <ele>267</ele>
        <time>2025-06-21T13:26:12Z</time>
        <hdop>2</hdop>
        <extensions>
          <speed>2.67</speed>
        </extensions>
      </trkpt>
      <trkpt lat="53.9678246" lon="27.1459764">
        <ele>264</ele>
        <time>2025-06-21T13:26:23Z</time>
        <hdop>2</hdop>
        <extensions>
          <speed>3.2</speed>
        </extensions>
      </trkpt>
      <trkpt lat="53.9677819" lon="27.1460678">
        <ele>265</ele>
        <time>2025-06-21T13:26:33Z</time>
        <hdop>2.5</hdop>
      </trkpt>
      <trkpt lat="53.9677819" lon="27.1460678">
        <ele>265</ele>
        <time>2025-06-21T13:26:44Z</time>
        <hdop>2</hdop>
      </trkpt>
      <trkpt lat="53.96782" lon="27.1461055">
        <ele>265</ele>
        <time>2025-06-21T13:26:55Z</time>
        <hdop>3</hdop>
        <extensions>
          <speed>1.31</speed>
        </extensions>
      </trkpt>
      <trkpt lat="53.9677497" lon="27.1465335">
        <ele>264</ele>
        <time>2025-06-21T13:27:05Z</time>
        <hdop>3</hdop>
        <extensions>
          <speed>3.59</speed>
        </extensions>
      </trkpt>
      <trkpt lat="53.9677019" lon="27.1474292">
        <ele>258</ele>
        <time>2025-06-21T13:27:20Z</time>
        <hdop>6.5</hdop>
        <extensions>
          <speed>4.58</speed>
        </extensions>
      </trkpt>
      <trkpt lat="53.9677205" lon="27.1487338">
        <ele>262</ele>
        <time>2025-06-21T13:27:38Z</time>
        <hdop>7</hdop>
        <extensions>
          <speed>2.53</speed>
        </extensions>
      </trkpt>
      <trkpt lat="53.9680171" lon="27.1490042">
        <ele>269</ele>
        <time>2025-06-21T13:27:48Z</time>
        <hdop>8.5</hdop>
        <extensions>
          <speed>2.28</speed>
        </extensions>
      </trkpt>
      <trkpt lat="53.9680181" lon="27.1490503">
        <ele>270</ele>
        <time>2025-06-21T13:28:06Z</time>
        <hdop>7.5</hdop>
        <extensions>
          <speed>3.86</speed>
        </extensions>
      </trkpt>
      <trkpt lat="53.9690074" lon="27.1499715">
        <ele>267</ele>
        <time>2025-06-21T13:28:24Z</time>
        <hdop>8</hdop>
        <extensions>
          <speed>4.16</speed>
        </extensions>
      </trkpt>
      <trkpt lat="53.9694279" lon="27.1498236">
        <ele>258</ele>
        <time>2025-06-21T13:28:35Z</time>
        <hdop>8.5</hdop>
        <extensions>
          <speed>4.68</speed>
        </extensions>
      </trkpt>
      <trkpt lat="53.9697074" lon="27.149824">
        <ele>259</ele>
        <time>2025-06-21T13:28:46Z</time>
        <hdop>1.5</hdop>
        <extensions>
          <speed>0.68</speed>
        </extensions>
      </trkpt>
      <trkpt lat="53.9697068" lon="27.1498252">
        <ele>259</ele>
        <time>2025-06-21T13:28:57Z</time>
        <hdop>2.5</hdop>
      </trkpt>
      <trkpt lat="53.9697068" lon="27.1498252">
        <ele>259</ele>
        <time>2025-06-21T13:29:07Z</time>
        <hdop>4.5</hdop>
      </trkpt>
      <trkpt lat="53.9697442" lon="27.1499">
        <ele>266</ele>
        <time>2025-06-21T13:29:25Z</time>
        <hdop>6.5</hdop>
        <extensions>
          <speed>0.79</speed>
        </extensions>
      </trkpt>
      <trkpt lat="53.9693847" lon="27.1498725">
        <ele>264</ele>
        <time>2025-06-21T13:29:44Z</time>
        <hdop>7.5</hdop>
        <extensions>
          <speed>3.13</speed>
        </extensions>
      </trkpt>
      <trkpt lat="53.9693196" lon="27.1500393">
        <ele>262</ele>
        <time>2025-06-21T13:30:02Z</time>
        <hdop>8</hdop>
        <extensions>
          <speed>1.47</speed>
        </extensions>
      </trkpt>
      <trkpt lat="53.9691778" lon="27.1503508">
        <ele>262</ele>
        <time>2025-06-21T13:30:20Z</time>
        <hdop>8</hdop>
        <extensions>
          <speed>0.05</speed>
        </extensions>
      </trkpt>
      <trkpt lat="53.9691606" lon="27.1503552">
        <ele>261</ele>
        <time>2025-06-21T13:30:31Z</time>
        <hdop>6.5</hdop>
      </trkpt>
      <trkpt lat="53.969168" lon="27.1503472">
        <ele>262</ele>
        <time>2025-06-21T13:30:42Z</time>
        <hdop>5</hdop>
      </trkpt>
      <trkpt lat="53.9690979" lon="27.1500771">
        <ele>270</ele>
        <time>2025-06-21T13:31:00Z</time>
        <hdop>7.5</hdop>
        <extensions>
          <speed>2.26</speed>
        </extensions>
      </trkpt>
      <trkpt lat="53.9695794" lon="27.1498368">
        <ele>266</ele>
        <time>2025-06-21T13:31:18Z</time>
        <hdop>7</hdop>
        <extensions>
          <speed>1.98</speed>
        </extensions>
      </trkpt>
      <trkpt lat="53.9697416" lon="27.1497631">
        <ele>263</ele>
        <time>2025-06-21T13:31:29Z</time>
        <hdop>1.5</hdop>
        <extensions>
          <speed>1.48</speed>
        </extensions>
      </trkpt>
      <trkpt lat="53.9699687" lon="27.1496563">
        <ele>260</ele>
        <time>2025-06-21T13:31:39Z</time>
        <hdop>2</hdop>
        <extensions>
          <speed>3.4</speed>
        </extensions>
      </trkpt>
      <trkpt lat="53.9704207" lon="27.1494951">
        <ele>266</ele>
        <time>2025-06-21T13:31:52Z</time>
        <hdop>7.5</hdop>
        <extensions>
          <speed>3.64</speed>
        </extensions>
      </trkpt>
      <trkpt lat="53.9710951" lon="27.1492842">
        <ele>268</ele>
        <time>2025-06-21T13:32:11Z</time>
        <hdop>8</hdop>
        <extensions>
          <speed>3.6</speed>
        </extensions>
      </trkpt>
      <trkpt lat="53.9714704" lon="27.1491657">
        <ele>273</ele>
        <time>2025-06-21T13:32:22Z</time>
        <hdop>7.5</hdop>
        <extensions>
          <speed>3.89</speed>
        </extensions>
      </trkpt>
      <trkpt lat="53.9718215" lon="27.149013">
        <ele>273</ele>
        <time>2025-06-21T13:32:32Z</time>
        <hdop>7</hdop>
        <extensions>
          <speed>3.95</speed>
        </extensions>
      </trkpt>
      <trkpt lat="53.9722329" lon="27.148811">
        <ele>273</ele>
        <time>2025-06-21T13:32:42Z</time>
        <hdop>7.5</hdop>
        <extensions>
          <speed>3.38</speed>
        </extensions>
      </trkpt>
      <trkpt lat="53.9729693" lon="27.148424">
        <ele>270</ele>
        <time>2025-06-21T13:33:03Z</time>
        <hdop>7.5</hdop>
        <extensions>
          <speed>4</speed>
        </extensions>
      </trkpt>
      <trkpt lat="53.9733354" lon="27.1482016">
        <ele>279</ele>
        <time>2025-06-21T13:33:14Z</time>
        <hdop>7.5</hdop>
        <extensions>
          <speed>3.14</speed>
        </extensions>
      </trkpt>
      <trkpt lat="53.9736869" lon="27.1479319">
        <ele>292</ele>
        <time>2025-06-21T13:33:25Z</time>
        <hdop>8.5</hdop>
        <extensions>
          <speed>1.88</speed>
        </extensions>
      </trkpt>
      <trkpt lat="53.9741327" lon="27.1477107">
        <ele>281</ele>
        <time>2025-06-21T13:33:36Z</time>
        <hdop>8</hdop>
        <extensions>
          <speed>2.84</speed>
        </extensions>
      </trkpt>
      <trkpt lat="53.9748525" lon="27.1472749">
        <ele>277</ele>
        <time>2025-06-21T13:33:55Z</time>
        <hdop>7.5</hdop>
        <extensions>
          <speed>1.86</speed>
        </extensions>
      </trkpt>
      <trkpt lat="53.9751308" lon="27.1468488">
        <ele>275</ele>
        <time>2025-06-21T13:34:06Z</time>
        <hdop>2.5</hdop>
        <extensions>
          <speed>4.21</speed>
        </extensions>
      </trkpt>
      <trkpt lat="53.9755008" lon="27.1466265">
        <ele>275</ele>
        <time>2025-06-21T13:34:17Z</time>
        <hdop>2.5</hdop>
        <extensions>
          <speed>4.51</speed>
        </extensions>
      </trkpt>
      <trkpt lat="53.9759218" lon="27.1468213">
        <ele>279</ele>
        <time>2025-06-21T13:34:28Z</time>
        <hdop>2.5</hdop>
        <extensions>
          <speed>1.82</speed>
        </extensions>
      </trkpt>
      <trkpt lat="53.9761745" lon="27.1473839">
        <ele>279</ele>
        <time>2025-06-21T13:34:38Z</time>
        <hdop>2.5</hdop>
        <extensions>
          <speed>2.45</speed>
        </extensions>
      </trkpt>
      <trkpt lat="53.9764623" lon="27.1477829">
        <ele>279</ele>
        <time>2025-06-21T13:34:48Z</time>
        <hdop>2.5</hdop>
        <extensions>
          <speed>2.19</speed>
        </extensions>
      </trkpt>
      <trkpt lat="53.9767642" lon="27.1481079">
        <ele>275</ele>
        <time>2025-06-21T13:34:59Z</time>
        <hdop>3</hdop>
        <extensions>
          <speed>2.29</speed>
        </extensions>
      </trkpt>
      <trkpt lat="53.9771603" lon="27.1485727">
        <ele>276</ele>
        <time>2025-06-21T13:35:10Z</time>
        <hdop>2.5</hdop>
        <extensions>
          <speed>4.07</speed>
        </extensions>
      </trkpt>
      <trkpt lat="53.9775218" lon="27.1490818">
        <ele>276</ele>
        <time>2025-06-21T13:35:21Z</time>
        <hdop>3</hdop>
        <extensions>
          <speed>2.14</speed>
        </extensions>
      </trkpt>
      <trkpt lat="53.9777806" lon="27.1496039">
        <ele>277</ele>
        <time>2025-06-21T13:35:31Z</time>
        <hdop>2.5</hdop>
        <extensions>
          <speed>2.03</speed>
        </extensions>
      </trkpt>
      <trkpt lat="53.9779756" lon="27.1501537">
        <ele>276</ele>
        <time>2025-06-21T13:35:42Z</time>
        <hdop>2</hdop>
        <extensions>
          <speed>3.16</speed>
        </extensions>
      </trkpt>
      <trkpt lat="53.9781367" lon="27.1505074">
        <ele>276</ele>
        <time>2025-06-21T13:35:52Z</time>
        <hdop>2.5</hdop>
        <extensions>
          <speed>1.65</speed>
        </extensions>
      </trkpt>
      <trkpt lat="53.9786121" lon="27.1502842">
        <ele>277</ele>
        <time>2025-06-21T13:36:02Z</time>
        <hdop>3</hdop>
        <extensions>
          <speed>1.85</speed>
        </extensions>
      </trkpt>
      <trkpt lat="53.9787198" lon="27.1503194">
        <ele>274</ele>
        <time>2025-06-21T13:36:12Z</time>
        <hdop>2.5</hdop>
        <extensions>
          <speed>0.57</speed>
        </extensions>
      </trkpt>
      <trkpt lat="53.9788173" lon="27.1503028">
        <ele>275</ele>
        <time>2025-06-21T13:36:22Z</time>
        <hdop>2</hdop>
        <extensions>
          <speed>1.38</speed>
        </extensions>
      </trkpt>
      <trkpt lat="53.978923" lon="27.1503424">
        <ele>277</ele>
        <time>2025-06-21T13:36:33Z</time>
        <hdop>1.5</hdop>
        <extensions>
          <speed>0.49</speed>
        </extensions>
      </trkpt>
      <trkpt lat="53.9790114" lon="27.150417">
        <ele>278</ele>
        <time>2025-06-21T13:36:43Z</time>
        <hdop>2.5</hdop>
        <extensions>
          <speed>0.43</speed>
        </extensions>
      </trkpt>
      <trkpt lat="53.9790668" lon="27.1503706">
        <ele>275</ele>
        <time>2025-06-21T13:36:54Z</time>
        <hdop>3</hdop>
      </trkpt>
      <trkpt lat="53.9791546" lon="27.1503987">
        <ele>278</ele>
        <time>2025-06-21T13:37:05Z</time>
        <hdop>2</hdop>
        <extensions>
          <speed>0.71</speed>
        </extensions>
      </trkpt>
      <trkpt lat="53.9791667" lon="27.1504021">
        <ele>276</ele>
        <time>2025-06-21T13:37:16Z</time>
        <hdop>3.5</hdop>
      </trkpt>
      <trkpt lat="53.9791818" lon="27.1504511">
        <ele>277</ele>
        <time>2025-06-21T13:37:27Z</time>
        <hdop>2.5</hdop>
        <extensions>
          <speed>0.5</speed>
        </extensions>
      </trkpt>
      <trkpt lat="53.9793064" lon="27.150567">
        <ele>276</ele>
        <time>2025-06-21T13:37:37Z</time>
        <hdop>2</hdop>
        <extensions>
          <speed>0.38</speed>
        </extensions>
      </trkpt>
      <trkpt lat="53.9793945" lon="27.1507437">
        <ele>280</ele>
        <time>2025-06-21T13:37:47Z</time>
        <hdop>4</hdop>
      </trkpt>
      <trkpt lat="53.9796034" lon="27.1508721">
        <ele>281</ele>
        <time>2025-06-21T13:37:57Z</time>
        <hdop>2.5</hdop>
        <extensions>
          <speed>2.05</speed>
        </extensions>
      </trkpt>
      <trkpt lat="53.9798597" lon="27.1507876">
        <ele>281</ele>
        <time>2025-06-21T13:38:08Z</time>
        <hdop>2.5</hdop>
        <extensions>
          <speed>0.51</speed>
        </extensions>
      </trkpt>
      <trkpt lat="53.9801427" lon="27.1506575">
        <ele>287</ele>
        <time>2025-06-21T13:38:19Z</time>
        <hdop>2.5</hdop>
        <extensions>
          <speed>2.01</speed>
        </extensions>
      </trkpt>
      <trkpt lat="53.9803617" lon="27.1507293">
        <ele>282</ele>
        <time>2025-06-21T13:38:30Z</time>
        <hdop>2</hdop>
        <extensions>
          <speed>1.28</speed>
        </extensions>
      </trkpt>
      <trkpt lat="53.9806444" lon="27.150954">
        <ele>282</ele>
        <time>2025-06-21T13:38:40Z</time>
        <hdop>2.5</hdop>
        <extensions>
          <speed>3.15</speed>
        </extensions>
      </trkpt>
      <trkpt lat="53.9809482" lon="27.1512329">
        <ele>282</ele>
        <time>2025-06-21T13:38:50Z</time>
        <hdop>2.5</hdop>
        <extensions>
          <speed>2.59</speed>
        </extensions>
      </trkpt>
      <trkpt lat="53.9812994" lon="27.151428">
        <ele>283</ele>
        <time>2025-06-21T13:39:01Z</time>
        <hdop>2.5</hdop>
        <extensions>
          <speed>2.45</speed>
        </extensions>
      </trkpt>
      <trkpt lat="53.98165" lon="27.1515547">
        <ele>275</ele>
        <time>2025-06-21T13:39:12Z</time>
        <hdop>2.5</hdop>
        <extensions>
          <speed>1.99</speed>
        </extensions>
      </trkpt>
      <trkpt lat="53.9820274" lon="27.1515818">
        <ele>268</ele>
        <time>2025-06-21T13:39:23Z</time>
        <hdop>1.5</hdop>
        <extensions>
          <speed>2.99</speed>
        </extensions>
      </trkpt>
      <trkpt lat="53.9824191" lon="27.1513544">
        <ele>275</ele>
        <time>2025-06-21T13:39:34Z</time>
        <hdop>1.5</hdop>
        <extensions>
          <speed>2.97</speed>
        </extensions>
      </trkpt>
      <trkpt lat="53.9826788" lon="27.1513089">
        <ele>276</ele>
        <time>2025-06-21T13:39:44Z</time>
        <hdop>1.5</hdop>
        <extensions>
          <speed>2.35</speed>
        </extensions>
      </trkpt>
      <trkpt lat="53.982867" lon="27.1513803">
        <ele>274</ele>
        <time>2025-06-21T13:39:55Z</time>
        <hdop>1.5</hdop>
        <extensions>
          <speed>1.51</speed>
        </extensions>
      </trkpt>
      <trkpt lat="53.9829808" lon="27.1516299">
        <ele>277</ele>
        <time>2025-06-21T13:40:06Z</time>
        <hdop>2</hdop>
        <extensions>
          <speed>1.58</speed>
        </extensions>
      </trkpt>
      <trkpt lat="53.9830738" lon="27.1518648">
        <ele>280</ele>
        <time>2025-06-21T13:40:16Z</time>
        <hdop>2</hdop>
        <extensions>
          <speed>1.55</speed>
        </extensions>
      </trkpt>
      <trkpt lat="53.9831508" lon="27.1519292">
        <ele>283</ele>
        <time>2025-06-21T13:40:26Z</time>
        <hdop>2</hdop>
        <extensions>
          <speed>0.53</speed>
        </extensions>
      </trkpt>
      <trkpt lat="53.9831475" lon="27.1520692">
        <ele>282</ele>
        <time>2025-06-21T13:40:37Z</time>
        <hdop>2</hdop>
        <extensions>
          <speed>2.02</speed>
        </extensions>
      </trkpt>
      <trkpt lat="53.9832414" lon="27.1525242">
        <ele>281</ele>
        <time>2025-06-21T13:40:48Z</time>
        <hdop>2</hdop>
        <extensions>
          <speed>3.81</speed>
        </extensions>
      </trkpt>
      <trkpt lat="53.98339" lon="27.1532603">
        <ele>279</ele>
        <time>2025-06-21T13:40:59Z</time>
        <hdop>1.5</hdop>
        <extensions>
          <speed>5.06</speed>
        </extensions>
      </trkpt>
      <trkpt lat="53.9835228" lon="27.1540153">
        <ele>279</ele>
        <time>2025-06-21T13:41:10Z</time>
        <hdop>1.5</hdop>
        <extensions>
          <speed>4.66</speed>
        </extensions>
      </trkpt>
      <trkpt lat="53.9837588" lon="27.1549553">
        <ele>277</ele>
        <time>2025-06-21T13:41:22Z</time>
        <hdop>1.5</hdop>
        <extensions>
          <speed>6.38</speed>
        </extensions>
      </trkpt>
      <trkpt lat="53.9840211" lon="27.1558779">
        <ele>275</ele>
        <time>2025-06-21T13:41:32Z</time>
        <hdop>1.5</hdop>
        <extensions>
          <speed>6.18</speed>
        </extensions>
      </trkpt>
      <trkpt lat="53.9843613" lon="27.1565847">
        <ele>275</ele>
        <time>2025-06-21T13:41:43Z</time>
        <hdop>1.5</hdop>
        <extensions>
          <speed>5.33</speed>
        </extensions>
      </trkpt>
      <trkpt lat="53.9847314" lon="27.1571763">
        <ele>274</ele>
        <time>2025-06-21T13:41:54Z</time>
        <hdop>1.5</hdop>
        <extensions>
          <speed>4.97</speed>
        </extensions>
      </trkpt>
      <trkpt lat="53.9850947" lon="27.1577328">
        <ele>274</ele>
        <time>2025-06-21T13:42:05Z</time>
        <hdop>1.5</hdop>
        <extensions>
          <speed>4.7</speed>
        </extensions>
      </trkpt>
      <trkpt lat="53.9854082" lon="27.1582465">
        <ele>275</ele>
        <time>2025-06-21T13:42:16Z</time>
        <hdop>2</hdop>
        <extensions>
          <speed>3.98</speed>
        </extensions>
      </trkpt>
      <trkpt lat="53.9857236" lon="27.1586101">
        <ele>277</ele>
        <time>2025-06-21T13:42:27Z</time>
        <hdop>1.5</hdop>
        <extensions>
          <speed>3.94</speed>
        </extensions>
      </trkpt>
      <trkpt lat="53.9860772" lon="27.1588714">
        <ele>277</ele>
        <time>2025-06-21T13:42:37Z</time>
        <hdop>1</hdop>
        <extensions>
          <speed>4.71</speed>
        </extensions>
      </trkpt>
      <trkpt lat="53.986453" lon="27.1591311">
        <ele>278</ele>
        <time>2025-06-21T13:42:47Z</time>
        <hdop>1</hdop>
        <extensions>
          <speed>4.63</speed>
        </extensions>
      </trkpt>
      <trkpt lat="53.9868938" lon="27.1594392">
        <ele>278</ele>
        <time>2025-06-21T13:42:57Z</time>
        <hdop>1.5</hdop>
        <extensions>
          <speed>5.26</speed>
        </extensions>
      </trkpt>
      <trkpt lat="53.9873584" lon="27.1597379">
        <ele>281</ele>
        <time>2025-06-21T13:43:08Z</time>
        <hdop>1.5</hdop>
        <extensions>
          <speed>5.08</speed>
        </extensions>
      </trkpt>
      <trkpt lat="53.987836" lon="27.1600997">
        <ele>280</ele>
        <time>2025-06-21T13:43:19Z</time>
        <hdop>1</hdop>
        <extensions>
          <speed>5.14</speed>
        </extensions>
      </trkpt>
      <trkpt lat="53.9882855" lon="27.1603578">
        <ele>280</ele>
        <time>2025-06-21T13:43:29Z</time>
        <hdop>1</hdop>
        <extensions>
          <speed>5.17</speed>
        </extensions>
      </trkpt>
      <trkpt lat="53.9887041" lon="27.1604068">
        <ele>280</ele>
        <time>2025-06-21T13:43:40Z</time>
        <hdop>1</hdop>
        <extensions>
          <speed>3.03</speed>
        </extensions>
      </trkpt>
      <trkpt lat="53.9888286" lon="27.1609127">
        <ele>281</ele>
        <time>2025-06-21T13:43:51Z</time>
        <hdop>1.5</hdop>
        <extensions>
          <speed>3.31</speed>
        </extensions>
      </trkpt>
      <trkpt lat="53.9889487" lon="27.1614807">
        <ele>281</ele>
        <time>2025-06-21T13:44:02Z</time>
        <hdop>2</hdop>
        <extensions>
          <speed>3.57</speed>
        </extensions>
      </trkpt>
      <trkpt lat="53.9890603" lon="27.1620086">
        <ele>283</ele>
        <time>2025-06-21T13:44:13Z</time>
        <hdop>2</hdop>
        <extensions>
          <speed>3.41</speed>
        </extensions>
      </trkpt>
      <trkpt lat="53.9891586" lon="27.1625868">
        <ele>285</ele>
        <time>2025-06-21T13:44:24Z</time>
        <hdop>2</hdop>
        <extensions>
          <speed>3.16</speed>
        </extensions>
      </trkpt>
      <trkpt lat="53.989208" lon="27.1630732">
        <ele>288</ele>
        <time>2025-06-21T13:44:35Z</time>
        <hdop>2</hdop>
        <extensions>
          <speed>2.92</speed>
        </extensions>
      </trkpt>
      <trkpt lat="53.9892608" lon="27.1635618">
        <ele>290</ele>
        <time>2025-06-21T13:44:46Z</time>
        <hdop>2</hdop>
        <extensions>
          <speed>2.97</speed>
        </extensions>
      </trkpt>
      <trkpt lat="53.9892935" lon="27.1640304">
        <ele>292</ele>
        <time>2025-06-21T13:44:56Z</time>
        <hdop>1.5</hdop>
        <extensions>
          <speed>2.81</speed>
        </extensions>
      </trkpt>
      <trkpt lat="53.9893561" lon="27.1644987">
        <ele>297</ele>
        <time>2025-06-21T13:45:06Z</time>
        <hdop>1.5</hdop>
        <extensions>
          <speed>2.98</speed>
        </extensions>
      </trkpt>
      <trkpt lat="53.9893938" lon="27.1649501">
        <ele>297</ele>
        <time>2025-06-21T13:45:17Z</time>
        <hdop>2</hdop>
        <extensions>
          <speed>2.46</speed>
        </extensions>
      </trkpt>
      <trkpt lat="53.9894119" lon="27.1653241">
        <ele>301</ele>
        <time>2025-06-21T13:45:27Z</time>
        <hdop>1.5</hdop>
        <extensions>
          <speed>1.94</speed>
        </extensions>
      </trkpt>
      <trkpt lat="53.9894246" lon="27.1657219">
        <ele>302</ele>
        <time>2025-06-21T13:45:37Z</time>
        <hdop>1.5</hdop>
        <extensions>
          <speed>2.33</speed>
        </extensions>
      </trkpt>
      <trkpt lat="53.9894712" lon="27.1661396">
        <ele>308</ele>
        <time>2025-06-21T13:45:48Z</time>
        <hdop>1.5</hdop>
        <extensions>
          <speed>2.5</speed>
        </extensions>
      </trkpt>
      <trkpt lat="53.9895045" lon="27.166542">
        <ele>310</ele>
        <time>2025-06-21T13:45:58Z</time>
        <hdop>1.5</hdop>
        <extensions>
          <speed>2.48</speed>
        </extensions>
      </trkpt>
      <trkpt lat="53.9895286" lon="27.1669728">
        <ele>311</ele>
        <time>2025-06-21T13:46:09Z</time>
        <hdop>1.5</hdop>
        <extensions>
          <speed>2.63</speed>
        </extensions>
      </trkpt>
      <trkpt lat="53.9895753" lon="27.1673932">
        <ele>313</ele>
        <time>2025-06-21T13:46:20Z</time>
        <hdop>1.5</hdop>
        <extensions>
          <speed>2.67</speed>
        </extensions>
      </trkpt>
      <trkpt lat="53.9896293" lon="27.167841">
        <ele>314</ele>
        <time>2025-06-21T13:46:30Z</time>
        <hdop>1.5</hdop>
        <extensions>
          <speed>2.87</speed>
        </extensions>
      </trkpt>
      <trkpt lat="53.9896583" lon="27.168262">
        <ele>315</ele>
        <time>2025-06-21T13:46:40Z</time>
        <hdop>1.5</hdop>
        <extensions>
          <speed>2.61</speed>
        </extensions>
      </trkpt>
      <trkpt lat="53.9897385" lon="27.1686559">
        <ele>317</ele>
        <time>2025-06-21T13:46:50Z</time>
        <hdop>3</hdop>
        <extensions>
          <speed>2.95</speed>
        </extensions>
      </trkpt>
      <trkpt lat="53.9897863" lon="27.1691618">
        <ele>318</ele>
        <time>2025-06-21T13:47:01Z</time>
        <hdop>2</hdop>
        <extensions>
          <speed>2.84</speed>
        </extensions>
      </trkpt>
      <trkpt lat="53.9898354" lon="27.1696997">
        <ele>317</ele>
        <time>2025-06-21T13:47:11Z</time>
        <hdop>2.5</hdop>
        <extensions>
          <speed>2.72</speed>
        </extensions>
      </trkpt>
      <trkpt lat="53.9899313" lon="27.1703299">
        <ele>315</ele>
        <time>2025-06-21T13:47:22Z</time>
        <hdop>1.5</hdop>
        <extensions>
          <speed>3.99</speed>
        </extensions>
      </trkpt>
      <trkpt lat="53.9900021" lon="27.1709093">
        <ele>318</ele>
        <time>2025-06-21T13:47:32Z</time>
        <hdop>2</hdop>
        <extensions>
          <speed>3.87</speed>
        </extensions>
      </trkpt>
      <trkpt lat="53.9900817" lon="27.1715447">
        <ele>319</ele>
        <time>2025-06-21T13:47:43Z</time>
        <hdop>1.5</hdop>
        <extensions>
          <speed>3.91</speed>
        </extensions>
      </trkpt>
      <trkpt lat="53.9901581" lon="27.1721369">
        <ele>322</ele>
        <time>2025-06-21T13:47:53Z</time>
        <hdop>1.5</hdop>
        <extensions>
          <speed>3.65</speed>
        </extensions>
      </trkpt>
      <trkpt lat="53.9902352" lon="27.1727737">
        <ele>323</ele>
        <time>2025-06-21T13:48:04Z</time>
        <hdop>1.5</hdop>
        <extensions>
          <speed>3.47</speed>
        </extensions>
      </trkpt>
      <trkpt lat="53.9903003" lon="27.1733954">
        <ele>325</ele>
        <time>2025-06-21T13:48:15Z</time>
        <hdop>1.5</hdop>
        <extensions>
          <speed>3.84</speed>
        </extensions>
      </trkpt>
      <trkpt lat="53.9904203" lon="27.1740643">
        <ele>324</ele>
        <time>2025-06-21T13:48:26Z</time>
        <hdop>1.5</hdop>
        <extensions>
          <speed>3.93</speed>
        </extensions>
      </trkpt>
      <trkpt lat="53.9905066" lon="27.1746812">
        <ele>327</ele>
        <time>2025-06-21T13:48:36Z</time>
        <hdop>1</hdop>
        <extensions>
          <speed>4.17</speed>
        </extensions>
      </trkpt>
      <trkpt lat="53.990596" lon="27.1753607">
        <ele>329</ele>
        <time>2025-06-21T13:48:47Z</time>
        <hdop>1.5</hdop>
        <extensions>
          <speed>3.93</speed>
        </extensions>
      </trkpt>
      <trkpt lat="53.9906672" lon="27.1759671">
        <ele>330</ele>
        <time>2025-06-21T13:48:57Z</time>
        <hdop>1.5</hdop>
        <extensions>
          <speed>4.11</speed>
        </extensions>
      </trkpt>
      <trkpt lat="53.9907414" lon="27.1765612">
        <ele>331</ele>
        <time>2025-06-21T13:49:07Z</time>
        <hdop>1.5</hdop>
        <extensions>
          <speed>3.68</speed>
        </extensions>
      </trkpt>
      <trkpt lat="53.99081" lon="27.1771878">
        <ele>333</ele>
        <time>2025-06-21T13:49:18Z</time>
        <hdop>1.5</hdop>
        <extensions>
          <speed>3.9</speed>
        </extensions>
      </trkpt>
      <trkpt lat="53.9908972" lon="27.1777637">
        <ele>334</ele>
        <time>2025-06-21T13:49:28Z</time>
        <hdop>2</hdop>
        <extensions>
          <speed>3.76</speed>
        </extensions>
      </trkpt>
      <trkpt lat="53.9909974" lon="27.1783989">
        <ele>333</ele>
        <time>2025-06-21T13:49:39Z</time>
        <hdop>1</hdop>
        <extensions>
          <speed>4.23</speed>
        </extensions>
      </trkpt>
      <trkpt lat="53.9911135" lon="27.179208">
        <ele>332</ele>
        <time>2025-06-21T13:49:50Z</time>
        <hdop>1</hdop>
        <extensions>
          <speed>5.67</speed>
        </extensions>
      </trkpt>
      <trkpt lat="53.9912599" lon="27.1801095">
        <ele>329</ele>
        <time>2025-06-21T13:50:00Z</time>
        <hdop>1.5</hdop>
        <extensions>
          <speed>6.47</speed>
        </extensions>
      </trkpt>
      <trkpt lat="53.9914144" lon="27.1810996">
        <ele>328</ele>
        <time>2025-06-21T13:50:10Z</time>
        <hdop>1.5</hdop>
        <extensions>
          <speed>6.74</speed>
        </extensions>
      </trkpt>
      <trkpt lat="53.99156" lon="27.1820896">
        <ele>328</ele>
        <time>2025-06-21T13:50:21Z</time>
        <hdop>1</hdop>
        <extensions>
          <speed>5.5</speed>
        </extensions>
      </trkpt>
      <trkpt lat="53.9916747" lon="27.1829303">
        <ele>330</ele>
        <time>2025-06-21T13:50:32Z</time>
        <hdop>1</hdop>
        <extensions>
          <speed>5.02</speed>
        </extensions>
      </trkpt>
      <trkpt lat="53.9917764" lon="27.1837462">
        <ele>329</ele>
        <time>2025-06-21T13:50:43Z</time>
        <hdop>1.5</hdop>
        <extensions>
          <speed>5.07</speed>
        </extensions>
      </trkpt>
      <trkpt lat="53.9918966" lon="27.1847685">
        <ele>325</ele>
        <time>2025-06-21T13:50:54Z</time>
        <hdop>2.5</hdop>
        <extensions>
          <speed>6.78</speed>
        </extensions>
      </trkpt>
      <trkpt lat="53.9920346" lon="27.1861496">
        <ele>323</ele>
        <time>2025-06-21T13:51:04Z</time>
        <hdop>2</hdop>
        <extensions>
          <speed>10.78</speed>
        </extensions>
      </trkpt>
      <trkpt lat="53.9922725" lon="27.1878162">
        <ele>317</ele>
        <time>2025-06-21T13:51:14Z</time>
        <hdop>2</hdop>
        <extensions>
          <speed>11.96</speed>
        </extensions>
      </trkpt>
      <trkpt lat="53.9925154" lon="27.1897259">
        <ele>310</ele>
        <time>2025-06-21T13:51:24Z</time>
        <hdop>1.5</hdop>
        <extensions>
          <speed>12.99</speed>
        </extensions>
      </trkpt>
      <trkpt lat="53.9927607" lon="27.1916695">
        <ele>308</ele>
        <time>2025-06-21T13:51:35Z</time>
        <hdop>1.5</hdop>
        <extensions>
          <speed>11.34</speed>
        </extensions>
      </trkpt>
      <trkpt lat="53.9929468" lon="27.1931635">
        <ele>311</ele>
        <time>2025-06-21T13:51:45Z</time>
        <hdop>1</hdop>
        <extensions>
          <speed>8.41</speed>
        </extensions>
      </trkpt>
      <trkpt lat="53.9930901" lon="27.1942702">
        <ele>315</ele>
        <time>2025-06-21T13:51:56Z</time>
        <hdop>1</hdop>
        <extensions>
          <speed>5.44</speed>
        </extensions>
      </trkpt>
      <trkpt lat="53.9931958" lon="27.1950796">
        <ele>317</ele>
        <time>2025-06-21T13:52:07Z</time>
        <hdop>1</hdop>
        <extensions>
          <speed>4.48</speed>
        </extensions>
      </trkpt>
      <trkpt lat="53.9933032" lon="27.1958007">
        <ele>318</ele>
        <time>2025-06-21T13:52:18Z</time>
        <hdop>1</hdop>
        <extensions>
          <speed>4</speed>
        </extensions>
      </trkpt>
      <trkpt lat="53.9933821" lon="27.1963805">
        <ele>320</ele>
        <time>2025-06-21T13:52:29Z</time>
        <hdop>1.5</hdop>
        <extensions>
          <speed>3.25</speed>
        </extensions>
      </trkpt>
      <trkpt lat="53.9934615" lon="27.1969139">
        <ele>318</ele>
        <time>2025-06-21T13:52:39Z</time>
        <hdop>1.5</hdop>
        <extensions>
          <speed>3.97</speed>
        </extensions>
      </trkpt>
      <trkpt lat="53.9936075" lon="27.1976008">
        <ele>315</ele>
        <time>2025-06-21T13:52:49Z</time>
        <hdop>1.5</hdop>
        <extensions>
          <speed>6.61</speed>
        </extensions>
      </trkpt>
      <trkpt lat="53.9939845" lon="27.1988077">
        <ele>311</ele>
        <time>2025-06-21T13:53:00Z</time>
        <hdop>1</hdop>
        <extensions>
          <speed>8.59</speed>
        </extensions>
      </trkpt>
      <trkpt lat="53.9943899" lon="27.1997592">
        <ele>311</ele>
        <time>2025-06-21T13:53:10Z</time>
        <hdop>1</hdop>
        <extensions>
          <speed>6.93</speed>
        </extensions>
      </trkpt>
      <trkpt lat="53.9947714" lon="27.2005456">
        <ele>310</ele>
        <time>2025-06-21T13:53:20Z</time>
        <hdop>1</hdop>
        <extensions>
          <speed>6.44</speed>
        </extensions>
      </trkpt>
      <trkpt lat="53.9951935" lon="27.2014024">
        <ele>307</ele>
        <time>2025-06-21T13:53:31Z</time>
        <hdop>1</hdop>
        <extensions>
          <speed>7.09</speed>
        </extensions>
      </trkpt>
      <trkpt lat="53.9956769" lon="27.2023867">
        <ele>303</ele>
        <time>2025-06-21T13:53:42Z</time>
        <hdop>1.5</hdop>
        <extensions>
          <speed>8.41</speed>
        </extensions>
      </trkpt>
      <trkpt lat="53.9962634" lon="27.2036569">
        <ele>293</ele>
        <time>2025-06-21T13:53:53Z</time>
        <hdop>1.5</hdop>
        <extensions>
          <speed>11.02</speed>
        </extensions>
      </trkpt>
      <trkpt lat="53.9971023" lon="27.2053585">
        <ele>284</ele>
        <time>2025-06-21T13:54:04Z</time>
        <hdop>2</hdop>
        <extensions>
          <speed>14.07</speed>
        </extensions>
      </trkpt>
      <trkpt lat="53.9978545" lon="27.2068971">
        <ele>284</ele>
        <time>2025-06-21T13:54:14Z</time>
        <hdop>1</hdop>
        <extensions>
          <speed>11.24</speed>
        </extensions>
      </trkpt>
      <trkpt lat="53.9984062" lon="27.2080486">
        <ele>286</ele>
        <time>2025-06-21T13:54:24Z</time>
        <hdop>1</hdop>
        <extensions>
          <speed>8.15</speed>
        </extensions>
      </trkpt>
      <trkpt lat="53.9988503" lon="27.209003">
        <ele>289</ele>
        <time>2025-06-21T13:54:35Z</time>
        <hdop>1</hdop>
        <extensions>
          <speed>6.16</speed>
        </extensions>
      </trkpt>
      <trkpt lat="53.9992072" lon="27.2097443">
        <ele>291</ele>
        <time>2025-06-21T13:54:46Z</time>
        <hdop>1</hdop>
        <extensions>
          <speed>5.35</speed>
        </extensions>
      </trkpt>
      <trkpt lat="53.9995152" lon="27.2103938">
        <ele>293</ele>
        <time>2025-06-21T13:54:57Z</time>
        <hdop>1</hdop>
        <extensions>
          <speed>4.73</speed>
        </extensions>
      </trkpt>
      <trkpt lat="53.9997884" lon="27.2109892">
        <ele>293</ele>
        <time>2025-06-21T13:55:07Z</time>
        <hdop>1</hdop>
        <extensions>
          <speed>5.09</speed>
        </extensions>
      </trkpt>
      <trkpt lat="54.0001258" lon="27.2117148">
        <ele>293</ele>
        <time>2025-06-21T13:55:18Z</time>
        <hdop>1</hdop>
        <extensions>
          <speed>5.26</speed>
        </extensions>
      </trkpt>
      <trkpt lat="54.0004283" lon="27.2123614">
        <ele>294</ele>
        <time>2025-06-21T13:55:28Z</time>
        <hdop>1</hdop>
        <extensions>
          <speed>5.6</speed>
        </extensions>
      </trkpt>
      <trkpt lat="54.0007606" lon="27.2130933">
        <ele>294</ele>
        <time>2025-06-21T13:55:39Z</time>
        <hdop>1</hdop>
        <extensions>
          <speed>5.34</speed>
        </extensions>
      </trkpt>
      <trkpt lat="54.0010464" lon="27.2137274">
        <ele>294</ele>
        <time>2025-06-21T13:55:49Z</time>
        <hdop>1</hdop>
        <extensions>
          <speed>5.05</speed>
        </extensions>
      </trkpt>
      <trkpt lat="54.0013379" lon="27.2143482">
        <ele>293</ele>
        <time>2025-06-21T13:55:59Z</time>
        <hdop>1</hdop>
        <extensions>
          <speed>5.46</speed>
        </extensions>
      </trkpt>
      <trkpt lat="54.0013762" lon="27.2150249">
        <ele>294</ele>
        <time>2025-06-21T13:56:10Z</time>
        <hdop>1.5</hdop>
        <extensions>
          <speed>2.86</speed>
        </extensions>
      </trkpt>
      <trkpt lat="54.0013129" lon="27.2151451">
        <ele>293</ele>
        <time>2025-06-21T13:56:20Z</time>
        <hdop>2</hdop>
      </trkpt>
      <trkpt lat="54.0013129" lon="27.2151451">
        <ele>293</ele>
        <time>2025-06-21T13:56:31Z</time>
        <hdop>1.5</hdop>
      </trkpt>
      <trkpt lat="54.0013129" lon="27.2151451">
        <ele>293</ele>
        <time>2025-06-21T13:56:41Z</time>
        <hdop>1.5</hdop>
      </trkpt>
      <trkpt lat="54.0013129" lon="27.2151607">
        <ele>293</ele>
        <time>2025-06-21T13:56:52Z</time>
        <hdop>2</hdop>
      </trkpt>
      <trkpt lat="54.0013129" lon="27.2151607">
        <ele>293</ele>
        <time>2025-06-21T13:57:03Z</time>
        <hdop>2</hdop>
      </trkpt>
      <trkpt lat="54.0013129" lon="27.2151607">
        <ele>293</ele>
        <time>2025-06-21T13:57:14Z</time>
        <hdop>1.5</hdop>
      </trkpt>
      <trkpt lat="54.0013129" lon="27.2151607">
        <ele>293</ele>
        <time>2025-06-21T13:57:25Z</time>
        <hdop>1.5</hdop>
      </trkpt>
      <trkpt lat="54.0013129" lon="27.2151607">
        <ele>293</ele>
        <time>2025-06-21T13:57:36Z</time>
        <hdop>2</hdop>
      </trkpt>
      <trkpt lat="54.0013129" lon="27.2151607">
        <ele>293</ele>
        <time>2025-06-21T13:57:46Z</time>
        <hdop>1.5</hdop>
      </trkpt>
      <trkpt lat="54.0013129" lon="27.2151607">
        <ele>293</ele>
        <time>2025-06-21T13:57:57Z</time>
        <hdop>2</hdop>
      </trkpt>
      <trkpt lat="54.0013129" lon="27.2151607">
        <ele>293</ele>
        <time>2025-06-21T13:58:07Z</time>
        <hdop>1.5</hdop>
      </trkpt>
      <trkpt lat="54.0013129" lon="27.2151607">
        <ele>293</ele>
        <time>2025-06-21T13:58:18Z</time>
        <hdop>2</hdop>
      </trkpt>
      <trkpt lat="54.0013129" lon="27.2151607">
        <ele>293</ele>
        <time>2025-06-21T13:58:28Z</time>
        <hdop>1.5</hdop>
      </trkpt>
      <trkpt lat="54.0013129" lon="27.2151607">
        <ele>293</ele>
        <time>2025-06-21T13:58:39Z</time>
        <hdop>1.5</hdop>
      </trkpt>
      <trkpt lat="54.0013129" lon="27.2151607">
        <ele>293</ele>
        <time>2025-06-21T13:58:50Z</time>
        <hdop>1.5</hdop>
      </trkpt>
      <trkpt lat="54.0013114" lon="27.2151615">
        <ele>292</ele>
        <time>2025-06-21T13:59:01Z</time>
        <hdop>1.5</hdop>
        <extensions>
          <speed>0.53</speed>
        </extensions>
      </trkpt>
      <trkpt lat="54.0013169" lon="27.2151737">
        <ele>291</ele>
        <time>2025-06-21T13:59:11Z</time>
        <hdop>1.5</hdop>
      </trkpt>
      <trkpt lat="54.0013169" lon="27.2151737">
        <ele>291</ele>
        <time>2025-06-21T13:59:22Z</time>
        <hdop>1.5</hdop>
      </trkpt>
      <trkpt lat="54.0013169" lon="27.2151737">
        <ele>291</ele>
        <time>2025-06-21T13:59:32Z</time>
        <hdop>2</hdop>
      </trkpt>
      <trkpt lat="54.0013169" lon="27.2151737">
        <ele>291</ele>
        <time>2025-06-21T13:59:43Z</time>
        <hdop>1.5</hdop>
      </trkpt>
      <trkpt lat="54.0013169" lon="27.2151737">
        <ele>291</ele>
        <time>2025-06-21T13:59:54Z</time>
        <hdop>1.5</hdop>
      </trkpt>
      <trkpt lat="54.0013169" lon="27.2151737">
        <ele>291</ele>
        <time>2025-06-21T14:00:05Z</time>
        <hdop>1.5</hdop>
      </trkpt>
      <trkpt lat="54.0013169" lon="27.2151737">
        <ele>291</ele>
        <time>2025-06-21T14:00:16Z</time>
        <hdop>1.5</hdop>
      </trkpt>
      <trkpt lat="54.0013169" lon="27.2151737">
        <ele>291</ele>
        <time>2025-06-21T14:00:26Z</time>
        <hdop>1.5</hdop>
      </trkpt>
      <trkpt lat="54.0013169" lon="27.2151737">
        <ele>291</ele>
        <time>2025-06-21T14:00:37Z</time>
        <hdop>1.5</hdop>
      </trkpt>
      <trkpt lat="54.0013242" lon="27.2151935">
        <ele>293</ele>
        <time>2025-06-21T14:00:48Z</time>
        <hdop>4</hdop>
        <extensions>
          <speed>0.55</speed>
        </extensions>
      </trkpt>
      <trkpt lat="54.0013341" lon="27.2151718">
        <ele>294</ele>
        <time>2025-06-21T14:00:58Z</time>
        <hdop>2.5</hdop>
      </trkpt>
      <trkpt lat="54.0013341" lon="27.2151718">
        <ele>294</ele>
        <time>2025-06-21T14:01:09Z</time>
        <hdop>2.5</hdop>
      </trkpt>
      <trkpt lat="54.0013341" lon="27.2151718">
        <ele>294</ele>
        <time>2025-06-21T14:01:20Z</time>
        <hdop>2.5</hdop>
      </trkpt>
      <trkpt lat="54.0013341" lon="27.2151718">
        <ele>294</ele>
        <time>2025-06-21T14:01:30Z</time>
        <hdop>2</hdop>
      </trkpt>
      <trkpt lat="54.0013341" lon="27.2151718">
        <ele>294</ele>
        <time>2025-06-21T14:01:40Z</time>
        <hdop>2.5</hdop>
      </trkpt>
      <trkpt lat="54.0013341" lon="27.2151718">
        <ele>294</ele>
        <time>2025-06-21T14:01:50Z</time>
        <hdop>2</hdop>
      </trkpt>
      <trkpt lat="54.0013341" lon="27.2151718">
        <ele>294</ele>
        <time>2025-06-21T14:02:01Z</time>
        <hdop>2</hdop>
      </trkpt>
      <trkpt lat="54.0013341" lon="27.2151718">
        <ele>294</ele>
        <time>2025-06-21T14:02:12Z</time>
        <hdop>1.5</hdop>
      </trkpt>
      <trkpt lat="54.0013235" lon="27.2151701">
        <ele>293</ele>
        <time>2025-06-21T14:02:23Z</time>
        <hdop>1.5</hdop>
      </trkpt>
      <trkpt lat="54.0013235" lon="27.2151701">
        <ele>293</ele>
        <time>2025-06-21T14:02:34Z</time>
        <hdop>2</hdop>
      </trkpt>
      <trkpt lat="54.0013223" lon="27.2151544">
        <ele>292</ele>
        <time>2025-06-21T14:02:45Z</time>
        <hdop>2</hdop>
      </trkpt>
      <trkpt lat="54.0013169" lon="27.2151389">
        <ele>292</ele>
        <time>2025-06-21T14:02:56Z</time>
        <hdop>5.5</hdop>
      </trkpt>
      <trkpt lat="54.0013169" lon="27.2151389">
        <ele>292</ele>
        <time>2025-06-21T14:03:07Z</time>
        <hdop>3</hdop>
      </trkpt>
      <trkpt lat="54.0013194" lon="27.2151416">
        <ele>292</ele>
        <time>2025-06-21T14:03:18Z</time>
        <hdop>2</hdop>
        <extensions>
          <speed>0.05</speed>
        </extensions>
      </trkpt>
      <trkpt lat="54.0013213" lon="27.2151291">
        <ele>293</ele>
        <time>2025-06-21T14:03:28Z</time>
        <hdop>2</hdop>
      </trkpt>
      <trkpt lat="54.0013213" lon="27.2151291">
        <ele>293</ele>
        <time>2025-06-21T14:03:38Z</time>
        <hdop>2.5</hdop>
      </trkpt>
      <trkpt lat="54.0013206" lon="27.215157">
        <ele>290</ele>
        <time>2025-06-21T14:03:49Z</time>
        <hdop>2</hdop>
        <extensions>
          <speed>0.11</speed>
        </extensions>
      </trkpt>
      <trkpt lat="54.001322" lon="27.2151507">
        <ele>289</ele>
        <time>2025-06-21T14:03:59Z</time>
        <hdop>2</hdop>
      </trkpt>
      <trkpt lat="54.001322" lon="27.2151507">
        <ele>289</ele>
        <time>2025-06-21T14:04:09Z</time>
        <hdop>2</hdop>
      </trkpt>
      <trkpt lat="54.001322" lon="27.2151507">
        <ele>289</ele>
        <time>2025-06-21T14:04:20Z</time>
        <hdop>1.5</hdop>
      </trkpt>
      <trkpt lat="54.0013171" lon="27.2151535">
        <ele>290</ele>
        <time>2025-06-21T14:04:30Z</time>
        <hdop>2</hdop>
        <extensions>
          <speed>0.5</speed>
        </extensions>
      </trkpt>
      <trkpt lat="54.0013195" lon="27.2151556">
        <ele>290</ele>
        <time>2025-06-21T14:04:40Z</time>
        <hdop>2</hdop>
      </trkpt>
      <trkpt lat="54.0013195" lon="27.2151556">
        <ele>290</ele>
        <time>2025-06-21T14:04:50Z</time>
        <hdop>2</hdop>
      </trkpt>
      <trkpt lat="54.001319" lon="27.2151556">
        <ele>291</ele>
        <time>2025-06-21T14:05:01Z</time>
        <hdop>1.5</hdop>
      </trkpt>
      <trkpt lat="54.001319" lon="27.2151556">
        <ele>291</ele>
        <time>2025-06-21T14:05:11Z</time>
        <hdop>2</hdop>
      </trkpt>
      <trkpt lat="54.001319" lon="27.2151556">
        <ele>291</ele>
        <time>2025-06-21T14:05:22Z</time>
        <hdop>1.5</hdop>
      </trkpt>
      <trkpt lat="54.001319" lon="27.2151556">
        <ele>291</ele>
        <time>2025-06-21T14:05:32Z</time>
        <hdop>1.5</hdop>
      </trkpt>
      <trkpt lat="54.0013264" lon="27.2151629">
        <ele>290</ele>
        <time>2025-06-21T14:05:43Z</time>
        <hdop>2.5</hdop>
      </trkpt>
      <trkpt lat="54.0013264" lon="27.2151629">
        <ele>290</ele>
        <time>2025-06-21T14:05:54Z</time>
        <hdop>1.5</hdop>
      </trkpt>
      <trkpt lat="54.0013264" lon="27.2151629">
        <ele>290</ele>
        <time>2025-06-21T14:06:05Z</time>
        <hdop>2</hdop>
      </trkpt>
      <trkpt lat="54.0013264" lon="27.2151629">
        <ele>290</ele>
        <time>2025-06-21T14:06:16Z</time>
        <hdop>1.5</hdop>
      </trkpt>
      <trkpt lat="54.0013264" lon="27.2151629">
        <ele>290</ele>
        <time>2025-06-21T14:06:26Z</time>
        <hdop>2</hdop>
      </trkpt>
      <trkpt lat="54.001307" lon="27.2151663">
        <ele>290</ele>
        <time>2025-06-21T14:06:37Z</time>
        <hdop>2</hdop>
      </trkpt>
      <trkpt lat="54.001307" lon="27.2151663">
        <ele>290</ele>
        <time>2025-06-21T14:06:47Z</time>
        <hdop>2</hdop>
      </trkpt>
      <trkpt lat="54.001307" lon="27.2151663">
        <ele>290</ele>
        <time>2025-06-21T14:06:58Z</time>
        <hdop>2</hdop>
      </trkpt>
      <trkpt lat="54.001322" lon="27.2151753">
        <ele>290</ele>
        <time>2025-06-21T14:07:09Z</time>
        <hdop>2</hdop>
      </trkpt>
      <trkpt lat="54.001322" lon="27.2151753">
        <ele>290</ele>
        <time>2025-06-21T14:07:19Z</time>
        <hdop>1.5</hdop>
      </trkpt>
      <trkpt lat="54.001322" lon="27.2151753">
        <ele>290</ele>
        <time>2025-06-21T14:07:30Z</time>
        <hdop>2.5</hdop>
      </trkpt>
      <trkpt lat="54.001322" lon="27.2151753">
        <ele>290</ele>
        <time>2025-06-21T14:07:40Z</time>
        <hdop>2</hdop>
      </trkpt>
      <trkpt lat="54.001322" lon="27.2151753">
        <ele>290</ele>
        <time>2025-06-21T14:07:50Z</time>
        <hdop>2</hdop>
      </trkpt>
      <trkpt lat="54.0013161" lon="27.2151685">
        <ele>291</ele>
        <time>2025-06-21T14:08:01Z</time>
        <hdop>2.5</hdop>
      </trkpt>
      <trkpt lat="54.0013161" lon="27.2151685">
        <ele>291</ele>
        <time>2025-06-21T14:08:11Z</time>
        <hdop>2.5</hdop>
      </trkpt>
      <trkpt lat="54.0013161" lon="27.2151685">
        <ele>291</ele>
        <time>2025-06-21T14:08:21Z</time>
        <hdop>2</hdop>
      </trkpt>
      <trkpt lat="54.0013161" lon="27.2151685">
        <ele>291</ele>
        <time>2025-06-21T14:08:32Z</time>
        <hdop>2</hdop>
      </trkpt>
      <trkpt lat="54.0013161" lon="27.2151685">
        <ele>291</ele>
        <time>2025-06-21T14:08:43Z</time>
        <hdop>2</hdop>
      </trkpt>
      <trkpt lat="54.0013161" lon="27.2151685">
        <ele>291</ele>
        <time>2025-06-21T14:08:53Z</time>
        <hdop>2</hdop>
      </trkpt>
      <trkpt lat="54.001318" lon="27.2151612">
        <ele>291</ele>
        <time>2025-06-21T14:09:04Z</time>
        <hdop>1.5</hdop>
      </trkpt>
      <trkpt lat="54.001318" lon="27.2151612">
        <ele>291</ele>
        <time>2025-06-21T14:09:15Z</time>
        <hdop>2</hdop>
      </trkpt>
      <trkpt lat="54.0013179" lon="27.2151678">
        <ele>291</ele>
        <time>2025-06-21T14:09:25Z</time>
        <hdop>1.5</hdop>
      </trkpt>
      <trkpt lat="54.0013179" lon="27.2151678">
        <ele>291</ele>
        <time>2025-06-21T14:09:35Z</time>
        <hdop>1.5</hdop>
      </trkpt>
      <trkpt lat="54.0013179" lon="27.2151678">
        <ele>291</ele>
        <time>2025-06-21T14:09:46Z</time>
        <hdop>1.5</hdop>
      </trkpt>
      <trkpt lat="54.0013179" lon="27.2151678">
        <ele>291</ele>
        <time>2025-06-21T14:09:56Z</time>
        <hdop>1.5</hdop>
      </trkpt>
      <trkpt lat="54.0013102" lon="27.2151894">
        <ele>291</ele>
        <time>2025-06-21T14:10:07Z</time>
        <hdop>1.5</hdop>
      </trkpt>
      <trkpt lat="54.0013102" lon="27.2151894">
        <ele>291</ele>
        <time>2025-06-21T14:10:18Z</time>
        <hdop>1.5</hdop>
      </trkpt>
      <trkpt lat="54.0013102" lon="27.2151894">
        <ele>291</ele>
        <time>2025-06-21T14:10:28Z</time>
        <hdop>2</hdop>
      </trkpt>
      <trkpt lat="54.0013102" lon="27.2151894">
        <ele>291</ele>
        <time>2025-06-21T14:10:38Z</time>
        <hdop>2.5</hdop>
      </trkpt>
      <trkpt lat="54.0013102" lon="27.2151894">
        <ele>291</ele>
        <time>2025-06-21T14:10:49Z</time>
        <hdop>2</hdop>
      </trkpt>
      <trkpt lat="54.0013102" lon="27.2151894">
        <ele>291</ele>
        <time>2025-06-21T14:10:59Z</time>
        <hdop>1.5</hdop>
      </trkpt>
      <trkpt lat="54.0013102" lon="27.2151894">
        <ele>291</ele>
        <time>2025-06-21T14:11:09Z</time>
        <hdop>2</hdop>
      </trkpt>
      <trkpt lat="54.0013102" lon="27.2151894">
        <ele>291</ele>
        <time>2025-06-21T14:11:20Z</time>
        <hdop>2</hdop>
      </trkpt>
      <trkpt lat="54.0013102" lon="27.2151894">
        <ele>291</ele>
        <time>2025-06-21T14:11:31Z</time>
        <hdop>1.5</hdop>
      </trkpt>
      <trkpt lat="54.0013102" lon="27.2151894">
        <ele>291</ele>
        <time>2025-06-21T14:11:41Z</time>
        <hdop>2</hdop>
      </trkpt>
      <trkpt lat="54.0013102" lon="27.2151894">
        <ele>291</ele>
        <time>2025-06-21T14:11:51Z</time>
        <hdop>2</hdop>
      </trkpt>
      <trkpt lat="54.0013102" lon="27.2151894">
        <ele>291</ele>
        <time>2025-06-21T14:12:02Z</time>
        <hdop>2</hdop>
      </trkpt>
      <trkpt lat="54.0013102" lon="27.2151894">
        <ele>291</ele>
        <time>2025-06-21T14:12:12Z</time>
        <hdop>2</hdop>
      </trkpt>
      <trkpt lat="54.0013102" lon="27.2151894">
        <ele>291</ele>
        <time>2025-06-21T14:12:22Z</time>
        <hdop>2</hdop>
      </trkpt>
      <trkpt lat="54.0012183" lon="27.2153214">
        <ele>292</ele>
        <time>2025-06-21T14:12:33Z</time>
        <hdop>1.5</hdop>
        <extensions>
          <speed>3.07</speed>
        </extensions>
      </trkpt>
      <trkpt lat="54.0009639" lon="27.2157249">
        <ele>292</ele>
        <time>2025-06-21T14:12:43Z</time>
        <hdop>1</hdop>
        <extensions>
          <speed>4.8</speed>
        </extensions>
      </trkpt>
      <trkpt lat="54.0005724" lon="27.2164568">
        <ele>290</ele>
        <time>2025-06-21T14:12:54Z</time>
        <hdop>1.5</hdop>
        <extensions>
          <speed>7.35</speed>
        </extensions>
      </trkpt>
      <trkpt lat="54.0000748" lon="27.2174074">
        <ele>286</ele>
        <time>2025-06-21T14:13:04Z</time>
        <hdop>1</hdop>
        <extensions>
          <speed>8.95</speed>
        </extensions>
      </trkpt>
      <trkpt lat="53.9994404" lon="27.2186323">
        <ele>281</ele>
        <time>2025-06-21T14:13:15Z</time>
        <hdop>1</hdop>
        <extensions>
          <speed>10.1</speed>
        </extensions>
      </trkpt>
      <trkpt lat="53.9987586" lon="27.219936">
        <ele>274</ele>
        <time>2025-06-21T14:13:26Z</time>
        <hdop>1.5</hdop>
        <extensions>
          <speed>11.41</speed>
        </extensions>
      </trkpt>
      <trkpt lat="53.9980627" lon="27.2213002">
        <ele>270</ele>
        <time>2025-06-21T14:13:36Z</time>
        <hdop>1.5</hdop>
        <extensions>
          <speed>11.52</speed>
        </extensions>
      </trkpt>
      <trkpt lat="53.9974866" lon="27.2224061">
        <ele>271</ele>
        <time>2025-06-21T14:13:46Z</time>
        <hdop>2</hdop>
        <extensions>
          <speed>8.23</speed>
        </extensions>
      </trkpt>
      <trkpt lat="53.9969986" lon="27.2233455">
        <ele>273</ele>
        <time>2025-06-21T14:13:57Z</time>
        <hdop>1.5</hdop>
        <extensions>
          <speed>6.32</speed>
        </extensions>
      </trkpt>
      <trkpt lat="53.9966441" lon="27.2240267">
        <ele>275</ele>
        <time>2025-06-21T14:14:07Z</time>
        <hdop>1.5</hdop>
        <extensions>
          <speed>5.22</speed>
        </extensions>
      </trkpt>
      <trkpt lat="53.9963483" lon="27.2245835">
        <ele>274</ele>
        <time>2025-06-21T14:14:17Z</time>
        <hdop>2</hdop>
        <extensions>
          <speed>4.92</speed>
        </extensions>
      </trkpt>
      <trkpt lat="53.9960271" lon="27.2252231">
        <ele>276</ele>
        <time>2025-06-21T14:14:28Z</time>
        <hdop>1</hdop>
        <extensions>
          <speed>4.61</speed>
        </extensions>
      </trkpt>
      <trkpt lat="53.9957652" lon="27.2258024">
        <ele>278</ele>
        <time>2025-06-21T14:14:38Z</time>
        <hdop>1.5</hdop>
        <extensions>
          <speed>3.51</speed>
        </extensions>
      </trkpt>
      <trkpt lat="53.9955103" lon="27.2263101">
        <ele>278</ele>
        <time>2025-06-21T14:14:48Z</time>
        <hdop>1.5</hdop>
        <extensions>
          <speed>4.59</speed>
        </extensions>
      </trkpt>
      <trkpt lat="53.9951844" lon="27.2268703">
        <ele>280</ele>
        <time>2025-06-21T14:14:58Z</time>
        <hdop>1.5</hdop>
        <extensions>
          <speed>5.08</speed>
        </extensions>
      </trkpt>
      <trkpt lat="53.9949032" lon="27.2274375">
        <ele>282</ele>
        <time>2025-06-21T14:15:08Z</time>
        <hdop>1.5</hdop>
        <extensions>
          <speed>4.03</speed>
        </extensions>
      </trkpt>
      <trkpt lat="53.9946179" lon="27.2279853">
        <ele>283</ele>
        <time>2025-06-21T14:15:19Z</time>
        <hdop>1.5</hdop>
        <extensions>
          <speed>4.26</speed>
        </extensions>
      </trkpt>
      <trkpt lat="53.9943259" lon="27.2285286">
        <ele>284</ele>
        <time>2025-06-21T14:15:30Z</time>
        <hdop>1.5</hdop>
        <extensions>
          <speed>4.37</speed>
        </extensions>
      </trkpt>
      <trkpt lat="53.9940315" lon="27.2290942">
        <ele>283</ele>
        <time>2025-06-21T14:15:41Z</time>
        <hdop>1.5</hdop>
        <extensions>
          <speed>4.57</speed>
        </extensions>
      </trkpt>
      <trkpt lat="53.9937497" lon="27.2296285">
        <ele>278</ele>
        <time>2025-06-21T14:15:51Z</time>
        <hdop>12</hdop>
        <extensions>
          <speed>4.4</speed>
        </extensions>
      </trkpt>
      <trkpt lat="53.993438" lon="27.2302878">
        <ele>284</ele>
        <time>2025-06-21T14:16:02Z</time>
        <hdop>7</hdop>
        <extensions>
          <speed>4.72</speed>
        </extensions>
      </trkpt>
      <trkpt lat="53.9931473" lon="27.230815">
        <ele>281</ele>
        <time>2025-06-21T14:16:12Z</time>
        <hdop>1.5</hdop>
        <extensions>
          <speed>4.54</speed>
        </extensions>
      </trkpt>
      <trkpt lat="53.992826" lon="27.2314102">
        <ele>283</ele>
        <time>2025-06-21T14:16:23Z</time>
        <hdop>1</hdop>
        <extensions>
          <speed>4.96</speed>
        </extensions>
      </trkpt>
      <trkpt lat="53.9924708" lon="27.2320934">
        <ele>282</ele>
        <time>2025-06-21T14:16:34Z</time>
        <hdop>1</hdop>
        <extensions>
          <speed>5.99</speed>
        </extensions>
      </trkpt>
      <trkpt lat="53.9920729" lon="27.2327718">
        <ele>280</ele>
        <time>2025-06-21T14:16:44Z</time>
        <hdop>2</hdop>
        <extensions>
          <speed>6.47</speed>
        </extensions>
      </trkpt>
      <trkpt lat="53.9915716" lon="27.2334676">
        <ele>278</ele>
        <time>2025-06-21T14:16:55Z</time>
        <hdop>1.5</hdop>
        <extensions>
          <speed>6.11</speed>
        </extensions>
      </trkpt>
      <trkpt lat="53.9911098" lon="27.234072">
        <ele>277</ele>
        <time>2025-06-21T14:17:06Z</time>
        <hdop>1.5</hdop>
        <extensions>
          <speed>5.73</speed>
        </extensions>
      </trkpt>
      <trkpt lat="53.9907234" lon="27.2345784">
        <ele>279</ele>
        <time>2025-06-21T14:17:16Z</time>
        <hdop>1.5</hdop>
        <extensions>
          <speed>5.31</speed>
        </extensions>
      </trkpt>
      <trkpt lat="53.990659" lon="27.235012">
        <ele>281</ele>
        <time>2025-06-21T14:17:26Z</time>
        <hdop>1.5</hdop>
        <extensions>
          <speed>4.66</speed>
        </extensions>
      </trkpt>
      <trkpt lat="53.9910054" lon="27.2355889">
        <ele>281</ele>
        <time>2025-06-21T14:17:36Z</time>
        <hdop>1.5</hdop>
        <extensions>
          <speed>5.74</speed>
        </extensions>
      </trkpt>
      <trkpt lat="53.9913796" lon="27.2363448">
        <ele>280</ele>
        <time>2025-06-21T14:17:47Z</time>
        <hdop>1.5</hdop>
        <extensions>
          <speed>6.47</speed>
        </extensions>
      </trkpt>
      <trkpt lat="53.991812" lon="27.2372822">
        <ele>277</ele>
        <time>2025-06-21T14:17:58Z</time>
        <hdop>1.5</hdop>
        <extensions>
          <speed>7.06</speed>
        </extensions>
      </trkpt>
      <trkpt lat="53.9922297" lon="27.2381589">
        <ele>276</ele>
        <time>2025-06-21T14:18:09Z</time>
        <hdop>1.5</hdop>
        <extensions>
          <speed>6.38</speed>
        </extensions>
      </trkpt>
      <trkpt lat="53.9925096" lon="27.2390261">
        <ele>276</ele>
        <time>2025-06-21T14:18:20Z</time>
        <hdop>1.5</hdop>
        <extensions>
          <speed>5.37</speed>
        </extensions>
      </trkpt>
      <trkpt lat="53.9929138" lon="27.2399117">
        <ele>275</ele>
        <time>2025-06-21T14:18:32Z</time>
        <hdop>1</hdop>
        <extensions>
          <speed>5.59</speed>
        </extensions>
      </trkpt>
      <trkpt lat="53.9932808" lon="27.2405288">
        <ele>274</ele>
        <time>2025-06-21T14:18:42Z</time>
        <hdop>1</hdop>
        <extensions>
          <speed>5.8</speed>
        </extensions>
      </trkpt>
      <trkpt lat="53.9936767" lon="27.2409266">
        <ele>274</ele>
        <time>2025-06-21T14:18:52Z</time>
        <hdop>1</hdop>
        <extensions>
          <speed>4.86</speed>
        </extensions>
      </trkpt>
      <trkpt lat="53.9940646" lon="27.2414028">
        <ele>274</ele>
        <time>2025-06-21T14:19:03Z</time>
        <hdop>1</hdop>
        <extensions>
          <speed>4.28</speed>
        </extensions>
      </trkpt>
      <trkpt lat="53.9943599" lon="27.2418426">
        <ele>274</ele>
        <time>2025-06-21T14:19:13Z</time>
        <hdop>1</hdop>
        <extensions>
          <speed>4.04</speed>
        </extensions>
      </trkpt>
      <trkpt lat="53.9946009" lon="27.2423589">
        <ele>275</ele>
        <time>2025-06-21T14:19:23Z</time>
        <hdop>1</hdop>
        <extensions>
          <speed>4.45</speed>
        </extensions>
      </trkpt>
      <trkpt lat="53.994652" lon="27.2429277">
        <ele>275</ele>
        <time>2025-06-21T14:19:33Z</time>
        <hdop>2</hdop>
        <extensions>
          <speed>3.57</speed>
        </extensions>
      </trkpt>
      <trkpt lat="53.9945105" lon="27.243485">
        <ele>277</ele>
        <time>2025-06-21T14:19:44Z</time>
        <hdop>2.5</hdop>
        <extensions>
          <speed>3.2</speed>
        </extensions>
      </trkpt>
      <trkpt lat="53.9942816" lon="27.2438327">
        <ele>277</ele>
        <time>2025-06-21T14:19:55Z</time>
        <hdop>2</hdop>
        <extensions>
          <speed>0.05</speed>
        </extensions>
      </trkpt>
      <trkpt lat="53.9942766" lon="27.2438358">
        <ele>278</ele>
        <time>2025-06-21T14:20:05Z</time>
        <hdop>2</hdop>
      </trkpt>
      <trkpt lat="53.9942766" lon="27.2438358">
        <ele>278</ele>
        <time>2025-06-21T14:20:15Z</time>
        <hdop>2</hdop>
      </trkpt>
      <trkpt lat="53.9942766" lon="27.2438358">
        <ele>278</ele>
        <time>2025-06-21T14:20:25Z</time>
        <hdop>2</hdop>
      </trkpt>
      <trkpt lat="53.9942766" lon="27.2438358">
        <ele>278</ele>
        <time>2025-06-21T14:20:36Z</time>
        <hdop>2</hdop>
      </trkpt>
      <trkpt lat="53.9943489" lon="27.2437392">
        <ele>278</ele>
        <time>2025-06-21T14:20:47Z</time>
        <hdop>2</hdop>
        <extensions>
          <speed>2.52</speed>
        </extensions>
      </trkpt>
      <trkpt lat="53.994542" lon="27.2434362">
        <ele>279</ele>
        <time>2025-06-21T14:20:57Z</time>
        <hdop>2.5</hdop>
        <extensions>
          <speed>2.79</speed>
        </extensions>
      </trkpt>
      <trkpt lat="53.9947256" lon="27.2432911">
        <ele>279</ele>
        <time>2025-06-21T14:21:07Z</time>
        <hdop>2</hdop>
        <extensions>
          <speed>3.21</speed>
        </extensions>
      </trkpt>
      <trkpt lat="53.9948351" lon="27.2429496">
        <ele>278</ele>
        <time>2025-06-21T14:21:18Z</time>
        <hdop>2</hdop>
        <extensions>
          <speed>1.72</speed>
        </extensions>
      </trkpt>
      <trkpt lat="53.9950168" lon="27.2427508">
        <ele>277</ele>
        <time>2025-06-21T14:21:28Z</time>
        <hdop>2</hdop>
        <extensions>
          <speed>2.94</speed>
        </extensions>
      </trkpt>
      <trkpt lat="53.9953554" lon="27.2425794">
        <ele>277</ele>
        <time>2025-06-21T14:21:39Z</time>
        <hdop>1.5</hdop>
        <extensions>
          <speed>3.39</speed>
        </extensions>
      </trkpt>
      <trkpt lat="53.9956258" lon="27.2426451">
        <ele>278</ele>
        <time>2025-06-21T14:21:49Z</time>
        <hdop>2</hdop>
        <extensions>
          <speed>3.28</speed>
        </extensions>
      </trkpt>
      <trkpt lat="53.9958101" lon="27.2428159">
        <ele>281</ele>
        <time>2025-06-21T14:21:59Z</time>
        <hdop>2</hdop>
        <extensions>
          <speed>0.13</speed>
        </extensions>
      </trkpt>
      <trkpt lat="53.9958167" lon="27.2428223">
        <ele>280</ele>
        <time>2025-06-21T14:22:10Z</time>
        <hdop>2</hdop>
      </trkpt>
      <trkpt lat="53.9958239" lon="27.2428255">
        <ele>279</ele>
        <time>2025-06-21T14:22:21Z</time>
        <hdop>2</hdop>
      </trkpt>
      <trkpt lat="53.9958803" lon="27.2428217">
        <ele>275</ele>
        <time>2025-06-21T14:22:31Z</time>
        <hdop>2</hdop>
        <extensions>
          <speed>2.62</speed>
        </extensions>
      </trkpt>
      <trkpt lat="53.9960546" lon="27.2428543">
        <ele>270</ele>
        <time>2025-06-21T14:22:42Z</time>
        <hdop>2</hdop>
        <extensions>
          <speed>1.82</speed>
        </extensions>
      </trkpt>
      <trkpt lat="53.9962522" lon="27.2428832">
        <ele>272</ele>
        <time>2025-06-21T14:22:53Z</time>
        <hdop>1.5</hdop>
        <extensions>
          <speed>1.82</speed>
        </extensions>
      </trkpt>
      <trkpt lat="53.9963148" lon="27.2428245">
        <ele>274</ele>
        <time>2025-06-21T14:23:04Z</time>
        <hdop>2</hdop>
      </trkpt>
      <trkpt lat="53.9963214" lon="27.2428153">
        <ele>273</ele>
        <time>2025-06-21T14:23:14Z</time>
        <hdop>2</hdop>
      </trkpt>
      <trkpt lat="53.9963214" lon="27.2428153">
        <ele>273</ele>
        <time>2025-06-21T14:23:25Z</time>
        <hdop>2</hdop>
      </trkpt>
      <trkpt lat="53.9963214" lon="27.2428153">
        <ele>273</ele>
        <time>2025-06-21T14:23:35Z</time>
        <hdop>2</hdop>
      </trkpt>
      <trkpt lat="53.9963214" lon="27.2428153">
        <ele>273</ele>
        <time>2025-06-21T14:23:46Z</time>
        <hdop>2</hdop>
      </trkpt>
      <trkpt lat="53.9963481" lon="27.2428102">
        <ele>274</ele>
        <time>2025-06-21T14:23:57Z</time>
        <hdop>2</hdop>
        <extensions>
          <speed>0.49</speed>
        </extensions>
      </trkpt>
      <trkpt lat="53.9964332" lon="27.2427661">
        <ele>276</ele>
        <time>2025-06-21T14:24:07Z</time>
        <hdop>2</hdop>
        <extensions>
          <speed>0.43</speed>
        </extensions>
      </trkpt>
      <trkpt lat="53.9964872" lon="27.242756">
        <ele>274</ele>
        <time>2025-06-21T14:24:18Z</time>
        <hdop>2</hdop>
        <extensions>
          <speed>0.01</speed>
        </extensions>
      </trkpt>
      <trkpt lat="53.9965089" lon="27.2427575">
        <ele>276</ele>
        <time>2025-06-21T14:24:29Z</time>
        <hdop>1.5</hdop>
        <extensions>
          <speed>0.01</speed>
        </extensions>
      </trkpt>
      <trkpt lat="53.9965088" lon="27.2427578">
        <ele>275</ele>
        <time>2025-06-21T14:24:39Z</time>
        <hdop>2</hdop>
      </trkpt>
      <trkpt lat="53.996488" lon="27.2428266">
        <ele>277</ele>
        <time>2025-06-21T14:24:50Z</time>
        <hdop>2</hdop>
      </trkpt>
      <trkpt lat="53.9964861" lon="27.2428483">
        <ele>275</ele>
        <time>2025-06-21T14:25:01Z</time>
        <hdop>2.5</hdop>
        <extensions>
          <speed>0.52</speed>
        </extensions>
      </trkpt>
      <trkpt lat="53.9964436" lon="27.2429665">
        <ele>274</ele>
        <time>2025-06-21T14:25:12Z</time>
        <hdop>2.5</hdop>
        <extensions>
          <speed>0.62</speed>
        </extensions>
      </trkpt>
      <trkpt lat="53.9964411" lon="27.2430603">
        <ele>272</ele>
        <time>2025-06-21T14:25:22Z</time>
        <hdop>2.5</hdop>
        <extensions>
          <speed>1.2</speed>
        </extensions>
      </trkpt>
      <trkpt lat="53.9962257" lon="27.243126">
        <ele>271</ele>
        <time>2025-06-21T14:25:33Z</time>
        <hdop>2</hdop>
        <extensions>
          <speed>2.13</speed>
        </extensions>
      </trkpt>
      <trkpt lat="53.9960328" lon="27.2431276">
        <ele>273</ele>
        <time>2025-06-21T14:25:43Z</time>
        <hdop>2</hdop>
        <extensions>
          <speed>1.83</speed>
        </extensions>
      </trkpt>
      <trkpt lat="53.9959038" lon="27.2431344">
        <ele>274</ele>
        <time>2025-06-21T14:25:54Z</time>
        <hdop>2</hdop>
      </trkpt>
      <trkpt lat="53.9959038" lon="27.243134">
        <ele>274</ele>
        <time>2025-06-21T14:26:04Z</time>
        <hdop>2.5</hdop>
      </trkpt>
      <trkpt lat="53.9959038" lon="27.243134">
        <ele>274</ele>
        <time>2025-06-21T14:26:14Z</time>
        <hdop>2</hdop>
      </trkpt>
      <trkpt lat="53.9959607" lon="27.2431505">
        <ele>272</ele>
        <time>2025-06-21T14:26:25Z</time>
        <hdop>2.5</hdop>
        <extensions>
          <speed>1.37</speed>
        </extensions>
      </trkpt>
      <trkpt lat="53.9961452" lon="27.2431259">
        <ele>274</ele>
        <time>2025-06-21T14:26:35Z</time>
        <hdop>2</hdop>
        <extensions>
          <speed>1.08</speed>
        </extensions>
      </trkpt>
      <trkpt lat="53.9962898" lon="27.2431068">
        <ele>275</ele>
        <time>2025-06-21T14:26:45Z</time>
        <hdop>2</hdop>
        <extensions>
          <speed>2.01</speed>
        </extensions>
      </trkpt>
      <trkpt lat="53.9964509" lon="27.243035">
        <ele>275</ele>
        <time>2025-06-21T14:26:56Z</time>
        <hdop>2</hdop>
        <extensions>
          <speed>1.65</speed>
        </extensions>
      </trkpt>
      <trkpt lat="53.9964908" lon="27.2427909">
        <ele>275</ele>
        <time>2025-06-21T14:27:06Z</time>
        <hdop>2.5</hdop>
        <extensions>
          <speed>1.39</speed>
        </extensions>
      </trkpt>
      <trkpt lat="53.99663" lon="27.2427459">
        <ele>277</ele>
        <time>2025-06-21T14:27:17Z</time>
        <hdop>2</hdop>
        <extensions>
          <speed>1.23</speed>
        </extensions>
      </trkpt>
      <trkpt lat="53.9967101" lon="27.2427578">
        <ele>276</ele>
        <time>2025-06-21T14:27:27Z</time>
        <hdop>2</hdop>
      </trkpt>
      <trkpt lat="53.9967068" lon="27.242757">
        <ele>275</ele>
        <time>2025-06-21T14:27:37Z</time>
        <hdop>2</hdop>
      </trkpt>
      <trkpt lat="53.9967068" lon="27.242757">
        <ele>275</ele>
        <time>2025-06-21T14:27:48Z</time>
        <hdop>1.5</hdop>
      </trkpt>
      <trkpt lat="53.9968547" lon="27.2427447">
        <ele>276</ele>
        <time>2025-06-21T14:27:59Z</time>
        <hdop>2</hdop>
        <extensions>
          <speed>1.91</speed>
        </extensions>
      </trkpt>
      <trkpt lat="53.9972114" lon="27.2427184">
        <ele>274</ele>
        <time>2025-06-21T14:28:10Z</time>
        <hdop>2</hdop>
        <extensions>
          <speed>3.58</speed>
        </extensions>
      </trkpt>
      <trkpt lat="53.9974384" lon="27.242743">
        <ele>275</ele>
        <time>2025-06-21T14:28:20Z</time>
        <hdop>2.5</hdop>
        <extensions>
          <speed>1.73</speed>
        </extensions>
      </trkpt>
      <trkpt lat="53.9976301" lon="27.242765">
        <ele>275</ele>
        <time>2025-06-21T14:28:31Z</time>
        <hdop>2.5</hdop>
        <extensions>
          <speed>0.98</speed>
        </extensions>
      </trkpt>
      <trkpt lat="53.9977769" lon="27.2428737">
        <ele>273</ele>
        <time>2025-06-21T14:28:42Z</time>
        <hdop>2</hdop>
        <extensions>
          <speed>1.48</speed>
        </extensions>
      </trkpt>
      <trkpt lat="53.9978703" lon="27.2429645">
        <ele>274</ele>
        <time>2025-06-21T14:28:52Z</time>
        <hdop>2</hdop>
      </trkpt>
      <trkpt lat="53.9978702" lon="27.2429645">
        <ele>274</ele>
        <time>2025-06-21T14:29:03Z</time>
        <hdop>2</hdop>
      </trkpt>
      <trkpt lat="53.9978787" lon="27.2429643">
        <ele>276</ele>
        <time>2025-06-21T14:29:13Z</time>
        <hdop>2</hdop>
      </trkpt>
      <trkpt lat="53.9978787" lon="27.2429643">
        <ele>276</ele>
        <time>2025-06-21T14:29:24Z</time>
        <hdop>2</hdop>
      </trkpt>
      <trkpt lat="53.9978787" lon="27.2429643">
        <ele>276</ele>
        <time>2025-06-21T14:29:34Z</time>
        <hdop>1.5</hdop>
      </trkpt>
      <trkpt lat="53.9978787" lon="27.2429643">
        <ele>276</ele>
        <time>2025-06-21T14:29:44Z</time>
        <hdop>2</hdop>
      </trkpt>
      <trkpt lat="53.9978787" lon="27.2429643">
        <ele>276</ele>
        <time>2025-06-21T14:29:55Z</time>
        <hdop>2</hdop>
      </trkpt>
      <trkpt lat="53.9980257" lon="27.2430679">
        <ele>276</ele>
        <time>2025-06-21T14:30:06Z</time>
        <hdop>2</hdop>
        <extensions>
          <speed>1.78</speed>
        </extensions>
      </trkpt>
      <trkpt lat="53.9981728" lon="27.2432442">
        <ele>275</ele>
        <time>2025-06-21T14:30:16Z</time>
        <hdop>2.5</hdop>
        <extensions>
          <speed>1.35</speed>
        </extensions>
      </trkpt>
      <trkpt lat="53.9983167" lon="27.2434856">
        <ele>275</ele>
        <time>2025-06-21T14:30:27Z</time>
        <hdop>2.5</hdop>
        <extensions>
          <speed>2.01</speed>
        </extensions>
      </trkpt>
      <trkpt lat="53.9984084" lon="27.2438869">
        <ele>272</ele>
        <time>2025-06-21T14:30:38Z</time>
        <hdop>2.5</hdop>
        <extensions>
          <speed>2.07</speed>
        </extensions>
      </trkpt>
      <trkpt lat="53.9984339" lon="27.244318">
        <ele>273</ele>
        <time>2025-06-21T14:30:48Z</time>
        <hdop>2.5</hdop>
        <extensions>
          <speed>2.83</speed>
        </extensions>
      </trkpt>
      <trkpt lat="53.9984901" lon="27.2448149">
        <ele>275</ele>
        <time>2025-06-21T14:30:59Z</time>
        <hdop>2.5</hdop>
        <extensions>
          <speed>1.8</speed>
        </extensions>
      </trkpt>
      <trkpt lat="53.9984189" lon="27.245072">
        <ele>278</ele>
        <time>2025-06-21T14:31:09Z</time>
        <hdop>2</hdop>
        <extensions>
          <speed>1.55</speed>
        </extensions>
      </trkpt>
      <trkpt lat="53.9983681" lon="27.2452955">
        <ele>276</ele>
        <time>2025-06-21T14:31:19Z</time>
        <hdop>2</hdop>
        <extensions>
          <speed>1.49</speed>
        </extensions>
      </trkpt>
      <trkpt lat="53.9981762" lon="27.2456613">
        <ele>276</ele>
        <time>2025-06-21T14:31:30Z</time>
        <hdop>2</hdop>
        <extensions>
          <speed>2.63</speed>
        </extensions>
      </trkpt>
      <trkpt lat="53.9980134" lon="27.2459538">
        <ele>278</ele>
        <time>2025-06-21T14:31:41Z</time>
        <hdop>2</hdop>
        <extensions>
          <speed>1</speed>
        </extensions>
      </trkpt>
      <trkpt lat="53.9979811" lon="27.2460298">
        <ele>277</ele>
        <time>2025-06-21T14:31:52Z</time>
        <hdop>2</hdop>
      </trkpt>
      <trkpt lat="53.9979845" lon="27.2460404">
        <ele>276</ele>
        <time>2025-06-21T14:32:02Z</time>
        <hdop>2</hdop>
        <extensions>
          <speed>0.22</speed>
        </extensions>
      </trkpt>
      <trkpt lat="53.9980231" lon="27.2462049">
        <ele>269</ele>
        <time>2025-06-21T14:32:12Z</time>
        <hdop>2</hdop>
        <extensions>
          <speed>2.5</speed>
        </extensions>
      </trkpt>
      <trkpt lat="53.997972" lon="27.2463459">
        <ele>273</ele>
        <time>2025-06-21T14:32:23Z</time>
        <hdop>2</hdop>
        <extensions>
          <speed>1.33</speed>
        </extensions>
      </trkpt>
      <trkpt lat="53.9978336" lon="27.2464922">
        <ele>275</ele>
        <time>2025-06-21T14:32:33Z</time>
        <hdop>2</hdop>
        <extensions>
          <speed>1.07</speed>
        </extensions>
      </trkpt>
      <trkpt lat="53.9977242" lon="27.2467071">
        <ele>274</ele>
        <time>2025-06-21T14:32:44Z</time>
        <hdop>2</hdop>
        <extensions>
          <speed>0.99</speed>
        </extensions>
      </trkpt>
      <trkpt lat="53.9976184" lon="27.2468684">
        <ele>272</ele>
        <time>2025-06-21T14:32:55Z</time>
        <hdop>2</hdop>
        <extensions>
          <speed>1.92</speed>
        </extensions>
      </trkpt>
      <trkpt lat="53.997449" lon="27.2471294">
        <ele>270</ele>
        <time>2025-06-21T14:33:05Z</time>
        <hdop>1.5</hdop>
        <extensions>
          <speed>2.86</speed>
        </extensions>
      </trkpt>
      <trkpt lat="53.9972267" lon="27.2471634">
        <ele>270</ele>
        <time>2025-06-21T14:33:16Z</time>
        <hdop>1.5</hdop>
        <extensions>
          <speed>2.01</speed>
        </extensions>
      </trkpt>
      <trkpt lat="53.997001" lon="27.2470032">
        <ele>270</ele>
        <time>2025-06-21T14:33:26Z</time>
        <hdop>1.5</hdop>
        <extensions>
          <speed>3.29</speed>
        </extensions>
      </trkpt>
      <trkpt lat="53.9967765" lon="27.2469376">
        <ele>269</ele>
        <time>2025-06-21T14:33:37Z</time>
        <hdop>3</hdop>
        <extensions>
          <speed>2.03</speed>
        </extensions>
      </trkpt>
      <trkpt lat="53.9965729" lon="27.2468323">
        <ele>273</ele>
        <time>2025-06-21T14:33:48Z</time>
        <hdop>2.5</hdop>
        <extensions>
          <speed>2.29</speed>
        </extensions>
      </trkpt>
      <trkpt lat="53.996448" lon="27.2466448">
        <ele>275</ele>
        <time>2025-06-21T14:33:58Z</time>
        <hdop>2</hdop>
        <extensions>
          <speed>1.92</speed>
        </extensions>
      </trkpt>
      <trkpt lat="53.9962963" lon="27.2465009">
        <ele>276</ele>
        <time>2025-06-21T14:34:08Z</time>
        <hdop>1.5</hdop>
        <extensions>
          <speed>1.56</speed>
        </extensions>
      </trkpt>
      <trkpt lat="53.9962562" lon="27.2464823">
        <ele>278</ele>
        <time>2025-06-21T14:34:19Z</time>
        <hdop>1.5</hdop>
      </trkpt>
      <trkpt lat="53.9962562" lon="27.2464823">
        <ele>278</ele>
        <time>2025-06-21T14:34:30Z</time>
        <hdop>1.5</hdop>
      </trkpt>
      <trkpt lat="53.9962568" lon="27.2464806">
        <ele>278</ele>
        <time>2025-06-21T14:34:40Z</time>
        <hdop>1.5</hdop>
        <extensions>
          <speed>0.99</speed>
        </extensions>
      </trkpt>
      <trkpt lat="53.9962606" lon="27.246363">
        <ele>276</ele>
        <time>2025-06-21T14:34:51Z</time>
        <hdop>1.5</hdop>
        <extensions>
          <speed>0.08</speed>
        </extensions>
      </trkpt>
      <trkpt lat="53.9962608" lon="27.2463631">
        <ele>276</ele>
        <time>2025-06-21T14:35:02Z</time>
        <hdop>1.5</hdop>
      </trkpt>
      <trkpt lat="53.9962608" lon="27.2463631">
        <ele>276</ele>
        <time>2025-06-21T14:35:13Z</time>
        <hdop>4</hdop>
      </trkpt>
      <trkpt lat="53.9962608" lon="27.2463631">
        <ele>276</ele>
        <time>2025-06-21T14:35:24Z</time>
        <hdop>2</hdop>
      </trkpt>
      <trkpt lat="53.9960469" lon="27.2461385">
        <ele>276</ele>
        <time>2025-06-21T14:35:34Z</time>
        <hdop>2</hdop>
        <extensions>
          <speed>2.9</speed>
        </extensions>
      </trkpt>
      <trkpt lat="53.9957469" lon="27.2461777">
        <ele>274</ele>
        <time>2025-06-21T14:35:45Z</time>
        <hdop>2.5</hdop>
        <extensions>
          <speed>2.98</speed>
        </extensions>
      </trkpt>
      <trkpt lat="53.9954799" lon="27.2462017">
        <ele>273</ele>
        <time>2025-06-21T14:35:56Z</time>
        <hdop>2.5</hdop>
        <extensions>
          <speed>2.88</speed>
        </extensions>
      </trkpt>
      <trkpt lat="53.9951645" lon="27.2461492">
        <ele>273</ele>
        <time>2025-06-21T14:36:07Z</time>
        <hdop>2.5</hdop>
        <extensions>
          <speed>3.09</speed>
        </extensions>
      </trkpt>
      <trkpt lat="53.9949031" lon="27.2463491">
        <ele>274</ele>
        <time>2025-06-21T14:36:18Z</time>
        <hdop>2</hdop>
        <extensions>
          <speed>1.86</speed>
        </extensions>
      </trkpt>
      <trkpt lat="53.9947334" lon="27.246531">
        <ele>274</ele>
        <time>2025-06-21T14:36:28Z</time>
        <hdop>2</hdop>
        <extensions>
          <speed>2.08</speed>
        </extensions>
      </trkpt>
      <trkpt lat="53.9946047" lon="27.2467864">
        <ele>275</ele>
        <time>2025-06-21T14:36:39Z</time>
        <hdop>2.5</hdop>
        <extensions>
          <speed>2.2</speed>
        </extensions>
      </trkpt>
      <trkpt lat="53.9944024" lon="27.2469492">
        <ele>274</ele>
        <time>2025-06-21T14:36:50Z</time>
        <hdop>2</hdop>
        <extensions>
          <speed>2.09</speed>
        </extensions>
      </trkpt>
      <trkpt lat="53.9942742" lon="27.2472001">
        <ele>274</ele>
        <time>2025-06-21T14:37:00Z</time>
        <hdop>2</hdop>
        <extensions>
          <speed>2.49</speed>
        </extensions>
      </trkpt>
      <trkpt lat="53.9941717" lon="27.2473934">
        <ele>274</ele>
        <time>2025-06-21T14:37:10Z</time>
        <hdop>2.5</hdop>
        <extensions>
          <speed>1.23</speed>
        </extensions>
      </trkpt>
      <trkpt lat="53.9940652" lon="27.2475816">
        <ele>272</ele>
        <time>2025-06-21T14:37:21Z</time>
        <hdop>2</hdop>
        <extensions>
          <speed>1.36</speed>
        </extensions>
      </trkpt>
      <trkpt lat="53.9940186" lon="27.2476245">
        <ele>273</ele>
        <time>2025-06-21T14:37:32Z</time>
        <hdop>2</hdop>
      </trkpt>
      <trkpt lat="53.9939866" lon="27.2476613">
        <ele>274</ele>
        <time>2025-06-21T14:37:42Z</time>
        <hdop>2</hdop>
        <extensions>
          <speed>1.15</speed>
        </extensions>
      </trkpt>
      <trkpt lat="53.9938782" lon="27.2477006">
        <ele>276</ele>
        <time>2025-06-21T14:37:53Z</time>
        <hdop>2</hdop>
        <extensions>
          <speed>1.34</speed>
        </extensions>
      </trkpt>
      <trkpt lat="53.9938291" lon="27.2476476">
        <ele>276</ele>
        <time>2025-06-21T14:38:03Z</time>
        <hdop>1</hdop>
      </trkpt>
      <trkpt lat="53.9938291" lon="27.2476476">
        <ele>276</ele>
        <time>2025-06-21T14:38:14Z</time>
        <hdop>1.5</hdop>
      </trkpt>
      <trkpt lat="53.9938291" lon="27.2476476">
        <ele>276</ele>
        <time>2025-06-21T14:38:24Z</time>
        <hdop>1.5</hdop>
      </trkpt>
      <trkpt lat="53.9938291" lon="27.2476476">
        <ele>276</ele>
        <time>2025-06-21T14:38:35Z</time>
        <hdop>1.5</hdop>
      </trkpt>
      <trkpt lat="53.9938291" lon="27.2476476">
        <ele>276</ele>
        <time>2025-06-21T14:38:45Z</time>
        <hdop>1.5</hdop>
      </trkpt>
      <trkpt lat="53.9938328" lon="27.2476302">
        <ele>276</ele>
        <time>2025-06-21T14:38:55Z</time>
        <hdop>1.5</hdop>
        <extensions>
          <speed>0.14</speed>
        </extensions>
      </trkpt>
      <trkpt lat="53.9939249" lon="27.2473439">
        <ele>275</ele>
        <time>2025-06-21T14:39:05Z</time>
        <hdop>2</hdop>
        <extensions>
          <speed>2.85</speed>
        </extensions>
      </trkpt>
      <trkpt lat="53.9941503" lon="27.2469547">
        <ele>273</ele>
        <time>2025-06-21T14:39:16Z</time>
        <hdop>1.5</hdop>
        <extensions>
          <speed>3.79</speed>
        </extensions>
      </trkpt>
      <trkpt lat="53.9943348" lon="27.246663">
        <ele>273</ele>
        <time>2025-06-21T14:39:27Z</time>
        <hdop>1.5</hdop>
        <extensions>
          <speed>2.75</speed>
        </extensions>
      </trkpt>
      <trkpt lat="53.9944038" lon="27.2464196">
        <ele>274</ele>
        <time>2025-06-21T14:39:38Z</time>
        <hdop>2.5</hdop>
      </trkpt>
      <trkpt lat="53.9944021" lon="27.2463483">
        <ele>274</ele>
        <time>2025-06-21T14:39:48Z</time>
        <hdop>2</hdop>
        <extensions>
          <speed>0.43</speed>
        </extensions>
      </trkpt>
      <trkpt lat="53.9943962" lon="27.2463215">
        <ele>275</ele>
        <time>2025-06-21T14:39:59Z</time>
        <hdop>2</hdop>
        <extensions>
          <speed>0.76</speed>
        </extensions>
      </trkpt>
      <trkpt lat="53.9942791" lon="27.246148">
        <ele>274</ele>
        <time>2025-06-21T14:40:09Z</time>
        <hdop>2</hdop>
        <extensions>
          <speed>1.92</speed>
        </extensions>
      </trkpt>
      <trkpt lat="53.9941051" lon="27.2458746">
        <ele>273</ele>
        <time>2025-06-21T14:40:20Z</time>
        <hdop>2</hdop>
        <extensions>
          <speed>2.63</speed>
        </extensions>
      </trkpt>
      <trkpt lat="53.9939197" lon="27.2454997">
        <ele>273</ele>
        <time>2025-06-21T14:40:31Z</time>
        <hdop>2</hdop>
        <extensions>
          <speed>2.5</speed>
        </extensions>
      </trkpt>
      <trkpt lat="53.99375" lon="27.2451965">
        <ele>273</ele>
        <time>2025-06-21T14:40:42Z</time>
        <hdop>2</hdop>
        <extensions>
          <speed>2.01</speed>
        </extensions>
      </trkpt>
      <trkpt lat="53.9936305" lon="27.2450795">
        <ele>274</ele>
        <time>2025-06-21T14:40:52Z</time>
        <hdop>2</hdop>
        <extensions>
          <speed>1.57</speed>
        </extensions>
      </trkpt>
      <trkpt lat="53.9935752" lon="27.2451826">
        <ele>274</ele>
        <time>2025-06-21T14:41:02Z</time>
        <hdop>2</hdop>
      </trkpt>
      <trkpt lat="53.99357" lon="27.2451891">
        <ele>274</ele>
        <time>2025-06-21T14:41:13Z</time>
        <hdop>2</hdop>
        <extensions>
          <speed>0.12</speed>
        </extensions>
      </trkpt>
      <trkpt lat="53.9935567" lon="27.2451998">
        <ele>273</ele>
        <time>2025-06-21T14:41:24Z</time>
        <hdop>2</hdop>
        <extensions>
          <speed>0.82</speed>
        </extensions>
      </trkpt>
      <trkpt lat="53.9934612" lon="27.2453582">
        <ele>274</ele>
        <time>2025-06-21T14:41:34Z</time>
        <hdop>2</hdop>
        <extensions>
          <speed>3.05</speed>
        </extensions>
      </trkpt>
      <trkpt lat="53.9932229" lon="27.2457274">
        <ele>272</ele>
        <time>2025-06-21T14:41:44Z</time>
        <hdop>1.5</hdop>
        <extensions>
          <speed>2.58</speed>
        </extensions>
      </trkpt>
      <trkpt lat="53.9931463" lon="27.2458274">
        <ele>272</ele>
        <time>2025-06-21T14:41:54Z</time>
        <hdop>2.5</hdop>
        <extensions>
          <speed>0.25</speed>
        </extensions>
      </trkpt>
      <trkpt lat="53.9931502" lon="27.2458332">
        <ele>272</ele>
        <time>2025-06-21T14:42:05Z</time>
        <hdop>2</hdop>
      </trkpt>
      <trkpt lat="53.9931108" lon="27.2458693">
        <ele>272</ele>
        <time>2025-06-21T14:42:15Z</time>
        <hdop>2</hdop>
        <extensions>
          <speed>1.68</speed>
        </extensions>
      </trkpt>
      <trkpt lat="53.9930341" lon="27.2459835">
        <ele>270</ele>
        <time>2025-06-21T14:42:25Z</time>
        <hdop>2</hdop>
        <extensions>
          <speed>2.29</speed>
        </extensions>
      </trkpt>
      <trkpt lat="53.9927362" lon="27.2464963">
        <ele>269</ele>
        <time>2025-06-21T14:42:36Z</time>
        <hdop>1.5</hdop>
        <extensions>
          <speed>5.52</speed>
        </extensions>
      </trkpt>
      <trkpt lat="53.9923315" lon="27.247134">
        <ele>268</ele>
        <time>2025-06-21T14:42:46Z</time>
        <hdop>1.5</hdop>
        <extensions>
          <speed>7.05</speed>
        </extensions>
      </trkpt>
      <trkpt lat="53.9919211" lon="27.2478441">
        <ele>269</ele>
        <time>2025-06-21T14:42:56Z</time>
        <hdop>1.5</hdop>
        <extensions>
          <speed>5.47</speed>
        </extensions>
      </trkpt>
      <trkpt lat="53.9916047" lon="27.2484574">
        <ele>269</ele>
        <time>2025-06-21T14:43:07Z</time>
        <hdop>1.5</hdop>
        <extensions>
          <speed>4.74</speed>
        </extensions>
      </trkpt>
      <trkpt lat="53.9915308" lon="27.2491736">
        <ele>266</ele>
        <time>2025-06-21T14:43:18Z</time>
        <hdop>1</hdop>
        <extensions>
          <speed>4.83</speed>
        </extensions>
      </trkpt>
      <trkpt lat="53.9914462" lon="27.2498547">
        <ele>266</ele>
        <time>2025-06-21T14:43:28Z</time>
        <hdop>1.5</hdop>
        <extensions>
          <speed>4.39</speed>
        </extensions>
      </trkpt>
      <trkpt lat="53.9911271" lon="27.2502498">
        <ele>264</ele>
        <time>2025-06-21T14:43:39Z</time>
        <hdop>2</hdop>
        <extensions>
          <speed>3.02</speed>
        </extensions>
      </trkpt>
      <trkpt lat="53.9909459" lon="27.2504802">
        <ele>264</ele>
        <time>2025-06-21T14:43:50Z</time>
        <hdop>1.5</hdop>
        <extensions>
          <speed>2.51</speed>
        </extensions>
      </trkpt>
      <trkpt lat="53.9907928" lon="27.2506735">
        <ele>263</ele>
        <time>2025-06-21T14:44:00Z</time>
        <hdop>1.5</hdop>
        <extensions>
          <speed>3.47</speed>
        </extensions>
      </trkpt>
      <trkpt lat="53.9907084" lon="27.2512397">
        <ele>263</ele>
        <time>2025-06-21T14:44:11Z</time>
        <hdop>1.5</hdop>
        <extensions>
          <speed>2.79</speed>
        </extensions>
      </trkpt>
      <trkpt lat="53.9906049" lon="27.2516416">
        <ele>262</ele>
        <time>2025-06-21T14:44:21Z</time>
        <hdop>1.5</hdop>
        <extensions>
          <speed>3.35</speed>
        </extensions>
      </trkpt>
      <trkpt lat="53.9904872" lon="27.2521191">
        <ele>262</ele>
        <time>2025-06-21T14:44:31Z</time>
        <hdop>1.5</hdop>
        <extensions>
          <speed>3.39</speed>
        </extensions>
      </trkpt>
      <trkpt lat="53.9904746" lon="27.2525497">
        <ele>263</ele>
        <time>2025-06-21T14:44:42Z</time>
        <hdop>2</hdop>
        <extensions>
          <speed>0.45</speed>
        </extensions>
      </trkpt>
      <trkpt lat="53.9904478" lon="27.2526703">
        <ele>263</ele>
        <time>2025-06-21T14:44:53Z</time>
        <hdop>2</hdop>
        <extensions>
          <speed>2.76</speed>
        </extensions>
      </trkpt>
      <trkpt lat="53.9903776" lon="27.2531271">
        <ele>263</ele>
        <time>2025-06-21T14:45:03Z</time>
        <hdop>2</hdop>
        <extensions>
          <speed>2.57</speed>
        </extensions>
      </trkpt>
      <trkpt lat="53.9903554" lon="27.253535">
        <ele>265</ele>
        <time>2025-06-21T14:45:14Z</time>
        <hdop>2</hdop>
        <extensions>
          <speed>2.75</speed>
        </extensions>
      </trkpt>
      <trkpt lat="53.990372" lon="27.2540383">
        <ele>264</ele>
        <time>2025-06-21T14:45:25Z</time>
        <hdop>2</hdop>
        <extensions>
          <speed>3.58</speed>
        </extensions>
      </trkpt>
      <trkpt lat="53.9906152" lon="27.2544357">
        <ele>262</ele>
        <time>2025-06-21T14:45:36Z</time>
        <hdop>1.5</hdop>
        <extensions>
          <speed>3.69</speed>
        </extensions>
      </trkpt>
      <trkpt lat="53.99076" lon="27.254802">
        <ele>263</ele>
        <time>2025-06-21T14:45:47Z</time>
        <hdop>2</hdop>
        <extensions>
          <speed>3.67</speed>
        </extensions>
      </trkpt>
      <trkpt lat="53.9905803" lon="27.2552268">
        <ele>263</ele>
        <time>2025-06-21T14:45:58Z</time>
        <hdop>1.5</hdop>
        <extensions>
          <speed>3.33</speed>
        </extensions>
      </trkpt>
      <trkpt lat="53.9903788" lon="27.2554442">
        <ele>264</ele>
        <time>2025-06-21T14:46:08Z</time>
        <hdop>1.5</hdop>
        <extensions>
          <speed>1.89</speed>
        </extensions>
      </trkpt>
      <trkpt lat="53.9901683" lon="27.2554789">
        <ele>263</ele>
        <time>2025-06-21T14:46:18Z</time>
        <hdop>1.5</hdop>
        <extensions>
          <speed>3.12</speed>
        </extensions>
      </trkpt>
      <trkpt lat="53.9900808" lon="27.2554221">
        <ele>263</ele>
        <time>2025-06-21T14:46:28Z</time>
        <hdop>1.5</hdop>
        <extensions>
          <speed>1.64</speed>
        </extensions>
      </trkpt>
      <trkpt lat="53.9902443" lon="27.2554936">
        <ele>264</ele>
        <time>2025-06-21T14:46:39Z</time>
        <hdop>1.5</hdop>
        <extensions>
          <speed>1.07</speed>
        </extensions>
      </trkpt>
      <trkpt lat="53.9903924" lon="27.2554853">
        <ele>263</ele>
        <time>2025-06-21T14:46:50Z</time>
        <hdop>1.5</hdop>
        <extensions>
          <speed>1.06</speed>
        </extensions>
      </trkpt>
      <trkpt lat="53.9904146" lon="27.2557462">
        <ele>264</ele>
        <time>2025-06-21T14:47:00Z</time>
        <hdop>2</hdop>
        <extensions>
          <speed>2.45</speed>
        </extensions>
      </trkpt>
      <trkpt lat="53.9903389" lon="27.2561437">
        <ele>264</ele>
        <time>2025-06-21T14:47:11Z</time>
        <hdop>1.5</hdop>
        <extensions>
          <speed>2.15</speed>
        </extensions>
      </trkpt>
      <trkpt lat="53.990256" lon="27.2564878">
        <ele>264</ele>
        <time>2025-06-21T14:47:21Z</time>
        <hdop>2</hdop>
        <extensions>
          <speed>3.1</speed>
        </extensions>
      </trkpt>
      <trkpt lat="53.9903309" lon="27.2565874">
        <ele>265</ele>
        <time>2025-06-21T14:47:32Z</time>
        <hdop>1.5</hdop>
        <extensions>
          <speed>0.9</speed>
        </extensions>
      </trkpt>
      <trkpt lat="53.9902124" lon="27.2566838">
        <ele>265</ele>
        <time>2025-06-21T14:47:43Z</time>
        <hdop>2</hdop>
        <extensions>
          <speed>0.27</speed>
        </extensions>
      </trkpt>
      <trkpt lat="53.9902219" lon="27.2566756">
        <ele>265</ele>
        <time>2025-06-21T14:47:53Z</time>
        <hdop>1.5</hdop>
      </trkpt>
      <trkpt lat="53.9902233" lon="27.2566705">
        <ele>265</ele>
        <time>2025-06-21T14:48:03Z</time>
        <hdop>1.5</hdop>
      </trkpt>
      <trkpt lat="53.9902188" lon="27.2566863">
        <ele>264</ele>
        <time>2025-06-21T14:48:14Z</time>
        <hdop>1.5</hdop>
        <extensions>
          <speed>0.56</speed>
        </extensions>
      </trkpt>
      <trkpt lat="53.9901799" lon="27.2568078">
        <ele>264</ele>
        <time>2025-06-21T14:48:24Z</time>
        <hdop>1.5</hdop>
        <extensions>
          <speed>1.2</speed>
        </extensions>
      </trkpt>
      <trkpt lat="53.9901458" lon="27.2570673">
        <ele>264</ele>
        <time>2025-06-21T14:48:35Z</time>
        <hdop>1.5</hdop>
        <extensions>
          <speed>2.23</speed>
        </extensions>
      </trkpt>
      <trkpt lat="53.9900845" lon="27.2574453">
        <ele>264</ele>
        <time>2025-06-21T14:48:45Z</time>
        <hdop>2</hdop>
        <extensions>
          <speed>2.95</speed>
        </extensions>
      </trkpt>
      <trkpt lat="53.9899913" lon="27.2578578">
        <ele>266</ele>
        <time>2025-06-21T14:48:56Z</time>
        <hdop>1.5</hdop>
        <extensions>
          <speed>1.76</speed>
        </extensions>
      </trkpt>
      <trkpt lat="53.9899105" lon="27.2582411">
        <ele>265</ele>
        <time>2025-06-21T14:49:06Z</time>
        <hdop>1.5</hdop>
        <extensions>
          <speed>2.92</speed>
        </extensions>
      </trkpt>
      <trkpt lat="53.9897638" lon="27.258662">
        <ele>266</ele>
        <time>2025-06-21T14:49:16Z</time>
        <hdop>2</hdop>
        <extensions>
          <speed>3.22</speed>
        </extensions>
      </trkpt>
      <trkpt lat="53.9895762" lon="27.2591359">
        <ele>268</ele>
        <time>2025-06-21T14:49:27Z</time>
        <hdop>2</hdop>
        <extensions>
          <speed>3.82</speed>
        </extensions>
      </trkpt>
      <trkpt lat="53.9893225" lon="27.2595984">
        <ele>267</ele>
        <time>2025-06-21T14:49:37Z</time>
        <hdop>1</hdop>
        <extensions>
          <speed>4.38</speed>
        </extensions>
      </trkpt>
      <trkpt lat="53.9890328" lon="27.2600671">
        <ele>266</ele>
        <time>2025-06-21T14:49:47Z</time>
        <hdop>1</hdop>
        <extensions>
          <speed>4.18</speed>
        </extensions>
      </trkpt>
      <trkpt lat="53.9889555" lon="27.2605661">
        <ele>266</ele>
        <time>2025-06-21T14:49:58Z</time>
        <hdop>1.5</hdop>
        <extensions>
          <speed>2.87</speed>
        </extensions>
      </trkpt>
      <trkpt lat="53.9891566" lon="27.2609174">
        <ele>266</ele>
        <time>2025-06-21T14:50:08Z</time>
        <hdop>1.5</hdop>
        <extensions>
          <speed>3.99</speed>
        </extensions>
      </trkpt>
      <trkpt lat="53.9893868" lon="27.2613113">
        <ele>267</ele>
        <time>2025-06-21T14:50:18Z</time>
        <hdop>1.5</hdop>
        <extensions>
          <speed>3.59</speed>
        </extensions>
      </trkpt>
      <trkpt lat="53.9896447" lon="27.2617371">
        <ele>270</ele>
        <time>2025-06-21T14:50:28Z</time>
        <hdop>1</hdop>
        <extensions>
          <speed>3.78</speed>
        </extensions>
      </trkpt>
      <trkpt lat="53.9899219" lon="27.2622044">
        <ele>271</ele>
        <time>2025-06-21T14:50:39Z</time>
        <hdop>1</hdop>
        <extensions>
          <speed>3.71</speed>
        </extensions>
      </trkpt>
      <trkpt lat="53.9901655" lon="27.2626282">
        <ele>272</ele>
        <time>2025-06-21T14:50:49Z</time>
        <hdop>1.5</hdop>
        <extensions>
          <speed>3.99</speed>
        </extensions>
      </trkpt>
      <trkpt lat="53.9904464" lon="27.2630967">
        <ele>272</ele>
        <time>2025-06-21T14:50:59Z</time>
        <hdop>1</hdop>
        <extensions>
          <speed>4.39</speed>
        </extensions>
      </trkpt>
      <trkpt lat="53.9907682" lon="27.2636525">
        <ele>272</ele>
        <time>2025-06-21T14:51:10Z</time>
        <hdop>1</hdop>
        <extensions>
          <speed>4.56</speed>
        </extensions>
      </trkpt>
      <trkpt lat="53.9910631" lon="27.2641325">
        <ele>272</ele>
        <time>2025-06-21T14:51:20Z</time>
        <hdop>1</hdop>
        <extensions>
          <speed>4.34</speed>
        </extensions>
      </trkpt>
      <trkpt lat="53.9913411" lon="27.2646131">
        <ele>271</ele>
        <time>2025-06-21T14:51:30Z</time>
        <hdop>1</hdop>
        <extensions>
          <speed>4.48</speed>
        </extensions>
      </trkpt>
      <trkpt lat="53.9917217" lon="27.2652458">
        <ele>271</ele>
        <time>2025-06-21T14:51:41Z</time>
        <hdop>1</hdop>
        <extensions>
          <speed>5.91</speed>
        </extensions>
      </trkpt>
      <trkpt lat="53.9921671" lon="27.2659852">
        <ele>270</ele>
        <time>2025-06-21T14:51:52Z</time>
        <hdop>1</hdop>
        <extensions>
          <speed>6.33</speed>
        </extensions>
      </trkpt>
      <trkpt lat="53.9925539" lon="27.2666312">
        <ele>269</ele>
        <time>2025-06-21T14:52:02Z</time>
        <hdop>1</hdop>
        <extensions>
          <speed>5.69</speed>
        </extensions>
      </trkpt>
      <trkpt lat="53.9929704" lon="27.2673551">
        <ele>268</ele>
        <time>2025-06-21T14:52:13Z</time>
        <hdop>1</hdop>
        <extensions>
          <speed>6.1</speed>
        </extensions>
      </trkpt>
      <trkpt lat="53.9933498" lon="27.2680786">
        <ele>268</ele>
        <time>2025-06-21T14:52:24Z</time>
        <hdop>1</hdop>
        <extensions>
          <speed>5.62</speed>
        </extensions>
      </trkpt>
      <trkpt lat="53.9935932" lon="27.2687366">
        <ele>265</ele>
        <time>2025-06-21T14:52:35Z</time>
        <hdop>1</hdop>
        <extensions>
          <speed>5.03</speed>
        </extensions>
      </trkpt>
      <trkpt lat="53.9940193" lon="27.2696415">
        <ele>261</ele>
        <time>2025-06-21T14:52:46Z</time>
        <hdop>1</hdop>
        <extensions>
          <speed>7.78</speed>
        </extensions>
      </trkpt>
      <trkpt lat="53.994482" lon="27.2705992">
        <ele>259</ele>
        <time>2025-06-21T14:52:57Z</time>
        <hdop>1</hdop>
        <extensions>
          <speed>4.77</speed>
        </extensions>
      </trkpt>
      <trkpt lat="53.9948175" lon="27.2710957">
        <ele>260</ele>
        <time>2025-06-21T14:53:08Z</time>
        <hdop>1.5</hdop>
        <extensions>
          <speed>5.5</speed>
        </extensions>
      </trkpt>
      <trkpt lat="53.9951461" lon="27.2717601">
        <ele>258</ele>
        <time>2025-06-21T14:53:18Z</time>
        <hdop>1</hdop>
        <extensions>
          <speed>5.7</speed>
        </extensions>
      </trkpt>
      <trkpt lat="53.9955399" lon="27.2725849">
        <ele>255</ele>
        <time>2025-06-21T14:53:29Z</time>
        <hdop>1</hdop>
        <extensions>
          <speed>6.9</speed>
        </extensions>
      </trkpt>
      <trkpt lat="53.9956555" lon="27.2732359">
        <ele>253</ele>
        <time>2025-06-21T14:53:39Z</time>
        <hdop>1.5</hdop>
        <extensions>
          <speed>4.15</speed>
        </extensions>
      </trkpt>
      <trkpt lat="53.9960091" lon="27.273573">
        <ele>254</ele>
        <time>2025-06-21T14:53:50Z</time>
        <hdop>1</hdop>
        <extensions>
          <speed>5.42</speed>
        </extensions>
      </trkpt>
      <trkpt lat="53.996352" lon="27.2742027">
        <ele>254</ele>
        <time>2025-06-21T14:54:01Z</time>
        <hdop>1</hdop>
        <extensions>
          <speed>5.02</speed>
        </extensions>
      </trkpt>
      <trkpt lat="53.9966832" lon="27.2748121">
        <ele>253</ele>
        <time>2025-06-21T14:54:12Z</time>
        <hdop>1.5</hdop>
        <extensions>
          <speed>4.79</speed>
        </extensions>
      </trkpt>
      <trkpt lat="53.9969998" lon="27.2753821">
        <ele>254</ele>
        <time>2025-06-21T14:54:23Z</time>
        <hdop>1</hdop>
        <extensions>
          <speed>4.2</speed>
        </extensions>
      </trkpt>
      <trkpt lat="53.9973528" lon="27.2759151">
        <ele>253</ele>
        <time>2025-06-21T14:54:34Z</time>
        <hdop>1</hdop>
        <extensions>
          <speed>6.51</speed>
        </extensions>
      </trkpt>
      <trkpt lat="53.997793" lon="27.2766655">
        <ele>250</ele>
        <time>2025-06-21T14:54:44Z</time>
        <hdop>1</hdop>
        <extensions>
          <speed>7.53</speed>
        </extensions>
      </trkpt>
      <trkpt lat="53.9981989" lon="27.2773724">
        <ele>247</ele>
        <time>2025-06-21T14:54:54Z</time>
        <hdop>1</hdop>
        <extensions>
          <speed>5.61</speed>
        </extensions>
      </trkpt>
      <trkpt lat="53.9986204" lon="27.2779948">
        <ele>245</ele>
        <time>2025-06-21T14:55:05Z</time>
        <hdop>1</hdop>
        <extensions>
          <speed>6.02</speed>
        </extensions>
      </trkpt>
      <trkpt lat="53.9989156" lon="27.2784109">
        <ele>244</ele>
        <time>2025-06-21T14:55:16Z</time>
        <hdop>1.5</hdop>
        <extensions>
          <speed>3.75</speed>
        </extensions>
      </trkpt>
      <trkpt lat="53.9992129" lon="27.2789519">
        <ele>245</ele>
        <time>2025-06-21T14:55:26Z</time>
        <hdop>1</hdop>
        <extensions>
          <speed>4.9</speed>
        </extensions>
      </trkpt>
      <trkpt lat="53.9994385" lon="27.2796266">
        <ele>244</ele>
        <time>2025-06-21T14:55:37Z</time>
        <hdop>1</hdop>
        <extensions>
          <speed>3.53</speed>
        </extensions>
      </trkpt>
      <trkpt lat="53.9994223" lon="27.2799602">
        <ele>244</ele>
        <time>2025-06-21T14:55:47Z</time>
        <hdop>2</hdop>
        <extensions>
          <speed>0.28</speed>
        </extensions>
      </trkpt>
      <trkpt lat="53.9994314" lon="27.2800314">
        <ele>244</ele>
        <time>2025-06-21T14:55:57Z</time>
        <hdop>2</hdop>
        <extensions>
          <speed>2.46</speed>
        </extensions>
      </trkpt>
      <trkpt lat="53.9995089" lon="27.2802526">
        <ele>245</ele>
        <time>2025-06-21T14:56:08Z</time>
        <hdop>2</hdop>
        <extensions>
          <speed>2.34</speed>
        </extensions>
      </trkpt>
      <trkpt lat="53.9997751" lon="27.2801533">
        <ele>243</ele>
        <time>2025-06-21T14:56:19Z</time>
        <hdop>2</hdop>
        <extensions>
          <speed>3.34</speed>
        </extensions>
      </trkpt>
      <trkpt lat="53.9998521" lon="27.280112">
        <ele>243</ele>
        <time>2025-06-21T14:56:30Z</time>
        <hdop>1.5</hdop>
      </trkpt>
      <trkpt lat="53.9998521" lon="27.280112">
        <ele>243</ele>
        <time>2025-06-21T14:56:40Z</time>
        <hdop>1.5</hdop>
      </trkpt>
      <trkpt lat="53.9998521" lon="27.280112">
        <ele>243</ele>
        <time>2025-06-21T14:56:51Z</time>
        <hdop>1.5</hdop>
      </trkpt>
      <trkpt lat="53.9998521" lon="27.280112">
        <ele>243</ele>
        <time>2025-06-21T14:57:01Z</time>
        <hdop>1.5</hdop>
      </trkpt>
      <trkpt lat="53.9998609" lon="27.2801125">
        <ele>243</ele>
        <time>2025-06-21T14:57:11Z</time>
        <hdop>1.5</hdop>
      </trkpt>
      <trkpt lat="53.9998959" lon="27.2801205">
        <ele>243</ele>
        <time>2025-06-21T14:57:22Z</time>
        <hdop>3</hdop>
        <extensions>
          <speed>1.4</speed>
        </extensions>
      </trkpt>
      <trkpt lat="54.0000019" lon="27.2802617">
        <ele>241</ele>
        <time>2025-06-21T14:57:32Z</time>
        <hdop>5.5</hdop>
        <extensions>
          <speed>0.18</speed>
        </extensions>
      </trkpt>
      <trkpt lat="54.0001286" lon="27.2802748">
        <ele>240</ele>
        <time>2025-06-21T14:57:43Z</time>
        <hdop>2</hdop>
        <extensions>
          <speed>1.25</speed>
        </extensions>
      </trkpt>
      <trkpt lat="54.0001586" lon="27.2802803">
        <ele>242</ele>
        <time>2025-06-21T14:57:54Z</time>
        <hdop>1.5</hdop>
      </trkpt>
      <trkpt lat="54.0003364" lon="27.2803218">
        <ele>243</ele>
        <time>2025-06-21T14:58:04Z</time>
        <hdop>1.5</hdop>
        <extensions>
          <speed>2.82</speed>
        </extensions>
      </trkpt>
      <trkpt lat="54.0006631" lon="27.2802902">
        <ele>246</ele>
        <time>2025-06-21T14:58:15Z</time>
        <hdop>1.5</hdop>
        <extensions>
          <speed>3.89</speed>
        </extensions>
      </trkpt>
      <trkpt lat="54.0010141" lon="27.280295">
        <ele>248</ele>
        <time>2025-06-21T14:58:26Z</time>
        <hdop>1.5</hdop>
        <extensions>
          <speed>3.19</speed>
        </extensions>
      </trkpt>
      <trkpt lat="54.0013022" lon="27.2802564">
        <ele>249</ele>
        <time>2025-06-21T14:58:37Z</time>
        <hdop>1.5</hdop>
        <extensions>
          <speed>2.4</speed>
        </extensions>
      </trkpt>
      <trkpt lat="54.0016544" lon="27.280273">
        <ele>250</ele>
        <time>2025-06-21T14:58:47Z</time>
        <hdop>1</hdop>
        <extensions>
          <speed>5.07</speed>
        </extensions>
      </trkpt>
      <trkpt lat="54.0022247" lon="27.2807041">
        <ele>246</ele>
        <time>2025-06-21T14:58:58Z</time>
        <hdop>1</hdop>
        <extensions>
          <speed>7.45</speed>
        </extensions>
      </trkpt>
      <trkpt lat="54.0029307" lon="27.2812723">
        <ele>243</ele>
        <time>2025-06-21T14:59:09Z</time>
        <hdop>1.5</hdop>
        <extensions>
          <speed>7.83</speed>
        </extensions>
      </trkpt>
      <trkpt lat="54.0036891" lon="27.281847">
        <ele>242</ele>
        <time>2025-06-21T14:59:21Z</time>
        <hdop>1</hdop>
        <extensions>
          <speed>7.14</speed>
        </extensions>
      </trkpt>
      <trkpt lat="54.0041842" lon="27.2822392">
        <ele>243</ele>
        <time>2025-06-21T14:59:31Z</time>
        <hdop>1</hdop>
        <extensions>
          <speed>5.5</speed>
        </extensions>
      </trkpt>
      <trkpt lat="54.0046856" lon="27.2826501">
        <ele>243</ele>
        <time>2025-06-21T14:59:42Z</time>
        <hdop>1</hdop>
        <extensions>
          <speed>5.65</speed>
        </extensions>
      </trkpt>
      <trkpt lat="54.0051962" lon="27.2830518">
        <ele>243</ele>
        <time>2025-06-21T14:59:53Z</time>
        <hdop>1</hdop>
        <extensions>
          <speed>5.9</speed>
        </extensions>
      </trkpt>
      <trkpt lat="54.0057048" lon="27.2834439">
        <ele>244</ele>
        <time>2025-06-21T15:00:04Z</time>
        <hdop>1</hdop>
        <extensions>
          <speed>5.43</speed>
        </extensions>
      </trkpt>
      <trkpt lat="54.0061511" lon="27.2838237">
        <ele>245</ele>
        <time>2025-06-21T15:00:15Z</time>
        <hdop>1</hdop>
        <extensions>
          <speed>4.53</speed>
        </extensions>
      </trkpt>
      <trkpt lat="54.0064822" lon="27.2840105">
        <ele>245</ele>
        <time>2025-06-21T15:00:25Z</time>
        <hdop>1.5</hdop>
        <extensions>
          <speed>3.44</speed>
        </extensions>
      </trkpt>
      <trkpt lat="54.0066391" lon="27.2840702">
        <ele>244</ele>
        <time>2025-06-21T15:00:35Z</time>
        <hdop>1.5</hdop>
      </trkpt>
      <trkpt lat="54.0066778" lon="27.2839921">
        <ele>245</ele>
        <time>2025-06-21T15:00:46Z</time>
        <hdop>1.5</hdop>
        <extensions>
          <speed>0.19</speed>
        </extensions>
      </trkpt>
      <trkpt lat="54.0065878" lon="27.2841789">
        <ele>245</ele>
        <time>2025-06-21T15:00:56Z</time>
        <hdop>2</hdop>
        <extensions>
          <speed>2.79</speed>
        </extensions>
      </trkpt>
      <trkpt lat="54.0065071" lon="27.2845659">
        <ele>245</ele>
        <time>2025-06-21T15:01:07Z</time>
        <hdop>1.5</hdop>
        <extensions>
          <speed>2.37</speed>
        </extensions>
      </trkpt>
      <trkpt lat="54.0067106" lon="27.2848386">
        <ele>243</ele>
        <time>2025-06-21T15:01:18Z</time>
        <hdop>1.5</hdop>
        <extensions>
          <speed>4.25</speed>
        </extensions>
      </trkpt>
      <trkpt lat="54.0070312" lon="27.2847942">
        <ele>242</ele>
        <time>2025-06-21T15:01:28Z</time>
        <hdop>1.5</hdop>
        <extensions>
          <speed>4.03</speed>
        </extensions>
      </trkpt>
      <trkpt lat="54.0073762" lon="27.2846664">
        <ele>243</ele>
        <time>2025-06-21T15:01:39Z</time>
        <hdop>1.5</hdop>
        <extensions>
          <speed>3.62</speed>
        </extensions>
      </trkpt>
      <trkpt lat="54.0077101" lon="27.2845705">
        <ele>243</ele>
        <time>2025-06-21T15:01:49Z</time>
        <hdop>1</hdop>
        <extensions>
          <speed>3.77</speed>
        </extensions>
      </trkpt>
      <trkpt lat="54.0079833" lon="27.2844488">
        <ele>243</ele>
        <time>2025-06-21T15:02:00Z</time>
        <hdop>1.5</hdop>
        <extensions>
          <speed>1.39</speed>
        </extensions>
      </trkpt>
      <trkpt lat="54.0080373" lon="27.2841385">
        <ele>241</ele>
        <time>2025-06-21T15:02:10Z</time>
        <hdop>2</hdop>
        <extensions>
          <speed>2.17</speed>
        </extensions>
      </trkpt>
      <trkpt lat="54.008194" lon="27.2839772">
        <ele>243</ele>
        <time>2025-06-21T15:02:21Z</time>
        <hdop>1.5</hdop>
        <extensions>
          <speed>2.75</speed>
        </extensions>
      </trkpt>
      <trkpt lat="54.008378" lon="27.2838655">
        <ele>243</ele>
        <time>2025-06-21T15:02:31Z</time>
        <hdop>1.5</hdop>
        <extensions>
          <speed>1.81</speed>
        </extensions>
      </trkpt>
      <trkpt lat="54.0084056" lon="27.2838547">
        <ele>244</ele>
        <time>2025-06-21T15:02:42Z</time>
        <hdop>2.5</hdop>
      </trkpt>
      <trkpt lat="54.0083958" lon="27.2838225">
        <ele>246</ele>
        <time>2025-06-21T15:02:52Z</time>
        <hdop>4.5</hdop>
      </trkpt>
      <trkpt lat="54.0083958" lon="27.2838225">
        <ele>246</ele>
        <time>2025-06-21T15:03:03Z</time>
        <hdop>4</hdop>
      </trkpt>
      <trkpt lat="54.0083935" lon="27.2838762">
        <ele>246</ele>
        <time>2025-06-21T15:03:14Z</time>
        <hdop>2</hdop>
      </trkpt>
      <trkpt lat="54.0083935" lon="27.2838762">
        <ele>246</ele>
        <time>2025-06-21T15:03:24Z</time>
        <hdop>2</hdop>
      </trkpt>
      <trkpt lat="54.0083935" lon="27.2838762">
        <ele>246</ele>
        <time>2025-06-21T15:03:34Z</time>
        <hdop>2</hdop>
      </trkpt>
      <trkpt lat="54.0083935" lon="27.2838762">
        <ele>246</ele>
        <time>2025-06-21T15:03:45Z</time>
        <hdop>2</hdop>
      </trkpt>
      <trkpt lat="54.0083935" lon="27.2838762">
        <ele>246</ele>
        <time>2025-06-21T15:03:55Z</time>
        <hdop>2.5</hdop>
      </trkpt>
      <trkpt lat="54.0083935" lon="27.2838762">
        <ele>246</ele>
        <time>2025-06-21T15:04:05Z</time>
        <hdop>2</hdop>
      </trkpt>
      <trkpt lat="54.0083935" lon="27.2838762">
        <ele>246</ele>
        <time>2025-06-21T15:04:16Z</time>
        <hdop>2</hdop>
      </trkpt>
      <trkpt lat="54.0083935" lon="27.2838762">
        <ele>246</ele>
        <time>2025-06-21T15:04:26Z</time>
        <hdop>2</hdop>
      </trkpt>
      <trkpt lat="54.0083935" lon="27.2838762">
        <ele>246</ele>
        <time>2025-06-21T15:04:36Z</time>
        <hdop>2.5</hdop>
      </trkpt>
      <trkpt lat="54.0083935" lon="27.2838762">
        <ele>246</ele>
        <time>2025-06-21T15:04:47Z</time>
        <hdop>2</hdop>
      </trkpt>
      <trkpt lat="54.0083935" lon="27.2838762">
        <ele>246</ele>
        <time>2025-06-21T15:04:57Z</time>
        <hdop>1.5</hdop>
      </trkpt>
      <trkpt lat="54.0083935" lon="27.2838762">
        <ele>246</ele>
        <time>2025-06-21T15:05:08Z</time>
        <hdop>1.5</hdop>
      </trkpt>
      <trkpt lat="54.0084015" lon="27.28386">
        <ele>246</ele>
        <time>2025-06-21T15:05:19Z</time>
        <hdop>2</hdop>
        <extensions>
          <speed>0.12</speed>
        </extensions>
      </trkpt>
      <trkpt lat="54.0083954" lon="27.2838608">
        <ele>245</ele>
        <time>2025-06-21T15:05:29Z</time>
        <hdop>1.5</hdop>
      </trkpt>
      <trkpt lat="54.0084028" lon="27.2838758">
        <ele>246</ele>
        <time>2025-06-21T15:05:40Z</time>
        <hdop>2.5</hdop>
      </trkpt>
      <trkpt lat="54.0084028" lon="27.2838758">
        <ele>246</ele>
        <time>2025-06-21T15:05:51Z</time>
        <hdop>2</hdop>
      </trkpt>
      <trkpt lat="54.0084028" lon="27.2838758">
        <ele>246</ele>
        <time>2025-06-21T15:06:02Z</time>
        <hdop>1.5</hdop>
      </trkpt>
      <trkpt lat="54.0084028" lon="27.2838758">
        <ele>246</ele>
        <time>2025-06-21T15:06:13Z</time>
        <hdop>2</hdop>
      </trkpt>
      <trkpt lat="54.0084028" lon="27.2838758">
        <ele>246</ele>
        <time>2025-06-21T15:06:23Z</time>
        <hdop>2</hdop>
      </trkpt>
      <trkpt lat="54.0084028" lon="27.2838758">
        <ele>246</ele>
        <time>2025-06-21T15:06:34Z</time>
        <hdop>1.5</hdop>
      </trkpt>
      <trkpt lat="54.0083976" lon="27.2838997">
        <ele>247</ele>
        <time>2025-06-21T15:06:44Z</time>
        <hdop>1.5</hdop>
        <extensions>
          <speed>0.08</speed>
        </extensions>
      </trkpt>
      <trkpt lat="54.0083969" lon="27.2838996">
        <ele>248</ele>
        <time>2025-06-21T15:06:55Z</time>
        <hdop>1.5</hdop>
      </trkpt>
      <trkpt lat="54.0083969" lon="27.2838996">
        <ele>248</ele>
        <time>2025-06-21T15:07:05Z</time>
        <hdop>1.5</hdop>
      </trkpt>
      <trkpt lat="54.0083969" lon="27.2838996">
        <ele>248</ele>
        <time>2025-06-21T15:07:16Z</time>
        <hdop>2</hdop>
      </trkpt>
      <trkpt lat="54.0083969" lon="27.2838996">
        <ele>248</ele>
        <time>2025-06-21T15:07:26Z</time>
        <hdop>1.5</hdop>
      </trkpt>
      <trkpt lat="54.0083969" lon="27.2838996">
        <ele>248</ele>
        <time>2025-06-21T15:07:36Z</time>
        <hdop>1.5</hdop>
      </trkpt>
      <trkpt lat="54.0083969" lon="27.2838996">
        <ele>248</ele>
        <time>2025-06-21T15:07:46Z</time>
        <hdop>1.5</hdop>
      </trkpt>
      <trkpt lat="54.0083803" lon="27.2838085">
        <ele>246</ele>
        <time>2025-06-21T15:07:57Z</time>
        <hdop>1.5</hdop>
        <extensions>
          <speed>0.38</speed>
        </extensions>
      </trkpt>
      <trkpt lat="54.0081519" lon="27.283784">
        <ele>242</ele>
        <time>2025-06-21T15:08:07Z</time>
        <hdop>1.5</hdop>
        <extensions>
          <speed>5.04</speed>
        </extensions>
      </trkpt>
      <trkpt lat="54.0076683" lon="27.2840013">
        <ele>245</ele>
        <time>2025-06-21T15:08:18Z</time>
        <hdop>1.5</hdop>
        <extensions>
          <speed>4.98</speed>
        </extensions>
      </trkpt>
      <trkpt lat="54.0071731" lon="27.2839106">
        <ele>244</ele>
        <time>2025-06-21T15:08:29Z</time>
        <hdop>1.5</hdop>
        <extensions>
          <speed>5.05</speed>
        </extensions>
      </trkpt>
      <trkpt lat="54.006858" lon="27.2836293">
        <ele>242</ele>
        <time>2025-06-21T15:08:39Z</time>
        <hdop>2</hdop>
        <extensions>
          <speed>1.91</speed>
        </extensions>
      </trkpt>
      <trkpt lat="54.0069285" lon="27.2829885">
        <ele>243</ele>
        <time>2025-06-21T15:08:50Z</time>
        <hdop>2</hdop>
        <extensions>
          <speed>4.11</speed>
        </extensions>
      </trkpt>
      <trkpt lat="54.0071393" lon="27.2822944">
        <ele>247</ele>
        <time>2025-06-21T15:09:00Z</time>
        <hdop>1.5</hdop>
        <extensions>
          <speed>4.67</speed>
        </extensions>
      </trkpt>
      <trkpt lat="54.0073201" lon="27.2815878">
        <ele>248</ele>
        <time>2025-06-21T15:09:10Z</time>
        <hdop>1.5</hdop>
        <extensions>
          <speed>4.94</speed>
        </extensions>
      </trkpt>
      <trkpt lat="54.0074915" lon="27.280943">
        <ele>248</ele>
        <time>2025-06-21T15:09:21Z</time>
        <hdop>1.5</hdop>
        <extensions>
          <speed>3.78</speed>
        </extensions>
      </trkpt>
      <trkpt lat="54.0076551" lon="27.2801619">
        <ele>251</ele>
        <time>2025-06-21T15:09:32Z</time>
        <hdop>1.5</hdop>
        <extensions>
          <speed>5.44</speed>
        </extensions>
      </trkpt>
      <trkpt lat="54.0079214" lon="27.2793082">
        <ele>250</ele>
        <time>2025-06-21T15:09:43Z</time>
        <hdop>1</hdop>
        <extensions>
          <speed>5.3</speed>
        </extensions>
      </trkpt>
      <trkpt lat="54.0081628" lon="27.2784178">
        <ele>247</ele>
        <time>2025-06-21T15:09:53Z</time>
        <hdop>1</hdop>
        <extensions>
          <speed>7.28</speed>
        </extensions>
      </trkpt>
      <trkpt lat="54.008462" lon="27.2772495">
        <ele>246</ele>
        <time>2025-06-21T15:10:04Z</time>
        <hdop>1</hdop>
        <extensions>
          <speed>7.45</speed>
        </extensions>
      </trkpt>
      <trkpt lat="54.0086393" lon="27.2763088">
        <ele>249</ele>
        <time>2025-06-21T15:10:14Z</time>
        <hdop>1.5</hdop>
        <extensions>
          <speed>6.38</speed>
        </extensions>
      </trkpt>
      <trkpt lat="54.0090201" lon="27.2755138">
        <ele>249</ele>
        <time>2025-06-21T15:10:24Z</time>
        <hdop>1.5</hdop>
        <extensions>
          <speed>6.4</speed>
        </extensions>
      </trkpt>
      <trkpt lat="54.0094234" lon="27.2747288">
        <ele>245</ele>
        <time>2025-06-21T15:10:35Z</time>
        <hdop>1</hdop>
        <extensions>
          <speed>6.49</speed>
        </extensions>
      </trkpt>
      <trkpt lat="54.0097885" lon="27.2738741">
        <ele>245</ele>
        <time>2025-06-21T15:10:46Z</time>
        <hdop>1.5</hdop>
        <extensions>
          <speed>5.98</speed>
        </extensions>
      </trkpt>
      <trkpt lat="54.0100529" lon="27.2735493">
        <ele>246</ele>
        <time>2025-06-21T15:10:57Z</time>
        <hdop>2</hdop>
        <extensions>
          <speed>1.52</speed>
        </extensions>
      </trkpt>
      <trkpt lat="54.0100665" lon="27.2735547">
        <ele>247</ele>
        <time>2025-06-21T15:11:07Z</time>
        <hdop>2.5</hdop>
      </trkpt>
      <trkpt lat="54.0100665" lon="27.2735547">
        <ele>247</ele>
        <time>2025-06-21T15:11:18Z</time>
        <hdop>2</hdop>
      </trkpt>
      <trkpt lat="54.010087" lon="27.2733804">
        <ele>246</ele>
        <time>2025-06-21T15:11:28Z</time>
        <hdop>3</hdop>
        <extensions>
          <speed>2.92</speed>
        </extensions>
      </trkpt>
      <trkpt lat="54.0102725" lon="27.2725906">
        <ele>248</ele>
        <time>2025-06-21T15:11:39Z</time>
        <hdop>1.5</hdop>
        <extensions>
          <speed>4.08</speed>
        </extensions>
      </trkpt>
      <trkpt lat="54.0105258" lon="27.2717282">
        <ele>250</ele>
        <time>2025-06-21T15:11:50Z</time>
        <hdop>2</hdop>
        <extensions>
          <speed>6.33</speed>
        </extensions>
      </trkpt>
      <trkpt lat="54.0107403" lon="27.2709057">
        <ele>251</ele>
        <time>2025-06-21T15:12:00Z</time>
        <hdop>2</hdop>
        <extensions>
          <speed>5.34</speed>
        </extensions>
      </trkpt>
      <trkpt lat="54.0109035" lon="27.2701709">
        <ele>256</ele>
        <time>2025-06-21T15:12:10Z</time>
        <hdop>2</hdop>
        <extensions>
          <speed>5.25</speed>
        </extensions>
      </trkpt>
      <trkpt lat="54.0111059" lon="27.2694502">
        <ele>260</ele>
        <time>2025-06-21T15:12:20Z</time>
        <hdop>2</hdop>
        <extensions>
          <speed>4.59</speed>
        </extensions>
      </trkpt>
      <trkpt lat="54.0112535" lon="27.268652">
        <ele>261</ele>
        <time>2025-06-21T15:12:31Z</time>
        <hdop>3</hdop>
        <extensions>
          <speed>3.19</speed>
        </extensions>
      </trkpt>
      <trkpt lat="54.0114519" lon="27.2678264">
        <ele>265</ele>
        <time>2025-06-21T15:12:42Z</time>
        <hdop>2</hdop>
        <extensions>
          <speed>4.39</speed>
        </extensions>
      </trkpt>
      <trkpt lat="54.0116176" lon="27.2670859">
        <ele>267</ele>
        <time>2025-06-21T15:12:52Z</time>
        <hdop>2.5</hdop>
        <extensions>
          <speed>4.25</speed>
        </extensions>
      </trkpt>
      <trkpt lat="54.0117714" lon="27.2663785">
        <ele>275</ele>
        <time>2025-06-21T15:13:02Z</time>
        <hdop>2.5</hdop>
        <extensions>
          <speed>4.12</speed>
        </extensions>
      </trkpt>
      <trkpt lat="54.0120267" lon="27.2656473">
        <ele>276</ele>
        <time>2025-06-21T15:13:13Z</time>
        <hdop>2</hdop>
        <extensions>
          <speed>3.95</speed>
        </extensions>
      </trkpt>
      <trkpt lat="54.0123667" lon="27.2649478">
        <ele>266</ele>
        <time>2025-06-21T15:13:24Z</time>
        <hdop>1.5</hdop>
        <extensions>
          <speed>5.28</speed>
        </extensions>
      </trkpt>
      <trkpt lat="54.0126178" lon="27.2641246">
        <ele>264</ele>
        <time>2025-06-21T15:13:34Z</time>
        <hdop>1</hdop>
        <extensions>
          <speed>6.06</speed>
        </extensions>
      </trkpt>
      <trkpt lat="54.0128847" lon="27.2631083">
        <ele>258</ele>
        <time>2025-06-21T15:13:45Z</time>
        <hdop>1.5</hdop>
        <extensions>
          <speed>6.24</speed>
        </extensions>
      </trkpt>
      <trkpt lat="54.0129833" lon="27.2625461">
        <ele>257</ele>
        <time>2025-06-21T15:13:56Z</time>
        <hdop>2</hdop>
        <extensions>
          <speed>2.05</speed>
        </extensions>
      </trkpt>
      <trkpt lat="54.013084" lon="27.2618661">
        <ele>257</ele>
        <time>2025-06-21T15:14:06Z</time>
        <hdop>1.5</hdop>
        <extensions>
          <speed>4.68</speed>
        </extensions>
      </trkpt>
      <trkpt lat="54.0130069" lon="27.2614403">
        <ele>254</ele>
        <time>2025-06-21T15:14:17Z</time>
        <hdop>2</hdop>
        <extensions>
          <speed>3.15</speed>
        </extensions>
      </trkpt>
      <trkpt lat="54.0132673" lon="27.2607283">
        <ele>257</ele>
        <time>2025-06-21T15:14:27Z</time>
        <hdop>2</hdop>
        <extensions>
          <speed>4.85</speed>
        </extensions>
      </trkpt>
      <trkpt lat="54.0135213" lon="27.2601054">
        <ele>266</ele>
        <time>2025-06-21T15:14:38Z</time>
        <hdop>2</hdop>
        <extensions>
          <speed>4.28</speed>
        </extensions>
      </trkpt>
      <trkpt lat="54.0138154" lon="27.2591554">
        <ele>268</ele>
        <time>2025-06-21T15:14:49Z</time>
        <hdop>2</hdop>
        <extensions>
          <speed>5.5</speed>
        </extensions>
      </trkpt>
      <trkpt lat="54.0140597" lon="27.2584375">
        <ele>269</ele>
        <time>2025-06-21T15:15:00Z</time>
        <hdop>1.5</hdop>
        <extensions>
          <speed>3.44</speed>
        </extensions>
      </trkpt>
      <trkpt lat="54.0141781" lon="27.2579446">
        <ele>262</ele>
        <time>2025-06-21T15:15:10Z</time>
        <hdop>3</hdop>
        <extensions>
          <speed>1.38</speed>
        </extensions>
      </trkpt>
      <trkpt lat="54.0142106" lon="27.2578402">
        <ele>257</ele>
        <time>2025-06-21T15:15:21Z</time>
        <hdop>2.5</hdop>
      </trkpt>
      <trkpt lat="54.0142106" lon="27.2578402">
        <ele>257</ele>
        <time>2025-06-21T15:15:32Z</time>
        <hdop>2</hdop>
      </trkpt>
      <trkpt lat="54.0143336" lon="27.2572769">
        <ele>254</ele>
        <time>2025-06-21T15:15:42Z</time>
        <hdop>1.5</hdop>
        <extensions>
          <speed>3.99</speed>
        </extensions>
      </trkpt>
      <trkpt lat="54.0144815" lon="27.2568829">
        <ele>256</ele>
        <time>2025-06-21T15:15:52Z</time>
        <hdop>2</hdop>
        <extensions>
          <speed>1.65</speed>
        </extensions>
      </trkpt>
      <trkpt lat="54.0146119" lon="27.2564576">
        <ele>254</ele>
        <time>2025-06-21T15:16:03Z</time>
        <hdop>2</hdop>
        <extensions>
          <speed>3.48</speed>
        </extensions>
      </trkpt>
      <trkpt lat="54.0147366" lon="27.2561632">
        <ele>254</ele>
        <time>2025-06-21T15:16:14Z</time>
        <hdop>2</hdop>
        <extensions>
          <speed>0.28</speed>
        </extensions>
      </trkpt>
      <trkpt lat="54.0147322" lon="27.2561592">
        <ele>256</ele>
        <time>2025-06-21T15:16:24Z</time>
        <hdop>2</hdop>
      </trkpt>
      <trkpt lat="54.0147517" lon="27.2561494">
        <ele>256</ele>
        <time>2025-06-21T15:16:34Z</time>
        <hdop>2</hdop>
      </trkpt>
      <trkpt lat="54.0147387" lon="27.2561431">
        <ele>256</ele>
        <time>2025-06-21T15:16:44Z</time>
        <hdop>2.5</hdop>
      </trkpt>
      <trkpt lat="54.0147431" lon="27.2561421">
        <ele>255</ele>
        <time>2025-06-21T15:16:55Z</time>
        <hdop>2.5</hdop>
        <extensions>
          <speed>0.77</speed>
        </extensions>
      </trkpt>
      <trkpt lat="54.0147454" lon="27.2561344">
        <ele>256</ele>
        <time>2025-06-21T15:17:05Z</time>
        <hdop>2</hdop>
      </trkpt>
      <trkpt lat="54.0147524" lon="27.2561415">
        <ele>255</ele>
        <time>2025-06-21T15:17:16Z</time>
        <hdop>2</hdop>
      </trkpt>
      <trkpt lat="54.0147524" lon="27.2561415">
        <ele>255</ele>
        <time>2025-06-21T15:17:26Z</time>
        <hdop>2</hdop>
      </trkpt>
      <trkpt lat="54.0147524" lon="27.2561415">
        <ele>255</ele>
        <time>2025-06-21T15:17:37Z</time>
        <hdop>2</hdop>
      </trkpt>
      <trkpt lat="54.0147569" lon="27.2561563">
        <ele>255</ele>
        <time>2025-06-21T15:17:47Z</time>
        <hdop>2</hdop>
      </trkpt>
      <trkpt lat="54.0147569" lon="27.2561563">
        <ele>255</ele>
        <time>2025-06-21T15:17:58Z</time>
        <hdop>2</hdop>
      </trkpt>
      <trkpt lat="54.0147569" lon="27.2561563">
        <ele>255</ele>
        <time>2025-06-21T15:18:08Z</time>
        <hdop>2</hdop>
      </trkpt>
      <trkpt lat="54.0147569" lon="27.2561563">
        <ele>255</ele>
        <time>2025-06-21T15:18:18Z</time>
        <hdop>2</hdop>
      </trkpt>
      <trkpt lat="54.0147592" lon="27.2561004">
        <ele>256</ele>
        <time>2025-06-21T15:18:29Z</time>
        <hdop>2</hdop>
        <extensions>
          <speed>0.19</speed>
        </extensions>
      </trkpt>
      <trkpt lat="54.0147545" lon="27.2561319">
        <ele>255</ele>
        <time>2025-06-21T15:18:39Z</time>
        <hdop>2.5</hdop>
        <extensions>
          <speed>0.18</speed>
        </extensions>
      </trkpt>
      <trkpt lat="54.0147711" lon="27.2561169">
        <ele>257</ele>
        <time>2025-06-21T15:18:50Z</time>
        <hdop>2.5</hdop>
        <extensions>
          <speed>0.6</speed>
        </extensions>
      </trkpt>
      <trkpt lat="54.0147907" lon="27.2561592">
        <ele>256</ele>
        <time>2025-06-21T15:19:01Z</time>
        <hdop>2.5</hdop>
      </trkpt>
      <trkpt lat="54.0148056" lon="27.2561271">
        <ele>256</ele>
        <time>2025-06-21T15:19:11Z</time>
        <hdop>2.5</hdop>
        <extensions>
          <speed>0.86</speed>
        </extensions>
      </trkpt>
      <trkpt lat="54.0147012" lon="27.2561228">
        <ele>257</ele>
        <time>2025-06-21T15:19:21Z</time>
        <hdop>2.5</hdop>
        <extensions>
          <speed>1.41</speed>
        </extensions>
      </trkpt>
      <trkpt lat="54.0145883" lon="27.2561816">
        <ele>258</ele>
        <time>2025-06-21T15:19:32Z</time>
        <hdop>2</hdop>
      </trkpt>
    </trkseg>
  </trk>
</gpx>