<?xml version='1.0' encoding='UTF-8' standalone='yes' ?>
<gpx version="1.1" creator="OsmAnd~ 5.3.10" xmlns="http://www.topografix.com/GPX/1/1" xmlns:osmand="https://osmand.net/docs/technical/osmand-file-formats/osmand-gpx" xmlns:gpxtpx="https://www8.garmin.com/xmlschemas/TrackPointExtensionv1.xsd" xmlns:xsi="http://www.w3.org/2001/XMLSchema-instance" xsi:schemaLocation="http://www.topografix.com/GPX/1/1 https://www.topografix.com/GPX/1/1/gpx.xsd">
  <metadata>
    <name>2026-06-27_10-55_Sat</name>
    <time>2026-06-27T13:59:45Z</time>
    <extensions>
      <osmand:activity>walking</osmand:activity>
    </extensions>
  </metadata>
  <trk>
    <trkseg>
      <trkpt lat="53.6786765" lon="23.7974666">
        <ele>138</ele>
        <time>2026-06-27T07:55:40Z</time>
        <hdop>28.5</hdop>
        <extensions>
          <osmand:speed>0.3</osmand:speed>
        </extensions>
      </trkpt>
      <trkpt lat="53.6788065" lon="23.7970697">
        <ele>228</ele>
        <time>2026-06-27T07:56:06Z</time>
        <hdop>7.5</hdop>
        <extensions>
          <osmand:speed>0.2</osmand:speed>
        </extensions>
      </trkpt>
      <trkpt lat="53.6786839" lon="23.7973547">
        <ele>182</ele>
        <time>2026-06-27T07:56:31Z</time>
        <hdop>5.5</hdop>
      </trkpt>
      <trkpt lat="53.6786626" lon="23.7973712">
        <ele>173</ele>
        <time>2026-06-27T07:56:42Z</time>
        <hdop>5.5</hdop>
      </trkpt>
      <trkpt lat="53.6786449" lon="23.7973912">
        <ele>175</ele>
        <time>2026-06-27T07:56:56Z</time>
        <hdop>5.5</hdop>
      </trkpt>
      <trkpt lat="53.6786344" lon="23.7974965">
        <ele>160</ele>
        <time>2026-06-27T07:57:07Z</time>
        <hdop>5</hdop>
      </trkpt>
      <trkpt lat="53.6786375" lon="23.7975519">
        <ele>155</ele>
        <time>2026-06-27T07:57:18Z</time>
        <hdop>4</hdop>
        <extensions>
          <osmand:speed>0.1</osmand:speed>
        </extensions>
      </trkpt>
      <trkpt lat="53.6786383" lon="23.797521">
        <ele>153</ele>
        <time>2026-06-27T07:57:29Z</time>
        <hdop>3.5</hdop>
      </trkpt>
      <trkpt lat="53.6786383" lon="23.797521">
        <ele>153</ele>
        <time>2026-06-27T07:57:40Z</time>
        <hdop>3.5</hdop>
      </trkpt>
      <trkpt lat="53.6786014" lon="23.797538">
        <ele>149</ele>
        <time>2026-06-27T07:57:51Z</time>
        <hdop>4</hdop>
      </trkpt>
      <trkpt lat="53.6786031" lon="23.7975557">
        <ele>148</ele>
        <time>2026-06-27T07:58:02Z</time>
        <hdop>4.5</hdop>
        <extensions>
          <osmand:speed>0.1</osmand:speed>
        </extensions>
      </trkpt>
      <trkpt lat="53.6785506" lon="23.7975271">
        <ele>143</ele>
        <time>2026-06-27T07:58:13Z</time>
        <hdop>4.5</hdop>
      </trkpt>
      <trkpt lat="53.6785506" lon="23.7975271">
        <ele>143</ele>
        <time>2026-06-27T07:58:24Z</time>
        <hdop>4</hdop>
      </trkpt>
      <trkpt lat="53.6785396" lon="23.7975158">
        <ele>143</ele>
        <time>2026-06-27T07:58:35Z</time>
        <hdop>5</hdop>
      </trkpt>
      <trkpt lat="53.6785024" lon="23.7974706">
        <ele>145</ele>
        <time>2026-06-27T07:58:46Z</time>
        <hdop>4</hdop>
      </trkpt>
      <trkpt lat="53.6785297" lon="23.7975628">
        <ele>149</ele>
        <time>2026-06-27T07:58:57Z</time>
        <hdop>4.5</hdop>
      </trkpt>
      <trkpt lat="53.6785358" lon="23.7975664">
        <ele>149</ele>
        <time>2026-06-27T07:59:08Z</time>
        <hdop>5</hdop>
        <extensions>
          <osmand:speed>0.4</osmand:speed>
        </extensions>
      </trkpt>
      <trkpt lat="53.6785365" lon="23.7975785">
        <ele>149</ele>
        <time>2026-06-27T07:59:19Z</time>
        <hdop>6.5</hdop>
        <extensions>
          <osmand:speed>0.2</osmand:speed>
        </extensions>
      </trkpt>
      <trkpt lat="53.6785571" lon="23.7975696">
        <ele>147</ele>
        <time>2026-06-27T07:59:30Z</time>
        <hdop>6</hdop>
      </trkpt>
      <trkpt lat="53.6785623" lon="23.7975739">
        <ele>145</ele>
        <time>2026-06-27T07:59:41Z</time>
        <hdop>4.5</hdop>
      </trkpt>
      <trkpt lat="53.6785813" lon="23.7976069">
        <ele>145</ele>
        <time>2026-06-27T07:59:52Z</time>
        <hdop>4</hdop>
        <extensions>
          <osmand:speed>0.5</osmand:speed>
        </extensions>
      </trkpt>
      <trkpt lat="53.6786007" lon="23.7976558">
        <ele>144</ele>
        <time>2026-06-27T08:00:03Z</time>
        <hdop>6</hdop>
        <extensions>
          <osmand:speed>0.5</osmand:speed>
        </extensions>
      </trkpt>
      <trkpt lat="53.678604" lon="23.7976092">
        <ele>144</ele>
        <time>2026-06-27T08:00:14Z</time>
        <hdop>5</hdop>
      </trkpt>
      <trkpt lat="53.6786383" lon="23.797666">
        <ele>144</ele>
        <time>2026-06-27T08:00:25Z</time>
        <hdop>4.5</hdop>
      </trkpt>
      <trkpt lat="53.6787077" lon="23.7977146">
        <ele>146</ele>
        <time>2026-06-27T08:00:36Z</time>
        <hdop>5</hdop>
      </trkpt>
      <trkpt lat="53.678779" lon="23.7976227">
        <ele>145</ele>
        <time>2026-06-27T08:00:47Z</time>
        <hdop>6</hdop>
        <extensions>
          <osmand:speed>0.9</osmand:speed>
        </extensions>
      </trkpt>
      <trkpt lat="53.6789058" lon="23.797719">
        <ele>145</ele>
        <time>2026-06-27T08:00:58Z</time>
        <hdop>7.5</hdop>
        <extensions>
          <osmand:speed>1.6</osmand:speed>
        </extensions>
      </trkpt>
      <trkpt lat="53.6790835" lon="23.7979109">
        <ele>145</ele>
        <time>2026-06-27T08:01:09Z</time>
        <hdop>7</hdop>
        <extensions>
          <osmand:speed>0.3</osmand:speed>
        </extensions>
      </trkpt>
      <trkpt lat="53.679329" lon="23.7981054">
        <ele>142</ele>
        <time>2026-06-27T08:01:20Z</time>
        <hdop>6.5</hdop>
        <extensions>
          <osmand:speed>1.9</osmand:speed>
        </extensions>
      </trkpt>
      <trkpt lat="53.6795841" lon="23.7982794">
        <ele>140</ele>
        <time>2026-06-27T08:01:31Z</time>
        <hdop>6.5</hdop>
        <extensions>
          <osmand:speed>1.3</osmand:speed>
        </extensions>
      </trkpt>
      <trkpt lat="53.6797796" lon="23.7983553">
        <ele>140</ele>
        <time>2026-06-27T08:01:42Z</time>
        <hdop>9.5</hdop>
        <extensions>
          <osmand:speed>0.6</osmand:speed>
        </extensions>
      </trkpt>
      <trkpt lat="53.6798061" lon="23.7985606">
        <ele>139</ele>
        <time>2026-06-27T08:01:53Z</time>
        <hdop>7</hdop>
        <extensions>
          <osmand:speed>0.7</osmand:speed>
        </extensions>
      </trkpt>
      <trkpt lat="53.6798725" lon="23.7989046">
        <ele>138</ele>
        <time>2026-06-27T08:02:04Z</time>
        <hdop>7.5</hdop>
        <extensions>
          <osmand:speed>0.9</osmand:speed>
        </extensions>
      </trkpt>
      <trkpt lat="53.6799093" lon="23.7991965">
        <ele>138</ele>
        <time>2026-06-27T08:02:15Z</time>
        <hdop>8.5</hdop>
        <extensions>
          <osmand:speed>0.7</osmand:speed>
        </extensions>
      </trkpt>
      <trkpt lat="53.6799719" lon="23.7994392">
        <ele>137</ele>
        <time>2026-06-27T08:02:26Z</time>
        <hdop>8</hdop>
        <extensions>
          <osmand:speed>0.9</osmand:speed>
        </extensions>
      </trkpt>
      <trkpt lat="53.680028" lon="23.7998514">
        <ele>137</ele>
        <time>2026-06-27T08:02:37Z</time>
        <hdop>7.5</hdop>
        <extensions>
          <osmand:speed>1.1</osmand:speed>
        </extensions>
      </trkpt>
      <trkpt lat="53.6799766" lon="23.800059">
        <ele>132</ele>
        <time>2026-06-27T08:02:48Z</time>
        <hdop>4.5</hdop>
        <extensions>
          <osmand:speed>0.2</osmand:speed>
        </extensions>
      </trkpt>
      <trkpt lat="53.6800299" lon="23.8003299">
        <ele>133</ele>
        <time>2026-06-27T08:02:59Z</time>
        <hdop>5.5</hdop>
        <extensions>
          <osmand:speed>2.5</osmand:speed>
        </extensions>
      </trkpt>
      <trkpt lat="53.6799631" lon="23.8006562">
        <ele>134</ele>
        <time>2026-06-27T08:03:10Z</time>
        <hdop>5</hdop>
        <extensions>
          <osmand:speed>1.5</osmand:speed>
        </extensions>
      </trkpt>
      <trkpt lat="53.680059" lon="23.8011885">
        <ele>134</ele>
        <time>2026-06-27T08:03:21Z</time>
        <hdop>7</hdop>
        <extensions>
          <osmand:speed>3.7</osmand:speed>
        </extensions>
      </trkpt>
      <trkpt lat="53.680042" lon="23.8016091">
        <ele>128</ele>
        <time>2026-06-27T08:03:32Z</time>
        <hdop>9</hdop>
        <extensions>
          <osmand:speed>0.5</osmand:speed>
        </extensions>
      </trkpt>
      <trkpt lat="53.6798982" lon="23.8017414">
        <ele>128</ele>
        <time>2026-06-27T08:03:43Z</time>
        <hdop>10</hdop>
        <extensions>
          <osmand:speed>1</osmand:speed>
        </extensions>
      </trkpt>
      <trkpt lat="53.6798517" lon="23.8019546">
        <ele>123</ele>
        <time>2026-06-27T08:03:54Z</time>
        <hdop>9.5</hdop>
        <extensions>
          <osmand:speed>0.6</osmand:speed>
        </extensions>
      </trkpt>
      <trkpt lat="53.6798448" lon="23.8021239">
        <ele>123</ele>
        <time>2026-06-27T08:04:05Z</time>
        <hdop>8</hdop>
        <extensions>
          <osmand:speed>1.6</osmand:speed>
        </extensions>
      </trkpt>
      <trkpt lat="53.6797326" lon="23.8023838">
        <ele>122</ele>
        <time>2026-06-27T08:04:16Z</time>
        <hdop>9.5</hdop>
        <extensions>
          <osmand:speed>0.3</osmand:speed>
        </extensions>
      </trkpt>
      <trkpt lat="53.6796349" lon="23.8026291">
        <ele>126</ele>
        <time>2026-06-27T08:04:27Z</time>
        <hdop>8.5</hdop>
        <extensions>
          <osmand:speed>1.1</osmand:speed>
        </extensions>
      </trkpt>
      <trkpt lat="53.6795857" lon="23.8028737">
        <ele>126</ele>
        <time>2026-06-27T08:04:38Z</time>
        <hdop>7</hdop>
        <extensions>
          <osmand:speed>0.7</osmand:speed>
        </extensions>
      </trkpt>
      <trkpt lat="53.679765" lon="23.8032383">
        <ele>121</ele>
        <time>2026-06-27T08:04:49Z</time>
        <hdop>7</hdop>
        <extensions>
          <osmand:speed>2</osmand:speed>
        </extensions>
      </trkpt>
      <trkpt lat="53.6798643" lon="23.8030041">
        <ele>122</ele>
        <time>2026-06-27T08:05:00Z</time>
        <hdop>8.5</hdop>
        <extensions>
          <osmand:speed>1.7</osmand:speed>
        </extensions>
      </trkpt>
      <trkpt lat="53.6800458" lon="23.8029901">
        <ele>124</ele>
        <time>2026-06-27T08:05:11Z</time>
        <hdop>6</hdop>
        <extensions>
          <osmand:speed>1.4</osmand:speed>
        </extensions>
      </trkpt>
      <trkpt lat="53.6801583" lon="23.8029015">
        <ele>126</ele>
        <time>2026-06-27T08:05:22Z</time>
        <hdop>5</hdop>
        <extensions>
          <osmand:speed>1.2</osmand:speed>
        </extensions>
      </trkpt>
      <trkpt lat="53.6802409" lon="23.8028215">
        <ele>126</ele>
        <time>2026-06-27T08:05:33Z</time>
        <hdop>5</hdop>
        <extensions>
          <osmand:speed>1.3</osmand:speed>
        </extensions>
      </trkpt>
      <trkpt lat="53.6801256" lon="23.8028335">
        <ele>126</ele>
        <time>2026-06-27T08:05:44Z</time>
        <hdop>4.5</hdop>
        <extensions>
          <osmand:speed>0.7</osmand:speed>
        </extensions>
      </trkpt>
      <trkpt lat="53.6800447" lon="23.8029403">
        <ele>127</ele>
        <time>2026-06-27T08:05:55Z</time>
        <hdop>4</hdop>
        <extensions>
          <osmand:speed>1.4</osmand:speed>
        </extensions>
      </trkpt>
      <trkpt lat="53.6799055" lon="23.803048">
        <ele>127</ele>
        <time>2026-06-27T08:06:06Z</time>
        <hdop>6</hdop>
        <extensions>
          <osmand:speed>1.9</osmand:speed>
        </extensions>
      </trkpt>
      <trkpt lat="53.679811" lon="23.8033227">
        <ele>126</ele>
        <time>2026-06-27T08:06:17Z</time>
        <hdop>6</hdop>
        <extensions>
          <osmand:speed>1.1</osmand:speed>
        </extensions>
      </trkpt>
      <trkpt lat="53.6796148" lon="23.8032678">
        <ele>124</ele>
        <time>2026-06-27T08:06:28Z</time>
        <hdop>8.5</hdop>
        <extensions>
          <osmand:speed>0.5</osmand:speed>
        </extensions>
      </trkpt>
      <trkpt lat="53.6794329" lon="23.8032696">
        <ele>124</ele>
        <time>2026-06-27T08:06:39Z</time>
        <hdop>10</hdop>
        <extensions>
          <osmand:speed>0.5</osmand:speed>
        </extensions>
      </trkpt>
      <trkpt lat="53.6793314" lon="23.8034693">
        <ele>122</ele>
        <time>2026-06-27T08:06:50Z</time>
        <hdop>9.5</hdop>
        <extensions>
          <osmand:speed>1.8</osmand:speed>
        </extensions>
      </trkpt>
      <trkpt lat="53.6792701" lon="23.8038106">
        <ele>118</ele>
        <time>2026-06-27T08:07:01Z</time>
        <hdop>8.5</hdop>
        <extensions>
          <osmand:speed>0.7</osmand:speed>
        </extensions>
      </trkpt>
      <trkpt lat="53.6791369" lon="23.8041349">
        <ele>114</ele>
        <time>2026-06-27T08:07:12Z</time>
        <hdop>9</hdop>
        <extensions>
          <osmand:speed>0.6</osmand:speed>
        </extensions>
      </trkpt>
      <trkpt lat="53.6790037" lon="23.8044411">
        <ele>110</ele>
        <time>2026-06-27T08:07:23Z</time>
        <hdop>8</hdop>
        <extensions>
          <osmand:speed>2.4</osmand:speed>
        </extensions>
      </trkpt>
      <trkpt lat="53.6786441" lon="23.8047881">
        <ele>112</ele>
        <time>2026-06-27T08:07:34Z</time>
        <hdop>6.5</hdop>
        <extensions>
          <osmand:speed>2.6</osmand:speed>
        </extensions>
      </trkpt>
      <trkpt lat="53.6785364" lon="23.8052275">
        <ele>115</ele>
        <time>2026-06-27T08:07:45Z</time>
        <hdop>7</hdop>
        <extensions>
          <osmand:speed>0.7</osmand:speed>
        </extensions>
      </trkpt>
      <trkpt lat="53.6783243" lon="23.8052992">
        <ele>115</ele>
        <time>2026-06-27T08:07:56Z</time>
        <hdop>9.5</hdop>
        <extensions>
          <osmand:speed>1.4</osmand:speed>
        </extensions>
      </trkpt>
      <trkpt lat="53.678227" lon="23.8054237">
        <ele>116</ele>
        <time>2026-06-27T08:08:07Z</time>
        <hdop>10</hdop>
        <extensions>
          <osmand:speed>0.7</osmand:speed>
        </extensions>
      </trkpt>
      <trkpt lat="53.6781324" lon="23.8053454">
        <ele>112</ele>
        <time>2026-06-27T08:08:18Z</time>
        <hdop>11</hdop>
        <extensions>
          <osmand:speed>0.2</osmand:speed>
        </extensions>
      </trkpt>
      <trkpt lat="53.6780825" lon="23.8054831">
        <ele>103</ele>
        <time>2026-06-27T08:08:29Z</time>
        <hdop>19.5</hdop>
        <extensions>
          <osmand:speed>0.7</osmand:speed>
        </extensions>
      </trkpt>
      <trkpt lat="53.6776847" lon="23.8044913">
        <ele>40</ele>
        <time>2026-06-27T08:09:12Z</time>
        <hdop>25</hdop>
        <extensions>
          <osmand:speed>0.7</osmand:speed>
        </extensions>
      </trkpt>
      <trkpt lat="53.677934" lon="23.8050912">
        <ele>86</ele>
        <time>2026-06-27T08:09:23Z</time>
        <hdop>17</hdop>
        <extensions>
          <osmand:speed>1.1</osmand:speed>
        </extensions>
      </trkpt>
      <trkpt lat="53.6780784" lon="23.8053308">
        <ele>111</ele>
        <time>2026-06-27T08:09:35Z</time>
        <hdop>19.5</hdop>
        <extensions>
          <osmand:speed>1.2</osmand:speed>
        </extensions>
      </trkpt>
      <trkpt lat="53.6781231" lon="23.8054106">
        <ele>115</ele>
        <time>2026-06-27T08:09:46Z</time>
        <hdop>23.5</hdop>
        <extensions>
          <osmand:speed>0.9</osmand:speed>
        </extensions>
      </trkpt>
      <trkpt lat="53.678074" lon="23.8053716">
        <ele>100</ele>
        <time>2026-06-27T08:09:57Z</time>
        <hdop>25.5</hdop>
        <extensions>
          <osmand:speed>0.3</osmand:speed>
        </extensions>
      </trkpt>
      <trkpt lat="53.6780926" lon="23.8053694">
        <ele>84</ele>
        <time>2026-06-27T08:10:08Z</time>
        <hdop>23</hdop>
        <extensions>
          <osmand:speed>1.2</osmand:speed>
        </extensions>
      </trkpt>
      <trkpt lat="53.6784433" lon="23.8052663">
        <ele>106</ele>
        <time>2026-06-27T08:10:19Z</time>
        <hdop>8.5</hdop>
        <extensions>
          <osmand:speed>3.5</osmand:speed>
        </extensions>
      </trkpt>
      <trkpt lat="53.6786507" lon="23.8050065">
        <ele>115</ele>
        <time>2026-06-27T08:10:30Z</time>
        <hdop>6</hdop>
        <extensions>
          <osmand:speed>2.3</osmand:speed>
        </extensions>
      </trkpt>
      <trkpt lat="53.6788231" lon="23.8047509">
        <ele>123</ele>
        <time>2026-06-27T08:10:41Z</time>
        <hdop>6.5</hdop>
        <extensions>
          <osmand:speed>0.5</osmand:speed>
        </extensions>
      </trkpt>
      <trkpt lat="53.6789406" lon="23.8045242">
        <ele>128</ele>
        <time>2026-06-27T08:10:52Z</time>
        <hdop>6.5</hdop>
        <extensions>
          <osmand:speed>1</osmand:speed>
        </extensions>
      </trkpt>
      <trkpt lat="53.6790594" lon="23.8042101">
        <ele>132</ele>
        <time>2026-06-27T08:11:03Z</time>
        <hdop>5.5</hdop>
        <extensions>
          <osmand:speed>1.4</osmand:speed>
        </extensions>
      </trkpt>
      <trkpt lat="53.679174" lon="23.8037442">
        <ele>139</ele>
        <time>2026-06-27T08:11:14Z</time>
        <hdop>6.5</hdop>
        <extensions>
          <osmand:speed>1.6</osmand:speed>
        </extensions>
      </trkpt>
      <trkpt lat="53.6792656" lon="23.8033788">
        <ele>142</ele>
        <time>2026-06-27T08:11:25Z</time>
        <hdop>6</hdop>
        <extensions>
          <osmand:speed>0.7</osmand:speed>
        </extensions>
      </trkpt>
      <trkpt lat="53.6793058" lon="23.8030036">
        <ele>147</ele>
        <time>2026-06-27T08:11:36Z</time>
        <hdop>6</hdop>
        <extensions>
          <osmand:speed>1.1</osmand:speed>
        </extensions>
      </trkpt>
      <trkpt lat="53.6793825" lon="23.8025531">
        <ele>151</ele>
        <time>2026-06-27T08:11:47Z</time>
        <hdop>6.5</hdop>
        <extensions>
          <osmand:speed>2.1</osmand:speed>
        </extensions>
      </trkpt>
      <trkpt lat="53.6794982" lon="23.80208">
        <ele>151</ele>
        <time>2026-06-27T08:11:58Z</time>
        <hdop>6.5</hdop>
        <extensions>
          <osmand:speed>0.8</osmand:speed>
        </extensions>
      </trkpt>
      <trkpt lat="53.6796527" lon="23.8017675">
        <ele>153</ele>
        <time>2026-06-27T08:12:09Z</time>
        <hdop>5.5</hdop>
        <extensions>
          <osmand:speed>0.7</osmand:speed>
        </extensions>
      </trkpt>
      <trkpt lat="53.6797742" lon="23.8013156">
        <ele>155</ele>
        <time>2026-06-27T08:12:20Z</time>
        <hdop>6</hdop>
        <extensions>
          <osmand:speed>2.3</osmand:speed>
        </extensions>
      </trkpt>
      <trkpt lat="53.6797795" lon="23.8007244">
        <ele>155</ele>
        <time>2026-06-27T08:12:31Z</time>
        <hdop>5.5</hdop>
        <extensions>
          <osmand:speed>1.2</osmand:speed>
        </extensions>
      </trkpt>
      <trkpt lat="53.6798705" lon="23.8002349">
        <ele>158</ele>
        <time>2026-06-27T08:12:42Z</time>
        <hdop>5</hdop>
        <extensions>
          <osmand:speed>1.9</osmand:speed>
        </extensions>
      </trkpt>
      <trkpt lat="53.6798462" lon="23.7997408">
        <ele>159</ele>
        <time>2026-06-27T08:12:53Z</time>
        <hdop>4.5</hdop>
        <extensions>
          <osmand:speed>1</osmand:speed>
        </extensions>
      </trkpt>
      <trkpt lat="53.6798502" lon="23.7993162">
        <ele>159</ele>
        <time>2026-06-27T08:13:04Z</time>
        <hdop>4.5</hdop>
        <extensions>
          <osmand:speed>0.9</osmand:speed>
        </extensions>
      </trkpt>
      <trkpt lat="53.6797901" lon="23.7989356">
        <ele>159</ele>
        <time>2026-06-27T08:13:15Z</time>
        <hdop>5.5</hdop>
        <extensions>
          <osmand:speed>0.8</osmand:speed>
        </extensions>
      </trkpt>
      <trkpt lat="53.6796384" lon="23.7984452">
        <ele>156</ele>
        <time>2026-06-27T08:13:26Z</time>
        <hdop>4.5</hdop>
        <extensions>
          <osmand:speed>2.7</osmand:speed>
        </extensions>
      </trkpt>
      <trkpt lat="53.6795117" lon="23.798087">
        <ele>151</ele>
        <time>2026-06-27T08:13:37Z</time>
        <hdop>4</hdop>
        <extensions>
          <osmand:speed>1.2</osmand:speed>
        </extensions>
      </trkpt>
      <trkpt lat="53.6793794" lon="23.7977163">
        <ele>146</ele>
        <time>2026-06-27T08:13:48Z</time>
        <hdop>5</hdop>
        <extensions>
          <osmand:speed>3.2</osmand:speed>
        </extensions>
      </trkpt>
      <trkpt lat="53.679257" lon="23.7973219">
        <ele>142</ele>
        <time>2026-06-27T08:13:59Z</time>
        <hdop>5.5</hdop>
        <extensions>
          <osmand:speed>1.5</osmand:speed>
        </extensions>
      </trkpt>
      <trkpt lat="53.6791445" lon="23.7971045">
        <ele>141</ele>
        <time>2026-06-27T08:14:10Z</time>
        <hdop>4</hdop>
        <extensions>
          <osmand:speed>1.6</osmand:speed>
        </extensions>
      </trkpt>
      <trkpt lat="53.6790173" lon="23.7969489">
        <ele>143</ele>
        <time>2026-06-27T08:14:21Z</time>
        <hdop>5</hdop>
        <extensions>
          <osmand:speed>1.8</osmand:speed>
        </extensions>
      </trkpt>
      <trkpt lat="53.6788788" lon="23.7967745">
        <ele>144</ele>
        <time>2026-06-27T08:14:32Z</time>
        <hdop>4.5</hdop>
        <extensions>
          <osmand:speed>2.2</osmand:speed>
        </extensions>
      </trkpt>
      <trkpt lat="53.6786404" lon="23.7963764">
        <ele>144</ele>
        <time>2026-06-27T08:14:43Z</time>
        <hdop>4.5</hdop>
        <extensions>
          <osmand:speed>2.8</osmand:speed>
        </extensions>
      </trkpt>
      <trkpt lat="53.6784739" lon="23.796084">
        <ele>144</ele>
        <time>2026-06-27T08:14:54Z</time>
        <hdop>5</hdop>
        <extensions>
          <osmand:speed>0.6</osmand:speed>
        </extensions>
      </trkpt>
      <trkpt lat="53.6783303" lon="23.7959758">
        <ele>143</ele>
        <time>2026-06-27T08:15:05Z</time>
        <hdop>5</hdop>
        <extensions>
          <osmand:speed>0.5</osmand:speed>
        </extensions>
      </trkpt>
      <trkpt lat="53.6782211" lon="23.7959515">
        <ele>145</ele>
        <time>2026-06-27T08:15:16Z</time>
        <hdop>5</hdop>
        <extensions>
          <osmand:speed>1.8</osmand:speed>
        </extensions>
      </trkpt>
      <trkpt lat="53.6780716" lon="23.7955658">
        <ele>148</ele>
        <time>2026-06-27T08:15:27Z</time>
        <hdop>6</hdop>
        <extensions>
          <osmand:speed>2</osmand:speed>
        </extensions>
      </trkpt>
      <trkpt lat="53.6779256" lon="23.7951308">
        <ele>151</ele>
        <time>2026-06-27T08:15:38Z</time>
        <hdop>5.5</hdop>
        <extensions>
          <osmand:speed>1</osmand:speed>
        </extensions>
      </trkpt>
      <trkpt lat="53.6778722" lon="23.7945642">
        <ele>154</ele>
        <time>2026-06-27T08:15:49Z</time>
        <hdop>7</hdop>
        <extensions>
          <osmand:speed>1.5</osmand:speed>
        </extensions>
      </trkpt>
      <trkpt lat="53.6778022" lon="23.7940874">
        <ele>153</ele>
        <time>2026-06-27T08:16:00Z</time>
        <hdop>6</hdop>
        <extensions>
          <osmand:speed>0.5</osmand:speed>
        </extensions>
      </trkpt>
      <trkpt lat="53.6776718" lon="23.7937245">
        <ele>153</ele>
        <time>2026-06-27T08:16:11Z</time>
        <hdop>6.5</hdop>
        <extensions>
          <osmand:speed>1.3</osmand:speed>
        </extensions>
      </trkpt>
      <trkpt lat="53.6775122" lon="23.7932964">
        <ele>152</ele>
        <time>2026-06-27T08:16:22Z</time>
        <hdop>6</hdop>
        <extensions>
          <osmand:speed>0.4</osmand:speed>
        </extensions>
      </trkpt>
      <trkpt lat="53.6773561" lon="23.7930137">
        <ele>154</ele>
        <time>2026-06-27T08:16:33Z</time>
        <hdop>5.5</hdop>
        <extensions>
          <osmand:speed>0.8</osmand:speed>
        </extensions>
      </trkpt>
      <trkpt lat="53.6772519" lon="23.7926866">
        <ele>157</ele>
        <time>2026-06-27T08:16:44Z</time>
        <hdop>5</hdop>
        <extensions>
          <osmand:speed>1.4</osmand:speed>
        </extensions>
      </trkpt>
      <trkpt lat="53.6772463" lon="23.7925214">
        <ele>156</ele>
        <time>2026-06-27T08:16:55Z</time>
        <hdop>6</hdop>
        <extensions>
          <osmand:speed>0.8</osmand:speed>
        </extensions>
      </trkpt>
      <trkpt lat="53.6772062" lon="23.7923809">
        <ele>156</ele>
        <time>2026-06-27T08:17:06Z</time>
        <hdop>5.5</hdop>
        <extensions>
          <osmand:speed>0.6</osmand:speed>
        </extensions>
      </trkpt>
      <trkpt lat="53.6771837" lon="23.7921052">
        <ele>158</ele>
        <time>2026-06-27T08:17:17Z</time>
        <hdop>5.5</hdop>
        <extensions>
          <osmand:speed>2.1</osmand:speed>
        </extensions>
      </trkpt>
      <trkpt lat="53.6770979" lon="23.791675">
        <ele>158</ele>
        <time>2026-06-27T08:17:28Z</time>
        <hdop>5.5</hdop>
        <extensions>
          <osmand:speed>1.3</osmand:speed>
        </extensions>
      </trkpt>
      <trkpt lat="53.677007" lon="23.7912708">
        <ele>158</ele>
        <time>2026-06-27T08:17:39Z</time>
        <hdop>6</hdop>
        <extensions>
          <osmand:speed>2.3</osmand:speed>
        </extensions>
      </trkpt>
      <trkpt lat="53.6769411" lon="23.7907942">
        <ele>159</ele>
        <time>2026-06-27T08:17:50Z</time>
        <hdop>6</hdop>
        <extensions>
          <osmand:speed>0.7</osmand:speed>
        </extensions>
      </trkpt>
      <trkpt lat="53.6768545" lon="23.7904971">
        <ele>160</ele>
        <time>2026-06-27T08:18:01Z</time>
        <hdop>4.5</hdop>
        <extensions>
          <osmand:speed>0.1</osmand:speed>
        </extensions>
      </trkpt>
      <trkpt lat="53.6767259" lon="23.7902606">
        <ele>158</ele>
        <time>2026-06-27T08:18:12Z</time>
        <hdop>4</hdop>
        <extensions>
          <osmand:speed>0.1</osmand:speed>
        </extensions>
      </trkpt>
      <trkpt lat="53.6767248" lon="23.7901207">
        <ele>158</ele>
        <time>2026-06-27T08:18:23Z</time>
        <hdop>5</hdop>
        <extensions>
          <osmand:speed>0.7</osmand:speed>
        </extensions>
      </trkpt>
      <trkpt lat="53.6767136" lon="23.7898388">
        <ele>157</ele>
        <time>2026-06-27T08:18:34Z</time>
        <hdop>6</hdop>
        <extensions>
          <osmand:speed>1.6</osmand:speed>
        </extensions>
      </trkpt>
      <trkpt lat="53.67675" lon="23.7894017">
        <ele>154</ele>
        <time>2026-06-27T08:18:45Z</time>
        <hdop>5.5</hdop>
        <extensions>
          <osmand:speed>2.3</osmand:speed>
        </extensions>
      </trkpt>
      <trkpt lat="53.676659" lon="23.788821">
        <ele>153</ele>
        <time>2026-06-27T08:18:56Z</time>
        <hdop>5.5</hdop>
        <extensions>
          <osmand:speed>3.1</osmand:speed>
        </extensions>
      </trkpt>
      <trkpt lat="53.6766599" lon="23.7883746">
        <ele>151</ele>
        <time>2026-06-27T08:19:07Z</time>
        <hdop>6</hdop>
        <extensions>
          <osmand:speed>1.7</osmand:speed>
        </extensions>
      </trkpt>
      <trkpt lat="53.6765787" lon="23.7882229">
        <ele>147</ele>
        <time>2026-06-27T08:19:18Z</time>
        <hdop>6</hdop>
        <extensions>
          <osmand:speed>1.4</osmand:speed>
        </extensions>
      </trkpt>
      <trkpt lat="53.6764753" lon="23.7880505">
        <ele>145</ele>
        <time>2026-06-27T08:19:29Z</time>
        <hdop>5.5</hdop>
        <extensions>
          <osmand:speed>0.9</osmand:speed>
        </extensions>
      </trkpt>
      <trkpt lat="53.6764406" lon="23.7877674">
        <ele>144</ele>
        <time>2026-06-27T08:19:40Z</time>
        <hdop>6.5</hdop>
        <extensions>
          <osmand:speed>0.9</osmand:speed>
        </extensions>
      </trkpt>
      <trkpt lat="53.6763862" lon="23.7874384">
        <ele>144</ele>
        <time>2026-06-27T08:19:51Z</time>
        <hdop>6</hdop>
        <extensions>
          <osmand:speed>0.5</osmand:speed>
        </extensions>
      </trkpt>
      <trkpt lat="53.6764599" lon="23.7870955">
        <ele>144</ele>
        <time>2026-06-27T08:20:02Z</time>
        <hdop>6.5</hdop>
        <extensions>
          <osmand:speed>1.3</osmand:speed>
        </extensions>
      </trkpt>
      <trkpt lat="53.6764025" lon="23.7869086">
        <ele>144</ele>
        <time>2026-06-27T08:20:13Z</time>
        <hdop>5</hdop>
        <extensions>
          <osmand:speed>0.5</osmand:speed>
        </extensions>
      </trkpt>
      <trkpt lat="53.6763273" lon="23.7866264">
        <ele>146</ele>
        <time>2026-06-27T08:20:24Z</time>
        <hdop>5</hdop>
        <extensions>
          <osmand:speed>1.5</osmand:speed>
        </extensions>
      </trkpt>
      <trkpt lat="53.6763223" lon="23.7864297">
        <ele>145</ele>
        <time>2026-06-27T08:20:35Z</time>
        <hdop>6</hdop>
        <extensions>
          <osmand:speed>1.1</osmand:speed>
        </extensions>
      </trkpt>
      <trkpt lat="53.6763259" lon="23.7861044">
        <ele>144</ele>
        <time>2026-06-27T08:20:46Z</time>
        <hdop>5.5</hdop>
        <extensions>
          <osmand:speed>0.7</osmand:speed>
        </extensions>
      </trkpt>
      <trkpt lat="53.6762578" lon="23.7858549">
        <ele>143</ele>
        <time>2026-06-27T08:20:57Z</time>
        <hdop>6.5</hdop>
        <extensions>
          <osmand:speed>0.9</osmand:speed>
        </extensions>
      </trkpt>
      <trkpt lat="53.6762385" lon="23.7856661">
        <ele>143</ele>
        <time>2026-06-27T08:21:08Z</time>
        <hdop>5.5</hdop>
        <extensions>
          <osmand:speed>1.3</osmand:speed>
        </extensions>
      </trkpt>
      <trkpt lat="53.6762519" lon="23.785497">
        <ele>142</ele>
        <time>2026-06-27T08:21:19Z</time>
        <hdop>5.5</hdop>
        <extensions>
          <osmand:speed>0.3</osmand:speed>
        </extensions>
      </trkpt>
      <trkpt lat="53.6761857" lon="23.7851779">
        <ele>139</ele>
        <time>2026-06-27T08:21:30Z</time>
        <hdop>4.5</hdop>
        <extensions>
          <osmand:speed>0.4</osmand:speed>
        </extensions>
      </trkpt>
      <trkpt lat="53.6761154" lon="23.7849816">
        <ele>142</ele>
        <time>2026-06-27T08:21:41Z</time>
        <hdop>5</hdop>
        <extensions>
          <osmand:speed>1</osmand:speed>
        </extensions>
      </trkpt>
      <trkpt lat="53.6760726" lon="23.7847708">
        <ele>140</ele>
        <time>2026-06-27T08:21:52Z</time>
        <hdop>4.5</hdop>
        <extensions>
          <osmand:speed>1</osmand:speed>
        </extensions>
      </trkpt>
      <trkpt lat="53.6761119" lon="23.7844491">
        <ele>142</ele>
        <time>2026-06-27T08:22:03Z</time>
        <hdop>5</hdop>
        <extensions>
          <osmand:speed>0.9</osmand:speed>
        </extensions>
      </trkpt>
      <trkpt lat="53.6761637" lon="23.7841178">
        <ele>143</ele>
        <time>2026-06-27T08:22:14Z</time>
        <hdop>4.5</hdop>
        <extensions>
          <osmand:speed>0.9</osmand:speed>
        </extensions>
      </trkpt>
      <trkpt lat="53.6762" lon="23.783855">
        <ele>144</ele>
        <time>2026-06-27T08:22:25Z</time>
        <hdop>4.5</hdop>
        <extensions>
          <osmand:speed>1</osmand:speed>
        </extensions>
      </trkpt>
      <trkpt lat="53.6762523" lon="23.7837475">
        <ele>139</ele>
        <time>2026-06-27T08:22:36Z</time>
        <hdop>5</hdop>
        <extensions>
          <osmand:speed>0.3</osmand:speed>
        </extensions>
      </trkpt>
      <trkpt lat="53.6763039" lon="23.7836803">
        <ele>140</ele>
        <time>2026-06-27T08:22:47Z</time>
        <hdop>5</hdop>
        <extensions>
          <osmand:speed>0.8</osmand:speed>
        </extensions>
      </trkpt>
      <trkpt lat="53.6763444" lon="23.7835168">
        <ele>139</ele>
        <time>2026-06-27T08:22:58Z</time>
        <hdop>4</hdop>
        <extensions>
          <osmand:speed>1</osmand:speed>
        </extensions>
      </trkpt>
      <trkpt lat="53.6763473" lon="23.7834738">
        <ele>139</ele>
        <time>2026-06-27T08:23:09Z</time>
        <hdop>5</hdop>
        <extensions>
          <osmand:speed>0.5</osmand:speed>
        </extensions>
      </trkpt>
      <trkpt lat="53.6764143" lon="23.7833375">
        <ele>137</ele>
        <time>2026-06-27T08:23:39Z</time>
        <hdop>23</hdop>
        <extensions>
          <osmand:speed>1.3</osmand:speed>
        </extensions>
      </trkpt>
      <trkpt lat="53.6763644" lon="23.7833599">
        <ele>137</ele>
        <time>2026-06-27T08:23:50Z</time>
        <hdop>8.5</hdop>
        <extensions>
          <osmand:speed>0.7</osmand:speed>
        </extensions>
      </trkpt>
      <trkpt lat="53.6763615" lon="23.7833503">
        <ele>141</ele>
        <time>2026-06-27T08:24:01Z</time>
        <hdop>7</hdop>
      </trkpt>
      <trkpt lat="53.6763873" lon="23.7832936">
        <ele>139</ele>
        <time>2026-06-27T08:24:12Z</time>
        <hdop>6</hdop>
        <extensions>
          <osmand:speed>1.2</osmand:speed>
        </extensions>
      </trkpt>
      <trkpt lat="53.6763986" lon="23.7831607">
        <ele>136</ele>
        <time>2026-06-27T08:24:23Z</time>
        <hdop>5.5</hdop>
        <extensions>
          <osmand:speed>0.3</osmand:speed>
        </extensions>
      </trkpt>
      <trkpt lat="53.6763941" lon="23.7830514">
        <ele>135</ele>
        <time>2026-06-27T08:24:34Z</time>
        <hdop>6.5</hdop>
        <extensions>
          <osmand:speed>1.1</osmand:speed>
        </extensions>
      </trkpt>
      <trkpt lat="53.676424" lon="23.7828618">
        <ele>136</ele>
        <time>2026-06-27T08:24:45Z</time>
        <hdop>6</hdop>
        <extensions>
          <osmand:speed>1.4</osmand:speed>
        </extensions>
      </trkpt>
      <trkpt lat="53.6764711" lon="23.7826165">
        <ele>136</ele>
        <time>2026-06-27T08:24:56Z</time>
        <hdop>5</hdop>
        <extensions>
          <osmand:speed>0.5</osmand:speed>
        </extensions>
      </trkpt>
      <trkpt lat="53.6765028" lon="23.7824467">
        <ele>142</ele>
        <time>2026-06-27T08:25:07Z</time>
        <hdop>4.5</hdop>
        <extensions>
          <osmand:speed>0.9</osmand:speed>
        </extensions>
      </trkpt>
      <trkpt lat="53.6765435" lon="23.7822304">
        <ele>147</ele>
        <time>2026-06-27T08:25:18Z</time>
        <hdop>5</hdop>
        <extensions>
          <osmand:speed>0.3</osmand:speed>
        </extensions>
      </trkpt>
      <trkpt lat="53.6766046" lon="23.7819216">
        <ele>150</ele>
        <time>2026-06-27T08:25:29Z</time>
        <hdop>4.5</hdop>
        <extensions>
          <osmand:speed>1.4</osmand:speed>
        </extensions>
      </trkpt>
      <trkpt lat="53.6766439" lon="23.7817326">
        <ele>148</ele>
        <time>2026-06-27T08:25:40Z</time>
        <hdop>4</hdop>
        <extensions>
          <osmand:speed>0.7</osmand:speed>
        </extensions>
      </trkpt>
      <trkpt lat="53.676655" lon="23.7814938">
        <ele>148</ele>
        <time>2026-06-27T08:25:51Z</time>
        <hdop>4</hdop>
        <extensions>
          <osmand:speed>0.5</osmand:speed>
        </extensions>
      </trkpt>
      <trkpt lat="53.6767101" lon="23.7813243">
        <ele>148</ele>
        <time>2026-06-27T08:26:02Z</time>
        <hdop>4</hdop>
        <extensions>
          <osmand:speed>0.6</osmand:speed>
        </extensions>
      </trkpt>
      <trkpt lat="53.6767877" lon="23.7811504">
        <ele>148</ele>
        <time>2026-06-27T08:26:13Z</time>
        <hdop>3.5</hdop>
        <extensions>
          <osmand:speed>0.7</osmand:speed>
        </extensions>
      </trkpt>
      <trkpt lat="53.6769192" lon="23.7809733">
        <ele>148</ele>
        <time>2026-06-27T08:26:24Z</time>
        <hdop>5</hdop>
        <extensions>
          <osmand:speed>0.3</osmand:speed>
        </extensions>
      </trkpt>
      <trkpt lat="53.6769418" lon="23.7807568">
        <ele>148</ele>
        <time>2026-06-27T08:26:35Z</time>
        <hdop>5.5</hdop>
        <extensions>
          <osmand:speed>0.9</osmand:speed>
        </extensions>
      </trkpt>
      <trkpt lat="53.6770162" lon="23.7806632">
        <ele>147</ele>
        <time>2026-06-27T08:26:46Z</time>
        <hdop>5.5</hdop>
        <extensions>
          <osmand:speed>1.8</osmand:speed>
        </extensions>
      </trkpt>
      <trkpt lat="53.6770433" lon="23.7805143">
        <ele>145</ele>
        <time>2026-06-27T08:26:57Z</time>
        <hdop>5</hdop>
        <extensions>
          <osmand:speed>0.1</osmand:speed>
        </extensions>
      </trkpt>
      <trkpt lat="53.6771374" lon="23.7803198">
        <ele>144</ele>
        <time>2026-06-27T08:27:08Z</time>
        <hdop>6</hdop>
        <extensions>
          <osmand:speed>1.2</osmand:speed>
        </extensions>
      </trkpt>
      <trkpt lat="53.6772059" lon="23.780134">
        <ele>143</ele>
        <time>2026-06-27T08:27:19Z</time>
        <hdop>5</hdop>
        <extensions>
          <osmand:speed>1.8</osmand:speed>
        </extensions>
      </trkpt>
      <trkpt lat="53.6773075" lon="23.7798064">
        <ele>141</ele>
        <time>2026-06-27T08:27:30Z</time>
        <hdop>5</hdop>
        <extensions>
          <osmand:speed>1.4</osmand:speed>
        </extensions>
      </trkpt>
      <trkpt lat="53.677361" lon="23.7793828">
        <ele>140</ele>
        <time>2026-06-27T08:27:41Z</time>
        <hdop>4</hdop>
        <extensions>
          <osmand:speed>2</osmand:speed>
        </extensions>
      </trkpt>
      <trkpt lat="53.6774513" lon="23.7790156">
        <ele>140</ele>
        <time>2026-06-27T08:27:52Z</time>
        <hdop>4</hdop>
        <extensions>
          <osmand:speed>1.9</osmand:speed>
        </extensions>
      </trkpt>
      <trkpt lat="53.6775827" lon="23.7786432">
        <ele>141</ele>
        <time>2026-06-27T08:28:03Z</time>
        <hdop>4</hdop>
        <extensions>
          <osmand:speed>1.4</osmand:speed>
        </extensions>
      </trkpt>
      <trkpt lat="53.6776966" lon="23.7783703">
        <ele>141</ele>
        <time>2026-06-27T08:28:14Z</time>
        <hdop>4</hdop>
        <extensions>
          <osmand:speed>1.9</osmand:speed>
        </extensions>
      </trkpt>
      <trkpt lat="53.6778124" lon="23.778184">
        <ele>143</ele>
        <time>2026-06-27T08:28:25Z</time>
        <hdop>3.5</hdop>
        <extensions>
          <osmand:speed>0</osmand:speed>
        </extensions>
      </trkpt>
      <trkpt lat="53.6779498" lon="23.7780799">
        <ele>142</ele>
        <time>2026-06-27T08:28:36Z</time>
        <hdop>4.5</hdop>
        <extensions>
          <osmand:speed>0.5</osmand:speed>
        </extensions>
      </trkpt>
      <trkpt lat="53.6780649" lon="23.7779638">
        <ele>142</ele>
        <time>2026-06-27T08:28:47Z</time>
        <hdop>5</hdop>
        <extensions>
          <osmand:speed>1.3</osmand:speed>
        </extensions>
      </trkpt>
      <trkpt lat="53.678254" lon="23.7778459">
        <ele>143</ele>
        <time>2026-06-27T08:28:58Z</time>
        <hdop>5</hdop>
        <extensions>
          <osmand:speed>1.3</osmand:speed>
        </extensions>
      </trkpt>
      <trkpt lat="53.6783347" lon="23.7776937">
        <ele>134</ele>
        <time>2026-06-27T08:29:09Z</time>
        <hdop>4.5</hdop>
        <extensions>
          <osmand:speed>0.9</osmand:speed>
        </extensions>
      </trkpt>
      <trkpt lat="53.6782938" lon="23.7775947">
        <ele>131</ele>
        <time>2026-06-27T08:29:20Z</time>
        <hdop>4</hdop>
        <extensions>
          <osmand:speed>0.6</osmand:speed>
        </extensions>
      </trkpt>
      <trkpt lat="53.6783054" lon="23.7775304">
        <ele>131</ele>
        <time>2026-06-27T08:29:31Z</time>
        <hdop>3.5</hdop>
      </trkpt>
      <trkpt lat="53.6783054" lon="23.7775304">
        <ele>131</ele>
        <time>2026-06-27T08:29:42Z</time>
        <hdop>3.5</hdop>
      </trkpt>
      <trkpt lat="53.6783103" lon="23.7775218">
        <ele>128</ele>
        <time>2026-06-27T08:29:53Z</time>
        <hdop>3</hdop>
      </trkpt>
      <trkpt lat="53.6783065" lon="23.7774745">
        <ele>129</ele>
        <time>2026-06-27T08:30:04Z</time>
        <hdop>3</hdop>
      </trkpt>
      <trkpt lat="53.6783115" lon="23.7774723">
        <ele>128</ele>
        <time>2026-06-27T08:30:15Z</time>
        <hdop>3</hdop>
      </trkpt>
      <trkpt lat="53.6783073" lon="23.7775072">
        <ele>124</ele>
        <time>2026-06-27T08:30:26Z</time>
        <hdop>3</hdop>
        <extensions>
          <osmand:speed>1.1</osmand:speed>
        </extensions>
      </trkpt>
      <trkpt lat="53.6783242" lon="23.7776466">
        <ele>125</ele>
        <time>2026-06-27T08:30:37Z</time>
        <hdop>4</hdop>
        <extensions>
          <osmand:speed>1.5</osmand:speed>
        </extensions>
      </trkpt>
      <trkpt lat="53.6782659" lon="23.7777047">
        <ele>127</ele>
        <time>2026-06-27T08:30:48Z</time>
        <hdop>3.5</hdop>
        <extensions>
          <osmand:speed>0.2</osmand:speed>
        </extensions>
      </trkpt>
      <trkpt lat="53.6782441" lon="23.7777651">
        <ele>126</ele>
        <time>2026-06-27T08:30:59Z</time>
        <hdop>4.5</hdop>
        <extensions>
          <osmand:speed>1.4</osmand:speed>
        </extensions>
      </trkpt>
      <trkpt lat="53.6780869" lon="23.7779182">
        <ele>128</ele>
        <time>2026-06-27T08:31:10Z</time>
        <hdop>5</hdop>
        <extensions>
          <osmand:speed>2.2</osmand:speed>
        </extensions>
      </trkpt>
      <trkpt lat="53.6779144" lon="23.7778864">
        <ele>128</ele>
        <time>2026-06-27T08:31:21Z</time>
        <hdop>5.5</hdop>
        <extensions>
          <osmand:speed>1.4</osmand:speed>
        </extensions>
      </trkpt>
      <trkpt lat="53.6776926" lon="23.777916">
        <ele>131</ele>
        <time>2026-06-27T08:31:32Z</time>
        <hdop>4.5</hdop>
        <extensions>
          <osmand:speed>0.1</osmand:speed>
        </extensions>
      </trkpt>
      <trkpt lat="53.6776508" lon="23.777878">
        <ele>131</ele>
        <time>2026-06-27T08:31:43Z</time>
        <hdop>4.5</hdop>
        <extensions>
          <osmand:speed>1.5</osmand:speed>
        </extensions>
      </trkpt>
      <trkpt lat="53.6775459" lon="23.777837">
        <ele>130</ele>
        <time>2026-06-27T08:31:54Z</time>
        <hdop>5</hdop>
        <extensions>
          <osmand:speed>0.2</osmand:speed>
        </extensions>
      </trkpt>
      <trkpt lat="53.6773901" lon="23.7779072">
        <ele>132</ele>
        <time>2026-06-27T08:32:05Z</time>
        <hdop>5</hdop>
        <extensions>
          <osmand:speed>1</osmand:speed>
        </extensions>
      </trkpt>
      <trkpt lat="53.6772723" lon="23.7779335">
        <ele>134</ele>
        <time>2026-06-27T08:32:16Z</time>
        <hdop>4.5</hdop>
        <extensions>
          <osmand:speed>0.6</osmand:speed>
        </extensions>
      </trkpt>
      <trkpt lat="53.6771883" lon="23.7780462">
        <ele>136</ele>
        <time>2026-06-27T08:32:27Z</time>
        <hdop>4.5</hdop>
        <extensions>
          <osmand:speed>0.8</osmand:speed>
        </extensions>
      </trkpt>
      <trkpt lat="53.6769557" lon="23.7781925">
        <ele>138</ele>
        <time>2026-06-27T08:32:38Z</time>
        <hdop>5</hdop>
        <extensions>
          <osmand:speed>1.7</osmand:speed>
        </extensions>
      </trkpt>
      <trkpt lat="53.6767223" lon="23.7782803">
        <ele>139</ele>
        <time>2026-06-27T08:32:49Z</time>
        <hdop>4.5</hdop>
        <extensions>
          <osmand:speed>1.5</osmand:speed>
        </extensions>
      </trkpt>
      <trkpt lat="53.6765624" lon="23.7781723">
        <ele>139</ele>
        <time>2026-06-27T08:33:00Z</time>
        <hdop>4</hdop>
        <extensions>
          <osmand:speed>0.7</osmand:speed>
        </extensions>
      </trkpt>
      <trkpt lat="53.6763539" lon="23.7782491">
        <ele>139</ele>
        <time>2026-06-27T08:33:11Z</time>
        <hdop>4.5</hdop>
        <extensions>
          <osmand:speed>2</osmand:speed>
        </extensions>
      </trkpt>
      <trkpt lat="53.6762064" lon="23.7783084">
        <ele>139</ele>
        <time>2026-06-27T08:33:22Z</time>
        <hdop>4</hdop>
        <extensions>
          <osmand:speed>0.1</osmand:speed>
        </extensions>
      </trkpt>
      <trkpt lat="53.676171" lon="23.7782729">
        <ele>139</ele>
        <time>2026-06-27T08:33:33Z</time>
        <hdop>4</hdop>
      </trkpt>
      <trkpt lat="53.6761619" lon="23.7782624">
        <ele>137</ele>
        <time>2026-06-27T08:33:44Z</time>
        <hdop>3.5</hdop>
        <extensions>
          <osmand:speed>0.7</osmand:speed>
        </extensions>
      </trkpt>
      <trkpt lat="53.6761632" lon="23.7783341">
        <ele>138</ele>
        <time>2026-06-27T08:33:55Z</time>
        <hdop>3.5</hdop>
        <extensions>
          <osmand:speed>0.3</osmand:speed>
        </extensions>
      </trkpt>
      <trkpt lat="53.6761704" lon="23.7784624">
        <ele>140</ele>
        <time>2026-06-27T08:34:06Z</time>
        <hdop>3.5</hdop>
        <extensions>
          <osmand:speed>0.3</osmand:speed>
        </extensions>
      </trkpt>
      <trkpt lat="53.6761164" lon="23.7784665">
        <ele>135</ele>
        <time>2026-06-27T08:34:17Z</time>
        <hdop>3.5</hdop>
      </trkpt>
      <trkpt lat="53.6760611" lon="23.7785361">
        <ele>138</ele>
        <time>2026-06-27T08:35:59Z</time>
        <hdop>12.5</hdop>
        <extensions>
          <osmand:speed>0.4</osmand:speed>
        </extensions>
      </trkpt>
      <trkpt lat="53.6761032" lon="23.7785644">
        <ele>129</ele>
        <time>2026-06-27T08:36:10Z</time>
        <hdop>6.5</hdop>
        <extensions>
          <osmand:speed>0.5</osmand:speed>
        </extensions>
      </trkpt>
      <trkpt lat="53.6760959" lon="23.7785937">
        <ele>126</ele>
        <time>2026-06-27T08:36:21Z</time>
        <hdop>6</hdop>
        <extensions>
          <osmand:speed>0.1</osmand:speed>
        </extensions>
      </trkpt>
      <trkpt lat="53.6761059" lon="23.7785185">
        <ele>130</ele>
        <time>2026-06-27T08:36:32Z</time>
        <hdop>5</hdop>
        <extensions>
          <osmand:speed>0.7</osmand:speed>
        </extensions>
      </trkpt>
      <trkpt lat="53.6761042" lon="23.7783997">
        <ele>126</ele>
        <time>2026-06-27T08:36:43Z</time>
        <hdop>4.5</hdop>
        <extensions>
          <osmand:speed>0.5</osmand:speed>
        </extensions>
      </trkpt>
      <trkpt lat="53.6761191" lon="23.778289">
        <ele>125</ele>
        <time>2026-06-27T08:36:54Z</time>
        <hdop>4</hdop>
        <extensions>
          <osmand:speed>0.6</osmand:speed>
        </extensions>
      </trkpt>
      <trkpt lat="53.6760459" lon="23.77817">
        <ele>124</ele>
        <time>2026-06-27T08:37:05Z</time>
        <hdop>5</hdop>
        <extensions>
          <osmand:speed>1.9</osmand:speed>
        </extensions>
      </trkpt>
      <trkpt lat="53.6758849" lon="23.7781906">
        <ele>124</ele>
        <time>2026-06-27T08:37:16Z</time>
        <hdop>5.5</hdop>
        <extensions>
          <osmand:speed>1.5</osmand:speed>
        </extensions>
      </trkpt>
      <trkpt lat="53.6757422" lon="23.7784002">
        <ele>122</ele>
        <time>2026-06-27T08:37:27Z</time>
        <hdop>5</hdop>
        <extensions>
          <osmand:speed>0.7</osmand:speed>
        </extensions>
      </trkpt>
      <trkpt lat="53.6757173" lon="23.778721">
        <ele>122</ele>
        <time>2026-06-27T08:37:38Z</time>
        <hdop>5</hdop>
        <extensions>
          <osmand:speed>1.1</osmand:speed>
        </extensions>
      </trkpt>
      <trkpt lat="53.6758706" lon="23.779038">
        <ele>124</ele>
        <time>2026-06-27T08:37:49Z</time>
        <hdop>5</hdop>
        <extensions>
          <osmand:speed>2.5</osmand:speed>
        </extensions>
      </trkpt>
      <trkpt lat="53.675985" lon="23.7795267">
        <ele>123</ele>
        <time>2026-06-27T08:38:00Z</time>
        <hdop>5</hdop>
        <extensions>
          <osmand:speed>1.5</osmand:speed>
        </extensions>
      </trkpt>
      <trkpt lat="53.6761915" lon="23.7797762">
        <ele>123</ele>
        <time>2026-06-27T08:38:11Z</time>
        <hdop>5.5</hdop>
        <extensions>
          <osmand:speed>1.5</osmand:speed>
        </extensions>
      </trkpt>
      <trkpt lat="53.676327" lon="23.7800689">
        <ele>125</ele>
        <time>2026-06-27T08:38:22Z</time>
        <hdop>5.5</hdop>
        <extensions>
          <osmand:speed>1</osmand:speed>
        </extensions>
      </trkpt>
      <trkpt lat="53.6763271" lon="23.7804828">
        <ele>126</ele>
        <time>2026-06-27T08:38:33Z</time>
        <hdop>5.5</hdop>
        <extensions>
          <osmand:speed>1.7</osmand:speed>
        </extensions>
      </trkpt>
      <trkpt lat="53.6762708" lon="23.7808796">
        <ele>127</ele>
        <time>2026-06-27T08:38:44Z</time>
        <hdop>4.5</hdop>
        <extensions>
          <osmand:speed>1.4</osmand:speed>
        </extensions>
      </trkpt>
      <trkpt lat="53.6762022" lon="23.7812147">
        <ele>123</ele>
        <time>2026-06-27T08:38:55Z</time>
        <hdop>4.5</hdop>
        <extensions>
          <osmand:speed>1.7</osmand:speed>
        </extensions>
      </trkpt>
      <trkpt lat="53.6762057" lon="23.7814839">
        <ele>123</ele>
        <time>2026-06-27T08:39:06Z</time>
        <hdop>4</hdop>
        <extensions>
          <osmand:speed>0.8</osmand:speed>
        </extensions>
      </trkpt>
      <trkpt lat="53.6762183" lon="23.7817024">
        <ele>124</ele>
        <time>2026-06-27T08:39:17Z</time>
        <hdop>4</hdop>
        <extensions>
          <osmand:speed>1.2</osmand:speed>
        </extensions>
      </trkpt>
      <trkpt lat="53.6762012" lon="23.7819805">
        <ele>125</ele>
        <time>2026-06-27T08:39:28Z</time>
        <hdop>4</hdop>
        <extensions>
          <osmand:speed>1.8</osmand:speed>
        </extensions>
      </trkpt>
      <trkpt lat="53.6762115" lon="23.7824619">
        <ele>126</ele>
        <time>2026-06-27T08:39:39Z</time>
        <hdop>4.5</hdop>
        <extensions>
          <osmand:speed>2.2</osmand:speed>
        </extensions>
      </trkpt>
      <trkpt lat="53.6760157" lon="23.7827615">
        <ele>126</ele>
        <time>2026-06-27T08:39:50Z</time>
        <hdop>4.5</hdop>
        <extensions>
          <osmand:speed>2.2</osmand:speed>
        </extensions>
      </trkpt>
      <trkpt lat="53.6756941" lon="23.7827924">
        <ele>125</ele>
        <time>2026-06-27T08:40:01Z</time>
        <hdop>4.5</hdop>
        <extensions>
          <osmand:speed>2.6</osmand:speed>
        </extensions>
      </trkpt>
      <trkpt lat="53.6755278" lon="23.7829622">
        <ele>124</ele>
        <time>2026-06-27T08:40:12Z</time>
        <hdop>4.5</hdop>
        <extensions>
          <osmand:speed>0.6</osmand:speed>
        </extensions>
      </trkpt>
      <trkpt lat="53.6754526" lon="23.7832339">
        <ele>126</ele>
        <time>2026-06-27T08:40:23Z</time>
        <hdop>4.5</hdop>
        <extensions>
          <osmand:speed>1.3</osmand:speed>
        </extensions>
      </trkpt>
      <trkpt lat="53.6753307" lon="23.7833129">
        <ele>125</ele>
        <time>2026-06-27T08:40:34Z</time>
        <hdop>6</hdop>
        <extensions>
          <osmand:speed>1</osmand:speed>
        </extensions>
      </trkpt>
      <trkpt lat="53.6752332" lon="23.7835248">
        <ele>123</ele>
        <time>2026-06-27T08:40:45Z</time>
        <hdop>5</hdop>
        <extensions>
          <osmand:speed>1</osmand:speed>
        </extensions>
      </trkpt>
      <trkpt lat="53.6751735" lon="23.7838242">
        <ele>124</ele>
        <time>2026-06-27T08:40:56Z</time>
        <hdop>4.5</hdop>
        <extensions>
          <osmand:speed>1.4</osmand:speed>
        </extensions>
      </trkpt>
      <trkpt lat="53.6750995" lon="23.7841596">
        <ele>126</ele>
        <time>2026-06-27T08:41:07Z</time>
        <hdop>4.5</hdop>
        <extensions>
          <osmand:speed>1.2</osmand:speed>
        </extensions>
      </trkpt>
      <trkpt lat="53.675069" lon="23.7843742">
        <ele>129</ele>
        <time>2026-06-27T08:41:18Z</time>
        <hdop>5</hdop>
        <extensions>
          <osmand:speed>1</osmand:speed>
        </extensions>
      </trkpt>
      <trkpt lat="53.6750251" lon="23.7846603">
        <ele>129</ele>
        <time>2026-06-27T08:41:29Z</time>
        <hdop>4.5</hdop>
        <extensions>
          <osmand:speed>1.3</osmand:speed>
        </extensions>
      </trkpt>
      <trkpt lat="53.6749496" lon="23.7849121">
        <ele>127</ele>
        <time>2026-06-27T08:41:40Z</time>
        <hdop>4.5</hdop>
        <extensions>
          <osmand:speed>1</osmand:speed>
        </extensions>
      </trkpt>
      <trkpt lat="53.6748624" lon="23.7851067">
        <ele>128</ele>
        <time>2026-06-27T08:41:51Z</time>
        <hdop>4.5</hdop>
        <extensions>
          <osmand:speed>1.3</osmand:speed>
        </extensions>
      </trkpt>
      <trkpt lat="53.674776" lon="23.7853828">
        <ele>129</ele>
        <time>2026-06-27T08:42:02Z</time>
        <hdop>4.5</hdop>
        <extensions>
          <osmand:speed>1</osmand:speed>
        </extensions>
      </trkpt>
      <trkpt lat="53.6747877" lon="23.7856546">
        <ele>133</ele>
        <time>2026-06-27T08:42:13Z</time>
        <hdop>4</hdop>
        <extensions>
          <osmand:speed>1.2</osmand:speed>
        </extensions>
      </trkpt>
      <trkpt lat="53.6748304" lon="23.7859213">
        <ele>134</ele>
        <time>2026-06-27T08:42:24Z</time>
        <hdop>4.5</hdop>
        <extensions>
          <osmand:speed>2.8</osmand:speed>
        </extensions>
      </trkpt>
      <trkpt lat="53.6748659" lon="23.7865331">
        <ele>134</ele>
        <time>2026-06-27T08:42:35Z</time>
        <hdop>5</hdop>
        <extensions>
          <osmand:speed>2.5</osmand:speed>
        </extensions>
      </trkpt>
      <trkpt lat="53.6749302" lon="23.787013">
        <ele>135</ele>
        <time>2026-06-27T08:42:46Z</time>
        <hdop>5.5</hdop>
        <extensions>
          <osmand:speed>1.7</osmand:speed>
        </extensions>
      </trkpt>
      <trkpt lat="53.6749867" lon="23.7875027">
        <ele>136</ele>
        <time>2026-06-27T08:42:57Z</time>
        <hdop>5.5</hdop>
        <extensions>
          <osmand:speed>1.7</osmand:speed>
        </extensions>
      </trkpt>
      <trkpt lat="53.6750483" lon="23.7879992">
        <ele>135</ele>
        <time>2026-06-27T08:43:08Z</time>
        <hdop>5</hdop>
        <extensions>
          <osmand:speed>1.7</osmand:speed>
        </extensions>
      </trkpt>
      <trkpt lat="53.6751351" lon="23.7883795">
        <ele>135</ele>
        <time>2026-06-27T08:43:19Z</time>
        <hdop>5</hdop>
        <extensions>
          <osmand:speed>1.4</osmand:speed>
        </extensions>
      </trkpt>
      <trkpt lat="53.6752042" lon="23.7888272">
        <ele>135</ele>
        <time>2026-06-27T08:43:30Z</time>
        <hdop>5</hdop>
        <extensions>
          <osmand:speed>2</osmand:speed>
        </extensions>
      </trkpt>
      <trkpt lat="53.6752371" lon="23.7892815">
        <ele>135</ele>
        <time>2026-06-27T08:43:41Z</time>
        <hdop>5</hdop>
        <extensions>
          <osmand:speed>0.8</osmand:speed>
        </extensions>
      </trkpt>
      <trkpt lat="53.6752689" lon="23.7896371">
        <ele>135</ele>
        <time>2026-06-27T08:43:52Z</time>
        <hdop>11</hdop>
        <extensions>
          <osmand:speed>1.5</osmand:speed>
        </extensions>
      </trkpt>
      <trkpt lat="53.6753388" lon="23.7900489">
        <ele>136</ele>
        <time>2026-06-27T08:44:03Z</time>
        <hdop>5</hdop>
      </trkpt>
      <trkpt lat="53.6753647" lon="23.7903947">
        <ele>137</ele>
        <time>2026-06-27T08:44:14Z</time>
        <hdop>4.5</hdop>
        <extensions>
          <osmand:speed>1.4</osmand:speed>
        </extensions>
      </trkpt>
      <trkpt lat="53.6753995" lon="23.7907288">
        <ele>140</ele>
        <time>2026-06-27T08:44:25Z</time>
        <hdop>4.5</hdop>
        <extensions>
          <osmand:speed>0.4</osmand:speed>
        </extensions>
      </trkpt>
      <trkpt lat="53.6754412" lon="23.7911461">
        <ele>141</ele>
        <time>2026-06-27T08:44:36Z</time>
        <hdop>4.5</hdop>
        <extensions>
          <osmand:speed>2.3</osmand:speed>
        </extensions>
      </trkpt>
      <trkpt lat="53.6754505" lon="23.7915456">
        <ele>141</ele>
        <time>2026-06-27T08:44:47Z</time>
        <hdop>5.5</hdop>
        <extensions>
          <osmand:speed>1.5</osmand:speed>
        </extensions>
      </trkpt>
      <trkpt lat="53.6755199" lon="23.7919329">
        <ele>140</ele>
        <time>2026-06-27T08:44:58Z</time>
        <hdop>6</hdop>
        <extensions>
          <osmand:speed>1</osmand:speed>
        </extensions>
      </trkpt>
      <trkpt lat="53.6757304" lon="23.7921029">
        <ele>141</ele>
        <time>2026-06-27T08:45:09Z</time>
        <hdop>12</hdop>
        <extensions>
          <osmand:speed>1</osmand:speed>
        </extensions>
      </trkpt>
      <trkpt lat="53.6761099" lon="23.7916058">
        <ele>141</ele>
        <time>2026-06-27T08:45:20Z</time>
        <hdop>18.5</hdop>
        <extensions>
          <osmand:speed>4.4</osmand:speed>
        </extensions>
      </trkpt>
      <trkpt lat="53.6763947" lon="23.791625">
        <ele>140</ele>
        <time>2026-06-27T08:45:31Z</time>
        <hdop>19</hdop>
        <extensions>
          <osmand:speed>2.8</osmand:speed>
        </extensions>
      </trkpt>
      <trkpt lat="53.6763639" lon="23.7922083">
        <ele>131</ele>
        <time>2026-06-27T08:45:42Z</time>
        <hdop>18</hdop>
      </trkpt>
      <trkpt lat="53.6764379" lon="23.7929553">
        <ele>132</ele>
        <time>2026-06-27T08:45:53Z</time>
        <hdop>12.5</hdop>
        <extensions>
          <osmand:speed>3.4</osmand:speed>
        </extensions>
      </trkpt>
      <trkpt lat="53.676617" lon="23.7930882">
        <ele>130</ele>
        <time>2026-06-27T08:46:04Z</time>
        <hdop>17.5</hdop>
        <extensions>
          <osmand:speed>0.6</osmand:speed>
        </extensions>
      </trkpt>
      <trkpt lat="53.6768204" lon="23.7932732">
        <ele>131</ele>
        <time>2026-06-27T08:46:15Z</time>
        <hdop>16.5</hdop>
        <extensions>
          <osmand:speed>1.9</osmand:speed>
        </extensions>
      </trkpt>
      <trkpt lat="53.6770255" lon="23.7935446">
        <ele>126</ele>
        <time>2026-06-27T08:46:26Z</time>
        <hdop>15.5</hdop>
        <extensions>
          <osmand:speed>3.1</osmand:speed>
        </extensions>
      </trkpt>
      <trkpt lat="53.677306" lon="23.7938524">
        <ele>122</ele>
        <time>2026-06-27T08:46:37Z</time>
        <hdop>15.5</hdop>
        <extensions>
          <osmand:speed>2.2</osmand:speed>
        </extensions>
      </trkpt>
      <trkpt lat="53.6775835" lon="23.7940518">
        <ele>120</ele>
        <time>2026-06-27T08:46:48Z</time>
        <hdop>17.5</hdop>
        <extensions>
          <osmand:speed>2.4</osmand:speed>
        </extensions>
      </trkpt>
      <trkpt lat="53.6778171" lon="23.7945954">
        <ele>121</ele>
        <time>2026-06-27T08:46:59Z</time>
        <hdop>16</hdop>
        <extensions>
          <osmand:speed>1.6</osmand:speed>
        </extensions>
      </trkpt>
      <trkpt lat="53.6779505" lon="23.7956458">
        <ele>122</ele>
        <time>2026-06-27T08:47:10Z</time>
        <hdop>13.5</hdop>
        <extensions>
          <osmand:speed>1.8</osmand:speed>
        </extensions>
      </trkpt>
      <trkpt lat="53.678019" lon="23.7962135">
        <ele>123</ele>
        <time>2026-06-27T08:47:21Z</time>
        <hdop>13.5</hdop>
        <extensions>
          <osmand:speed>3</osmand:speed>
        </extensions>
      </trkpt>
      <trkpt lat="53.6780849" lon="23.7966052">
        <ele>122</ele>
        <time>2026-06-27T08:47:32Z</time>
        <hdop>13.5</hdop>
        <extensions>
          <osmand:speed>1.7</osmand:speed>
        </extensions>
      </trkpt>
      <trkpt lat="53.6782147" lon="23.7970174">
        <ele>121</ele>
        <time>2026-06-27T08:47:43Z</time>
        <hdop>10.5</hdop>
        <extensions>
          <osmand:speed>2</osmand:speed>
        </extensions>
      </trkpt>
      <trkpt lat="53.6783412" lon="23.7975545">
        <ele>120</ele>
        <time>2026-06-27T08:47:54Z</time>
        <hdop>9</hdop>
        <extensions>
          <osmand:speed>4.6</osmand:speed>
        </extensions>
      </trkpt>
      <trkpt lat="53.6784613" lon="23.7978509">
        <ele>123</ele>
        <time>2026-06-27T08:48:05Z</time>
        <hdop>12</hdop>
        <extensions>
          <osmand:speed>1.8</osmand:speed>
        </extensions>
      </trkpt>
      <trkpt lat="53.678729" lon="23.7977009">
        <ele>123</ele>
        <time>2026-06-27T08:48:16Z</time>
        <hdop>15</hdop>
        <extensions>
          <osmand:speed>3.5</osmand:speed>
        </extensions>
      </trkpt>
      <trkpt lat="53.6788783" lon="23.7976078">
        <ele>123</ele>
        <time>2026-06-27T08:48:27Z</time>
        <hdop>12</hdop>
        <extensions>
          <osmand:speed>0.3</osmand:speed>
        </extensions>
      </trkpt>
      <trkpt lat="53.678897" lon="23.7975567">
        <ele>121</ele>
        <time>2026-06-27T08:48:38Z</time>
        <hdop>10.5</hdop>
        <extensions>
          <osmand:speed>0.1</osmand:speed>
        </extensions>
      </trkpt>
      <trkpt lat="53.6789051" lon="23.7975267">
        <ele>121</ele>
        <time>2026-06-27T08:48:49Z</time>
        <hdop>11.5</hdop>
      </trkpt>
      <trkpt lat="53.6789051" lon="23.7975267">
        <ele>121</ele>
        <time>2026-06-27T08:49:00Z</time>
        <hdop>10.5</hdop>
      </trkpt>
      <trkpt lat="53.6789053" lon="23.7974708">
        <ele>121</ele>
        <time>2026-06-27T08:49:11Z</time>
        <hdop>9</hdop>
      </trkpt>
      <trkpt lat="53.6789053" lon="23.7974708">
        <ele>121</ele>
        <time>2026-06-27T08:49:22Z</time>
        <hdop>6.5</hdop>
      </trkpt>
      <trkpt lat="53.6787929" lon="23.7975369">
        <ele>120</ele>
        <time>2026-06-27T08:49:33Z</time>
        <hdop>5</hdop>
        <extensions>
          <osmand:speed>0.4</osmand:speed>
        </extensions>
      </trkpt>
      <trkpt lat="53.6787797" lon="23.797535">
        <ele>119</ele>
        <time>2026-06-27T08:49:44Z</time>
        <hdop>5</hdop>
      </trkpt>
      <trkpt lat="53.6787797" lon="23.797535">
        <ele>119</ele>
        <time>2026-06-27T08:49:55Z</time>
        <hdop>4.5</hdop>
      </trkpt>
      <trkpt lat="53.6787797" lon="23.797535">
        <ele>119</ele>
        <time>2026-06-27T08:50:06Z</time>
        <hdop>5</hdop>
      </trkpt>
      <trkpt lat="53.6787797" lon="23.797535">
        <ele>119</ele>
        <time>2026-06-27T08:50:17Z</time>
        <hdop>4.5</hdop>
      </trkpt>
      <trkpt lat="53.6787448" lon="23.7975415">
        <ele>120</ele>
        <time>2026-06-27T08:50:28Z</time>
        <hdop>3.5</hdop>
        <extensions>
          <osmand:speed>1.1</osmand:speed>
        </extensions>
      </trkpt>
      <trkpt lat="53.6784609" lon="23.7976931">
        <ele>122</ele>
        <time>2026-06-27T08:50:39Z</time>
        <hdop>4</hdop>
        <extensions>
          <osmand:speed>1.5</osmand:speed>
        </extensions>
      </trkpt>
      <trkpt lat="53.6782302" lon="23.7971185">
        <ele>124</ele>
        <time>2026-06-27T08:50:50Z</time>
        <hdop>4.5</hdop>
        <extensions>
          <osmand:speed>6.5</osmand:speed>
        </extensions>
      </trkpt>
      <trkpt lat="53.6780739" lon="23.7962697">
        <ele>126</ele>
        <time>2026-06-27T08:51:01Z</time>
        <hdop>4.5</hdop>
        <extensions>
          <osmand:speed>4.3</osmand:speed>
        </extensions>
      </trkpt>
      <trkpt lat="53.6778553" lon="23.7953034">
        <ele>129</ele>
        <time>2026-06-27T08:51:12Z</time>
        <hdop>4</hdop>
        <extensions>
          <osmand:speed>6.2</osmand:speed>
        </extensions>
      </trkpt>
      <trkpt lat="53.6774342" lon="23.7948052">
        <ele>131</ele>
        <time>2026-06-27T08:51:23Z</time>
        <hdop>4.5</hdop>
        <extensions>
          <osmand:speed>4.4</osmand:speed>
        </extensions>
      </trkpt>
      <trkpt lat="53.6770265" lon="23.7943337">
        <ele>132</ele>
        <time>2026-06-27T08:51:34Z</time>
        <hdop>4</hdop>
        <extensions>
          <osmand:speed>3.1</osmand:speed>
        </extensions>
      </trkpt>
      <trkpt lat="53.6767213" lon="23.7936994">
        <ele>132</ele>
        <time>2026-06-27T08:51:45Z</time>
        <hdop>5</hdop>
        <extensions>
          <osmand:speed>3</osmand:speed>
        </extensions>
      </trkpt>
      <trkpt lat="53.6764948" lon="23.7931093">
        <ele>132</ele>
        <time>2026-06-27T08:51:56Z</time>
        <hdop>4</hdop>
        <extensions>
          <osmand:speed>1.7</osmand:speed>
        </extensions>
      </trkpt>
      <trkpt lat="53.676339" lon="23.7927449">
        <ele>131</ele>
        <time>2026-06-27T08:52:07Z</time>
        <hdop>4.5</hdop>
        <extensions>
          <osmand:speed>1</osmand:speed>
        </extensions>
      </trkpt>
      <trkpt lat="53.6760633" lon="23.7926219">
        <ele>131</ele>
        <time>2026-06-27T08:52:18Z</time>
        <hdop>4</hdop>
        <extensions>
          <osmand:speed>1.1</osmand:speed>
        </extensions>
      </trkpt>
      <trkpt lat="53.675759" lon="23.7924672">
        <ele>130</ele>
        <time>2026-06-27T08:52:29Z</time>
        <hdop>4.5</hdop>
        <extensions>
          <osmand:speed>2</osmand:speed>
        </extensions>
      </trkpt>
      <trkpt lat="53.6755489" lon="23.7924134">
        <ele>128</ele>
        <time>2026-06-27T08:52:40Z</time>
        <hdop>4.5</hdop>
        <extensions>
          <osmand:speed>1.3</osmand:speed>
        </extensions>
      </trkpt>
      <trkpt lat="53.6755155" lon="23.7923715">
        <ele>129</ele>
        <time>2026-06-27T08:52:51Z</time>
        <hdop>4.5</hdop>
        <extensions>
          <osmand:speed>1.7</osmand:speed>
        </extensions>
      </trkpt>
      <trkpt lat="53.6754562" lon="23.7918559">
        <ele>127</ele>
        <time>2026-06-27T08:53:02Z</time>
        <hdop>5</hdop>
        <extensions>
          <osmand:speed>0.7</osmand:speed>
        </extensions>
      </trkpt>
      <trkpt lat="53.6753766" lon="23.7911921">
        <ele>124</ele>
        <time>2026-06-27T08:53:13Z</time>
        <hdop>4.5</hdop>
        <extensions>
          <osmand:speed>1.5</osmand:speed>
        </extensions>
      </trkpt>
      <trkpt lat="53.6753003" lon="23.7905113">
        <ele>121</ele>
        <time>2026-06-27T08:53:24Z</time>
        <hdop>4</hdop>
        <extensions>
          <osmand:speed>1</osmand:speed>
        </extensions>
      </trkpt>
      <trkpt lat="53.675183" lon="23.7897166">
        <ele>120</ele>
        <time>2026-06-27T08:53:35Z</time>
        <hdop>4</hdop>
        <extensions>
          <osmand:speed>2.7</osmand:speed>
        </extensions>
      </trkpt>
      <trkpt lat="53.6750881" lon="23.7889463">
        <ele>118</ele>
        <time>2026-06-27T08:53:46Z</time>
        <hdop>4.5</hdop>
        <extensions>
          <osmand:speed>2</osmand:speed>
        </extensions>
      </trkpt>
      <trkpt lat="53.674961" lon="23.7878448">
        <ele>117</ele>
        <time>2026-06-27T08:53:57Z</time>
        <hdop>5</hdop>
        <extensions>
          <osmand:speed>3.7</osmand:speed>
        </extensions>
      </trkpt>
      <trkpt lat="53.6748441" lon="23.7865921">
        <ele>124</ele>
        <time>2026-06-27T08:54:08Z</time>
        <hdop>4</hdop>
        <extensions>
          <osmand:speed>2.6</osmand:speed>
        </extensions>
      </trkpt>
      <trkpt lat="53.6747672" lon="23.7856022">
        <ele>140</ele>
        <time>2026-06-27T08:54:19Z</time>
        <hdop>3</hdop>
        <extensions>
          <osmand:speed>6.4</osmand:speed>
        </extensions>
      </trkpt>
      <trkpt lat="53.6749778" lon="23.7846969">
        <ele>142</ele>
        <time>2026-06-27T08:54:30Z</time>
        <hdop>4.5</hdop>
        <extensions>
          <osmand:speed>3.4</osmand:speed>
        </extensions>
      </trkpt>
      <trkpt lat="53.6751487" lon="23.7838662">
        <ele>143</ele>
        <time>2026-06-27T08:54:41Z</time>
        <hdop>4.5</hdop>
        <extensions>
          <osmand:speed>2</osmand:speed>
        </extensions>
      </trkpt>
      <trkpt lat="53.6752351" lon="23.7834981">
        <ele>143</ele>
        <time>2026-06-27T08:54:52Z</time>
        <hdop>5</hdop>
        <extensions>
          <osmand:speed>1.8</osmand:speed>
        </extensions>
      </trkpt>
      <trkpt lat="53.6753866" lon="23.7829406">
        <ele>138</ele>
        <time>2026-06-27T08:55:03Z</time>
        <hdop>4.5</hdop>
        <extensions>
          <osmand:speed>2.5</osmand:speed>
        </extensions>
      </trkpt>
      <trkpt lat="53.6753122" lon="23.7823281">
        <ele>137</ele>
        <time>2026-06-27T08:55:14Z</time>
        <hdop>3</hdop>
        <extensions>
          <osmand:speed>5.1</osmand:speed>
        </extensions>
      </trkpt>
      <trkpt lat="53.6752767" lon="23.7814409">
        <ele>136</ele>
        <time>2026-06-27T08:55:25Z</time>
        <hdop>2.5</hdop>
        <extensions>
          <osmand:speed>5.5</osmand:speed>
        </extensions>
      </trkpt>
      <trkpt lat="53.6751758" lon="23.7807559">
        <ele>136</ele>
        <time>2026-06-27T08:55:36Z</time>
        <hdop>2.5</hdop>
        <extensions>
          <osmand:speed>3.9</osmand:speed>
        </extensions>
      </trkpt>
      <trkpt lat="53.6751357" lon="23.7796147">
        <ele>133</ele>
        <time>2026-06-27T08:55:47Z</time>
        <hdop>2</hdop>
        <extensions>
          <osmand:speed>8.4</osmand:speed>
        </extensions>
      </trkpt>
      <trkpt lat="53.6750372" lon="23.7782969">
        <ele>133</ele>
        <time>2026-06-27T08:55:58Z</time>
        <hdop>2.5</hdop>
        <extensions>
          <osmand:speed>7.2</osmand:speed>
        </extensions>
      </trkpt>
      <trkpt lat="53.6749586" lon="23.7771494">
        <ele>132</ele>
        <time>2026-06-27T08:56:09Z</time>
        <hdop>2.5</hdop>
        <extensions>
          <osmand:speed>6.4</osmand:speed>
        </extensions>
      </trkpt>
      <trkpt lat="53.6749224" lon="23.7762023">
        <ele>133</ele>
        <time>2026-06-27T08:56:20Z</time>
        <hdop>2.5</hdop>
        <extensions>
          <osmand:speed>5.8</osmand:speed>
        </extensions>
      </trkpt>
      <trkpt lat="53.6749975" lon="23.7754035">
        <ele>133</ele>
        <time>2026-06-27T08:56:31Z</time>
        <hdop>3</hdop>
        <extensions>
          <osmand:speed>3.7</osmand:speed>
        </extensions>
      </trkpt>
      <trkpt lat="53.6755399" lon="23.775217">
        <ele>132</ele>
        <time>2026-06-27T08:56:42Z</time>
        <hdop>3.5</hdop>
        <extensions>
          <osmand:speed>5.2</osmand:speed>
        </extensions>
      </trkpt>
      <trkpt lat="53.6762415" lon="23.7749554">
        <ele>132</ele>
        <time>2026-06-27T08:56:53Z</time>
        <hdop>3</hdop>
        <extensions>
          <osmand:speed>7</osmand:speed>
        </extensions>
      </trkpt>
      <trkpt lat="53.6768084" lon="23.7744773">
        <ele>131</ele>
        <time>2026-06-27T08:57:04Z</time>
        <hdop>3.5</hdop>
        <extensions>
          <osmand:speed>5.5</osmand:speed>
        </extensions>
      </trkpt>
      <trkpt lat="53.6771874" lon="23.7738473">
        <ele>130</ele>
        <time>2026-06-27T08:57:15Z</time>
        <hdop>3</hdop>
        <extensions>
          <osmand:speed>5.2</osmand:speed>
        </extensions>
      </trkpt>
      <trkpt lat="53.6771685" lon="23.7729592">
        <ele>131</ele>
        <time>2026-06-27T08:57:26Z</time>
        <hdop>3</hdop>
        <extensions>
          <osmand:speed>5.1</osmand:speed>
        </extensions>
      </trkpt>
      <trkpt lat="53.6774132" lon="23.7721994">
        <ele>131</ele>
        <time>2026-06-27T08:57:37Z</time>
        <hdop>3</hdop>
        <extensions>
          <osmand:speed>4.9</osmand:speed>
        </extensions>
      </trkpt>
      <trkpt lat="53.6776611" lon="23.7715472">
        <ele>130</ele>
        <time>2026-06-27T08:57:48Z</time>
        <hdop>4</hdop>
        <extensions>
          <osmand:speed>4.7</osmand:speed>
        </extensions>
      </trkpt>
      <trkpt lat="53.6779874" lon="23.7709473">
        <ele>131</ele>
        <time>2026-06-27T08:57:59Z</time>
        <hdop>4.5</hdop>
        <extensions>
          <osmand:speed>6.1</osmand:speed>
        </extensions>
      </trkpt>
      <trkpt lat="53.6784056" lon="23.7705524">
        <ele>132</ele>
        <time>2026-06-27T08:58:10Z</time>
        <hdop>5</hdop>
        <extensions>
          <osmand:speed>2.6</osmand:speed>
        </extensions>
      </trkpt>
      <trkpt lat="53.6787418" lon="23.7704182">
        <ele>132</ele>
        <time>2026-06-27T08:58:21Z</time>
        <hdop>4.5</hdop>
        <extensions>
          <osmand:speed>1.4</osmand:speed>
        </extensions>
      </trkpt>
      <trkpt lat="53.6790918" lon="23.7702768">
        <ele>133</ele>
        <time>2026-06-27T08:58:32Z</time>
        <hdop>4</hdop>
        <extensions>
          <osmand:speed>3.4</osmand:speed>
        </extensions>
      </trkpt>
      <trkpt lat="53.6794653" lon="23.7704902">
        <ele>133</ele>
        <time>2026-06-27T08:58:43Z</time>
        <hdop>4</hdop>
        <extensions>
          <osmand:speed>1.4</osmand:speed>
        </extensions>
      </trkpt>
      <trkpt lat="53.6797256" lon="23.7703632">
        <ele>134</ele>
        <time>2026-06-27T08:58:54Z</time>
        <hdop>4</hdop>
        <extensions>
          <osmand:speed>2.2</osmand:speed>
        </extensions>
      </trkpt>
      <trkpt lat="53.6800482" lon="23.7702355">
        <ele>134</ele>
        <time>2026-06-27T08:59:05Z</time>
        <hdop>4</hdop>
        <extensions>
          <osmand:speed>1</osmand:speed>
        </extensions>
      </trkpt>
      <trkpt lat="53.6801738" lon="23.7701713">
        <ele>136</ele>
        <time>2026-06-27T08:59:16Z</time>
        <hdop>3.5</hdop>
        <extensions>
          <osmand:speed>0.2</osmand:speed>
        </extensions>
      </trkpt>
      <trkpt lat="53.6802134" lon="23.770168">
        <ele>135</ele>
        <time>2026-06-27T08:59:27Z</time>
        <hdop>3</hdop>
        <extensions>
          <osmand:speed>2</osmand:speed>
        </extensions>
      </trkpt>
      <trkpt lat="53.6802976" lon="23.7700738">
        <ele>135</ele>
        <time>2026-06-27T08:59:38Z</time>
        <hdop>5</hdop>
        <extensions>
          <osmand:speed>0.5</osmand:speed>
        </extensions>
      </trkpt>
      <trkpt lat="53.6803864" lon="23.7701382">
        <ele>136</ele>
        <time>2026-06-27T08:59:49Z</time>
        <hdop>4.5</hdop>
        <extensions>
          <osmand:speed>2.1</osmand:speed>
        </extensions>
      </trkpt>
      <trkpt lat="53.6804728" lon="23.7699975">
        <ele>136</ele>
        <time>2026-06-27T09:00:00Z</time>
        <hdop>5</hdop>
        <extensions>
          <osmand:speed>1.6</osmand:speed>
        </extensions>
      </trkpt>
      <trkpt lat="53.6805363" lon="23.7699387">
        <ele>136</ele>
        <time>2026-06-27T09:00:11Z</time>
        <hdop>3.5</hdop>
        <extensions>
          <osmand:speed>1.6</osmand:speed>
        </extensions>
      </trkpt>
      <trkpt lat="53.6805247" lon="23.7701287">
        <ele>135</ele>
        <time>2026-06-27T09:00:22Z</time>
        <hdop>4</hdop>
        <extensions>
          <osmand:speed>3.1</osmand:speed>
        </extensions>
      </trkpt>
      <trkpt lat="53.6805852" lon="23.7703299">
        <ele>134</ele>
        <time>2026-06-27T09:00:33Z</time>
        <hdop>4</hdop>
        <extensions>
          <osmand:speed>0.6</osmand:speed>
        </extensions>
      </trkpt>
      <trkpt lat="53.6806202" lon="23.770441">
        <ele>133</ele>
        <time>2026-06-27T09:00:44Z</time>
        <hdop>4</hdop>
        <extensions>
          <osmand:speed>0.4</osmand:speed>
        </extensions>
      </trkpt>
      <trkpt lat="53.6806144" lon="23.7704068">
        <ele>131</ele>
        <time>2026-06-27T09:00:55Z</time>
        <hdop>4</hdop>
        <extensions>
          <osmand:speed>2.2</osmand:speed>
        </extensions>
      </trkpt>
      <trkpt lat="53.6805178" lon="23.7700477">
        <ele>132</ele>
        <time>2026-06-27T09:01:06Z</time>
        <hdop>6</hdop>
        <extensions>
          <osmand:speed>1.9</osmand:speed>
        </extensions>
      </trkpt>
      <trkpt lat="53.6802375" lon="23.7701882">
        <ele>130</ele>
        <time>2026-06-27T09:01:17Z</time>
        <hdop>4.5</hdop>
        <extensions>
          <osmand:speed>0.6</osmand:speed>
        </extensions>
      </trkpt>
      <trkpt lat="53.6802244" lon="23.7701587">
        <ele>130</ele>
        <time>2026-06-27T09:01:28Z</time>
        <hdop>4.5</hdop>
      </trkpt>
      <trkpt lat="53.6802244" lon="23.7701587">
        <ele>130</ele>
        <time>2026-06-27T09:01:39Z</time>
        <hdop>4</hdop>
      </trkpt>
      <trkpt lat="53.6802274" lon="23.7701685">
        <ele>129</ele>
        <time>2026-06-27T09:01:50Z</time>
        <hdop>4.5</hdop>
      </trkpt>
      <trkpt lat="53.6802203" lon="23.7701653">
        <ele>130</ele>
        <time>2026-06-27T09:02:01Z</time>
        <hdop>4</hdop>
      </trkpt>
      <trkpt lat="53.6803426" lon="23.7701421">
        <ele>129</ele>
        <time>2026-06-27T09:02:12Z</time>
        <hdop>3.5</hdop>
        <extensions>
          <osmand:speed>2.5</osmand:speed>
        </extensions>
      </trkpt>
      <trkpt lat="53.6805918" lon="23.7698977">
        <ele>129</ele>
        <time>2026-06-27T09:02:23Z</time>
        <hdop>4</hdop>
        <extensions>
          <osmand:speed>3.1</osmand:speed>
        </extensions>
      </trkpt>
      <trkpt lat="53.6810279" lon="23.7696087">
        <ele>133</ele>
        <time>2026-06-27T09:02:34Z</time>
        <hdop>4.5</hdop>
        <extensions>
          <osmand:speed>3.9</osmand:speed>
        </extensions>
      </trkpt>
      <trkpt lat="53.6815718" lon="23.7693463">
        <ele>134</ele>
        <time>2026-06-27T09:02:45Z</time>
        <hdop>4</hdop>
        <extensions>
          <osmand:speed>5.3</osmand:speed>
        </extensions>
      </trkpt>
      <trkpt lat="53.6823042" lon="23.7697865">
        <ele>134</ele>
        <time>2026-06-27T09:02:56Z</time>
        <hdop>3.5</hdop>
        <extensions>
          <osmand:speed>4.3</osmand:speed>
        </extensions>
      </trkpt>
      <trkpt lat="53.682348" lon="23.7697779">
        <ele>133</ele>
        <time>2026-06-27T09:03:07Z</time>
        <hdop>3</hdop>
        <extensions>
          <osmand:speed>2.8</osmand:speed>
        </extensions>
      </trkpt>
      <trkpt lat="53.6821697" lon="23.7694183">
        <ele>133</ele>
        <time>2026-06-27T09:03:18Z</time>
        <hdop>4</hdop>
        <extensions>
          <osmand:speed>2.5</osmand:speed>
        </extensions>
      </trkpt>
      <trkpt lat="53.6824776" lon="23.7690946">
        <ele>134</ele>
        <time>2026-06-27T09:03:29Z</time>
        <hdop>4</hdop>
        <extensions>
          <osmand:speed>2.2</osmand:speed>
        </extensions>
      </trkpt>
      <trkpt lat="53.6829079" lon="23.769024">
        <ele>134</ele>
        <time>2026-06-27T09:03:40Z</time>
        <hdop>4.5</hdop>
        <extensions>
          <osmand:speed>1</osmand:speed>
        </extensions>
      </trkpt>
      <trkpt lat="53.6832954" lon="23.7689124">
        <ele>134</ele>
        <time>2026-06-27T09:03:51Z</time>
        <hdop>4</hdop>
        <extensions>
          <osmand:speed>1.9</osmand:speed>
        </extensions>
      </trkpt>
      <trkpt lat="53.6836029" lon="23.7685647">
        <ele>135</ele>
        <time>2026-06-27T09:04:02Z</time>
        <hdop>4</hdop>
        <extensions>
          <osmand:speed>3.5</osmand:speed>
        </extensions>
      </trkpt>
      <trkpt lat="53.68394" lon="23.7682352">
        <ele>135</ele>
        <time>2026-06-27T09:04:13Z</time>
        <hdop>3.5</hdop>
        <extensions>
          <osmand:speed>2.6</osmand:speed>
        </extensions>
      </trkpt>
      <trkpt lat="53.6842106" lon="23.7679617">
        <ele>135</ele>
        <time>2026-06-27T09:04:24Z</time>
        <hdop>4</hdop>
        <extensions>
          <osmand:speed>2</osmand:speed>
        </extensions>
      </trkpt>
      <trkpt lat="53.6843566" lon="23.7676998">
        <ele>136</ele>
        <time>2026-06-27T09:04:35Z</time>
        <hdop>4</hdop>
        <extensions>
          <osmand:speed>2</osmand:speed>
        </extensions>
      </trkpt>
      <trkpt lat="53.6844126" lon="23.7672967">
        <ele>137</ele>
        <time>2026-06-27T09:04:46Z</time>
        <hdop>3.5</hdop>
        <extensions>
          <osmand:speed>2.3</osmand:speed>
        </extensions>
      </trkpt>
      <trkpt lat="53.6845015" lon="23.7671169">
        <ele>138</ele>
        <time>2026-06-27T09:04:57Z</time>
        <hdop>3.5</hdop>
        <extensions>
          <osmand:speed>1.6</osmand:speed>
        </extensions>
      </trkpt>
      <trkpt lat="53.6846305" lon="23.7674966">
        <ele>137</ele>
        <time>2026-06-27T09:05:08Z</time>
        <hdop>3.5</hdop>
        <extensions>
          <osmand:speed>3.5</osmand:speed>
        </extensions>
      </trkpt>
      <trkpt lat="53.6848778" lon="23.7680879">
        <ele>140</ele>
        <time>2026-06-27T09:05:19Z</time>
        <hdop>3.5</hdop>
        <extensions>
          <osmand:speed>4.5</osmand:speed>
        </extensions>
      </trkpt>
      <trkpt lat="53.6851416" lon="23.7687538">
        <ele>143</ele>
        <time>2026-06-27T09:05:30Z</time>
        <hdop>3.5</hdop>
        <extensions>
          <osmand:speed>3</osmand:speed>
        </extensions>
      </trkpt>
      <trkpt lat="53.6856708" lon="23.7687773">
        <ele>144</ele>
        <time>2026-06-27T09:05:41Z</time>
        <hdop>4</hdop>
        <extensions>
          <osmand:speed>5.6</osmand:speed>
        </extensions>
      </trkpt>
      <trkpt lat="53.6864904" lon="23.7687787">
        <ele>143</ele>
        <time>2026-06-27T09:05:52Z</time>
        <hdop>3</hdop>
        <extensions>
          <osmand:speed>6.8</osmand:speed>
        </extensions>
      </trkpt>
      <trkpt lat="53.6871306" lon="23.7687692">
        <ele>143</ele>
        <time>2026-06-27T09:06:03Z</time>
        <hdop>2.5</hdop>
        <extensions>
          <osmand:speed>5.9</osmand:speed>
        </extensions>
      </trkpt>
      <trkpt lat="53.6876042" lon="23.7688534">
        <ele>143</ele>
        <time>2026-06-27T09:06:14Z</time>
        <hdop>3.5</hdop>
        <extensions>
          <osmand:speed>3.3</osmand:speed>
        </extensions>
      </trkpt>
      <trkpt lat="53.6881765" lon="23.768736">
        <ele>144</ele>
        <time>2026-06-27T09:06:25Z</time>
        <hdop>4</hdop>
        <extensions>
          <osmand:speed>5</osmand:speed>
        </extensions>
      </trkpt>
      <trkpt lat="53.6882461" lon="23.7678819">
        <ele>145</ele>
        <time>2026-06-27T09:06:36Z</time>
        <hdop>3</hdop>
        <extensions>
          <osmand:speed>5.4</osmand:speed>
        </extensions>
      </trkpt>
      <trkpt lat="53.6882511" lon="23.7670435">
        <ele>144</ele>
        <time>2026-06-27T09:06:47Z</time>
        <hdop>2</hdop>
        <extensions>
          <osmand:speed>4.8</osmand:speed>
        </extensions>
      </trkpt>
      <trkpt lat="53.6882131" lon="23.7661992">
        <ele>144</ele>
        <time>2026-06-27T09:06:58Z</time>
        <hdop>2</hdop>
        <extensions>
          <osmand:speed>5.1</osmand:speed>
        </extensions>
      </trkpt>
      <trkpt lat="53.6882174" lon="23.7653552">
        <ele>145</ele>
        <time>2026-06-27T09:07:09Z</time>
        <hdop>2</hdop>
        <extensions>
          <osmand:speed>4.9</osmand:speed>
        </extensions>
      </trkpt>
      <trkpt lat="53.6881506" lon="23.7647763">
        <ele>144</ele>
        <time>2026-06-27T09:07:20Z</time>
        <hdop>2</hdop>
        <extensions>
          <osmand:speed>3</osmand:speed>
        </extensions>
      </trkpt>
      <trkpt lat="53.6880414" lon="23.7648357">
        <ele>142</ele>
        <time>2026-06-27T09:07:31Z</time>
        <hdop>3</hdop>
        <extensions>
          <osmand:speed>0.2</osmand:speed>
        </extensions>
      </trkpt>
      <trkpt lat="53.6880491" lon="23.7648374">
        <ele>142</ele>
        <time>2026-06-27T09:07:42Z</time>
        <hdop>2.5</hdop>
      </trkpt>
      <trkpt lat="53.6880491" lon="23.7648374">
        <ele>142</ele>
        <time>2026-06-27T09:07:53Z</time>
        <hdop>2.5</hdop>
      </trkpt>
      <trkpt lat="53.6880491" lon="23.7648374">
        <ele>142</ele>
        <time>2026-06-27T09:08:04Z</time>
        <hdop>3</hdop>
      </trkpt>
      <trkpt lat="53.6880491" lon="23.7648374">
        <ele>142</ele>
        <time>2026-06-27T09:08:15Z</time>
        <hdop>3</hdop>
      </trkpt>
      <trkpt lat="53.6880491" lon="23.7648374">
        <ele>142</ele>
        <time>2026-06-27T09:08:26Z</time>
        <hdop>3</hdop>
      </trkpt>
      <trkpt lat="53.6880491" lon="23.7648374">
        <ele>142</ele>
        <time>2026-06-27T09:08:37Z</time>
        <hdop>3</hdop>
      </trkpt>
      <trkpt lat="53.6880491" lon="23.7648374">
        <ele>142</ele>
        <time>2026-06-27T09:08:48Z</time>
        <hdop>2.5</hdop>
      </trkpt>
      <trkpt lat="53.6880491" lon="23.7648374">
        <ele>142</ele>
        <time>2026-06-27T09:08:59Z</time>
        <hdop>2.5</hdop>
      </trkpt>
      <trkpt lat="53.6880491" lon="23.7648374">
        <ele>142</ele>
        <time>2026-06-27T09:09:10Z</time>
        <hdop>3</hdop>
      </trkpt>
      <trkpt lat="53.6880491" lon="23.7648374">
        <ele>142</ele>
        <time>2026-06-27T09:09:21Z</time>
        <hdop>3</hdop>
      </trkpt>
      <trkpt lat="53.6880491" lon="23.7648374">
        <ele>142</ele>
        <time>2026-06-27T09:09:32Z</time>
        <hdop>2.5</hdop>
      </trkpt>
      <trkpt lat="53.6880491" lon="23.7648374">
        <ele>142</ele>
        <time>2026-06-27T09:09:43Z</time>
        <hdop>2.5</hdop>
      </trkpt>
      <trkpt lat="53.6880491" lon="23.7648374">
        <ele>142</ele>
        <time>2026-06-27T09:09:54Z</time>
        <hdop>2.5</hdop>
      </trkpt>
      <trkpt lat="53.6880491" lon="23.7648374">
        <ele>142</ele>
        <time>2026-06-27T09:10:05Z</time>
        <hdop>2</hdop>
      </trkpt>
      <trkpt lat="53.68804" lon="23.7648197">
        <ele>143</ele>
        <time>2026-06-27T09:10:16Z</time>
        <hdop>2.5</hdop>
      </trkpt>
      <trkpt lat="53.6880605" lon="23.7647662">
        <ele>145</ele>
        <time>2026-06-27T09:10:27Z</time>
        <hdop>3</hdop>
        <extensions>
          <osmand:speed>1.6</osmand:speed>
        </extensions>
      </trkpt>
      <trkpt lat="53.6881737" lon="23.7648391">
        <ele>147</ele>
        <time>2026-06-27T09:10:38Z</time>
        <hdop>2.5</hdop>
        <extensions>
          <osmand:speed>2.2</osmand:speed>
        </extensions>
      </trkpt>
      <trkpt lat="53.6882559" lon="23.7653427">
        <ele>150</ele>
        <time>2026-06-27T09:10:49Z</time>
        <hdop>1.5</hdop>
        <extensions>
          <osmand:speed>3.5</osmand:speed>
        </extensions>
      </trkpt>
      <trkpt lat="53.6886201" lon="23.7653478">
        <ele>151</ele>
        <time>2026-06-27T09:11:00Z</time>
        <hdop>2.5</hdop>
        <extensions>
          <osmand:speed>2.2</osmand:speed>
        </extensions>
      </trkpt>
      <trkpt lat="53.6886425" lon="23.7654759">
        <ele>150</ele>
        <time>2026-06-27T09:11:11Z</time>
        <hdop>3</hdop>
      </trkpt>
      <trkpt lat="53.6886422" lon="23.7654755">
        <ele>150</ele>
        <time>2026-06-27T09:11:22Z</time>
        <hdop>3</hdop>
      </trkpt>
      <trkpt lat="53.6886422" lon="23.7654755">
        <ele>150</ele>
        <time>2026-06-27T09:11:33Z</time>
        <hdop>2.5</hdop>
      </trkpt>
      <trkpt lat="53.6886422" lon="23.7654755">
        <ele>150</ele>
        <time>2026-06-27T09:11:44Z</time>
        <hdop>2.5</hdop>
      </trkpt>
      <trkpt lat="53.6886422" lon="23.7654755">
        <ele>150</ele>
        <time>2026-06-27T09:11:55Z</time>
        <hdop>3</hdop>
      </trkpt>
      <trkpt lat="53.6886422" lon="23.7654755">
        <ele>150</ele>
        <time>2026-06-27T09:12:06Z</time>
        <hdop>2.5</hdop>
      </trkpt>
      <trkpt lat="53.6886422" lon="23.7654755">
        <ele>150</ele>
        <time>2026-06-27T09:12:17Z</time>
        <hdop>3</hdop>
      </trkpt>
      <trkpt lat="53.6886422" lon="23.7654755">
        <ele>150</ele>
        <time>2026-06-27T09:12:28Z</time>
        <hdop>3</hdop>
      </trkpt>
      <trkpt lat="53.6886422" lon="23.7654755">
        <ele>150</ele>
        <time>2026-06-27T09:12:39Z</time>
        <hdop>2.5</hdop>
      </trkpt>
      <trkpt lat="53.6886422" lon="23.7654755">
        <ele>150</ele>
        <time>2026-06-27T09:12:50Z</time>
        <hdop>3</hdop>
      </trkpt>
      <trkpt lat="53.6886422" lon="23.7654755">
        <ele>150</ele>
        <time>2026-06-27T09:13:01Z</time>
        <hdop>3</hdop>
      </trkpt>
      <trkpt lat="53.6886422" lon="23.7654755">
        <ele>150</ele>
        <time>2026-06-27T09:13:12Z</time>
        <hdop>3</hdop>
      </trkpt>
      <trkpt lat="53.6886499" lon="23.7654588">
        <ele>150</ele>
        <time>2026-06-27T09:13:23Z</time>
        <hdop>2.5</hdop>
      </trkpt>
      <trkpt lat="53.6886499" lon="23.7654588">
        <ele>150</ele>
        <time>2026-06-27T09:13:34Z</time>
        <hdop>2</hdop>
      </trkpt>
      <trkpt lat="53.6886499" lon="23.7654588">
        <ele>150</ele>
        <time>2026-06-27T09:13:45Z</time>
        <hdop>2</hdop>
      </trkpt>
      <trkpt lat="53.6886499" lon="23.7654588">
        <ele>150</ele>
        <time>2026-06-27T09:13:56Z</time>
        <hdop>2</hdop>
      </trkpt>
      <trkpt lat="53.6886499" lon="23.7654588">
        <ele>150</ele>
        <time>2026-06-27T09:14:07Z</time>
        <hdop>2.5</hdop>
      </trkpt>
      <trkpt lat="53.6886499" lon="23.7654588">
        <ele>150</ele>
        <time>2026-06-27T09:14:18Z</time>
        <hdop>2</hdop>
      </trkpt>
      <trkpt lat="53.6885399" lon="23.7653363">
        <ele>151</ele>
        <time>2026-06-27T09:14:29Z</time>
        <hdop>2</hdop>
        <extensions>
          <osmand:speed>3.7</osmand:speed>
        </extensions>
      </trkpt>
      <trkpt lat="53.6882261" lon="23.7653901">
        <ele>151</ele>
        <time>2026-06-27T09:14:40Z</time>
        <hdop>1.5</hdop>
        <extensions>
          <osmand:speed>2.2</osmand:speed>
        </extensions>
      </trkpt>
      <trkpt lat="53.6882295" lon="23.7661006">
        <ele>151</ele>
        <time>2026-06-27T09:14:51Z</time>
        <hdop>1</hdop>
        <extensions>
          <osmand:speed>5.3</osmand:speed>
        </extensions>
      </trkpt>
      <trkpt lat="53.6882522" lon="23.7670184">
        <ele>151</ele>
        <time>2026-06-27T09:15:02Z</time>
        <hdop>1.5</hdop>
        <extensions>
          <osmand:speed>5.7</osmand:speed>
        </extensions>
      </trkpt>
      <trkpt lat="53.6882516" lon="23.7680305">
        <ele>150</ele>
        <time>2026-06-27T09:15:13Z</time>
        <hdop>1</hdop>
        <extensions>
          <osmand:speed>6</osmand:speed>
        </extensions>
      </trkpt>
      <trkpt lat="53.6884465" lon="23.7688593">
        <ele>150</ele>
        <time>2026-06-27T09:15:24Z</time>
        <hdop>2.5</hdop>
        <extensions>
          <osmand:speed>6.1</osmand:speed>
        </extensions>
      </trkpt>
      <trkpt lat="53.6889149" lon="23.7689263">
        <ele>150</ele>
        <time>2026-06-27T09:15:35Z</time>
        <hdop>2</hdop>
        <extensions>
          <osmand:speed>2.2</osmand:speed>
        </extensions>
      </trkpt>
      <trkpt lat="53.6889469" lon="23.7687896">
        <ele>150</ele>
        <time>2026-06-27T09:15:46Z</time>
        <hdop>2</hdop>
        <extensions>
          <osmand:speed>1.2</osmand:speed>
        </extensions>
      </trkpt>
      <trkpt lat="53.6890208" lon="23.7686796">
        <ele>151</ele>
        <time>2026-06-27T09:15:57Z</time>
        <hdop>2.5</hdop>
        <extensions>
          <osmand:speed>1</osmand:speed>
        </extensions>
      </trkpt>
      <trkpt lat="53.6890431" lon="23.7681887">
        <ele>151</ele>
        <time>2026-06-27T09:16:08Z</time>
        <hdop>2.5</hdop>
        <extensions>
          <osmand:speed>2.8</osmand:speed>
        </extensions>
      </trkpt>
      <trkpt lat="53.6890491" lon="23.7679278">
        <ele>151</ele>
        <time>2026-06-27T09:16:19Z</time>
        <hdop>2</hdop>
      </trkpt>
      <trkpt lat="53.6891292" lon="23.7675473">
        <ele>150</ele>
        <time>2026-06-27T09:16:30Z</time>
        <hdop>2</hdop>
        <extensions>
          <osmand:speed>3.2</osmand:speed>
        </extensions>
      </trkpt>
      <trkpt lat="53.6894098" lon="23.7673143">
        <ele>152</ele>
        <time>2026-06-27T09:16:41Z</time>
        <hdop>2</hdop>
        <extensions>
          <osmand:speed>2.4</osmand:speed>
        </extensions>
      </trkpt>
      <trkpt lat="53.6897406" lon="23.7670631">
        <ele>150</ele>
        <time>2026-06-27T09:16:52Z</time>
        <hdop>2</hdop>
        <extensions>
          <osmand:speed>3.5</osmand:speed>
        </extensions>
      </trkpt>
      <trkpt lat="53.6899996" lon="23.7668233">
        <ele>149</ele>
        <time>2026-06-27T09:17:03Z</time>
        <hdop>2.5</hdop>
        <extensions>
          <osmand:speed>2.2</osmand:speed>
        </extensions>
      </trkpt>
      <trkpt lat="53.69015" lon="23.7665311">
        <ele>149</ele>
        <time>2026-06-27T09:17:14Z</time>
        <hdop>2.5</hdop>
        <extensions>
          <osmand:speed>0.1</osmand:speed>
        </extensions>
      </trkpt>
      <trkpt lat="53.6901814" lon="23.7664602">
        <ele>149</ele>
        <time>2026-06-27T09:17:25Z</time>
        <hdop>2</hdop>
      </trkpt>
      <trkpt lat="53.6902448" lon="23.7662611">
        <ele>149</ele>
        <time>2026-06-27T09:17:36Z</time>
        <hdop>2.5</hdop>
        <extensions>
          <osmand:speed>0.9</osmand:speed>
        </extensions>
      </trkpt>
      <trkpt lat="53.6903907" lon="23.7662591">
        <ele>149</ele>
        <time>2026-06-27T09:17:47Z</time>
        <hdop>2.5</hdop>
        <extensions>
          <osmand:speed>3.6</osmand:speed>
        </extensions>
      </trkpt>
      <trkpt lat="53.6907584" lon="23.7662567">
        <ele>149</ele>
        <time>2026-06-27T09:17:58Z</time>
        <hdop>2.5</hdop>
        <extensions>
          <osmand:speed>0.8</osmand:speed>
        </extensions>
      </trkpt>
      <trkpt lat="53.6908776" lon="23.7660197">
        <ele>150</ele>
        <time>2026-06-27T09:18:09Z</time>
        <hdop>2.5</hdop>
      </trkpt>
      <trkpt lat="53.6908812" lon="23.7660057">
        <ele>150</ele>
        <time>2026-06-27T09:18:20Z</time>
        <hdop>2</hdop>
      </trkpt>
      <trkpt lat="53.6908812" lon="23.7660057">
        <ele>150</ele>
        <time>2026-06-27T09:18:31Z</time>
        <hdop>2.5</hdop>
      </trkpt>
      <trkpt lat="53.6908812" lon="23.7660057">
        <ele>150</ele>
        <time>2026-06-27T09:18:42Z</time>
        <hdop>2.5</hdop>
      </trkpt>
      <trkpt lat="53.6908725" lon="23.7659773">
        <ele>150</ele>
        <time>2026-06-27T09:18:53Z</time>
        <hdop>2</hdop>
      </trkpt>
      <trkpt lat="53.6908542" lon="23.7660618">
        <ele>150</ele>
        <time>2026-06-27T09:19:04Z</time>
        <hdop>2.5</hdop>
        <extensions>
          <osmand:speed>1.5</osmand:speed>
        </extensions>
      </trkpt>
      <trkpt lat="53.6908969" lon="23.7663647">
        <ele>146</ele>
        <time>2026-06-27T09:19:15Z</time>
        <hdop>2</hdop>
        <extensions>
          <osmand:speed>2.1</osmand:speed>
        </extensions>
      </trkpt>
      <trkpt lat="53.6910001" lon="23.7665798">
        <ele>147</ele>
        <time>2026-06-27T09:19:26Z</time>
        <hdop>3</hdop>
        <extensions>
          <osmand:speed>1</osmand:speed>
        </extensions>
      </trkpt>
      <trkpt lat="53.6910317" lon="23.766699">
        <ele>147</ele>
        <time>2026-06-27T09:19:37Z</time>
        <hdop>2</hdop>
      </trkpt>
      <trkpt lat="53.6910509" lon="23.7667979">
        <ele>148</ele>
        <time>2026-06-27T09:19:48Z</time>
        <hdop>2</hdop>
      </trkpt>
      <trkpt lat="53.6910652" lon="23.766853">
        <ele>149</ele>
        <time>2026-06-27T09:19:59Z</time>
        <hdop>2</hdop>
      </trkpt>
      <trkpt lat="53.6910883" lon="23.7669646">
        <ele>148</ele>
        <time>2026-06-27T09:20:10Z</time>
        <hdop>2</hdop>
      </trkpt>
      <trkpt lat="53.69116" lon="23.7668237">
        <ele>149</ele>
        <time>2026-06-27T09:20:21Z</time>
        <hdop>2.5</hdop>
        <extensions>
          <osmand:speed>2.6</osmand:speed>
        </extensions>
      </trkpt>
      <trkpt lat="53.6913567" lon="23.7667291">
        <ele>150</ele>
        <time>2026-06-27T09:20:32Z</time>
        <hdop>2.5</hdop>
        <extensions>
          <osmand:speed>1.5</osmand:speed>
        </extensions>
      </trkpt>
      <trkpt lat="53.6916016" lon="23.7667389">
        <ele>151</ele>
        <time>2026-06-27T09:20:43Z</time>
        <hdop>2.5</hdop>
        <extensions>
          <osmand:speed>2.2</osmand:speed>
        </extensions>
      </trkpt>
      <trkpt lat="53.6918853" lon="23.7667903">
        <ele>150</ele>
        <time>2026-06-27T09:20:54Z</time>
        <hdop>2.5</hdop>
        <extensions>
          <osmand:speed>2.7</osmand:speed>
        </extensions>
      </trkpt>
      <trkpt lat="53.6923356" lon="23.7669244">
        <ele>148</ele>
        <time>2026-06-27T09:21:05Z</time>
        <hdop>2</hdop>
        <extensions>
          <osmand:speed>5</osmand:speed>
        </extensions>
      </trkpt>
      <trkpt lat="53.6928002" lon="23.7670681">
        <ele>147</ele>
        <time>2026-06-27T09:21:16Z</time>
        <hdop>2</hdop>
        <extensions>
          <osmand:speed>5.3</osmand:speed>
        </extensions>
      </trkpt>
      <trkpt lat="53.6933865" lon="23.7672446">
        <ele>147</ele>
        <time>2026-06-27T09:21:27Z</time>
        <hdop>1.5</hdop>
        <extensions>
          <osmand:speed>4.4</osmand:speed>
        </extensions>
      </trkpt>
      <trkpt lat="53.6937385" lon="23.7674133">
        <ele>148</ele>
        <time>2026-06-27T09:21:38Z</time>
        <hdop>2.5</hdop>
        <extensions>
          <osmand:speed>3.1</osmand:speed>
        </extensions>
      </trkpt>
      <trkpt lat="53.694058" lon="23.7674611">
        <ele>149</ele>
        <time>2026-06-27T09:21:49Z</time>
        <hdop>3</hdop>
        <extensions>
          <osmand:speed>1.8</osmand:speed>
        </extensions>
      </trkpt>
      <trkpt lat="53.6946057" lon="23.7673672">
        <ele>145</ele>
        <time>2026-06-27T09:22:00Z</time>
        <hdop>2.5</hdop>
        <extensions>
          <osmand:speed>4.1</osmand:speed>
        </extensions>
      </trkpt>
      <trkpt lat="53.6947974" lon="23.7681117">
        <ele>145</ele>
        <time>2026-06-27T09:22:11Z</time>
        <hdop>1.5</hdop>
        <extensions>
          <osmand:speed>5</osmand:speed>
        </extensions>
      </trkpt>
      <trkpt lat="53.6948087" lon="23.7684574">
        <ele>144</ele>
        <time>2026-06-27T09:22:22Z</time>
        <hdop>2.5</hdop>
        <extensions>
          <osmand:speed>0.3</osmand:speed>
        </extensions>
      </trkpt>
      <trkpt lat="53.6951601" lon="23.7685104">
        <ele>143</ele>
        <time>2026-06-27T09:22:33Z</time>
        <hdop>2</hdop>
        <extensions>
          <osmand:speed>3.6</osmand:speed>
        </extensions>
      </trkpt>
      <trkpt lat="53.695605" lon="23.7689848">
        <ele>146</ele>
        <time>2026-06-27T09:22:44Z</time>
        <hdop>2.5</hdop>
        <extensions>
          <osmand:speed>4.6</osmand:speed>
        </extensions>
      </trkpt>
      <trkpt lat="53.6959779" lon="23.7689979">
        <ele>147</ele>
        <time>2026-06-27T09:22:55Z</time>
        <hdop>3</hdop>
        <extensions>
          <osmand:speed>1.9</osmand:speed>
        </extensions>
      </trkpt>
      <trkpt lat="53.6962705" lon="23.7689699">
        <ele>145</ele>
        <time>2026-06-27T09:23:06Z</time>
        <hdop>3</hdop>
        <extensions>
          <osmand:speed>0.9</osmand:speed>
        </extensions>
      </trkpt>
      <trkpt lat="53.6962908" lon="23.7689848">
        <ele>145</ele>
        <time>2026-06-27T09:23:17Z</time>
        <hdop>3.5</hdop>
      </trkpt>
      <trkpt lat="53.6966886" lon="23.7690993">
        <ele>142</ele>
        <time>2026-06-27T09:23:28Z</time>
        <hdop>4</hdop>
        <extensions>
          <osmand:speed>2.5</osmand:speed>
        </extensions>
      </trkpt>
      <trkpt lat="53.6970183" lon="23.7691798">
        <ele>139</ele>
        <time>2026-06-27T09:23:39Z</time>
        <hdop>4</hdop>
      </trkpt>
      <trkpt lat="53.6970183" lon="23.7691798">
        <ele>139</ele>
        <time>2026-06-27T09:23:50Z</time>
        <hdop>4</hdop>
      </trkpt>
      <trkpt lat="53.6970183" lon="23.7691798">
        <ele>139</ele>
        <time>2026-06-27T09:24:01Z</time>
        <hdop>2.5</hdop>
      </trkpt>
      <trkpt lat="53.6970813" lon="23.7690721">
        <ele>138</ele>
        <time>2026-06-27T09:24:12Z</time>
        <hdop>4</hdop>
        <extensions>
          <osmand:speed>1.5</osmand:speed>
        </extensions>
      </trkpt>
      <trkpt lat="53.6972225" lon="23.7686949">
        <ele>136</ele>
        <time>2026-06-27T09:24:23Z</time>
        <hdop>4.5</hdop>
        <extensions>
          <osmand:speed>1.4</osmand:speed>
        </extensions>
      </trkpt>
      <trkpt lat="53.6975244" lon="23.7685691">
        <ele>135</ele>
        <time>2026-06-27T09:24:34Z</time>
        <hdop>4.5</hdop>
        <extensions>
          <osmand:speed>2.5</osmand:speed>
        </extensions>
      </trkpt>
      <trkpt lat="53.6978294" lon="23.7684073">
        <ele>135</ele>
        <time>2026-06-27T09:24:45Z</time>
        <hdop>5.5</hdop>
        <extensions>
          <osmand:speed>1.2</osmand:speed>
        </extensions>
      </trkpt>
      <trkpt lat="53.6979924" lon="23.7683379">
        <ele>135</ele>
        <time>2026-06-27T09:24:56Z</time>
        <hdop>5.5</hdop>
      </trkpt>
      <trkpt lat="53.698052" lon="23.7682534">
        <ele>138</ele>
        <time>2026-06-27T09:25:07Z</time>
        <hdop>5</hdop>
      </trkpt>
      <trkpt lat="53.698052" lon="23.7682534">
        <ele>138</ele>
        <time>2026-06-27T09:25:18Z</time>
        <hdop>5</hdop>
      </trkpt>
      <trkpt lat="53.698073" lon="23.7682526">
        <ele>139</ele>
        <time>2026-06-27T09:25:29Z</time>
        <hdop>5</hdop>
        <extensions>
          <osmand:speed>0.1</osmand:speed>
        </extensions>
      </trkpt>
      <trkpt lat="53.6980897" lon="23.7682525">
        <ele>140</ele>
        <time>2026-06-27T09:25:40Z</time>
        <hdop>5</hdop>
      </trkpt>
      <trkpt lat="53.6980897" lon="23.7682525">
        <ele>140</ele>
        <time>2026-06-27T09:25:51Z</time>
        <hdop>4.5</hdop>
      </trkpt>
      <trkpt lat="53.6980897" lon="23.7682525">
        <ele>140</ele>
        <time>2026-06-27T09:26:02Z</time>
        <hdop>4.5</hdop>
      </trkpt>
      <trkpt lat="53.6981615" lon="23.7682534">
        <ele>141</ele>
        <time>2026-06-27T09:26:13Z</time>
        <hdop>4</hdop>
        <extensions>
          <osmand:speed>0.3</osmand:speed>
        </extensions>
      </trkpt>
      <trkpt lat="53.698174" lon="23.7682959">
        <ele>143</ele>
        <time>2026-06-27T09:26:24Z</time>
        <hdop>4.5</hdop>
        <extensions>
          <osmand:speed>1.3</osmand:speed>
        </extensions>
      </trkpt>
      <trkpt lat="53.6980532" lon="23.768429">
        <ele>142</ele>
        <time>2026-06-27T09:26:35Z</time>
        <hdop>4</hdop>
        <extensions>
          <osmand:speed>1.5</osmand:speed>
        </extensions>
      </trkpt>
      <trkpt lat="53.6978694" lon="23.7684903">
        <ele>142</ele>
        <time>2026-06-27T09:26:46Z</time>
        <hdop>3.5</hdop>
        <extensions>
          <osmand:speed>0.8</osmand:speed>
        </extensions>
      </trkpt>
      <trkpt lat="53.6977544" lon="23.7687552">
        <ele>139</ele>
        <time>2026-06-27T09:26:57Z</time>
        <hdop>3.5</hdop>
        <extensions>
          <osmand:speed>1.5</osmand:speed>
        </extensions>
      </trkpt>
      <trkpt lat="53.6976757" lon="23.7690395">
        <ele>138</ele>
        <time>2026-06-27T09:27:08Z</time>
        <hdop>3</hdop>
        <extensions>
          <osmand:speed>0.6</osmand:speed>
        </extensions>
      </trkpt>
      <trkpt lat="53.6976661" lon="23.7691114">
        <ele>144</ele>
        <time>2026-06-27T09:27:19Z</time>
        <hdop>2.5</hdop>
      </trkpt>
      <trkpt lat="53.6976661" lon="23.7691114">
        <ele>144</ele>
        <time>2026-06-27T09:27:30Z</time>
        <hdop>3</hdop>
      </trkpt>
      <trkpt lat="53.6975575" lon="23.7691831">
        <ele>148</ele>
        <time>2026-06-27T09:27:41Z</time>
        <hdop>2</hdop>
        <extensions>
          <osmand:speed>1.6</osmand:speed>
        </extensions>
      </trkpt>
      <trkpt lat="53.6972558" lon="23.7691323">
        <ele>147</ele>
        <time>2026-06-27T09:27:52Z</time>
        <hdop>2.5</hdop>
        <extensions>
          <osmand:speed>3.9</osmand:speed>
        </extensions>
      </trkpt>
      <trkpt lat="53.6968669" lon="23.7690707">
        <ele>148</ele>
        <time>2026-06-27T09:28:03Z</time>
        <hdop>2.5</hdop>
        <extensions>
          <osmand:speed>2.5</osmand:speed>
        </extensions>
      </trkpt>
      <trkpt lat="53.6965995" lon="23.7687432">
        <ele>149</ele>
        <time>2026-06-27T09:28:14Z</time>
        <hdop>3</hdop>
        <extensions>
          <osmand:speed>2</osmand:speed>
        </extensions>
      </trkpt>
      <trkpt lat="53.6965894" lon="23.7678323">
        <ele>152</ele>
        <time>2026-06-27T09:28:25Z</time>
        <hdop>3</hdop>
        <extensions>
          <osmand:speed>3.6</osmand:speed>
        </extensions>
      </trkpt>
      <trkpt lat="53.6965973" lon="23.766933">
        <ele>152</ele>
        <time>2026-06-27T09:28:36Z</time>
        <hdop>2.5</hdop>
        <extensions>
          <osmand:speed>3.9</osmand:speed>
        </extensions>
      </trkpt>
      <trkpt lat="53.6966915" lon="23.7661062">
        <ele>150</ele>
        <time>2026-06-27T09:28:47Z</time>
        <hdop>2</hdop>
        <extensions>
          <osmand:speed>5</osmand:speed>
        </extensions>
      </trkpt>
      <trkpt lat="53.69723" lon="23.766158">
        <ele>147</ele>
        <time>2026-06-27T09:28:58Z</time>
        <hdop>2.5</hdop>
        <extensions>
          <osmand:speed>5.1</osmand:speed>
        </extensions>
      </trkpt>
      <trkpt lat="53.6977327" lon="23.7661657">
        <ele>146</ele>
        <time>2026-06-27T09:29:09Z</time>
        <hdop>2</hdop>
        <extensions>
          <osmand:speed>5</osmand:speed>
        </extensions>
      </trkpt>
      <trkpt lat="53.6982467" lon="23.7661327">
        <ele>144</ele>
        <time>2026-06-27T09:29:20Z</time>
        <hdop>2.5</hdop>
        <extensions>
          <osmand:speed>5.1</osmand:speed>
        </extensions>
      </trkpt>
      <trkpt lat="53.6987998" lon="23.7660684">
        <ele>142</ele>
        <time>2026-06-27T09:29:31Z</time>
        <hdop>2.5</hdop>
        <extensions>
          <osmand:speed>5.9</osmand:speed>
        </extensions>
      </trkpt>
      <trkpt lat="53.6993645" lon="23.7660423">
        <ele>143</ele>
        <time>2026-06-27T09:29:42Z</time>
        <hdop>2.5</hdop>
        <extensions>
          <osmand:speed>4.8</osmand:speed>
        </extensions>
      </trkpt>
      <trkpt lat="53.6997934" lon="23.7660785">
        <ele>146</ele>
        <time>2026-06-27T09:29:53Z</time>
        <hdop>3</hdop>
        <extensions>
          <osmand:speed>1.8</osmand:speed>
        </extensions>
      </trkpt>
      <trkpt lat="53.7001287" lon="23.76592">
        <ele>146</ele>
        <time>2026-06-27T09:30:04Z</time>
        <hdop>3</hdop>
        <extensions>
          <osmand:speed>2.3</osmand:speed>
        </extensions>
      </trkpt>
      <trkpt lat="53.7006443" lon="23.7659275">
        <ele>143</ele>
        <time>2026-06-27T09:30:15Z</time>
        <hdop>3</hdop>
        <extensions>
          <osmand:speed>3.6</osmand:speed>
        </extensions>
      </trkpt>
      <trkpt lat="53.7012545" lon="23.7655598">
        <ele>137</ele>
        <time>2026-06-27T09:30:26Z</time>
        <hdop>2.5</hdop>
        <extensions>
          <osmand:speed>4.8</osmand:speed>
        </extensions>
      </trkpt>
      <trkpt lat="53.7018827" lon="23.7654874">
        <ele>142</ele>
        <time>2026-06-27T09:30:37Z</time>
        <hdop>2</hdop>
        <extensions>
          <osmand:speed>5.7</osmand:speed>
        </extensions>
      </trkpt>
      <trkpt lat="53.7024168" lon="23.7654755">
        <ele>143</ele>
        <time>2026-06-27T09:30:48Z</time>
        <hdop>2</hdop>
        <extensions>
          <osmand:speed>5.2</osmand:speed>
        </extensions>
      </trkpt>
      <trkpt lat="53.7029857" lon="23.7654805">
        <ele>142</ele>
        <time>2026-06-27T09:30:59Z</time>
        <hdop>2</hdop>
        <extensions>
          <osmand:speed>5.3</osmand:speed>
        </extensions>
      </trkpt>
      <trkpt lat="53.7035532" lon="23.7655023">
        <ele>141</ele>
        <time>2026-06-27T09:31:10Z</time>
        <hdop>1.5</hdop>
        <extensions>
          <osmand:speed>5.5</osmand:speed>
        </extensions>
      </trkpt>
      <trkpt lat="53.7040452" lon="23.765509">
        <ele>140</ele>
        <time>2026-06-27T09:31:21Z</time>
        <hdop>2</hdop>
        <extensions>
          <osmand:speed>4.9</osmand:speed>
        </extensions>
      </trkpt>
      <trkpt lat="53.7044425" lon="23.7656175">
        <ele>140</ele>
        <time>2026-06-27T09:31:32Z</time>
        <hdop>2</hdop>
        <extensions>
          <osmand:speed>4.2</osmand:speed>
        </extensions>
      </trkpt>
      <trkpt lat="53.7044399" lon="23.7665299">
        <ele>141</ele>
        <time>2026-06-27T09:31:43Z</time>
        <hdop>2</hdop>
        <extensions>
          <osmand:speed>5.4</osmand:speed>
        </extensions>
      </trkpt>
      <trkpt lat="53.7044551" lon="23.7674481">
        <ele>141</ele>
        <time>2026-06-27T09:31:54Z</time>
        <hdop>1.5</hdop>
        <extensions>
          <osmand:speed>5.3</osmand:speed>
        </extensions>
      </trkpt>
      <trkpt lat="53.7045698" lon="23.7679615">
        <ele>140</ele>
        <time>2026-06-27T09:32:05Z</time>
        <hdop>2</hdop>
        <extensions>
          <osmand:speed>2.8</osmand:speed>
        </extensions>
      </trkpt>
      <trkpt lat="53.7049578" lon="23.7676134">
        <ele>141</ele>
        <time>2026-06-27T09:32:16Z</time>
        <hdop>2</hdop>
        <extensions>
          <osmand:speed>4.4</osmand:speed>
        </extensions>
      </trkpt>
      <trkpt lat="53.7053669" lon="23.7672059">
        <ele>140</ele>
        <time>2026-06-27T09:32:27Z</time>
        <hdop>2</hdop>
        <extensions>
          <osmand:speed>4.7</osmand:speed>
        </extensions>
      </trkpt>
      <trkpt lat="53.7058078" lon="23.7669009">
        <ele>141</ele>
        <time>2026-06-27T09:32:38Z</time>
        <hdop>2</hdop>
        <extensions>
          <osmand:speed>2.9</osmand:speed>
        </extensions>
      </trkpt>
      <trkpt lat="53.7059343" lon="23.7667784">
        <ele>142</ele>
        <time>2026-06-27T09:32:49Z</time>
        <hdop>3</hdop>
      </trkpt>
      <trkpt lat="53.7060407" lon="23.7671965">
        <ele>140</ele>
        <time>2026-06-27T09:33:00Z</time>
        <hdop>3.5</hdop>
        <extensions>
          <osmand:speed>2.2</osmand:speed>
        </extensions>
      </trkpt>
      <trkpt lat="53.7060946" lon="23.7680357">
        <ele>134</ele>
        <time>2026-06-27T09:33:11Z</time>
        <hdop>4</hdop>
        <extensions>
          <osmand:speed>5</osmand:speed>
        </extensions>
      </trkpt>
      <trkpt lat="53.7059361" lon="23.7689315">
        <ele>131</ele>
        <time>2026-06-27T09:33:22Z</time>
        <hdop>4</hdop>
        <extensions>
          <osmand:speed>2.5</osmand:speed>
        </extensions>
      </trkpt>
      <trkpt lat="53.705888" lon="23.769697">
        <ele>125</ele>
        <time>2026-06-27T09:33:33Z</time>
        <hdop>3.5</hdop>
        <extensions>
          <osmand:speed>2.3</osmand:speed>
        </extensions>
      </trkpt>
      <trkpt lat="53.7058649" lon="23.7705442">
        <ele>121</ele>
        <time>2026-06-27T09:33:44Z</time>
        <hdop>3.5</hdop>
        <extensions>
          <osmand:speed>2.3</osmand:speed>
        </extensions>
      </trkpt>
      <trkpt lat="53.7058243" lon="23.7713225">
        <ele>120</ele>
        <time>2026-06-27T09:33:55Z</time>
        <hdop>4</hdop>
        <extensions>
          <osmand:speed>3.3</osmand:speed>
        </extensions>
      </trkpt>
      <trkpt lat="53.7060167" lon="23.7716081">
        <ele>121</ele>
        <time>2026-06-27T09:34:06Z</time>
        <hdop>4</hdop>
        <extensions>
          <osmand:speed>0.8</osmand:speed>
        </extensions>
      </trkpt>
      <trkpt lat="53.7063652" lon="23.7713978">
        <ele>122</ele>
        <time>2026-06-27T09:34:17Z</time>
        <hdop>4</hdop>
        <extensions>
          <osmand:speed>2.1</osmand:speed>
        </extensions>
      </trkpt>
      <trkpt lat="53.7068008" lon="23.7711777">
        <ele>122</ele>
        <time>2026-06-27T09:34:28Z</time>
        <hdop>4</hdop>
        <extensions>
          <osmand:speed>2.9</osmand:speed>
        </extensions>
      </trkpt>
      <trkpt lat="53.7073226" lon="23.7714138">
        <ele>118</ele>
        <time>2026-06-27T09:34:39Z</time>
        <hdop>3.5</hdop>
        <extensions>
          <osmand:speed>3.9</osmand:speed>
        </extensions>
      </trkpt>
      <trkpt lat="53.7078358" lon="23.7716635">
        <ele>120</ele>
        <time>2026-06-27T09:34:50Z</time>
        <hdop>4.5</hdop>
        <extensions>
          <osmand:speed>3.2</osmand:speed>
        </extensions>
      </trkpt>
      <trkpt lat="53.7081878" lon="23.7716928">
        <ele>118</ele>
        <time>2026-06-27T09:35:01Z</time>
        <hdop>4</hdop>
        <extensions>
          <osmand:speed>1.2</osmand:speed>
        </extensions>
      </trkpt>
      <trkpt lat="53.7083358" lon="23.7715858">
        <ele>116</ele>
        <time>2026-06-27T09:35:12Z</time>
        <hdop>3.5</hdop>
        <extensions>
          <osmand:speed>1.6</osmand:speed>
        </extensions>
      </trkpt>
      <trkpt lat="53.7085341" lon="23.7713466">
        <ele>117</ele>
        <time>2026-06-27T09:35:23Z</time>
        <hdop>3.5</hdop>
        <extensions>
          <osmand:speed>1</osmand:speed>
        </extensions>
      </trkpt>
      <trkpt lat="53.7086668" lon="23.7710803">
        <ele>119</ele>
        <time>2026-06-27T09:35:34Z</time>
        <hdop>3.5</hdop>
        <extensions>
          <osmand:speed>1.1</osmand:speed>
        </extensions>
      </trkpt>
      <trkpt lat="53.7087612" lon="23.7708557">
        <ele>121</ele>
        <time>2026-06-27T09:35:45Z</time>
        <hdop>3.5</hdop>
      </trkpt>
      <trkpt lat="53.7087089" lon="23.7703723">
        <ele>125</ele>
        <time>2026-06-27T09:35:56Z</time>
        <hdop>3.5</hdop>
        <extensions>
          <osmand:speed>1.5</osmand:speed>
        </extensions>
      </trkpt>
      <trkpt lat="53.7087656" lon="23.7700036">
        <ele>123</ele>
        <time>2026-06-27T09:36:07Z</time>
        <hdop>3.5</hdop>
        <extensions>
          <osmand:speed>0.9</osmand:speed>
        </extensions>
      </trkpt>
      <trkpt lat="53.7088905" lon="23.7696542">
        <ele>115</ele>
        <time>2026-06-27T09:36:18Z</time>
        <hdop>4</hdop>
        <extensions>
          <osmand:speed>1.2</osmand:speed>
        </extensions>
      </trkpt>
      <trkpt lat="53.7090206" lon="23.7692843">
        <ele>108</ele>
        <time>2026-06-27T09:36:29Z</time>
        <hdop>4</hdop>
        <extensions>
          <osmand:speed>0.9</osmand:speed>
        </extensions>
      </trkpt>
      <trkpt lat="53.7091971" lon="23.7689804">
        <ele>99</ele>
        <time>2026-06-27T09:36:40Z</time>
        <hdop>4.5</hdop>
        <extensions>
          <osmand:speed>1.5</osmand:speed>
        </extensions>
      </trkpt>
      <trkpt lat="53.7093243" lon="23.7685431">
        <ele>91</ele>
        <time>2026-06-27T09:36:51Z</time>
        <hdop>4</hdop>
        <extensions>
          <osmand:speed>1.3</osmand:speed>
        </extensions>
      </trkpt>
      <trkpt lat="53.7094623" lon="23.7681996">
        <ele>89</ele>
        <time>2026-06-27T09:37:02Z</time>
        <hdop>3.5</hdop>
        <extensions>
          <osmand:speed>1.3</osmand:speed>
        </extensions>
      </trkpt>
      <trkpt lat="53.7096023" lon="23.7678345">
        <ele>86</ele>
        <time>2026-06-27T09:37:13Z</time>
        <hdop>3</hdop>
        <extensions>
          <osmand:speed>2.2</osmand:speed>
        </extensions>
      </trkpt>
      <trkpt lat="53.7097695" lon="23.7673523">
        <ele>83</ele>
        <time>2026-06-27T09:37:24Z</time>
        <hdop>3.5</hdop>
        <extensions>
          <osmand:speed>3.2</osmand:speed>
        </extensions>
      </trkpt>
      <trkpt lat="53.7100284" lon="23.7667798">
        <ele>81</ele>
        <time>2026-06-27T09:37:35Z</time>
        <hdop>3.5</hdop>
        <extensions>
          <osmand:speed>4.3</osmand:speed>
        </extensions>
      </trkpt>
      <trkpt lat="53.7104747" lon="23.7660764">
        <ele>87</ele>
        <time>2026-06-27T09:37:46Z</time>
        <hdop>3</hdop>
        <extensions>
          <osmand:speed>2.7</osmand:speed>
        </extensions>
      </trkpt>
      <trkpt lat="53.7108066" lon="23.7656242">
        <ele>95</ele>
        <time>2026-06-27T09:37:57Z</time>
        <hdop>3</hdop>
        <extensions>
          <osmand:speed>2.8</osmand:speed>
        </extensions>
      </trkpt>
      <trkpt lat="53.7111706" lon="23.7653697">
        <ele>104</ele>
        <time>2026-06-27T09:38:08Z</time>
        <hdop>3</hdop>
        <extensions>
          <osmand:speed>3.2</osmand:speed>
        </extensions>
      </trkpt>
      <trkpt lat="53.7115202" lon="23.7650071">
        <ele>112</ele>
        <time>2026-06-27T09:38:19Z</time>
        <hdop>3</hdop>
        <extensions>
          <osmand:speed>3.1</osmand:speed>
        </extensions>
      </trkpt>
      <trkpt lat="53.7118207" lon="23.7643058">
        <ele>118</ele>
        <time>2026-06-27T09:38:30Z</time>
        <hdop>2.5</hdop>
        <extensions>
          <osmand:speed>4.2</osmand:speed>
        </extensions>
      </trkpt>
      <trkpt lat="53.7120598" lon="23.7635973">
        <ele>124</ele>
        <time>2026-06-27T09:38:41Z</time>
        <hdop>3</hdop>
        <extensions>
          <osmand:speed>4</osmand:speed>
        </extensions>
      </trkpt>
      <trkpt lat="53.7122892" lon="23.7630496">
        <ele>128</ele>
        <time>2026-06-27T09:38:52Z</time>
        <hdop>3</hdop>
        <extensions>
          <osmand:speed>2.6</osmand:speed>
        </extensions>
      </trkpt>
      <trkpt lat="53.7125323" lon="23.7625548">
        <ele>132</ele>
        <time>2026-06-27T09:39:03Z</time>
        <hdop>2.5</hdop>
        <extensions>
          <osmand:speed>3.7</osmand:speed>
        </extensions>
      </trkpt>
      <trkpt lat="53.7127312" lon="23.762242">
        <ele>137</ele>
        <time>2026-06-27T09:39:14Z</time>
        <hdop>2.5</hdop>
        <extensions>
          <osmand:speed>3.4</osmand:speed>
        </extensions>
      </trkpt>
      <trkpt lat="53.7130312" lon="23.7622419">
        <ele>139</ele>
        <time>2026-06-27T09:39:25Z</time>
        <hdop>3</hdop>
        <extensions>
          <osmand:speed>1.2</osmand:speed>
        </extensions>
      </trkpt>
      <trkpt lat="53.713269" lon="23.7623321">
        <ele>137</ele>
        <time>2026-06-27T09:39:36Z</time>
        <hdop>3</hdop>
        <extensions>
          <osmand:speed>0.9</osmand:speed>
        </extensions>
      </trkpt>
      <trkpt lat="53.7135848" lon="23.7624289">
        <ele>134</ele>
        <time>2026-06-27T09:39:47Z</time>
        <hdop>3.5</hdop>
        <extensions>
          <osmand:speed>1</osmand:speed>
        </extensions>
      </trkpt>
      <trkpt lat="53.7139427" lon="23.7623699">
        <ele>133</ele>
        <time>2026-06-27T09:39:58Z</time>
        <hdop>3.5</hdop>
        <extensions>
          <osmand:speed>1.9</osmand:speed>
        </extensions>
      </trkpt>
      <trkpt lat="53.7143781" lon="23.76233">
        <ele>132</ele>
        <time>2026-06-27T09:40:09Z</time>
        <hdop>3</hdop>
        <extensions>
          <osmand:speed>2.2</osmand:speed>
        </extensions>
      </trkpt>
      <trkpt lat="53.7147724" lon="23.7623659">
        <ele>131</ele>
        <time>2026-06-27T09:40:20Z</time>
        <hdop>3.5</hdop>
      </trkpt>
      <trkpt lat="53.7150331" lon="23.7623267">
        <ele>128</ele>
        <time>2026-06-27T09:40:31Z</time>
        <hdop>3.5</hdop>
        <extensions>
          <osmand:speed>2.1</osmand:speed>
        </extensions>
      </trkpt>
      <trkpt lat="53.7154106" lon="23.7622846">
        <ele>117</ele>
        <time>2026-06-27T09:40:42Z</time>
        <hdop>4.5</hdop>
        <extensions>
          <osmand:speed>2.1</osmand:speed>
        </extensions>
      </trkpt>
      <trkpt lat="53.7158803" lon="23.7622556">
        <ele>104</ele>
        <time>2026-06-27T09:40:53Z</time>
        <hdop>4</hdop>
        <extensions>
          <osmand:speed>2</osmand:speed>
        </extensions>
      </trkpt>
      <trkpt lat="53.7163" lon="23.7622383">
        <ele>91</ele>
        <time>2026-06-27T09:41:04Z</time>
        <hdop>4.5</hdop>
        <extensions>
          <osmand:speed>1.8</osmand:speed>
        </extensions>
      </trkpt>
      <trkpt lat="53.7169326" lon="23.7612738">
        <ele>79</ele>
        <time>2026-06-27T09:41:15Z</time>
        <hdop>4</hdop>
        <extensions>
          <osmand:speed>4.4</osmand:speed>
        </extensions>
      </trkpt>
      <trkpt lat="53.7174828" lon="23.7612448">
        <ele>91</ele>
        <time>2026-06-27T09:41:26Z</time>
        <hdop>2.5</hdop>
        <extensions>
          <osmand:speed>5.9</osmand:speed>
        </extensions>
      </trkpt>
      <trkpt lat="53.7180844" lon="23.7616547">
        <ele>91</ele>
        <time>2026-06-27T09:41:37Z</time>
        <hdop>2</hdop>
        <extensions>
          <osmand:speed>4.4</osmand:speed>
        </extensions>
      </trkpt>
      <trkpt lat="53.7185806" lon="23.7619479">
        <ele>98</ele>
        <time>2026-06-27T09:41:48Z</time>
        <hdop>2.5</hdop>
        <extensions>
          <osmand:speed>1.6</osmand:speed>
        </extensions>
      </trkpt>
      <trkpt lat="53.7186359" lon="23.7619691">
        <ele>101</ele>
        <time>2026-06-27T09:41:59Z</time>
        <hdop>2</hdop>
      </trkpt>
      <trkpt lat="53.7188915" lon="23.7617798">
        <ele>106</ele>
        <time>2026-06-27T09:42:10Z</time>
        <hdop>3</hdop>
        <extensions>
          <osmand:speed>2.1</osmand:speed>
        </extensions>
      </trkpt>
      <trkpt lat="53.7190056" lon="23.7616689">
        <ele>109</ele>
        <time>2026-06-27T09:42:21Z</time>
        <hdop>2.5</hdop>
      </trkpt>
      <trkpt lat="53.7190056" lon="23.7616689">
        <ele>109</ele>
        <time>2026-06-27T09:42:32Z</time>
        <hdop>2.5</hdop>
      </trkpt>
      <trkpt lat="53.7190353" lon="23.7616745">
        <ele>116</ele>
        <time>2026-06-27T09:42:43Z</time>
        <hdop>2.5</hdop>
      </trkpt>
      <trkpt lat="53.7190348" lon="23.7616649">
        <ele>116</ele>
        <time>2026-06-27T09:42:54Z</time>
        <hdop>2</hdop>
      </trkpt>
      <trkpt lat="53.7190348" lon="23.7616649">
        <ele>116</ele>
        <time>2026-06-27T09:43:05Z</time>
        <hdop>2</hdop>
      </trkpt>
      <trkpt lat="53.7190348" lon="23.7616649">
        <ele>116</ele>
        <time>2026-06-27T09:43:16Z</time>
        <hdop>2</hdop>
      </trkpt>
      <trkpt lat="53.7190348" lon="23.7616649">
        <ele>116</ele>
        <time>2026-06-27T09:43:27Z</time>
        <hdop>2</hdop>
      </trkpt>
      <trkpt lat="53.7190348" lon="23.7616649">
        <ele>116</ele>
        <time>2026-06-27T09:43:38Z</time>
        <hdop>2</hdop>
      </trkpt>
      <trkpt lat="53.7190348" lon="23.7616649">
        <ele>116</ele>
        <time>2026-06-27T09:43:49Z</time>
        <hdop>2</hdop>
      </trkpt>
      <trkpt lat="53.7190348" lon="23.7616649">
        <ele>116</ele>
        <time>2026-06-27T09:44:00Z</time>
        <hdop>2</hdop>
      </trkpt>
      <trkpt lat="53.7190348" lon="23.7616649">
        <ele>116</ele>
        <time>2026-06-27T09:44:11Z</time>
        <hdop>2</hdop>
      </trkpt>
      <trkpt lat="53.719037" lon="23.7617426">
        <ele>119</ele>
        <time>2026-06-27T09:44:22Z</time>
        <hdop>2</hdop>
        <extensions>
          <osmand:speed>2</osmand:speed>
        </extensions>
      </trkpt>
      <trkpt lat="53.7188724" lon="23.761842">
        <ele>121</ele>
        <time>2026-06-27T09:44:33Z</time>
        <hdop>2.5</hdop>
        <extensions>
          <osmand:speed>3.4</osmand:speed>
        </extensions>
      </trkpt>
      <trkpt lat="53.7189088" lon="23.7622797">
        <ele>121</ele>
        <time>2026-06-27T09:44:44Z</time>
        <hdop>2.5</hdop>
        <extensions>
          <osmand:speed>2.6</osmand:speed>
        </extensions>
      </trkpt>
      <trkpt lat="53.7189361" lon="23.762559">
        <ele>122</ele>
        <time>2026-06-27T09:44:55Z</time>
        <hdop>2.5</hdop>
        <extensions>
          <osmand:speed>0.5</osmand:speed>
        </extensions>
      </trkpt>
      <trkpt lat="53.7189733" lon="23.7625079">
        <ele>122</ele>
        <time>2026-06-27T09:45:06Z</time>
        <hdop>2.5</hdop>
        <extensions>
          <osmand:speed>1.2</osmand:speed>
        </extensions>
      </trkpt>
      <trkpt lat="53.7191927" lon="23.762087">
        <ele>123</ele>
        <time>2026-06-27T09:45:17Z</time>
        <hdop>2.5</hdop>
        <extensions>
          <osmand:speed>3.4</osmand:speed>
        </extensions>
      </trkpt>
      <trkpt lat="53.7192474" lon="23.761899">
        <ele>123</ele>
        <time>2026-06-27T09:45:28Z</time>
        <hdop>2</hdop>
        <extensions>
          <osmand:speed>0.1</osmand:speed>
        </extensions>
      </trkpt>
      <trkpt lat="53.7192252" lon="23.7617248">
        <ele>127</ele>
        <time>2026-06-27T09:45:39Z</time>
        <hdop>2</hdop>
      </trkpt>
      <trkpt lat="53.7191975" lon="23.7615039">
        <ele>128</ele>
        <time>2026-06-27T09:45:50Z</time>
        <hdop>2.5</hdop>
      </trkpt>
      <trkpt lat="53.7191602" lon="23.7612872">
        <ele>130</ele>
        <time>2026-06-27T09:46:01Z</time>
        <hdop>2.5</hdop>
      </trkpt>
      <trkpt lat="53.7191279" lon="23.7610721">
        <ele>131</ele>
        <time>2026-06-27T09:46:12Z</time>
        <hdop>2.5</hdop>
        <extensions>
          <osmand:speed>0.9</osmand:speed>
        </extensions>
      </trkpt>
      <trkpt lat="53.7190973" lon="23.7608036">
        <ele>135</ele>
        <time>2026-06-27T09:46:23Z</time>
        <hdop>2.5</hdop>
        <extensions>
          <osmand:speed>1.5</osmand:speed>
        </extensions>
      </trkpt>
      <trkpt lat="53.7189867" lon="23.7603046">
        <ele>134</ele>
        <time>2026-06-27T09:46:34Z</time>
        <hdop>3</hdop>
        <extensions>
          <osmand:speed>2.4</osmand:speed>
        </extensions>
      </trkpt>
      <trkpt lat="53.7188485" lon="23.7598909">
        <ele>135</ele>
        <time>2026-06-27T09:46:45Z</time>
        <hdop>3</hdop>
        <extensions>
          <osmand:speed>1.3</osmand:speed>
        </extensions>
      </trkpt>
      <trkpt lat="53.7187702" lon="23.7594765">
        <ele>134</ele>
        <time>2026-06-27T09:46:56Z</time>
        <hdop>3</hdop>
        <extensions>
          <osmand:speed>1.1</osmand:speed>
        </extensions>
      </trkpt>
      <trkpt lat="53.7187372" lon="23.7590419">
        <ele>133</ele>
        <time>2026-06-27T09:47:07Z</time>
        <hdop>3.5</hdop>
        <extensions>
          <osmand:speed>1.8</osmand:speed>
        </extensions>
      </trkpt>
      <trkpt lat="53.7187556" lon="23.7583741">
        <ele>135</ele>
        <time>2026-06-27T09:47:18Z</time>
        <hdop>3</hdop>
        <extensions>
          <osmand:speed>0.9</osmand:speed>
        </extensions>
      </trkpt>
      <trkpt lat="53.7187683" lon="23.7578357">
        <ele>135</ele>
        <time>2026-06-27T09:47:29Z</time>
        <hdop>3</hdop>
        <extensions>
          <osmand:speed>1.6</osmand:speed>
        </extensions>
      </trkpt>
      <trkpt lat="53.7188626" lon="23.757408">
        <ele>136</ele>
        <time>2026-06-27T09:47:40Z</time>
        <hdop>3.5</hdop>
        <extensions>
          <osmand:speed>1.5</osmand:speed>
        </extensions>
      </trkpt>
      <trkpt lat="53.7190064" lon="23.7570091">
        <ele>137</ele>
        <time>2026-06-27T09:47:51Z</time>
        <hdop>3</hdop>
        <extensions>
          <osmand:speed>1.7</osmand:speed>
        </extensions>
      </trkpt>
      <trkpt lat="53.7192275" lon="23.7568568">
        <ele>137</ele>
        <time>2026-06-27T09:48:02Z</time>
        <hdop>3.5</hdop>
        <extensions>
          <osmand:speed>0.8</osmand:speed>
        </extensions>
      </trkpt>
      <trkpt lat="53.7194097" lon="23.7566775">
        <ele>138</ele>
        <time>2026-06-27T09:48:13Z</time>
        <hdop>3.5</hdop>
        <extensions>
          <osmand:speed>0.8</osmand:speed>
        </extensions>
      </trkpt>
      <trkpt lat="53.7195191" lon="23.7567412">
        <ele>134</ele>
        <time>2026-06-27T09:48:24Z</time>
        <hdop>3</hdop>
        <extensions>
          <osmand:speed>1.2</osmand:speed>
        </extensions>
      </trkpt>
      <trkpt lat="53.7196569" lon="23.7568825">
        <ele>135</ele>
        <time>2026-06-27T09:48:35Z</time>
        <hdop>3.5</hdop>
        <extensions>
          <osmand:speed>0.8</osmand:speed>
        </extensions>
      </trkpt>
      <trkpt lat="53.7197567" lon="23.7570347">
        <ele>131</ele>
        <time>2026-06-27T09:48:46Z</time>
        <hdop>3.5</hdop>
      </trkpt>
      <trkpt lat="53.7198779" lon="23.7570023">
        <ele>133</ele>
        <time>2026-06-27T09:48:57Z</time>
        <hdop>3.5</hdop>
        <extensions>
          <osmand:speed>0.5</osmand:speed>
        </extensions>
      </trkpt>
      <trkpt lat="53.7200171" lon="23.7569344">
        <ele>137</ele>
        <time>2026-06-27T09:49:08Z</time>
        <hdop>3</hdop>
        <extensions>
          <osmand:speed>0.8</osmand:speed>
        </extensions>
      </trkpt>
      <trkpt lat="53.7201672" lon="23.7569959">
        <ele>137</ele>
        <time>2026-06-27T09:49:19Z</time>
        <hdop>2.5</hdop>
        <extensions>
          <osmand:speed>1</osmand:speed>
        </extensions>
      </trkpt>
      <trkpt lat="53.7202997" lon="23.7570747">
        <ele>139</ele>
        <time>2026-06-27T09:49:30Z</time>
        <hdop>2.5</hdop>
      </trkpt>
      <trkpt lat="53.7204437" lon="23.7570507">
        <ele>143</ele>
        <time>2026-06-27T09:49:41Z</time>
        <hdop>2.5</hdop>
      </trkpt>
      <trkpt lat="53.7205857" lon="23.7570825">
        <ele>146</ele>
        <time>2026-06-27T09:49:52Z</time>
        <hdop>2</hdop>
      </trkpt>
      <trkpt lat="53.7206462" lon="23.7571041">
        <ele>147</ele>
        <time>2026-06-27T09:50:03Z</time>
        <hdop>1.5</hdop>
      </trkpt>
      <trkpt lat="53.7206462" lon="23.7571041">
        <ele>147</ele>
        <time>2026-06-27T09:50:14Z</time>
        <hdop>2</hdop>
      </trkpt>
      <trkpt lat="53.7206462" lon="23.7571041">
        <ele>147</ele>
        <time>2026-06-27T09:50:26Z</time>
        <hdop>2</hdop>
      </trkpt>
      <trkpt lat="53.7206462" lon="23.7571041">
        <ele>147</ele>
        <time>2026-06-27T09:50:37Z</time>
        <hdop>2</hdop>
      </trkpt>
      <trkpt lat="53.7206462" lon="23.7571041">
        <ele>147</ele>
        <time>2026-06-27T09:50:48Z</time>
        <hdop>2</hdop>
      </trkpt>
      <trkpt lat="53.7208182" lon="23.7570898">
        <ele>147</ele>
        <time>2026-06-27T09:50:59Z</time>
        <hdop>2</hdop>
        <extensions>
          <osmand:speed>1.2</osmand:speed>
        </extensions>
      </trkpt>
      <trkpt lat="53.7210228" lon="23.757116">
        <ele>148</ele>
        <time>2026-06-27T09:51:10Z</time>
        <hdop>2</hdop>
        <extensions>
          <osmand:speed>2.3</osmand:speed>
        </extensions>
      </trkpt>
      <trkpt lat="53.7213112" lon="23.7571252">
        <ele>148</ele>
        <time>2026-06-27T09:51:21Z</time>
        <hdop>2</hdop>
        <extensions>
          <osmand:speed>3.8</osmand:speed>
        </extensions>
      </trkpt>
      <trkpt lat="53.7216788" lon="23.7571715">
        <ele>149</ele>
        <time>2026-06-27T09:51:32Z</time>
        <hdop>2</hdop>
        <extensions>
          <osmand:speed>3.9</osmand:speed>
        </extensions>
      </trkpt>
      <trkpt lat="53.7220679" lon="23.757242">
        <ele>151</ele>
        <time>2026-06-27T09:51:43Z</time>
        <hdop>2</hdop>
        <extensions>
          <osmand:speed>3.9</osmand:speed>
        </extensions>
      </trkpt>
      <trkpt lat="53.7225044" lon="23.7572668">
        <ele>153</ele>
        <time>2026-06-27T09:51:54Z</time>
        <hdop>1.5</hdop>
        <extensions>
          <osmand:speed>4.9</osmand:speed>
        </extensions>
      </trkpt>
      <trkpt lat="53.7229827" lon="23.7572949">
        <ele>154</ele>
        <time>2026-06-27T09:52:05Z</time>
        <hdop>1</hdop>
        <extensions>
          <osmand:speed>5.2</osmand:speed>
        </extensions>
      </trkpt>
      <trkpt lat="53.7235355" lon="23.7574094">
        <ele>154</ele>
        <time>2026-06-27T09:52:16Z</time>
        <hdop>1</hdop>
        <extensions>
          <osmand:speed>5.2</osmand:speed>
        </extensions>
      </trkpt>
      <trkpt lat="53.724039" lon="23.7574388">
        <ele>155</ele>
        <time>2026-06-27T09:52:27Z</time>
        <hdop>1</hdop>
        <extensions>
          <osmand:speed>4.8</osmand:speed>
        </extensions>
      </trkpt>
      <trkpt lat="53.7245109" lon="23.7574676">
        <ele>155</ele>
        <time>2026-06-27T09:52:38Z</time>
        <hdop>1.5</hdop>
        <extensions>
          <osmand:speed>5.1</osmand:speed>
        </extensions>
      </trkpt>
      <trkpt lat="53.725002" lon="23.7574281">
        <ele>156</ele>
        <time>2026-06-27T09:52:49Z</time>
        <hdop>1</hdop>
        <extensions>
          <osmand:speed>4.4</osmand:speed>
        </extensions>
      </trkpt>
      <trkpt lat="53.7253913" lon="23.7573522">
        <ele>156</ele>
        <time>2026-06-27T09:53:00Z</time>
        <hdop>1.5</hdop>
        <extensions>
          <osmand:speed>3.3</osmand:speed>
        </extensions>
      </trkpt>
      <trkpt lat="53.7256095" lon="23.7571266">
        <ele>157</ele>
        <time>2026-06-27T09:53:11Z</time>
        <hdop>2.5</hdop>
        <extensions>
          <osmand:speed>0.5</osmand:speed>
        </extensions>
      </trkpt>
      <trkpt lat="53.7257793" lon="23.7571644">
        <ele>154</ele>
        <time>2026-06-27T09:53:22Z</time>
        <hdop>3</hdop>
        <extensions>
          <osmand:speed>2.2</osmand:speed>
        </extensions>
      </trkpt>
      <trkpt lat="53.7259248" lon="23.7573629">
        <ele>154</ele>
        <time>2026-06-27T09:53:33Z</time>
        <hdop>2.5</hdop>
        <extensions>
          <osmand:speed>1.6</osmand:speed>
        </extensions>
      </trkpt>
      <trkpt lat="53.7259241" lon="23.7576372">
        <ele>155</ele>
        <time>2026-06-27T09:53:44Z</time>
        <hdop>3.5</hdop>
        <extensions>
          <osmand:speed>0.2</osmand:speed>
        </extensions>
      </trkpt>
      <trkpt lat="53.7259898" lon="23.7577919">
        <ele>158</ele>
        <time>2026-06-27T09:53:55Z</time>
        <hdop>3.5</hdop>
        <extensions>
          <osmand:speed>1.1</osmand:speed>
        </extensions>
      </trkpt>
      <trkpt lat="53.7260344" lon="23.7578798">
        <ele>158</ele>
        <time>2026-06-27T09:54:06Z</time>
        <hdop>3</hdop>
      </trkpt>
      <trkpt lat="53.7261051" lon="23.7579635">
        <ele>157</ele>
        <time>2026-06-27T09:54:17Z</time>
        <hdop>3.5</hdop>
        <extensions>
          <osmand:speed>1.4</osmand:speed>
        </extensions>
      </trkpt>
      <trkpt lat="53.7262859" lon="23.7581627">
        <ele>150</ele>
        <time>2026-06-27T09:54:28Z</time>
        <hdop>3.5</hdop>
        <extensions>
          <osmand:speed>0.7</osmand:speed>
        </extensions>
      </trkpt>
      <trkpt lat="53.7265468" lon="23.7582447">
        <ele>149</ele>
        <time>2026-06-27T09:54:39Z</time>
        <hdop>3</hdop>
        <extensions>
          <osmand:speed>1.4</osmand:speed>
        </extensions>
      </trkpt>
      <trkpt lat="53.7267832" lon="23.7582926">
        <ele>148</ele>
        <time>2026-06-27T09:54:50Z</time>
        <hdop>3</hdop>
      </trkpt>
      <trkpt lat="53.7270559" lon="23.758359">
        <ele>137</ele>
        <time>2026-06-27T09:55:01Z</time>
        <hdop>3</hdop>
        <extensions>
          <osmand:speed>2.1</osmand:speed>
        </extensions>
      </trkpt>
      <trkpt lat="53.7273221" lon="23.7585479">
        <ele>136</ele>
        <time>2026-06-27T09:55:12Z</time>
        <hdop>3</hdop>
        <extensions>
          <osmand:speed>1.3</osmand:speed>
        </extensions>
      </trkpt>
      <trkpt lat="53.727549" lon="23.7585812">
        <ele>138</ele>
        <time>2026-06-27T09:55:23Z</time>
        <hdop>3</hdop>
        <extensions>
          <osmand:speed>1.8</osmand:speed>
        </extensions>
      </trkpt>
      <trkpt lat="53.7276672" lon="23.7586416">
        <ele>139</ele>
        <time>2026-06-27T09:55:34Z</time>
        <hdop>3</hdop>
      </trkpt>
      <trkpt lat="53.7278056" lon="23.7586365">
        <ele>137</ele>
        <time>2026-06-27T09:55:45Z</time>
        <hdop>3</hdop>
      </trkpt>
      <trkpt lat="53.7279889" lon="23.7585325">
        <ele>133</ele>
        <time>2026-06-27T09:55:56Z</time>
        <hdop>2.5</hdop>
        <extensions>
          <osmand:speed>1.4</osmand:speed>
        </extensions>
      </trkpt>
      <trkpt lat="53.72822" lon="23.7585786">
        <ele>127</ele>
        <time>2026-06-27T09:56:07Z</time>
        <hdop>3</hdop>
        <extensions>
          <osmand:speed>1</osmand:speed>
        </extensions>
      </trkpt>
      <trkpt lat="53.7284465" lon="23.7583752">
        <ele>125</ele>
        <time>2026-06-27T09:56:18Z</time>
        <hdop>3</hdop>
        <extensions>
          <osmand:speed>1.7</osmand:speed>
        </extensions>
      </trkpt>
      <trkpt lat="53.7285823" lon="23.7580399">
        <ele>127</ele>
        <time>2026-06-27T09:56:29Z</time>
        <hdop>3</hdop>
        <extensions>
          <osmand:speed>1.4</osmand:speed>
        </extensions>
      </trkpt>
      <trkpt lat="53.7287627" lon="23.7579455">
        <ele>127</ele>
        <time>2026-06-27T09:56:40Z</time>
        <hdop>3</hdop>
        <extensions>
          <osmand:speed>1.2</osmand:speed>
        </extensions>
      </trkpt>
      <trkpt lat="53.7288044" lon="23.7578901">
        <ele>129</ele>
        <time>2026-06-27T09:56:51Z</time>
        <hdop>3</hdop>
      </trkpt>
      <trkpt lat="53.7288044" lon="23.7578901">
        <ele>129</ele>
        <time>2026-06-27T09:57:02Z</time>
        <hdop>3.5</hdop>
      </trkpt>
      <trkpt lat="53.7288555" lon="23.7578816">
        <ele>132</ele>
        <time>2026-06-27T09:57:13Z</time>
        <hdop>3.5</hdop>
        <extensions>
          <osmand:speed>0.6</osmand:speed>
        </extensions>
      </trkpt>
      <trkpt lat="53.728958" lon="23.7579172">
        <ele>130</ele>
        <time>2026-06-27T09:57:24Z</time>
        <hdop>4.5</hdop>
        <extensions>
          <osmand:speed>1.2</osmand:speed>
        </extensions>
      </trkpt>
      <trkpt lat="53.7291107" lon="23.7579605">
        <ele>131</ele>
        <time>2026-06-27T09:57:35Z</time>
        <hdop>4</hdop>
        <extensions>
          <osmand:speed>1.4</osmand:speed>
        </extensions>
      </trkpt>
      <trkpt lat="53.729217" lon="23.7578114">
        <ele>132</ele>
        <time>2026-06-27T09:57:46Z</time>
        <hdop>4.5</hdop>
      </trkpt>
      <trkpt lat="53.7292454" lon="23.7577518">
        <ele>132</ele>
        <time>2026-06-27T09:57:57Z</time>
        <hdop>4.5</hdop>
        <extensions>
          <osmand:speed>0.5</osmand:speed>
        </extensions>
      </trkpt>
      <trkpt lat="53.7292646" lon="23.7577035">
        <ele>134</ele>
        <time>2026-06-27T09:58:08Z</time>
        <hdop>4.5</hdop>
        <extensions>
          <osmand:speed>0.2</osmand:speed>
        </extensions>
      </trkpt>
      <trkpt lat="53.7292933" lon="23.7576704">
        <ele>135</ele>
        <time>2026-06-27T09:58:19Z</time>
        <hdop>5.5</hdop>
        <extensions>
          <osmand:speed>0.3</osmand:speed>
        </extensions>
      </trkpt>
      <trkpt lat="53.7292974" lon="23.75762">
        <ele>135</ele>
        <time>2026-06-27T09:58:30Z</time>
        <hdop>5.5</hdop>
        <extensions>
          <osmand:speed>0.6</osmand:speed>
        </extensions>
      </trkpt>
      <trkpt lat="53.7293036" lon="23.7576024">
        <ele>136</ele>
        <time>2026-06-27T09:58:41Z</time>
        <hdop>5.5</hdop>
      </trkpt>
      <trkpt lat="53.7293059" lon="23.7575254">
        <ele>140</ele>
        <time>2026-06-27T09:58:52Z</time>
        <hdop>5.5</hdop>
      </trkpt>
      <trkpt lat="53.7293059" lon="23.7575254">
        <ele>140</ele>
        <time>2026-06-27T09:59:03Z</time>
        <hdop>5</hdop>
      </trkpt>
      <trkpt lat="53.7293059" lon="23.7575254">
        <ele>140</ele>
        <time>2026-06-27T09:59:14Z</time>
        <hdop>5.5</hdop>
      </trkpt>
      <trkpt lat="53.7293116" lon="23.7575311">
        <ele>142</ele>
        <time>2026-06-27T09:59:25Z</time>
        <hdop>5</hdop>
      </trkpt>
      <trkpt lat="53.7293116" lon="23.7575311">
        <ele>142</ele>
        <time>2026-06-27T09:59:36Z</time>
        <hdop>5.5</hdop>
      </trkpt>
      <trkpt lat="53.7293116" lon="23.7575311">
        <ele>142</ele>
        <time>2026-06-27T09:59:47Z</time>
        <hdop>4.5</hdop>
      </trkpt>
      <trkpt lat="53.7293116" lon="23.7575311">
        <ele>142</ele>
        <time>2026-06-27T09:59:58Z</time>
        <hdop>4</hdop>
      </trkpt>
      <trkpt lat="53.7293116" lon="23.7575311">
        <ele>142</ele>
        <time>2026-06-27T10:00:09Z</time>
        <hdop>4</hdop>
      </trkpt>
      <trkpt lat="53.7293111" lon="23.7575377">
        <ele>145</ele>
        <time>2026-06-27T10:00:20Z</time>
        <hdop>3.5</hdop>
        <extensions>
          <osmand:speed>0.9</osmand:speed>
        </extensions>
      </trkpt>
      <trkpt lat="53.7293005" lon="23.7576228">
        <ele>146</ele>
        <time>2026-06-27T10:00:31Z</time>
        <hdop>4.5</hdop>
        <extensions>
          <osmand:speed>0.7</osmand:speed>
        </extensions>
      </trkpt>
      <trkpt lat="53.729298" lon="23.7576971">
        <ele>147</ele>
        <time>2026-06-27T10:00:42Z</time>
        <hdop>4</hdop>
      </trkpt>
      <trkpt lat="53.7293015" lon="23.757886">
        <ele>146</ele>
        <time>2026-06-27T10:00:53Z</time>
        <hdop>4</hdop>
        <extensions>
          <osmand:speed>0.8</osmand:speed>
        </extensions>
      </trkpt>
      <trkpt lat="53.7292269" lon="23.7579658">
        <ele>150</ele>
        <time>2026-06-27T10:01:04Z</time>
        <hdop>4.5</hdop>
        <extensions>
          <osmand:speed>0.8</osmand:speed>
        </extensions>
      </trkpt>
      <trkpt lat="53.7291833" lon="23.757875">
        <ele>156</ele>
        <time>2026-06-27T10:01:15Z</time>
        <hdop>4.5</hdop>
        <extensions>
          <osmand:speed>1.2</osmand:speed>
        </extensions>
      </trkpt>
      <trkpt lat="53.7291541" lon="23.7578767">
        <ele>160</ele>
        <time>2026-06-27T10:01:26Z</time>
        <hdop>4</hdop>
      </trkpt>
      <trkpt lat="53.7291541" lon="23.7578767">
        <ele>160</ele>
        <time>2026-06-27T10:01:37Z</time>
        <hdop>3.5</hdop>
      </trkpt>
      <trkpt lat="53.7291541" lon="23.7578767">
        <ele>160</ele>
        <time>2026-06-27T10:01:48Z</time>
        <hdop>4</hdop>
      </trkpt>
      <trkpt lat="53.7291541" lon="23.7578767">
        <ele>160</ele>
        <time>2026-06-27T10:01:59Z</time>
        <hdop>3.5</hdop>
      </trkpt>
      <trkpt lat="53.7291541" lon="23.7578767">
        <ele>160</ele>
        <time>2026-06-27T10:02:10Z</time>
        <hdop>3.5</hdop>
      </trkpt>
      <trkpt lat="53.7291541" lon="23.7578767">
        <ele>160</ele>
        <time>2026-06-27T10:02:21Z</time>
        <hdop>3</hdop>
      </trkpt>
      <trkpt lat="53.7291344" lon="23.7579452">
        <ele>165</ele>
        <time>2026-06-27T10:02:32Z</time>
        <hdop>3</hdop>
        <extensions>
          <osmand:speed>0.6</osmand:speed>
        </extensions>
      </trkpt>
      <trkpt lat="53.7290108" lon="23.7582869">
        <ele>167</ele>
        <time>2026-06-27T10:02:43Z</time>
        <hdop>4</hdop>
        <extensions>
          <osmand:speed>2.1</osmand:speed>
        </extensions>
      </trkpt>
      <trkpt lat="53.72878" lon="23.7585565">
        <ele>163</ele>
        <time>2026-06-27T10:02:54Z</time>
        <hdop>3</hdop>
        <extensions>
          <osmand:speed>1.9</osmand:speed>
        </extensions>
      </trkpt>
      <trkpt lat="53.7285486" lon="23.7586305">
        <ele>159</ele>
        <time>2026-06-27T10:03:05Z</time>
        <hdop>4</hdop>
        <extensions>
          <osmand:speed>1.4</osmand:speed>
        </extensions>
      </trkpt>
      <trkpt lat="53.7281911" lon="23.7586485">
        <ele>157</ele>
        <time>2026-06-27T10:03:16Z</time>
        <hdop>3</hdop>
        <extensions>
          <osmand:speed>2.3</osmand:speed>
        </extensions>
      </trkpt>
      <trkpt lat="53.727901" lon="23.7585797">
        <ele>158</ele>
        <time>2026-06-27T10:03:27Z</time>
        <hdop>3</hdop>
        <extensions>
          <osmand:speed>0.8</osmand:speed>
        </extensions>
      </trkpt>
      <trkpt lat="53.7274205" lon="23.7584561">
        <ele>157</ele>
        <time>2026-06-27T10:03:38Z</time>
        <hdop>3</hdop>
        <extensions>
          <osmand:speed>2.2</osmand:speed>
        </extensions>
      </trkpt>
      <trkpt lat="53.7270147" lon="23.7584309">
        <ele>159</ele>
        <time>2026-06-27T10:03:49Z</time>
        <hdop>3</hdop>
        <extensions>
          <osmand:speed>3.3</osmand:speed>
        </extensions>
      </trkpt>
      <trkpt lat="53.7266303" lon="23.7582704">
        <ele>160</ele>
        <time>2026-06-27T10:04:00Z</time>
        <hdop>3.5</hdop>
        <extensions>
          <osmand:speed>2.4</osmand:speed>
        </extensions>
      </trkpt>
      <trkpt lat="53.7262444" lon="23.758012">
        <ele>160</ele>
        <time>2026-06-27T10:04:11Z</time>
        <hdop>4</hdop>
        <extensions>
          <osmand:speed>3</osmand:speed>
        </extensions>
      </trkpt>
      <trkpt lat="53.7260458" lon="23.7575753">
        <ele>160</ele>
        <time>2026-06-27T10:04:22Z</time>
        <hdop>3.5</hdop>
        <extensions>
          <osmand:speed>2.2</osmand:speed>
        </extensions>
      </trkpt>
      <trkpt lat="53.7257998" lon="23.7571904">
        <ele>158</ele>
        <time>2026-06-27T10:04:33Z</time>
        <hdop>3</hdop>
        <extensions>
          <osmand:speed>3.4</osmand:speed>
        </extensions>
      </trkpt>
      <trkpt lat="53.725631" lon="23.7569568">
        <ele>157</ele>
        <time>2026-06-27T10:04:44Z</time>
        <hdop>2.5</hdop>
        <extensions>
          <osmand:speed>3.7</osmand:speed>
        </extensions>
      </trkpt>
      <trkpt lat="53.7257323" lon="23.7562452">
        <ele>158</ele>
        <time>2026-06-27T10:04:55Z</time>
        <hdop>1</hdop>
        <extensions>
          <osmand:speed>4.7</osmand:speed>
        </extensions>
      </trkpt>
      <trkpt lat="53.7258575" lon="23.7554457">
        <ele>158</ele>
        <time>2026-06-27T10:05:06Z</time>
        <hdop>1</hdop>
        <extensions>
          <osmand:speed>5.1</osmand:speed>
        </extensions>
      </trkpt>
      <trkpt lat="53.7259398" lon="23.7545888">
        <ele>158</ele>
        <time>2026-06-27T10:05:17Z</time>
        <hdop>1</hdop>
        <extensions>
          <osmand:speed>4.7</osmand:speed>
        </extensions>
      </trkpt>
      <trkpt lat="53.7259969" lon="23.753821">
        <ele>158</ele>
        <time>2026-06-27T10:05:28Z</time>
        <hdop>1</hdop>
        <extensions>
          <osmand:speed>4.8</osmand:speed>
        </extensions>
      </trkpt>
      <trkpt lat="53.7260399" lon="23.752983">
        <ele>159</ele>
        <time>2026-06-27T10:05:39Z</time>
        <hdop>1</hdop>
        <extensions>
          <osmand:speed>5</osmand:speed>
        </extensions>
      </trkpt>
      <trkpt lat="53.7260946" lon="23.752126">
        <ele>159</ele>
        <time>2026-06-27T10:05:50Z</time>
        <hdop>1</hdop>
        <extensions>
          <osmand:speed>5.2</osmand:speed>
        </extensions>
      </trkpt>
      <trkpt lat="53.7261419" lon="23.7512918">
        <ele>160</ele>
        <time>2026-06-27T10:06:01Z</time>
        <hdop>1</hdop>
        <extensions>
          <osmand:speed>5.2</osmand:speed>
        </extensions>
      </trkpt>
      <trkpt lat="53.726203" lon="23.7504012">
        <ele>159</ele>
        <time>2026-06-27T10:06:12Z</time>
        <hdop>1.5</hdop>
        <extensions>
          <osmand:speed>5.4</osmand:speed>
        </extensions>
      </trkpt>
      <trkpt lat="53.726265" lon="23.7495046">
        <ele>160</ele>
        <time>2026-06-27T10:06:23Z</time>
        <hdop>1.5</hdop>
        <extensions>
          <osmand:speed>5.5</osmand:speed>
        </extensions>
      </trkpt>
      <trkpt lat="53.726313" lon="23.7486268">
        <ele>160</ele>
        <time>2026-06-27T10:06:34Z</time>
        <hdop>1.5</hdop>
        <extensions>
          <osmand:speed>4.8</osmand:speed>
        </extensions>
      </trkpt>
      <trkpt lat="53.7263545" lon="23.7478273">
        <ele>160</ele>
        <time>2026-06-27T10:06:45Z</time>
        <hdop>1.5</hdop>
        <extensions>
          <osmand:speed>4.7</osmand:speed>
        </extensions>
      </trkpt>
      <trkpt lat="53.7263929" lon="23.747076">
        <ele>159</ele>
        <time>2026-06-27T10:06:56Z</time>
        <hdop>2</hdop>
        <extensions>
          <osmand:speed>4</osmand:speed>
        </extensions>
      </trkpt>
      <trkpt lat="53.7263717" lon="23.7464591">
        <ele>160</ele>
        <time>2026-06-27T10:07:07Z</time>
        <hdop>2</hdop>
        <extensions>
          <osmand:speed>3.8</osmand:speed>
        </extensions>
      </trkpt>
      <trkpt lat="53.7262853" lon="23.7457459">
        <ele>160</ele>
        <time>2026-06-27T10:07:18Z</time>
        <hdop>1.5</hdop>
        <extensions>
          <osmand:speed>4.7</osmand:speed>
        </extensions>
      </trkpt>
      <trkpt lat="53.7262884" lon="23.7450927">
        <ele>161</ele>
        <time>2026-06-27T10:07:29Z</time>
        <hdop>2</hdop>
        <extensions>
          <osmand:speed>3.7</osmand:speed>
        </extensions>
      </trkpt>
      <trkpt lat="53.7262936" lon="23.7445529">
        <ele>163</ele>
        <time>2026-06-27T10:07:40Z</time>
        <hdop>2</hdop>
        <extensions>
          <osmand:speed>2.9</osmand:speed>
        </extensions>
      </trkpt>
      <trkpt lat="53.7263345" lon="23.7441002">
        <ele>163</ele>
        <time>2026-06-27T10:07:51Z</time>
        <hdop>2</hdop>
        <extensions>
          <osmand:speed>2.5</osmand:speed>
        </extensions>
      </trkpt>
      <trkpt lat="53.7263448" lon="23.7436888">
        <ele>163</ele>
        <time>2026-06-27T10:08:02Z</time>
        <hdop>2</hdop>
        <extensions>
          <osmand:speed>1.8</osmand:speed>
        </extensions>
      </trkpt>
      <trkpt lat="53.7263788" lon="23.7432959">
        <ele>164</ele>
        <time>2026-06-27T10:08:13Z</time>
        <hdop>2.5</hdop>
        <extensions>
          <osmand:speed>2.5</osmand:speed>
        </extensions>
      </trkpt>
      <trkpt lat="53.726425" lon="23.7429932">
        <ele>165</ele>
        <time>2026-06-27T10:08:24Z</time>
        <hdop>2.5</hdop>
        <extensions>
          <osmand:speed>1.9</osmand:speed>
        </extensions>
      </trkpt>
      <trkpt lat="53.7265241" lon="23.7425029">
        <ele>166</ele>
        <time>2026-06-27T10:08:35Z</time>
        <hdop>2.5</hdop>
        <extensions>
          <osmand:speed>3.7</osmand:speed>
        </extensions>
      </trkpt>
      <trkpt lat="53.7266644" lon="23.7415117">
        <ele>168</ele>
        <time>2026-06-27T10:08:46Z</time>
        <hdop>2.5</hdop>
        <extensions>
          <osmand:speed>5.3</osmand:speed>
        </extensions>
      </trkpt>
      <trkpt lat="53.7267216" lon="23.7406325">
        <ele>168</ele>
        <time>2026-06-27T10:08:57Z</time>
        <hdop>1.5</hdop>
        <extensions>
          <osmand:speed>4.6</osmand:speed>
        </extensions>
      </trkpt>
      <trkpt lat="53.7267684" lon="23.7399718">
        <ele>169</ele>
        <time>2026-06-27T10:09:08Z</time>
        <hdop>1.5</hdop>
        <extensions>
          <osmand:speed>3.5</osmand:speed>
        </extensions>
      </trkpt>
      <trkpt lat="53.726792" lon="23.7394144">
        <ele>170</ele>
        <time>2026-06-27T10:09:19Z</time>
        <hdop>2</hdop>
        <extensions>
          <osmand:speed>3</osmand:speed>
        </extensions>
      </trkpt>
      <trkpt lat="53.7267923" lon="23.7389313">
        <ele>172</ele>
        <time>2026-06-27T10:09:30Z</time>
        <hdop>2</hdop>
        <extensions>
          <osmand:speed>2.8</osmand:speed>
        </extensions>
      </trkpt>
      <trkpt lat="53.7268013" lon="23.7384962">
        <ele>172</ele>
        <time>2026-06-27T10:09:41Z</time>
        <hdop>2.5</hdop>
        <extensions>
          <osmand:speed>1.1</osmand:speed>
        </extensions>
      </trkpt>
      <trkpt lat="53.7268131" lon="23.7381861">
        <ele>172</ele>
        <time>2026-06-27T10:09:52Z</time>
        <hdop>2.5</hdop>
        <extensions>
          <osmand:speed>1.8</osmand:speed>
        </extensions>
      </trkpt>
      <trkpt lat="53.7268259" lon="23.7378552">
        <ele>173</ele>
        <time>2026-06-27T10:10:03Z</time>
        <hdop>2.5</hdop>
        <extensions>
          <osmand:speed>1.6</osmand:speed>
        </extensions>
      </trkpt>
      <trkpt lat="53.72684" lon="23.737459">
        <ele>173</ele>
        <time>2026-06-27T10:10:14Z</time>
        <hdop>2.5</hdop>
        <extensions>
          <osmand:speed>1.7</osmand:speed>
        </extensions>
      </trkpt>
      <trkpt lat="53.7268545" lon="23.7370591">
        <ele>178</ele>
        <time>2026-06-27T10:10:25Z</time>
        <hdop>2.5</hdop>
        <extensions>
          <osmand:speed>2</osmand:speed>
        </extensions>
      </trkpt>
      <trkpt lat="53.726886" lon="23.7365983">
        <ele>183</ele>
        <time>2026-06-27T10:10:36Z</time>
        <hdop>3</hdop>
        <extensions>
          <osmand:speed>1.9</osmand:speed>
        </extensions>
      </trkpt>
      <trkpt lat="53.7269163" lon="23.7360632">
        <ele>186</ele>
        <time>2026-06-27T10:10:47Z</time>
        <hdop>3</hdop>
        <extensions>
          <osmand:speed>2</osmand:speed>
        </extensions>
      </trkpt>
      <trkpt lat="53.7269121" lon="23.7356748">
        <ele>189</ele>
        <time>2026-06-27T10:10:58Z</time>
        <hdop>3</hdop>
        <extensions>
          <osmand:speed>1.4</osmand:speed>
        </extensions>
      </trkpt>
      <trkpt lat="53.7269398" lon="23.7351705">
        <ele>185</ele>
        <time>2026-06-27T10:11:09Z</time>
        <hdop>4</hdop>
        <extensions>
          <osmand:speed>1.5</osmand:speed>
        </extensions>
      </trkpt>
      <trkpt lat="53.727077" lon="23.7341967">
        <ele>178</ele>
        <time>2026-06-27T10:11:20Z</time>
        <hdop>3</hdop>
        <extensions>
          <osmand:speed>4.6</osmand:speed>
        </extensions>
      </trkpt>
      <trkpt lat="53.7271101" lon="23.7330925">
        <ele>187</ele>
        <time>2026-06-27T10:11:31Z</time>
        <hdop>2.5</hdop>
        <extensions>
          <osmand:speed>4.2</osmand:speed>
        </extensions>
      </trkpt>
      <trkpt lat="53.7271559" lon="23.7323252">
        <ele>190</ele>
        <time>2026-06-27T10:11:42Z</time>
        <hdop>3</hdop>
        <extensions>
          <osmand:speed>3.3</osmand:speed>
        </extensions>
      </trkpt>
      <trkpt lat="53.7272479" lon="23.7316201">
        <ele>189</ele>
        <time>2026-06-27T10:11:53Z</time>
        <hdop>3</hdop>
        <extensions>
          <osmand:speed>3.6</osmand:speed>
        </extensions>
      </trkpt>
      <trkpt lat="53.7272289" lon="23.7309334">
        <ele>187</ele>
        <time>2026-06-27T10:12:04Z</time>
        <hdop>3</hdop>
        <extensions>
          <osmand:speed>2.8</osmand:speed>
        </extensions>
      </trkpt>
      <trkpt lat="53.7272345" lon="23.7303454">
        <ele>187</ele>
        <time>2026-06-27T10:12:15Z</time>
        <hdop>2.5</hdop>
        <extensions>
          <osmand:speed>3</osmand:speed>
        </extensions>
      </trkpt>
      <trkpt lat="53.7272515" lon="23.7298059">
        <ele>187</ele>
        <time>2026-06-27T10:12:26Z</time>
        <hdop>2.5</hdop>
        <extensions>
          <osmand:speed>2.9</osmand:speed>
        </extensions>
      </trkpt>
      <trkpt lat="53.7272817" lon="23.7293553">
        <ele>188</ele>
        <time>2026-06-27T10:12:37Z</time>
        <hdop>2</hdop>
        <extensions>
          <osmand:speed>2.3</osmand:speed>
        </extensions>
      </trkpt>
      <trkpt lat="53.7273015" lon="23.7288676">
        <ele>190</ele>
        <time>2026-06-27T10:12:48Z</time>
        <hdop>2</hdop>
        <extensions>
          <osmand:speed>2.8</osmand:speed>
        </extensions>
      </trkpt>
      <trkpt lat="53.727353" lon="23.7284133">
        <ele>191</ele>
        <time>2026-06-27T10:12:59Z</time>
        <hdop>2.5</hdop>
        <extensions>
          <osmand:speed>2.5</osmand:speed>
        </extensions>
      </trkpt>
      <trkpt lat="53.7273892" lon="23.7279661">
        <ele>192</ele>
        <time>2026-06-27T10:13:10Z</time>
        <hdop>2.5</hdop>
        <extensions>
          <osmand:speed>2.6</osmand:speed>
        </extensions>
      </trkpt>
      <trkpt lat="53.7274252" lon="23.7275997">
        <ele>193</ele>
        <time>2026-06-27T10:13:21Z</time>
        <hdop>3</hdop>
        <extensions>
          <osmand:speed>2.5</osmand:speed>
        </extensions>
      </trkpt>
      <trkpt lat="53.7274662" lon="23.7272094">
        <ele>196</ele>
        <time>2026-06-27T10:13:32Z</time>
        <hdop>2</hdop>
        <extensions>
          <osmand:speed>2.5</osmand:speed>
        </extensions>
      </trkpt>
      <trkpt lat="53.7274934" lon="23.7268476">
        <ele>197</ele>
        <time>2026-06-27T10:13:43Z</time>
        <hdop>2.5</hdop>
        <extensions>
          <osmand:speed>2.1</osmand:speed>
        </extensions>
      </trkpt>
      <trkpt lat="53.7275242" lon="23.7265055">
        <ele>199</ele>
        <time>2026-06-27T10:13:54Z</time>
        <hdop>2</hdop>
        <extensions>
          <osmand:speed>2</osmand:speed>
        </extensions>
      </trkpt>
      <trkpt lat="53.7275606" lon="23.7262135">
        <ele>201</ele>
        <time>2026-06-27T10:14:05Z</time>
        <hdop>2.5</hdop>
        <extensions>
          <osmand:speed>1.4</osmand:speed>
        </extensions>
      </trkpt>
      <trkpt lat="53.7276401" lon="23.7259714">
        <ele>202</ele>
        <time>2026-06-27T10:14:16Z</time>
        <hdop>2</hdop>
        <extensions>
          <osmand:speed>1.2</osmand:speed>
        </extensions>
      </trkpt>
      <trkpt lat="53.7277611" lon="23.7258519">
        <ele>202</ele>
        <time>2026-06-27T10:14:27Z</time>
        <hdop>2.5</hdop>
        <extensions>
          <osmand:speed>1.5</osmand:speed>
        </extensions>
      </trkpt>
      <trkpt lat="53.7279475" lon="23.7257501">
        <ele>204</ele>
        <time>2026-06-27T10:14:38Z</time>
        <hdop>3</hdop>
        <extensions>
          <osmand:speed>1.3</osmand:speed>
        </extensions>
      </trkpt>
      <trkpt lat="53.728036" lon="23.7256408">
        <ele>205</ele>
        <time>2026-06-27T10:14:49Z</time>
        <hdop>3</hdop>
      </trkpt>
      <trkpt lat="53.7281201" lon="23.7256012">
        <ele>207</ele>
        <time>2026-06-27T10:15:00Z</time>
        <hdop>3</hdop>
        <extensions>
          <osmand:speed>1.3</osmand:speed>
        </extensions>
      </trkpt>
      <trkpt lat="53.7287369" lon="23.7249004">
        <ele>200</ele>
        <time>2026-06-27T10:15:11Z</time>
        <hdop>3.5</hdop>
        <extensions>
          <osmand:speed>7.6</osmand:speed>
        </extensions>
      </trkpt>
      <trkpt lat="53.7293913" lon="23.7239894">
        <ele>197</ele>
        <time>2026-06-27T10:15:22Z</time>
        <hdop>2.5</hdop>
        <extensions>
          <osmand:speed>9.6</osmand:speed>
        </extensions>
      </trkpt>
      <trkpt lat="53.7295907" lon="23.7232389">
        <ele>193</ele>
        <time>2026-06-27T10:15:33Z</time>
        <hdop>2</hdop>
        <extensions>
          <osmand:speed>3.4</osmand:speed>
        </extensions>
      </trkpt>
      <trkpt lat="53.7297644" lon="23.7227255">
        <ele>193</ele>
        <time>2026-06-27T10:15:44Z</time>
        <hdop>1.5</hdop>
        <extensions>
          <osmand:speed>4</osmand:speed>
        </extensions>
      </trkpt>
      <trkpt lat="53.7301223" lon="23.7222554">
        <ele>192</ele>
        <time>2026-06-27T10:15:55Z</time>
        <hdop>1.5</hdop>
        <extensions>
          <osmand:speed>5</osmand:speed>
        </extensions>
      </trkpt>
      <trkpt lat="53.7305577" lon="23.721689">
        <ele>191</ele>
        <time>2026-06-27T10:16:06Z</time>
        <hdop>1.5</hdop>
        <extensions>
          <osmand:speed>5.5</osmand:speed>
        </extensions>
      </trkpt>
      <trkpt lat="53.7309818" lon="23.7211287">
        <ele>190</ele>
        <time>2026-06-27T10:16:17Z</time>
        <hdop>1.5</hdop>
        <extensions>
          <osmand:speed>5.3</osmand:speed>
        </extensions>
      </trkpt>
      <trkpt lat="53.7313809" lon="23.7206464">
        <ele>190</ele>
        <time>2026-06-27T10:16:28Z</time>
        <hdop>1.5</hdop>
        <extensions>
          <osmand:speed>3.7</osmand:speed>
        </extensions>
      </trkpt>
      <trkpt lat="53.7316991" lon="23.7202401">
        <ele>191</ele>
        <time>2026-06-27T10:16:39Z</time>
        <hdop>2</hdop>
        <extensions>
          <osmand:speed>3.7</osmand:speed>
        </extensions>
      </trkpt>
      <trkpt lat="53.7320111" lon="23.7198494">
        <ele>192</ele>
        <time>2026-06-27T10:16:50Z</time>
        <hdop>2</hdop>
        <extensions>
          <osmand:speed>4.1</osmand:speed>
        </extensions>
      </trkpt>
      <trkpt lat="53.7323352" lon="23.7194445">
        <ele>194</ele>
        <time>2026-06-27T10:17:01Z</time>
        <hdop>1.5</hdop>
        <extensions>
          <osmand:speed>3.9</osmand:speed>
        </extensions>
      </trkpt>
      <trkpt lat="53.7326236" lon="23.7190748">
        <ele>194</ele>
        <time>2026-06-27T10:17:12Z</time>
        <hdop>1.5</hdop>
        <extensions>
          <osmand:speed>3.3</osmand:speed>
        </extensions>
      </trkpt>
      <trkpt lat="53.7328097" lon="23.718612">
        <ele>195</ele>
        <time>2026-06-27T10:17:23Z</time>
        <hdop>1.5</hdop>
        <extensions>
          <osmand:speed>4.1</osmand:speed>
        </extensions>
      </trkpt>
      <trkpt lat="53.7329849" lon="23.718038">
        <ele>196</ele>
        <time>2026-06-27T10:17:34Z</time>
        <hdop>1</hdop>
        <extensions>
          <osmand:speed>3.9</osmand:speed>
        </extensions>
      </trkpt>
      <trkpt lat="53.7332136" lon="23.7176705">
        <ele>197</ele>
        <time>2026-06-27T10:17:45Z</time>
        <hdop>1.5</hdop>
        <extensions>
          <osmand:speed>2.6</osmand:speed>
        </extensions>
      </trkpt>
      <trkpt lat="53.733305" lon="23.7176314">
        <ele>197</ele>
        <time>2026-06-27T10:17:56Z</time>
        <hdop>2</hdop>
      </trkpt>
      <trkpt lat="53.7332464" lon="23.71756">
        <ele>197</ele>
        <time>2026-06-27T10:18:07Z</time>
        <hdop>2.5</hdop>
        <extensions>
          <osmand:speed>1.5</osmand:speed>
        </extensions>
      </trkpt>
      <trkpt lat="53.7333328" lon="23.7172152">
        <ele>198</ele>
        <time>2026-06-27T10:18:18Z</time>
        <hdop>2</hdop>
        <extensions>
          <osmand:speed>2.6</osmand:speed>
        </extensions>
      </trkpt>
      <trkpt lat="53.7334549" lon="23.7167843">
        <ele>199</ele>
        <time>2026-06-27T10:18:29Z</time>
        <hdop>2.5</hdop>
        <extensions>
          <osmand:speed>3</osmand:speed>
        </extensions>
      </trkpt>
      <trkpt lat="53.7336024" lon="23.7163872">
        <ele>200</ele>
        <time>2026-06-27T10:18:40Z</time>
        <hdop>2.5</hdop>
        <extensions>
          <osmand:speed>2.3</osmand:speed>
        </extensions>
      </trkpt>
      <trkpt lat="53.7335907" lon="23.7159798">
        <ele>200</ele>
        <time>2026-06-27T10:18:51Z</time>
        <hdop>2</hdop>
        <extensions>
          <osmand:speed>2.3</osmand:speed>
        </extensions>
      </trkpt>
      <trkpt lat="53.7335557" lon="23.7155507">
        <ele>202</ele>
        <time>2026-06-27T10:19:02Z</time>
        <hdop>2</hdop>
        <extensions>
          <osmand:speed>1.9</osmand:speed>
        </extensions>
      </trkpt>
      <trkpt lat="53.7335279" lon="23.7151393">
        <ele>204</ele>
        <time>2026-06-27T10:19:13Z</time>
        <hdop>2.5</hdop>
        <extensions>
          <osmand:speed>1.3</osmand:speed>
        </extensions>
      </trkpt>
      <trkpt lat="53.7332897" lon="23.7150213">
        <ele>207</ele>
        <time>2026-06-27T10:19:24Z</time>
        <hdop>4</hdop>
        <extensions>
          <osmand:speed>3.3</osmand:speed>
        </extensions>
      </trkpt>
      <trkpt lat="53.7329907" lon="23.7149492">
        <ele>206</ele>
        <time>2026-06-27T10:19:35Z</time>
        <hdop>2.5</hdop>
        <extensions>
          <osmand:speed>2.1</osmand:speed>
        </extensions>
      </trkpt>
      <trkpt lat="53.7329332" lon="23.7146167">
        <ele>207</ele>
        <time>2026-06-27T10:19:46Z</time>
        <hdop>3</hdop>
        <extensions>
          <osmand:speed>2.3</osmand:speed>
        </extensions>
      </trkpt>
      <trkpt lat="53.733047" lon="23.7141717">
        <ele>210</ele>
        <time>2026-06-27T10:19:57Z</time>
        <hdop>2.5</hdop>
        <extensions>
          <osmand:speed>3.3</osmand:speed>
        </extensions>
      </trkpt>
      <trkpt lat="53.733163" lon="23.7134677">
        <ele>209</ele>
        <time>2026-06-27T10:20:08Z</time>
        <hdop>1.5</hdop>
        <extensions>
          <osmand:speed>5.6</osmand:speed>
        </extensions>
      </trkpt>
      <trkpt lat="53.733206" lon="23.7124135">
        <ele>206</ele>
        <time>2026-06-27T10:20:19Z</time>
        <hdop>2</hdop>
        <extensions>
          <osmand:speed>6.8</osmand:speed>
        </extensions>
      </trkpt>
      <trkpt lat="53.7333413" lon="23.7118939">
        <ele>206</ele>
        <time>2026-06-27T10:20:30Z</time>
        <hdop>2</hdop>
        <extensions>
          <osmand:speed>2.6</osmand:speed>
        </extensions>
      </trkpt>
      <trkpt lat="53.7335202" lon="23.7118842">
        <ele>207</ele>
        <time>2026-06-27T10:20:41Z</time>
        <hdop>2</hdop>
        <extensions>
          <osmand:speed>1.2</osmand:speed>
        </extensions>
      </trkpt>
      <trkpt lat="53.7336264" lon="23.7117282">
        <ele>207</ele>
        <time>2026-06-27T10:20:52Z</time>
        <hdop>3</hdop>
        <extensions>
          <osmand:speed>0.5</osmand:speed>
        </extensions>
      </trkpt>
      <trkpt lat="53.7336352" lon="23.711694">
        <ele>207</ele>
        <time>2026-06-27T10:21:03Z</time>
        <hdop>2.5</hdop>
      </trkpt>
      <trkpt lat="53.7336294" lon="23.7116654">
        <ele>207</ele>
        <time>2026-06-27T10:21:14Z</time>
        <hdop>2.5</hdop>
        <extensions>
          <osmand:speed>0.6</osmand:speed>
        </extensions>
      </trkpt>
      <trkpt lat="53.7336343" lon="23.7116564">
        <ele>207</ele>
        <time>2026-06-27T10:21:25Z</time>
        <hdop>2.5</hdop>
        <extensions>
          <osmand:speed>0.7</osmand:speed>
        </extensions>
      </trkpt>
      <trkpt lat="53.7337173" lon="23.7115507">
        <ele>207</ele>
        <time>2026-06-27T10:21:36Z</time>
        <hdop>3</hdop>
        <extensions>
          <osmand:speed>2.2</osmand:speed>
        </extensions>
      </trkpt>
      <trkpt lat="53.7337884" lon="23.7114381">
        <ele>207</ele>
        <time>2026-06-27T10:21:47Z</time>
        <hdop>3.5</hdop>
        <extensions>
          <osmand:speed>0.1</osmand:speed>
        </extensions>
      </trkpt>
      <trkpt lat="53.7337972" lon="23.7114226">
        <ele>208</ele>
        <time>2026-06-27T10:21:58Z</time>
        <hdop>3.5</hdop>
        <extensions>
          <osmand:speed>0.4</osmand:speed>
        </extensions>
      </trkpt>
      <trkpt lat="53.7338113" lon="23.7114117">
        <ele>209</ele>
        <time>2026-06-27T10:22:09Z</time>
        <hdop>3</hdop>
      </trkpt>
      <trkpt lat="53.733816" lon="23.7114612">
        <ele>209</ele>
        <time>2026-06-27T10:22:20Z</time>
        <hdop>3.5</hdop>
      </trkpt>
      <trkpt lat="53.733816" lon="23.7114612">
        <ele>209</ele>
        <time>2026-06-27T10:22:31Z</time>
        <hdop>4.5</hdop>
      </trkpt>
      <trkpt lat="53.733816" lon="23.7114612">
        <ele>209</ele>
        <time>2026-06-27T10:22:42Z</time>
        <hdop>3.5</hdop>
      </trkpt>
      <trkpt lat="53.733816" lon="23.7114612">
        <ele>209</ele>
        <time>2026-06-27T10:22:53Z</time>
        <hdop>3.5</hdop>
      </trkpt>
      <trkpt lat="53.733816" lon="23.7114612">
        <ele>209</ele>
        <time>2026-06-27T10:23:04Z</time>
        <hdop>3</hdop>
      </trkpt>
      <trkpt lat="53.733816" lon="23.7114612">
        <ele>209</ele>
        <time>2026-06-27T10:23:15Z</time>
        <hdop>3</hdop>
      </trkpt>
      <trkpt lat="53.733816" lon="23.7114612">
        <ele>209</ele>
        <time>2026-06-27T10:23:26Z</time>
        <hdop>3</hdop>
      </trkpt>
      <trkpt lat="53.733816" lon="23.7114612">
        <ele>209</ele>
        <time>2026-06-27T10:23:37Z</time>
        <hdop>2.5</hdop>
      </trkpt>
      <trkpt lat="53.733816" lon="23.7114612">
        <ele>209</ele>
        <time>2026-06-27T10:23:48Z</time>
        <hdop>2.5</hdop>
      </trkpt>
      <trkpt lat="53.733816" lon="23.7114612">
        <ele>209</ele>
        <time>2026-06-27T10:23:59Z</time>
        <hdop>2.5</hdop>
      </trkpt>
      <trkpt lat="53.733816" lon="23.7114612">
        <ele>209</ele>
        <time>2026-06-27T10:24:10Z</time>
        <hdop>2</hdop>
      </trkpt>
      <trkpt lat="53.733816" lon="23.7114612">
        <ele>209</ele>
        <time>2026-06-27T10:24:21Z</time>
        <hdop>2</hdop>
      </trkpt>
      <trkpt lat="53.733816" lon="23.7114612">
        <ele>209</ele>
        <time>2026-06-27T10:24:32Z</time>
        <hdop>2</hdop>
      </trkpt>
      <trkpt lat="53.733816" lon="23.7114612">
        <ele>209</ele>
        <time>2026-06-27T10:24:43Z</time>
        <hdop>2</hdop>
      </trkpt>
      <trkpt lat="53.733816" lon="23.7114612">
        <ele>209</ele>
        <time>2026-06-27T10:24:54Z</time>
        <hdop>2</hdop>
      </trkpt>
      <trkpt lat="53.733816" lon="23.7114612">
        <ele>209</ele>
        <time>2026-06-27T10:25:05Z</time>
        <hdop>2</hdop>
      </trkpt>
      <trkpt lat="53.733816" lon="23.7114612">
        <ele>209</ele>
        <time>2026-06-27T10:25:16Z</time>
        <hdop>2</hdop>
      </trkpt>
      <trkpt lat="53.733816" lon="23.7114612">
        <ele>209</ele>
        <time>2026-06-27T10:25:27Z</time>
        <hdop>2</hdop>
      </trkpt>
      <trkpt lat="53.7338046" lon="23.7114687">
        <ele>211</ele>
        <time>2026-06-27T10:25:38Z</time>
        <hdop>3</hdop>
        <extensions>
          <osmand:speed>0.3</osmand:speed>
        </extensions>
      </trkpt>
      <trkpt lat="53.7338149" lon="23.7115605">
        <ele>210</ele>
        <time>2026-06-27T10:25:49Z</time>
        <hdop>3</hdop>
        <extensions>
          <osmand:speed>1.1</osmand:speed>
        </extensions>
      </trkpt>
      <trkpt lat="53.7338245" lon="23.7116235">
        <ele>210</ele>
        <time>2026-06-27T10:26:00Z</time>
        <hdop>3</hdop>
        <extensions>
          <osmand:speed>1.2</osmand:speed>
        </extensions>
      </trkpt>
      <trkpt lat="53.7338054" lon="23.7115839">
        <ele>210</ele>
        <time>2026-06-27T10:26:11Z</time>
        <hdop>3</hdop>
        <extensions>
          <osmand:speed>2.2</osmand:speed>
        </extensions>
      </trkpt>
      <trkpt lat="53.7336644" lon="23.711661">
        <ele>210</ele>
        <time>2026-06-27T10:26:22Z</time>
        <hdop>3.5</hdop>
        <extensions>
          <osmand:speed>1</osmand:speed>
        </extensions>
      </trkpt>
      <trkpt lat="53.7336594" lon="23.7117038">
        <ele>207</ele>
        <time>2026-06-27T10:26:33Z</time>
        <hdop>2.5</hdop>
        <extensions>
          <osmand:speed>0.1</osmand:speed>
        </extensions>
      </trkpt>
      <trkpt lat="53.733608" lon="23.7118845">
        <ele>208</ele>
        <time>2026-06-27T10:26:44Z</time>
        <hdop>3</hdop>
        <extensions>
          <osmand:speed>2.6</osmand:speed>
        </extensions>
      </trkpt>
      <trkpt lat="53.733701" lon="23.7121838">
        <ele>209</ele>
        <time>2026-06-27T10:26:55Z</time>
        <hdop>3</hdop>
        <extensions>
          <osmand:speed>2.3</osmand:speed>
        </extensions>
      </trkpt>
      <trkpt lat="53.7337333" lon="23.7122762">
        <ele>209</ele>
        <time>2026-06-27T10:27:06Z</time>
        <hdop>3.5</hdop>
        <extensions>
          <osmand:speed>0.1</osmand:speed>
        </extensions>
      </trkpt>
      <trkpt lat="53.7337342" lon="23.7122815">
        <ele>209</ele>
        <time>2026-06-27T10:27:17Z</time>
        <hdop>2.5</hdop>
      </trkpt>
      <trkpt lat="53.7337342" lon="23.7122815">
        <ele>209</ele>
        <time>2026-06-27T10:27:28Z</time>
        <hdop>2.5</hdop>
      </trkpt>
      <trkpt lat="53.7337342" lon="23.7122815">
        <ele>209</ele>
        <time>2026-06-27T10:27:39Z</time>
        <hdop>2.5</hdop>
      </trkpt>
      <trkpt lat="53.7337342" lon="23.7122815">
        <ele>209</ele>
        <time>2026-06-27T10:27:50Z</time>
        <hdop>2.5</hdop>
      </trkpt>
      <trkpt lat="53.7337342" lon="23.7122815">
        <ele>209</ele>
        <time>2026-06-27T10:28:01Z</time>
        <hdop>2.5</hdop>
      </trkpt>
      <trkpt lat="53.7337342" lon="23.7122815">
        <ele>209</ele>
        <time>2026-06-27T10:28:12Z</time>
        <hdop>2.5</hdop>
      </trkpt>
      <trkpt lat="53.7337342" lon="23.7122815">
        <ele>209</ele>
        <time>2026-06-27T10:28:23Z</time>
        <hdop>3.5</hdop>
      </trkpt>
      <trkpt lat="53.7337342" lon="23.7122815">
        <ele>209</ele>
        <time>2026-06-27T10:28:34Z</time>
        <hdop>2.5</hdop>
      </trkpt>
      <trkpt lat="53.7337342" lon="23.7122815">
        <ele>209</ele>
        <time>2026-06-27T10:28:45Z</time>
        <hdop>2</hdop>
      </trkpt>
      <trkpt lat="53.7337342" lon="23.7122815">
        <ele>209</ele>
        <time>2026-06-27T10:28:56Z</time>
        <hdop>2</hdop>
      </trkpt>
      <trkpt lat="53.7337342" lon="23.7122815">
        <ele>209</ele>
        <time>2026-06-27T10:29:07Z</time>
        <hdop>2.5</hdop>
      </trkpt>
      <trkpt lat="53.7337342" lon="23.7122815">
        <ele>209</ele>
        <time>2026-06-27T10:29:18Z</time>
        <hdop>3</hdop>
      </trkpt>
      <trkpt lat="53.7337342" lon="23.7122815">
        <ele>209</ele>
        <time>2026-06-27T10:29:29Z</time>
        <hdop>2.5</hdop>
      </trkpt>
      <trkpt lat="53.7337342" lon="23.7122815">
        <ele>209</ele>
        <time>2026-06-27T10:29:40Z</time>
        <hdop>3</hdop>
      </trkpt>
      <trkpt lat="53.7337342" lon="23.7122815">
        <ele>209</ele>
        <time>2026-06-27T10:29:51Z</time>
        <hdop>3</hdop>
      </trkpt>
      <trkpt lat="53.7337342" lon="23.7122815">
        <ele>209</ele>
        <time>2026-06-27T10:30:02Z</time>
        <hdop>2</hdop>
      </trkpt>
      <trkpt lat="53.7337342" lon="23.7122815">
        <ele>209</ele>
        <time>2026-06-27T10:30:13Z</time>
        <hdop>2</hdop>
      </trkpt>
      <trkpt lat="53.7337342" lon="23.7122815">
        <ele>209</ele>
        <time>2026-06-27T10:30:24Z</time>
        <hdop>2.5</hdop>
      </trkpt>
      <trkpt lat="53.7337342" lon="23.7122815">
        <ele>209</ele>
        <time>2026-06-27T10:30:35Z</time>
        <hdop>2</hdop>
      </trkpt>
      <trkpt lat="53.7337342" lon="23.7122815">
        <ele>209</ele>
        <time>2026-06-27T10:30:46Z</time>
        <hdop>2</hdop>
      </trkpt>
      <trkpt lat="53.7337342" lon="23.7122815">
        <ele>209</ele>
        <time>2026-06-27T10:30:57Z</time>
        <hdop>2.5</hdop>
      </trkpt>
      <trkpt lat="53.7337342" lon="23.7122815">
        <ele>209</ele>
        <time>2026-06-27T10:31:08Z</time>
        <hdop>2</hdop>
      </trkpt>
      <trkpt lat="53.7337342" lon="23.7122815">
        <ele>209</ele>
        <time>2026-06-27T10:31:19Z</time>
        <hdop>1.5</hdop>
      </trkpt>
      <trkpt lat="53.7337342" lon="23.7122815">
        <ele>209</ele>
        <time>2026-06-27T10:31:30Z</time>
        <hdop>2</hdop>
      </trkpt>
      <trkpt lat="53.7337342" lon="23.7122815">
        <ele>209</ele>
        <time>2026-06-27T10:31:41Z</time>
        <hdop>2</hdop>
      </trkpt>
      <trkpt lat="53.7337342" lon="23.7122815">
        <ele>209</ele>
        <time>2026-06-27T10:31:52Z</time>
        <hdop>2</hdop>
      </trkpt>
      <trkpt lat="53.7337342" lon="23.7122815">
        <ele>209</ele>
        <time>2026-06-27T10:32:03Z</time>
        <hdop>2.5</hdop>
      </trkpt>
      <trkpt lat="53.7337342" lon="23.7122815">
        <ele>209</ele>
        <time>2026-06-27T10:32:14Z</time>
        <hdop>2.5</hdop>
      </trkpt>
      <trkpt lat="53.7337342" lon="23.7122815">
        <ele>209</ele>
        <time>2026-06-27T10:32:25Z</time>
        <hdop>2.5</hdop>
      </trkpt>
      <trkpt lat="53.7337342" lon="23.7122815">
        <ele>209</ele>
        <time>2026-06-27T10:32:36Z</time>
        <hdop>2.5</hdop>
      </trkpt>
      <trkpt lat="53.7337342" lon="23.7122815">
        <ele>209</ele>
        <time>2026-06-27T10:32:47Z</time>
        <hdop>2</hdop>
      </trkpt>
      <trkpt lat="53.7337342" lon="23.7122815">
        <ele>209</ele>
        <time>2026-06-27T10:32:58Z</time>
        <hdop>2</hdop>
      </trkpt>
      <trkpt lat="53.7337342" lon="23.7122815">
        <ele>209</ele>
        <time>2026-06-27T10:33:09Z</time>
        <hdop>2</hdop>
      </trkpt>
      <trkpt lat="53.7337342" lon="23.7122815">
        <ele>209</ele>
        <time>2026-06-27T10:33:20Z</time>
        <hdop>2.5</hdop>
      </trkpt>
      <trkpt lat="53.7337342" lon="23.7122815">
        <ele>209</ele>
        <time>2026-06-27T10:33:31Z</time>
        <hdop>2.5</hdop>
      </trkpt>
      <trkpt lat="53.7337342" lon="23.7122815">
        <ele>209</ele>
        <time>2026-06-27T10:33:42Z</time>
        <hdop>2.5</hdop>
      </trkpt>
      <trkpt lat="53.7337342" lon="23.7122815">
        <ele>209</ele>
        <time>2026-06-27T10:33:53Z</time>
        <hdop>2.5</hdop>
      </trkpt>
      <trkpt lat="53.7337342" lon="23.7122815">
        <ele>209</ele>
        <time>2026-06-27T10:34:04Z</time>
        <hdop>2.5</hdop>
      </trkpt>
      <trkpt lat="53.7337342" lon="23.7122815">
        <ele>209</ele>
        <time>2026-06-27T10:34:15Z</time>
        <hdop>2.5</hdop>
      </trkpt>
      <trkpt lat="53.7337342" lon="23.7122815">
        <ele>209</ele>
        <time>2026-06-27T10:34:26Z</time>
        <hdop>2.5</hdop>
      </trkpt>
      <trkpt lat="53.7337342" lon="23.7122815">
        <ele>209</ele>
        <time>2026-06-27T10:34:37Z</time>
        <hdop>2.5</hdop>
      </trkpt>
      <trkpt lat="53.7337342" lon="23.7122815">
        <ele>209</ele>
        <time>2026-06-27T10:34:48Z</time>
        <hdop>2.5</hdop>
      </trkpt>
      <trkpt lat="53.7337342" lon="23.7122815">
        <ele>209</ele>
        <time>2026-06-27T10:34:59Z</time>
        <hdop>2</hdop>
      </trkpt>
      <trkpt lat="53.7337342" lon="23.7122815">
        <ele>209</ele>
        <time>2026-06-27T10:35:10Z</time>
        <hdop>2</hdop>
      </trkpt>
      <trkpt lat="53.7337342" lon="23.7122815">
        <ele>209</ele>
        <time>2026-06-27T10:35:21Z</time>
        <hdop>2</hdop>
      </trkpt>
      <trkpt lat="53.7337342" lon="23.7122815">
        <ele>209</ele>
        <time>2026-06-27T10:35:32Z</time>
        <hdop>2</hdop>
      </trkpt>
      <trkpt lat="53.7337342" lon="23.7122815">
        <ele>209</ele>
        <time>2026-06-27T10:35:43Z</time>
        <hdop>2</hdop>
      </trkpt>
      <trkpt lat="53.7337342" lon="23.7122815">
        <ele>209</ele>
        <time>2026-06-27T10:35:54Z</time>
        <hdop>2</hdop>
      </trkpt>
      <trkpt lat="53.7337342" lon="23.7122815">
        <ele>209</ele>
        <time>2026-06-27T10:36:05Z</time>
        <hdop>2</hdop>
      </trkpt>
      <trkpt lat="53.7337342" lon="23.7122815">
        <ele>209</ele>
        <time>2026-06-27T10:36:16Z</time>
        <hdop>2</hdop>
      </trkpt>
      <trkpt lat="53.7337342" lon="23.7122815">
        <ele>209</ele>
        <time>2026-06-27T10:36:27Z</time>
        <hdop>2</hdop>
      </trkpt>
      <trkpt lat="53.7337342" lon="23.7122815">
        <ele>209</ele>
        <time>2026-06-27T10:36:38Z</time>
        <hdop>2</hdop>
      </trkpt>
      <trkpt lat="53.7337342" lon="23.7122815">
        <ele>209</ele>
        <time>2026-06-27T10:36:49Z</time>
        <hdop>2</hdop>
      </trkpt>
      <trkpt lat="53.7337342" lon="23.7122815">
        <ele>209</ele>
        <time>2026-06-27T10:37:00Z</time>
        <hdop>2</hdop>
      </trkpt>
      <trkpt lat="53.7337342" lon="23.7122815">
        <ele>209</ele>
        <time>2026-06-27T10:37:11Z</time>
        <hdop>2</hdop>
      </trkpt>
      <trkpt lat="53.7337342" lon="23.7122815">
        <ele>209</ele>
        <time>2026-06-27T10:37:22Z</time>
        <hdop>2</hdop>
      </trkpt>
      <trkpt lat="53.7337342" lon="23.7122815">
        <ele>209</ele>
        <time>2026-06-27T10:37:33Z</time>
        <hdop>2</hdop>
      </trkpt>
      <trkpt lat="53.7337342" lon="23.7122815">
        <ele>209</ele>
        <time>2026-06-27T10:37:44Z</time>
        <hdop>2</hdop>
      </trkpt>
      <trkpt lat="53.7337342" lon="23.7122815">
        <ele>209</ele>
        <time>2026-06-27T10:37:55Z</time>
        <hdop>2</hdop>
      </trkpt>
      <trkpt lat="53.7337342" lon="23.7122815">
        <ele>209</ele>
        <time>2026-06-27T10:38:06Z</time>
        <hdop>2</hdop>
      </trkpt>
      <trkpt lat="53.7337342" lon="23.7122815">
        <ele>209</ele>
        <time>2026-06-27T10:38:17Z</time>
        <hdop>2</hdop>
      </trkpt>
      <trkpt lat="53.7337342" lon="23.7122815">
        <ele>209</ele>
        <time>2026-06-27T10:38:28Z</time>
        <hdop>2</hdop>
      </trkpt>
      <trkpt lat="53.7337342" lon="23.7122815">
        <ele>209</ele>
        <time>2026-06-27T10:38:39Z</time>
        <hdop>2</hdop>
      </trkpt>
      <trkpt lat="53.7337342" lon="23.7122815">
        <ele>209</ele>
        <time>2026-06-27T10:38:50Z</time>
        <hdop>2</hdop>
      </trkpt>
      <trkpt lat="53.7337342" lon="23.7122815">
        <ele>209</ele>
        <time>2026-06-27T10:39:01Z</time>
        <hdop>2</hdop>
      </trkpt>
      <trkpt lat="53.7337342" lon="23.7122815">
        <ele>209</ele>
        <time>2026-06-27T10:39:12Z</time>
        <hdop>2</hdop>
      </trkpt>
      <trkpt lat="53.7337342" lon="23.7122815">
        <ele>209</ele>
        <time>2026-06-27T10:39:23Z</time>
        <hdop>2</hdop>
      </trkpt>
      <trkpt lat="53.7337342" lon="23.7122815">
        <ele>209</ele>
        <time>2026-06-27T10:39:34Z</time>
        <hdop>2</hdop>
      </trkpt>
      <trkpt lat="53.7337342" lon="23.7122815">
        <ele>209</ele>
        <time>2026-06-27T10:39:45Z</time>
        <hdop>2</hdop>
      </trkpt>
      <trkpt lat="53.7337342" lon="23.7122815">
        <ele>209</ele>
        <time>2026-06-27T10:39:56Z</time>
        <hdop>2</hdop>
      </trkpt>
      <trkpt lat="53.7337342" lon="23.7122815">
        <ele>209</ele>
        <time>2026-06-27T10:40:07Z</time>
        <hdop>2</hdop>
      </trkpt>
      <trkpt lat="53.7337342" lon="23.7122815">
        <ele>209</ele>
        <time>2026-06-27T10:40:18Z</time>
        <hdop>2</hdop>
      </trkpt>
      <trkpt lat="53.7337342" lon="23.7122815">
        <ele>209</ele>
        <time>2026-06-27T10:40:29Z</time>
        <hdop>2</hdop>
      </trkpt>
      <trkpt lat="53.7337342" lon="23.7122815">
        <ele>209</ele>
        <time>2026-06-27T10:40:40Z</time>
        <hdop>2</hdop>
      </trkpt>
      <trkpt lat="53.7337342" lon="23.7122815">
        <ele>209</ele>
        <time>2026-06-27T10:40:51Z</time>
        <hdop>2</hdop>
      </trkpt>
      <trkpt lat="53.7337342" lon="23.7122815">
        <ele>209</ele>
        <time>2026-06-27T10:41:02Z</time>
        <hdop>2</hdop>
      </trkpt>
      <trkpt lat="53.7337342" lon="23.7122815">
        <ele>209</ele>
        <time>2026-06-27T10:41:13Z</time>
        <hdop>2</hdop>
      </trkpt>
      <trkpt lat="53.7337342" lon="23.7122815">
        <ele>209</ele>
        <time>2026-06-27T10:41:24Z</time>
        <hdop>2</hdop>
      </trkpt>
      <trkpt lat="53.7337342" lon="23.7122815">
        <ele>209</ele>
        <time>2026-06-27T10:41:35Z</time>
        <hdop>2</hdop>
      </trkpt>
      <trkpt lat="53.733652" lon="23.7121827">
        <ele>208</ele>
        <time>2026-06-27T10:41:46Z</time>
        <hdop>2.5</hdop>
        <extensions>
          <osmand:speed>1.1</osmand:speed>
        </extensions>
      </trkpt>
      <trkpt lat="53.7336538" lon="23.7121733">
        <ele>209</ele>
        <time>2026-06-27T10:41:57Z</time>
        <hdop>3</hdop>
      </trkpt>
      <trkpt lat="53.7336538" lon="23.7121733">
        <ele>209</ele>
        <time>2026-06-27T10:42:08Z</time>
        <hdop>2.5</hdop>
      </trkpt>
      <trkpt lat="53.7335925" lon="23.7120819">
        <ele>208</ele>
        <time>2026-06-27T10:42:19Z</time>
        <hdop>2.5</hdop>
        <extensions>
          <osmand:speed>3.2</osmand:speed>
        </extensions>
      </trkpt>
      <trkpt lat="53.7332149" lon="23.7118793">
        <ele>205</ele>
        <time>2026-06-27T10:42:30Z</time>
        <hdop>1.5</hdop>
        <extensions>
          <osmand:speed>4.3</osmand:speed>
        </extensions>
      </trkpt>
      <trkpt lat="53.7330423" lon="23.7112018">
        <ele>204</ele>
        <time>2026-06-27T10:42:41Z</time>
        <hdop>1.5</hdop>
        <extensions>
          <osmand:speed>4.3</osmand:speed>
        </extensions>
      </trkpt>
      <trkpt lat="53.7329271" lon="23.7105659">
        <ele>205</ele>
        <time>2026-06-27T10:42:52Z</time>
        <hdop>2</hdop>
        <extensions>
          <osmand:speed>3.6</osmand:speed>
        </extensions>
      </trkpt>
      <trkpt lat="53.7327976" lon="23.7099408">
        <ele>204</ele>
        <time>2026-06-27T10:43:03Z</time>
        <hdop>2</hdop>
        <extensions>
          <osmand:speed>4.8</osmand:speed>
        </extensions>
      </trkpt>
      <trkpt lat="53.732491" lon="23.7090675">
        <ele>202</ele>
        <time>2026-06-27T10:43:14Z</time>
        <hdop>1.5</hdop>
        <extensions>
          <osmand:speed>6.1</osmand:speed>
        </extensions>
      </trkpt>
      <trkpt lat="53.7322578" lon="23.7083891">
        <ele>202</ele>
        <time>2026-06-27T10:43:25Z</time>
        <hdop>1.5</hdop>
        <extensions>
          <osmand:speed>3.6</osmand:speed>
        </extensions>
      </trkpt>
      <trkpt lat="53.7319656" lon="23.7080177">
        <ele>202</ele>
        <time>2026-06-27T10:43:36Z</time>
        <hdop>2</hdop>
        <extensions>
          <osmand:speed>3.9</osmand:speed>
        </extensions>
      </trkpt>
      <trkpt lat="53.7314177" lon="23.7082553">
        <ele>200</ele>
        <time>2026-06-27T10:43:47Z</time>
        <hdop>2</hdop>
        <extensions>
          <osmand:speed>7.7</osmand:speed>
        </extensions>
      </trkpt>
      <trkpt lat="53.7307335" lon="23.708919">
        <ele>196</ele>
        <time>2026-06-27T10:43:58Z</time>
        <hdop>2.5</hdop>
        <extensions>
          <osmand:speed>8.7</osmand:speed>
        </extensions>
      </trkpt>
      <trkpt lat="53.7300127" lon="23.7096437">
        <ele>193</ele>
        <time>2026-06-27T10:44:09Z</time>
        <hdop>2.5</hdop>
        <extensions>
          <osmand:speed>7.1</osmand:speed>
        </extensions>
      </trkpt>
      <trkpt lat="53.7294346" lon="23.7102081">
        <ele>189</ele>
        <time>2026-06-27T10:44:20Z</time>
        <hdop>2</hdop>
        <extensions>
          <osmand:speed>6.8</osmand:speed>
        </extensions>
      </trkpt>
      <trkpt lat="53.7288461" lon="23.7104772">
        <ele>190</ele>
        <time>2026-06-27T10:44:31Z</time>
        <hdop>1.5</hdop>
        <extensions>
          <osmand:speed>4.1</osmand:speed>
        </extensions>
      </trkpt>
      <trkpt lat="53.7285567" lon="23.7106424">
        <ele>193</ele>
        <time>2026-06-27T10:44:42Z</time>
        <hdop>2</hdop>
        <extensions>
          <osmand:speed>2.6</osmand:speed>
        </extensions>
      </trkpt>
      <trkpt lat="53.728283" lon="23.710754">
        <ele>191</ele>
        <time>2026-06-27T10:44:53Z</time>
        <hdop>2</hdop>
        <extensions>
          <osmand:speed>5.2</osmand:speed>
        </extensions>
      </trkpt>
      <trkpt lat="53.7275534" lon="23.710646">
        <ele>189</ele>
        <time>2026-06-27T10:45:04Z</time>
        <hdop>1.5</hdop>
        <extensions>
          <osmand:speed>8.2</osmand:speed>
        </extensions>
      </trkpt>
      <trkpt lat="53.7267565" lon="23.7106214">
        <ele>185</ele>
        <time>2026-06-27T10:45:15Z</time>
        <hdop>2</hdop>
        <extensions>
          <osmand:speed>8.5</osmand:speed>
        </extensions>
      </trkpt>
      <trkpt lat="53.7259267" lon="23.7106352">
        <ele>182</ele>
        <time>2026-06-27T10:45:26Z</time>
        <hdop>2.5</hdop>
        <extensions>
          <osmand:speed>8.6</osmand:speed>
        </extensions>
      </trkpt>
      <trkpt lat="53.7250859" lon="23.7105614">
        <ele>179</ele>
        <time>2026-06-27T10:45:37Z</time>
        <hdop>1.5</hdop>
        <extensions>
          <osmand:speed>7.2</osmand:speed>
        </extensions>
      </trkpt>
      <trkpt lat="53.7243709" lon="23.7105388">
        <ele>178</ele>
        <time>2026-06-27T10:45:48Z</time>
        <hdop>2</hdop>
        <extensions>
          <osmand:speed>6.8</osmand:speed>
        </extensions>
      </trkpt>
      <trkpt lat="53.7237859" lon="23.7105057">
        <ele>178</ele>
        <time>2026-06-27T10:45:59Z</time>
        <hdop>2.5</hdop>
        <extensions>
          <osmand:speed>5.9</osmand:speed>
        </extensions>
      </trkpt>
      <trkpt lat="53.7233203" lon="23.7104663">
        <ele>176</ele>
        <time>2026-06-27T10:46:10Z</time>
        <hdop>1.5</hdop>
        <extensions>
          <osmand:speed>5.5</osmand:speed>
        </extensions>
      </trkpt>
      <trkpt lat="53.7226433" lon="23.7104257">
        <ele>174</ele>
        <time>2026-06-27T10:46:21Z</time>
        <hdop>1.5</hdop>
        <extensions>
          <osmand:speed>6.8</osmand:speed>
        </extensions>
      </trkpt>
      <trkpt lat="53.7220134" lon="23.7103824">
        <ele>173</ele>
        <time>2026-06-27T10:46:32Z</time>
        <hdop>1.5</hdop>
        <extensions>
          <osmand:speed>6.6</osmand:speed>
        </extensions>
      </trkpt>
      <trkpt lat="53.7213771" lon="23.7103499">
        <ele>172</ele>
        <time>2026-06-27T10:46:43Z</time>
        <hdop>1.5</hdop>
        <extensions>
          <osmand:speed>6</osmand:speed>
        </extensions>
      </trkpt>
      <trkpt lat="53.7208653" lon="23.7103617">
        <ele>172</ele>
        <time>2026-06-27T10:46:54Z</time>
        <hdop>2</hdop>
        <extensions>
          <osmand:speed>5</osmand:speed>
        </extensions>
      </trkpt>
      <trkpt lat="53.7203669" lon="23.7103579">
        <ele>174</ele>
        <time>2026-06-27T10:47:05Z</time>
        <hdop>2.5</hdop>
        <extensions>
          <osmand:speed>4.8</osmand:speed>
        </extensions>
      </trkpt>
      <trkpt lat="53.7199787" lon="23.7102765">
        <ele>177</ele>
        <time>2026-06-27T10:47:16Z</time>
        <hdop>2</hdop>
        <extensions>
          <osmand:speed>1.7</osmand:speed>
        </extensions>
      </trkpt>
      <trkpt lat="53.7198878" lon="23.710234">
        <ele>178</ele>
        <time>2026-06-27T10:47:27Z</time>
        <hdop>2.5</hdop>
      </trkpt>
      <trkpt lat="53.7198878" lon="23.710234">
        <ele>178</ele>
        <time>2026-06-27T10:47:38Z</time>
        <hdop>2.5</hdop>
      </trkpt>
      <trkpt lat="53.7198878" lon="23.710234">
        <ele>178</ele>
        <time>2026-06-27T10:47:49Z</time>
        <hdop>3</hdop>
      </trkpt>
      <trkpt lat="53.7198878" lon="23.710234">
        <ele>178</ele>
        <time>2026-06-27T10:48:00Z</time>
        <hdop>2.5</hdop>
      </trkpt>
      <trkpt lat="53.7198932" lon="23.710244">
        <ele>178</ele>
        <time>2026-06-27T10:48:11Z</time>
        <hdop>2.5</hdop>
      </trkpt>
      <trkpt lat="53.7198932" lon="23.710244">
        <ele>178</ele>
        <time>2026-06-27T10:48:22Z</time>
        <hdop>2.5</hdop>
      </trkpt>
      <trkpt lat="53.7198932" lon="23.710244">
        <ele>178</ele>
        <time>2026-06-27T10:48:33Z</time>
        <hdop>2</hdop>
      </trkpt>
      <trkpt lat="53.7199105" lon="23.7102513">
        <ele>179</ele>
        <time>2026-06-27T10:48:44Z</time>
        <hdop>2</hdop>
        <extensions>
          <osmand:speed>0.1</osmand:speed>
        </extensions>
      </trkpt>
      <trkpt lat="53.7202544" lon="23.7103423">
        <ele>177</ele>
        <time>2026-06-27T10:48:55Z</time>
        <hdop>1.5</hdop>
        <extensions>
          <osmand:speed>4.6</osmand:speed>
        </extensions>
      </trkpt>
      <trkpt lat="53.720696" lon="23.7103496">
        <ele>178</ele>
        <time>2026-06-27T10:49:06Z</time>
        <hdop>2.5</hdop>
        <extensions>
          <osmand:speed>4.8</osmand:speed>
        </extensions>
      </trkpt>
      <trkpt lat="53.7212068" lon="23.7103766">
        <ele>177</ele>
        <time>2026-06-27T10:49:17Z</time>
        <hdop>1.5</hdop>
        <extensions>
          <osmand:speed>4.6</osmand:speed>
        </extensions>
      </trkpt>
      <trkpt lat="53.7216754" lon="23.7103838">
        <ele>176</ele>
        <time>2026-06-27T10:49:28Z</time>
        <hdop>1.5</hdop>
        <extensions>
          <osmand:speed>5.1</osmand:speed>
        </extensions>
      </trkpt>
      <trkpt lat="53.7221628" lon="23.7103988">
        <ele>175</ele>
        <time>2026-06-27T10:49:39Z</time>
        <hdop>1.5</hdop>
        <extensions>
          <osmand:speed>4.7</osmand:speed>
        </extensions>
      </trkpt>
      <trkpt lat="53.7225768" lon="23.710448">
        <ele>176</ele>
        <time>2026-06-27T10:49:50Z</time>
        <hdop>1.5</hdop>
        <extensions>
          <osmand:speed>3.2</osmand:speed>
        </extensions>
      </trkpt>
      <trkpt lat="53.7229664" lon="23.710509">
        <ele>175</ele>
        <time>2026-06-27T10:50:01Z</time>
        <hdop>1.5</hdop>
        <extensions>
          <osmand:speed>4.1</osmand:speed>
        </extensions>
      </trkpt>
      <trkpt lat="53.7233417" lon="23.71055">
        <ele>175</ele>
        <time>2026-06-27T10:50:12Z</time>
        <hdop>2</hdop>
        <extensions>
          <osmand:speed>2.9</osmand:speed>
        </extensions>
      </trkpt>
      <trkpt lat="53.7233369" lon="23.7110607">
        <ele>173</ele>
        <time>2026-06-27T10:50:23Z</time>
        <hdop>3</hdop>
        <extensions>
          <osmand:speed>2.8</osmand:speed>
        </extensions>
      </trkpt>
      <trkpt lat="53.723165" lon="23.7117396">
        <ele>173</ele>
        <time>2026-06-27T10:50:34Z</time>
        <hdop>2.5</hdop>
        <extensions>
          <osmand:speed>4.3</osmand:speed>
        </extensions>
      </trkpt>
      <trkpt lat="53.7229211" lon="23.7125218">
        <ele>177</ele>
        <time>2026-06-27T10:50:45Z</time>
        <hdop>2</hdop>
        <extensions>
          <osmand:speed>5.1</osmand:speed>
        </extensions>
      </trkpt>
      <trkpt lat="53.7227008" lon="23.7132796">
        <ele>180</ele>
        <time>2026-06-27T10:50:56Z</time>
        <hdop>1.5</hdop>
        <extensions>
          <osmand:speed>5</osmand:speed>
        </extensions>
      </trkpt>
      <trkpt lat="53.7224946" lon="23.713997">
        <ele>181</ele>
        <time>2026-06-27T10:51:07Z</time>
        <hdop>1.5</hdop>
        <extensions>
          <osmand:speed>4.5</osmand:speed>
        </extensions>
      </trkpt>
      <trkpt lat="53.7222715" lon="23.7147738">
        <ele>181</ele>
        <time>2026-06-27T10:51:18Z</time>
        <hdop>1.5</hdop>
        <extensions>
          <osmand:speed>5.5</osmand:speed>
        </extensions>
      </trkpt>
      <trkpt lat="53.7220503" lon="23.7157185">
        <ele>180</ele>
        <time>2026-06-27T10:51:29Z</time>
        <hdop>2</hdop>
        <extensions>
          <osmand:speed>6.5</osmand:speed>
        </extensions>
      </trkpt>
      <trkpt lat="53.7219085" lon="23.7167777">
        <ele>178</ele>
        <time>2026-06-27T10:51:40Z</time>
        <hdop>2</hdop>
        <extensions>
          <osmand:speed>6.3</osmand:speed>
        </extensions>
      </trkpt>
      <trkpt lat="53.7217953" lon="23.7177856">
        <ele>178</ele>
        <time>2026-06-27T10:51:51Z</time>
        <hdop>1.5</hdop>
        <extensions>
          <osmand:speed>5.8</osmand:speed>
        </extensions>
      </trkpt>
      <trkpt lat="53.721686" lon="23.7187101">
        <ele>179</ele>
        <time>2026-06-27T10:52:02Z</time>
        <hdop>2</hdop>
        <extensions>
          <osmand:speed>5.5</osmand:speed>
        </extensions>
      </trkpt>
      <trkpt lat="53.7215488" lon="23.7196309">
        <ele>180</ele>
        <time>2026-06-27T10:52:13Z</time>
        <hdop>2</hdop>
        <extensions>
          <osmand:speed>5.5</osmand:speed>
        </extensions>
      </trkpt>
      <trkpt lat="53.7213779" lon="23.7205635">
        <ele>179</ele>
        <time>2026-06-27T10:52:24Z</time>
        <hdop>2.5</hdop>
        <extensions>
          <osmand:speed>5.8</osmand:speed>
        </extensions>
      </trkpt>
      <trkpt lat="53.7211706" lon="23.7215675">
        <ele>180</ele>
        <time>2026-06-27T10:52:35Z</time>
        <hdop>3</hdop>
        <extensions>
          <osmand:speed>6.8</osmand:speed>
        </extensions>
      </trkpt>
      <trkpt lat="53.7209954" lon="23.7226557">
        <ele>180</ele>
        <time>2026-06-27T10:52:46Z</time>
        <hdop>3</hdop>
        <extensions>
          <osmand:speed>6.6</osmand:speed>
        </extensions>
      </trkpt>
      <trkpt lat="53.720779" lon="23.7236535">
        <ele>180</ele>
        <time>2026-06-27T10:52:57Z</time>
        <hdop>2.5</hdop>
        <extensions>
          <osmand:speed>5.7</osmand:speed>
        </extensions>
      </trkpt>
      <trkpt lat="53.7205627" lon="23.7245719">
        <ele>182</ele>
        <time>2026-06-27T10:53:08Z</time>
        <hdop>2.5</hdop>
        <extensions>
          <osmand:speed>6.3</osmand:speed>
        </extensions>
      </trkpt>
      <trkpt lat="53.7202881" lon="23.7255276">
        <ele>180</ele>
        <time>2026-06-27T10:53:19Z</time>
        <hdop>2</hdop>
        <extensions>
          <osmand:speed>6.5</osmand:speed>
        </extensions>
      </trkpt>
      <trkpt lat="53.7200174" lon="23.7264201">
        <ele>177</ele>
        <time>2026-06-27T10:53:30Z</time>
        <hdop>1.5</hdop>
        <extensions>
          <osmand:speed>5.9</osmand:speed>
        </extensions>
      </trkpt>
      <trkpt lat="53.7197458" lon="23.7272811">
        <ele>178</ele>
        <time>2026-06-27T10:53:41Z</time>
        <hdop>2</hdop>
        <extensions>
          <osmand:speed>5.1</osmand:speed>
        </extensions>
      </trkpt>
      <trkpt lat="53.7194463" lon="23.7280438">
        <ele>180</ele>
        <time>2026-06-27T10:53:52Z</time>
        <hdop>2.5</hdop>
        <extensions>
          <osmand:speed>5.7</osmand:speed>
        </extensions>
      </trkpt>
      <trkpt lat="53.7191555" lon="23.7288634">
        <ele>181</ele>
        <time>2026-06-27T10:54:03Z</time>
        <hdop>2</hdop>
        <extensions>
          <osmand:speed>5.4</osmand:speed>
        </extensions>
      </trkpt>
      <trkpt lat="53.7188878" lon="23.7295595">
        <ele>182</ele>
        <time>2026-06-27T10:54:14Z</time>
        <hdop>2</hdop>
        <extensions>
          <osmand:speed>4.1</osmand:speed>
        </extensions>
      </trkpt>
      <trkpt lat="53.7186561" lon="23.7302523">
        <ele>181</ele>
        <time>2026-06-27T10:54:25Z</time>
        <hdop>2</hdop>
        <extensions>
          <osmand:speed>5.1</osmand:speed>
        </extensions>
      </trkpt>
      <trkpt lat="53.7183997" lon="23.7310775">
        <ele>179</ele>
        <time>2026-06-27T10:54:36Z</time>
        <hdop>2.5</hdop>
        <extensions>
          <osmand:speed>6.5</osmand:speed>
        </extensions>
      </trkpt>
      <trkpt lat="53.718364" lon="23.7319016">
        <ele>178</ele>
        <time>2026-06-27T10:54:47Z</time>
        <hdop>2</hdop>
        <extensions>
          <osmand:speed>4</osmand:speed>
        </extensions>
      </trkpt>
      <trkpt lat="53.7185655" lon="23.7321529">
        <ele>179</ele>
        <time>2026-06-27T10:54:58Z</time>
        <hdop>2</hdop>
        <extensions>
          <osmand:speed>1.5</osmand:speed>
        </extensions>
      </trkpt>
      <trkpt lat="53.7186331" lon="23.7321483">
        <ele>179</ele>
        <time>2026-06-27T10:55:09Z</time>
        <hdop>2</hdop>
      </trkpt>
      <trkpt lat="53.718588" lon="23.7321608">
        <ele>178</ele>
        <time>2026-06-27T10:55:20Z</time>
        <hdop>2.5</hdop>
        <extensions>
          <osmand:speed>2.8</osmand:speed>
        </extensions>
      </trkpt>
      <trkpt lat="53.718367" lon="23.732129">
        <ele>176</ele>
        <time>2026-06-27T10:55:31Z</time>
        <hdop>2.5</hdop>
        <extensions>
          <osmand:speed>1.2</osmand:speed>
        </extensions>
      </trkpt>
      <trkpt lat="53.7183828" lon="23.7321902">
        <ele>176</ele>
        <time>2026-06-27T10:55:42Z</time>
        <hdop>2.5</hdop>
      </trkpt>
      <trkpt lat="53.7183671" lon="23.7320682">
        <ele>176</ele>
        <time>2026-06-27T10:55:53Z</time>
        <hdop>2.5</hdop>
        <extensions>
          <osmand:speed>1.4</osmand:speed>
        </extensions>
      </trkpt>
      <trkpt lat="53.7183631" lon="23.7318894">
        <ele>177</ele>
        <time>2026-06-27T10:56:04Z</time>
        <hdop>2.5</hdop>
        <extensions>
          <osmand:speed>0.6</osmand:speed>
        </extensions>
      </trkpt>
      <trkpt lat="53.7182916" lon="23.7314698">
        <ele>174</ele>
        <time>2026-06-27T10:56:15Z</time>
        <hdop>3</hdop>
        <extensions>
          <osmand:speed>3.3</osmand:speed>
        </extensions>
      </trkpt>
      <trkpt lat="53.7184155" lon="23.7310724">
        <ele>174</ele>
        <time>2026-06-27T10:56:26Z</time>
        <hdop>2.5</hdop>
        <extensions>
          <osmand:speed>2.5</osmand:speed>
        </extensions>
      </trkpt>
      <trkpt lat="53.718566" lon="23.7306409">
        <ele>176</ele>
        <time>2026-06-27T10:56:37Z</time>
        <hdop>2.5</hdop>
        <extensions>
          <osmand:speed>2.9</osmand:speed>
        </extensions>
      </trkpt>
      <trkpt lat="53.7187197" lon="23.7305662">
        <ele>176</ele>
        <time>2026-06-27T10:56:48Z</time>
        <hdop>4</hdop>
        <extensions>
          <osmand:speed>0.8</osmand:speed>
        </extensions>
      </trkpt>
      <trkpt lat="53.7188005" lon="23.7305527">
        <ele>177</ele>
        <time>2026-06-27T10:56:59Z</time>
        <hdop>2.5</hdop>
      </trkpt>
      <trkpt lat="53.7187901" lon="23.7305651">
        <ele>178</ele>
        <time>2026-06-27T10:57:10Z</time>
        <hdop>3.5</hdop>
        <extensions>
          <osmand:speed>0.1</osmand:speed>
        </extensions>
      </trkpt>
      <trkpt lat="53.7188336" lon="23.7305568">
        <ele>177</ele>
        <time>2026-06-27T10:57:21Z</time>
        <hdop>4</hdop>
        <extensions>
          <osmand:speed>0.2</osmand:speed>
        </extensions>
      </trkpt>
      <trkpt lat="53.7189275" lon="23.730644">
        <ele>177</ele>
        <time>2026-06-27T10:57:32Z</time>
        <hdop>4</hdop>
      </trkpt>
      <trkpt lat="53.7190601" lon="23.7306861">
        <ele>182</ele>
        <time>2026-06-27T10:57:43Z</time>
        <hdop>4.5</hdop>
        <extensions>
          <osmand:speed>0.7</osmand:speed>
        </extensions>
      </trkpt>
      <trkpt lat="53.7191271" lon="23.7308381">
        <ele>184</ele>
        <time>2026-06-27T10:57:54Z</time>
        <hdop>4</hdop>
        <extensions>
          <osmand:speed>0.5</osmand:speed>
        </extensions>
      </trkpt>
      <trkpt lat="53.7191872" lon="23.7310437">
        <ele>184</ele>
        <time>2026-06-27T10:58:05Z</time>
        <hdop>5</hdop>
      </trkpt>
      <trkpt lat="53.7191249" lon="23.7311819">
        <ele>183</ele>
        <time>2026-06-27T10:58:16Z</time>
        <hdop>4</hdop>
      </trkpt>
      <trkpt lat="53.7190604" lon="23.7313656">
        <ele>179</ele>
        <time>2026-06-27T10:58:27Z</time>
        <hdop>4</hdop>
      </trkpt>
      <trkpt lat="53.7190857" lon="23.7314486">
        <ele>177</ele>
        <time>2026-06-27T10:58:38Z</time>
        <hdop>4</hdop>
        <extensions>
          <osmand:speed>1</osmand:speed>
        </extensions>
      </trkpt>
      <trkpt lat="53.7191633" lon="23.7315342">
        <ele>181</ele>
        <time>2026-06-27T10:58:49Z</time>
        <hdop>4</hdop>
        <extensions>
          <osmand:speed>1.4</osmand:speed>
        </extensions>
      </trkpt>
      <trkpt lat="53.7192544" lon="23.7315814">
        <ele>181</ele>
        <time>2026-06-27T10:59:00Z</time>
        <hdop>5</hdop>
        <extensions>
          <osmand:speed>0.7</osmand:speed>
        </extensions>
      </trkpt>
      <trkpt lat="53.7193496" lon="23.731487">
        <ele>180</ele>
        <time>2026-06-27T10:59:11Z</time>
        <hdop>5.5</hdop>
        <extensions>
          <osmand:speed>0.7</osmand:speed>
        </extensions>
      </trkpt>
      <trkpt lat="53.719471" lon="23.7315292">
        <ele>181</ele>
        <time>2026-06-27T10:59:22Z</time>
        <hdop>4.5</hdop>
        <extensions>
          <osmand:speed>1.3</osmand:speed>
        </extensions>
      </trkpt>
      <trkpt lat="53.7195245" lon="23.7315673">
        <ele>183</ele>
        <time>2026-06-27T10:59:33Z</time>
        <hdop>4.5</hdop>
        <extensions>
          <osmand:speed>0.8</osmand:speed>
        </extensions>
      </trkpt>
      <trkpt lat="53.719624" lon="23.7317767">
        <ele>184</ele>
        <time>2026-06-27T10:59:44Z</time>
        <hdop>5</hdop>
        <extensions>
          <osmand:speed>0.9</osmand:speed>
        </extensions>
      </trkpt>
      <trkpt lat="53.7197359" lon="23.7318373">
        <ele>183</ele>
        <time>2026-06-27T10:59:55Z</time>
        <hdop>5</hdop>
        <extensions>
          <osmand:speed>0.7</osmand:speed>
        </extensions>
      </trkpt>
      <trkpt lat="53.7197837" lon="23.7318606">
        <ele>184</ele>
        <time>2026-06-27T11:00:06Z</time>
        <hdop>4</hdop>
        <extensions>
          <osmand:speed>0.9</osmand:speed>
        </extensions>
      </trkpt>
      <trkpt lat="53.7198882" lon="23.7318591">
        <ele>186</ele>
        <time>2026-06-27T11:00:17Z</time>
        <hdop>4</hdop>
      </trkpt>
      <trkpt lat="53.7199886" lon="23.731884">
        <ele>184</ele>
        <time>2026-06-27T11:00:28Z</time>
        <hdop>4.5</hdop>
        <extensions>
          <osmand:speed>0.3</osmand:speed>
        </extensions>
      </trkpt>
      <trkpt lat="53.7200676" lon="23.7320809">
        <ele>184</ele>
        <time>2026-06-27T11:00:39Z</time>
        <hdop>5.5</hdop>
        <extensions>
          <osmand:speed>0.7</osmand:speed>
        </extensions>
      </trkpt>
      <trkpt lat="53.7201313" lon="23.7322357">
        <ele>183</ele>
        <time>2026-06-27T11:00:50Z</time>
        <hdop>4.5</hdop>
      </trkpt>
      <trkpt lat="53.7201988" lon="23.7323732">
        <ele>184</ele>
        <time>2026-06-27T11:01:01Z</time>
        <hdop>5.5</hdop>
      </trkpt>
      <trkpt lat="53.720206" lon="23.7323897">
        <ele>184</ele>
        <time>2026-06-27T11:01:12Z</time>
        <hdop>5</hdop>
        <extensions>
          <osmand:speed>0.5</osmand:speed>
        </extensions>
      </trkpt>
      <trkpt lat="53.7203044" lon="23.7323673">
        <ele>182</ele>
        <time>2026-06-27T11:01:23Z</time>
        <hdop>6.5</hdop>
        <extensions>
          <osmand:speed>1.3</osmand:speed>
        </extensions>
      </trkpt>
      <trkpt lat="53.7203579" lon="23.7324667">
        <ele>183</ele>
        <time>2026-06-27T11:01:34Z</time>
        <hdop>4.5</hdop>
        <extensions>
          <osmand:speed>0.3</osmand:speed>
        </extensions>
      </trkpt>
      <trkpt lat="53.7203647" lon="23.7325318">
        <ele>185</ele>
        <time>2026-06-27T11:01:45Z</time>
        <hdop>5</hdop>
        <extensions>
          <osmand:speed>0.4</osmand:speed>
        </extensions>
      </trkpt>
      <trkpt lat="53.7203341" lon="23.7326702">
        <ele>186</ele>
        <time>2026-06-27T11:01:56Z</time>
        <hdop>6</hdop>
        <extensions>
          <osmand:speed>1</osmand:speed>
        </extensions>
      </trkpt>
      <trkpt lat="53.7203898" lon="23.7327986">
        <ele>186</ele>
        <time>2026-06-27T11:02:07Z</time>
        <hdop>5.5</hdop>
        <extensions>
          <osmand:speed>0.5</osmand:speed>
        </extensions>
      </trkpt>
      <trkpt lat="53.7203641" lon="23.7327725">
        <ele>187</ele>
        <time>2026-06-27T11:02:18Z</time>
        <hdop>5.5</hdop>
        <extensions>
          <osmand:speed>0.4</osmand:speed>
        </extensions>
      </trkpt>
      <trkpt lat="53.7203223" lon="23.7326728">
        <ele>186</ele>
        <time>2026-06-27T11:02:29Z</time>
        <hdop>5.5</hdop>
        <extensions>
          <osmand:speed>0.4</osmand:speed>
        </extensions>
      </trkpt>
      <trkpt lat="53.7202811" lon="23.7325145">
        <ele>187</ele>
        <time>2026-06-27T11:02:40Z</time>
        <hdop>27.5</hdop>
        <extensions>
          <osmand:speed>2</osmand:speed>
        </extensions>
      </trkpt>
      <trkpt lat="53.7201924" lon="23.7325923">
        <ele>189</ele>
        <time>2026-06-27T11:02:51Z</time>
        <hdop>14.5</hdop>
        <extensions>
          <osmand:speed>1.1</osmand:speed>
        </extensions>
      </trkpt>
      <trkpt lat="53.7203925" lon="23.7328665">
        <ele>188</ele>
        <time>2026-06-27T11:03:02Z</time>
        <hdop>6</hdop>
        <extensions>
          <osmand:speed>1.3</osmand:speed>
        </extensions>
      </trkpt>
      <trkpt lat="53.7204011" lon="23.7327252">
        <ele>183</ele>
        <time>2026-06-27T11:03:13Z</time>
        <hdop>5.5</hdop>
      </trkpt>
      <trkpt lat="53.7204104" lon="23.7325954">
        <ele>185</ele>
        <time>2026-06-27T11:03:24Z</time>
        <hdop>5.5</hdop>
      </trkpt>
      <trkpt lat="53.7204189" lon="23.7324548">
        <ele>186</ele>
        <time>2026-06-27T11:03:35Z</time>
        <hdop>6</hdop>
      </trkpt>
      <trkpt lat="53.7203985" lon="23.7323149">
        <ele>188</ele>
        <time>2026-06-27T11:03:46Z</time>
        <hdop>5.5</hdop>
        <extensions>
          <osmand:speed>0.5</osmand:speed>
        </extensions>
      </trkpt>
      <trkpt lat="53.7203285" lon="23.732141">
        <ele>190</ele>
        <time>2026-06-27T11:03:57Z</time>
        <hdop>5</hdop>
        <extensions>
          <osmand:speed>0.3</osmand:speed>
        </extensions>
      </trkpt>
      <trkpt lat="53.7203042" lon="23.7320453">
        <ele>191</ele>
        <time>2026-06-27T11:04:08Z</time>
        <hdop>4</hdop>
      </trkpt>
      <trkpt lat="53.7202107" lon="23.7319395">
        <ele>188</ele>
        <time>2026-06-27T11:04:19Z</time>
        <hdop>4.5</hdop>
        <extensions>
          <osmand:speed>0.7</osmand:speed>
        </extensions>
      </trkpt>
      <trkpt lat="53.7200851" lon="23.7319712">
        <ele>189</ele>
        <time>2026-06-27T11:04:30Z</time>
        <hdop>4.5</hdop>
        <extensions>
          <osmand:speed>0.8</osmand:speed>
        </extensions>
      </trkpt>
      <trkpt lat="53.7200094" lon="23.7318838">
        <ele>188</ele>
        <time>2026-06-27T11:04:41Z</time>
        <hdop>4.5</hdop>
      </trkpt>
      <trkpt lat="53.7199272" lon="23.7317906">
        <ele>185</ele>
        <time>2026-06-27T11:04:52Z</time>
        <hdop>5</hdop>
        <extensions>
          <osmand:speed>0.6</osmand:speed>
        </extensions>
      </trkpt>
      <trkpt lat="53.7198978" lon="23.731815">
        <ele>187</ele>
        <time>2026-06-27T11:05:03Z</time>
        <hdop>4.5</hdop>
      </trkpt>
      <trkpt lat="53.7197665" lon="23.731784">
        <ele>186</ele>
        <time>2026-06-27T11:05:14Z</time>
        <hdop>4.5</hdop>
        <extensions>
          <osmand:speed>0.7</osmand:speed>
        </extensions>
      </trkpt>
      <trkpt lat="53.7196658" lon="23.7316876">
        <ele>183</ele>
        <time>2026-06-27T11:05:25Z</time>
        <hdop>5.5</hdop>
      </trkpt>
      <trkpt lat="53.7195461" lon="23.7316103">
        <ele>184</ele>
        <time>2026-06-27T11:05:36Z</time>
        <hdop>5.5</hdop>
        <extensions>
          <osmand:speed>1.1</osmand:speed>
        </extensions>
      </trkpt>
      <trkpt lat="53.719515" lon="23.7314753">
        <ele>186</ele>
        <time>2026-06-27T11:05:47Z</time>
        <hdop>4</hdop>
        <extensions>
          <osmand:speed>0.3</osmand:speed>
        </extensions>
      </trkpt>
      <trkpt lat="53.7194268" lon="23.7314333">
        <ele>184</ele>
        <time>2026-06-27T11:05:58Z</time>
        <hdop>4</hdop>
        <extensions>
          <osmand:speed>0.6</osmand:speed>
        </extensions>
      </trkpt>
      <trkpt lat="53.7193801" lon="23.7312919">
        <ele>188</ele>
        <time>2026-06-27T11:06:09Z</time>
        <hdop>5</hdop>
        <extensions>
          <osmand:speed>0.6</osmand:speed>
        </extensions>
      </trkpt>
      <trkpt lat="53.7193147" lon="23.7311766">
        <ele>186</ele>
        <time>2026-06-27T11:06:20Z</time>
        <hdop>6.5</hdop>
        <extensions>
          <osmand:speed>0.6</osmand:speed>
        </extensions>
      </trkpt>
      <trkpt lat="53.7192172" lon="23.7310715">
        <ele>187</ele>
        <time>2026-06-27T11:06:31Z</time>
        <hdop>5.5</hdop>
        <extensions>
          <osmand:speed>1.2</osmand:speed>
        </extensions>
      </trkpt>
      <trkpt lat="53.7191488" lon="23.7308592">
        <ele>189</ele>
        <time>2026-06-27T11:06:42Z</time>
        <hdop>6.5</hdop>
        <extensions>
          <osmand:speed>0.5</osmand:speed>
        </extensions>
      </trkpt>
      <trkpt lat="53.7190501" lon="23.7307029">
        <ele>186</ele>
        <time>2026-06-27T11:06:53Z</time>
        <hdop>6</hdop>
        <extensions>
          <osmand:speed>0.9</osmand:speed>
        </extensions>
      </trkpt>
      <trkpt lat="53.7189366" lon="23.7305739">
        <ele>183</ele>
        <time>2026-06-27T11:07:04Z</time>
        <hdop>4.5</hdop>
        <extensions>
          <osmand:speed>1.1</osmand:speed>
        </extensions>
      </trkpt>
      <trkpt lat="53.7188793" lon="23.7305975">
        <ele>182</ele>
        <time>2026-06-27T11:07:15Z</time>
        <hdop>3.5</hdop>
      </trkpt>
      <trkpt lat="53.7188793" lon="23.7305975">
        <ele>182</ele>
        <time>2026-06-27T11:07:26Z</time>
        <hdop>3</hdop>
      </trkpt>
      <trkpt lat="53.7188793" lon="23.7305975">
        <ele>182</ele>
        <time>2026-06-27T11:07:37Z</time>
        <hdop>3</hdop>
      </trkpt>
      <trkpt lat="53.7188793" lon="23.7305975">
        <ele>182</ele>
        <time>2026-06-27T11:07:48Z</time>
        <hdop>2.5</hdop>
      </trkpt>
      <trkpt lat="53.7188793" lon="23.7305975">
        <ele>182</ele>
        <time>2026-06-27T11:07:59Z</time>
        <hdop>3</hdop>
      </trkpt>
      <trkpt lat="53.7188793" lon="23.7305975">
        <ele>182</ele>
        <time>2026-06-27T11:08:10Z</time>
        <hdop>2.5</hdop>
      </trkpt>
      <trkpt lat="53.7188793" lon="23.7305975">
        <ele>182</ele>
        <time>2026-06-27T11:08:21Z</time>
        <hdop>2.5</hdop>
      </trkpt>
      <trkpt lat="53.7188523" lon="23.7306243">
        <ele>183</ele>
        <time>2026-06-27T11:08:32Z</time>
        <hdop>2.5</hdop>
        <extensions>
          <osmand:speed>2</osmand:speed>
        </extensions>
      </trkpt>
      <trkpt lat="53.7186376" lon="23.7306046">
        <ele>177</ele>
        <time>2026-06-27T11:08:43Z</time>
        <hdop>3.5</hdop>
        <extensions>
          <osmand:speed>2.3</osmand:speed>
        </extensions>
      </trkpt>
      <trkpt lat="53.7183306" lon="23.7312568">
        <ele>172</ele>
        <time>2026-06-27T11:08:54Z</time>
        <hdop>2</hdop>
        <extensions>
          <osmand:speed>6</osmand:speed>
        </extensions>
      </trkpt>
      <trkpt lat="53.7180584" lon="23.7323959">
        <ele>171</ele>
        <time>2026-06-27T11:09:05Z</time>
        <hdop>2.5</hdop>
        <extensions>
          <osmand:speed>8.1</osmand:speed>
        </extensions>
      </trkpt>
      <trkpt lat="53.7180003" lon="23.7338074">
        <ele>168</ele>
        <time>2026-06-27T11:09:16Z</time>
        <hdop>3</hdop>
        <extensions>
          <osmand:speed>8.5</osmand:speed>
        </extensions>
      </trkpt>
      <trkpt lat="53.7178015" lon="23.7352213">
        <ele>167</ele>
        <time>2026-06-27T11:09:27Z</time>
        <hdop>2.5</hdop>
        <extensions>
          <osmand:speed>8.6</osmand:speed>
        </extensions>
      </trkpt>
      <trkpt lat="53.7175207" lon="23.7365573">
        <ele>165</ele>
        <time>2026-06-27T11:09:38Z</time>
        <hdop>2.5</hdop>
        <extensions>
          <osmand:speed>8.2</osmand:speed>
        </extensions>
      </trkpt>
      <trkpt lat="53.7172453" lon="23.7378283">
        <ele>163</ele>
        <time>2026-06-27T11:09:49Z</time>
        <hdop>3</hdop>
        <extensions>
          <osmand:speed>7.9</osmand:speed>
        </extensions>
      </trkpt>
      <trkpt lat="53.7168562" lon="23.7385872">
        <ele>160</ele>
        <time>2026-06-27T11:10:00Z</time>
        <hdop>2</hdop>
        <extensions>
          <osmand:speed>7.5</osmand:speed>
        </extensions>
      </trkpt>
      <trkpt lat="53.7160366" lon="23.7384165">
        <ele>157</ele>
        <time>2026-06-27T11:10:11Z</time>
        <hdop>1.5</hdop>
        <extensions>
          <osmand:speed>8.9</osmand:speed>
        </extensions>
      </trkpt>
      <trkpt lat="53.7151041" lon="23.7385489">
        <ele>155</ele>
        <time>2026-06-27T11:10:22Z</time>
        <hdop>1.5</hdop>
        <extensions>
          <osmand:speed>9.2</osmand:speed>
        </extensions>
      </trkpt>
      <trkpt lat="53.7142753" lon="23.7386875">
        <ele>154</ele>
        <time>2026-06-27T11:10:33Z</time>
        <hdop>1.5</hdop>
        <extensions>
          <osmand:speed>7.6</osmand:speed>
        </extensions>
      </trkpt>
      <trkpt lat="53.7136386" lon="23.7388115">
        <ele>155</ele>
        <time>2026-06-27T11:10:44Z</time>
        <hdop>1.5</hdop>
        <extensions>
          <osmand:speed>5.4</osmand:speed>
        </extensions>
      </trkpt>
      <trkpt lat="53.7131556" lon="23.7388849">
        <ele>157</ele>
        <time>2026-06-27T11:10:55Z</time>
        <hdop>1.5</hdop>
        <extensions>
          <osmand:speed>4.4</osmand:speed>
        </extensions>
      </trkpt>
      <trkpt lat="53.712699" lon="23.7389589">
        <ele>159</ele>
        <time>2026-06-27T11:11:06Z</time>
        <hdop>1.5</hdop>
        <extensions>
          <osmand:speed>4.5</osmand:speed>
        </extensions>
      </trkpt>
      <trkpt lat="53.7122398" lon="23.7390227">
        <ele>159</ele>
        <time>2026-06-27T11:11:17Z</time>
        <hdop>1.5</hdop>
        <extensions>
          <osmand:speed>4.4</osmand:speed>
        </extensions>
      </trkpt>
      <trkpt lat="53.7118041" lon="23.7391113">
        <ele>160</ele>
        <time>2026-06-27T11:11:28Z</time>
        <hdop>1.5</hdop>
        <extensions>
          <osmand:speed>4.4</osmand:speed>
        </extensions>
      </trkpt>
      <trkpt lat="53.7113817" lon="23.7392883">
        <ele>161</ele>
        <time>2026-06-27T11:11:39Z</time>
        <hdop>1.5</hdop>
        <extensions>
          <osmand:speed>4.6</osmand:speed>
        </extensions>
      </trkpt>
      <trkpt lat="53.7109761" lon="23.7395388">
        <ele>162</ele>
        <time>2026-06-27T11:11:50Z</time>
        <hdop>1.5</hdop>
        <extensions>
          <osmand:speed>4.5</osmand:speed>
        </extensions>
      </trkpt>
      <trkpt lat="53.7105926" lon="23.7398791">
        <ele>162</ele>
        <time>2026-06-27T11:12:01Z</time>
        <hdop>1</hdop>
        <extensions>
          <osmand:speed>4.4</osmand:speed>
        </extensions>
      </trkpt>
      <trkpt lat="53.7102418" lon="23.7402723">
        <ele>163</ele>
        <time>2026-06-27T11:12:12Z</time>
        <hdop>1</hdop>
        <extensions>
          <osmand:speed>4.2</osmand:speed>
        </extensions>
      </trkpt>
      <trkpt lat="53.7099361" lon="23.7407542">
        <ele>162</ele>
        <time>2026-06-27T11:12:23Z</time>
        <hdop>1.5</hdop>
        <extensions>
          <osmand:speed>4.5</osmand:speed>
        </extensions>
      </trkpt>
      <trkpt lat="53.7096244" lon="23.7413729">
        <ele>162</ele>
        <time>2026-06-27T11:12:34Z</time>
        <hdop>1.5</hdop>
        <extensions>
          <osmand:speed>5.2</osmand:speed>
        </extensions>
      </trkpt>
      <trkpt lat="53.7092798" lon="23.7420981">
        <ele>162</ele>
        <time>2026-06-27T11:12:45Z</time>
        <hdop>2</hdop>
        <extensions>
          <osmand:speed>6</osmand:speed>
        </extensions>
      </trkpt>
      <trkpt lat="53.7089189" lon="23.7428543">
        <ele>163</ele>
        <time>2026-06-27T11:12:56Z</time>
        <hdop>1.5</hdop>
        <extensions>
          <osmand:speed>5.8</osmand:speed>
        </extensions>
      </trkpt>
      <trkpt lat="53.7084204" lon="23.7433618">
        <ele>160</ele>
        <time>2026-06-27T11:13:07Z</time>
        <hdop>2</hdop>
        <extensions>
          <osmand:speed>7.7</osmand:speed>
        </extensions>
      </trkpt>
      <trkpt lat="53.707576" lon="23.7434205">
        <ele>159</ele>
        <time>2026-06-27T11:13:18Z</time>
        <hdop>1.5</hdop>
        <extensions>
          <osmand:speed>8.1</osmand:speed>
        </extensions>
      </trkpt>
      <trkpt lat="53.7067836" lon="23.7434621">
        <ele>158</ele>
        <time>2026-06-27T11:13:29Z</time>
        <hdop>2</hdop>
        <extensions>
          <osmand:speed>7.7</osmand:speed>
        </extensions>
      </trkpt>
      <trkpt lat="53.7060774" lon="23.7435901">
        <ele>159</ele>
        <time>2026-06-27T11:13:40Z</time>
        <hdop>2.5</hdop>
        <extensions>
          <osmand:speed>6.5</osmand:speed>
        </extensions>
      </trkpt>
      <trkpt lat="53.7053855" lon="23.7436055">
        <ele>158</ele>
        <time>2026-06-27T11:13:51Z</time>
        <hdop>2</hdop>
        <extensions>
          <osmand:speed>6.9</osmand:speed>
        </extensions>
      </trkpt>
      <trkpt lat="53.7047197" lon="23.7436065">
        <ele>158</ele>
        <time>2026-06-27T11:14:02Z</time>
        <hdop>2</hdop>
        <extensions>
          <osmand:speed>6.4</osmand:speed>
        </extensions>
      </trkpt>
      <trkpt lat="53.7041626" lon="23.7437096">
        <ele>160</ele>
        <time>2026-06-27T11:14:13Z</time>
        <hdop>2</hdop>
        <extensions>
          <osmand:speed>5.2</osmand:speed>
        </extensions>
      </trkpt>
      <trkpt lat="53.7036149" lon="23.7437751">
        <ele>161</ele>
        <time>2026-06-27T11:14:24Z</time>
        <hdop>1.5</hdop>
        <extensions>
          <osmand:speed>5.5</osmand:speed>
        </extensions>
      </trkpt>
      <trkpt lat="53.7033825" lon="23.7437996">
        <ele>161</ele>
        <time>2026-06-27T11:14:35Z</time>
        <hdop>2.5</hdop>
        <extensions>
          <osmand:speed>3.2</osmand:speed>
        </extensions>
      </trkpt>
      <trkpt lat="53.7028828" lon="23.7438498">
        <ele>162</ele>
        <time>2026-06-27T11:14:46Z</time>
        <hdop>2</hdop>
        <extensions>
          <osmand:speed>5.1</osmand:speed>
        </extensions>
      </trkpt>
      <trkpt lat="53.7023335" lon="23.7438356">
        <ele>162</ele>
        <time>2026-06-27T11:14:57Z</time>
        <hdop>1.5</hdop>
        <extensions>
          <osmand:speed>4.7</osmand:speed>
        </extensions>
      </trkpt>
      <trkpt lat="53.7019607" lon="23.7438538">
        <ele>164</ele>
        <time>2026-06-27T11:15:08Z</time>
        <hdop>2.5</hdop>
        <extensions>
          <osmand:speed>3.9</osmand:speed>
        </extensions>
      </trkpt>
      <trkpt lat="53.7015657" lon="23.7438613">
        <ele>165</ele>
        <time>2026-06-27T11:15:19Z</time>
        <hdop>3</hdop>
        <extensions>
          <osmand:speed>3.5</osmand:speed>
        </extensions>
      </trkpt>
      <trkpt lat="53.7012048" lon="23.7439039">
        <ele>167</ele>
        <time>2026-06-27T11:15:30Z</time>
        <hdop>2.5</hdop>
        <extensions>
          <osmand:speed>3.4</osmand:speed>
        </extensions>
      </trkpt>
      <trkpt lat="53.7008639" lon="23.7439702">
        <ele>168</ele>
        <time>2026-06-27T11:15:41Z</time>
        <hdop>2.5</hdop>
        <extensions>
          <osmand:speed>3.4</osmand:speed>
        </extensions>
      </trkpt>
      <trkpt lat="53.7005532" lon="23.7440126">
        <ele>169</ele>
        <time>2026-06-27T11:15:52Z</time>
        <hdop>2.5</hdop>
        <extensions>
          <osmand:speed>3.4</osmand:speed>
        </extensions>
      </trkpt>
      <trkpt lat="53.7001464" lon="23.7440621">
        <ele>169</ele>
        <time>2026-06-27T11:16:03Z</time>
        <hdop>2</hdop>
        <extensions>
          <osmand:speed>5</osmand:speed>
        </extensions>
      </trkpt>
      <trkpt lat="53.6994841" lon="23.7441508">
        <ele>167</ele>
        <time>2026-06-27T11:16:14Z</time>
        <hdop>1.5</hdop>
        <extensions>
          <osmand:speed>7.6</osmand:speed>
        </extensions>
      </trkpt>
      <trkpt lat="53.6987923" lon="23.7442262">
        <ele>168</ele>
        <time>2026-06-27T11:16:25Z</time>
        <hdop>2</hdop>
        <extensions>
          <osmand:speed>6.3</osmand:speed>
        </extensions>
      </trkpt>
      <trkpt lat="53.6983907" lon="23.7443244">
        <ele>171</ele>
        <time>2026-06-27T11:16:36Z</time>
        <hdop>2.5</hdop>
        <extensions>
          <osmand:speed>3.2</osmand:speed>
        </extensions>
      </trkpt>
      <trkpt lat="53.697934" lon="23.7443659">
        <ele>173</ele>
        <time>2026-06-27T11:16:47Z</time>
        <hdop>2</hdop>
        <extensions>
          <osmand:speed>4.2</osmand:speed>
        </extensions>
      </trkpt>
      <trkpt lat="53.6975874" lon="23.7443727">
        <ele>175</ele>
        <time>2026-06-27T11:16:58Z</time>
        <hdop>2.5</hdop>
        <extensions>
          <osmand:speed>3.3</osmand:speed>
        </extensions>
      </trkpt>
      <trkpt lat="53.697143" lon="23.7443996">
        <ele>174</ele>
        <time>2026-06-27T11:17:09Z</time>
        <hdop>2</hdop>
        <extensions>
          <osmand:speed>4.9</osmand:speed>
        </extensions>
      </trkpt>
      <trkpt lat="53.6967562" lon="23.744233">
        <ele>173</ele>
        <time>2026-06-27T11:17:20Z</time>
        <hdop>2</hdop>
        <extensions>
          <osmand:speed>4.2</osmand:speed>
        </extensions>
      </trkpt>
      <trkpt lat="53.6967573" lon="23.7435977">
        <ele>173</ele>
        <time>2026-06-27T11:17:31Z</time>
        <hdop>2</hdop>
        <extensions>
          <osmand:speed>3.6</osmand:speed>
        </extensions>
      </trkpt>
      <trkpt lat="53.6967487" lon="23.7430248">
        <ele>174</ele>
        <time>2026-06-27T11:17:42Z</time>
        <hdop>3</hdop>
        <extensions>
          <osmand:speed>2.7</osmand:speed>
        </extensions>
      </trkpt>
      <trkpt lat="53.696733" lon="23.7425052">
        <ele>176</ele>
        <time>2026-06-27T11:17:53Z</time>
        <hdop>3</hdop>
        <extensions>
          <osmand:speed>2.5</osmand:speed>
        </extensions>
      </trkpt>
      <trkpt lat="53.6967109" lon="23.7420552">
        <ele>178</ele>
        <time>2026-06-27T11:18:04Z</time>
        <hdop>3</hdop>
        <extensions>
          <osmand:speed>2.6</osmand:speed>
        </extensions>
      </trkpt>
      <trkpt lat="53.6967103" lon="23.7416552">
        <ele>179</ele>
        <time>2026-06-27T11:18:15Z</time>
        <hdop>3</hdop>
        <extensions>
          <osmand:speed>2.1</osmand:speed>
        </extensions>
      </trkpt>
      <trkpt lat="53.6967142" lon="23.7411082">
        <ele>180</ele>
        <time>2026-06-27T11:18:26Z</time>
        <hdop>3</hdop>
        <extensions>
          <osmand:speed>2.9</osmand:speed>
        </extensions>
      </trkpt>
      <trkpt lat="53.6968219" lon="23.7402682">
        <ele>182</ele>
        <time>2026-06-27T11:18:37Z</time>
        <hdop>3</hdop>
        <extensions>
          <osmand:speed>4.7</osmand:speed>
        </extensions>
      </trkpt>
      <trkpt lat="53.6968321" lon="23.7395785">
        <ele>182</ele>
        <time>2026-06-27T11:18:48Z</time>
        <hdop>3</hdop>
        <extensions>
          <osmand:speed>4</osmand:speed>
        </extensions>
      </trkpt>
      <trkpt lat="53.6967539" lon="23.7385169">
        <ele>181</ele>
        <time>2026-06-27T11:18:59Z</time>
        <hdop>3</hdop>
        <extensions>
          <osmand:speed>5.6</osmand:speed>
        </extensions>
      </trkpt>
      <trkpt lat="53.6967254" lon="23.7374251">
        <ele>179</ele>
        <time>2026-06-27T11:19:10Z</time>
        <hdop>3</hdop>
        <extensions>
          <osmand:speed>6</osmand:speed>
        </extensions>
      </trkpt>
      <trkpt lat="53.6967443" lon="23.7366734">
        <ele>181</ele>
        <time>2026-06-27T11:19:21Z</time>
        <hdop>3.5</hdop>
        <extensions>
          <osmand:speed>3.2</osmand:speed>
        </extensions>
      </trkpt>
      <trkpt lat="53.6967947" lon="23.7362905">
        <ele>182</ele>
        <time>2026-06-27T11:19:32Z</time>
        <hdop>3.5</hdop>
        <extensions>
          <osmand:speed>1.3</osmand:speed>
        </extensions>
      </trkpt>
      <trkpt lat="53.6968147" lon="23.7360016">
        <ele>183</ele>
        <time>2026-06-27T11:19:43Z</time>
        <hdop>3.5</hdop>
        <extensions>
          <osmand:speed>1.3</osmand:speed>
        </extensions>
      </trkpt>
      <trkpt lat="53.6968014" lon="23.7356384">
        <ele>183</ele>
        <time>2026-06-27T11:19:54Z</time>
        <hdop>3.5</hdop>
        <extensions>
          <osmand:speed>1.1</osmand:speed>
        </extensions>
      </trkpt>
      <trkpt lat="53.6968097" lon="23.7351958">
        <ele>185</ele>
        <time>2026-06-27T11:20:05Z</time>
        <hdop>3</hdop>
        <extensions>
          <osmand:speed>2.2</osmand:speed>
        </extensions>
      </trkpt>
      <trkpt lat="53.6968454" lon="23.7347292">
        <ele>184</ele>
        <time>2026-06-27T11:20:16Z</time>
        <hdop>3.5</hdop>
        <extensions>
          <osmand:speed>2.4</osmand:speed>
        </extensions>
      </trkpt>
      <trkpt lat="53.6968128" lon="23.7341241">
        <ele>184</ele>
        <time>2026-06-27T11:20:27Z</time>
        <hdop>4</hdop>
        <extensions>
          <osmand:speed>2.6</osmand:speed>
        </extensions>
      </trkpt>
      <trkpt lat="53.6967259" lon="23.7335161">
        <ele>184</ele>
        <time>2026-06-27T11:20:38Z</time>
        <hdop>3</hdop>
        <extensions>
          <osmand:speed>3.4</osmand:speed>
        </extensions>
      </trkpt>
      <trkpt lat="53.6962829" lon="23.7330964">
        <ele>178</ele>
        <time>2026-06-27T11:20:49Z</time>
        <hdop>1</hdop>
        <extensions>
          <osmand:speed>7.2</osmand:speed>
        </extensions>
      </trkpt>
      <trkpt lat="53.6956748" lon="23.7325423">
        <ele>175</ele>
        <time>2026-06-27T11:21:00Z</time>
        <hdop>1</hdop>
        <extensions>
          <osmand:speed>6.2</osmand:speed>
        </extensions>
      </trkpt>
      <trkpt lat="53.6952127" lon="23.7320548">
        <ele>175</ele>
        <time>2026-06-27T11:21:11Z</time>
        <hdop>1</hdop>
        <extensions>
          <osmand:speed>4.2</osmand:speed>
        </extensions>
      </trkpt>
      <trkpt lat="53.6950196" lon="23.731683">
        <ele>175</ele>
        <time>2026-06-27T11:21:22Z</time>
        <hdop>2</hdop>
        <extensions>
          <osmand:speed>4</osmand:speed>
        </extensions>
      </trkpt>
      <trkpt lat="53.6945922" lon="23.7315811">
        <ele>176</ele>
        <time>2026-06-27T11:21:33Z</time>
        <hdop>1.5</hdop>
        <extensions>
          <osmand:speed>4.5</osmand:speed>
        </extensions>
      </trkpt>
      <trkpt lat="53.6941625" lon="23.7314702">
        <ele>176</ele>
        <time>2026-06-27T11:21:44Z</time>
        <hdop>1.5</hdop>
        <extensions>
          <osmand:speed>4.4</osmand:speed>
        </extensions>
      </trkpt>
      <trkpt lat="53.6937887" lon="23.7313862">
        <ele>176</ele>
        <time>2026-06-27T11:21:55Z</time>
        <hdop>1.5</hdop>
        <extensions>
          <osmand:speed>3.4</osmand:speed>
        </extensions>
      </trkpt>
      <trkpt lat="53.6934697" lon="23.7313242">
        <ele>177</ele>
        <time>2026-06-27T11:22:06Z</time>
        <hdop>2</hdop>
        <extensions>
          <osmand:speed>3.2</osmand:speed>
        </extensions>
      </trkpt>
      <trkpt lat="53.6931881" lon="23.7312406">
        <ele>178</ele>
        <time>2026-06-27T11:22:17Z</time>
        <hdop>2</hdop>
        <extensions>
          <osmand:speed>2.8</osmand:speed>
        </extensions>
      </trkpt>
      <trkpt lat="53.6928892" lon="23.7311483">
        <ele>179</ele>
        <time>2026-06-27T11:22:28Z</time>
        <hdop>2</hdop>
        <extensions>
          <osmand:speed>3.6</osmand:speed>
        </extensions>
      </trkpt>
      <trkpt lat="53.6925686" lon="23.7310842">
        <ele>180</ele>
        <time>2026-06-27T11:22:39Z</time>
        <hdop>2.5</hdop>
        <extensions>
          <osmand:speed>3.5</osmand:speed>
        </extensions>
      </trkpt>
      <trkpt lat="53.692226" lon="23.7310183">
        <ele>180</ele>
        <time>2026-06-27T11:22:50Z</time>
        <hdop>3</hdop>
        <extensions>
          <osmand:speed>3.3</osmand:speed>
        </extensions>
      </trkpt>
      <trkpt lat="53.6919244" lon="23.7309657">
        <ele>182</ele>
        <time>2026-06-27T11:23:01Z</time>
        <hdop>2.5</hdop>
        <extensions>
          <osmand:speed>2.8</osmand:speed>
        </extensions>
      </trkpt>
      <trkpt lat="53.691621" lon="23.7309161">
        <ele>182</ele>
        <time>2026-06-27T11:23:12Z</time>
        <hdop>2.5</hdop>
        <extensions>
          <osmand:speed>2.8</osmand:speed>
        </extensions>
      </trkpt>
      <trkpt lat="53.6913505" lon="23.7308464">
        <ele>185</ele>
        <time>2026-06-27T11:23:23Z</time>
        <hdop>2</hdop>
        <extensions>
          <osmand:speed>2.7</osmand:speed>
        </extensions>
      </trkpt>
      <trkpt lat="53.6911418" lon="23.7309723">
        <ele>186</ele>
        <time>2026-06-27T11:23:34Z</time>
        <hdop>2</hdop>
        <extensions>
          <osmand:speed>3</osmand:speed>
        </extensions>
      </trkpt>
      <trkpt lat="53.6911604" lon="23.731592">
        <ele>185</ele>
        <time>2026-06-27T11:23:45Z</time>
        <hdop>2</hdop>
        <extensions>
          <osmand:speed>4.5</osmand:speed>
        </extensions>
      </trkpt>
      <trkpt lat="53.6911389" lon="23.7323545">
        <ele>186</ele>
        <time>2026-06-27T11:23:56Z</time>
        <hdop>1.5</hdop>
        <extensions>
          <osmand:speed>4</osmand:speed>
        </extensions>
      </trkpt>
      <trkpt lat="53.6911557" lon="23.7325097">
        <ele>186</ele>
        <time>2026-06-27T11:24:07Z</time>
        <hdop>2</hdop>
      </trkpt>
      <trkpt lat="53.6911441" lon="23.7326686">
        <ele>185</ele>
        <time>2026-06-27T11:24:18Z</time>
        <hdop>2</hdop>
        <extensions>
          <osmand:speed>2.9</osmand:speed>
        </extensions>
      </trkpt>
      <trkpt lat="53.6911813" lon="23.7330366">
        <ele>185</ele>
        <time>2026-06-27T11:24:29Z</time>
        <hdop>3.5</hdop>
        <extensions>
          <osmand:speed>0.3</osmand:speed>
        </extensions>
      </trkpt>
      <trkpt lat="53.6911757" lon="23.7330389">
        <ele>185</ele>
        <time>2026-06-27T11:24:40Z</time>
        <hdop>3</hdop>
      </trkpt>
      <trkpt lat="53.6911757" lon="23.7330389">
        <ele>185</ele>
        <time>2026-06-27T11:24:51Z</time>
        <hdop>3</hdop>
      </trkpt>
      <trkpt lat="53.6911757" lon="23.7330389">
        <ele>185</ele>
        <time>2026-06-27T11:25:02Z</time>
        <hdop>2.5</hdop>
      </trkpt>
      <trkpt lat="53.6911757" lon="23.7330389">
        <ele>185</ele>
        <time>2026-06-27T11:25:13Z</time>
        <hdop>2.5</hdop>
      </trkpt>
      <trkpt lat="53.6911837" lon="23.7330243">
        <ele>185</ele>
        <time>2026-06-27T11:25:24Z</time>
        <hdop>2</hdop>
      </trkpt>
      <trkpt lat="53.6911828" lon="23.7330262">
        <ele>184</ele>
        <time>2026-06-27T11:25:35Z</time>
        <hdop>2</hdop>
      </trkpt>
      <trkpt lat="53.6911828" lon="23.7330262">
        <ele>184</ele>
        <time>2026-06-27T11:25:46Z</time>
        <hdop>2.5</hdop>
      </trkpt>
      <trkpt lat="53.6911828" lon="23.7330262">
        <ele>184</ele>
        <time>2026-06-27T11:25:57Z</time>
        <hdop>2.5</hdop>
      </trkpt>
      <trkpt lat="53.6911828" lon="23.7330262">
        <ele>184</ele>
        <time>2026-06-27T11:26:08Z</time>
        <hdop>2.5</hdop>
      </trkpt>
      <trkpt lat="53.6911828" lon="23.7330262">
        <ele>184</ele>
        <time>2026-06-27T11:26:19Z</time>
        <hdop>2.5</hdop>
      </trkpt>
      <trkpt lat="53.6911828" lon="23.7330262">
        <ele>184</ele>
        <time>2026-06-27T11:26:30Z</time>
        <hdop>2.5</hdop>
      </trkpt>
      <trkpt lat="53.6911828" lon="23.7330262">
        <ele>184</ele>
        <time>2026-06-27T11:26:41Z</time>
        <hdop>2.5</hdop>
      </trkpt>
      <trkpt lat="53.6911828" lon="23.7330262">
        <ele>184</ele>
        <time>2026-06-27T11:26:52Z</time>
        <hdop>2.5</hdop>
      </trkpt>
      <trkpt lat="53.6911828" lon="23.7330262">
        <ele>184</ele>
        <time>2026-06-27T11:27:03Z</time>
        <hdop>2.5</hdop>
      </trkpt>
      <trkpt lat="53.6911828" lon="23.7330262">
        <ele>184</ele>
        <time>2026-06-27T11:27:14Z</time>
        <hdop>3</hdop>
      </trkpt>
      <trkpt lat="53.6911828" lon="23.7330262">
        <ele>184</ele>
        <time>2026-06-27T11:27:25Z</time>
        <hdop>3</hdop>
      </trkpt>
      <trkpt lat="53.6911828" lon="23.7330262">
        <ele>184</ele>
        <time>2026-06-27T11:27:36Z</time>
        <hdop>2.5</hdop>
      </trkpt>
      <trkpt lat="53.6911828" lon="23.7330262">
        <ele>184</ele>
        <time>2026-06-27T11:27:47Z</time>
        <hdop>2.5</hdop>
      </trkpt>
      <trkpt lat="53.6911828" lon="23.7330262">
        <ele>184</ele>
        <time>2026-06-27T11:27:58Z</time>
        <hdop>2.5</hdop>
      </trkpt>
      <trkpt lat="53.6911718" lon="23.7330282">
        <ele>184</ele>
        <time>2026-06-27T11:28:09Z</time>
        <hdop>2</hdop>
        <extensions>
          <osmand:speed>1.1</osmand:speed>
        </extensions>
      </trkpt>
      <trkpt lat="53.6911311" lon="23.7328894">
        <ele>186</ele>
        <time>2026-06-27T11:28:20Z</time>
        <hdop>2.5</hdop>
        <extensions>
          <osmand:speed>1.6</osmand:speed>
        </extensions>
      </trkpt>
      <trkpt lat="53.6911254" lon="23.7326482">
        <ele>188</ele>
        <time>2026-06-27T11:28:31Z</time>
        <hdop>2</hdop>
        <extensions>
          <osmand:speed>1.2</osmand:speed>
        </extensions>
      </trkpt>
      <trkpt lat="53.6911301" lon="23.7324513">
        <ele>188</ele>
        <time>2026-06-27T11:28:42Z</time>
        <hdop>2</hdop>
        <extensions>
          <osmand:speed>1.5</osmand:speed>
        </extensions>
      </trkpt>
      <trkpt lat="53.6911115" lon="23.7322226">
        <ele>188</ele>
        <time>2026-06-27T11:28:53Z</time>
        <hdop>2</hdop>
        <extensions>
          <osmand:speed>1.3</osmand:speed>
        </extensions>
      </trkpt>
      <trkpt lat="53.6911329" lon="23.7319619">
        <ele>188</ele>
        <time>2026-06-27T11:29:04Z</time>
        <hdop>2.5</hdop>
        <extensions>
          <osmand:speed>2.5</osmand:speed>
        </extensions>
      </trkpt>
      <trkpt lat="53.6911342" lon="23.7313792">
        <ele>189</ele>
        <time>2026-06-27T11:29:15Z</time>
        <hdop>2</hdop>
        <extensions>
          <osmand:speed>3.6</osmand:speed>
        </extensions>
      </trkpt>
      <trkpt lat="53.6909496" lon="23.7308028">
        <ele>189</ele>
        <time>2026-06-27T11:29:26Z</time>
        <hdop>1</hdop>
        <extensions>
          <osmand:speed>4.5</osmand:speed>
        </extensions>
      </trkpt>
      <trkpt lat="53.6905567" lon="23.7307223">
        <ele>189</ele>
        <time>2026-06-27T11:29:37Z</time>
        <hdop>2</hdop>
        <extensions>
          <osmand:speed>3.5</osmand:speed>
        </extensions>
      </trkpt>
      <trkpt lat="53.6901381" lon="23.7306592">
        <ele>189</ele>
        <time>2026-06-27T11:29:48Z</time>
        <hdop>2</hdop>
        <extensions>
          <osmand:speed>5</osmand:speed>
        </extensions>
      </trkpt>
      <trkpt lat="53.6896895" lon="23.7305231">
        <ele>190</ele>
        <time>2026-06-27T11:29:59Z</time>
        <hdop>1</hdop>
        <extensions>
          <osmand:speed>4.3</osmand:speed>
        </extensions>
      </trkpt>
      <trkpt lat="53.6893057" lon="23.7304362">
        <ele>191</ele>
        <time>2026-06-27T11:30:10Z</time>
        <hdop>1.5</hdop>
        <extensions>
          <osmand:speed>3.6</osmand:speed>
        </extensions>
      </trkpt>
      <trkpt lat="53.6889566" lon="23.730368">
        <ele>192</ele>
        <time>2026-06-27T11:30:21Z</time>
        <hdop>1.5</hdop>
        <extensions>
          <osmand:speed>3.5</osmand:speed>
        </extensions>
      </trkpt>
      <trkpt lat="53.688568" lon="23.7302846">
        <ele>192</ele>
        <time>2026-06-27T11:30:32Z</time>
        <hdop>1</hdop>
        <extensions>
          <osmand:speed>4.3</osmand:speed>
        </extensions>
      </trkpt>
      <trkpt lat="53.6881091" lon="23.7302066">
        <ele>191</ele>
        <time>2026-06-27T11:30:43Z</time>
        <hdop>1</hdop>
        <extensions>
          <osmand:speed>4.7</osmand:speed>
        </extensions>
      </trkpt>
      <trkpt lat="53.687627" lon="23.7301038">
        <ele>191</ele>
        <time>2026-06-27T11:30:54Z</time>
        <hdop>1</hdop>
        <extensions>
          <osmand:speed>4.8</osmand:speed>
        </extensions>
      </trkpt>
      <trkpt lat="53.6872106" lon="23.7300075">
        <ele>192</ele>
        <time>2026-06-27T11:31:05Z</time>
        <hdop>1.5</hdop>
        <extensions>
          <osmand:speed>3.6</osmand:speed>
        </extensions>
      </trkpt>
      <trkpt lat="53.6868221" lon="23.7299513">
        <ele>194</ele>
        <time>2026-06-27T11:31:16Z</time>
        <hdop>1</hdop>
        <extensions>
          <osmand:speed>3.8</osmand:speed>
        </extensions>
      </trkpt>
      <trkpt lat="53.6864578" lon="23.7298817">
        <ele>196</ele>
        <time>2026-06-27T11:31:27Z</time>
        <hdop>1.5</hdop>
        <extensions>
          <osmand:speed>3.6</osmand:speed>
        </extensions>
      </trkpt>
      <trkpt lat="53.6860826" lon="23.7298044">
        <ele>196</ele>
        <time>2026-06-27T11:31:38Z</time>
        <hdop>1</hdop>
        <extensions>
          <osmand:speed>4</osmand:speed>
        </extensions>
      </trkpt>
      <trkpt lat="53.6856797" lon="23.7297321">
        <ele>197</ele>
        <time>2026-06-27T11:31:49Z</time>
        <hdop>1</hdop>
        <extensions>
          <osmand:speed>4</osmand:speed>
        </extensions>
      </trkpt>
      <trkpt lat="53.6853178" lon="23.7296626">
        <ele>198</ele>
        <time>2026-06-27T11:32:00Z</time>
        <hdop>1.5</hdop>
        <extensions>
          <osmand:speed>3.4</osmand:speed>
        </extensions>
      </trkpt>
      <trkpt lat="53.6849969" lon="23.7296077">
        <ele>199</ele>
        <time>2026-06-27T11:32:11Z</time>
        <hdop>1.5</hdop>
        <extensions>
          <osmand:speed>3.1</osmand:speed>
        </extensions>
      </trkpt>
      <trkpt lat="53.6847168" lon="23.7295484">
        <ele>201</ele>
        <time>2026-06-27T11:32:22Z</time>
        <hdop>1.5</hdop>
        <extensions>
          <osmand:speed>3</osmand:speed>
        </extensions>
      </trkpt>
      <trkpt lat="53.6844438" lon="23.7294897">
        <ele>202</ele>
        <time>2026-06-27T11:32:33Z</time>
        <hdop>2</hdop>
        <extensions>
          <osmand:speed>2.8</osmand:speed>
        </extensions>
      </trkpt>
      <trkpt lat="53.6841568" lon="23.729438">
        <ele>203</ele>
        <time>2026-06-27T11:32:44Z</time>
        <hdop>1.5</hdop>
        <extensions>
          <osmand:speed>2.5</osmand:speed>
        </extensions>
      </trkpt>
      <trkpt lat="53.6839228" lon="23.7293888">
        <ele>205</ele>
        <time>2026-06-27T11:32:55Z</time>
        <hdop>1.5</hdop>
        <extensions>
          <osmand:speed>2.2</osmand:speed>
        </extensions>
      </trkpt>
      <trkpt lat="53.6837132" lon="23.7293706">
        <ele>207</ele>
        <time>2026-06-27T11:33:06Z</time>
        <hdop>1.5</hdop>
        <extensions>
          <osmand:speed>2.1</osmand:speed>
        </extensions>
      </trkpt>
      <trkpt lat="53.6835212" lon="23.7293315">
        <ele>209</ele>
        <time>2026-06-27T11:33:17Z</time>
        <hdop>1.5</hdop>
        <extensions>
          <osmand:speed>1.8</osmand:speed>
        </extensions>
      </trkpt>
      <trkpt lat="53.6833307" lon="23.7292939">
        <ele>211</ele>
        <time>2026-06-27T11:33:28Z</time>
        <hdop>1.5</hdop>
        <extensions>
          <osmand:speed>1.9</osmand:speed>
        </extensions>
      </trkpt>
      <trkpt lat="53.6831435" lon="23.7292665">
        <ele>213</ele>
        <time>2026-06-27T11:33:39Z</time>
        <hdop>1.5</hdop>
        <extensions>
          <osmand:speed>2</osmand:speed>
        </extensions>
      </trkpt>
      <trkpt lat="53.6829406" lon="23.7292342">
        <ele>214</ele>
        <time>2026-06-27T11:33:50Z</time>
        <hdop>1.5</hdop>
        <extensions>
          <osmand:speed>1.6</osmand:speed>
        </extensions>
      </trkpt>
      <trkpt lat="53.6827599" lon="23.7291547">
        <ele>215</ele>
        <time>2026-06-27T11:34:01Z</time>
        <hdop>1.5</hdop>
        <extensions>
          <osmand:speed>2.5</osmand:speed>
        </extensions>
      </trkpt>
      <trkpt lat="53.6826451" lon="23.729139">
        <ele>215</ele>
        <time>2026-06-27T11:34:12Z</time>
        <hdop>1.5</hdop>
      </trkpt>
      <trkpt lat="53.6825165" lon="23.7291744">
        <ele>214</ele>
        <time>2026-06-27T11:34:23Z</time>
        <hdop>1.5</hdop>
        <extensions>
          <osmand:speed>3.6</osmand:speed>
        </extensions>
      </trkpt>
      <trkpt lat="53.6817732" lon="23.7288934">
        <ele>206</ele>
        <time>2026-06-27T11:34:34Z</time>
        <hdop>1.5</hdop>
        <extensions>
          <osmand:speed>11.3</osmand:speed>
        </extensions>
      </trkpt>
      <trkpt lat="53.6805601" lon="23.7284257">
        <ele>196</ele>
        <time>2026-06-27T11:34:45Z</time>
        <hdop>1</hdop>
        <extensions>
          <osmand:speed>11.8</osmand:speed>
        </extensions>
      </trkpt>
      <trkpt lat="53.6795398" lon="23.7281232">
        <ele>194</ele>
        <time>2026-06-27T11:34:56Z</time>
        <hdop>1.5</hdop>
        <extensions>
          <osmand:speed>9.4</osmand:speed>
        </extensions>
      </trkpt>
      <trkpt lat="53.6786975" lon="23.7277628">
        <ele>194</ele>
        <time>2026-06-27T11:35:07Z</time>
        <hdop>1.5</hdop>
        <extensions>
          <osmand:speed>7.2</osmand:speed>
        </extensions>
      </trkpt>
      <trkpt lat="53.6781102" lon="23.7276648">
        <ele>195</ele>
        <time>2026-06-27T11:35:18Z</time>
        <hdop>1</hdop>
        <extensions>
          <osmand:speed>5.2</osmand:speed>
        </extensions>
      </trkpt>
      <trkpt lat="53.6776461" lon="23.727522">
        <ele>195</ele>
        <time>2026-06-27T11:35:29Z</time>
        <hdop>2</hdop>
        <extensions>
          <osmand:speed>3.9</osmand:speed>
        </extensions>
      </trkpt>
      <trkpt lat="53.6772756" lon="23.7273591">
        <ele>196</ele>
        <time>2026-06-27T11:35:40Z</time>
        <hdop>2</hdop>
        <extensions>
          <osmand:speed>3.1</osmand:speed>
        </extensions>
      </trkpt>
      <trkpt lat="53.6769591" lon="23.7271866">
        <ele>197</ele>
        <time>2026-06-27T11:35:51Z</time>
        <hdop>2.5</hdop>
        <extensions>
          <osmand:speed>3.1</osmand:speed>
        </extensions>
      </trkpt>
      <trkpt lat="53.6767876" lon="23.7270252">
        <ele>197</ele>
        <time>2026-06-27T11:36:02Z</time>
        <hdop>3</hdop>
        <extensions>
          <osmand:speed>2.3</osmand:speed>
        </extensions>
      </trkpt>
      <trkpt lat="53.6765533" lon="23.7270115">
        <ele>197</ele>
        <time>2026-06-27T11:36:13Z</time>
        <hdop>2</hdop>
        <extensions>
          <osmand:speed>3.8</osmand:speed>
        </extensions>
      </trkpt>
      <trkpt lat="53.6761343" lon="23.7269135">
        <ele>199</ele>
        <time>2026-06-27T11:36:24Z</time>
        <hdop>2</hdop>
        <extensions>
          <osmand:speed>4</osmand:speed>
        </extensions>
      </trkpt>
      <trkpt lat="53.675772" lon="23.7268359">
        <ele>199</ele>
        <time>2026-06-27T11:36:35Z</time>
        <hdop>3</hdop>
        <extensions>
          <osmand:speed>2.3</osmand:speed>
        </extensions>
      </trkpt>
      <trkpt lat="53.675394" lon="23.7268556">
        <ele>198</ele>
        <time>2026-06-27T11:36:46Z</time>
        <hdop>3</hdop>
        <extensions>
          <osmand:speed>3.1</osmand:speed>
        </extensions>
      </trkpt>
      <trkpt lat="53.6750106" lon="23.7268868">
        <ele>199</ele>
        <time>2026-06-27T11:36:57Z</time>
        <hdop>2</hdop>
        <extensions>
          <osmand:speed>4.4</osmand:speed>
        </extensions>
      </trkpt>
      <trkpt lat="53.6745263" lon="23.7271824">
        <ele>201</ele>
        <time>2026-06-27T11:37:08Z</time>
        <hdop>1.5</hdop>
        <extensions>
          <osmand:speed>5.4</osmand:speed>
        </extensions>
      </trkpt>
      <trkpt lat="53.6739897" lon="23.727564">
        <ele>201</ele>
        <time>2026-06-27T11:37:19Z</time>
        <hdop>1.5</hdop>
        <extensions>
          <osmand:speed>6.2</osmand:speed>
        </extensions>
      </trkpt>
      <trkpt lat="53.6734522" lon="23.7279792">
        <ele>201</ele>
        <time>2026-06-27T11:37:30Z</time>
        <hdop>1</hdop>
        <extensions>
          <osmand:speed>5.7</osmand:speed>
        </extensions>
      </trkpt>
      <trkpt lat="53.6729467" lon="23.7284178">
        <ele>200</ele>
        <time>2026-06-27T11:37:41Z</time>
        <hdop>1</hdop>
        <extensions>
          <osmand:speed>5.5</osmand:speed>
        </extensions>
      </trkpt>
      <trkpt lat="53.6724732" lon="23.7288472">
        <ele>200</ele>
        <time>2026-06-27T11:37:52Z</time>
        <hdop>1.5</hdop>
        <extensions>
          <osmand:speed>5.5</osmand:speed>
        </extensions>
      </trkpt>
      <trkpt lat="53.6719855" lon="23.7293091">
        <ele>201</ele>
        <time>2026-06-27T11:38:03Z</time>
        <hdop>1.5</hdop>
        <extensions>
          <osmand:speed>5.9</osmand:speed>
        </extensions>
      </trkpt>
      <trkpt lat="53.6714645" lon="23.729651">
        <ele>202</ele>
        <time>2026-06-27T11:38:14Z</time>
        <hdop>1.5</hdop>
        <extensions>
          <osmand:speed>5.3</osmand:speed>
        </extensions>
      </trkpt>
      <trkpt lat="53.6708835" lon="23.7300611">
        <ele>198</ele>
        <time>2026-06-27T11:38:25Z</time>
        <hdop>1.5</hdop>
        <extensions>
          <osmand:speed>7.7</osmand:speed>
        </extensions>
      </trkpt>
      <trkpt lat="53.6701753" lon="23.7307352">
        <ele>193</ele>
        <time>2026-06-27T11:38:36Z</time>
        <hdop>1</hdop>
        <extensions>
          <osmand:speed>7.6</osmand:speed>
        </extensions>
      </trkpt>
      <trkpt lat="53.6695592" lon="23.7312664">
        <ele>191</ele>
        <time>2026-06-27T11:38:47Z</time>
        <hdop>1.5</hdop>
        <extensions>
          <osmand:speed>7</osmand:speed>
        </extensions>
      </trkpt>
      <trkpt lat="53.6688956" lon="23.7318428">
        <ele>189</ele>
        <time>2026-06-27T11:38:58Z</time>
        <hdop>1.5</hdop>
        <extensions>
          <osmand:speed>7.5</osmand:speed>
        </extensions>
      </trkpt>
      <trkpt lat="53.6683151" lon="23.732356">
        <ele>190</ele>
        <time>2026-06-27T11:39:09Z</time>
        <hdop>1.5</hdop>
        <extensions>
          <osmand:speed>6</osmand:speed>
        </extensions>
      </trkpt>
      <trkpt lat="53.6677899" lon="23.7327633">
        <ele>188</ele>
        <time>2026-06-27T11:39:20Z</time>
        <hdop>1.5</hdop>
        <extensions>
          <osmand:speed>6.3</osmand:speed>
        </extensions>
      </trkpt>
      <trkpt lat="53.6673451" lon="23.733292">
        <ele>187</ele>
        <time>2026-06-27T11:39:31Z</time>
        <hdop>1.5</hdop>
        <extensions>
          <osmand:speed>4.7</osmand:speed>
        </extensions>
      </trkpt>
      <trkpt lat="53.6673618" lon="23.7338466">
        <ele>188</ele>
        <time>2026-06-27T11:39:42Z</time>
        <hdop>1.5</hdop>
        <extensions>
          <osmand:speed>2.2</osmand:speed>
        </extensions>
      </trkpt>
      <trkpt lat="53.6673667" lon="23.7343293">
        <ele>187</ele>
        <time>2026-06-27T11:39:53Z</time>
        <hdop>2</hdop>
        <extensions>
          <osmand:speed>2.9</osmand:speed>
        </extensions>
      </trkpt>
      <trkpt lat="53.6674024" lon="23.7348067">
        <ele>186</ele>
        <time>2026-06-27T11:40:04Z</time>
        <hdop>2.5</hdop>
        <extensions>
          <osmand:speed>2.5</osmand:speed>
        </extensions>
      </trkpt>
      <trkpt lat="53.6673392" lon="23.7351393">
        <ele>187</ele>
        <time>2026-06-27T11:40:15Z</time>
        <hdop>2.5</hdop>
        <extensions>
          <osmand:speed>3.1</osmand:speed>
        </extensions>
      </trkpt>
      <trkpt lat="53.6669898" lon="23.7354126">
        <ele>189</ele>
        <time>2026-06-27T11:40:26Z</time>
        <hdop>1.5</hdop>
        <extensions>
          <osmand:speed>4.7</osmand:speed>
        </extensions>
      </trkpt>
      <trkpt lat="53.6665057" lon="23.7357456">
        <ele>191</ele>
        <time>2026-06-27T11:40:37Z</time>
        <hdop>1.5</hdop>
        <extensions>
          <osmand:speed>4.7</osmand:speed>
        </extensions>
      </trkpt>
      <trkpt lat="53.666265" lon="23.7363342">
        <ele>191</ele>
        <time>2026-06-27T11:40:48Z</time>
        <hdop>1.5</hdop>
        <extensions>
          <osmand:speed>5.4</osmand:speed>
        </extensions>
      </trkpt>
      <trkpt lat="53.6658934" lon="23.7370317">
        <ele>190</ele>
        <time>2026-06-27T11:40:59Z</time>
        <hdop>1.5</hdop>
        <extensions>
          <osmand:speed>5.9</osmand:speed>
        </extensions>
      </trkpt>
      <trkpt lat="53.6654633" lon="23.737722">
        <ele>189</ele>
        <time>2026-06-27T11:41:10Z</time>
        <hdop>1.5</hdop>
        <extensions>
          <osmand:speed>5.5</osmand:speed>
        </extensions>
      </trkpt>
      <trkpt lat="53.6650634" lon="23.7383757">
        <ele>188</ele>
        <time>2026-06-27T11:41:21Z</time>
        <hdop>1.5</hdop>
        <extensions>
          <osmand:speed>6</osmand:speed>
        </extensions>
      </trkpt>
      <trkpt lat="53.6646825" lon="23.7391511">
        <ele>186</ele>
        <time>2026-06-27T11:41:32Z</time>
        <hdop>1.5</hdop>
        <extensions>
          <osmand:speed>6.2</osmand:speed>
        </extensions>
      </trkpt>
      <trkpt lat="53.6643409" lon="23.7399522">
        <ele>186</ele>
        <time>2026-06-27T11:41:43Z</time>
        <hdop>1.5</hdop>
        <extensions>
          <osmand:speed>4.3</osmand:speed>
        </extensions>
      </trkpt>
      <trkpt lat="53.6642473" lon="23.7403233">
        <ele>187</ele>
        <time>2026-06-27T11:41:54Z</time>
        <hdop>3</hdop>
        <extensions>
          <osmand:speed>0.4</osmand:speed>
        </extensions>
      </trkpt>
      <trkpt lat="53.6642421" lon="23.7403632">
        <ele>188</ele>
        <time>2026-06-27T11:42:05Z</time>
        <hdop>3</hdop>
      </trkpt>
      <trkpt lat="53.6642621" lon="23.7403039">
        <ele>188</ele>
        <time>2026-06-27T11:42:16Z</time>
        <hdop>2.5</hdop>
      </trkpt>
      <trkpt lat="53.6642646" lon="23.7401619">
        <ele>186</ele>
        <time>2026-06-27T11:42:27Z</time>
        <hdop>2.5</hdop>
      </trkpt>
      <trkpt lat="53.6642178" lon="23.7401239">
        <ele>185</ele>
        <time>2026-06-27T11:42:38Z</time>
        <hdop>2.5</hdop>
        <extensions>
          <osmand:speed>1.4</osmand:speed>
        </extensions>
      </trkpt>
      <trkpt lat="53.664097" lon="23.7401208">
        <ele>184</ele>
        <time>2026-06-27T11:42:49Z</time>
        <hdop>3</hdop>
        <extensions>
          <osmand:speed>1.4</osmand:speed>
        </extensions>
      </trkpt>
      <trkpt lat="53.6638699" lon="23.7405269">
        <ele>180</ele>
        <time>2026-06-27T11:43:00Z</time>
        <hdop>3.5</hdop>
        <extensions>
          <osmand:speed>1.9</osmand:speed>
        </extensions>
      </trkpt>
      <trkpt lat="53.6635287" lon="23.7411811">
        <ele>179</ele>
        <time>2026-06-27T11:43:11Z</time>
        <hdop>3</hdop>
        <extensions>
          <osmand:speed>4.4</osmand:speed>
        </extensions>
      </trkpt>
      <trkpt lat="53.6631931" lon="23.7420619">
        <ele>177</ele>
        <time>2026-06-27T11:43:22Z</time>
        <hdop>3</hdop>
        <extensions>
          <osmand:speed>7.2</osmand:speed>
        </extensions>
      </trkpt>
      <trkpt lat="53.6628255" lon="23.7430963">
        <ele>174</ele>
        <time>2026-06-27T11:43:33Z</time>
        <hdop>3.5</hdop>
        <extensions>
          <osmand:speed>4.2</osmand:speed>
        </extensions>
      </trkpt>
      <trkpt lat="53.6625926" lon="23.7437823">
        <ele>172</ele>
        <time>2026-06-27T11:43:44Z</time>
        <hdop>3</hdop>
        <extensions>
          <osmand:speed>4.4</osmand:speed>
        </extensions>
      </trkpt>
      <trkpt lat="53.6623722" lon="23.7444967">
        <ele>172</ele>
        <time>2026-06-27T11:43:55Z</time>
        <hdop>2.5</hdop>
        <extensions>
          <osmand:speed>4.6</osmand:speed>
        </extensions>
      </trkpt>
      <trkpt lat="53.6622114" lon="23.7453024">
        <ele>170</ele>
        <time>2026-06-27T11:44:06Z</time>
        <hdop>2.5</hdop>
        <extensions>
          <osmand:speed>4.5</osmand:speed>
        </extensions>
      </trkpt>
      <trkpt lat="53.6620802" lon="23.7461155">
        <ele>170</ele>
        <time>2026-06-27T11:44:17Z</time>
        <hdop>2.5</hdop>
        <extensions>
          <osmand:speed>4.7</osmand:speed>
        </extensions>
      </trkpt>
      <trkpt lat="53.6619144" lon="23.746858">
        <ele>170</ele>
        <time>2026-06-27T11:44:28Z</time>
        <hdop>3</hdop>
        <extensions>
          <osmand:speed>3.3</osmand:speed>
        </extensions>
      </trkpt>
      <trkpt lat="53.6617756" lon="23.7474142">
        <ele>169</ele>
        <time>2026-06-27T11:44:39Z</time>
        <hdop>3</hdop>
        <extensions>
          <osmand:speed>2.5</osmand:speed>
        </extensions>
      </trkpt>
      <trkpt lat="53.6616717" lon="23.7478309">
        <ele>167</ele>
        <time>2026-06-27T11:44:50Z</time>
        <hdop>3</hdop>
        <extensions>
          <osmand:speed>1.3</osmand:speed>
        </extensions>
      </trkpt>
      <trkpt lat="53.6615157" lon="23.748323">
        <ele>163</ele>
        <time>2026-06-27T11:45:01Z</time>
        <hdop>3</hdop>
        <extensions>
          <osmand:speed>2.8</osmand:speed>
        </extensions>
      </trkpt>
      <trkpt lat="53.6612952" lon="23.7485286">
        <ele>163</ele>
        <time>2026-06-27T11:45:12Z</time>
        <hdop>2.5</hdop>
      </trkpt>
      <trkpt lat="53.661272" lon="23.7487277">
        <ele>166</ele>
        <time>2026-06-27T11:45:23Z</time>
        <hdop>2.5</hdop>
        <extensions>
          <osmand:speed>0.9</osmand:speed>
        </extensions>
      </trkpt>
      <trkpt lat="53.6612788" lon="23.7487986">
        <ele>167</ele>
        <time>2026-06-27T11:45:34Z</time>
        <hdop>3</hdop>
      </trkpt>
      <trkpt lat="53.6612888" lon="23.7488291">
        <ele>165</ele>
        <time>2026-06-27T11:45:45Z</time>
        <hdop>2.5</hdop>
        <extensions>
          <osmand:speed>0.8</osmand:speed>
        </extensions>
      </trkpt>
      <trkpt lat="53.6612925" lon="23.7489497">
        <ele>162</ele>
        <time>2026-06-27T11:45:56Z</time>
        <hdop>2.5</hdop>
        <extensions>
          <osmand:speed>0.4</osmand:speed>
        </extensions>
      </trkpt>
      <trkpt lat="53.6613184" lon="23.7491052">
        <ele>158</ele>
        <time>2026-06-27T11:46:07Z</time>
        <hdop>3</hdop>
      </trkpt>
      <trkpt lat="53.6613344" lon="23.7491674">
        <ele>157</ele>
        <time>2026-06-27T11:46:18Z</time>
        <hdop>3</hdop>
        <extensions>
          <osmand:speed>0.1</osmand:speed>
        </extensions>
      </trkpt>
      <trkpt lat="53.6613338" lon="23.7491683">
        <ele>157</ele>
        <time>2026-06-27T11:46:29Z</time>
        <hdop>3</hdop>
      </trkpt>
      <trkpt lat="53.6613283" lon="23.7493177">
        <ele>155</ele>
        <time>2026-06-27T11:46:40Z</time>
        <hdop>2.5</hdop>
        <extensions>
          <osmand:speed>0.3</osmand:speed>
        </extensions>
      </trkpt>
      <trkpt lat="53.6613308" lon="23.7492063">
        <ele>157</ele>
        <time>2026-06-27T11:46:51Z</time>
        <hdop>2.5</hdop>
        <extensions>
          <osmand:speed>0.8</osmand:speed>
        </extensions>
      </trkpt>
      <trkpt lat="53.6612815" lon="23.7490297">
        <ele>159</ele>
        <time>2026-06-27T11:47:02Z</time>
        <hdop>2.5</hdop>
        <extensions>
          <osmand:speed>0</osmand:speed>
        </extensions>
      </trkpt>
      <trkpt lat="53.6612666" lon="23.7488571">
        <ele>163</ele>
        <time>2026-06-27T11:47:13Z</time>
        <hdop>2.5</hdop>
      </trkpt>
      <trkpt lat="53.6613138" lon="23.7487031">
        <ele>162</ele>
        <time>2026-06-27T11:47:24Z</time>
        <hdop>3</hdop>
      </trkpt>
      <trkpt lat="53.6614355" lon="23.7484609">
        <ele>162</ele>
        <time>2026-06-27T11:47:35Z</time>
        <hdop>3</hdop>
        <extensions>
          <osmand:speed>0.7</osmand:speed>
        </extensions>
      </trkpt>
      <trkpt lat="53.6614717" lon="23.7483074">
        <ele>162</ele>
        <time>2026-06-27T11:47:46Z</time>
        <hdop>3</hdop>
        <extensions>
          <osmand:speed>0.6</osmand:speed>
        </extensions>
      </trkpt>
      <trkpt lat="53.6615729" lon="23.7479582">
        <ele>161</ele>
        <time>2026-06-27T11:47:57Z</time>
        <hdop>3</hdop>
        <extensions>
          <osmand:speed>1.2</osmand:speed>
        </extensions>
      </trkpt>
      <trkpt lat="53.661674" lon="23.7475958">
        <ele>163</ele>
        <time>2026-06-27T11:48:08Z</time>
        <hdop>3</hdop>
        <extensions>
          <osmand:speed>0.8</osmand:speed>
        </extensions>
      </trkpt>
      <trkpt lat="53.6618247" lon="23.7473348">
        <ele>164</ele>
        <time>2026-06-27T11:48:19Z</time>
        <hdop>2.5</hdop>
        <extensions>
          <osmand:speed>0.7</osmand:speed>
        </extensions>
      </trkpt>
      <trkpt lat="53.6619908" lon="23.7474154">
        <ele>164</ele>
        <time>2026-06-27T11:48:30Z</time>
        <hdop>3.5</hdop>
        <extensions>
          <osmand:speed>0.3</osmand:speed>
        </extensions>
      </trkpt>
      <trkpt lat="53.6620597" lon="23.7477908">
        <ele>161</ele>
        <time>2026-06-27T11:48:41Z</time>
        <hdop>3.5</hdop>
        <extensions>
          <osmand:speed>0.9</osmand:speed>
        </extensions>
      </trkpt>
      <trkpt lat="53.6620995" lon="23.7482638">
        <ele>158</ele>
        <time>2026-06-27T11:48:52Z</time>
        <hdop>3.5</hdop>
        <extensions>
          <osmand:speed>1.7</osmand:speed>
        </extensions>
      </trkpt>
      <trkpt lat="53.662085" lon="23.7486752">
        <ele>152</ele>
        <time>2026-06-27T11:49:03Z</time>
        <hdop>3.5</hdop>
        <extensions>
          <osmand:speed>0.6</osmand:speed>
        </extensions>
      </trkpt>
      <trkpt lat="53.6619736" lon="23.7489488">
        <ele>142</ele>
        <time>2026-06-27T11:49:14Z</time>
        <hdop>3</hdop>
      </trkpt>
      <trkpt lat="53.6618897" lon="23.7493852">
        <ele>133</ele>
        <time>2026-06-27T11:49:25Z</time>
        <hdop>3</hdop>
        <extensions>
          <osmand:speed>2.1</osmand:speed>
        </extensions>
      </trkpt>
      <trkpt lat="53.6619006" lon="23.7499025">
        <ele>125</ele>
        <time>2026-06-27T11:49:36Z</time>
        <hdop>3</hdop>
        <extensions>
          <osmand:speed>1.7</osmand:speed>
        </extensions>
      </trkpt>
      <trkpt lat="53.661876" lon="23.7504189">
        <ele>116</ele>
        <time>2026-06-27T11:49:47Z</time>
        <hdop>3</hdop>
        <extensions>
          <osmand:speed>1.9</osmand:speed>
        </extensions>
      </trkpt>
      <trkpt lat="53.6618903" lon="23.7509245">
        <ele>110</ele>
        <time>2026-06-27T11:49:58Z</time>
        <hdop>3</hdop>
        <extensions>
          <osmand:speed>3.2</osmand:speed>
        </extensions>
      </trkpt>
      <trkpt lat="53.6619668" lon="23.7515429">
        <ele>105</ele>
        <time>2026-06-27T11:50:09Z</time>
        <hdop>3</hdop>
        <extensions>
          <osmand:speed>2.4</osmand:speed>
        </extensions>
      </trkpt>
      <trkpt lat="53.661987" lon="23.7521046">
        <ele>98</ele>
        <time>2026-06-27T11:50:20Z</time>
        <hdop>3</hdop>
        <extensions>
          <osmand:speed>2.4</osmand:speed>
        </extensions>
      </trkpt>
      <trkpt lat="53.6619984" lon="23.7523253">
        <ele>98</ele>
        <time>2026-06-27T11:50:31Z</time>
        <hdop>2.5</hdop>
        <extensions>
          <osmand:speed>0.4</osmand:speed>
        </extensions>
      </trkpt>
      <trkpt lat="53.6619987" lon="23.7523578">
        <ele>99</ele>
        <time>2026-06-27T11:50:42Z</time>
        <hdop>2.5</hdop>
      </trkpt>
      <trkpt lat="53.6619987" lon="23.7523578">
        <ele>99</ele>
        <time>2026-06-27T11:50:53Z</time>
        <hdop>3</hdop>
      </trkpt>
      <trkpt lat="53.6619987" lon="23.7523578">
        <ele>99</ele>
        <time>2026-06-27T11:51:04Z</time>
        <hdop>2.5</hdop>
      </trkpt>
      <trkpt lat="53.6619987" lon="23.7523578">
        <ele>99</ele>
        <time>2026-06-27T11:51:15Z</time>
        <hdop>2.5</hdop>
      </trkpt>
      <trkpt lat="53.6619987" lon="23.7523578">
        <ele>99</ele>
        <time>2026-06-27T11:51:26Z</time>
        <hdop>2.5</hdop>
      </trkpt>
      <trkpt lat="53.6619987" lon="23.7523578">
        <ele>99</ele>
        <time>2026-06-27T11:51:37Z</time>
        <hdop>2.5</hdop>
      </trkpt>
      <trkpt lat="53.6619987" lon="23.7523578">
        <ele>99</ele>
        <time>2026-06-27T11:51:48Z</time>
        <hdop>2</hdop>
      </trkpt>
      <trkpt lat="53.6619987" lon="23.7523578">
        <ele>99</ele>
        <time>2026-06-27T11:51:59Z</time>
        <hdop>2.5</hdop>
      </trkpt>
      <trkpt lat="53.6619765" lon="23.7525543">
        <ele>98</ele>
        <time>2026-06-27T11:52:10Z</time>
        <hdop>2</hdop>
        <extensions>
          <osmand:speed>0.1</osmand:speed>
        </extensions>
      </trkpt>
      <trkpt lat="53.6619938" lon="23.7528718">
        <ele>97</ele>
        <time>2026-06-27T11:52:21Z</time>
        <hdop>2.5</hdop>
        <extensions>
          <osmand:speed>2.7</osmand:speed>
        </extensions>
      </trkpt>
      <trkpt lat="53.661974" lon="23.7534377">
        <ele>98</ele>
        <time>2026-06-27T11:52:32Z</time>
        <hdop>2.5</hdop>
        <extensions>
          <osmand:speed>2.4</osmand:speed>
        </extensions>
      </trkpt>
      <trkpt lat="53.6619753" lon="23.7536204">
        <ele>102</ele>
        <time>2026-06-27T11:52:43Z</time>
        <hdop>3</hdop>
      </trkpt>
      <trkpt lat="53.6619753" lon="23.7536204">
        <ele>102</ele>
        <time>2026-06-27T11:52:54Z</time>
        <hdop>3</hdop>
      </trkpt>
      <trkpt lat="53.661995" lon="23.7536378">
        <ele>102</ele>
        <time>2026-06-27T11:53:05Z</time>
        <hdop>3</hdop>
        <extensions>
          <osmand:speed>0.3</osmand:speed>
        </extensions>
      </trkpt>
      <trkpt lat="53.6620331" lon="23.7539421">
        <ele>101</ele>
        <time>2026-06-27T11:53:16Z</time>
        <hdop>2.5</hdop>
        <extensions>
          <osmand:speed>2.1</osmand:speed>
        </extensions>
      </trkpt>
      <trkpt lat="53.6619945" lon="23.7542034">
        <ele>102</ele>
        <time>2026-06-27T11:53:27Z</time>
        <hdop>3</hdop>
      </trkpt>
      <trkpt lat="53.6620371" lon="23.7544228">
        <ele>104</ele>
        <time>2026-06-27T11:53:38Z</time>
        <hdop>2.5</hdop>
        <extensions>
          <osmand:speed>2.1</osmand:speed>
        </extensions>
      </trkpt>
      <trkpt lat="53.6621005" lon="23.7547783">
        <ele>100</ele>
        <time>2026-06-27T11:53:49Z</time>
        <hdop>2.5</hdop>
        <extensions>
          <osmand:speed>1.6</osmand:speed>
        </extensions>
      </trkpt>
      <trkpt lat="53.6621339" lon="23.7552705">
        <ele>98</ele>
        <time>2026-06-27T11:54:00Z</time>
        <hdop>3</hdop>
        <extensions>
          <osmand:speed>2.3</osmand:speed>
        </extensions>
      </trkpt>
      <trkpt lat="53.6621133" lon="23.7556574">
        <ele>99</ele>
        <time>2026-06-27T11:54:11Z</time>
        <hdop>2.5</hdop>
        <extensions>
          <osmand:speed>1.1</osmand:speed>
        </extensions>
      </trkpt>
      <trkpt lat="53.6621278" lon="23.755982">
        <ele>95</ele>
        <time>2026-06-27T11:54:22Z</time>
        <hdop>2.5</hdop>
        <extensions>
          <osmand:speed>2.8</osmand:speed>
        </extensions>
      </trkpt>
      <trkpt lat="53.6621117" lon="23.7564904">
        <ele>92</ele>
        <time>2026-06-27T11:54:33Z</time>
        <hdop>3</hdop>
        <extensions>
          <osmand:speed>2.2</osmand:speed>
        </extensions>
      </trkpt>
      <trkpt lat="53.6620861" lon="23.7571721">
        <ele>87</ele>
        <time>2026-06-27T11:54:44Z</time>
        <hdop>3.5</hdop>
        <extensions>
          <osmand:speed>4.1</osmand:speed>
        </extensions>
      </trkpt>
      <trkpt lat="53.6618923" lon="23.7584009">
        <ele>94</ele>
        <time>2026-06-27T11:54:55Z</time>
        <hdop>3</hdop>
        <extensions>
          <osmand:speed>6.2</osmand:speed>
        </extensions>
      </trkpt>
      <trkpt lat="53.6615947" lon="23.7593704">
        <ele>104</ele>
        <time>2026-06-27T11:55:06Z</time>
        <hdop>2.5</hdop>
        <extensions>
          <osmand:speed>1.6</osmand:speed>
        </extensions>
      </trkpt>
      <trkpt lat="53.6617186" lon="23.7596954">
        <ele>115</ele>
        <time>2026-06-27T11:55:17Z</time>
        <hdop>3</hdop>
        <extensions>
          <osmand:speed>2.9</osmand:speed>
        </extensions>
      </trkpt>
      <trkpt lat="53.6619954" lon="23.7597473">
        <ele>129</ele>
        <time>2026-06-27T11:55:28Z</time>
        <hdop>3</hdop>
        <extensions>
          <osmand:speed>2.2</osmand:speed>
        </extensions>
      </trkpt>
      <trkpt lat="53.6623206" lon="23.7596777">
        <ele>134</ele>
        <time>2026-06-27T11:55:39Z</time>
        <hdop>3</hdop>
        <extensions>
          <osmand:speed>2.3</osmand:speed>
        </extensions>
      </trkpt>
      <trkpt lat="53.6628256" lon="23.7595509">
        <ele>133</ele>
        <time>2026-06-27T11:55:50Z</time>
        <hdop>3.5</hdop>
        <extensions>
          <osmand:speed>3</osmand:speed>
        </extensions>
      </trkpt>
      <trkpt lat="53.6636686" lon="23.7597658">
        <ele>130</ele>
        <time>2026-06-27T11:56:01Z</time>
        <hdop>3</hdop>
        <extensions>
          <osmand:speed>7.1</osmand:speed>
        </extensions>
      </trkpt>
      <trkpt lat="53.6643586" lon="23.7601484">
        <ele>141</ele>
        <time>2026-06-27T11:56:12Z</time>
        <hdop>2.5</hdop>
        <extensions>
          <osmand:speed>5.1</osmand:speed>
        </extensions>
      </trkpt>
      <trkpt lat="53.6649537" lon="23.7602999">
        <ele>149</ele>
        <time>2026-06-27T11:56:23Z</time>
        <hdop>2</hdop>
        <extensions>
          <osmand:speed>5.4</osmand:speed>
        </extensions>
      </trkpt>
      <trkpt lat="53.6654393" lon="23.7604619">
        <ele>152</ele>
        <time>2026-06-27T11:56:34Z</time>
        <hdop>2</hdop>
        <extensions>
          <osmand:speed>3.7</osmand:speed>
        </extensions>
      </trkpt>
      <trkpt lat="53.6659341" lon="23.76073">
        <ele>153</ele>
        <time>2026-06-27T11:56:45Z</time>
        <hdop>1.5</hdop>
        <extensions>
          <osmand:speed>5.2</osmand:speed>
        </extensions>
      </trkpt>
      <trkpt lat="53.6664115" lon="23.761038">
        <ele>152</ele>
        <time>2026-06-27T11:56:56Z</time>
        <hdop>1</hdop>
        <extensions>
          <osmand:speed>4.7</osmand:speed>
        </extensions>
      </trkpt>
      <trkpt lat="53.6667598" lon="23.7613277">
        <ele>152</ele>
        <time>2026-06-27T11:57:07Z</time>
        <hdop>2</hdop>
        <extensions>
          <osmand:speed>3.9</osmand:speed>
        </extensions>
      </trkpt>
      <trkpt lat="53.667178" lon="23.7613203">
        <ele>153</ele>
        <time>2026-06-27T11:57:18Z</time>
        <hdop>1.5</hdop>
        <extensions>
          <osmand:speed>4.4</osmand:speed>
        </extensions>
      </trkpt>
      <trkpt lat="53.6676568" lon="23.7613521">
        <ele>153</ele>
        <time>2026-06-27T11:57:29Z</time>
        <hdop>1.5</hdop>
        <extensions>
          <osmand:speed>5.1</osmand:speed>
        </extensions>
      </trkpt>
      <trkpt lat="53.6681642" lon="23.7613631">
        <ele>152</ele>
        <time>2026-06-27T11:57:40Z</time>
        <hdop>1.5</hdop>
        <extensions>
          <osmand:speed>5.6</osmand:speed>
        </extensions>
      </trkpt>
      <trkpt lat="53.6686592" lon="23.761351">
        <ele>153</ele>
        <time>2026-06-27T11:57:51Z</time>
        <hdop>1.5</hdop>
        <extensions>
          <osmand:speed>4.3</osmand:speed>
        </extensions>
      </trkpt>
      <trkpt lat="53.6691781" lon="23.7613591">
        <ele>152</ele>
        <time>2026-06-27T11:58:02Z</time>
        <hdop>2</hdop>
        <extensions>
          <osmand:speed>5</osmand:speed>
        </extensions>
      </trkpt>
      <trkpt lat="53.6697595" lon="23.7613973">
        <ele>152</ele>
        <time>2026-06-27T11:58:13Z</time>
        <hdop>1.5</hdop>
        <extensions>
          <osmand:speed>6</osmand:speed>
        </extensions>
      </trkpt>
      <trkpt lat="53.6703149" lon="23.7613737">
        <ele>153</ele>
        <time>2026-06-27T11:58:24Z</time>
        <hdop>1.5</hdop>
        <extensions>
          <osmand:speed>5.3</osmand:speed>
        </extensions>
      </trkpt>
      <trkpt lat="53.6708234" lon="23.7614187">
        <ele>154</ele>
        <time>2026-06-27T11:58:35Z</time>
        <hdop>1.5</hdop>
        <extensions>
          <osmand:speed>4.9</osmand:speed>
        </extensions>
      </trkpt>
      <trkpt lat="53.6712609" lon="23.7614077">
        <ele>156</ele>
        <time>2026-06-27T11:58:46Z</time>
        <hdop>2</hdop>
        <extensions>
          <osmand:speed>3.9</osmand:speed>
        </extensions>
      </trkpt>
      <trkpt lat="53.6714254" lon="23.7619011">
        <ele>155</ele>
        <time>2026-06-27T11:58:57Z</time>
        <hdop>2</hdop>
        <extensions>
          <osmand:speed>4.9</osmand:speed>
        </extensions>
      </trkpt>
      <trkpt lat="53.6715458" lon="23.76259">
        <ele>156</ele>
        <time>2026-06-27T11:59:08Z</time>
        <hdop>2</hdop>
        <extensions>
          <osmand:speed>2.8</osmand:speed>
        </extensions>
      </trkpt>
      <trkpt lat="53.6716676" lon="23.7627221">
        <ele>157</ele>
        <time>2026-06-27T11:59:19Z</time>
        <hdop>2.5</hdop>
        <extensions>
          <osmand:speed>0.6</osmand:speed>
        </extensions>
      </trkpt>
      <trkpt lat="53.6717016" lon="23.7626253">
        <ele>157</ele>
        <time>2026-06-27T11:59:30Z</time>
        <hdop>2</hdop>
      </trkpt>
      <trkpt lat="53.6717016" lon="23.7626253">
        <ele>157</ele>
        <time>2026-06-27T11:59:41Z</time>
        <hdop>2.5</hdop>
      </trkpt>
      <trkpt lat="53.6717016" lon="23.7626253">
        <ele>157</ele>
        <time>2026-06-27T11:59:52Z</time>
        <hdop>2</hdop>
      </trkpt>
      <trkpt lat="53.6717016" lon="23.7626253">
        <ele>157</ele>
        <time>2026-06-27T12:00:03Z</time>
        <hdop>2.5</hdop>
      </trkpt>
      <trkpt lat="53.6717016" lon="23.7626253">
        <ele>157</ele>
        <time>2026-06-27T12:00:14Z</time>
        <hdop>2</hdop>
      </trkpt>
      <trkpt lat="53.6717016" lon="23.7626253">
        <ele>157</ele>
        <time>2026-06-27T12:00:25Z</time>
        <hdop>2.5</hdop>
      </trkpt>
      <trkpt lat="53.6717016" lon="23.7626253">
        <ele>157</ele>
        <time>2026-06-27T12:00:36Z</time>
        <hdop>2</hdop>
      </trkpt>
      <trkpt lat="53.6717016" lon="23.7626253">
        <ele>157</ele>
        <time>2026-06-27T12:00:47Z</time>
        <hdop>2</hdop>
      </trkpt>
      <trkpt lat="53.6717016" lon="23.7626253">
        <ele>157</ele>
        <time>2026-06-27T12:00:58Z</time>
        <hdop>2.5</hdop>
      </trkpt>
      <trkpt lat="53.6717016" lon="23.7626253">
        <ele>157</ele>
        <time>2026-06-27T12:01:09Z</time>
        <hdop>2.5</hdop>
      </trkpt>
      <trkpt lat="53.6717016" lon="23.7626253">
        <ele>157</ele>
        <time>2026-06-27T12:01:20Z</time>
        <hdop>2</hdop>
      </trkpt>
      <trkpt lat="53.6717016" lon="23.7626253">
        <ele>157</ele>
        <time>2026-06-27T12:01:31Z</time>
        <hdop>2</hdop>
      </trkpt>
      <trkpt lat="53.6717016" lon="23.7626253">
        <ele>157</ele>
        <time>2026-06-27T12:01:42Z</time>
        <hdop>2</hdop>
      </trkpt>
      <trkpt lat="53.6717016" lon="23.7626253">
        <ele>157</ele>
        <time>2026-06-27T12:01:53Z</time>
        <hdop>1.5</hdop>
      </trkpt>
      <trkpt lat="53.6717016" lon="23.7626253">
        <ele>157</ele>
        <time>2026-06-27T12:02:04Z</time>
        <hdop>2</hdop>
      </trkpt>
      <trkpt lat="53.6717016" lon="23.7626253">
        <ele>157</ele>
        <time>2026-06-27T12:02:15Z</time>
        <hdop>2</hdop>
      </trkpt>
      <trkpt lat="53.6717016" lon="23.7626253">
        <ele>157</ele>
        <time>2026-06-27T12:02:26Z</time>
        <hdop>2</hdop>
      </trkpt>
      <trkpt lat="53.6717016" lon="23.7626253">
        <ele>157</ele>
        <time>2026-06-27T12:02:37Z</time>
        <hdop>1.5</hdop>
      </trkpt>
      <trkpt lat="53.6717016" lon="23.7626253">
        <ele>157</ele>
        <time>2026-06-27T12:02:48Z</time>
        <hdop>1.5</hdop>
      </trkpt>
      <trkpt lat="53.6717016" lon="23.7626253">
        <ele>157</ele>
        <time>2026-06-27T12:02:59Z</time>
        <hdop>2</hdop>
      </trkpt>
      <trkpt lat="53.6717016" lon="23.7626253">
        <ele>157</ele>
        <time>2026-06-27T12:03:10Z</time>
        <hdop>1.5</hdop>
      </trkpt>
      <trkpt lat="53.6717016" lon="23.7626253">
        <ele>157</ele>
        <time>2026-06-27T12:03:21Z</time>
        <hdop>1.5</hdop>
      </trkpt>
      <trkpt lat="53.6717016" lon="23.7626253">
        <ele>157</ele>
        <time>2026-06-27T12:03:32Z</time>
        <hdop>1.5</hdop>
      </trkpt>
      <trkpt lat="53.6717016" lon="23.7626253">
        <ele>157</ele>
        <time>2026-06-27T12:03:43Z</time>
        <hdop>1.5</hdop>
      </trkpt>
      <trkpt lat="53.6717016" lon="23.7626253">
        <ele>157</ele>
        <time>2026-06-27T12:03:54Z</time>
        <hdop>1.5</hdop>
      </trkpt>
      <trkpt lat="53.6717016" lon="23.7626253">
        <ele>157</ele>
        <time>2026-06-27T12:04:05Z</time>
        <hdop>1.5</hdop>
      </trkpt>
      <trkpt lat="53.6717016" lon="23.7626253">
        <ele>157</ele>
        <time>2026-06-27T12:04:16Z</time>
        <hdop>1.5</hdop>
      </trkpt>
      <trkpt lat="53.6717016" lon="23.7626253">
        <ele>157</ele>
        <time>2026-06-27T12:04:27Z</time>
        <hdop>1.5</hdop>
      </trkpt>
      <trkpt lat="53.6717016" lon="23.7626253">
        <ele>157</ele>
        <time>2026-06-27T12:04:38Z</time>
        <hdop>1.5</hdop>
      </trkpt>
      <trkpt lat="53.6717016" lon="23.7626253">
        <ele>157</ele>
        <time>2026-06-27T12:04:49Z</time>
        <hdop>2</hdop>
      </trkpt>
      <trkpt lat="53.6717016" lon="23.7626253">
        <ele>157</ele>
        <time>2026-06-27T12:05:00Z</time>
        <hdop>1.5</hdop>
      </trkpt>
      <trkpt lat="53.6717016" lon="23.7626253">
        <ele>157</ele>
        <time>2026-06-27T12:05:11Z</time>
        <hdop>1.5</hdop>
      </trkpt>
      <trkpt lat="53.6717016" lon="23.7626253">
        <ele>157</ele>
        <time>2026-06-27T12:05:22Z</time>
        <hdop>1.5</hdop>
      </trkpt>
      <trkpt lat="53.6717016" lon="23.7626253">
        <ele>157</ele>
        <time>2026-06-27T12:05:33Z</time>
        <hdop>1.5</hdop>
      </trkpt>
      <trkpt lat="53.6717016" lon="23.7626253">
        <ele>157</ele>
        <time>2026-06-27T12:05:44Z</time>
        <hdop>1.5</hdop>
      </trkpt>
      <trkpt lat="53.6717016" lon="23.7626253">
        <ele>157</ele>
        <time>2026-06-27T12:05:55Z</time>
        <hdop>1.5</hdop>
      </trkpt>
      <trkpt lat="53.6717016" lon="23.7626253">
        <ele>157</ele>
        <time>2026-06-27T12:06:06Z</time>
        <hdop>1.5</hdop>
      </trkpt>
      <trkpt lat="53.6717016" lon="23.7626253">
        <ele>157</ele>
        <time>2026-06-27T12:06:17Z</time>
        <hdop>1</hdop>
      </trkpt>
      <trkpt lat="53.6717016" lon="23.7626253">
        <ele>157</ele>
        <time>2026-06-27T12:06:28Z</time>
        <hdop>1.5</hdop>
      </trkpt>
      <trkpt lat="53.6717016" lon="23.7626253">
        <ele>157</ele>
        <time>2026-06-27T12:06:39Z</time>
        <hdop>1.5</hdop>
      </trkpt>
      <trkpt lat="53.6717016" lon="23.7626253">
        <ele>157</ele>
        <time>2026-06-27T12:06:50Z</time>
        <hdop>1.5</hdop>
      </trkpt>
      <trkpt lat="53.6717016" lon="23.7626253">
        <ele>157</ele>
        <time>2026-06-27T12:07:01Z</time>
        <hdop>1.5</hdop>
      </trkpt>
      <trkpt lat="53.6717016" lon="23.7626253">
        <ele>157</ele>
        <time>2026-06-27T12:07:12Z</time>
        <hdop>1.5</hdop>
      </trkpt>
      <trkpt lat="53.6717016" lon="23.7626253">
        <ele>157</ele>
        <time>2026-06-27T12:07:23Z</time>
        <hdop>2</hdop>
      </trkpt>
      <trkpt lat="53.6717016" lon="23.7626253">
        <ele>157</ele>
        <time>2026-06-27T12:07:34Z</time>
        <hdop>1.5</hdop>
      </trkpt>
      <trkpt lat="53.6717016" lon="23.7626253">
        <ele>157</ele>
        <time>2026-06-27T12:07:45Z</time>
        <hdop>2</hdop>
      </trkpt>
      <trkpt lat="53.6717027" lon="23.7626231">
        <ele>157</ele>
        <time>2026-06-27T12:07:56Z</time>
        <hdop>1.5</hdop>
      </trkpt>
      <trkpt lat="53.6717027" lon="23.7626231">
        <ele>157</ele>
        <time>2026-06-27T12:08:07Z</time>
        <hdop>1.5</hdop>
      </trkpt>
      <trkpt lat="53.6717027" lon="23.7626231">
        <ele>157</ele>
        <time>2026-06-27T12:08:18Z</time>
        <hdop>1.5</hdop>
      </trkpt>
      <trkpt lat="53.6717027" lon="23.7626231">
        <ele>157</ele>
        <time>2026-06-27T12:08:29Z</time>
        <hdop>1.5</hdop>
      </trkpt>
      <trkpt lat="53.6717027" lon="23.7626231">
        <ele>157</ele>
        <time>2026-06-27T12:08:40Z</time>
        <hdop>2</hdop>
      </trkpt>
      <trkpt lat="53.6717027" lon="23.7626231">
        <ele>157</ele>
        <time>2026-06-27T12:08:51Z</time>
        <hdop>2</hdop>
      </trkpt>
      <trkpt lat="53.6717027" lon="23.7626231">
        <ele>157</ele>
        <time>2026-06-27T12:09:02Z</time>
        <hdop>1.5</hdop>
      </trkpt>
      <trkpt lat="53.6717027" lon="23.7626231">
        <ele>157</ele>
        <time>2026-06-27T12:09:13Z</time>
        <hdop>1.5</hdop>
      </trkpt>
      <trkpt lat="53.6717003" lon="23.7626232">
        <ele>156</ele>
        <time>2026-06-27T12:09:24Z</time>
        <hdop>2</hdop>
      </trkpt>
      <trkpt lat="53.6717003" lon="23.7626232">
        <ele>156</ele>
        <time>2026-06-27T12:09:35Z</time>
        <hdop>1.5</hdop>
      </trkpt>
      <trkpt lat="53.6717003" lon="23.7626232">
        <ele>156</ele>
        <time>2026-06-27T12:09:46Z</time>
        <hdop>2</hdop>
      </trkpt>
      <trkpt lat="53.6717003" lon="23.7626232">
        <ele>156</ele>
        <time>2026-06-27T12:09:57Z</time>
        <hdop>2</hdop>
      </trkpt>
      <trkpt lat="53.6717003" lon="23.7626232">
        <ele>156</ele>
        <time>2026-06-27T12:10:08Z</time>
        <hdop>2</hdop>
      </trkpt>
      <trkpt lat="53.6717003" lon="23.7626232">
        <ele>156</ele>
        <time>2026-06-27T12:10:19Z</time>
        <hdop>2</hdop>
      </trkpt>
      <trkpt lat="53.6717003" lon="23.7626232">
        <ele>156</ele>
        <time>2026-06-27T12:10:30Z</time>
        <hdop>2.5</hdop>
      </trkpt>
      <trkpt lat="53.6717003" lon="23.7626232">
        <ele>156</ele>
        <time>2026-06-27T12:10:42Z</time>
        <hdop>2</hdop>
      </trkpt>
      <trkpt lat="53.6717003" lon="23.7626232">
        <ele>156</ele>
        <time>2026-06-27T12:10:53Z</time>
        <hdop>2</hdop>
      </trkpt>
      <trkpt lat="53.6717003" lon="23.7626232">
        <ele>156</ele>
        <time>2026-06-27T12:11:04Z</time>
        <hdop>1.5</hdop>
      </trkpt>
      <trkpt lat="53.6717003" lon="23.7626232">
        <ele>156</ele>
        <time>2026-06-27T12:11:15Z</time>
        <hdop>2</hdop>
      </trkpt>
      <trkpt lat="53.6717003" lon="23.7626232">
        <ele>156</ele>
        <time>2026-06-27T12:11:26Z</time>
        <hdop>2</hdop>
      </trkpt>
      <trkpt lat="53.6717003" lon="23.7626232">
        <ele>156</ele>
        <time>2026-06-27T12:11:37Z</time>
        <hdop>2.5</hdop>
      </trkpt>
      <trkpt lat="53.6717003" lon="23.7626232">
        <ele>156</ele>
        <time>2026-06-27T12:11:48Z</time>
        <hdop>2</hdop>
      </trkpt>
      <trkpt lat="53.6717003" lon="23.7626232">
        <ele>156</ele>
        <time>2026-06-27T12:11:59Z</time>
        <hdop>2</hdop>
      </trkpt>
      <trkpt lat="53.6717013" lon="23.7624369">
        <ele>157</ele>
        <time>2026-06-27T12:12:10Z</time>
        <hdop>2</hdop>
        <extensions>
          <osmand:speed>3.1</osmand:speed>
        </extensions>
      </trkpt>
      <trkpt lat="53.6714958" lon="23.7620725">
        <ele>157</ele>
        <time>2026-06-27T12:12:21Z</time>
        <hdop>2</hdop>
        <extensions>
          <osmand:speed>3.8</osmand:speed>
        </extensions>
      </trkpt>
      <trkpt lat="53.671449" lon="23.7614702">
        <ele>157</ele>
        <time>2026-06-27T12:12:32Z</time>
        <hdop>1.5</hdop>
        <extensions>
          <osmand:speed>2.5</osmand:speed>
        </extensions>
      </trkpt>
      <trkpt lat="53.6710841" lon="23.761251">
        <ele>156</ele>
        <time>2026-06-27T12:12:43Z</time>
        <hdop>1.5</hdop>
        <extensions>
          <osmand:speed>5</osmand:speed>
        </extensions>
      </trkpt>
      <trkpt lat="53.6705195" lon="23.7612421">
        <ele>155</ele>
        <time>2026-06-27T12:12:54Z</time>
        <hdop>1.5</hdop>
        <extensions>
          <osmand:speed>6.2</osmand:speed>
        </extensions>
      </trkpt>
      <trkpt lat="53.6698979" lon="23.7612479">
        <ele>153</ele>
        <time>2026-06-27T12:13:05Z</time>
        <hdop>1.5</hdop>
        <extensions>
          <osmand:speed>5.9</osmand:speed>
        </extensions>
      </trkpt>
      <trkpt lat="53.6694734" lon="23.7616763">
        <ele>152</ele>
        <time>2026-06-27T12:13:16Z</time>
        <hdop>2</hdop>
        <extensions>
          <osmand:speed>7</osmand:speed>
        </extensions>
      </trkpt>
      <trkpt lat="53.6695511" lon="23.7627558">
        <ele>151</ele>
        <time>2026-06-27T12:13:27Z</time>
        <hdop>2</hdop>
        <extensions>
          <osmand:speed>6.6</osmand:speed>
        </extensions>
      </trkpt>
      <trkpt lat="53.6697685" lon="23.7638545">
        <ele>149</ele>
        <time>2026-06-27T12:13:38Z</time>
        <hdop>1.5</hdop>
        <extensions>
          <osmand:speed>6.9</osmand:speed>
        </extensions>
      </trkpt>
      <trkpt lat="53.6701196" lon="23.7647656">
        <ele>148</ele>
        <time>2026-06-27T12:13:49Z</time>
        <hdop>2</hdop>
        <extensions>
          <osmand:speed>6.5</osmand:speed>
        </extensions>
      </trkpt>
      <trkpt lat="53.6702846" lon="23.7657909">
        <ele>147</ele>
        <time>2026-06-27T12:14:00Z</time>
        <hdop>1.5</hdop>
        <extensions>
          <osmand:speed>6.5</osmand:speed>
        </extensions>
      </trkpt>
      <trkpt lat="53.6702585" lon="23.7669057">
        <ele>148</ele>
        <time>2026-06-27T12:14:11Z</time>
        <hdop>2</hdop>
        <extensions>
          <osmand:speed>6.8</osmand:speed>
        </extensions>
      </trkpt>
      <trkpt lat="53.6701373" lon="23.7680171">
        <ele>147</ele>
        <time>2026-06-27T12:14:22Z</time>
        <hdop>1.5</hdop>
        <extensions>
          <osmand:speed>6.6</osmand:speed>
        </extensions>
      </trkpt>
      <trkpt lat="53.6698856" lon="23.7690192">
        <ele>145</ele>
        <time>2026-06-27T12:14:33Z</time>
        <hdop>1.5</hdop>
        <extensions>
          <osmand:speed>6.4</osmand:speed>
        </extensions>
      </trkpt>
      <trkpt lat="53.6694865" lon="23.7698412">
        <ele>144</ele>
        <time>2026-06-27T12:14:44Z</time>
        <hdop>1.5</hdop>
        <extensions>
          <osmand:speed>6.4</osmand:speed>
        </extensions>
      </trkpt>
      <trkpt lat="53.669054" lon="23.7705843">
        <ele>144</ele>
        <time>2026-06-27T12:14:55Z</time>
        <hdop>1.5</hdop>
        <extensions>
          <osmand:speed>5.6</osmand:speed>
        </extensions>
      </trkpt>
      <trkpt lat="53.6686358" lon="23.7711454">
        <ele>144</ele>
        <time>2026-06-27T12:15:06Z</time>
        <hdop>1.5</hdop>
        <extensions>
          <osmand:speed>4.5</osmand:speed>
        </extensions>
      </trkpt>
      <trkpt lat="53.6685455" lon="23.7712003">
        <ele>144</ele>
        <time>2026-06-27T12:15:17Z</time>
        <hdop>2.5</hdop>
        <extensions>
          <osmand:speed>1.9</osmand:speed>
        </extensions>
      </trkpt>
      <trkpt lat="53.6686956" lon="23.7711046">
        <ele>144</ele>
        <time>2026-06-27T12:15:28Z</time>
        <hdop>2</hdop>
        <extensions>
          <osmand:speed>2.6</osmand:speed>
        </extensions>
      </trkpt>
      <trkpt lat="53.6687493" lon="23.771343">
        <ele>143</ele>
        <time>2026-06-27T12:15:39Z</time>
        <hdop>3</hdop>
        <extensions>
          <osmand:speed>3.4</osmand:speed>
        </extensions>
      </trkpt>
      <trkpt lat="53.6687739" lon="23.7716594">
        <ele>140</ele>
        <time>2026-06-27T12:15:50Z</time>
        <hdop>3</hdop>
        <extensions>
          <osmand:speed>0</osmand:speed>
        </extensions>
      </trkpt>
      <trkpt lat="53.6688111" lon="23.7717551">
        <ele>138</ele>
        <time>2026-06-27T12:16:01Z</time>
        <hdop>3</hdop>
        <extensions>
          <osmand:speed>1.1</osmand:speed>
        </extensions>
      </trkpt>
      <trkpt lat="53.6688343" lon="23.7719805">
        <ele>136</ele>
        <time>2026-06-27T12:16:12Z</time>
        <hdop>3.5</hdop>
      </trkpt>
      <trkpt lat="53.6687229" lon="23.7722121">
        <ele>138</ele>
        <time>2026-06-27T12:16:23Z</time>
        <hdop>3</hdop>
        <extensions>
          <osmand:speed>0.4</osmand:speed>
        </extensions>
      </trkpt>
      <trkpt lat="53.6686905" lon="23.7722955">
        <ele>137</ele>
        <time>2026-06-27T12:16:34Z</time>
        <hdop>2</hdop>
        <extensions>
          <osmand:speed>0.3</osmand:speed>
        </extensions>
      </trkpt>
      <trkpt lat="53.6686839" lon="23.7723248">
        <ele>137</ele>
        <time>2026-06-27T12:16:45Z</time>
        <hdop>2.5</hdop>
      </trkpt>
      <trkpt lat="53.6686839" lon="23.7723248">
        <ele>137</ele>
        <time>2026-06-27T12:16:56Z</time>
        <hdop>2</hdop>
      </trkpt>
      <trkpt lat="53.6686839" lon="23.7723248">
        <ele>137</ele>
        <time>2026-06-27T12:17:07Z</time>
        <hdop>2</hdop>
      </trkpt>
      <trkpt lat="53.6686839" lon="23.7723248">
        <ele>137</ele>
        <time>2026-06-27T12:17:18Z</time>
        <hdop>2</hdop>
      </trkpt>
      <trkpt lat="53.6686839" lon="23.7723248">
        <ele>137</ele>
        <time>2026-06-27T12:17:29Z</time>
        <hdop>2</hdop>
      </trkpt>
      <trkpt lat="53.6686801" lon="23.7723278">
        <ele>138</ele>
        <time>2026-06-27T12:17:40Z</time>
        <hdop>2</hdop>
      </trkpt>
      <trkpt lat="53.6686801" lon="23.7723278">
        <ele>138</ele>
        <time>2026-06-27T12:17:51Z</time>
        <hdop>2</hdop>
      </trkpt>
      <trkpt lat="53.6686801" lon="23.7723278">
        <ele>138</ele>
        <time>2026-06-27T12:18:02Z</time>
        <hdop>2</hdop>
      </trkpt>
      <trkpt lat="53.6686461" lon="23.772329">
        <ele>136</ele>
        <time>2026-06-27T12:18:13Z</time>
        <hdop>2</hdop>
        <extensions>
          <osmand:speed>0.3</osmand:speed>
        </extensions>
      </trkpt>
      <trkpt lat="53.6685967" lon="23.7724052">
        <ele>136</ele>
        <time>2026-06-27T12:18:24Z</time>
        <hdop>2.5</hdop>
        <extensions>
          <osmand:speed>0.4</osmand:speed>
        </extensions>
      </trkpt>
      <trkpt lat="53.6685546" lon="23.7724735">
        <ele>138</ele>
        <time>2026-06-27T12:18:35Z</time>
        <hdop>2</hdop>
        <extensions>
          <osmand:speed>0.7</osmand:speed>
        </extensions>
      </trkpt>
      <trkpt lat="53.6684537" lon="23.7725721">
        <ele>137</ele>
        <time>2026-06-27T12:18:46Z</time>
        <hdop>2.5</hdop>
        <extensions>
          <osmand:speed>0.7</osmand:speed>
        </extensions>
      </trkpt>
      <trkpt lat="53.6683802" lon="23.7727234">
        <ele>135</ele>
        <time>2026-06-27T12:18:57Z</time>
        <hdop>2</hdop>
        <extensions>
          <osmand:speed>1</osmand:speed>
        </extensions>
      </trkpt>
      <trkpt lat="53.6682954" lon="23.7728926">
        <ele>133</ele>
        <time>2026-06-27T12:19:08Z</time>
        <hdop>2</hdop>
      </trkpt>
      <trkpt lat="53.6682168" lon="23.7729836">
        <ele>134</ele>
        <time>2026-06-27T12:19:19Z</time>
        <hdop>2</hdop>
        <extensions>
          <osmand:speed>2.2</osmand:speed>
        </extensions>
      </trkpt>
      <trkpt lat="53.6679678" lon="23.7727584">
        <ele>129</ele>
        <time>2026-06-27T12:19:30Z</time>
        <hdop>2.5</hdop>
        <extensions>
          <osmand:speed>3.3</osmand:speed>
        </extensions>
      </trkpt>
      <trkpt lat="53.667781" lon="23.7721815">
        <ele>132</ele>
        <time>2026-06-27T12:19:41Z</time>
        <hdop>2</hdop>
        <extensions>
          <osmand:speed>4.3</osmand:speed>
        </extensions>
      </trkpt>
      <trkpt lat="53.6673888" lon="23.7715891">
        <ele>130</ele>
        <time>2026-06-27T12:19:52Z</time>
        <hdop>1.5</hdop>
        <extensions>
          <osmand:speed>4.5</osmand:speed>
        </extensions>
      </trkpt>
      <trkpt lat="53.6671087" lon="23.7713886">
        <ele>130</ele>
        <time>2026-06-27T12:20:03Z</time>
        <hdop>2</hdop>
        <extensions>
          <osmand:speed>0.2</osmand:speed>
        </extensions>
      </trkpt>
      <trkpt lat="53.6670359" lon="23.7714629">
        <ele>130</ele>
        <time>2026-06-27T12:20:14Z</time>
        <hdop>2</hdop>
      </trkpt>
      <trkpt lat="53.6670359" lon="23.7714629">
        <ele>130</ele>
        <time>2026-06-27T12:20:25Z</time>
        <hdop>2</hdop>
      </trkpt>
      <trkpt lat="53.6670359" lon="23.7714629">
        <ele>130</ele>
        <time>2026-06-27T12:20:36Z</time>
        <hdop>2.5</hdop>
      </trkpt>
      <trkpt lat="53.6670359" lon="23.7714629">
        <ele>130</ele>
        <time>2026-06-27T12:20:47Z</time>
        <hdop>2.5</hdop>
      </trkpt>
      <trkpt lat="53.6670359" lon="23.7714629">
        <ele>130</ele>
        <time>2026-06-27T12:20:58Z</time>
        <hdop>2</hdop>
      </trkpt>
      <trkpt lat="53.6670359" lon="23.7714629">
        <ele>130</ele>
        <time>2026-06-27T12:21:09Z</time>
        <hdop>2</hdop>
      </trkpt>
      <trkpt lat="53.6669964" lon="23.7714366">
        <ele>128</ele>
        <time>2026-06-27T12:21:20Z</time>
        <hdop>2.5</hdop>
        <extensions>
          <osmand:speed>0.3</osmand:speed>
        </extensions>
      </trkpt>
      <trkpt lat="53.6670562" lon="23.7714455">
        <ele>128</ele>
        <time>2026-06-27T12:21:31Z</time>
        <hdop>3.5</hdop>
        <extensions>
          <osmand:speed>0.6</osmand:speed>
        </extensions>
      </trkpt>
      <trkpt lat="53.6670096" lon="23.7714338">
        <ele>129</ele>
        <time>2026-06-27T12:21:42Z</time>
        <hdop>3</hdop>
        <extensions>
          <osmand:speed>0.9</osmand:speed>
        </extensions>
      </trkpt>
      <trkpt lat="53.6670064" lon="23.7714166">
        <ele>129</ele>
        <time>2026-06-27T12:21:53Z</time>
        <hdop>2.5</hdop>
        <extensions>
          <osmand:speed>1.1</osmand:speed>
        </extensions>
      </trkpt>
      <trkpt lat="53.6669994" lon="23.7714269">
        <ele>129</ele>
        <time>2026-06-27T12:22:04Z</time>
        <hdop>2</hdop>
      </trkpt>
      <trkpt lat="53.6670083" lon="23.7714292">
        <ele>129</ele>
        <time>2026-06-27T12:22:15Z</time>
        <hdop>2</hdop>
      </trkpt>
      <trkpt lat="53.6669714" lon="23.7714496">
        <ele>128</ele>
        <time>2026-06-27T12:22:26Z</time>
        <hdop>2.5</hdop>
        <extensions>
          <osmand:speed>1.5</osmand:speed>
        </extensions>
      </trkpt>
      <trkpt lat="53.6668432" lon="23.771713">
        <ele>126</ele>
        <time>2026-06-27T12:22:37Z</time>
        <hdop>4.5</hdop>
        <extensions>
          <osmand:speed>1.9</osmand:speed>
        </extensions>
      </trkpt>
      <trkpt lat="53.6669268" lon="23.7720473">
        <ele>125</ele>
        <time>2026-06-27T12:22:48Z</time>
        <hdop>3.5</hdop>
        <extensions>
          <osmand:speed>1.6</osmand:speed>
        </extensions>
      </trkpt>
      <trkpt lat="53.6669926" lon="23.7722732">
        <ele>125</ele>
        <time>2026-06-27T12:22:59Z</time>
        <hdop>4.5</hdop>
        <extensions>
          <osmand:speed>1</osmand:speed>
        </extensions>
      </trkpt>
      <trkpt lat="53.6669854" lon="23.7724987">
        <ele>128</ele>
        <time>2026-06-27T12:23:10Z</time>
        <hdop>2.5</hdop>
        <extensions>
          <osmand:speed>1.3</osmand:speed>
        </extensions>
      </trkpt>
      <trkpt lat="53.6670327" lon="23.7727644">
        <ele>129</ele>
        <time>2026-06-27T12:23:21Z</time>
        <hdop>2</hdop>
        <extensions>
          <osmand:speed>1.6</osmand:speed>
        </extensions>
      </trkpt>
      <trkpt lat="53.6671792" lon="23.7729401">
        <ele>127</ele>
        <time>2026-06-27T12:23:32Z</time>
        <hdop>4</hdop>
        <extensions>
          <osmand:speed>1.8</osmand:speed>
        </extensions>
      </trkpt>
      <trkpt lat="53.667387" lon="23.7732324">
        <ele>123</ele>
        <time>2026-06-27T12:23:43Z</time>
        <hdop>4</hdop>
        <extensions>
          <osmand:speed>1.7</osmand:speed>
        </extensions>
      </trkpt>
      <trkpt lat="53.6675066" lon="23.7735572">
        <ele>119</ele>
        <time>2026-06-27T12:23:54Z</time>
        <hdop>5</hdop>
        <extensions>
          <osmand:speed>1.1</osmand:speed>
        </extensions>
      </trkpt>
      <trkpt lat="53.6675452" lon="23.7738069">
        <ele>117</ele>
        <time>2026-06-27T12:24:05Z</time>
        <hdop>4.5</hdop>
      </trkpt>
      <trkpt lat="53.6676215" lon="23.7742017">
        <ele>113</ele>
        <time>2026-06-27T12:24:16Z</time>
        <hdop>4</hdop>
        <extensions>
          <osmand:speed>1.5</osmand:speed>
        </extensions>
      </trkpt>
      <trkpt lat="53.6677026" lon="23.774512">
        <ele>112</ele>
        <time>2026-06-27T12:24:27Z</time>
        <hdop>3</hdop>
        <extensions>
          <osmand:speed>0.9</osmand:speed>
        </extensions>
      </trkpt>
      <trkpt lat="53.6677828" lon="23.7749519">
        <ele>112</ele>
        <time>2026-06-27T12:24:38Z</time>
        <hdop>4.5</hdop>
        <extensions>
          <osmand:speed>1.4</osmand:speed>
        </extensions>
      </trkpt>
      <trkpt lat="53.6678992" lon="23.7752828">
        <ele>116</ele>
        <time>2026-06-27T12:24:49Z</time>
        <hdop>4.5</hdop>
        <extensions>
          <osmand:speed>1.6</osmand:speed>
        </extensions>
      </trkpt>
      <trkpt lat="53.667999" lon="23.7756284">
        <ele>114</ele>
        <time>2026-06-27T12:25:00Z</time>
        <hdop>5</hdop>
        <extensions>
          <osmand:speed>1.5</osmand:speed>
        </extensions>
      </trkpt>
      <trkpt lat="53.6681481" lon="23.7758433">
        <ele>118</ele>
        <time>2026-06-27T12:25:11Z</time>
        <hdop>5.5</hdop>
        <extensions>
          <osmand:speed>1.2</osmand:speed>
        </extensions>
      </trkpt>
      <trkpt lat="53.6682974" lon="23.7759535">
        <ele>117</ele>
        <time>2026-06-27T12:25:22Z</time>
        <hdop>3.5</hdop>
        <extensions>
          <osmand:speed>0.8</osmand:speed>
        </extensions>
      </trkpt>
      <trkpt lat="53.6684473" lon="23.7758535">
        <ele>117</ele>
        <time>2026-06-27T12:25:33Z</time>
        <hdop>4</hdop>
        <extensions>
          <osmand:speed>1.4</osmand:speed>
        </extensions>
      </trkpt>
      <trkpt lat="53.668521" lon="23.7757537">
        <ele>120</ele>
        <time>2026-06-27T12:25:44Z</time>
        <hdop>4</hdop>
      </trkpt>
      <trkpt lat="53.6686192" lon="23.7756377">
        <ele>124</ele>
        <time>2026-06-27T12:25:55Z</time>
        <hdop>5</hdop>
        <extensions>
          <osmand:speed>1.1</osmand:speed>
        </extensions>
      </trkpt>
      <trkpt lat="53.6687584" lon="23.7754631">
        <ele>124</ele>
        <time>2026-06-27T12:26:06Z</time>
        <hdop>5.5</hdop>
        <extensions>
          <osmand:speed>0.7</osmand:speed>
        </extensions>
      </trkpt>
      <trkpt lat="53.6688373" lon="23.775294">
        <ele>120</ele>
        <time>2026-06-27T12:26:17Z</time>
        <hdop>4.5</hdop>
      </trkpt>
      <trkpt lat="53.6688438" lon="23.7751749">
        <ele>120</ele>
        <time>2026-06-27T12:26:28Z</time>
        <hdop>4.5</hdop>
        <extensions>
          <osmand:speed>0</osmand:speed>
        </extensions>
      </trkpt>
      <trkpt lat="53.668857" lon="23.7751761">
        <ele>120</ele>
        <time>2026-06-27T12:26:39Z</time>
        <hdop>3.5</hdop>
      </trkpt>
      <trkpt lat="53.668857" lon="23.7751761">
        <ele>120</ele>
        <time>2026-06-27T12:26:50Z</time>
        <hdop>3.5</hdop>
      </trkpt>
      <trkpt lat="53.668857" lon="23.7751761">
        <ele>120</ele>
        <time>2026-06-27T12:27:01Z</time>
        <hdop>2.5</hdop>
      </trkpt>
      <trkpt lat="53.6688732" lon="23.7751928">
        <ele>123</ele>
        <time>2026-06-27T12:27:12Z</time>
        <hdop>3</hdop>
      </trkpt>
      <trkpt lat="53.6688732" lon="23.7751928">
        <ele>123</ele>
        <time>2026-06-27T12:27:23Z</time>
        <hdop>3.5</hdop>
      </trkpt>
      <trkpt lat="53.6688187" lon="23.7753986">
        <ele>124</ele>
        <time>2026-06-27T12:27:34Z</time>
        <hdop>4</hdop>
        <extensions>
          <osmand:speed>1</osmand:speed>
        </extensions>
      </trkpt>
      <trkpt lat="53.6686826" lon="23.7756315">
        <ele>122</ele>
        <time>2026-06-27T12:27:45Z</time>
        <hdop>3</hdop>
        <extensions>
          <osmand:speed>1.9</osmand:speed>
        </extensions>
      </trkpt>
      <trkpt lat="53.6684413" lon="23.775977">
        <ele>125</ele>
        <time>2026-06-27T12:27:56Z</time>
        <hdop>3.5</hdop>
        <extensions>
          <osmand:speed>2.9</osmand:speed>
        </extensions>
      </trkpt>
      <trkpt lat="53.6682714" lon="23.775979">
        <ele>129</ele>
        <time>2026-06-27T12:28:07Z</time>
        <hdop>4.5</hdop>
        <extensions>
          <osmand:speed>1.4</osmand:speed>
        </extensions>
      </trkpt>
      <trkpt lat="53.6681371" lon="23.7760783">
        <ele>133</ele>
        <time>2026-06-27T12:28:18Z</time>
        <hdop>3.5</hdop>
        <extensions>
          <osmand:speed>0.9</osmand:speed>
        </extensions>
      </trkpt>
      <trkpt lat="53.6680479" lon="23.7760942">
        <ele>134</ele>
        <time>2026-06-27T12:28:29Z</time>
        <hdop>3.5</hdop>
        <extensions>
          <osmand:speed>0.7</osmand:speed>
        </extensions>
      </trkpt>
      <trkpt lat="53.6679215" lon="23.7760691">
        <ele>137</ele>
        <time>2026-06-27T12:28:40Z</time>
        <hdop>3</hdop>
        <extensions>
          <osmand:speed>1</osmand:speed>
        </extensions>
      </trkpt>
      <trkpt lat="53.6678056" lon="23.7760592">
        <ele>142</ele>
        <time>2026-06-27T12:28:51Z</time>
        <hdop>2</hdop>
        <extensions>
          <osmand:speed>0</osmand:speed>
        </extensions>
      </trkpt>
      <trkpt lat="53.6677668" lon="23.7762305">
        <ele>141</ele>
        <time>2026-06-27T12:29:02Z</time>
        <hdop>2.5</hdop>
        <extensions>
          <osmand:speed>1.2</osmand:speed>
        </extensions>
      </trkpt>
      <trkpt lat="53.6676125" lon="23.7764072">
        <ele>143</ele>
        <time>2026-06-27T12:29:13Z</time>
        <hdop>3.5</hdop>
        <extensions>
          <osmand:speed>2.5</osmand:speed>
        </extensions>
      </trkpt>
      <trkpt lat="53.6673767" lon="23.7765313">
        <ele>140</ele>
        <time>2026-06-27T12:29:24Z</time>
        <hdop>3.5</hdop>
        <extensions>
          <osmand:speed>0.8</osmand:speed>
        </extensions>
      </trkpt>
      <trkpt lat="53.667342" lon="23.7765768">
        <ele>140</ele>
        <time>2026-06-27T12:29:35Z</time>
        <hdop>4.5</hdop>
        <extensions>
          <osmand:speed>1.8</osmand:speed>
        </extensions>
      </trkpt>
      <trkpt lat="53.6673004" lon="23.7766792">
        <ele>140</ele>
        <time>2026-06-27T12:29:46Z</time>
        <hdop>3.5</hdop>
        <extensions>
          <osmand:speed>1.3</osmand:speed>
        </extensions>
      </trkpt>
      <trkpt lat="53.6673146" lon="23.7767569">
        <ele>141</ele>
        <time>2026-06-27T12:29:57Z</time>
        <hdop>4</hdop>
      </trkpt>
      <trkpt lat="53.6673146" lon="23.7767569">
        <ele>141</ele>
        <time>2026-06-27T12:30:08Z</time>
        <hdop>3.5</hdop>
      </trkpt>
      <trkpt lat="53.6673169" lon="23.776768">
        <ele>141</ele>
        <time>2026-06-27T12:30:19Z</time>
        <hdop>3</hdop>
        <extensions>
          <osmand:speed>0.7</osmand:speed>
        </extensions>
      </trkpt>
      <trkpt lat="53.6672044" lon="23.776917">
        <ele>142</ele>
        <time>2026-06-27T12:30:30Z</time>
        <hdop>2.5</hdop>
        <extensions>
          <osmand:speed>1.4</osmand:speed>
        </extensions>
      </trkpt>
      <trkpt lat="53.6670224" lon="23.7768297">
        <ele>144</ele>
        <time>2026-06-27T12:30:41Z</time>
        <hdop>2</hdop>
        <extensions>
          <osmand:speed>1.7</osmand:speed>
        </extensions>
      </trkpt>
      <trkpt lat="53.6668705" lon="23.7766922">
        <ele>144</ele>
        <time>2026-06-27T12:30:52Z</time>
        <hdop>2</hdop>
        <extensions>
          <osmand:speed>1.8</osmand:speed>
        </extensions>
      </trkpt>
      <trkpt lat="53.6666891" lon="23.7765592">
        <ele>143</ele>
        <time>2026-06-27T12:31:03Z</time>
        <hdop>2</hdop>
        <extensions>
          <osmand:speed>2.5</osmand:speed>
        </extensions>
      </trkpt>
      <trkpt lat="53.6664851" lon="23.776957">
        <ele>143</ele>
        <time>2026-06-27T12:31:14Z</time>
        <hdop>3.5</hdop>
        <extensions>
          <osmand:speed>3</osmand:speed>
        </extensions>
      </trkpt>
      <trkpt lat="53.6661437" lon="23.7769133">
        <ele>144</ele>
        <time>2026-06-27T12:31:25Z</time>
        <hdop>3</hdop>
        <extensions>
          <osmand:speed>2.9</osmand:speed>
        </extensions>
      </trkpt>
      <trkpt lat="53.66587" lon="23.7770774">
        <ele>144</ele>
        <time>2026-06-27T12:31:36Z</time>
        <hdop>3.5</hdop>
        <extensions>
          <osmand:speed>1.8</osmand:speed>
        </extensions>
      </trkpt>
      <trkpt lat="53.6655573" lon="23.7772221">
        <ele>143</ele>
        <time>2026-06-27T12:31:47Z</time>
        <hdop>3.5</hdop>
        <extensions>
          <osmand:speed>2.6</osmand:speed>
        </extensions>
      </trkpt>
      <trkpt lat="53.6652998" lon="23.7774407">
        <ele>143</ele>
        <time>2026-06-27T12:31:58Z</time>
        <hdop>3</hdop>
        <extensions>
          <osmand:speed>2.8</osmand:speed>
        </extensions>
      </trkpt>
      <trkpt lat="53.6650097" lon="23.777623">
        <ele>144</ele>
        <time>2026-06-27T12:32:09Z</time>
        <hdop>3.5</hdop>
        <extensions>
          <osmand:speed>3</osmand:speed>
        </extensions>
      </trkpt>
      <trkpt lat="53.6648396" lon="23.7777016">
        <ele>145</ele>
        <time>2026-06-27T12:32:20Z</time>
        <hdop>3</hdop>
        <extensions>
          <osmand:speed>1.4</osmand:speed>
        </extensions>
      </trkpt>
      <trkpt lat="53.6647427" lon="23.7776006">
        <ele>146</ele>
        <time>2026-06-27T12:32:31Z</time>
        <hdop>3.5</hdop>
      </trkpt>
      <trkpt lat="53.6646237" lon="23.7777262">
        <ele>144</ele>
        <time>2026-06-27T12:32:42Z</time>
        <hdop>3</hdop>
        <extensions>
          <osmand:speed>1.6</osmand:speed>
        </extensions>
      </trkpt>
      <trkpt lat="53.6644872" lon="23.7775491">
        <ele>145</ele>
        <time>2026-06-27T12:32:53Z</time>
        <hdop>3</hdop>
        <extensions>
          <osmand:speed>1.8</osmand:speed>
        </extensions>
      </trkpt>
      <trkpt lat="53.6643421" lon="23.7774286">
        <ele>145</ele>
        <time>2026-06-27T12:33:04Z</time>
        <hdop>3</hdop>
        <extensions>
          <osmand:speed>1</osmand:speed>
        </extensions>
      </trkpt>
      <trkpt lat="53.6643776" lon="23.7774626">
        <ele>144</ele>
        <time>2026-06-27T12:33:15Z</time>
        <hdop>3</hdop>
        <extensions>
          <osmand:speed>1</osmand:speed>
        </extensions>
      </trkpt>
      <trkpt lat="53.6643721" lon="23.7775165">
        <ele>144</ele>
        <time>2026-06-27T12:33:26Z</time>
        <hdop>3</hdop>
      </trkpt>
      <trkpt lat="53.6643407" lon="23.7775765">
        <ele>146</ele>
        <time>2026-06-27T12:33:37Z</time>
        <hdop>2.5</hdop>
        <extensions>
          <osmand:speed>1.8</osmand:speed>
        </extensions>
      </trkpt>
      <trkpt lat="53.6642001" lon="23.777598">
        <ele>147</ele>
        <time>2026-06-27T12:33:48Z</time>
        <hdop>2.5</hdop>
        <extensions>
          <osmand:speed>1.6</osmand:speed>
        </extensions>
      </trkpt>
      <trkpt lat="53.664051" lon="23.7774499">
        <ele>146</ele>
        <time>2026-06-27T12:33:59Z</time>
        <hdop>3</hdop>
        <extensions>
          <osmand:speed>1.3</osmand:speed>
        </extensions>
      </trkpt>
      <trkpt lat="53.6639385" lon="23.7776497">
        <ele>146</ele>
        <time>2026-06-27T12:34:10Z</time>
        <hdop>4</hdop>
        <extensions>
          <osmand:speed>1.5</osmand:speed>
        </extensions>
      </trkpt>
      <trkpt lat="53.6637753" lon="23.7777558">
        <ele>146</ele>
        <time>2026-06-27T12:34:21Z</time>
        <hdop>4</hdop>
        <extensions>
          <osmand:speed>0.9</osmand:speed>
        </extensions>
      </trkpt>
      <trkpt lat="53.6635956" lon="23.7777982">
        <ele>148</ele>
        <time>2026-06-27T12:34:32Z</time>
        <hdop>3</hdop>
        <extensions>
          <osmand:speed>0.8</osmand:speed>
        </extensions>
      </trkpt>
      <trkpt lat="53.6634584" lon="23.7777574">
        <ele>153</ele>
        <time>2026-06-27T12:34:43Z</time>
        <hdop>4</hdop>
        <extensions>
          <osmand:speed>1.3</osmand:speed>
        </extensions>
      </trkpt>
      <trkpt lat="53.6633044" lon="23.7778617">
        <ele>152</ele>
        <time>2026-06-27T12:34:54Z</time>
        <hdop>4.5</hdop>
        <extensions>
          <osmand:speed>1.3</osmand:speed>
        </extensions>
      </trkpt>
      <trkpt lat="53.6631747" lon="23.7781185">
        <ele>153</ele>
        <time>2026-06-27T12:35:05Z</time>
        <hdop>4</hdop>
        <extensions>
          <osmand:speed>1.4</osmand:speed>
        </extensions>
      </trkpt>
      <trkpt lat="53.6630936" lon="23.7783775">
        <ele>152</ele>
        <time>2026-06-27T12:35:16Z</time>
        <hdop>3.5</hdop>
        <extensions>
          <osmand:speed>1.3</osmand:speed>
        </extensions>
      </trkpt>
      <trkpt lat="53.6629742" lon="23.7786248">
        <ele>151</ele>
        <time>2026-06-27T12:35:27Z</time>
        <hdop>3</hdop>
        <extensions>
          <osmand:speed>1.7</osmand:speed>
        </extensions>
      </trkpt>
      <trkpt lat="53.6628861" lon="23.7788826">
        <ele>153</ele>
        <time>2026-06-27T12:35:38Z</time>
        <hdop>3.5</hdop>
        <extensions>
          <osmand:speed>1.9</osmand:speed>
        </extensions>
      </trkpt>
      <trkpt lat="53.6628004" lon="23.779082">
        <ele>152</ele>
        <time>2026-06-27T12:35:49Z</time>
        <hdop>3</hdop>
        <extensions>
          <osmand:speed>1.3</osmand:speed>
        </extensions>
      </trkpt>
      <trkpt lat="53.6626955" lon="23.7792782">
        <ele>154</ele>
        <time>2026-06-27T12:36:00Z</time>
        <hdop>3</hdop>
        <extensions>
          <osmand:speed>1.7</osmand:speed>
        </extensions>
      </trkpt>
      <trkpt lat="53.6625981" lon="23.779525">
        <ele>155</ele>
        <time>2026-06-27T12:36:11Z</time>
        <hdop>2.5</hdop>
        <extensions>
          <osmand:speed>1.7</osmand:speed>
        </extensions>
      </trkpt>
      <trkpt lat="53.6625359" lon="23.7797681">
        <ele>156</ele>
        <time>2026-06-27T12:36:22Z</time>
        <hdop>3</hdop>
        <extensions>
          <osmand:speed>0.6</osmand:speed>
        </extensions>
      </trkpt>
      <trkpt lat="53.6625471" lon="23.7797415">
        <ele>157</ele>
        <time>2026-06-27T12:36:33Z</time>
        <hdop>3.5</hdop>
        <extensions>
          <osmand:speed>0.8</osmand:speed>
        </extensions>
      </trkpt>
      <trkpt lat="53.6625937" lon="23.7796735">
        <ele>155</ele>
        <time>2026-06-27T12:36:44Z</time>
        <hdop>3</hdop>
        <extensions>
          <osmand:speed>0.9</osmand:speed>
        </extensions>
      </trkpt>
      <trkpt lat="53.6625723" lon="23.7792152">
        <ele>153</ele>
        <time>2026-06-27T12:36:55Z</time>
        <hdop>3</hdop>
        <extensions>
          <osmand:speed>2.9</osmand:speed>
        </extensions>
      </trkpt>
      <trkpt lat="53.6624086" lon="23.778826">
        <ele>153</ele>
        <time>2026-06-27T12:37:06Z</time>
        <hdop>3</hdop>
        <extensions>
          <osmand:speed>2.8</osmand:speed>
        </extensions>
      </trkpt>
      <trkpt lat="53.6622759" lon="23.7783729">
        <ele>151</ele>
        <time>2026-06-27T12:37:17Z</time>
        <hdop>3</hdop>
        <extensions>
          <osmand:speed>2.8</osmand:speed>
        </extensions>
      </trkpt>
      <trkpt lat="53.6620848" lon="23.7780591">
        <ele>150</ele>
        <time>2026-06-27T12:37:28Z</time>
        <hdop>3</hdop>
        <extensions>
          <osmand:speed>3</osmand:speed>
        </extensions>
      </trkpt>
      <trkpt lat="53.6617704" lon="23.777896">
        <ele>149</ele>
        <time>2026-06-27T12:37:39Z</time>
        <hdop>3</hdop>
        <extensions>
          <osmand:speed>3.4</osmand:speed>
        </extensions>
      </trkpt>
      <trkpt lat="53.6615933" lon="23.7775662">
        <ele>147</ele>
        <time>2026-06-27T12:37:50Z</time>
        <hdop>2.5</hdop>
        <extensions>
          <osmand:speed>3.8</osmand:speed>
        </extensions>
      </trkpt>
      <trkpt lat="53.6614167" lon="23.777129">
        <ele>147</ele>
        <time>2026-06-27T12:38:01Z</time>
        <hdop>2.5</hdop>
        <extensions>
          <osmand:speed>2.9</osmand:speed>
        </extensions>
      </trkpt>
      <trkpt lat="53.6612436" lon="23.776667">
        <ele>147</ele>
        <time>2026-06-27T12:38:12Z</time>
        <hdop>2.5</hdop>
        <extensions>
          <osmand:speed>3.3</osmand:speed>
        </extensions>
      </trkpt>
      <trkpt lat="53.6609758" lon="23.7763349">
        <ele>148</ele>
        <time>2026-06-27T12:38:23Z</time>
        <hdop>2</hdop>
        <extensions>
          <osmand:speed>3.3</osmand:speed>
        </extensions>
      </trkpt>
      <trkpt lat="53.6606849" lon="23.7760668">
        <ele>150</ele>
        <time>2026-06-27T12:38:34Z</time>
        <hdop>2.5</hdop>
        <extensions>
          <osmand:speed>2.1</osmand:speed>
        </extensions>
      </trkpt>
      <trkpt lat="53.6605535" lon="23.7759245">
        <ele>150</ele>
        <time>2026-06-27T12:38:45Z</time>
        <hdop>3.5</hdop>
        <extensions>
          <osmand:speed>1.3</osmand:speed>
        </extensions>
      </trkpt>
      <trkpt lat="53.660416" lon="23.7757797">
        <ele>149</ele>
        <time>2026-06-27T12:38:56Z</time>
        <hdop>4.5</hdop>
        <extensions>
          <osmand:speed>1.5</osmand:speed>
        </extensions>
      </trkpt>
      <trkpt lat="53.6603412" lon="23.7757323">
        <ele>149</ele>
        <time>2026-06-27T12:39:07Z</time>
        <hdop>3.5</hdop>
        <extensions>
          <osmand:speed>1.4</osmand:speed>
        </extensions>
      </trkpt>
      <trkpt lat="53.660185" lon="23.7755979">
        <ele>151</ele>
        <time>2026-06-27T12:39:18Z</time>
        <hdop>3.5</hdop>
        <extensions>
          <osmand:speed>1.6</osmand:speed>
        </extensions>
      </trkpt>
      <trkpt lat="53.660041" lon="23.7754687">
        <ele>148</ele>
        <time>2026-06-27T12:39:29Z</time>
        <hdop>3</hdop>
        <extensions>
          <osmand:speed>1.2</osmand:speed>
        </extensions>
      </trkpt>
      <trkpt lat="53.6598868" lon="23.7753256">
        <ele>149</ele>
        <time>2026-06-27T12:39:40Z</time>
        <hdop>4</hdop>
        <extensions>
          <osmand:speed>2.4</osmand:speed>
        </extensions>
      </trkpt>
      <trkpt lat="53.659551" lon="23.7750715">
        <ele>147</ele>
        <time>2026-06-27T12:39:51Z</time>
        <hdop>3</hdop>
        <extensions>
          <osmand:speed>3.2</osmand:speed>
        </extensions>
      </trkpt>
      <trkpt lat="53.6592358" lon="23.7748386">
        <ele>148</ele>
        <time>2026-06-27T12:40:02Z</time>
        <hdop>2.5</hdop>
        <extensions>
          <osmand:speed>2.8</osmand:speed>
        </extensions>
      </trkpt>
      <trkpt lat="53.659004" lon="23.7746512">
        <ele>147</ele>
        <time>2026-06-27T12:40:13Z</time>
        <hdop>2.5</hdop>
        <extensions>
          <osmand:speed>1.6</osmand:speed>
        </extensions>
      </trkpt>
      <trkpt lat="53.6588853" lon="23.7745234">
        <ele>149</ele>
        <time>2026-06-27T12:40:24Z</time>
        <hdop>3</hdop>
        <extensions>
          <osmand:speed>1.6</osmand:speed>
        </extensions>
      </trkpt>
      <trkpt lat="53.6587623" lon="23.7743862">
        <ele>148</ele>
        <time>2026-06-27T12:40:35Z</time>
        <hdop>3</hdop>
        <extensions>
          <osmand:speed>0.9</osmand:speed>
        </extensions>
      </trkpt>
      <trkpt lat="53.6587381" lon="23.7744101">
        <ele>146</ele>
        <time>2026-06-27T12:40:46Z</time>
        <hdop>3</hdop>
      </trkpt>
      <trkpt lat="53.6587381" lon="23.7744101">
        <ele>146</ele>
        <time>2026-06-27T12:40:57Z</time>
        <hdop>2</hdop>
      </trkpt>
      <trkpt lat="53.6587381" lon="23.7744101">
        <ele>146</ele>
        <time>2026-06-27T12:41:08Z</time>
        <hdop>2.5</hdop>
      </trkpt>
      <trkpt lat="53.6587381" lon="23.7744101">
        <ele>146</ele>
        <time>2026-06-27T12:41:19Z</time>
        <hdop>3</hdop>
      </trkpt>
      <trkpt lat="53.6587381" lon="23.7744101">
        <ele>146</ele>
        <time>2026-06-27T12:41:30Z</time>
        <hdop>2.5</hdop>
      </trkpt>
      <trkpt lat="53.6587381" lon="23.7744101">
        <ele>146</ele>
        <time>2026-06-27T12:41:41Z</time>
        <hdop>2</hdop>
      </trkpt>
      <trkpt lat="53.6587381" lon="23.7744101">
        <ele>146</ele>
        <time>2026-06-27T12:41:52Z</time>
        <hdop>2.5</hdop>
      </trkpt>
      <trkpt lat="53.6587622" lon="23.7744074">
        <ele>144</ele>
        <time>2026-06-27T12:42:03Z</time>
        <hdop>2</hdop>
        <extensions>
          <osmand:speed>0.1</osmand:speed>
        </extensions>
      </trkpt>
      <trkpt lat="53.658753" lon="23.7743323">
        <ele>143</ele>
        <time>2026-06-27T12:42:14Z</time>
        <hdop>3</hdop>
        <extensions>
          <osmand:speed>1.1</osmand:speed>
        </extensions>
      </trkpt>
      <trkpt lat="53.6587426" lon="23.7742498">
        <ele>140</ele>
        <time>2026-06-27T12:42:25Z</time>
        <hdop>3</hdop>
      </trkpt>
      <trkpt lat="53.6586971" lon="23.7741765">
        <ele>137</ele>
        <time>2026-06-27T12:42:36Z</time>
        <hdop>3</hdop>
        <extensions>
          <osmand:speed>1.1</osmand:speed>
        </extensions>
      </trkpt>
      <trkpt lat="53.6586186" lon="23.7739039">
        <ele>138</ele>
        <time>2026-06-27T12:42:47Z</time>
        <hdop>2</hdop>
        <extensions>
          <osmand:speed>1.7</osmand:speed>
        </extensions>
      </trkpt>
      <trkpt lat="53.6585652" lon="23.773597">
        <ele>140</ele>
        <time>2026-06-27T12:42:58Z</time>
        <hdop>2</hdop>
        <extensions>
          <osmand:speed>1.4</osmand:speed>
        </extensions>
      </trkpt>
      <trkpt lat="53.6585044" lon="23.7733102">
        <ele>140</ele>
        <time>2026-06-27T12:43:09Z</time>
        <hdop>2.5</hdop>
        <extensions>
          <osmand:speed>1.5</osmand:speed>
        </extensions>
      </trkpt>
      <trkpt lat="53.658459" lon="23.7729978">
        <ele>139</ele>
        <time>2026-06-27T12:43:20Z</time>
        <hdop>2</hdop>
        <extensions>
          <osmand:speed>1.6</osmand:speed>
        </extensions>
      </trkpt>
      <trkpt lat="53.6584021" lon="23.7727368">
        <ele>138</ele>
        <time>2026-06-27T12:43:31Z</time>
        <hdop>2.5</hdop>
        <extensions>
          <osmand:speed>1.5</osmand:speed>
        </extensions>
      </trkpt>
      <trkpt lat="53.6583616" lon="23.7724365">
        <ele>138</ele>
        <time>2026-06-27T12:43:42Z</time>
        <hdop>2.5</hdop>
        <extensions>
          <osmand:speed>1.4</osmand:speed>
        </extensions>
      </trkpt>
      <trkpt lat="53.658308" lon="23.7721431">
        <ele>140</ele>
        <time>2026-06-27T12:43:53Z</time>
        <hdop>2.5</hdop>
        <extensions>
          <osmand:speed>1.4</osmand:speed>
        </extensions>
      </trkpt>
      <trkpt lat="53.6582614" lon="23.7718677">
        <ele>139</ele>
        <time>2026-06-27T12:44:04Z</time>
        <hdop>2.5</hdop>
        <extensions>
          <osmand:speed>1.4</osmand:speed>
        </extensions>
      </trkpt>
      <trkpt lat="53.6582278" lon="23.7716226">
        <ele>142</ele>
        <time>2026-06-27T12:44:15Z</time>
        <hdop>2.5</hdop>
        <extensions>
          <osmand:speed>1</osmand:speed>
        </extensions>
      </trkpt>
      <trkpt lat="53.6582036" lon="23.7714713">
        <ele>138</ele>
        <time>2026-06-27T12:44:26Z</time>
        <hdop>3</hdop>
        <extensions>
          <osmand:speed>2.6</osmand:speed>
        </extensions>
      </trkpt>
      <trkpt lat="53.658171" lon="23.7710621">
        <ele>138</ele>
        <time>2026-06-27T12:44:37Z</time>
        <hdop>2</hdop>
        <extensions>
          <osmand:speed>1.7</osmand:speed>
        </extensions>
      </trkpt>
      <trkpt lat="53.6581879" lon="23.7707712">
        <ele>138</ele>
        <time>2026-06-27T12:44:48Z</time>
        <hdop>2</hdop>
        <extensions>
          <osmand:speed>1.8</osmand:speed>
        </extensions>
      </trkpt>
      <trkpt lat="53.6582329" lon="23.7704754">
        <ele>136</ele>
        <time>2026-06-27T12:44:59Z</time>
        <hdop>2.5</hdop>
        <extensions>
          <osmand:speed>1.5</osmand:speed>
        </extensions>
      </trkpt>
      <trkpt lat="53.658304" lon="23.770206">
        <ele>135</ele>
        <time>2026-06-27T12:45:10Z</time>
        <hdop>2.5</hdop>
        <extensions>
          <osmand:speed>1.5</osmand:speed>
        </extensions>
      </trkpt>
      <trkpt lat="53.6583616" lon="23.7699369">
        <ele>134</ele>
        <time>2026-06-27T12:45:21Z</time>
        <hdop>2</hdop>
        <extensions>
          <osmand:speed>1.6</osmand:speed>
        </extensions>
      </trkpt>
      <trkpt lat="53.6584277" lon="23.7696643">
        <ele>134</ele>
        <time>2026-06-27T12:45:32Z</time>
        <hdop>2</hdop>
        <extensions>
          <osmand:speed>1.5</osmand:speed>
        </extensions>
      </trkpt>
      <trkpt lat="53.6585084" lon="23.7694071">
        <ele>134</ele>
        <time>2026-06-27T12:45:43Z</time>
        <hdop>2.5</hdop>
        <extensions>
          <osmand:speed>1.7</osmand:speed>
        </extensions>
      </trkpt>
      <trkpt lat="53.6585495" lon="23.7691074">
        <ele>134</ele>
        <time>2026-06-27T12:45:54Z</time>
        <hdop>2.5</hdop>
        <extensions>
          <osmand:speed>1.4</osmand:speed>
        </extensions>
      </trkpt>
      <trkpt lat="53.6585908" lon="23.7688233">
        <ele>133</ele>
        <time>2026-06-27T12:46:05Z</time>
        <hdop>3</hdop>
        <extensions>
          <osmand:speed>1.4</osmand:speed>
        </extensions>
      </trkpt>
      <trkpt lat="53.6586654" lon="23.7685439">
        <ele>133</ele>
        <time>2026-06-27T12:46:16Z</time>
        <hdop>2.5</hdop>
        <extensions>
          <osmand:speed>1.6</osmand:speed>
        </extensions>
      </trkpt>
      <trkpt lat="53.6587305" lon="23.7682753">
        <ele>132</ele>
        <time>2026-06-27T12:46:27Z</time>
        <hdop>2.5</hdop>
        <extensions>
          <osmand:speed>1.7</osmand:speed>
        </extensions>
      </trkpt>
      <trkpt lat="53.6587832" lon="23.7680065">
        <ele>131</ele>
        <time>2026-06-27T12:46:38Z</time>
        <hdop>2</hdop>
        <extensions>
          <osmand:speed>1.6</osmand:speed>
        </extensions>
      </trkpt>
      <trkpt lat="53.6588053" lon="23.7677218">
        <ele>128</ele>
        <time>2026-06-27T12:46:49Z</time>
        <hdop>2.5</hdop>
        <extensions>
          <osmand:speed>1.5</osmand:speed>
        </extensions>
      </trkpt>
      <trkpt lat="53.6588131" lon="23.7674174">
        <ele>130</ele>
        <time>2026-06-27T12:47:00Z</time>
        <hdop>2.5</hdop>
        <extensions>
          <osmand:speed>1.5</osmand:speed>
        </extensions>
      </trkpt>
      <trkpt lat="53.6588036" lon="23.7671231">
        <ele>129</ele>
        <time>2026-06-27T12:47:11Z</time>
        <hdop>2.5</hdop>
        <extensions>
          <osmand:speed>1.4</osmand:speed>
        </extensions>
      </trkpt>
      <trkpt lat="53.6587941" lon="23.7669458">
        <ele>128</ele>
        <time>2026-06-27T12:47:22Z</time>
        <hdop>2.5</hdop>
        <extensions>
          <osmand:speed>0.5</osmand:speed>
        </extensions>
      </trkpt>
      <trkpt lat="53.6588483" lon="23.7669419">
        <ele>128</ele>
        <time>2026-06-27T12:47:33Z</time>
        <hdop>3.5</hdop>
      </trkpt>
      <trkpt lat="53.6588483" lon="23.7669419">
        <ele>128</ele>
        <time>2026-06-27T12:47:44Z</time>
        <hdop>3</hdop>
      </trkpt>
      <trkpt lat="53.6588483" lon="23.7669419">
        <ele>128</ele>
        <time>2026-06-27T12:47:55Z</time>
        <hdop>3.5</hdop>
      </trkpt>
      <trkpt lat="53.6588553" lon="23.7667363">
        <ele>104</ele>
        <time>2026-06-27T12:48:24Z</time>
        <hdop>48</hdop>
        <extensions>
          <osmand:speed>0.9</osmand:speed>
        </extensions>
      </trkpt>
      <trkpt lat="53.6587953" lon="23.7668906">
        <ele>127</ele>
        <time>2026-06-27T12:48:35Z</time>
        <hdop>3</hdop>
        <extensions>
          <osmand:speed>0.7</osmand:speed>
        </extensions>
      </trkpt>
      <trkpt lat="53.6588397" lon="23.7670231">
        <ele>123</ele>
        <time>2026-06-27T12:48:46Z</time>
        <hdop>2.5</hdop>
      </trkpt>
      <trkpt lat="53.658906" lon="23.7670397">
        <ele>124</ele>
        <time>2026-06-27T12:48:57Z</time>
        <hdop>3.5</hdop>
      </trkpt>
      <trkpt lat="53.6590716" lon="23.7669256">
        <ele>124</ele>
        <time>2026-06-27T12:49:08Z</time>
        <hdop>3.5</hdop>
      </trkpt>
      <trkpt lat="53.6590716" lon="23.7669256">
        <ele>124</ele>
        <time>2026-06-27T12:49:19Z</time>
        <hdop>3.5</hdop>
      </trkpt>
      <trkpt lat="53.6592344" lon="23.7666621">
        <ele>122</ele>
        <time>2026-06-27T12:49:30Z</time>
        <hdop>3.5</hdop>
        <extensions>
          <osmand:speed>0.7</osmand:speed>
        </extensions>
      </trkpt>
      <trkpt lat="53.6593545" lon="23.766544">
        <ele>119</ele>
        <time>2026-06-27T12:49:41Z</time>
        <hdop>4</hdop>
      </trkpt>
      <trkpt lat="53.6595512" lon="23.7663045">
        <ele>117</ele>
        <time>2026-06-27T12:49:52Z</time>
        <hdop>4</hdop>
        <extensions>
          <osmand:speed>0.9</osmand:speed>
        </extensions>
      </trkpt>
      <trkpt lat="53.6596771" lon="23.7661">
        <ele>112</ele>
        <time>2026-06-27T12:50:03Z</time>
        <hdop>4.5</hdop>
        <extensions>
          <osmand:speed>0.6</osmand:speed>
        </extensions>
      </trkpt>
      <trkpt lat="53.6597856" lon="23.7659648">
        <ele>107</ele>
        <time>2026-06-27T12:50:14Z</time>
        <hdop>4</hdop>
      </trkpt>
      <trkpt lat="53.6599666" lon="23.7658395">
        <ele>108</ele>
        <time>2026-06-27T12:50:25Z</time>
        <hdop>3</hdop>
        <extensions>
          <osmand:speed>0.6</osmand:speed>
        </extensions>
      </trkpt>
      <trkpt lat="53.6599758" lon="23.7655956">
        <ele>115</ele>
        <time>2026-06-27T12:50:36Z</time>
        <hdop>2.5</hdop>
        <extensions>
          <osmand:speed>0.8</osmand:speed>
        </extensions>
      </trkpt>
      <trkpt lat="53.659952" lon="23.7653834">
        <ele>117</ele>
        <time>2026-06-27T12:50:47Z</time>
        <hdop>2.5</hdop>
        <extensions>
          <osmand:speed>1</osmand:speed>
        </extensions>
      </trkpt>
      <trkpt lat="53.6599877" lon="23.7652362">
        <ele>119</ele>
        <time>2026-06-27T12:50:58Z</time>
        <hdop>2.5</hdop>
      </trkpt>
      <trkpt lat="53.6599877" lon="23.7652362">
        <ele>119</ele>
        <time>2026-06-27T12:51:09Z</time>
        <hdop>2.5</hdop>
      </trkpt>
      <trkpt lat="53.6599877" lon="23.7652362">
        <ele>119</ele>
        <time>2026-06-27T12:51:20Z</time>
        <hdop>2.5</hdop>
      </trkpt>
      <trkpt lat="53.659991" lon="23.7652723">
        <ele>121</ele>
        <time>2026-06-27T12:51:31Z</time>
        <hdop>2.5</hdop>
      </trkpt>
      <trkpt lat="53.659991" lon="23.7652723">
        <ele>121</ele>
        <time>2026-06-27T12:51:42Z</time>
        <hdop>3</hdop>
      </trkpt>
      <trkpt lat="53.659991" lon="23.7652723">
        <ele>121</ele>
        <time>2026-06-27T12:51:53Z</time>
        <hdop>3</hdop>
      </trkpt>
      <trkpt lat="53.659991" lon="23.7652723">
        <ele>121</ele>
        <time>2026-06-27T12:52:04Z</time>
        <hdop>2.5</hdop>
      </trkpt>
      <trkpt lat="53.6599853" lon="23.7652073">
        <ele>124</ele>
        <time>2026-06-27T12:52:15Z</time>
        <hdop>2</hdop>
      </trkpt>
      <trkpt lat="53.6599977" lon="23.7652252">
        <ele>129</ele>
        <time>2026-06-27T12:52:26Z</time>
        <hdop>2</hdop>
      </trkpt>
      <trkpt lat="53.6599605" lon="23.7653387">
        <ele>132</ele>
        <time>2026-06-27T12:52:37Z</time>
        <hdop>2</hdop>
        <extensions>
          <osmand:speed>0.6</osmand:speed>
        </extensions>
      </trkpt>
      <trkpt lat="53.6599804" lon="23.7654025">
        <ele>135</ele>
        <time>2026-06-27T12:52:48Z</time>
        <hdop>2</hdop>
        <extensions>
          <osmand:speed>0.7</osmand:speed>
        </extensions>
      </trkpt>
      <trkpt lat="53.6600688" lon="23.7654823">
        <ele>138</ele>
        <time>2026-06-27T12:52:59Z</time>
        <hdop>2</hdop>
        <extensions>
          <osmand:speed>0.4</osmand:speed>
        </extensions>
      </trkpt>
      <trkpt lat="53.660186" lon="23.7654737">
        <ele>136</ele>
        <time>2026-06-27T12:53:10Z</time>
        <hdop>2</hdop>
        <extensions>
          <osmand:speed>0.7</osmand:speed>
        </extensions>
      </trkpt>
      <trkpt lat="53.6602876" lon="23.7654765">
        <ele>133</ele>
        <time>2026-06-27T12:53:21Z</time>
        <hdop>2</hdop>
        <extensions>
          <osmand:speed>0.7</osmand:speed>
        </extensions>
      </trkpt>
      <trkpt lat="53.6603304" lon="23.7654772">
        <ele>134</ele>
        <time>2026-06-27T12:53:32Z</time>
        <hdop>2</hdop>
        <extensions>
          <osmand:speed>0.3</osmand:speed>
        </extensions>
      </trkpt>
      <trkpt lat="53.6604169" lon="23.7654776">
        <ele>135</ele>
        <time>2026-06-27T12:53:43Z</time>
        <hdop>2.5</hdop>
        <extensions>
          <osmand:speed>0.9</osmand:speed>
        </extensions>
      </trkpt>
      <trkpt lat="53.6605188" lon="23.765422">
        <ele>134</ele>
        <time>2026-06-27T12:53:54Z</time>
        <hdop>2.5</hdop>
        <extensions>
          <osmand:speed>0.7</osmand:speed>
        </extensions>
      </trkpt>
      <trkpt lat="53.6606081" lon="23.7653497">
        <ele>132</ele>
        <time>2026-06-27T12:54:05Z</time>
        <hdop>2</hdop>
      </trkpt>
      <trkpt lat="53.6606714" lon="23.7652325">
        <ele>134</ele>
        <time>2026-06-27T12:54:16Z</time>
        <hdop>2.5</hdop>
      </trkpt>
      <trkpt lat="53.6607056" lon="23.7651886">
        <ele>134</ele>
        <time>2026-06-27T12:54:27Z</time>
        <hdop>2.5</hdop>
      </trkpt>
      <trkpt lat="53.6607685" lon="23.7650609">
        <ele>134</ele>
        <time>2026-06-27T12:54:38Z</time>
        <hdop>2</hdop>
        <extensions>
          <osmand:speed>0.5</osmand:speed>
        </extensions>
      </trkpt>
      <trkpt lat="53.6608095" lon="23.7649691">
        <ele>133</ele>
        <time>2026-06-27T12:54:49Z</time>
        <hdop>2</hdop>
        <extensions>
          <osmand:speed>0.6</osmand:speed>
        </extensions>
      </trkpt>
      <trkpt lat="53.660854" lon="23.7648737">
        <ele>132</ele>
        <time>2026-06-27T12:55:00Z</time>
        <hdop>2</hdop>
        <extensions>
          <osmand:speed>0.5</osmand:speed>
        </extensions>
      </trkpt>
      <trkpt lat="53.660881" lon="23.7647821">
        <ele>135</ele>
        <time>2026-06-27T12:55:11Z</time>
        <hdop>2</hdop>
      </trkpt>
      <trkpt lat="53.6609078" lon="23.7646535">
        <ele>135</ele>
        <time>2026-06-27T12:55:22Z</time>
        <hdop>1.5</hdop>
      </trkpt>
      <trkpt lat="53.6609273" lon="23.7645215">
        <ele>136</ele>
        <time>2026-06-27T12:55:33Z</time>
        <hdop>2</hdop>
      </trkpt>
      <trkpt lat="53.6609667" lon="23.7644101">
        <ele>137</ele>
        <time>2026-06-27T12:55:44Z</time>
        <hdop>2</hdop>
        <extensions>
          <osmand:speed>0.6</osmand:speed>
        </extensions>
      </trkpt>
      <trkpt lat="53.6610185" lon="23.76436">
        <ele>134</ele>
        <time>2026-06-27T12:55:55Z</time>
        <hdop>2</hdop>
        <extensions>
          <osmand:speed>0.3</osmand:speed>
        </extensions>
      </trkpt>
      <trkpt lat="53.6610511" lon="23.764322">
        <ele>133</ele>
        <time>2026-06-27T12:56:06Z</time>
        <hdop>2</hdop>
      </trkpt>
      <trkpt lat="53.6611013" lon="23.7642963">
        <ele>131</ele>
        <time>2026-06-27T12:56:17Z</time>
        <hdop>2.5</hdop>
        <extensions>
          <osmand:speed>0.5</osmand:speed>
        </extensions>
      </trkpt>
      <trkpt lat="53.6611673" lon="23.7643035">
        <ele>133</ele>
        <time>2026-06-27T12:56:28Z</time>
        <hdop>2</hdop>
        <extensions>
          <osmand:speed>0.3</osmand:speed>
        </extensions>
      </trkpt>
      <trkpt lat="53.6612002" lon="23.7643267">
        <ele>133</ele>
        <time>2026-06-27T12:56:39Z</time>
        <hdop>2</hdop>
      </trkpt>
      <trkpt lat="53.6612595" lon="23.7643865">
        <ele>135</ele>
        <time>2026-06-27T12:56:50Z</time>
        <hdop>2.5</hdop>
        <extensions>
          <osmand:speed>0.4</osmand:speed>
        </extensions>
      </trkpt>
      <trkpt lat="53.6612648" lon="23.7643865">
        <ele>135</ele>
        <time>2026-06-27T12:57:01Z</time>
        <hdop>2.5</hdop>
      </trkpt>
      <trkpt lat="53.661359" lon="23.7644445">
        <ele>135</ele>
        <time>2026-06-27T12:57:12Z</time>
        <hdop>2.5</hdop>
      </trkpt>
      <trkpt lat="53.6613976" lon="23.7646291">
        <ele>136</ele>
        <time>2026-06-27T12:57:23Z</time>
        <hdop>2.5</hdop>
      </trkpt>
      <trkpt lat="53.6614181" lon="23.764813">
        <ele>135</ele>
        <time>2026-06-27T12:57:34Z</time>
        <hdop>2</hdop>
      </trkpt>
      <trkpt lat="53.661424" lon="23.7650541">
        <ele>133</ele>
        <time>2026-06-27T12:57:45Z</time>
        <hdop>2.5</hdop>
        <extensions>
          <osmand:speed>0.7</osmand:speed>
        </extensions>
      </trkpt>
      <trkpt lat="53.6614152" lon="23.7651967">
        <ele>134</ele>
        <time>2026-06-27T12:57:56Z</time>
        <hdop>2</hdop>
        <extensions>
          <osmand:speed>0.7</osmand:speed>
        </extensions>
      </trkpt>
      <trkpt lat="53.6614173" lon="23.7653246">
        <ele>134</ele>
        <time>2026-06-27T12:58:07Z</time>
        <hdop>2</hdop>
        <extensions>
          <osmand:speed>0.7</osmand:speed>
        </extensions>
      </trkpt>
      <trkpt lat="53.6614105" lon="23.76547">
        <ele>134</ele>
        <time>2026-06-27T12:58:18Z</time>
        <hdop>2</hdop>
        <extensions>
          <osmand:speed>0.8</osmand:speed>
        </extensions>
      </trkpt>
      <trkpt lat="53.6613961" lon="23.7655844">
        <ele>134</ele>
        <time>2026-06-27T12:58:29Z</time>
        <hdop>2</hdop>
        <extensions>
          <osmand:speed>0.5</osmand:speed>
        </extensions>
      </trkpt>
      <trkpt lat="53.6613833" lon="23.7657237">
        <ele>133</ele>
        <time>2026-06-27T12:58:40Z</time>
        <hdop>2</hdop>
        <extensions>
          <osmand:speed>0.4</osmand:speed>
        </extensions>
      </trkpt>
      <trkpt lat="53.6613924" lon="23.7658313">
        <ele>132</ele>
        <time>2026-06-27T12:58:51Z</time>
        <hdop>2</hdop>
      </trkpt>
      <trkpt lat="53.6614028" lon="23.7659995">
        <ele>132</ele>
        <time>2026-06-27T12:59:02Z</time>
        <hdop>2.5</hdop>
      </trkpt>
      <trkpt lat="53.6614191" lon="23.7661305">
        <ele>132</ele>
        <time>2026-06-27T12:59:13Z</time>
        <hdop>2.5</hdop>
      </trkpt>
      <trkpt lat="53.6614191" lon="23.7661305">
        <ele>132</ele>
        <time>2026-06-27T12:59:24Z</time>
        <hdop>2</hdop>
      </trkpt>
      <trkpt lat="53.6614202" lon="23.766201">
        <ele>135</ele>
        <time>2026-06-27T12:59:35Z</time>
        <hdop>2.5</hdop>
      </trkpt>
      <trkpt lat="53.6614207" lon="23.7663447">
        <ele>139</ele>
        <time>2026-06-27T12:59:46Z</time>
        <hdop>2</hdop>
      </trkpt>
      <trkpt lat="53.661419" lon="23.7664961">
        <ele>142</ele>
        <time>2026-06-27T12:59:57Z</time>
        <hdop>2</hdop>
      </trkpt>
      <trkpt lat="53.6614044" lon="23.766623">
        <ele>141</ele>
        <time>2026-06-27T13:00:08Z</time>
        <hdop>2.5</hdop>
        <extensions>
          <osmand:speed>0.1</osmand:speed>
        </extensions>
      </trkpt>
      <trkpt lat="53.6613964" lon="23.7667117">
        <ele>140</ele>
        <time>2026-06-27T13:00:19Z</time>
        <hdop>2</hdop>
        <extensions>
          <osmand:speed>0.2</osmand:speed>
        </extensions>
      </trkpt>
      <trkpt lat="53.6614023" lon="23.7667503">
        <ele>140</ele>
        <time>2026-06-27T13:00:30Z</time>
        <hdop>2</hdop>
      </trkpt>
      <trkpt lat="53.661395" lon="23.7668346">
        <ele>136</ele>
        <time>2026-06-27T13:00:41Z</time>
        <hdop>2</hdop>
        <extensions>
          <osmand:speed>0.2</osmand:speed>
        </extensions>
      </trkpt>
      <trkpt lat="53.6614275" lon="23.7669111">
        <ele>136</ele>
        <time>2026-06-27T13:00:52Z</time>
        <hdop>2</hdop>
        <extensions>
          <osmand:speed>0.7</osmand:speed>
        </extensions>
      </trkpt>
      <trkpt lat="53.6614528" lon="23.7670299">
        <ele>135</ele>
        <time>2026-06-27T13:01:03Z</time>
        <hdop>2</hdop>
      </trkpt>
      <trkpt lat="53.6614703" lon="23.7671763">
        <ele>136</ele>
        <time>2026-06-27T13:01:14Z</time>
        <hdop>2</hdop>
      </trkpt>
      <trkpt lat="53.661529" lon="23.7672723">
        <ele>140</ele>
        <time>2026-06-27T13:01:25Z</time>
        <hdop>2</hdop>
        <extensions>
          <osmand:speed>0.6</osmand:speed>
        </extensions>
      </trkpt>
      <trkpt lat="53.6615836" lon="23.7673189">
        <ele>140</ele>
        <time>2026-06-27T13:01:36Z</time>
        <hdop>1.5</hdop>
      </trkpt>
      <trkpt lat="53.6616567" lon="23.7673931">
        <ele>142</ele>
        <time>2026-06-27T13:01:47Z</time>
        <hdop>2</hdop>
        <extensions>
          <osmand:speed>0.7</osmand:speed>
        </extensions>
      </trkpt>
      <trkpt lat="53.6617688" lon="23.7675483">
        <ele>143</ele>
        <time>2026-06-27T13:01:58Z</time>
        <hdop>2.5</hdop>
        <extensions>
          <osmand:speed>0.4</osmand:speed>
        </extensions>
      </trkpt>
      <trkpt lat="53.6618294" lon="23.7675381">
        <ele>146</ele>
        <time>2026-06-27T13:02:09Z</time>
        <hdop>2.5</hdop>
      </trkpt>
      <trkpt lat="53.6619145" lon="23.7674757">
        <ele>147</ele>
        <time>2026-06-27T13:02:20Z</time>
        <hdop>2.5</hdop>
        <extensions>
          <osmand:speed>0.4</osmand:speed>
        </extensions>
      </trkpt>
      <trkpt lat="53.6620035" lon="23.7674699">
        <ele>143</ele>
        <time>2026-06-27T13:02:31Z</time>
        <hdop>2.5</hdop>
        <extensions>
          <osmand:speed>0.7</osmand:speed>
        </extensions>
      </trkpt>
      <trkpt lat="53.6621007" lon="23.767401">
        <ele>139</ele>
        <time>2026-06-27T13:02:42Z</time>
        <hdop>2.5</hdop>
      </trkpt>
      <trkpt lat="53.6621712" lon="23.7674186">
        <ele>134</ele>
        <time>2026-06-27T13:02:53Z</time>
        <hdop>2.5</hdop>
        <extensions>
          <osmand:speed>0.6</osmand:speed>
        </extensions>
      </trkpt>
      <trkpt lat="53.6622425" lon="23.767422">
        <ele>136</ele>
        <time>2026-06-27T13:03:04Z</time>
        <hdop>2</hdop>
      </trkpt>
      <trkpt lat="53.6623591" lon="23.7674951">
        <ele>136</ele>
        <time>2026-06-27T13:03:15Z</time>
        <hdop>2.5</hdop>
        <extensions>
          <osmand:speed>0.5</osmand:speed>
        </extensions>
      </trkpt>
      <trkpt lat="53.6624299" lon="23.7676314">
        <ele>140</ele>
        <time>2026-06-27T13:03:26Z</time>
        <hdop>2.5</hdop>
        <extensions>
          <osmand:speed>0.5</osmand:speed>
        </extensions>
      </trkpt>
      <trkpt lat="53.6624718" lon="23.7677795">
        <ele>141</ele>
        <time>2026-06-27T13:03:37Z</time>
        <hdop>2</hdop>
      </trkpt>
      <trkpt lat="53.6625559" lon="23.768072">
        <ele>135</ele>
        <time>2026-06-27T13:03:48Z</time>
        <hdop>2</hdop>
        <extensions>
          <osmand:speed>0.8</osmand:speed>
        </extensions>
      </trkpt>
      <trkpt lat="53.6626081" lon="23.7682137">
        <ele>132</ele>
        <time>2026-06-27T13:03:59Z</time>
        <hdop>2.5</hdop>
      </trkpt>
      <trkpt lat="53.6626265" lon="23.7683265">
        <ele>131</ele>
        <time>2026-06-27T13:04:10Z</time>
        <hdop>2</hdop>
        <extensions>
          <osmand:speed>0.6</osmand:speed>
        </extensions>
      </trkpt>
      <trkpt lat="53.6626952" lon="23.7684565">
        <ele>131</ele>
        <time>2026-06-27T13:04:21Z</time>
        <hdop>2</hdop>
        <extensions>
          <osmand:speed>0.9</osmand:speed>
        </extensions>
      </trkpt>
      <trkpt lat="53.662763" lon="23.7685865">
        <ele>130</ele>
        <time>2026-06-27T13:04:32Z</time>
        <hdop>2</hdop>
        <extensions>
          <osmand:speed>0.8</osmand:speed>
        </extensions>
      </trkpt>
      <trkpt lat="53.6628242" lon="23.7686756">
        <ele>130</ele>
        <time>2026-06-27T13:04:43Z</time>
        <hdop>1.5</hdop>
        <extensions>
          <osmand:speed>0.8</osmand:speed>
        </extensions>
      </trkpt>
      <trkpt lat="53.6628724" lon="23.7687686">
        <ele>131</ele>
        <time>2026-06-27T13:04:54Z</time>
        <hdop>2.5</hdop>
      </trkpt>
      <trkpt lat="53.6629246" lon="23.7688327">
        <ele>130</ele>
        <time>2026-06-27T13:05:05Z</time>
        <hdop>2</hdop>
      </trkpt>
      <trkpt lat="53.6629595" lon="23.768889">
        <ele>130</ele>
        <time>2026-06-27T13:05:16Z</time>
        <hdop>2</hdop>
        <extensions>
          <osmand:speed>0.3</osmand:speed>
        </extensions>
      </trkpt>
      <trkpt lat="53.6630029" lon="23.7689366">
        <ele>130</ele>
        <time>2026-06-27T13:05:27Z</time>
        <hdop>2</hdop>
        <extensions>
          <osmand:speed>0.6</osmand:speed>
        </extensions>
      </trkpt>
      <trkpt lat="53.6630419" lon="23.7689994">
        <ele>130</ele>
        <time>2026-06-27T13:05:38Z</time>
        <hdop>2</hdop>
      </trkpt>
      <trkpt lat="53.6631107" lon="23.7690371">
        <ele>129</ele>
        <time>2026-06-27T13:05:49Z</time>
        <hdop>2</hdop>
        <extensions>
          <osmand:speed>0.3</osmand:speed>
        </extensions>
      </trkpt>
      <trkpt lat="53.6631584" lon="23.7690719">
        <ele>130</ele>
        <time>2026-06-27T13:06:00Z</time>
        <hdop>2</hdop>
        <extensions>
          <osmand:speed>0.5</osmand:speed>
        </extensions>
      </trkpt>
      <trkpt lat="53.6632288" lon="23.7691631">
        <ele>131</ele>
        <time>2026-06-27T13:06:11Z</time>
        <hdop>2</hdop>
        <extensions>
          <osmand:speed>0.9</osmand:speed>
        </extensions>
      </trkpt>
      <trkpt lat="53.6633015" lon="23.7692108">
        <ele>131</ele>
        <time>2026-06-27T13:06:22Z</time>
        <hdop>2</hdop>
      </trkpt>
      <trkpt lat="53.6633354" lon="23.7692074">
        <ele>132</ele>
        <time>2026-06-27T13:06:33Z</time>
        <hdop>2</hdop>
        <extensions>
          <osmand:speed>0.5</osmand:speed>
        </extensions>
      </trkpt>
      <trkpt lat="53.6633529" lon="23.7691978">
        <ele>134</ele>
        <time>2026-06-27T13:06:44Z</time>
        <hdop>2.5</hdop>
      </trkpt>
      <trkpt lat="53.6634148" lon="23.7692445">
        <ele>133</ele>
        <time>2026-06-27T13:06:55Z</time>
        <hdop>2.5</hdop>
      </trkpt>
      <trkpt lat="53.6634536" lon="23.7692781">
        <ele>134</ele>
        <time>2026-06-27T13:07:06Z</time>
        <hdop>2.5</hdop>
        <extensions>
          <osmand:speed>0.2</osmand:speed>
        </extensions>
      </trkpt>
      <trkpt lat="53.6635158" lon="23.7693082">
        <ele>131</ele>
        <time>2026-06-27T13:07:17Z</time>
        <hdop>2.5</hdop>
        <extensions>
          <osmand:speed>0.4</osmand:speed>
        </extensions>
      </trkpt>
      <trkpt lat="53.6635714" lon="23.7692742">
        <ele>128</ele>
        <time>2026-06-27T13:07:28Z</time>
        <hdop>2</hdop>
      </trkpt>
      <trkpt lat="53.6636373" lon="23.7692402">
        <ele>132</ele>
        <time>2026-06-27T13:07:39Z</time>
        <hdop>2</hdop>
        <extensions>
          <osmand:speed>0.1</osmand:speed>
        </extensions>
      </trkpt>
      <trkpt lat="53.6636538" lon="23.7691964">
        <ele>133</ele>
        <time>2026-06-27T13:07:50Z</time>
        <hdop>2</hdop>
      </trkpt>
      <trkpt lat="53.6636538" lon="23.7691964">
        <ele>133</ele>
        <time>2026-06-27T13:08:01Z</time>
        <hdop>2.5</hdop>
      </trkpt>
      <trkpt lat="53.6637024" lon="23.76913">
        <ele>134</ele>
        <time>2026-06-27T13:08:12Z</time>
        <hdop>2.5</hdop>
      </trkpt>
      <trkpt lat="53.6637229" lon="23.7691261">
        <ele>132</ele>
        <time>2026-06-27T13:08:23Z</time>
        <hdop>2.5</hdop>
      </trkpt>
      <trkpt lat="53.6637229" lon="23.7691261">
        <ele>132</ele>
        <time>2026-06-27T13:08:34Z</time>
        <hdop>2.5</hdop>
      </trkpt>
      <trkpt lat="53.6637229" lon="23.7691261">
        <ele>132</ele>
        <time>2026-06-27T13:08:45Z</time>
        <hdop>2.5</hdop>
      </trkpt>
      <trkpt lat="53.6637963" lon="23.7691012">
        <ele>132</ele>
        <time>2026-06-27T13:08:56Z</time>
        <hdop>2.5</hdop>
        <extensions>
          <osmand:speed>0.4</osmand:speed>
        </extensions>
      </trkpt>
      <trkpt lat="53.6638251" lon="23.7690711">
        <ele>134</ele>
        <time>2026-06-27T13:09:07Z</time>
        <hdop>2.5</hdop>
      </trkpt>
      <trkpt lat="53.6639049" lon="23.7690576">
        <ele>135</ele>
        <time>2026-06-27T13:09:18Z</time>
        <hdop>2.5</hdop>
      </trkpt>
      <trkpt lat="53.6639597" lon="23.7690148">
        <ele>135</ele>
        <time>2026-06-27T13:09:29Z</time>
        <hdop>2.5</hdop>
        <extensions>
          <osmand:speed>0.1</osmand:speed>
        </extensions>
      </trkpt>
      <trkpt lat="53.6640749" lon="23.7689594">
        <ele>133</ele>
        <time>2026-06-27T13:09:40Z</time>
        <hdop>2.5</hdop>
      </trkpt>
      <trkpt lat="53.6641586" lon="23.7689057">
        <ele>131</ele>
        <time>2026-06-27T13:09:51Z</time>
        <hdop>1.5</hdop>
        <extensions>
          <osmand:speed>0.7</osmand:speed>
        </extensions>
      </trkpt>
      <trkpt lat="53.6642363" lon="23.7688794">
        <ele>130</ele>
        <time>2026-06-27T13:10:02Z</time>
        <hdop>2</hdop>
        <extensions>
          <osmand:speed>0.8</osmand:speed>
        </extensions>
      </trkpt>
      <trkpt lat="53.6642925" lon="23.7688528">
        <ele>130</ele>
        <time>2026-06-27T13:10:13Z</time>
        <hdop>2</hdop>
        <extensions>
          <osmand:speed>0.5</osmand:speed>
        </extensions>
      </trkpt>
      <trkpt lat="53.6643268" lon="23.7688323">
        <ele>128</ele>
        <time>2026-06-27T13:10:24Z</time>
        <hdop>2</hdop>
      </trkpt>
      <trkpt lat="53.6643639" lon="23.7688222">
        <ele>129</ele>
        <time>2026-06-27T13:10:35Z</time>
        <hdop>2</hdop>
      </trkpt>
      <trkpt lat="53.664428" lon="23.7688355">
        <ele>131</ele>
        <time>2026-06-27T13:10:46Z</time>
        <hdop>2</hdop>
      </trkpt>
      <trkpt lat="53.6644851" lon="23.7688243">
        <ele>130</ele>
        <time>2026-06-27T13:10:57Z</time>
        <hdop>2</hdop>
        <extensions>
          <osmand:speed>0.7</osmand:speed>
        </extensions>
      </trkpt>
      <trkpt lat="53.6645664" lon="23.7688268">
        <ele>129</ele>
        <time>2026-06-27T13:11:08Z</time>
        <hdop>2</hdop>
        <extensions>
          <osmand:speed>0.7</osmand:speed>
        </extensions>
      </trkpt>
      <trkpt lat="53.6646318" lon="23.7688331">
        <ele>130</ele>
        <time>2026-06-27T13:11:19Z</time>
        <hdop>2</hdop>
      </trkpt>
      <trkpt lat="53.6646967" lon="23.7688569">
        <ele>127</ele>
        <time>2026-06-27T13:11:30Z</time>
        <hdop>2</hdop>
        <extensions>
          <osmand:speed>0.7</osmand:speed>
        </extensions>
      </trkpt>
      <trkpt lat="53.6647668" lon="23.7689259">
        <ele>130</ele>
        <time>2026-06-27T13:11:41Z</time>
        <hdop>2.5</hdop>
        <extensions>
          <osmand:speed>0.7</osmand:speed>
        </extensions>
      </trkpt>
      <trkpt lat="53.6648464" lon="23.7689585">
        <ele>130</ele>
        <time>2026-06-27T13:11:52Z</time>
        <hdop>2</hdop>
        <extensions>
          <osmand:speed>0.7</osmand:speed>
        </extensions>
      </trkpt>
      <trkpt lat="53.6649281" lon="23.7690144">
        <ele>130</ele>
        <time>2026-06-27T13:12:03Z</time>
        <hdop>2</hdop>
        <extensions>
          <osmand:speed>0.7</osmand:speed>
        </extensions>
      </trkpt>
      <trkpt lat="53.6649684" lon="23.7690778">
        <ele>129</ele>
        <time>2026-06-27T13:12:14Z</time>
        <hdop>2</hdop>
        <extensions>
          <osmand:speed>0.9</osmand:speed>
        </extensions>
      </trkpt>
      <trkpt lat="53.665018" lon="23.7691836">
        <ele>130</ele>
        <time>2026-06-27T13:12:25Z</time>
        <hdop>1.5</hdop>
        <extensions>
          <osmand:speed>0.8</osmand:speed>
        </extensions>
      </trkpt>
      <trkpt lat="53.6650559" lon="23.769234">
        <ele>128</ele>
        <time>2026-06-27T13:12:36Z</time>
        <hdop>2</hdop>
      </trkpt>
      <trkpt lat="53.6650925" lon="23.7693099">
        <ele>129</ele>
        <time>2026-06-27T13:12:47Z</time>
        <hdop>2</hdop>
      </trkpt>
      <trkpt lat="53.6651438" lon="23.7694057">
        <ele>127</ele>
        <time>2026-06-27T13:12:58Z</time>
        <hdop>2</hdop>
      </trkpt>
      <trkpt lat="53.6651943" lon="23.7695118">
        <ele>127</ele>
        <time>2026-06-27T13:13:09Z</time>
        <hdop>2</hdop>
      </trkpt>
      <trkpt lat="53.6652212" lon="23.7696052">
        <ele>129</ele>
        <time>2026-06-27T13:13:20Z</time>
        <hdop>2</hdop>
        <extensions>
          <osmand:speed>0.6</osmand:speed>
        </extensions>
      </trkpt>
      <trkpt lat="53.6652514" lon="23.7697271">
        <ele>130</ele>
        <time>2026-06-27T13:13:31Z</time>
        <hdop>2</hdop>
        <extensions>
          <osmand:speed>0.8</osmand:speed>
        </extensions>
      </trkpt>
      <trkpt lat="53.6652733" lon="23.769819">
        <ele>130</ele>
        <time>2026-06-27T13:13:42Z</time>
        <hdop>2</hdop>
      </trkpt>
      <trkpt lat="53.6652986" lon="23.7699907">
        <ele>131</ele>
        <time>2026-06-27T13:13:53Z</time>
        <hdop>2.5</hdop>
        <extensions>
          <osmand:speed>0.9</osmand:speed>
        </extensions>
      </trkpt>
      <trkpt lat="53.665316" lon="23.7701013">
        <ele>131</ele>
        <time>2026-06-27T13:14:04Z</time>
        <hdop>2</hdop>
        <extensions>
          <osmand:speed>0.5</osmand:speed>
        </extensions>
      </trkpt>
      <trkpt lat="53.665333" lon="23.7702131">
        <ele>131</ele>
        <time>2026-06-27T13:14:15Z</time>
        <hdop>2</hdop>
      </trkpt>
      <trkpt lat="53.6653454" lon="23.7703125">
        <ele>130</ele>
        <time>2026-06-27T13:14:26Z</time>
        <hdop>2</hdop>
        <extensions>
          <osmand:speed>0.6</osmand:speed>
        </extensions>
      </trkpt>
      <trkpt lat="53.6653605" lon="23.7704231">
        <ele>131</ele>
        <time>2026-06-27T13:14:37Z</time>
        <hdop>2.5</hdop>
        <extensions>
          <osmand:speed>0.7</osmand:speed>
        </extensions>
      </trkpt>
      <trkpt lat="53.6653828" lon="23.7705376">
        <ele>131</ele>
        <time>2026-06-27T13:14:48Z</time>
        <hdop>2.5</hdop>
        <extensions>
          <osmand:speed>0.5</osmand:speed>
        </extensions>
      </trkpt>
      <trkpt lat="53.6653987" lon="23.7706112">
        <ele>132</ele>
        <time>2026-06-27T13:14:59Z</time>
        <hdop>2.5</hdop>
      </trkpt>
      <trkpt lat="53.6654298" lon="23.7706825">
        <ele>132</ele>
        <time>2026-06-27T13:15:10Z</time>
        <hdop>2</hdop>
      </trkpt>
      <trkpt lat="53.6654568" lon="23.7707989">
        <ele>132</ele>
        <time>2026-06-27T13:15:21Z</time>
        <hdop>2</hdop>
        <extensions>
          <osmand:speed>0.7</osmand:speed>
        </extensions>
      </trkpt>
      <trkpt lat="53.6654634" lon="23.7709047">
        <ele>132</ele>
        <time>2026-06-27T13:15:32Z</time>
        <hdop>2</hdop>
        <extensions>
          <osmand:speed>0.7</osmand:speed>
        </extensions>
      </trkpt>
      <trkpt lat="53.6654739" lon="23.771037">
        <ele>131</ele>
        <time>2026-06-27T13:15:43Z</time>
        <hdop>2.5</hdop>
        <extensions>
          <osmand:speed>0.7</osmand:speed>
        </extensions>
      </trkpt>
      <trkpt lat="53.6654858" lon="23.7711404">
        <ele>131</ele>
        <time>2026-06-27T13:15:54Z</time>
        <hdop>2.5</hdop>
        <extensions>
          <osmand:speed>0.4</osmand:speed>
        </extensions>
      </trkpt>
      <trkpt lat="53.6654733" lon="23.7712662">
        <ele>130</ele>
        <time>2026-06-27T13:16:05Z</time>
        <hdop>2.5</hdop>
        <extensions>
          <osmand:speed>0.8</osmand:speed>
        </extensions>
      </trkpt>
      <trkpt lat="53.665473" lon="23.7713864">
        <ele>130</ele>
        <time>2026-06-27T13:16:16Z</time>
        <hdop>2</hdop>
        <extensions>
          <osmand:speed>0.7</osmand:speed>
        </extensions>
      </trkpt>
      <trkpt lat="53.6654916" lon="23.771498">
        <ele>131</ele>
        <time>2026-06-27T13:16:27Z</time>
        <hdop>2</hdop>
        <extensions>
          <osmand:speed>0.8</osmand:speed>
        </extensions>
      </trkpt>
      <trkpt lat="53.6655176" lon="23.7715925">
        <ele>130</ele>
        <time>2026-06-27T13:16:38Z</time>
        <hdop>2</hdop>
        <extensions>
          <osmand:speed>0.8</osmand:speed>
        </extensions>
      </trkpt>
      <trkpt lat="53.6655635" lon="23.7717306">
        <ele>131</ele>
        <time>2026-06-27T13:16:49Z</time>
        <hdop>2</hdop>
        <extensions>
          <osmand:speed>1</osmand:speed>
        </extensions>
      </trkpt>
      <trkpt lat="53.6656311" lon="23.7717914">
        <ele>131</ele>
        <time>2026-06-27T13:17:00Z</time>
        <hdop>2</hdop>
        <extensions>
          <osmand:speed>0.6</osmand:speed>
        </extensions>
      </trkpt>
      <trkpt lat="53.6656752" lon="23.7718329">
        <ele>131</ele>
        <time>2026-06-27T13:17:11Z</time>
        <hdop>2.5</hdop>
        <extensions>
          <osmand:speed>0.5</osmand:speed>
        </extensions>
      </trkpt>
      <trkpt lat="53.6657211" lon="23.771891">
        <ele>133</ele>
        <time>2026-06-27T13:17:22Z</time>
        <hdop>2</hdop>
        <extensions>
          <osmand:speed>0.5</osmand:speed>
        </extensions>
      </trkpt>
      <trkpt lat="53.6657698" lon="23.7719316">
        <ele>131</ele>
        <time>2026-06-27T13:17:33Z</time>
        <hdop>2.5</hdop>
      </trkpt>
      <trkpt lat="53.6658381" lon="23.7720059">
        <ele>130</ele>
        <time>2026-06-27T13:17:44Z</time>
        <hdop>2.5</hdop>
      </trkpt>
      <trkpt lat="53.6659038" lon="23.772089">
        <ele>130</ele>
        <time>2026-06-27T13:17:55Z</time>
        <hdop>2.5</hdop>
      </trkpt>
      <trkpt lat="53.665931" lon="23.7721476">
        <ele>130</ele>
        <time>2026-06-27T13:18:06Z</time>
        <hdop>2</hdop>
      </trkpt>
      <trkpt lat="53.6659652" lon="23.7722414">
        <ele>130</ele>
        <time>2026-06-27T13:18:17Z</time>
        <hdop>2</hdop>
        <extensions>
          <osmand:speed>0.6</osmand:speed>
        </extensions>
      </trkpt>
      <trkpt lat="53.6659842" lon="23.7722909">
        <ele>131</ele>
        <time>2026-06-27T13:18:28Z</time>
        <hdop>2</hdop>
      </trkpt>
      <trkpt lat="53.666014" lon="23.7723432">
        <ele>132</ele>
        <time>2026-06-27T13:18:39Z</time>
        <hdop>2</hdop>
      </trkpt>
      <trkpt lat="53.6660373" lon="23.7724241">
        <ele>133</ele>
        <time>2026-06-27T13:18:50Z</time>
        <hdop>2</hdop>
      </trkpt>
      <trkpt lat="53.6660609" lon="23.7724988">
        <ele>133</ele>
        <time>2026-06-27T13:19:01Z</time>
        <hdop>2</hdop>
      </trkpt>
      <trkpt lat="53.6660771" lon="23.7725181">
        <ele>130</ele>
        <time>2026-06-27T13:19:12Z</time>
        <hdop>2</hdop>
      </trkpt>
      <trkpt lat="53.6661096" lon="23.7726214">
        <ele>132</ele>
        <time>2026-06-27T13:19:23Z</time>
        <hdop>2</hdop>
        <extensions>
          <osmand:speed>0.4</osmand:speed>
        </extensions>
      </trkpt>
      <trkpt lat="53.6661553" lon="23.7726855">
        <ele>132</ele>
        <time>2026-06-27T13:19:34Z</time>
        <hdop>2</hdop>
        <extensions>
          <osmand:speed>0.4</osmand:speed>
        </extensions>
      </trkpt>
      <trkpt lat="53.6661643" lon="23.7726891">
        <ele>132</ele>
        <time>2026-06-27T13:19:45Z</time>
        <hdop>1.5</hdop>
      </trkpt>
      <trkpt lat="53.6661643" lon="23.7726891">
        <ele>132</ele>
        <time>2026-06-27T13:19:56Z</time>
        <hdop>2</hdop>
      </trkpt>
      <trkpt lat="53.6661643" lon="23.7726891">
        <ele>132</ele>
        <time>2026-06-27T13:20:07Z</time>
        <hdop>2</hdop>
      </trkpt>
      <trkpt lat="53.6661643" lon="23.7726891">
        <ele>132</ele>
        <time>2026-06-27T13:20:18Z</time>
        <hdop>1.5</hdop>
      </trkpt>
      <trkpt lat="53.6661643" lon="23.7726891">
        <ele>132</ele>
        <time>2026-06-27T13:20:29Z</time>
        <hdop>2</hdop>
      </trkpt>
      <trkpt lat="53.6661643" lon="23.7726891">
        <ele>132</ele>
        <time>2026-06-27T13:20:40Z</time>
        <hdop>1.5</hdop>
      </trkpt>
      <trkpt lat="53.6661643" lon="23.7726891">
        <ele>132</ele>
        <time>2026-06-27T13:20:51Z</time>
        <hdop>2</hdop>
      </trkpt>
      <trkpt lat="53.6661643" lon="23.7726891">
        <ele>132</ele>
        <time>2026-06-27T13:21:02Z</time>
        <hdop>2</hdop>
      </trkpt>
      <trkpt lat="53.6661643" lon="23.7726891">
        <ele>132</ele>
        <time>2026-06-27T13:21:13Z</time>
        <hdop>1.5</hdop>
      </trkpt>
      <trkpt lat="53.6661643" lon="23.7726891">
        <ele>132</ele>
        <time>2026-06-27T13:21:24Z</time>
        <hdop>1.5</hdop>
      </trkpt>
      <trkpt lat="53.6661819" lon="23.7726928">
        <ele>133</ele>
        <time>2026-06-27T13:21:35Z</time>
        <hdop>2</hdop>
        <extensions>
          <osmand:speed>0.4</osmand:speed>
        </extensions>
      </trkpt>
      <trkpt lat="53.6662617" lon="23.7727024">
        <ele>133</ele>
        <time>2026-06-27T13:21:46Z</time>
        <hdop>2</hdop>
        <extensions>
          <osmand:speed>0.4</osmand:speed>
        </extensions>
      </trkpt>
      <trkpt lat="53.666311" lon="23.7726938">
        <ele>136</ele>
        <time>2026-06-27T13:21:57Z</time>
        <hdop>2.5</hdop>
      </trkpt>
      <trkpt lat="53.6664005" lon="23.7726548">
        <ele>136</ele>
        <time>2026-06-27T13:22:08Z</time>
        <hdop>2</hdop>
      </trkpt>
      <trkpt lat="53.6664639" lon="23.7725994">
        <ele>135</ele>
        <time>2026-06-27T13:22:19Z</time>
        <hdop>2</hdop>
        <extensions>
          <osmand:speed>0.5</osmand:speed>
        </extensions>
      </trkpt>
      <trkpt lat="53.6665298" lon="23.7725196">
        <ele>134</ele>
        <time>2026-06-27T13:22:30Z</time>
        <hdop>2.5</hdop>
        <extensions>
          <osmand:speed>0.7</osmand:speed>
        </extensions>
      </trkpt>
      <trkpt lat="53.6665833" lon="23.7724579">
        <ele>134</ele>
        <time>2026-06-27T13:22:41Z</time>
        <hdop>2</hdop>
        <extensions>
          <osmand:speed>0.8</osmand:speed>
        </extensions>
      </trkpt>
      <trkpt lat="53.666642" lon="23.7723657">
        <ele>133</ele>
        <time>2026-06-27T13:22:52Z</time>
        <hdop>1.5</hdop>
      </trkpt>
      <trkpt lat="53.6666906" lon="23.7722772">
        <ele>132</ele>
        <time>2026-06-27T13:23:03Z</time>
        <hdop>1.5</hdop>
        <extensions>
          <osmand:speed>0.6</osmand:speed>
        </extensions>
      </trkpt>
      <trkpt lat="53.6667318" lon="23.7721577">
        <ele>132</ele>
        <time>2026-06-27T13:23:14Z</time>
        <hdop>2</hdop>
        <extensions>
          <osmand:speed>0.7</osmand:speed>
        </extensions>
      </trkpt>
      <trkpt lat="53.6667772" lon="23.7720628">
        <ele>132</ele>
        <time>2026-06-27T13:23:25Z</time>
        <hdop>1.5</hdop>
        <extensions>
          <osmand:speed>0.6</osmand:speed>
        </extensions>
      </trkpt>
      <trkpt lat="53.6668114" lon="23.7719747">
        <ele>134</ele>
        <time>2026-06-27T13:23:36Z</time>
        <hdop>2</hdop>
        <extensions>
          <osmand:speed>0.4</osmand:speed>
        </extensions>
      </trkpt>
      <trkpt lat="53.6668178" lon="23.7719078">
        <ele>134</ele>
        <time>2026-06-27T13:23:47Z</time>
        <hdop>2</hdop>
        <extensions>
          <osmand:speed>0.4</osmand:speed>
        </extensions>
      </trkpt>
      <trkpt lat="53.6668113" lon="23.7718396">
        <ele>134</ele>
        <time>2026-06-27T13:23:58Z</time>
        <hdop>2</hdop>
        <extensions>
          <osmand:speed>0</osmand:speed>
        </extensions>
      </trkpt>
      <trkpt lat="53.6668076" lon="23.7718286">
        <ele>136</ele>
        <time>2026-06-27T13:24:09Z</time>
        <hdop>2</hdop>
      </trkpt>
      <trkpt lat="53.6668139" lon="23.7717352">
        <ele>137</ele>
        <time>2026-06-27T13:24:20Z</time>
        <hdop>2.5</hdop>
        <extensions>
          <osmand:speed>0.3</osmand:speed>
        </extensions>
      </trkpt>
      <trkpt lat="53.6668321" lon="23.7716406">
        <ele>134</ele>
        <time>2026-06-27T13:24:31Z</time>
        <hdop>2.5</hdop>
        <extensions>
          <osmand:speed>0.8</osmand:speed>
        </extensions>
      </trkpt>
      <trkpt lat="53.6668256" lon="23.7716406">
        <ele>135</ele>
        <time>2026-06-27T13:24:42Z</time>
        <hdop>2</hdop>
      </trkpt>
      <trkpt lat="53.6668008" lon="23.771651">
        <ele>137</ele>
        <time>2026-06-27T13:24:53Z</time>
        <hdop>2</hdop>
      </trkpt>
      <trkpt lat="53.6668104" lon="23.771678">
        <ele>135</ele>
        <time>2026-06-27T13:25:04Z</time>
        <hdop>2</hdop>
        <extensions>
          <osmand:speed>1</osmand:speed>
        </extensions>
      </trkpt>
      <trkpt lat="53.6668704" lon="23.7716175">
        <ele>135</ele>
        <time>2026-06-27T13:25:15Z</time>
        <hdop>2</hdop>
        <extensions>
          <osmand:speed>0.5</osmand:speed>
        </extensions>
      </trkpt>
      <trkpt lat="53.666915" lon="23.7714788">
        <ele>133</ele>
        <time>2026-06-27T13:25:26Z</time>
        <hdop>2</hdop>
        <extensions>
          <osmand:speed>0.5</osmand:speed>
        </extensions>
      </trkpt>
      <trkpt lat="53.6669333" lon="23.7714247">
        <ele>134</ele>
        <time>2026-06-27T13:25:37Z</time>
        <hdop>2.5</hdop>
      </trkpt>
      <trkpt lat="53.6669609" lon="23.7714317">
        <ele>132</ele>
        <time>2026-06-27T13:25:48Z</time>
        <hdop>2</hdop>
        <extensions>
          <osmand:speed>1.4</osmand:speed>
        </extensions>
      </trkpt>
      <trkpt lat="53.6670013" lon="23.7714096">
        <ele>134</ele>
        <time>2026-06-27T13:25:59Z</time>
        <hdop>2.5</hdop>
        <extensions>
          <osmand:speed>0.5</osmand:speed>
        </extensions>
      </trkpt>
      <trkpt lat="53.6670446" lon="23.7713935">
        <ele>133</ele>
        <time>2026-06-27T13:26:10Z</time>
        <hdop>3</hdop>
      </trkpt>
      <trkpt lat="53.6670446" lon="23.7713935">
        <ele>133</ele>
        <time>2026-06-27T13:26:21Z</time>
        <hdop>3</hdop>
      </trkpt>
      <trkpt lat="53.6670517" lon="23.7714253">
        <ele>130</ele>
        <time>2026-06-27T13:26:32Z</time>
        <hdop>3</hdop>
      </trkpt>
      <trkpt lat="53.6670398" lon="23.7714067">
        <ele>130</ele>
        <time>2026-06-27T13:26:43Z</time>
        <hdop>3</hdop>
        <extensions>
          <osmand:speed>0.1</osmand:speed>
        </extensions>
      </trkpt>
      <trkpt lat="53.6670397" lon="23.7714064">
        <ele>130</ele>
        <time>2026-06-27T13:26:54Z</time>
        <hdop>3</hdop>
      </trkpt>
      <trkpt lat="53.6670397" lon="23.7714064">
        <ele>130</ele>
        <time>2026-06-27T13:27:05Z</time>
        <hdop>3</hdop>
      </trkpt>
      <trkpt lat="53.6670397" lon="23.7714064">
        <ele>130</ele>
        <time>2026-06-27T13:27:16Z</time>
        <hdop>2.5</hdop>
      </trkpt>
      <trkpt lat="53.6670397" lon="23.7714064">
        <ele>130</ele>
        <time>2026-06-27T13:27:27Z</time>
        <hdop>2.5</hdop>
      </trkpt>
      <trkpt lat="53.6670397" lon="23.7714064">
        <ele>130</ele>
        <time>2026-06-27T13:27:38Z</time>
        <hdop>2</hdop>
      </trkpt>
      <trkpt lat="53.6670397" lon="23.7714064">
        <ele>130</ele>
        <time>2026-06-27T13:27:49Z</time>
        <hdop>2</hdop>
      </trkpt>
      <trkpt lat="53.6670397" lon="23.7714064">
        <ele>130</ele>
        <time>2026-06-27T13:28:00Z</time>
        <hdop>1.5</hdop>
      </trkpt>
      <trkpt lat="53.6670397" lon="23.7714064">
        <ele>130</ele>
        <time>2026-06-27T13:28:11Z</time>
        <hdop>2</hdop>
      </trkpt>
      <trkpt lat="53.6670397" lon="23.7714064">
        <ele>130</ele>
        <time>2026-06-27T13:28:22Z</time>
        <hdop>2</hdop>
      </trkpt>
      <trkpt lat="53.667032" lon="23.7714049">
        <ele>131</ele>
        <time>2026-06-27T13:28:33Z</time>
        <hdop>2.5</hdop>
      </trkpt>
      <trkpt lat="53.6669572" lon="23.7714612">
        <ele>131</ele>
        <time>2026-06-27T13:28:44Z</time>
        <hdop>2</hdop>
        <extensions>
          <osmand:speed>1.9</osmand:speed>
        </extensions>
      </trkpt>
      <trkpt lat="53.6668276" lon="23.7717702">
        <ele>131</ele>
        <time>2026-06-27T13:28:55Z</time>
        <hdop>2.5</hdop>
        <extensions>
          <osmand:speed>3.3</osmand:speed>
        </extensions>
      </trkpt>
      <trkpt lat="53.6669434" lon="23.7721421">
        <ele>130</ele>
        <time>2026-06-27T13:29:06Z</time>
        <hdop>2.5</hdop>
        <extensions>
          <osmand:speed>2.6</osmand:speed>
        </extensions>
      </trkpt>
      <trkpt lat="53.6669642" lon="23.7725759">
        <ele>131</ele>
        <time>2026-06-27T13:29:17Z</time>
        <hdop>2.5</hdop>
        <extensions>
          <osmand:speed>2.2</osmand:speed>
        </extensions>
      </trkpt>
      <trkpt lat="53.6669988" lon="23.7729">
        <ele>132</ele>
        <time>2026-06-27T13:29:28Z</time>
        <hdop>2.5</hdop>
        <extensions>
          <osmand:speed>2</osmand:speed>
        </extensions>
      </trkpt>
      <trkpt lat="53.6670216" lon="23.7732235">
        <ele>135</ele>
        <time>2026-06-27T13:29:39Z</time>
        <hdop>2.5</hdop>
        <extensions>
          <osmand:speed>1.5</osmand:speed>
        </extensions>
      </trkpt>
      <trkpt lat="53.6670319" lon="23.7735112">
        <ele>137</ele>
        <time>2026-06-27T13:29:50Z</time>
        <hdop>3</hdop>
        <extensions>
          <osmand:speed>1.4</osmand:speed>
        </extensions>
      </trkpt>
      <trkpt lat="53.6670384" lon="23.7737238">
        <ele>140</ele>
        <time>2026-06-27T13:30:01Z</time>
        <hdop>2.5</hdop>
        <extensions>
          <osmand:speed>0.9</osmand:speed>
        </extensions>
      </trkpt>
      <trkpt lat="53.6669984" lon="23.7737817">
        <ele>141</ele>
        <time>2026-06-27T13:30:12Z</time>
        <hdop>2.5</hdop>
      </trkpt>
      <trkpt lat="53.6670632" lon="23.7738075">
        <ele>141</ele>
        <time>2026-06-27T13:30:23Z</time>
        <hdop>2.5</hdop>
        <extensions>
          <osmand:speed>2.6</osmand:speed>
        </extensions>
      </trkpt>
      <trkpt lat="53.6673546" lon="23.7740904">
        <ele>141</ele>
        <time>2026-06-27T13:30:34Z</time>
        <hdop>3</hdop>
        <extensions>
          <osmand:speed>2.8</osmand:speed>
        </extensions>
      </trkpt>
      <trkpt lat="53.6674445" lon="23.7745629">
        <ele>137</ele>
        <time>2026-06-27T13:30:45Z</time>
        <hdop>3.5</hdop>
        <extensions>
          <osmand:speed>3.9</osmand:speed>
        </extensions>
      </trkpt>
      <trkpt lat="53.6676335" lon="23.7751913">
        <ele>134</ele>
        <time>2026-06-27T13:30:56Z</time>
        <hdop>2</hdop>
        <extensions>
          <osmand:speed>4.3</osmand:speed>
        </extensions>
      </trkpt>
      <trkpt lat="53.6677371" lon="23.775692">
        <ele>138</ele>
        <time>2026-06-27T13:31:07Z</time>
        <hdop>2.5</hdop>
        <extensions>
          <osmand:speed>3</osmand:speed>
        </extensions>
      </trkpt>
      <trkpt lat="53.6678272" lon="23.7761495">
        <ele>140</ele>
        <time>2026-06-27T13:31:18Z</time>
        <hdop>3</hdop>
        <extensions>
          <osmand:speed>2</osmand:speed>
        </extensions>
      </trkpt>
      <trkpt lat="53.6678578" lon="23.7765247">
        <ele>142</ele>
        <time>2026-06-27T13:31:29Z</time>
        <hdop>2.5</hdop>
        <extensions>
          <osmand:speed>1.3</osmand:speed>
        </extensions>
      </trkpt>
      <trkpt lat="53.6678259" lon="23.7768916">
        <ele>144</ele>
        <time>2026-06-27T13:31:40Z</time>
        <hdop>2.5</hdop>
        <extensions>
          <osmand:speed>1.7</osmand:speed>
        </extensions>
      </trkpt>
      <trkpt lat="53.667794" lon="23.7771161">
        <ele>143</ele>
        <time>2026-06-27T13:31:51Z</time>
        <hdop>2.5</hdop>
      </trkpt>
      <trkpt lat="53.6677939" lon="23.7771164">
        <ele>143</ele>
        <time>2026-06-27T13:32:02Z</time>
        <hdop>2</hdop>
      </trkpt>
      <trkpt lat="53.6680577" lon="23.7770962">
        <ele>139</ele>
        <time>2026-06-27T13:32:13Z</time>
        <hdop>2</hdop>
        <extensions>
          <osmand:speed>5</osmand:speed>
        </extensions>
      </trkpt>
      <trkpt lat="53.6683519" lon="23.7779622">
        <ele>134</ele>
        <time>2026-06-27T13:32:24Z</time>
        <hdop>2.5</hdop>
        <extensions>
          <osmand:speed>6.9</osmand:speed>
        </extensions>
      </trkpt>
      <trkpt lat="53.6681813" lon="23.7790301">
        <ele>131</ele>
        <time>2026-06-27T13:32:35Z</time>
        <hdop>1.5</hdop>
        <extensions>
          <osmand:speed>6.7</osmand:speed>
        </extensions>
      </trkpt>
      <trkpt lat="53.6679276" lon="23.7795953">
        <ele>127</ele>
        <time>2026-06-27T13:32:46Z</time>
        <hdop>1.5</hdop>
        <extensions>
          <osmand:speed>4.5</osmand:speed>
        </extensions>
      </trkpt>
      <trkpt lat="53.66818" lon="23.7802065">
        <ele>126</ele>
        <time>2026-06-27T13:32:57Z</time>
        <hdop>1.5</hdop>
        <extensions>
          <osmand:speed>4.6</osmand:speed>
        </extensions>
      </trkpt>
      <trkpt lat="53.6683533" lon="23.7808196">
        <ele>124</ele>
        <time>2026-06-27T13:33:08Z</time>
        <hdop>1.5</hdop>
        <extensions>
          <osmand:speed>3.5</osmand:speed>
        </extensions>
      </trkpt>
      <trkpt lat="53.6682541" lon="23.7812243">
        <ele>125</ele>
        <time>2026-06-27T13:33:19Z</time>
        <hdop>2</hdop>
        <extensions>
          <osmand:speed>0.5</osmand:speed>
        </extensions>
      </trkpt>
      <trkpt lat="53.6682645" lon="23.7812162">
        <ele>124</ele>
        <time>2026-06-27T13:33:30Z</time>
        <hdop>2</hdop>
      </trkpt>
      <trkpt lat="53.6682645" lon="23.7812162">
        <ele>124</ele>
        <time>2026-06-27T13:33:41Z</time>
        <hdop>2</hdop>
      </trkpt>
      <trkpt lat="53.6682645" lon="23.7812162">
        <ele>124</ele>
        <time>2026-06-27T13:33:52Z</time>
        <hdop>2</hdop>
      </trkpt>
      <trkpt lat="53.6682645" lon="23.7812162">
        <ele>124</ele>
        <time>2026-06-27T13:34:03Z</time>
        <hdop>2</hdop>
      </trkpt>
      <trkpt lat="53.6682645" lon="23.7812162">
        <ele>124</ele>
        <time>2026-06-27T13:34:14Z</time>
        <hdop>2</hdop>
      </trkpt>
      <trkpt lat="53.6682645" lon="23.7812162">
        <ele>124</ele>
        <time>2026-06-27T13:34:25Z</time>
        <hdop>2</hdop>
      </trkpt>
      <trkpt lat="53.6682645" lon="23.7812162">
        <ele>124</ele>
        <time>2026-06-27T13:34:36Z</time>
        <hdop>2</hdop>
      </trkpt>
      <trkpt lat="53.6682645" lon="23.7812162">
        <ele>124</ele>
        <time>2026-06-27T13:34:47Z</time>
        <hdop>2</hdop>
      </trkpt>
      <trkpt lat="53.6682645" lon="23.7812162">
        <ele>124</ele>
        <time>2026-06-27T13:34:58Z</time>
        <hdop>2.5</hdop>
      </trkpt>
      <trkpt lat="53.6682645" lon="23.7812162">
        <ele>124</ele>
        <time>2026-06-27T13:35:09Z</time>
        <hdop>2</hdop>
      </trkpt>
      <trkpt lat="53.6682645" lon="23.7812162">
        <ele>124</ele>
        <time>2026-06-27T13:35:20Z</time>
        <hdop>2</hdop>
      </trkpt>
      <trkpt lat="53.6682645" lon="23.7812162">
        <ele>124</ele>
        <time>2026-06-27T13:35:31Z</time>
        <hdop>2</hdop>
      </trkpt>
      <trkpt lat="53.6682645" lon="23.7812162">
        <ele>124</ele>
        <time>2026-06-27T13:35:42Z</time>
        <hdop>2</hdop>
      </trkpt>
      <trkpt lat="53.6682645" lon="23.7812162">
        <ele>124</ele>
        <time>2026-06-27T13:35:53Z</time>
        <hdop>2</hdop>
      </trkpt>
      <trkpt lat="53.6682645" lon="23.7812162">
        <ele>124</ele>
        <time>2026-06-27T13:36:04Z</time>
        <hdop>1.5</hdop>
      </trkpt>
      <trkpt lat="53.6682645" lon="23.7812162">
        <ele>124</ele>
        <time>2026-06-27T13:36:15Z</time>
        <hdop>1.5</hdop>
      </trkpt>
      <trkpt lat="53.6682645" lon="23.7812162">
        <ele>124</ele>
        <time>2026-06-27T13:36:26Z</time>
        <hdop>1.5</hdop>
      </trkpt>
      <trkpt lat="53.6682489" lon="23.7812156">
        <ele>124</ele>
        <time>2026-06-27T13:36:37Z</time>
        <hdop>1.5</hdop>
        <extensions>
          <osmand:speed>0.3</osmand:speed>
        </extensions>
      </trkpt>
      <trkpt lat="53.668244" lon="23.7812309">
        <ele>125</ele>
        <time>2026-06-27T13:36:48Z</time>
        <hdop>2</hdop>
      </trkpt>
      <trkpt lat="53.6682245" lon="23.7813042">
        <ele>125</ele>
        <time>2026-06-27T13:36:59Z</time>
        <hdop>2.5</hdop>
        <extensions>
          <osmand:speed>1.5</osmand:speed>
        </extensions>
      </trkpt>
      <trkpt lat="53.6681288" lon="23.7816874">
        <ele>126</ele>
        <time>2026-06-27T13:37:10Z</time>
        <hdop>2.5</hdop>
        <extensions>
          <osmand:speed>2.8</osmand:speed>
        </extensions>
      </trkpt>
      <trkpt lat="53.6679271" lon="23.7820377">
        <ele>127</ele>
        <time>2026-06-27T13:37:21Z</time>
        <hdop>3</hdop>
        <extensions>
          <osmand:speed>3.2</osmand:speed>
        </extensions>
      </trkpt>
      <trkpt lat="53.6677541" lon="23.7823376">
        <ele>129</ele>
        <time>2026-06-27T13:37:32Z</time>
        <hdop>2.5</hdop>
        <extensions>
          <osmand:speed>2.2</osmand:speed>
        </extensions>
      </trkpt>
      <trkpt lat="53.6678888" lon="23.782561">
        <ele>132</ele>
        <time>2026-06-27T13:37:43Z</time>
        <hdop>3</hdop>
        <extensions>
          <osmand:speed>1.6</osmand:speed>
        </extensions>
      </trkpt>
      <trkpt lat="53.6681293" lon="23.7826092">
        <ele>134</ele>
        <time>2026-06-27T13:37:54Z</time>
        <hdop>3</hdop>
        <extensions>
          <osmand:speed>1.5</osmand:speed>
        </extensions>
      </trkpt>
      <trkpt lat="53.6681414" lon="23.782635">
        <ele>134</ele>
        <time>2026-06-27T13:38:05Z</time>
        <hdop>3</hdop>
      </trkpt>
      <trkpt lat="53.6684379" lon="23.7828323">
        <ele>130</ele>
        <time>2026-06-27T13:38:16Z</time>
        <hdop>3</hdop>
        <extensions>
          <osmand:speed>4.3</osmand:speed>
        </extensions>
      </trkpt>
      <trkpt lat="53.6688686" lon="23.7831287">
        <ele>128</ele>
        <time>2026-06-27T13:38:27Z</time>
        <hdop>3.5</hdop>
        <extensions>
          <osmand:speed>2.3</osmand:speed>
        </extensions>
      </trkpt>
      <trkpt lat="53.6692885" lon="23.7831714">
        <ele>128</ele>
        <time>2026-06-27T13:38:38Z</time>
        <hdop>2</hdop>
        <extensions>
          <osmand:speed>4.8</osmand:speed>
        </extensions>
      </trkpt>
      <trkpt lat="53.6696172" lon="23.7831739">
        <ele>130</ele>
        <time>2026-06-27T13:38:49Z</time>
        <hdop>2</hdop>
        <extensions>
          <osmand:speed>2.3</osmand:speed>
        </extensions>
      </trkpt>
      <trkpt lat="53.669651" lon="23.7832306">
        <ele>128</ele>
        <time>2026-06-27T13:39:00Z</time>
        <hdop>2.5</hdop>
        <extensions>
          <osmand:speed>1.6</osmand:speed>
        </extensions>
      </trkpt>
      <trkpt lat="53.6692983" lon="23.7833217">
        <ele>126</ele>
        <time>2026-06-27T13:39:11Z</time>
        <hdop>3</hdop>
        <extensions>
          <osmand:speed>2.3</osmand:speed>
        </extensions>
      </trkpt>
      <trkpt lat="53.6692996" lon="23.783407">
        <ele>127</ele>
        <time>2026-06-27T13:39:22Z</time>
        <hdop>3.5</hdop>
      </trkpt>
      <trkpt lat="53.6692996" lon="23.783407">
        <ele>127</ele>
        <time>2026-06-27T13:39:33Z</time>
        <hdop>2.5</hdop>
      </trkpt>
      <trkpt lat="53.6692911" lon="23.7833659">
        <ele>128</ele>
        <time>2026-06-27T13:39:44Z</time>
        <hdop>3</hdop>
        <extensions>
          <osmand:speed>0.4</osmand:speed>
        </extensions>
      </trkpt>
      <trkpt lat="53.669119" lon="23.7833063">
        <ele>127</ele>
        <time>2026-06-27T13:39:55Z</time>
        <hdop>2.5</hdop>
        <extensions>
          <osmand:speed>1.2</osmand:speed>
        </extensions>
      </trkpt>
      <trkpt lat="53.6689046" lon="23.7832408">
        <ele>126</ele>
        <time>2026-06-27T13:40:06Z</time>
        <hdop>2.5</hdop>
        <extensions>
          <osmand:speed>1.9</osmand:speed>
        </extensions>
      </trkpt>
      <trkpt lat="53.668871" lon="23.7831706">
        <ele>124</ele>
        <time>2026-06-27T13:40:17Z</time>
        <hdop>3</hdop>
      </trkpt>
      <trkpt lat="53.668871" lon="23.7831706">
        <ele>124</ele>
        <time>2026-06-27T13:40:28Z</time>
        <hdop>2.5</hdop>
      </trkpt>
      <trkpt lat="53.6688418" lon="23.7831647">
        <ele>124</ele>
        <time>2026-06-27T13:40:39Z</time>
        <hdop>2.5</hdop>
        <extensions>
          <osmand:speed>2.1</osmand:speed>
        </extensions>
      </trkpt>
      <trkpt lat="53.6685064" lon="23.7829817">
        <ele>115</ele>
        <time>2026-06-27T13:40:50Z</time>
        <hdop>3</hdop>
        <extensions>
          <osmand:speed>3.6</osmand:speed>
        </extensions>
      </trkpt>
      <trkpt lat="53.6682936" lon="23.7827124">
        <ele>103</ele>
        <time>2026-06-27T13:41:01Z</time>
        <hdop>3</hdop>
        <extensions>
          <osmand:speed>4.2</osmand:speed>
        </extensions>
      </trkpt>
      <trkpt lat="53.6687914" lon="23.7823854">
        <ele>118</ele>
        <time>2026-06-27T13:41:12Z</time>
        <hdop>2.5</hdop>
        <extensions>
          <osmand:speed>2.5</osmand:speed>
        </extensions>
      </trkpt>
      <trkpt lat="53.6688246" lon="23.7823681">
        <ele>119</ele>
        <time>2026-06-27T13:41:23Z</time>
        <hdop>2.5</hdop>
      </trkpt>
      <trkpt lat="53.6688374" lon="23.7823526">
        <ele>119</ele>
        <time>2026-06-27T13:41:34Z</time>
        <hdop>2.5</hdop>
        <extensions>
          <osmand:speed>1.2</osmand:speed>
        </extensions>
      </trkpt>
      <trkpt lat="53.6691162" lon="23.7821869">
        <ele>121</ele>
        <time>2026-06-27T13:41:45Z</time>
        <hdop>2.5</hdop>
        <extensions>
          <osmand:speed>3.4</osmand:speed>
        </extensions>
      </trkpt>
      <trkpt lat="53.6693551" lon="23.7819306">
        <ele>123</ele>
        <time>2026-06-27T13:41:56Z</time>
        <hdop>2</hdop>
        <extensions>
          <osmand:speed>3.1</osmand:speed>
        </extensions>
      </trkpt>
      <trkpt lat="53.6696529" lon="23.7817858">
        <ele>123</ele>
        <time>2026-06-27T13:42:07Z</time>
        <hdop>2.5</hdop>
        <extensions>
          <osmand:speed>1.3</osmand:speed>
        </extensions>
      </trkpt>
      <trkpt lat="53.6698415" lon="23.7818611">
        <ele>123</ele>
        <time>2026-06-27T13:42:18Z</time>
        <hdop>3</hdop>
        <extensions>
          <osmand:speed>2.7</osmand:speed>
        </extensions>
      </trkpt>
      <trkpt lat="53.6702347" lon="23.7820249">
        <ele>124</ele>
        <time>2026-06-27T13:42:29Z</time>
        <hdop>3</hdop>
        <extensions>
          <osmand:speed>2.7</osmand:speed>
        </extensions>
      </trkpt>
      <trkpt lat="53.6705534" lon="23.7821169">
        <ele>126</ele>
        <time>2026-06-27T13:42:40Z</time>
        <hdop>2.5</hdop>
        <extensions>
          <osmand:speed>1.8</osmand:speed>
        </extensions>
      </trkpt>
      <trkpt lat="53.6706571" lon="23.7823192">
        <ele>126</ele>
        <time>2026-06-27T13:42:51Z</time>
        <hdop>2.5</hdop>
        <extensions>
          <osmand:speed>2</osmand:speed>
        </extensions>
      </trkpt>
      <trkpt lat="53.6706557" lon="23.7827916">
        <ele>126</ele>
        <time>2026-06-27T13:43:02Z</time>
        <hdop>2.5</hdop>
        <extensions>
          <osmand:speed>3.1</osmand:speed>
        </extensions>
      </trkpt>
      <trkpt lat="53.6708146" lon="23.7832728">
        <ele>127</ele>
        <time>2026-06-27T13:43:13Z</time>
        <hdop>2.5</hdop>
        <extensions>
          <osmand:speed>3.4</osmand:speed>
        </extensions>
      </trkpt>
      <trkpt lat="53.6711104" lon="23.7836074">
        <ele>127</ele>
        <time>2026-06-27T13:43:24Z</time>
        <hdop>2.5</hdop>
        <extensions>
          <osmand:speed>3.4</osmand:speed>
        </extensions>
      </trkpt>
      <trkpt lat="53.6713788" lon="23.7838346">
        <ele>129</ele>
        <time>2026-06-27T13:43:35Z</time>
        <hdop>2.5</hdop>
        <extensions>
          <osmand:speed>3</osmand:speed>
        </extensions>
      </trkpt>
      <trkpt lat="53.6716756" lon="23.7836463">
        <ele>129</ele>
        <time>2026-06-27T13:43:46Z</time>
        <hdop>2</hdop>
        <extensions>
          <osmand:speed>3</osmand:speed>
        </extensions>
      </trkpt>
      <trkpt lat="53.6719886" lon="23.783248">
        <ele>127</ele>
        <time>2026-06-27T13:43:57Z</time>
        <hdop>2</hdop>
        <extensions>
          <osmand:speed>4.8</osmand:speed>
        </extensions>
      </trkpt>
      <trkpt lat="53.6722184" lon="23.7827758">
        <ele>126</ele>
        <time>2026-06-27T13:44:08Z</time>
        <hdop>2</hdop>
        <extensions>
          <osmand:speed>1.9</osmand:speed>
        </extensions>
      </trkpt>
      <trkpt lat="53.6723331" lon="23.7823354">
        <ele>126</ele>
        <time>2026-06-27T13:44:19Z</time>
        <hdop>2.5</hdop>
        <extensions>
          <osmand:speed>3</osmand:speed>
        </extensions>
      </trkpt>
      <trkpt lat="53.6723999" lon="23.7820524">
        <ele>127</ele>
        <time>2026-06-27T13:44:30Z</time>
        <hdop>3</hdop>
        <extensions>
          <osmand:speed>0.4</osmand:speed>
        </extensions>
      </trkpt>
      <trkpt lat="53.6723894" lon="23.782062">
        <ele>128</ele>
        <time>2026-06-27T13:44:41Z</time>
        <hdop>3</hdop>
      </trkpt>
      <trkpt lat="53.6723894" lon="23.782062">
        <ele>128</ele>
        <time>2026-06-27T13:44:52Z</time>
        <hdop>3.5</hdop>
      </trkpt>
      <trkpt lat="53.6723894" lon="23.782062">
        <ele>128</ele>
        <time>2026-06-27T13:45:03Z</time>
        <hdop>3</hdop>
      </trkpt>
      <trkpt lat="53.6723894" lon="23.782062">
        <ele>128</ele>
        <time>2026-06-27T13:45:14Z</time>
        <hdop>3</hdop>
      </trkpt>
      <trkpt lat="53.6723894" lon="23.782062">
        <ele>128</ele>
        <time>2026-06-27T13:45:25Z</time>
        <hdop>3</hdop>
      </trkpt>
      <trkpt lat="53.6723894" lon="23.782062">
        <ele>128</ele>
        <time>2026-06-27T13:45:36Z</time>
        <hdop>2.5</hdop>
      </trkpt>
      <trkpt lat="53.6723779" lon="23.7820621">
        <ele>128</ele>
        <time>2026-06-27T13:45:47Z</time>
        <hdop>3</hdop>
        <extensions>
          <osmand:speed>0.2</osmand:speed>
        </extensions>
      </trkpt>
      <trkpt lat="53.6723756" lon="23.7820595">
        <ele>128</ele>
        <time>2026-06-27T13:45:58Z</time>
        <hdop>2</hdop>
      </trkpt>
      <trkpt lat="53.6723713" lon="23.7820623">
        <ele>128</ele>
        <time>2026-06-27T13:46:09Z</time>
        <hdop>2.5</hdop>
        <extensions>
          <osmand:speed>1.1</osmand:speed>
        </extensions>
      </trkpt>
      <trkpt lat="53.6723977" lon="23.7816637">
        <ele>128</ele>
        <time>2026-06-27T13:46:20Z</time>
        <hdop>2.5</hdop>
        <extensions>
          <osmand:speed>2.6</osmand:speed>
        </extensions>
      </trkpt>
      <trkpt lat="53.6724269" lon="23.7814571">
        <ele>128</ele>
        <time>2026-06-27T13:46:32Z</time>
        <hdop>1.5</hdop>
      </trkpt>
      <trkpt lat="53.6724274" lon="23.7814498">
        <ele>128</ele>
        <time>2026-06-27T13:46:43Z</time>
        <hdop>2</hdop>
        <extensions>
          <osmand:speed>1.1</osmand:speed>
        </extensions>
      </trkpt>
      <trkpt lat="53.6725356" lon="23.7811175">
        <ele>124</ele>
        <time>2026-06-27T13:46:54Z</time>
        <hdop>3</hdop>
        <extensions>
          <osmand:speed>2.7</osmand:speed>
        </extensions>
      </trkpt>
      <trkpt lat="53.6726508" lon="23.7805898">
        <ele>125</ele>
        <time>2026-06-27T13:47:05Z</time>
        <hdop>3</hdop>
        <extensions>
          <osmand:speed>3.4</osmand:speed>
        </extensions>
      </trkpt>
      <trkpt lat="53.6727627" lon="23.7800778">
        <ele>125</ele>
        <time>2026-06-27T13:47:16Z</time>
        <hdop>3</hdop>
        <extensions>
          <osmand:speed>3.1</osmand:speed>
        </extensions>
      </trkpt>
      <trkpt lat="53.6729679" lon="23.7795966">
        <ele>126</ele>
        <time>2026-06-27T13:47:27Z</time>
        <hdop>2.5</hdop>
        <extensions>
          <osmand:speed>3.3</osmand:speed>
        </extensions>
      </trkpt>
      <trkpt lat="53.6730754" lon="23.7792446">
        <ele>125</ele>
        <time>2026-06-27T13:47:38Z</time>
        <hdop>2.5</hdop>
        <extensions>
          <osmand:speed>0.9</osmand:speed>
        </extensions>
      </trkpt>
      <trkpt lat="53.6729308" lon="23.7788237">
        <ele>125</ele>
        <time>2026-06-27T13:47:49Z</time>
        <hdop>2</hdop>
        <extensions>
          <osmand:speed>3.6</osmand:speed>
        </extensions>
      </trkpt>
      <trkpt lat="53.6727308" lon="23.7783987">
        <ele>124</ele>
        <time>2026-06-27T13:48:00Z</time>
        <hdop>3</hdop>
        <extensions>
          <osmand:speed>1.8</osmand:speed>
        </extensions>
      </trkpt>
      <trkpt lat="53.6726768" lon="23.7782386">
        <ele>125</ele>
        <time>2026-06-27T13:48:11Z</time>
        <hdop>3</hdop>
      </trkpt>
      <trkpt lat="53.6727148" lon="23.7781101">
        <ele>124</ele>
        <time>2026-06-27T13:48:22Z</time>
        <hdop>3.5</hdop>
        <extensions>
          <osmand:speed>1.6</osmand:speed>
        </extensions>
      </trkpt>
      <trkpt lat="53.6729173" lon="23.7777217">
        <ele>122</ele>
        <time>2026-06-27T13:48:33Z</time>
        <hdop>2.5</hdop>
        <extensions>
          <osmand:speed>1.9</osmand:speed>
        </extensions>
      </trkpt>
      <trkpt lat="53.6730686" lon="23.7774978">
        <ele>122</ele>
        <time>2026-06-27T13:48:44Z</time>
        <hdop>3</hdop>
        <extensions>
          <osmand:speed>1.6</osmand:speed>
        </extensions>
      </trkpt>
      <trkpt lat="53.6731201" lon="23.7774662">
        <ele>121</ele>
        <time>2026-06-27T13:48:55Z</time>
        <hdop>3</hdop>
      </trkpt>
      <trkpt lat="53.6731201" lon="23.7774662">
        <ele>121</ele>
        <time>2026-06-27T13:49:06Z</time>
        <hdop>3.5</hdop>
      </trkpt>
      <trkpt lat="53.6731295" lon="23.7774487">
        <ele>121</ele>
        <time>2026-06-27T13:49:17Z</time>
        <hdop>4</hdop>
      </trkpt>
      <trkpt lat="53.6731295" lon="23.7774487">
        <ele>121</ele>
        <time>2026-06-27T13:49:28Z</time>
        <hdop>4.5</hdop>
      </trkpt>
      <trkpt lat="53.6731295" lon="23.7774487">
        <ele>121</ele>
        <time>2026-06-27T13:49:39Z</time>
        <hdop>4</hdop>
      </trkpt>
      <trkpt lat="53.6731295" lon="23.7774487">
        <ele>121</ele>
        <time>2026-06-27T13:49:50Z</time>
        <hdop>4</hdop>
      </trkpt>
      <trkpt lat="53.6731295" lon="23.7774487">
        <ele>121</ele>
        <time>2026-06-27T13:50:01Z</time>
        <hdop>4</hdop>
      </trkpt>
      <trkpt lat="53.6731295" lon="23.7774487">
        <ele>121</ele>
        <time>2026-06-27T13:50:12Z</time>
        <hdop>3.5</hdop>
      </trkpt>
      <trkpt lat="53.6731295" lon="23.7774487">
        <ele>121</ele>
        <time>2026-06-27T13:50:23Z</time>
        <hdop>3.5</hdop>
      </trkpt>
      <trkpt lat="53.6731295" lon="23.7774487">
        <ele>121</ele>
        <time>2026-06-27T13:50:34Z</time>
        <hdop>3.5</hdop>
      </trkpt>
      <trkpt lat="53.6731295" lon="23.7774487">
        <ele>121</ele>
        <time>2026-06-27T13:50:45Z</time>
        <hdop>3.5</hdop>
      </trkpt>
      <trkpt lat="53.6731295" lon="23.7774487">
        <ele>121</ele>
        <time>2026-06-27T13:50:56Z</time>
        <hdop>3.5</hdop>
      </trkpt>
      <trkpt lat="53.6731294" lon="23.7774343">
        <ele>122</ele>
        <time>2026-06-27T13:51:07Z</time>
        <hdop>3</hdop>
      </trkpt>
      <trkpt lat="53.6731294" lon="23.7774343">
        <ele>122</ele>
        <time>2026-06-27T13:51:18Z</time>
        <hdop>2.5</hdop>
      </trkpt>
      <trkpt lat="53.673288" lon="23.777748">
        <ele>122</ele>
        <time>2026-06-27T13:51:29Z</time>
        <hdop>4</hdop>
        <extensions>
          <osmand:speed>1.8</osmand:speed>
        </extensions>
      </trkpt>
      <trkpt lat="53.6733277" lon="23.7777673">
        <ele>122</ele>
        <time>2026-06-27T13:51:40Z</time>
        <hdop>3</hdop>
      </trkpt>
      <trkpt lat="53.6733745" lon="23.7777924">
        <ele>124</ele>
        <time>2026-06-27T13:51:51Z</time>
        <hdop>3</hdop>
        <extensions>
          <osmand:speed>1</osmand:speed>
        </extensions>
      </trkpt>
      <trkpt lat="53.6734204" lon="23.7778069">
        <ele>125</ele>
        <time>2026-06-27T13:52:02Z</time>
        <hdop>3</hdop>
      </trkpt>
      <trkpt lat="53.6734657" lon="23.7778432">
        <ele>126</ele>
        <time>2026-06-27T13:52:13Z</time>
        <hdop>3</hdop>
      </trkpt>
      <trkpt lat="53.6735365" lon="23.7778101">
        <ele>126</ele>
        <time>2026-06-27T13:52:24Z</time>
        <hdop>4</hdop>
        <extensions>
          <osmand:speed>1</osmand:speed>
        </extensions>
      </trkpt>
      <trkpt lat="53.6736456" lon="23.7778247">
        <ele>125</ele>
        <time>2026-06-27T13:52:35Z</time>
        <hdop>3</hdop>
        <extensions>
          <osmand:speed>1.2</osmand:speed>
        </extensions>
      </trkpt>
      <trkpt lat="53.6736556" lon="23.7781195">
        <ele>126</ele>
        <time>2026-06-27T13:52:46Z</time>
        <hdop>3</hdop>
        <extensions>
          <osmand:speed>1.2</osmand:speed>
        </extensions>
      </trkpt>
      <trkpt lat="53.6738291" lon="23.7783492">
        <ele>125</ele>
        <time>2026-06-27T13:52:57Z</time>
        <hdop>2.5</hdop>
        <extensions>
          <osmand:speed>3.5</osmand:speed>
        </extensions>
      </trkpt>
      <trkpt lat="53.6741479" lon="23.7787308">
        <ele>124</ele>
        <time>2026-06-27T13:53:08Z</time>
        <hdop>2.5</hdop>
        <extensions>
          <osmand:speed>4</osmand:speed>
        </extensions>
      </trkpt>
      <trkpt lat="53.6745366" lon="23.7793642">
        <ele>126</ele>
        <time>2026-06-27T13:53:19Z</time>
        <hdop>2</hdop>
        <extensions>
          <osmand:speed>6.1</osmand:speed>
        </extensions>
      </trkpt>
      <trkpt lat="53.6748837" lon="23.7799211">
        <ele>127</ele>
        <time>2026-06-27T13:53:30Z</time>
        <hdop>2</hdop>
        <extensions>
          <osmand:speed>3.4</osmand:speed>
        </extensions>
      </trkpt>
      <trkpt lat="53.6750359" lon="23.7802507">
        <ele>128</ele>
        <time>2026-06-27T13:53:41Z</time>
        <hdop>2.5</hdop>
        <extensions>
          <osmand:speed>3.6</osmand:speed>
        </extensions>
      </trkpt>
      <trkpt lat="53.6750091" lon="23.780686">
        <ele>130</ele>
        <time>2026-06-27T13:53:52Z</time>
        <hdop>2.5</hdop>
        <extensions>
          <osmand:speed>0.4</osmand:speed>
        </extensions>
      </trkpt>
      <trkpt lat="53.6750112" lon="23.7806999">
        <ele>130</ele>
        <time>2026-06-27T13:54:03Z</time>
        <hdop>2.5</hdop>
        <extensions>
          <osmand:speed>0.3</osmand:speed>
        </extensions>
      </trkpt>
      <trkpt lat="53.6752676" lon="23.7810493">
        <ele>130</ele>
        <time>2026-06-27T13:54:14Z</time>
        <hdop>2</hdop>
        <extensions>
          <osmand:speed>5.8</osmand:speed>
        </extensions>
      </trkpt>
      <trkpt lat="53.6752853" lon="23.7821402">
        <ele>128</ele>
        <time>2026-06-27T13:54:25Z</time>
        <hdop>2</hdop>
        <extensions>
          <osmand:speed>7</osmand:speed>
        </extensions>
      </trkpt>
      <trkpt lat="53.6754887" lon="23.7830611">
        <ele>130</ele>
        <time>2026-06-27T13:54:36Z</time>
        <hdop>2.5</hdop>
        <extensions>
          <osmand:speed>4.2</osmand:speed>
        </extensions>
      </trkpt>
      <trkpt lat="53.6753791" lon="23.7834043">
        <ele>131</ele>
        <time>2026-06-27T13:54:47Z</time>
        <hdop>4</hdop>
        <extensions>
          <osmand:speed>0.8</osmand:speed>
        </extensions>
      </trkpt>
      <trkpt lat="53.6752458" lon="23.7835743">
        <ele>136</ele>
        <time>2026-06-27T13:54:58Z</time>
        <hdop>3</hdop>
        <extensions>
          <osmand:speed>1.1</osmand:speed>
        </extensions>
      </trkpt>
      <trkpt lat="53.6751868" lon="23.7837574">
        <ele>141</ele>
        <time>2026-06-27T13:55:09Z</time>
        <hdop>2.5</hdop>
        <extensions>
          <osmand:speed>0.9</osmand:speed>
        </extensions>
      </trkpt>
      <trkpt lat="53.675173" lon="23.7839707">
        <ele>143</ele>
        <time>2026-06-27T13:55:21Z</time>
        <hdop>2.5</hdop>
        <extensions>
          <osmand:speed>2.4</osmand:speed>
        </extensions>
      </trkpt>
      <trkpt lat="53.675073" lon="23.7844567">
        <ele>142</ele>
        <time>2026-06-27T13:55:32Z</time>
        <hdop>3</hdop>
        <extensions>
          <osmand:speed>3.7</osmand:speed>
        </extensions>
      </trkpt>
      <trkpt lat="53.6749013" lon="23.7851825">
        <ele>144</ele>
        <time>2026-06-27T13:55:43Z</time>
        <hdop>2.5</hdop>
        <extensions>
          <osmand:speed>3.6</osmand:speed>
        </extensions>
      </trkpt>
      <trkpt lat="53.6747772" lon="23.7858882">
        <ele>145</ele>
        <time>2026-06-27T13:55:54Z</time>
        <hdop>2</hdop>
        <extensions>
          <osmand:speed>4.5</osmand:speed>
        </extensions>
      </trkpt>
      <trkpt lat="53.6748687" lon="23.7866794">
        <ele>148</ele>
        <time>2026-06-27T13:56:05Z</time>
        <hdop>2.5</hdop>
        <extensions>
          <osmand:speed>5.2</osmand:speed>
        </extensions>
      </trkpt>
      <trkpt lat="53.674915" lon="23.7876419">
        <ele>150</ele>
        <time>2026-06-27T13:56:16Z</time>
        <hdop>3</hdop>
        <extensions>
          <osmand:speed>6.2</osmand:speed>
        </extensions>
      </trkpt>
      <trkpt lat="53.6751117" lon="23.7886607">
        <ele>151</ele>
        <time>2026-06-27T13:56:27Z</time>
        <hdop>3.5</hdop>
        <extensions>
          <osmand:speed>5.5</osmand:speed>
        </extensions>
      </trkpt>
      <trkpt lat="53.6752353" lon="23.7898047">
        <ele>154</ele>
        <time>2026-06-27T13:56:38Z</time>
        <hdop>3</hdop>
        <extensions>
          <osmand:speed>6.8</osmand:speed>
        </extensions>
      </trkpt>
      <trkpt lat="53.6753336" lon="23.7909895">
        <ele>156</ele>
        <time>2026-06-27T13:56:49Z</time>
        <hdop>3</hdop>
        <extensions>
          <osmand:speed>7.7</osmand:speed>
        </extensions>
      </trkpt>
      <trkpt lat="53.675452" lon="23.7922513">
        <ele>156</ele>
        <time>2026-06-27T13:57:00Z</time>
        <hdop>3.5</hdop>
        <extensions>
          <osmand:speed>7.3</osmand:speed>
        </extensions>
      </trkpt>
      <trkpt lat="53.6758972" lon="23.7925004">
        <ele>154</ele>
        <time>2026-06-27T13:57:11Z</time>
        <hdop>3</hdop>
        <extensions>
          <osmand:speed>6.5</osmand:speed>
        </extensions>
      </trkpt>
      <trkpt lat="53.6765269" lon="23.7932391">
        <ele>148</ele>
        <time>2026-06-27T13:57:22Z</time>
        <hdop>4</hdop>
        <extensions>
          <osmand:speed>6.3</osmand:speed>
        </extensions>
      </trkpt>
      <trkpt lat="53.6768973" lon="23.7940375">
        <ele>148</ele>
        <time>2026-06-27T13:57:33Z</time>
        <hdop>3.5</hdop>
        <extensions>
          <osmand:speed>6.8</osmand:speed>
        </extensions>
      </trkpt>
      <trkpt lat="53.6776149" lon="23.7949111">
        <ele>141</ele>
        <time>2026-06-27T13:57:44Z</time>
        <hdop>3</hdop>
        <extensions>
          <osmand:speed>8.2</osmand:speed>
        </extensions>
      </trkpt>
      <trkpt lat="53.6781156" lon="23.7963273">
        <ele>135</ele>
        <time>2026-06-27T13:57:55Z</time>
        <hdop>3</hdop>
        <extensions>
          <osmand:speed>9.4</osmand:speed>
        </extensions>
      </trkpt>
      <trkpt lat="53.6783689" lon="23.7973331">
        <ele>135</ele>
        <time>2026-06-27T13:58:06Z</time>
        <hdop>2.5</hdop>
        <extensions>
          <osmand:speed>5.1</osmand:speed>
        </extensions>
      </trkpt>
      <trkpt lat="53.6785103" lon="23.7975928">
        <ele>131</ele>
        <time>2026-06-27T13:58:17Z</time>
        <hdop>2.5</hdop>
        <extensions>
          <osmand:speed>0.4</osmand:speed>
        </extensions>
      </trkpt>
      <trkpt lat="53.6784776" lon="23.797627">
        <ele>131</ele>
        <time>2026-06-27T13:58:28Z</time>
        <hdop>2.5</hdop>
      </trkpt>
      <trkpt lat="53.6785015" lon="23.79763">
        <ele>132</ele>
        <time>2026-06-27T13:58:39Z</time>
        <hdop>2.5</hdop>
        <extensions>
          <osmand:speed>0.9</osmand:speed>
        </extensions>
      </trkpt>
      <trkpt lat="53.6785002" lon="23.7976225">
        <ele>133</ele>
        <time>2026-06-27T13:58:50Z</time>
        <hdop>2.5</hdop>
      </trkpt>
      <trkpt lat="53.6785972" lon="23.7976355">
        <ele>132</ele>
        <time>2026-06-27T13:59:01Z</time>
        <hdop>2.5</hdop>
      </trkpt>
      <trkpt lat="53.6786412" lon="23.7976759">
        <ele>132</ele>
        <time>2026-06-27T13:59:12Z</time>
        <hdop>3</hdop>
        <extensions>
          <osmand:speed>0.2</osmand:speed>
        </extensions>
      </trkpt>
      <trkpt lat="53.6786414" lon="23.7976753">
        <ele>132</ele>
        <time>2026-06-27T13:59:23Z</time>
        <hdop>2.5</hdop>
      </trkpt>
      <trkpt lat="53.6786414" lon="23.7976753">
        <ele>132</ele>
        <time>2026-06-27T13:59:34Z</time>
        <hdop>2.5</hdop>
      </trkpt>
      <trkpt lat="53.6786565" lon="23.7977215">
        <ele>129</ele>
        <time>2026-06-27T13:59:45Z</time>
        <hdop>4</hdop>
      </trkpt>
    </trkseg>
  </trk>
  <extensions>
    <osmand:show_arrows>false</osmand:show_arrows>
    <osmand:show_start_finish>true</osmand:show_start_finish>
    <osmand:split_interval>0.0</osmand:split_interval>
    <osmand:split_type>no_split</osmand:split_type>
    <osmand:line_3d_visualization_by_type>none</osmand:line_3d_visualization_by_type>
    <osmand:line_3d_visualization_wall_color_type>none</osmand:line_3d_visualization_wall_color_type>
    <osmand:line_3d_visualization_position_type>top</osmand:line_3d_visualization_position_type>
    <osmand:vertical_exaggeration_scale>1.0</osmand:vertical_exaggeration_scale>
    <osmand:elevation_meters>1000.0</osmand:elevation_meters>
    <osmand:color>#FF0000</osmand:color>
    <osmand:width>medium</osmand:width>
    <osmand:coloring_type>solid</osmand:coloring_type>
  </extensions>
</gpx>